timestamp_sec,timestamp_nsec,frame_id,orientation_x,orientation_y,orientation_z,orientation_w,angular_velocity_x,angular_velocity_y,angular_velocity_z,linear_acceleration_x,linear_acceleration_y,linear_acceleration_z
132,915000000,imu1_frame,0.02334252584141418,0.010827654684503927,-0.9900871803111987,0.13807702113239487,-0.005859375,-0.01171875,-0.001953125,0.0005120038986206055,0.0020187199115753174,-0.055426597595214844
132,940000000,imu1_frame,0.02563365962165176,0.009997626457725091,-0.9900235052779275,0.13818980409863246,-0.00390625,-0.00390625,0.005859375,0.04260307550430298,-0.020297899842262268,-0.05357074737548828
132,965000000,imu1_frame,0.023254421622981674,0.01095779895675374,-0.99006728920437,0.13822417069570053,-0.00390625,-0.00390625,0.005859375,-0.0008189678192138672,0.00470423698425293,-0.0906076431274414
132,990000000,imu1_frame,0.025482081647667902,0.009918688677280735,-0.9900106829162623,0.13831533118747485,0.0,-0.00390625,0.00390625,0.0394744873046875,-0.02148108184337616,-0.08890914916992188
133,15000000,imu1_frame,0.023193327749816067,0.010976251250540477,-0.9900550038482144,0.13832093410430235,0.0,-0.001953125,0.00390625,-0.0019361674785614014,0.005179911851882935,-0.09065532684326172
133,40000000,imu1_frame,0.02550237031901979,0.009955492833401384,-0.9899933043655246,0.13843328567214447,0.00390625,0.0,0.005859375,0.03998082876205444,-0.0208858922123909,-0.08887481689453125
133,65000000,imu1_frame,0.02319476618728328,0.010851619266138387,-0.990036309183291,0.13846426138013723,0.00390625,0.0,0.005859375,-0.0022233426570892334,0.0026950985193252563,-0.055550575256347656
133,90000000,imu1_frame,0.025642250060480883,0.010251331073313347,-0.9899679574399599,0.13856705403960462,0.00390625,0.0,0.005859375,0.04350239038467407,-0.015611574053764343,-0.05346202850341797
133,115000000,imu1_frame,0.02316432597684624,0.010871260490828875,-0.9900268333769152,0.13853555100066064,-0.001953125,-0.00390625,0.0,-0.002748340368270874,0.003123342990875244,-0.05557060241699219
133,140000000,imu1_frame,0.02550382196997184,0.010247689433553047,-0.9899677278866728,0.13859450807696558,-0.001953125,-0.005859375,0.001953125,0.04081910848617554,-0.015320882201194763,-0.05360126495361328
133,165000000,imu1_frame,0.023011815040186123,0.010906779467635746,-0.9900228861977683,0.1385863749971162,-0.001953125,-0.005859375,0.001953125,-0.0055946409702301025,0.004199981689453125,-0.05569267272949219
133,190000000,imu1_frame,0.02051591444636829,0.010308901200026683,-0.9900811470157149,0.13860788626381906,-0.001953125,-0.005859375,0.001953125,-0.016425013542175293,-0.0006057769060134888,-0.058063507080078125
133,215000000,imu1_frame,0.022926867990570338,0.010864585201972197,-0.9900247594701121,0.13859038620582165,-0.001953125,-0.001953125,-0.001953125,0.03171074390411377,0.0036119669675827026,-0.055787086486816406
133,240000000,imu1_frame,0.02046367637835447,0.010180594163314356,-0.9900767709319153,0.13865634176840183,0.0078125,-0.00390625,0.005859375,-0.017775744199752808,-0.0029676705598831177,-0.05815696716308594
133,265000000,imu1_frame,0.02287516346456276,0.01057892073499,-0.9900089709914494,0.13873374026891902,0.0078125,-0.00390625,0.005859375,-0.009103655815124512,-0.001843571662902832,-0.05595207214355469
133,290000000,imu1_frame,0.02517648239336423,0.011355031440593329,-0.9899352470428173,0.13879990870874423,0.0078125,-0.00390625,0.005859375,0.03751415014266968,0.006885826587677002,-0.053458213806152344
133,315000000,imu1_frame,0.022773206745299618,0.010584112486008624,-0.9900017466331485,0.13880165445964404,0.0,-0.001953125,0.0,-0.011051088571548462,-0.0014981180429458618,-0.056041717529296875
133,340000000,imu1_frame,0.025069552940378173,0.011423194590841212,-0.9899332726246811,0.13882774899600583,-0.0078125,-0.005859375,0.001953125,0.035635173320770264,0.008480861783027649,-0.05353355407714844
133,365000000,imu1_frame,0.022559679525367242,0.010902978479265493,-0.9899961467207935,0.13885177491834433,-0.0078125,-0.005859375,0.001953125,0.024752557277679443,0.005228519439697266,-0.05609703063964844
133,390000000,imu1_frame,0.020113980991087563,0.010168486969109153,-0.9900527156799753,0.138879983497102,-0.0078125,-0.005859375,0.001953125,-0.02454131841659546,-0.002346903085708618,-0.05843925476074219
133,415000000,imu1_frame,0.022531977003574337,0.010803539854290918,-0.9899934041470417,0.13888359616700294,0.0,0.0,0.0,0.023951590061187744,0.0033646225929260254,-0.056163787841796875
133,440000000,imu1_frame,0.020058362764513487,0.010210556244725211,-0.9900565755556303,0.13885742264437678,-0.00390625,-0.00390625,-0.001953125,-0.02550646662712097,-0.0013721585273742676,-0.05846691131591797
133,465000000,imu1_frame,0.022442460391863504,0.010794260962632368,-0.990001561447379,0.13884065771084997,-0.00390625,-0.00390625,-0.001953125,0.022188514471054077,0.0034486204385757446,-0.05624675750732422
133,490000000,imu1_frame,0.020031056244641226,0.010148927654399974,-0.9900638144640393,0.13881426202701957,-0.001953125,0.0,-0.001953125,-0.026207923889160156,-0.0024723857641220093,-0.05851268768310547
133,515000000,imu1_frame,0.022421129016969014,0.010797680073802265,-0.9900016842352882,0.1388429626949854,-0.001953125,-0.001953125,0.001953125,0.02178555727005005,0.00357171893119812,-0.05626392364501953
133,542000000,imu1_frame,0.01977001247272491,0.010094756673493643,-0.9900583681555062,0.13889445683607146,-0.00390625,-0.00390625,0.00390625,-0.0313931405544281,-0.002844497561454773,-0.05873680114746094
133,565000000,imu1_frame,0.021949669741540306,0.010696428649440013,-0.9899991394298487,0.1389442418401847,-0.00390625,-0.00390625,0.00390625,0.0124073326587677,0.0028478801250457764,-0.05671501159667969
133,590000000,imu1_frame,0.019592948667952387,0.009862152939944425,-0.9900604732702066,0.13892124952597565,0.0,0.0,-0.001953125,-0.035445332527160645,-0.006875142455101013,-0.058963775634765625
133,615000000,imu1_frame,0.02192048319972603,0.010715690384273243,-0.9900028631734082,0.13892083106695202,-0.001953125,-0.001953125,0.0,0.011891573667526245,0.0033107101917266846,-0.056731224060058594
133,640000000,imu1_frame,0.019591463654578898,0.009768122583727714,-0.9900607345060347,0.13892624058266156,-0.001953125,-0.001953125,0.0,-0.03572842478752136,-0.008692756295204163,-0.05900096893310547
133,665000000,imu1_frame,0.021881690806301646,0.010724141984092316,-0.9900032939682124,0.13892322454597647,-0.001953125,-0.001953125,0.0,0.011164546012878418,0.003578677773475647,-0.056761741638183594
133,690000000,imu1_frame,0.019600493738714767,0.009662618598589117,-0.9900608435653995,0.13893156763524364,-0.001953125,-0.001953125,0.0,-0.035839080810546875,-0.010761082172393799,-0.05903434753417969
133,715000000,imu1_frame,0.021867024194234034,0.010734990520619898,-0.989999806102826,0.138949548929738,-0.001953125,0.0,0.001953125,0.01091417670249939,0.003816455602645874,-0.056769371032714844
133,740000000,imu1_frame,0.01957190745256402,0.009614037189217457,-0.990057756920196,0.13896096102770167,-0.00390625,-0.005859375,0.0,-0.03651994466781616,-0.011635497212409973,-0.05907440185546875
133,765000000,imu1_frame,0.02174622222497072,0.010736436198473403,-0.990001677199725,0.13895506431371904,-0.00390625,-0.005859375,0.0,0.008582383394241333,0.004170596599578857,-0.05687236785888672
133,790000000,imu1_frame,0.01969835338894564,0.009248643294949666,-0.9900499547763898,0.1390234675090343,-0.001953125,-0.00390625,0.00390625,-0.03505703806877136,-0.019075825810432434,-0.059112548828125
133,815000000,imu1_frame,0.021670393516233885,0.010754097011009935,-0.9899856755799701,0.13907949377532075,-0.00390625,-0.00390625,0.005859375,0.007182180881500244,0.004662215709686279,-0.05692863464355469
133,840000000,imu1_frame,0.01993521930274846,0.008947502067567649,-0.9900290012209071,0.13915856416201985,-0.00390625,-0.00390625,0.00390625,-0.03127610683441162,-0.025603748857975006,-0.0590362548828125
133,865000000,imu1_frame,0.021640772881532846,0.01076274359856037,-0.9899719162344819,0.13918133986404133,-0.00390625,-0.00390625,0.00390625,0.006648212671279907,0.004864126443862915,-0.09210681915283203
133,890000000,imu1_frame,0.02044363994293336,0.008601629427577664,-0.9900089054374696,0.13924954833527484,-0.005859375,-0.00390625,0.001953125,-0.022370457649230957,-0.03371986001729965,-0.09390926361083984
133,915000000,imu1_frame,0.021661787185334624,0.010785500473029907,-0.9899672941431684,0.13920918246415048,0.0,0.0,0.0,0.007120639085769653,0.005234524607658386,-0.09207916259765625
133,940000000,imu1_frame,0.020393180329023677,0.00862096579447767,-0.990009634833413,0.13925056582237252,-0.001953125,-0.00390625,0.0,-0.02329385280609131,-0.03320860117673874,-0.09394264221191406
133,965000000,imu1_frame,0.02237278972015058,0.010092350284060398,-0.9899556490323225,0.13923151832424732,-0.001953125,-0.00390625,0.0,-0.020070046186447144,-0.010125428438186646,-0.056593894958496094
133,990000000,imu1_frame,0.024399674377245623,0.011492835451676005,-0.9898949831818007,0.13921383873404122,-0.001953125,-0.00390625,0.0,0.0229303240776062,0.011453554034233093,-0.054149627685546875
134,15000000,imu1_frame,0.02234183573029249,0.010078555411792953,-0.9899558165268117,0.13923629706992857,-0.00390625,-0.001953125,0.0,-0.020705044269561768,-0.01031002402305603,-0.056626319885253906
134,40000000,imu1_frame,0.024440678532992876,0.011529936917670442,-0.989896184538486,0.13919503447921266,-0.005859375,0.001953125,-0.001953125,0.02382105588912964,0.012069106101989746,-0.054093360900878906
134,65000000,imu1_frame,0.022436438376427885,0.010137025886729201,-0.989959068038868,0.13919371590258017,-0.005859375,0.001953125,-0.001953125,-0.018722206354141235,-0.009416714310646057,-0.05652046203613281
134,90000000,imu1_frame,0.02013046212868649,0.011151303112413387,-0.9900063734357005,0.13913228773391512,-0.005859375,0.001953125,-0.001953125,-0.02151760458946228,0.01651911437511444,-0.05801677703857422
134,115000000,imu1_frame,0.022368856489909845,0.010115661250490642,-0.9899601900829799,0.13919816704134247,-0.001953125,-0.001953125,0.001953125,0.018975287675857544,-0.009648114442825317,-0.056588172912597656
134,140000000,imu1_frame,0.02009623736765718,0.011157373190675222,-0.9900068533220632,0.13913333404505784,0.0,0.0,-0.001953125,-0.022163033485412598,0.01672932505607605,-0.058040618896484375
134,165000000,imu1_frame,0.02236717666916466,0.010115814757961243,-0.9899670205962208,0.13914983949496537,0.0,0.0,-0.001953125,0.018936574459075928,-0.009618118405342102,-0.05659008026123047
134,190000000,imu1_frame,0.020018923086875393,0.011170460363849973,-0.9900114880556979,0.13911044910949003,-0.001953125,-0.005859375,0.0,-0.023626744747161865,0.017202839255332947,-0.05809593200683594
134,215000000,imu1_frame,0.022302954514344903,0.010156582057181856,-0.9899611529220574,0.13919891438541349,0.0,0.0,0.00390625,0.017811864614486694,-0.008677110075950623,-0.056629180908203125
134,240000000,imu1_frame,0.020017802084216874,0.011174073462528904,-0.9900012973947797,0.13918282522863232,0.0,0.0,0.001953125,-0.023626893758773804,0.017245233058929443,-0.05809593200683594
134,265000000,imu1_frame,0.02226977487060182,0.010202651290129247,-0.9899510616983166,0.13927260490218676,-0.00390625,-0.001953125,0.00390625,0.017305463552474976,-0.007729440927505493,-0.056639671325683594
134,290000000,imu1_frame,0.019923556322958506,0.01119189189666323,-0.9899888502058515,0.13928341583733336,-0.00390625,-0.001953125,0.00390625,-0.025384962558746338,0.017804622650146484,-0.05816173553466797
134,315000000,imu1_frame,0.022415740136264656,0.010233483347392814,-0.9899270615937795,0.13941744201149064,0.0,0.015625,0.0078125,0.020232290029525757,-0.00759848952293396,-0.05650043487548828
134,340000000,imu1_frame,0.0201121508241468,0.010947700883680914,-0.9899672707679112,0.1394290215232151,0.00390625,0.005859375,0.00390625,-0.022377580404281616,0.01250380277633667,-0.058119773864746094
134,365000000,imu1_frame,0.022584030492343816,0.010178659741673196,-0.9899107637154543,0.1395099864987092,0.00390625,0.005859375,0.00390625,0.023350685834884644,-0.009162023663520813,-0.05637359619140625
134,390000000,imu1_frame,0.020167755239436765,0.010206240957255495,-0.9899588215242656,0.13953718493796574,0.00390625,0.005859375,0.00390625,0.015758365392684937,-0.0020401030778884888,-0.06228828430175781
134,415000000,imu1_frame,0.017522658695214074,0.010439222940026754,-0.9900164531426681,0.13946828156778426,-0.00390625,-0.01171875,-0.00390625,-0.03478541970252991,0.009718343615531921,-0.06414318084716797
134,440000000,imu1_frame,0.01986750209045229,0.010530115072667186,-0.9899751252546642,0.13944049058381264,-0.00390625,-0.01171875,-0.00390625,-0.02824494242668152,0.00508686900138855,-0.058485984802246094
134,465000000,imu1_frame,0.017664467826475704,0.009132734459846973,-0.9900352470106295,0.13940864182070964,-0.00390625,-0.01171875,-0.00390625,-0.03560701012611389,-0.015927493572235107,-0.0645456314086914
134,490000000,imu1_frame,0.01966246077224497,0.010482695982634552,-0.9899820992771945,0.13942361289263222,-0.00390625,-0.009765625,0.001953125,0.006719738245010376,0.004736021161079407,-0.06256961822509766
134,515000000,imu1_frame,0.022022360356244518,0.010731933472070753,-0.9899240466833533,0.13946405646740964,-0.00390625,-0.009765625,0.001953125,-0.025075256824493408,0.003098011016845703,-0.05663776397705078
134,540000000,imu1_frame,0.024493131430047884,0.01087468355606463,-0.9898588810628965,0.13950348867041357,0.0,-0.001953125,0.001953125,0.02310091257095337,-0.0009081214666366577,-0.05433082580566406
134,565000000,imu1_frame,0.02203848418411264,0.010789925897623412,-0.9899161414820917,0.13951313754337819,-0.00390625,0.00390625,0.001953125,-0.02459779381752014,0.0041535645723342896,-0.05659961700439453
134,590000000,imu1_frame,0.024579380937452194,0.010892478209806416,-0.989849243887246,0.13955530203839456,-0.00390625,0.00390625,0.001953125,0.02482461929321289,-0.0008259564638137817,-0.05424022674560547
134,615000000,imu1_frame,0.02201076213505353,0.010739638881559557,-0.9899029906615213,0.13961466823476673,-0.001953125,-0.005859375,0.005859375,-0.025255590677261353,0.0032096952199935913,-0.056644439697265625
134,640000000,imu1_frame,0.019478218749658292,0.010308861330993657,-0.9899514557404985,0.1396797825372983,-0.001953125,-0.005859375,0.005859375,0.002721130847930908,0.0017706900835037231,-0.09012508392333984
134,665000000,imu1_frame,0.021884572230070707,0.010612709374830042,-0.9898858526783856,0.13976564157623989,-0.001953125,-0.005859375,0.005859375,0.011042147874832153,0.001029685139656067,-0.05680561065673828
134,690000000,imu1_frame,0.02428325036697784,0.01095821387394474,-0.989814269753227,0.13984975042235068,-0.001953125,-0.005859375,0.005859375,0.019320666790008545,0.0011065155267715454,-0.05449485778808594
134,715000000,imu1_frame,0.02171584959455627,0.010576566119218108,-0.9898825006982539,0.13981842845949877,-0.001953125,-0.0078125,-0.001953125,-0.03137370944023132,0.0007683783769607544,-0.05696392059326172
134,740000000,imu1_frame,0.01913423250173894,0.010276449952229615,-0.9899437841859771,0.13978404728185675,-0.001953125,-0.0078125,-0.001953125,-0.04306820034980774,0.0020421892404556274,-0.05914783477783203
134,765000000,imu1_frame,0.021516262965329574,0.010572953751978835,-0.9898932072953877,0.13977375013719917,-0.001953125,-0.0078125,-0.001953125,0.003811776638031006,0.0012647807598114014,-0.05713462829589844
134,790000000,imu1_frame,0.019137481879896313,0.009448442229125331,-0.989962150192121,0.13971193547343,-0.001953125,-0.01171875,-0.005859375,-0.045274049043655396,-0.013958752155303955,-0.059464454650878906
134,815000000,imu1_frame,0.019949777560788987,0.011763278992380229,-0.9899370400386428,0.13960045989234005,-0.001953125,-0.01171875,-0.005859375,0.015792816877365112,0.028654664754867554,-0.061791419982910156
134,840000000,imu1_frame,0.021741963532518473,0.01019513403727102,-0.9899194850414891,0.13958065553258406,-0.001953125,-0.01171875,-0.005859375,0.007119536399841309,-0.006575167179107666,-0.057097434997558594
134,865000000,imu1_frame,0.019977287905225908,0.012153284029968263,-0.9899386750204614,0.13955151505437705,-0.00390625,-0.013671875,0.001953125,-0.021683722734451294,0.036146000027656555,-0.05768108367919922
134,890000000,imu1_frame,0.019164450256637763,0.009761752454819866,-0.9899709531901149,0.13962429543323387,-0.00390625,-0.013671875,0.001953125,-0.004847675561904907,-0.007935091853141785,-0.0632333755493164
134,915000000,imu1_frame,0.020230934441036574,0.01196588975429827,-0.989919484169887,0.1396672532659515,-0.009765625,-0.01953125,0.005859375,0.021794915199279785,0.03177754580974579,-0.06147575378417969
134,940000000,imu1_frame,0.020124000078225904,0.01454902645848557,-0.9898836039110899,0.13969180776965487,-0.009765625,-0.01953125,0.005859375,-0.012291550636291504,-0.031247615814208984,0.017904281616210938
134,965000000,imu1_frame,0.019521209356409792,0.01215601421307063,-0.9899098080475318,0.13982033341046493,-0.009765625,-0.01953125,0.005859375,0.008613795042037964,0.03733356297016144,-0.08928108215332031
134,990000000,imu1_frame,0.019203556134391217,0.009742477768304848,-0.9899244243610659,0.13994978246549586,-0.009765625,-0.01953125,0.005859375,-0.004099130630493164,-0.0085458904504776,-0.06321144104003906
135,15000000,imu1_frame,0.020315710919736774,0.012009048617126228,-0.9898790814518079,0.13993733863862864,-0.00390625,-0.001953125,0.001953125,0.02360054850578308,0.03226448595523834,-0.06138801574707031
135,40000000,imu1_frame,0.017845706159884477,0.012602286154118323,-0.9899205946992341,0.1399283007316945,-0.00390625,-0.001953125,0.001953125,-0.022556990385055542,0.011450648307800293,-0.06294536590576172
135,65000000,imu1_frame,0.020240667402520215,0.012034231046657066,-0.9898729597487734,0.13998934325304657,-0.00390625,-0.001953125,0.001953125,0.02222728729248047,-0.006127461791038513,-0.06143665313720703
135,90000000,imu1_frame,0.017716175287517944,0.012605572301876368,-0.9899222452478835,0.1399327875928782,-0.00390625,-0.005859375,-0.001953125,-0.025052756071090698,0.01186738908290863,-0.0630340576171875
135,115000000,imu1_frame,0.01914164602929615,0.01064655450991863,-0.9899143553890012,0.13996362834370502,-0.00390625,-0.005859375,-0.001953125,-0.0028248727321624756,0.009110242128372192,-0.062896728515625
135,140000000,imu1_frame,0.02072297730403802,0.008814853529350106,-0.9898964980044188,0.13999207051651155,-0.00390625,-0.005859375,-0.001953125,0.02276018261909485,-0.030674166977405548,-0.0623626708984375
135,165000000,imu1_frame,0.019017091384840937,0.010751084034824162,-0.9899220306098834,0.1399183252492035,-0.00390625,-0.005859375,-0.001953125,-0.004955649375915527,0.011492118239402771,-0.06294631958007812
135,190000000,imu1_frame,0.016699107895956432,0.009676995440832982,-0.9899774937745666,0.13990016931564137,-0.00390625,-0.005859375,-0.001953125,-0.013669252395629883,-0.002935454249382019,-0.06499385833740234
135,215000000,imu1_frame,0.01897286170034671,0.010593896071629456,-0.98993733004973,0.13982804603846438,0.0,-0.00390625,-0.005859375,0.03280782699584961,0.008608013391494751,-0.06304454803466797
135,240000000,imu1_frame,0.02102335548836412,0.009232055999874096,-0.9899135626408726,0.1397995928666461,0.0,-0.00390625,-0.005859375,0.02968636155128479,-0.023341208696365356,-0.061969757080078125
135,265000000,imu1_frame,0.018527389600298302,0.009749176821688015,-0.9899724755586338,0.1397003472515668,0.0,-0.00390625,-0.005859375,0.02186763286590576,-0.006466999650001526,-0.06370735168457031
135,290000000,imu1_frame,0.020675686333496916,0.010938345305365959,-0.9899288650603246,0.1396198793761007,0.0,-0.00390625,-0.005859375,0.02758920192718506,0.010701358318328857,-0.06157970428466797
135,315000000,imu1_frame,0.018479988852135625,0.009659754479783247,-0.9899809842033589,0.13965253335032646,0.00390625,-0.001953125,0.001953125,-0.018362075090408325,-0.008049055933952332,-0.06377601623535156
135,340000000,imu1_frame,0.02059964899290975,0.010902840644945623,-0.9899244654621598,0.13966508227433538,0.00390625,-0.001953125,0.001953125,0.026028871536254883,0.01020270586013794,-0.061656951904296875
135,365000000,imu1_frame,0.018411266617594648,0.009616466968082698,-0.989976281697266,0.13969792590243854,0.00390625,-0.001953125,0.001953125,-0.019803285598754883,-0.008716359734535217,-0.06384086608886719
135,390000000,imu1_frame,0.02045105359327699,0.010877275362320674,-0.9899246765740191,0.13968741531519957,0.001953125,-0.0078125,0.0,0.02308860421180725,0.010104835033416748,-0.061786651611328125
135,415000000,imu1_frame,0.02136305665355697,0.013130259322221213,-0.9898839891865567,0.13964563742794528,0.001953125,-0.0078125,0.0,0.007797539234161377,0.012154817581176758,-0.05607795715332031
135,440000000,imu1_frame,0.019914671153026812,0.010993171333864533,-0.9899352901577664,0.13968062627705366,0.001953125,-0.0078125,0.0,0.013029009103775024,0.013817116618156433,-0.08950424194335938
135,465000000,imu1_frame,0.018705298521029805,0.008875440776981693,-0.9899816026255741,0.13967020019013868,-0.005859375,0.0,-0.00390625,-0.01613980531692505,-0.02384798228740692,-0.09123992919921875
135,490000000,imu1_frame,0.019054500304682156,0.011423686579970121,-0.9899620923400623,0.1395760765057796,-0.005859375,0.0,-0.00390625,-0.002453833818435669,-0.014521345496177673,-0.06262683868408203
135,515000000,imu1_frame,0.0194259684740178,0.013905143184630146,-0.9899330429698238,0.13950573170435215,-0.001953125,-0.00390625,-0.001953125,0.011474460363388062,0.03250250220298767,-0.06111907958984375
135,543000000,imu1_frame,0.019408440935365718,0.011122390722181479,-0.989963841549458,0.13953923200921292,-0.001953125,-0.00390625,-0.001953125,0.0035661160945892334,0.017759591341018677,-0.062493324279785156
135,565000000,imu1_frame,0.019691596923757857,0.008962331855439595,-0.9899763231156778,0.13956646190495878,-0.001953125,-0.00390625,-0.001953125,0.003163158893585205,-0.024820342659950256,-0.0904693603515625
135,590000000,imu1_frame,0.01931816594232619,0.011484099747695797,-0.9899649946643797,0.1395142761754665,-0.00390625,-0.005859375,0.0,0.0028004348278045654,0.02501484751701355,-0.08974647521972656
135,615000000,imu1_frame,0.019715653269332733,0.00901710757751411,-0.9899715425973642,0.1395934440956809,0.0,-0.00390625,0.001953125,0.0037810802459716797,-0.023837216198444366,-0.09043121337890625
135,640000000,imu1_frame,0.019201409857342523,0.011465452678756325,-0.9899605169118517,0.13956369230563134,0.0,-0.00390625,0.001953125,0.0004996359348297119,0.02495288848876953,-0.06249809265136719
135,665000000,imu1_frame,0.01914097232507264,0.01395658057973307,-0.9899335534583263,0.139536363627346,0.0,-0.00390625,0.001953125,0.006108492612838745,0.03426368534564972,-0.061305999755859375
135,690000000,imu1_frame,0.019168052972931848,0.011499270536829146,-0.9899603663541819,0.13956656322429695,-0.00390625,-0.00390625,-0.001953125,-5.283951759338379e-05,-0.01336526870727539,-0.06250858306884766
135,715000000,imu1_frame,0.019185355065995766,0.014035411259310229,-0.9899410746488192,0.13946898617583325,-0.00390625,-0.005859375,-0.00390625,0.007166624069213867,0.03569534420967102,-0.061229705810546875
135,740000000,imu1_frame,0.019123129460905768,0.011571961748931417,-0.9899733146038745,0.13947484358521683,-0.00390625,-0.005859375,-0.00390625,-0.0007397234439849854,-0.011798858642578125,-0.06250953674316406
135,765000000,imu1_frame,0.01917028127741376,0.01410083872313092,-0.9899527834128461,0.13938132326896577,-0.005859375,-0.017578125,-0.00390625,0.00703352689743042,0.037038564682006836,-0.06120491027832031
135,790000000,imu1_frame,0.018980817348632398,0.011642062303642044,-0.9899871921553293,0.13938992189718385,-0.005859375,-0.017578125,-0.00390625,-0.0033167004585266113,-0.010019659996032715,-0.06258296966552734
135,815000000,imu1_frame,0.019774120945069147,0.014009814241127017,-0.9899398031369687,0.13939833360165554,-0.001953125,-0.00390625,0.00390625,0.018469899892807007,0.03362186253070831,-0.060794830322265625
135,840000000,imu1_frame,0.018998793116308713,0.011631427358449463,-0.9899727441454612,0.13949093736452606,-0.001953125,-0.00390625,0.00390625,-0.0029801130294799805,-0.010315194725990295,-0.0899190902709961
135,865000000,imu1_frame,0.019776393297153774,0.009287833529953795,-0.9899675419201427,0.1395954739992188,-0.001953125,-0.00390625,0.00390625,0.005693912506103516,-0.018765628337860107,-0.0629434585571289
135,890000000,imu1_frame,0.01899550502876799,0.011697935245410828,-0.9899581149943874,0.13958961156352404,-0.001953125,-0.00390625,0.00390625,-0.0028455257415771484,0.03000316023826599,-0.0625467300415039
135,915000000,imu1_frame,0.019817014429380875,0.009333797233510306,-0.9899696141003512,0.13957195035647768,0.0,0.001953125,-0.005859375,0.006601959466934204,-0.017977550625801086,-0.0628957748413086
135,940000000,imu1_frame,0.01808176454521277,0.011118692996849264,-0.9900015586147309,0.1394501287105068,0.0,0.001953125,-0.005859375,0.016940027475357056,-0.017716139554977417,-0.06346797943115234
135,965000000,imu1_frame,0.016951826294501073,0.008907063315137872,-0.9900495351329048,0.13941024995135803,0.0,0.001953125,-0.005859375,-0.01094585657119751,-0.018350839614868164,-0.06510734558105469
135,990000000,imu1_frame,0.01804528289215584,0.011161774632444957,-0.9900187826762583,0.13932907988146748,-0.001953125,-0.001953125,-0.00390625,0.016330808401107788,0.022325828671455383,-0.06347465515136719
136,15000000,imu1_frame,0.016959963937335756,0.008896770800650211,-0.9900662296319723,0.13929130638663617,0.0,-0.001953125,-0.005859375,-0.01083153486251831,-0.01852990686893463,-0.06510543823242188
136,40000000,imu1_frame,0.01713894628112987,0.011385189494912993,-0.9900540197185864,0.13917496908426646,0.0,-0.001953125,-0.005859375,-0.0006226301193237305,-0.009885236620903015,-0.06399917602539062
136,65000000,imu1_frame,0.01745396887273305,0.013841791804364295,-0.9900268141945754,0.13910668907703128,0.001953125,0.0,-0.001953125,0.012129217386245728,0.03681561350822449,-0.0625753402709961
136,90000000,imu1_frame,0.017130633250908304,0.011388368925157467,-0.9900643304166872,0.13910236552339456,-0.001953125,0.0,-0.00390625,-0.0007872879505157471,-0.009774327278137207,-0.06400394439697266
136,115000000,imu1_frame,0.017441954818721,0.013808253839701695,-0.9900342088995465,0.13905889236812358,0.00390625,-0.00390625,0.0,0.011795192956924438,0.036217570304870605,-0.06260108947753906
136,140000000,imu1_frame,0.017091934727866676,0.01127078269035621,-0.9900663339000765,0.13910244319373888,0.00390625,-0.00390625,0.0,-0.0018551647663116455,-0.01194433867931366,-0.06408214569091797
136,165000000,imu1_frame,0.019319084156103346,0.012263460722038967,-0.9900136021585608,0.1391022935091988,0.00390625,-0.00390625,0.0,0.004863113164901733,0.0011984258890151978,-0.06204032897949219
136,190000000,imu1_frame,0.016800275904541244,0.011859542547120575,-0.9900668521980674,0.13908533408923565,0.00390625,-0.00390625,0.0,-0.005902588367462158,0.0002487003803253174,-0.06400871276855469
136,215000000,imu1_frame,0.019168009992326047,0.012505712214542084,-0.9900108337761171,0.13912132676501635,-0.001953125,-0.00390625,0.001953125,0.041664302349090576,0.006289437413215637,-0.06203651428222656
136,240000000,imu1_frame,0.017737639175483624,0.010439914832607165,-0.9900537620781903,0.13917590498929974,-0.001953125,-0.00390625,0.001953125,0.008392632007598877,0.009254664182662964,-0.0639944076538086
136,265000000,imu1_frame,0.01687381661238672,0.012820568154123564,-0.9900446471224951,0.13914921505071837,-0.001953125,-0.00390625,0.001953125,-0.0018581748008728027,0.018620729446411133,-0.06349658966064453
136,290000000,imu1_frame,0.017749620099287003,0.010486831917440558,-0.9900459831860456,0.13922617756672998,0.0,-0.00390625,0.001953125,0.008759528398513794,-0.028951570391654968,-0.06396675109863281
136,315000000,imu1_frame,0.016921881349802954,0.012838681917380993,-0.9900333103273673,0.13922234957233767,0.0,0.001953125,0.00390625,-0.0008641481399536133,0.018813475966453552,-0.06345558166503906
136,340000000,imu1_frame,0.017481082661074277,0.01039782390633431,-0.9900383887690439,0.13932080164356342,0.0,0.001953125,0.00390625,0.003337085247039795,0.009085342288017273,-0.09153270721435547
136,365000000,imu1_frame,0.01708239938968728,0.012863260564456967,-0.990016650764704,0.13931891245405278,0.0,0.001953125,0.00390625,0.0023277997970581055,0.01881587505340576,-0.06333732604980469
136,390000000,imu1_frame,0.017434314347575502,0.010409073855636742,-0.9900289159306574,0.13939311850254557,-0.001953125,0.0,0.001953125,0.0024741291999816895,-0.029658660292625427,-0.06421566009521484
136,415000000,imu1_frame,0.017055635686435252,0.012877919613351088,-0.9900032056346848,0.13941634520676371,0.0,-0.001953125,0.005859375,0.001869887113571167,0.019136562943458557,-0.06334686279296875
136,440000000,imu1_frame,0.017450629394932568,0.010405548180912882,-0.9900080876042842,0.13953919370156742,0.0,-0.001953125,0.005859375,0.002802819013595581,-0.029825419187545776,-0.06420612335205078
136,465000000,imu1_frame,0.017003293943961204,0.013663441491174851,-0.9900460727559929,0.13904305873400397,-0.0625,0.00390625,-0.037109375,0.002912193536758423,0.034615904092788696,-0.06297492980957031
136,490000000,imu1_frame,0.01607164734709291,0.012103939463379867,-0.9901397808667622,0.1386304841877779,-0.0625,0.00390625,-0.037109375,0.019638419151306152,0.04618208110332489,-0.0956125259399414
136,515000000,imu1_frame,0.015554767078230489,0.009761663306065463,-0.990171861749826,0.13864502641467064,-0.0078125,0.001953125,-0.001953125,0.0032998323440551758,0.0022509992122650146,-0.09693336486816406
136,540000000,imu1_frame,0.01708811829218066,0.011845979650315249,-0.990130167240181,0.13859985894757632,-0.0078125,0.001953125,-0.001953125,-0.00046053528785705566,-0.0006197243928909302,-0.09116744995117188
136,565000000,imu1_frame,0.01899572596555178,0.013575579378650785,-0.9900782038633331,0.13856412333043405,-0.0078125,0.001953125,-0.001953125,0.04111674427986145,0.027686625719070435,-0.06161975860595703
136,590000000,imu1_frame,0.01721467251637156,0.011952441983256677,-0.9901296865382215,0.13857849045401846,-0.00390625,0.005859375,0.0,0.0022725462913513184,0.0011052042245864868,-0.063690185546875
136,615000000,imu1_frame,0.018779222071969384,0.013900297773549253,-0.9900888607749834,0.13848527109217768,-0.001953125,-0.001953125,-0.005859375,0.03778928518295288,0.034589529037475586,-0.06160545349121094
136,640000000,imu1_frame,0.01718799208625965,0.011974488317426514,-0.9901498649843248,0.13843565086025303,-0.001953125,-0.001953125,-0.005859375,0.001789182424545288,0.001656860113143921,-0.06369781494140625
136,665000000,imu1_frame,0.019331067240638412,0.010758044185509503,-0.990128292045626,0.13840715160515318,-0.001953125,-0.001953125,-0.005859375,0.039961546659469604,-0.02768002450466156,-0.06270790100097656
136,690000000,imu1_frame,0.017059780964239064,0.011978642825445123,-0.9901686707764649,0.13831659120395356,0.0,-0.0078125,-0.00390625,-0.0007027983665466309,0.0021282732486724854,-0.06378173828125
136,715000000,imu1_frame,0.01950634965333231,0.011594285382387623,-0.9901204434599948,0.13837117587220482,0.0,-0.001953125,0.001953125,0.0456051230430603,-0.01195758581161499,-0.0622100830078125
136,740000000,imu1_frame,0.017012762868365918,0.011979379182291678,-0.9901626576314712,0.13836535623548796,0.0,-0.001953125,0.001953125,-0.0016012787818908691,0.0022520869970321655,-0.063812255859375
136,765000000,imu1_frame,0.019484242358830336,0.01175658522466207,-0.9901223539575192,0.13834692333831797,-0.005859375,0.0,-0.00390625,0.04561135172843933,-0.008746951818466187,-0.062152862548828125
136,790000000,imu1_frame,0.016985613435439882,0.012089366715291167,-0.9901748465940533,0.13827186742460643,-0.005859375,0.0,-0.00390625,-0.0018473267555236816,0.004488244652748108,-0.09112262725830078
136,815000000,imu1_frame,0.019433751950165768,0.011256319658059845,-0.9901345252240935,0.1383085193043215,0.0,0.0078125,0.0,0.043277472257614136,-0.018275335431098938,-0.08975982666015625
136,840000000,imu1_frame,0.01714561020297702,0.012021194235133245,-0.9901730120006147,0.13827120179400798,0.0,0.0078125,0.0,0.001064300537109375,0.002736032009124756,-0.06370353698730469
136,865000000,imu1_frame,0.01911594244176767,0.01037937959263916,-0.9901489255924646,0.13831830815883595,0.0,0.0078125,0.0,0.034763067960739136,-0.034389421343803406,-0.06302642822265625
136,890000000,imu1_frame,0.017218195549346303,0.01198003221349076,-0.9901689874199295,0.13829457300263018,0.0,0.001953125,0.001953125,0.0023620128631591797,0.0017343014478683472,-0.0636749267578125
136,915000000,imu1_frame,0.017745632216263605,0.00945555668225246,-0.9901804021417971,0.13834180929633205,0.005859375,0.0078125,0.0,0.005759060382843018,-0.048566922545433044,-0.06437206268310547
136,940000000,imu1_frame,0.017340322261514888,0.011843128713760052,-0.9901692211305788,0.13828943217686265,0.005859375,0.0078125,0.0,0.004354387521743774,-0.001243889331817627,-0.06365680694580078
136,965000000,imu1_frame,0.015621900866050892,0.013492241299390204,-0.9901839861118085,0.13823743807587124,0.005859375,0.0078125,0.0,-0.024456888437271118,0.035339683294296265,-0.06394672393798828
136,990000000,imu1_frame,0.01740201576975448,0.01175414853339289,-0.9901694496080653,0.13828763828435708,0.0,-0.001953125,0.0,0.005307704210281372,-0.003132164478302002,-0.06365489959716797
137,15000000,imu1_frame,0.015781438618564906,0.013572736956075518,-0.9901806636914557,0.13823523522676134,0.00390625,0.00390625,0.0,-0.021153122186660767,0.036466389894485474,-0.06380558013916016
137,40000000,imu1_frame,0.017500865899316202,0.011660931392883453,-0.9901692007458027,0.1382848374415748,0.00390625,0.00390625,0.0,0.0069682300090789795,-0.00520266592502594,-0.06363105773925781
137,65000000,imu1_frame,0.015784641471750543,0.013422576958740473,-0.9901795233310943,0.1382576981480671,0.00390625,0.0,0.001953125,-0.021491289138793945,0.0335441529750824,-0.06388282775878906
137,90000000,imu1_frame,0.017542429078079118,0.011585079046285623,-0.9901628516288674,0.13833140055577117,0.00390625,0.0,0.001953125,0.007576048374176025,-0.006800547242164612,-0.06363677978515625
137,115000000,imu1_frame,0.01583100119696595,0.013462759566437303,-0.9901783384297991,0.13825697671495682,0.0,-0.005859375,-0.001953125,-0.02048596739768982,0.034196510910987854,-0.06383323669433594
137,140000000,imu1_frame,0.01757589743748288,0.011629360236803839,-0.9901651376691947,0.13830707123749736,0.0,0.00390625,0.0,0.0083388090133667,-0.006025135517120361,-0.06359291076660156
137,165000000,imu1_frame,0.01578219400523017,0.01332534244359249,-0.9901809435625254,0.13825721177128306,0.0,0.00390625,0.0,-0.021801084280014038,0.03166933357715607,-0.06393623352050781
137,190000000,imu1_frame,0.01767523103183885,0.01153859585762063,-0.9901681383420811,0.13828052945293076,0.005859375,0.005859375,-0.001953125,0.010011017322540283,-0.008040577173233032,-0.06356620788574219
137,215000000,imu1_frame,0.015845636902782085,0.013129827349816962,-0.990183025331323,0.13825375137990864,0.0078125,0.0,0.001953125,-0.021101772785186768,0.027715221047401428,-0.06399726867675781
137,240000000,imu1_frame,0.017762821464455042,0.011406388382116987,-0.9901618934203493,0.13832498435180415,0.0078125,0.0,0.001953125,0.011356741189956665,-0.010853022336959839,-0.06356430053710938
137,265000000,imu1_frame,0.016020309908952292,0.01308769818758236,-0.9901746783742456,0.13829739018879242,0.0078125,0.0,0.001953125,-0.017826348543167114,0.026411905884742737,-0.06391048431396484
137,290000000,imu1_frame,0.0178453661811093,0.011324175804578026,-0.9901617882760954,0.13832186734603427,0.00390625,0.0,-0.001953125,0.012731373310089111,-0.01266634464263916,-0.06354331970214844
137,315000000,imu1_frame,0.016090907827188694,0.013055423573097715,-0.9901810304319486,0.13824675610425127,0.00390625,0.0,-0.001953125,-0.016558051109313965,0.025613918900489807,-0.06388187408447266
137,340000000,imu1_frame,0.01788775380720307,0.01126373081914078,-0.9901687525899255,0.13827146497480128,0.00390625,0.0,-0.001953125,0.013379693031311035,-0.013931706547737122,-0.06354045867919922
137,365000000,imu1_frame,0.016049183062408816,0.013096796476122472,-0.9901810709337161,0.13824740290382045,-0.00390625,-0.0078125,0.001953125,-0.017253637313842773,0.026527300477027893,-0.0638875961303711
137,390000000,imu1_frame,0.017796593367650694,0.01145022496805043,-0.9901610705780196,0.13832291178426415,-0.00390625,-0.0078125,0.001953125,0.012128233909606934,-0.01009531319141388,-0.0908660888671875
137,415000000,imu1_frame,0.015992783841269245,0.01327785243252994,-0.9901724783070623,0.13829820209618246,-0.00390625,-0.00390625,0.001953125,-0.017845451831817627,0.030165985226631165,-0.09117317199707031
137,440000000,imu1_frame,0.017641685923046928,0.011484453160058816,-0.9901562426475194,0.13837446801904382,-0.00390625,-0.00390625,0.001953125,0.009232431650161743,-0.009032875299453735,-0.0636129379272461
137,465000000,imu1_frame,0.01592163126564947,0.01338983176862896,-0.9901649944267493,0.13834918819756153,-0.00390625,-0.00390625,0.001953125,-0.01890885829925537,0.03250791132450104,-0.06381511688232422
137,490000000,imu1_frame,0.017568140882136853,0.011583188206509129,-0.9901594363992504,0.13835274007563672,-0.00390625,-0.001953125,-0.00390625,0.008072227239608765,-0.006914779543876648,-0.06361961364746094
137,515000000,imu1_frame,0.015808642329852476,0.01343151028137456,-0.9901828094570578,0.13823055094651096,-0.001953125,-0.00390625,-0.005859375,-0.021008729934692383,0.033661454916000366,-0.06386375427246094
137,544000000,imu1_frame,0.017812988048464536,0.011412617446967706,-0.9901775652764094,0.1382057844052725,-0.001953125,-0.00390625,-0.005859375,0.012323349714279175,-0.01082313060760498,-0.09086990356445312
137,565000000,imu1_frame,0.01958162496233879,0.012483699854256548,-0.9901402627419251,0.13814114991245235,-0.001953125,-0.00390625,-0.005859375,0.010356426239013672,0.005145370960235596,-0.061733245849609375
137,590000000,imu1_frame,0.017455994700008776,0.011064780135825007,-0.9901986694349834,0.13812839656916112,-0.001953125,-0.005859375,-0.001953125,-0.0345977246761322,-0.016560018062591553,-0.06392574310302734
137,615000000,imu1_frame,0.0195191113683839,0.012439528769703398,-0.9901416121833296,0.13814430946793638,0.0,-0.001953125,0.001953125,0.00902855396270752,0.004458397626876831,-0.06180286407470703
137,640000000,imu1_frame,0.017051369098101544,0.011914617821974418,-0.9901920361430555,0.1381557970296809,0.0,-0.001953125,0.001953125,-0.0010681450366973877,0.0009709447622299194,-0.06381702423095703
137,665000000,imu1_frame,0.01942725853963126,0.012414815947581192,-0.9901334094260501,0.13821825316856046,0.0,-0.005859375,0.00390625,0.04626145958900452,0.0041981041431427,-0.06188488006591797
137,690000000,imu1_frame,0.016892178977513023,0.01196685331385798,-0.9901806323218366,0.13825253735785145,0.0,-0.005859375,0.00390625,0.03507301211357117,0.002377226948738098,-0.05999183654785156
137,715000000,imu1_frame,0.014410555825050344,0.011501088202733515,-0.9902242261571643,0.13826077817809,0.001953125,-0.001953125,0.001953125,-0.0142039954662323,7.614493370056152e-05,-0.06172370910644531
137,740000000,imu1_frame,0.016859141505742168,0.011869850872472366,-0.9901755433716606,0.13830137127516612,0.001953125,-0.001953125,0.001953125,-0.004881799221038818,0.0005715489387512207,-0.06396484375
137,765000000,imu1_frame,0.01927367646364593,0.012400957638166229,-0.9901199037332122,0.13833769506741644,0.001953125,-0.001953125,0.001953125,0.043275386095047,0.004296556115150452,-0.062007904052734375
137,790000000,imu1_frame,0.01684735484130867,0.011919355170974203,-0.9901684021885822,0.1383496690074435,-0.00390625,0.001953125,0.001953125,-0.004966795444488525,0.0015442073345184326,-0.0639495849609375
137,815000000,imu1_frame,0.019356067026847484,0.01217756264072433,-0.9901133609257075,0.13839285441735524,-0.001953125,0.001953125,0.001953125,0.04427650570869446,-0.0002722889184951782,-0.06205272674560547
137,840000000,imu1_frame,0.01688576726290113,0.011978502110125171,-0.990160263243815,0.1383981193661241,-0.001953125,0.001953125,0.001953125,-0.004054725170135498,0.0025672167539596558,-0.09124088287353516
137,865000000,imu1_frame,0.01749303602753698,0.014434092380976767,-0.9901190949746399,0.13838290513743684,-0.001953125,0.001953125,0.001953125,-0.024739354848861694,-0.0648360401391983,-0.019252777099609375
137,890000000,imu1_frame,0.018055437428995083,0.016966250827423285,-0.9900844187671347,0.13827144038684863,-0.0078125,0.0,-0.005859375,-0.007054418325424194,-0.01732209324836731,-0.017307281494140625
137,915000000,imu1_frame,0.01882047569931822,0.0193874290231961,-0.9900382250856031,0.13818187348444194,0.0,0.0078125,-0.00390625,0.014244616031646729,0.027483433485031128,-0.015035629272460938
137,940000000,imu1_frame,0.0183916590526721,0.016960886804703104,-0.9900918471036521,0.13817456167821507,0.0,0.0078125,-0.00390625,0.03847154974937439,0.09498420357704163,-0.060039520263671875
137,965000000,imu1_frame,0.017847529996099704,0.01453257391699249,-0.990141437156468,0.138167305807524,0.0,0.001953125,-0.00390625,0.02139735221862793,0.04947413504123688,-0.061920166015625
137,990000000,imu1_frame,0.017283840687878523,0.012107278601683358,-0.9901852211695175,0.13815900417059718,0.0,0.001953125,-0.00390625,0.003950148820877075,0.004069417715072632,-0.06357002258300781
138,15000000,imu1_frame,0.01637516342292593,0.009742584151645181,-0.9902185217079028,0.13821799934717718,0.001953125,-0.001953125,0.001953125,-0.020001888275146484,-0.03925853967666626,-0.06517887115478516
138,40000000,imu1_frame,0.01725134065640292,0.012047677368061734,-0.990179785197335,0.13820722738754126,0.001953125,-0.001953125,0.001953125,0.0031692683696746826,0.0029858648777008057,-0.06362056732177734
138,65000000,imu1_frame,0.016542693222291897,0.009618568837909736,-0.990209787886024,0.13826929669734728,0.001953125,-0.001953125,0.001953125,-0.017087340354919434,-0.04212979972362518,-0.06511688232421875
138,90000000,imu1_frame,0.01721527720367742,0.012037830263520271,-0.990173690531941,0.1382562383825884,-0.001953125,-0.001953125,0.001953125,0.002454102039337158,0.002874806523323059,-0.06364917755126953
138,115000000,imu1_frame,0.017420149815145187,0.00956773373494016,-0.990190194316279,0.13830537202684723,-0.001953125,-0.001953125,0.0,-0.0002409517765045166,-0.04550132155418396,-0.06455421447753906
138,140000000,imu1_frame,0.015588015586299953,0.011318369953661667,-0.9902085079001479,0.13826069272875804,-0.001953125,-0.001953125,0.0,0.008088231086730957,-0.006646305322647095,-0.061115264892578125
138,165000000,imu1_frame,0.01789225144927163,0.012243667788808692,-0.9901577104940897,0.1382666564514218,-0.001953125,-0.001953125,0.0,0.016110152006149292,0.0050217509269714355,-0.06308746337890625
138,190000000,imu1_frame,0.015523987785151164,0.011261890573137872,-0.9902163394758657,0.13821641240815793,-0.001953125,-0.005859375,-0.00390625,-0.03237336874008179,-0.0075511634349823,-0.06508541107177734
138,215000000,imu1_frame,0.017799551956383556,0.012148394414268666,-0.9901737130443371,0.13817239398410272,0.00390625,-0.00390625,-0.00390625,0.014041632413864136,0.00346490740776062,-0.06319713592529297
138,240000000,imu1_frame,0.015394596224683373,0.01128346010073622,-0.9902320759987181,0.13811634804940012,0.00390625,-0.00390625,-0.00390625,-0.03483688831329346,-0.006750524044036865,-0.0651540756225586
138,265000000,imu1_frame,0.01768994398724213,0.012155343101987393,-0.990179009439404,0.138147901834961,-0.001953125,-0.00390625,0.001953125,0.011934936046600342,0.0039051473140716553,-0.06326961517333984
138,290000000,imu1_frame,0.02013347491977101,0.012290455774642873,-0.9901241876041358,0.13819435952945558,-0.001953125,-0.00390625,0.001953125,0.020521849393844604,-0.0001096576452255249,-0.06139850616455078
138,315000000,imu1_frame,0.017611321066218873,0.01214080615433625,-0.9901700678342982,0.13822329384458493,-0.001953125,-0.001953125,0.00390625,-0.028673380613327026,0.00380823016166687,-0.06333160400390625
138,340000000,imu1_frame,0.015312749496718717,0.011121010406703366,-0.9902137349327216,0.13827003283782996,-0.001953125,-0.001953125,0.00390625,-0.03683185577392578,-0.00972399115562439,-0.09261798858642578
138,365000000,imu1_frame,0.017690924580714175,0.011824895192013999,-0.9901577694331625,0.13832857503900517,-0.001953125,-0.001953125,0.00390625,-0.027966469526290894,-0.002560734748840332,-0.06342411041259766
138,390000000,imu1_frame,0.02002393792856613,0.012507283591711589,-0.9901067442086194,0.13831574328180046,-0.00390625,-0.005859375,-0.001953125,0.01901036500930786,0.004330933094024658,-0.061379432678222656
138,415000000,imu1_frame,0.017633989939213845,0.011697245156312775,-0.9901662360693029,0.1382860868016969,0.0,-0.001953125,-0.001953125,-0.02941998839378357,-0.0048606544733047485,-0.0635223388671875
138,440000000,imu1_frame,0.015487288914963246,0.013014117737205379,-0.9901953317939004,0.1382171534765284,0.0,-0.001953125,-0.001953125,-0.02835601568222046,0.026458248496055603,-0.06427574157714844
138,465000000,imu1_frame,0.017907616939065996,0.012496412936875112,-0.990159675273108,0.13822797973756343,0.0,-0.001953125,-0.001953125,-0.02198052406311035,0.00988614559173584,-0.06295394897460938
138,490000000,imu1_frame,0.020225389314235332,0.012051345977844782,-0.99011884483935,0.13824026830558842,-0.005859375,-0.009765625,-0.001953125,0.021663695573806763,-0.005005061626434326,-0.06143951416015625
138,515000000,imu1_frame,0.01765813763108018,0.012518413524138489,-0.9901663795501895,0.13821005863073266,-0.00390625,-0.0078125,0.0,-0.026751577854156494,0.010993972420692444,-0.06311702728271484
138,540000000,imu1_frame,0.016333216317746483,0.014737545963293115,-0.990165909713213,0.13815752612689106,-0.00390625,-0.0078125,0.0,-0.007352977991104126,0.022384896874427795,-0.06281566619873047
138,565000000,imu1_frame,0.017583268169686774,0.012669698399624207,-0.9901651858784286,0.13821437008239199,-0.00390625,-0.0078125,0.0,0.011271148920059204,-0.02103373408317566,-0.0630941390991211
138,590000000,imu1_frame,0.01632437821117706,0.014839102345813815,-0.9901608083472119,0.1381842586215412,0.0,-0.001953125,0.001953125,-0.007243633270263672,0.024364352226257324,-0.06276130676269531
138,615000000,imu1_frame,0.017570909673437454,0.01270808198046801,-0.9901546342768937,0.1382879893758546,-0.001953125,-0.001953125,0.00390625,0.0111503005027771,-0.020285338163375854,-0.06308269500732422
138,640000000,imu1_frame,0.0162932798354512,0.014892945861049806,-0.99014680548437,0.13828243845434954,-0.001953125,-0.001953125,0.00390625,-0.007676064968109131,0.02545510232448578,-0.06275081634521484
138,665000000,imu1_frame,0.017019641579703,0.012530008993111779,-0.9901531314099794,0.13838391176051867,-0.001953125,-0.001953125,0.00390625,2.2351741790771484e-05,0.012882247567176819,-0.06354427337646484
138,690000000,imu1_frame,0.01782355025486824,0.010167996131903494,-0.9901587826674622,0.13843597082212192,0.0,-0.001953125,0.0,0.009204715490341187,-0.035025373101234436,-0.06404495239257812
138,715000000,imu1_frame,0.01706952455557317,0.013090136897555895,-0.9901742200303123,0.13817486614725794,-0.04296875,0.009765625,-0.017578125,0.002456367015838623,0.023663491010665894,-0.06323051452636719
138,740000000,imu1_frame,0.016748513026717194,0.016115874701407424,-0.9901714376168079,0.1379140675270875,-0.04296875,0.009765625,-0.017578125,0.004332304000854492,0.04802215099334717,-0.061715126037597656
138,765000000,imu1_frame,0.01598447855745816,0.01430334953812171,-0.9902365919585026,0.1377367147264895,-0.04296875,0.009765625,-0.017578125,0.02369174361228943,0.05023045837879181,-0.059375762939453125
138,790000000,imu1_frame,0.015264216562820102,0.011967590780988144,-0.990277332082015,0.13774827050873836,-0.005859375,-0.001953125,-0.001953125,0.0034762024879455566,0.006964012980461121,-0.06101417541503906
138,815000000,imu1_frame,0.014978580657934169,0.009478849130510109,-0.9903032182339689,0.13778726173372696,0.0,-0.001953125,0.0,-0.008739203214645386,-0.04044833779335022,-0.062226295471191406
138,840000000,imu1_frame,0.014956787129835657,0.011975706931791672,-0.9902821412040446,0.1377467160209979,0.0,-0.001953125,0.0,-0.0024520456790924072,-0.02720588445663452,-0.06119251251220703
138,865000000,imu1_frame,0.01494485695543368,0.014516797893642618,-0.9902538751816342,0.13770684992858306,-0.00390625,-0.00390625,0.0,0.004139453172683716,0.022018224000930786,-0.059884071350097656
138,890000000,imu1_frame,0.015005825630081791,0.012035923148567834,-0.9902768118442611,0.13777444492607108,-0.001953125,-0.001953125,0.001953125,-0.0013354718685150146,-0.02618156373500824,-0.06113624572753906
138,915000000,imu1_frame,0.014991246071662065,0.014516289325149475,-0.9902497371946465,0.1377316153661933,0.001953125,0.001953125,0.0,0.005041897296905518,0.021875128149986267,-0.059856414794921875
138,940000000,imu1_frame,0.015129663440046048,0.01199648718236552,-0.9902754771969914,0.13777393382547035,0.001953125,0.001953125,0.0,0.0009550154209136963,-0.027278557419776917,-0.0962371826171875
138,965000000,imu1_frame,0.014978017627683304,0.014467176707776424,-0.9902542271280196,0.13770593829294142,0.001953125,0.0,-0.001953125,0.004647672176361084,0.020968854427337646,-0.09504890441894531
138,990000000,imu1_frame,0.01733221529102105,0.01358454287488788,-0.990225773034332,0.1377242641169145,0.001953125,0.0,-0.001953125,0.008773952722549438,-0.0024666637182235718,-0.06279563903808594
139,15000000,imu1_frame,0.014980669325863196,0.014610548340691722,-0.9902521683350898,0.1377053177309669,-0.00390625,-0.00390625,0.001953125,-0.03397822380065918,0.023736625909805298,-0.06371498107910156
139,40000000,imu1_frame,0.015138471965526324,0.01216088112323962,-0.9902731689669921,0.13777514456870096,-0.00390625,-0.00390625,0.001953125,0.001567751169204712,0.011035159230232239,-0.060997962951660156
139,65000000,imu1_frame,0.017572897961672145,0.011944509024080929,-0.990228053432805,0.13782932981074858,-0.00390625,-0.00390625,0.001953125,0.009042680263519287,0.0002613961696624756,-0.06344985961914062
139,90000000,imu1_frame,0.014992637942438321,0.011986021313636219,-0.990269722636192,0.13783117401602477,-0.00390625,-0.005859375,0.001953125,-0.040776342153549194,0.008025988936424255,-0.06507301330566406
139,115000000,imu1_frame,0.017487316513645344,0.011988647095085753,-0.9902218519115071,0.13788092724857337,-0.00390625,0.0,0.001953125,0.0075151026248931885,0.0013272464275360107,-0.06348800659179688
139,140000000,imu1_frame,0.015005748411550668,0.011681298228732118,-0.9902651369750506,0.1378888439217801,-0.00390625,0.0,0.001953125,-0.0022692978382110596,0.0020741671323776245,-0.06130027770996094
139,165000000,imu1_frame,0.016729167608011856,0.013534417130675696,-0.9902123729277482,0.13790000364348828,-0.00390625,0.0,0.001953125,-0.0029916763305664062,-0.0018745064735412598,-0.06322383880615234
139,190000000,imu1_frame,0.018603421032688784,0.015141851119840592,-0.9901533081085736,0.13791687174596703,-0.001953125,-0.00390625,0.001953125,0.03760245442390442,0.024162903428077698,-0.061028480529785156
139,215000000,imu1_frame,0.016658524581891102,0.01352505144546045,-0.9901997461092508,0.1380001063308559,-0.001953125,-0.00390625,0.005859375,-0.004361450672149658,-0.0019010305404663086,-0.06327533721923828
139,240000000,imu1_frame,0.018672311842112516,0.014946034581835941,-0.9901335928212861,0.13807037766139818,-0.001953125,-0.00390625,0.005859375,0.03844553232192993,0.020125433802604675,-0.06109428405761719
139,265000000,imu1_frame,0.016707832625768856,0.01365938262546694,-0.9901965917902743,0.13800354778832724,-0.01171875,0.0078125,-0.005859375,-0.003044813871383667,0.0005640536546707153,-0.06317138671875
139,290000000,imu1_frame,0.015294558409106195,0.011813567474460124,-0.9902503498552737,0.1379520232475957,-0.01171875,0.0078125,-0.005859375,0.0036878883838653564,0.0038337409496307373,-0.06106853485107422
139,315000000,imu1_frame,0.014282949904887625,0.009574481715674054,-0.9902889535627704,0.13795693202388937,-0.00390625,0.0,-0.001953125,-0.021919578313827515,-0.03677356243133545,-0.06258869171142578
139,340000000,imu1_frame,0.01530404433854996,0.011925656754131713,-0.9902586559163603,0.13788168595063552,-0.005859375,0.0,-0.00390625,0.004159510135650635,0.006000638008117676,-0.061011314392089844
139,365000000,imu1_frame,0.016987453495151354,0.013834285110561973,-0.9902150248140669,0.13781960532415702,-0.005859375,0.0,-0.00390625,0.002795100212097168,0.0032608360052108765,-0.06289386749267578
139,390000000,imu1_frame,0.016742042409852744,0.011348520866656815,-0.9902447772476004,0.13786296175527293,0.0,0.0,0.0,-0.00863194465637207,-0.04419955611228943,-0.06427860260009766
139,415000000,imu1_frame,0.01698729972744602,0.013836105258457354,-0.9902183698531819,0.13779540574545227,0.0,0.0,-0.001953125,0.002791672945022583,0.0033055096864700317,-0.06289196014404297
139,440000000,imu1_frame,0.016759151177906488,0.011349104112730709,-0.9902511830054092,0.13781481503823165,0.0,0.0,-0.001953125,-0.008307814598083496,-0.044217199087142944,-0.06426715850830078
139,465000000,imu1_frame,0.01698758305738726,0.013838340586450797,-0.9902250633558497,0.13774703718623307,0.0,0.0,-0.001953125,0.0027923583984375,0.0033659040927886963,-0.06289100646972656
139,490000000,imu1_frame,0.01663110998182357,0.011328313942611709,-0.9902532707684256,0.1378170352910885,0.0,-0.01171875,0.001953125,-0.01084098219871521,-0.04427489638328552,-0.06435966491699219
139,515000000,imu1_frame,0.016963678416845658,0.013798213206652596,-0.990222079266044,0.1377754573968313,0.0,-0.001953125,0.0,0.0022282302379608154,0.002643302083015442,-0.0629281997680664
139,540000000,imu1_frame,0.014470180650333208,0.013417966483635722,-0.9902698068781441,0.13775442509376598,0.0,-0.001953125,0.0,-0.007989227771759033,0.002017185091972351,-0.09591293334960938
139,565000000,imu1_frame,0.0168897953690462,0.014158571063430552,-0.9902376375105,0.13763608151737455,-0.029296875,0.0,-0.01171875,0.040797680616378784,0.009867668151855469,-0.09403038024902344
139,590000000,imu1_frame,0.0173599212201647,0.012076955037949888,-0.9902692212138113,0.13754871794688772,-0.029296875,0.0,-0.01171875,0.005225092172622681,-0.03165231645107269,-0.06353282928466797
139,615000000,imu1_frame,0.016868715297997217,0.014574485003833758,-0.9902580077395773,0.1374485683399858,-0.00390625,0.005859375,-0.00390625,0.0023994743824005127,0.018042609095573425,-0.06256103515625
139,640000000,imu1_frame,0.01719677544048172,0.012145453369644165,-0.990284787878948,0.13745107410435983,-0.00390625,0.0,-0.00390625,0.0022332966327667236,-0.02985130250453949,-0.06361103057861328
139,665000000,imu1_frame,0.015036815801422297,0.013465223069138926,-0.9903157145903533,0.1373585358601722,-0.00390625,0.0,-0.00390625,0.00301554799079895,0.0015345364809036255,-0.060405731201171875
139,690000000,imu1_frame,0.012655845604009638,0.012722871943852888,-0.9903607647059159,0.13734450783581062,-0.001953125,0.0,0.0,-0.04506033658981323,-0.006428197026252747,-0.06207466125488281
139,715000000,imu1_frame,0.014985903652313625,0.013508044472057022,-0.9903189653992067,0.13733645618301468,-0.00390625,-0.00390625,-0.001953125,0.002139836549758911,0.0025072991847991943,-0.06041240692138672
139,740000000,imu1_frame,0.015000641870294791,0.011052524190842596,-0.9903465134352479,0.13735576354539383,-0.00390625,-0.00390625,-0.001953125,-0.00415414571762085,-0.045065492391586304,-0.06158256530761719
139,765000000,imu1_frame,0.014987658525447483,0.013593338965689676,-0.9903239550441725,0.13729186171567687,-0.00390625,-0.00390625,-0.001953125,0.0023925304412841797,0.004168197512626648,-0.09552288055419922
139,790000000,imu1_frame,0.016213137795234818,0.011489314762773982,-0.9903275517967677,0.13731886236542712,-0.005859375,0.0,-0.001953125,0.02047625184059143,-0.03985798358917236,-0.09580612182617188
139,815000000,imu1_frame,0.015313183064287781,0.013902333347555163,-0.9903210437513184,0.137245990306575,-0.005859375,0.0,-0.001953125,0.00950998067855835,-0.029773414134979248,-0.06000709533691406
139,840000000,imu1_frame,0.017789129523535726,0.013716256121354006,-0.9902808764415927,0.13725595412541897,-0.005859375,0.0,-0.001953125,0.017866075038909912,-0.0009697079658508301,-0.062412261962890625
139,865000000,imu1_frame,0.01528734737581499,0.013777114587232853,-0.9903324663194139,0.13717905918021342,-0.001953125,0.0,-0.00390625,-0.030402958393096924,0.006957635283470154,-0.06399726867675781
139,890000000,imu1_frame,0.013609258136972184,0.011943137829209107,-0.9903857597121886,0.13714297835129943,-0.001953125,0.0,-0.00390625,-0.02873721718788147,-0.02402307093143463,-0.06196022033691406
139,915000000,imu1_frame,0.01527066885500481,0.013829500981114577,-0.9903384387511454,0.13713252096887202,-0.00390625,-0.001953125,0.0,0.008465945720672607,0.008031710982322693,-0.06007194519042969
139,940000000,imu1_frame,0.013772104679599167,0.011810533643724426,-0.9903908705472229,0.137101290892751,0.0,-0.001953125,-0.00390625,-0.02594834566116333,-0.02701433002948761,-0.061934471130371094
139,965000000,imu1_frame,0.015242274016153025,0.013812767228964436,-0.9903523503046613,0.1370368665371782,0.0,-0.001953125,-0.00390625,0.007849723100662231,0.007816135883331299,-0.06009864807128906
139,990000000,imu1_frame,0.01390689402216684,0.011754996766208706,-0.9903995018060376,0.1370300885646472,0.0,0.005859375,-0.001953125,-0.023501843214035034,-0.028429418802261353,-0.06188678741455078
140,15000000,imu1_frame,0.015203012465938259,0.013899978290722557,-0.9903552152925316,0.13701170226794998,-0.00390625,-0.00390625,0.0,0.007317334413528442,0.009617865085601807,-0.060074806213378906
140,40000000,imu1_frame,0.014097451456882718,0.01167301813164538,-0.9903965559883307,0.13703891562827206,-0.00390625,-0.00390625,0.0,-0.020031064748764038,-0.030529946088790894,-0.06182098388671875
140,65000000,imu1_frame,0.015168901631658587,0.013945371058035555,-0.9903545240492635,0.1370158667618454,-0.00390625,-0.00390625,0.0,0.006779491901397705,0.010586544871330261,-0.060070037841796875
140,90000000,imu1_frame,0.014376730479411263,0.011641475708792768,-0.9903953189037642,0.13702152370177093,-0.00390625,0.00390625,-0.001953125,-0.014713257551193237,-0.03188416361808777,-0.061679840087890625
140,115000000,imu1_frame,0.015268061919172375,0.014046154327837717,-0.990358204700124,0.1369679459471375,-0.00390625,0.00390625,-0.001953125,0.008956968784332275,0.012287288904190063,-0.09511184692382812
140,140000000,imu1_frame,0.014270063494978788,0.011828577348516276,-0.9904017869186724,0.13696988907807384,-0.00390625,0.00390625,-0.001953125,-0.01628720760345459,-0.02796033024787903,-0.06165313720703125
140,165000000,imu1_frame,0.015267766035921093,0.014109036601653599,-0.9903640044666437,0.13691957151276357,0.0,-0.001953125,-0.001953125,0.00910806655883789,0.01352149248123169,-0.0599212646484375
140,190000000,imu1_frame,0.014282794357417056,0.016415900189293325,-0.9903535264027763,0.13684448380517353,0.0,-0.001953125,-0.001953125,-0.003812730312347412,0.021770864725112915,-0.059113502502441406
140,215000000,imu1_frame,0.015247696464929796,0.014119122927322916,-0.9903606192718741,0.13694525152668313,0.0,-0.00390625,0.00390625,0.008752793073654175,-0.02530050277709961,-0.05992698669433594
140,240000000,imu1_frame,0.014258929749710157,0.01645649650531682,-0.9903461893146387,0.13689518601885658,-0.001953125,-0.00390625,0.0,-0.004151880741119385,0.0226040780544281,-0.059101104736328125
140,265000000,imu1_frame,0.015376793679146024,0.014260919490370031,-0.9903560784625541,0.13694896218558822,-0.001953125,-0.00390625,0.0,0.011631160974502563,-0.02290348708629608,-0.09492778778076172
140,290000000,imu1_frame,0.014158563531158797,0.016587679552149712,-0.9903448446576623,0.1368994982671608,-0.0078125,-0.0078125,0.0,-0.0057427287101745605,0.025410562753677368,-0.09422874450683594
140,315000000,imu1_frame,0.01526380142468227,0.014487532443786259,-0.9903569992909435,0.13693115688256025,-0.0078125,-0.0078125,-0.001953125,0.010045647621154785,-0.01820850372314453,-0.09486865997314453
140,340000000,imu1_frame,0.01404717089794813,0.016815980884915205,-0.9903483932977521,0.1368574428710498,-0.0078125,-0.0078125,-0.001953125,-0.007301062345504761,0.03014087677001953,-0.09414100646972656
140,365000000,imu1_frame,0.015026460441841345,0.01465057794745249,-0.9903641363532476,0.13688843441898793,-0.0078125,-0.0078125,-0.001953125,0.005877375602722168,-0.014402270317077637,-0.05975914001464844
140,390000000,imu1_frame,0.014042726377525282,0.01691712942955577,-0.9903427901941583,0.1368859761925936,0.00390625,-0.005859375,0.00390625,-0.007108598947525024,0.03210115432739258,-0.05891990661621094
140,415000000,imu1_frame,0.015028598806071687,0.0146345950605658,-0.9903540541877165,0.1369628314517953,0.0,-0.00390625,0.001953125,0.005894303321838379,-0.014742136001586914,-0.059767723083496094
140,440000000,imu1_frame,0.014070357284561826,0.01695755410932374,-0.9903347080201108,0.1369366002763183,0.0,-0.00390625,0.001953125,-0.00645098090171814,0.03279322385787964,-0.05887794494628906
140,465000000,imu1_frame,0.014880964255524801,0.015452361581141499,-0.9903887568463148,0.13663781225123195,-0.064453125,-0.00390625,-0.029296875,0.005137652158737183,0.0015890002250671387,-0.059372901916503906
140,490000000,imu1_frame,0.01493211739929175,0.013759366460170319,-0.9904550320924398,0.13633246534612634,-0.064453125,-0.00390625,-0.029296875,0.0015433132648468018,0.007846593856811523,-0.09546661376953125
140,515000000,imu1_frame,0.015904185226871495,0.011617632353869926,-0.9904635062543747,0.13636029586741746,-0.01171875,-0.001953125,-0.001953125,0.014664500951766968,-0.036215826869010925,-0.09594249725341797
140,540000000,imu1_frame,0.01480553137986996,0.013985986537477109,-0.990459798084023,0.13628857912712103,-0.0078125,-0.00390625,-0.001953125,-0.00031426548957824707,0.012585356831550598,-0.09541702270507812
140,565000000,imu1_frame,0.014606937046146276,0.01657338732689002,-0.9904318444627354,0.13622305860898473,-0.0078125,-0.00390625,-0.001953125,0.002704411745071411,0.02415528893470764,-0.058829307556152344
140,590000000,imu1_frame,0.014808317085399144,0.014152675808426135,-0.9904632849099492,0.13624572198037266,-0.005859375,-0.00390625,-0.001953125,0.0001730024814605713,-0.023243874311447144,-0.06016731262207031
140,615000000,imu1_frame,0.014621851803827432,0.016667612125048286,-0.9904361693681034,0.1361785099173639,-0.001953125,-0.001953125,-0.001953125,0.0032308101654052734,0.025953948497772217,-0.05875968933105469
140,640000000,imu1_frame,0.012149338620573482,0.01722456085963014,-0.9904694492351406,0.13611016937067155,-0.001953125,-0.001953125,-0.001953125,-0.004107385873794556,0.004283308982849121,-0.059683799743652344
140,665000000,imu1_frame,0.012811529946591054,0.014839810854981393,-0.9904967697773834,0.13613153115566176,-0.001953125,-0.001953125,-0.001953125,0.0023813843727111816,-0.004584282636642456,-0.06476211547851562
140,690000000,imu1_frame,0.012279063598833424,0.017306306213234705,-0.9904660652470944,0.1361127839562767,-0.001953125,0.0,0.001953125,-0.0013784170150756836,0.04458138346672058,-0.06347370147705078
140,715000000,imu1_frame,0.012779813901136009,0.014880389525284534,-0.9904864505779492,0.13620514522485572,-0.001953125,-0.001953125,0.00390625,0.0018942058086395264,-0.0037356019020080566,-0.06475448608398438
140,740000000,imu1_frame,0.015161751292169973,0.01557214906319851,-0.9904325797195466,0.13627521602034498,-0.001953125,-0.001953125,0.00390625,0.010795742273330688,0.0032786130905151367,-0.05913543701171875
140,765000000,imu1_frame,0.012834950384513398,0.014821800328512179,-0.990482816222018,0.13623277525085065,-0.00390625,0.00390625,-0.001953125,-0.036249637603759766,-0.005024641752243042,-0.06085395812988281
140,790000000,imu1_frame,0.015263268998936012,0.015587323568298455,-0.990447379138769,0.1361545339699954,0.0,0.00390625,-0.0078125,0.012769222259521484,0.0033425092697143555,-0.059065818786621094
140,815000000,imu1_frame,0.013058623860264556,0.014752899367227469,-0.9905016421456457,0.1360820385279251,0.009765625,0.013671875,-0.00390625,-0.03214120864868164,-0.006910413503646851,-0.06078147888183594
140,840000000,imu1_frame,0.011701032893425287,0.016626391437567854,-0.9905029569350141,0.13597992954839128,0.009765625,0.013671875,-0.00390625,-0.014413177967071533,0.032998085021972656,-0.06419563293457031
140,865000000,imu1_frame,0.014208492640131555,0.015604973980870036,-0.9904875709464817,0.1359741715344864,0.009765625,0.013671875,-0.00390625,-0.007648497819900513,0.006553918123245239,-0.059662818908691406
140,890000000,imu1_frame,0.016749672248917182,0.014696421361880289,-0.9904594590364685,0.13599089559192482,0.0078125,0.013671875,-0.001953125,0.03913256525993347,-0.01780460774898529,-0.058663368225097656
140,915000000,imu1_frame,0.014575400687341604,0.015467602109711376,-0.9904921653123399,0.13591755381352139,0.0078125,0.013671875,-0.001953125,-0.0009254813194274902,0.0029366612434387207,-0.059539794921875
140,940000000,imu1_frame,0.015274902870818827,0.01294565800042123,-0.9905152296883136,0.13593626093405214,0.0078125,0.013671875,-0.001953125,0.005929112434387207,-0.008687227964401245,-0.060532569885253906
140,965000000,imu1_frame,0.014921879925164803,0.015313731530702444,-0.9904971581667145,0.13586098332401167,0.0078125,0.013671875,-0.001953125,0.005358368158340454,-0.0009451806545257568,-0.0594329833984375
140,990000000,imu1_frame,0.012725283056057565,0.016572056724423096,-0.9905142676370008,0.13581207499556802,-0.00390625,0.0,0.0,-0.033840566873550415,0.02926906943321228,-0.05983543395996094
141,15000000,imu1_frame,0.014894382827964459,0.01532525800039571,-0.9904939317009795,0.13588622112241752,0.0,0.0,0.001953125,0.00486329197883606,-0.0006572306156158447,-0.059441566467285156
141,40000000,imu1_frame,0.012400325412876922,0.015123828637031976,-0.9905321710759784,0.135880535031775,0.0,0.0,0.001953125,-0.004889816045761108,0.0020803213119506836,-0.06479835510253906
141,65000000,imu1_frame,0.014870053077932988,0.015326437259946112,-0.9904876028433601,0.13593487578980717,0.0,-0.001953125,0.001953125,0.043470412492752075,-0.0005859434604644775,-0.06336212158203125
141,90000000,imu1_frame,0.012349033576491262,0.015142654095041256,-0.9905224246494088,0.13595413808833173,-0.001953125,-0.001953125,0.00390625,-0.005813539028167725,0.0025603771209716797,-0.06481170654296875
141,115000000,imu1_frame,0.01442247148270318,0.013808036489310277,-0.9905007302331367,0.13605011522326488,-0.001953125,-0.001953125,0.00390625,-0.008257508277893066,0.010238870978355408,-0.060576438903808594
141,140000000,imu1_frame,0.016494435861211035,0.012464487743260581,-0.9904731193399142,0.136145400201323,-0.001953125,-0.001953125,0.00390625,0.028300076723098755,-0.021321803331375122,-0.060013771057128906
141,165000000,imu1_frame,0.014317920623327257,0.013840200726600789,-0.9904948798039575,0.13610047419100152,-0.001953125,-0.005859375,0.0,-0.01018407940864563,0.011124089360237122,-0.06061744689941406
141,190000000,imu1_frame,0.01638148454425119,0.012621055773950769,-0.9904693319867813,0.13617216422212128,-0.005859375,-0.005859375,0.001953125,0.02653530240058899,-0.017999380826950073,-0.06000995635986328
141,215000000,imu1_frame,0.015029248397385758,0.014836147494372509,-0.9904636246859956,0.1361463131855368,-0.005859375,-0.005859375,0.001953125,0.0062417685985565186,-0.010570526123046875,-0.059650421142578125
141,240000000,imu1_frame,0.012470189965641356,0.01524428560874473,-0.990494502320262,0.13613503219904913,-0.005859375,-0.005859375,0.001953125,-0.0031506121158599854,0.004153728485107422,-0.06469345092773438
141,265000000,imu1_frame,0.014875561731663304,0.015558392843233888,-0.9904487803179534,0.1361905563612316,-0.005859375,-0.005859375,0.001953125,0.005197405815124512,0.0038042068481445312,-0.0944681167602539
141,290000000,imu1_frame,0.012813193192744545,0.01399857865136296,-0.9904969294301204,0.13621928888909304,-0.005859375,-0.01171875,0.001953125,-0.03886324167251587,-0.0208979994058609,-0.09648609161376953
141,315000000,imu1_frame,0.01250484517974744,0.016546565463201043,-0.9904631756968757,0.13620770024804962,-0.005859375,-0.01171875,0.001953125,0.001001507043838501,0.02924734354019165,-0.06386661529541016
141,340000000,imu1_frame,0.012770119711225145,0.014132602622136236,-0.9904876287619757,0.1362771105327823,-0.005859375,-0.01171875,0.001953125,-0.00026413798332214355,-0.018205389380455017,-0.06518363952636719
141,365000000,imu1_frame,0.012720219692892044,0.016660593568489646,-0.9904508480357587,0.13626348835310484,-0.001953125,0.001953125,0.001953125,0.005490005016326904,0.030863672494888306,-0.06368637084960938
141,390000000,imu1_frame,0.012757883721425715,0.014137356212629796,-0.990481183882926,0.13632459769295166,0.001953125,0.0,0.001953125,-0.0004769563674926758,-0.01809445023536682,-0.0651865005493164
141,415000000,imu1_frame,0.014842029805945454,0.015495680598936313,-0.9904278584361746,0.13635342044682333,0.001953125,0.0,0.001953125,0.0044245123863220215,0.002625763416290283,-0.09452533721923828
141,440000000,imu1_frame,0.012704354878848459,0.01417881203461572,-0.9904750287145365,0.13637000458068985,0.001953125,0.0,0.001953125,-0.040454208850860596,-0.01716206967830658,-0.06128406524658203
141,465000000,imu1_frame,0.014752006547621781,0.015528990944388588,-0.9904219144355266,0.13640256650420593,-0.00390625,-0.005859375,0.001953125,0.002783656120300293,0.0034945905208587646,-0.059401512145996094
141,490000000,imu1_frame,0.014059523209458214,0.013130261228644113,-0.9904588761055606,0.13645930085890162,-0.001953125,-0.00390625,0.001953125,-0.016993433237075806,-0.04110415279865265,-0.061135292053222656
141,515000000,imu1_frame,0.012578709687885884,0.015198809220414347,-0.9904524283043947,0.1364359172901227,-0.001953125,-0.00390625,0.001953125,-0.0010915398597717285,0.002897918224334717,-0.025604248046875
141,540000000,imu1_frame,0.014955540982959942,0.014619709454970535,-0.9904190290641727,0.13650180495854544,-0.001953125,-0.00390625,0.001953125,0.043389737606048584,-0.014681488275527954,-0.06372451782226562
141,565000000,imu1_frame,0.0124737213081951,0.015228954404236935,-0.990446335034335,0.13648641925676328,-0.001953125,-0.00390625,0.001953125,-0.003030151128768921,0.0037474632263183594,-0.06470012664794922
141,590000000,imu1_frame,0.014847357146540594,0.01459196005930328,-0.9904207493520099,0.13650410228412158,0.0,-0.00390625,-0.001953125,0.041222453117370605,-0.014930203557014465,-0.06380462646484375
141,615000000,imu1_frame,0.014431596807940286,0.017058805821700534,-0.9903970914557716,0.13643433363145283,0.0,-0.00390625,-0.001953125,0.0006630420684814453,0.03394874930381775,-0.0586090087890625
141,640000000,imu1_frame,0.012719557490643402,0.015189516269116392,-0.9904534209804995,0.13641668637222534,0.0,-0.00390625,-0.001953125,0.001605212688446045,0.0023475587368011475,-0.09194660186767578
141,665000000,imu1_frame,0.015157286673480574,0.015767950647061952,-0.9904034043325574,0.13646510572146411,-0.001953125,0.0,0.001953125,0.05034327507019043,0.007016003131866455,-0.09026813507080078
141,690000000,imu1_frame,0.012678487146158593,0.015183988310599486,-0.9904471601239423,0.13646657270220547,0.0,-0.00390625,0.001953125,0.0008085668087005615,0.002335786819458008,-0.09197044372558594
141,715000000,imu1_frame,0.014950820994646716,0.014238911488673444,-0.9904199756648223,0.13653570285934968,0.0,-0.00390625,0.001953125,0.042291998863220215,-0.02205073833465576,-0.06394290924072266
141,740000000,imu1_frame,0.012594731647188552,0.015192721090619525,-0.990441257770718,0.13651618536333285,0.0,-0.00390625,0.001953125,-0.000776439905166626,0.0027142763137817383,-0.06466197967529297
141,765000000,imu1_frame,0.014982706446344366,0.014660413194131297,-0.9904103589545422,0.13655735669693708,-0.001953125,-0.00390625,0.0,0.04403764009475708,-0.013984709978103638,-0.06368637084960938
141,790000000,imu1_frame,0.012492965883993231,0.015197603551016752,-0.9904422216830775,0.13651799938915313,0.0,-0.00390625,0.0,-0.002732902765274048,0.0030801594257354736,-0.06470966339111328
141,815000000,imu1_frame,0.012398113067169852,0.017688715157415567,-0.9904070732799675,0.13648159343099206,0.0,-0.00390625,0.0,0.0020571649074554443,0.012496113777160645,-0.059248924255371094
141,840000000,imu1_frame,0.01248363799292138,0.015274354627706594,-0.9904400220508679,0.13652624507048086,-0.0078125,-0.013671875,0.0,-0.0027066469192504883,-0.03447410464286804,-0.06076240539550781
141,865000000,imu1_frame,0.012264846004344018,0.017847786850607804,-0.9904043077447549,0.13649299343797025,-0.0078125,-0.013671875,0.0,-9.515881538391113e-05,0.015927523374557495,-0.05920219421386719
141,890000000,imu1_frame,0.01287398593380158,0.015429110764112236,-0.990434178055327,0.13651498806751497,0.0,-0.00390625,-0.001953125,0.005258738994598389,-0.032518625259399414,-0.06047534942626953
141,915000000,imu1_frame,0.011690356285166915,0.013196997549060802,-0.990481957796508,0.1365088499153528,0.0,-0.00390625,-0.001953125,-0.02360352873802185,-0.03349798917770386,-0.06619930267333984
141,940000000,imu1_frame,0.012118446515764578,0.015645185830656487,-0.9904482414237736,0.13645751161047476,0.0,-0.00390625,-0.001953125,-0.008806496858596802,-0.02630150318145752,-0.060713768005371094
141,965000000,imu1_frame,0.012669044548946197,0.018081689779339192,-0.9904069511618596,0.1364060808586279,0.0,0.0,-0.001953125,0.008323878049850464,0.019399702548980713,-0.05884075164794922
141,990000000,imu1_frame,0.012119982409553021,0.01564544649830273,-0.9904548744839932,0.13640919192326476,0.0,0.0,-0.001953125,-0.008788973093032837,-0.026286780834197998,-0.06071281433105469
142,15000000,imu1_frame,0.012669790184999337,0.01808214060840028,-0.9904135892517907,0.1363577457758497,0.0,0.0,-0.001953125,0.008324086666107178,0.0194208025932312,-0.05883979797363281
142,40000000,imu1_frame,0.012728408629557144,0.015583417918328249,-0.9904533924514296,0.136371632245112,0.0,0.0,-0.001953125,0.002813190221786499,0.009961307048797607,-0.064361572265625
142,65000000,imu1_frame,0.012823245669998208,0.013038432065566229,-0.990480616024011,0.1364320817859708,0.00390625,0.001953125,0.001953125,-0.0021125972270965576,-0.03957207500934601,-0.06573772430419922
142,90000000,imu1_frame,0.012747613916216463,0.015542924111907898,-0.9904540314008389,0.13636981898983486,0.0,0.001953125,-0.001953125,0.0030764341354370117,0.009126514196395874,-0.0643768310546875
142,115000000,imu1_frame,0.012717137211874044,0.013048679740213382,-0.99048889248556,0.13638093796752018,0.0,0.001953125,-0.001953125,-0.004150569438934326,-0.039075836539268494,-0.06578540802001953
142,140000000,imu1_frame,0.01276435164037416,0.015579051091366737,-0.9904600205040838,0.13632062308155568,-0.001953125,0.001953125,-0.001953125,0.0034833550453186035,0.00979548692703247,-0.0643463134765625
142,165000000,imu1_frame,0.012307655951263336,0.018059249585791602,-0.9904329641809568,0.1362531782128657,-0.001953125,0.001953125,-0.001953125,0.0012200474739074707,0.01997491717338562,-0.05903339385986328
142,190000000,imu1_frame,0.012719898259786554,0.01559146073487414,-0.9904571863104149,0.1363439497244728,0.0,0.0,0.00390625,0.002662360668182373,-0.028914809226989746,-0.060454368591308594
142,215000000,imu1_frame,0.010611464367518982,0.0169329665589787,-0.9904600979845687,0.13634319113137994,0.0,0.0,0.00390625,0.0005735456943511963,0.0026778578758239746,-0.060563087463378906
142,240000000,imu1_frame,0.013097626825233036,0.017215900724047703,-0.9904141171211293,0.1364255897585956,0.0,0.0,0.00390625,0.014321058988571167,0.0014931559562683105,-0.05922126770019531
142,265000000,imu1_frame,0.010620815850546843,0.016889406541414995,-0.9904541781744055,0.13639086169612105,0.00390625,0.0,0.0,-0.03450310230255127,0.0017978847026824951,-0.06058788299560547
142,290000000,imu1_frame,0.013118741339837618,0.017261138158842643,-0.9904199649236592,0.13637538200033453,-0.001953125,0.001953125,-0.00390625,0.01483502984046936,0.002327442169189453,-0.05918121337890625
142,315000000,imu1_frame,0.010677163347294844,0.016850997804095262,-0.9904673494139558,0.13629553111072548,-0.001953125,0.001953125,-0.00390625,-0.03354325890541077,0.0009282529354095459,-0.06058979034423828
142,340000000,imu1_frame,0.01020462587798693,0.01932953078601052,-0.9904391680934831,0.1362075223934862,-0.001953125,0.001953125,-0.00390625,-0.0009714663028717041,0.0501803457736969,-0.059029579162597656
142,365000000,imu1_frame,0.010644800092816044,0.016896455734769243,-0.9904768682838135,0.13622324107609574,-0.001953125,-0.001953125,-0.001953125,0.0010856091976165771,0.0019127130508422852,-0.060573577880859375
142,390000000,imu1_frame,0.013123748905304192,0.016867490181079033,-0.9904390678651414,0.13628539113232824,0.001953125,-0.001953125,0.001953125,0.04901418089866638,-0.005277395248413086,-0.05944061279296875
142,415000000,imu1_frame,0.010792250601517863,0.017797638405198442,-0.9904544216916298,0.13626008199634615,0.001953125,-0.001953125,0.001953125,-0.028808116912841797,0.01895233988761902,-0.05990028381347656
142,440000000,imu1_frame,0.013091269103620523,0.01692788990922736,-0.9904383664347015,0.13628612369070367,-0.00390625,-0.001953125,-0.001953125,0.013390004634857178,-0.004022002220153809,-0.059417724609375
142,465000000,imu1_frame,0.010692274899139426,0.017778608691658357,-0.9904620821959302,0.13621475713949702,-0.00390625,-0.001953125,-0.001953125,-0.030808568000793457,0.01886230707168579,-0.059955596923828125
142,490000000,imu1_frame,0.013045871934646116,0.0169315358600023,-0.9904387053973492,0.13628756058316277,0.0,0.0,0.001953125,0.012521415948867798,-0.0038306713104248047,-0.05943775177001953
142,515000000,imu1_frame,0.010694760762198942,0.017778487117978466,-0.9904554026734596,0.13626313809314117,0.0,0.0,0.001953125,-0.030745357275009155,0.01884084939956665,-0.05995464324951172
142,540000000,imu1_frame,0.010619908801527718,0.015277555248459638,-0.9904903591974212,0.1363182386169993,0.0,0.0,0.001953125,-0.00367581844329834,-0.029380083084106445,-0.06160163879394531
142,565000000,imu1_frame,0.01069745520453895,0.01775030510590104,-0.9904492555603638,0.13631127349091757,0.001953125,0.0,0.001953125,0.004403263330459595,0.018275707960128784,-0.059973716735839844
142,590000000,imu1_frame,0.010660698581401779,0.015234331797769894,-0.9904908060506161,0.13631664524053064,0.001953125,0.00390625,-0.001953125,-0.003001689910888672,-0.030325263738632202,-0.06161022186279297
142,615000000,imu1_frame,0.012425840567312255,0.01703537036879178,-0.9904443664027927,0.13629142197352145,0.001953125,0.00390625,-0.001953125,0.0007966160774230957,-0.0001677870750427246,-0.059678077697753906
142,640000000,imu1_frame,0.01105086317233139,0.01496756904103243,-0.9904964602127605,0.13627403496682514,0.001953125,0.00390625,-0.001953125,0.003830432891845703,0.0025436878204345703,-0.09285259246826172
142,665000000,imu1_frame,0.008592855452513896,0.014520608063359749,-0.9905278398545393,0.13627146894982212,-0.001953125,0.0,0.001953125,-0.04494614899158478,0.00044673681259155273,-0.0940542221069336
142,690000000,imu1_frame,0.011049059753408067,0.014991367225453765,-0.9904893487203191,0.13632324548247604,-0.001953125,0.0,0.001953125,0.003871530294418335,0.002996295690536499,-0.09283924102783203
142,715000000,imu1_frame,0.012415811309630948,0.01710437309908256,-0.9904368369554634,0.13633840270469527,-0.001953125,0.0,0.001953125,0.0008001327514648438,0.0011808574199676514,-0.05963706970214844
142,740000000,imu1_frame,0.014276681733494284,0.018794938198455947,-0.9903772546727226,0.13636649179222116,-0.001953125,0.0,0.001953125,0.04132607579231262,0.028921544551849365,-0.0574798583984375
142,765000000,imu1_frame,0.012060457959062432,0.017655394604749967,-0.9904267777362779,0.13637312909111443,-0.001953125,0.0,0.001953125,0.03055506944656372,0.012784451246261597,-0.0594329833984375
142,790000000,imu1_frame,0.009790017012558303,0.01647686264738741,-0.9904744024842873,0.13635661548889821,-0.001953125,-0.005859375,0.0,-0.0165385901927948,-0.003961145877838135,-0.061188697814941406
142,815000000,imu1_frame,0.011965946325545377,0.01757266094955241,-0.9904286574509846,0.13637848882989628,-0.001953125,-0.005859375,0.0,0.028506726026535034,0.011433720588684082,-0.05953407287597656
142,840000000,imu1_frame,0.012696675465383521,0.015221594526271727,-0.9904519258151341,0.13642609772802464,-0.001953125,-0.005859375,0.0,0.0012501776218414307,0.003026813268661499,-0.09193897247314453
142,865000000,imu1_frame,0.015097060740279741,0.014610077290777948,-0.9904217747149057,0.1364673315088205,0.0,-0.001953125,0.0,0.046094805002212524,-0.015234634280204773,-0.09099102020263672
142,890000000,imu1_frame,0.012705516954320617,0.0151825052202029,-0.9904525248260723,0.13642528152736524,0.00390625,0.001953125,0.0,0.0013169944286346436,0.0022467970848083496,-0.09195804595947266
142,915000000,imu1_frame,0.01478525440633163,0.013705033672821791,-0.9904387560887491,0.13647211708454665,0.00390625,0.001953125,0.0,0.03765028715133667,-0.03192119300365448,-0.0643310546875
142,940000000,imu1_frame,0.012811042086028464,0.01515271037944615,-0.990451962230087,0.13642280998204376,0.00390625,0.001953125,0.0,0.003279656171798706,0.0013889968395233154,-0.09192276000976562
142,965000000,imu1_frame,0.011292273272257859,0.017180715827027876,-0.9904507661410743,0.13632529999444162,-0.001953125,-0.001953125,-0.00390625,-0.020749568939208984,0.044723331928253174,-0.09135627746582031
142,990000000,imu1_frame,0.012735130233588719,0.01522252668036159,-0.9904648974324499,0.13632819992035994,-0.00390625,-0.00390625,-0.00390625,0.001971215009689331,0.002970486879348755,-0.0919189453125
143,15000000,imu1_frame,0.01073596139655088,0.016839264973691852,-0.990475697943605,0.13623167792832175,-0.00390625,-0.00390625,-0.00390625,0.0027008056640625,0.0005605220794677734,-0.060573577880859375
143,40000000,imu1_frame,0.008798977166010509,0.01853474619411915,-0.9904746191137028,0.13615825379284613,-0.005859375,-0.001953125,-0.001953125,-0.030313000082969666,0.03855699300765991,-0.06014060974121094
143,65000000,imu1_frame,0.011100577901998535,0.017715734718852533,-0.9904628282534612,0.13618485878307982,-0.005859375,-0.001953125,-0.001953125,-0.023081153631210327,0.016564607620239258,-0.059825897216796875
143,90000000,imu1_frame,0.013301264602567281,0.01677894382888626,-0.9904448972605119,0.13623673841726283,-0.00390625,-0.0078125,0.0,0.0170443058013916,-0.007450073957443237,-0.05940723419189453
143,115000000,imu1_frame,0.01070412723797314,0.01698551204728534,-0.9904780434296462,0.1361989703497965,-0.00390625,-0.0078125,0.0,0.0024635791778564453,0.0034844577312469482,-0.09564590454101562
143,140000000,imu1_frame,0.009698053311764382,0.014691985353480399,-0.9905226094142294,0.13621693568554852,-0.00390625,-0.0078125,0.0,-0.023107454180717468,-0.038232654333114624,-0.06231117248535156
143,165000000,imu1_frame,0.010684774042103388,0.016950874005211287,-0.9904782322414559,0.13620343215194325,0.001953125,-0.001953125,0.0,0.0019979476928710938,0.002864271402359009,-0.060520172119140625
143,190000000,imu1_frame,0.010009501021892122,0.014542309884295957,-0.9905141377112584,0.13627205915610185,0.0,0.0,0.00390625,-0.017461657524108887,-0.04197302460670471,-0.06227684020996094
143,215000000,imu1_frame,0.010683706133219383,0.016947698455356278,-0.9904649933682702,0.13630014986168532,0.0,0.0,0.00390625,0.0019981563091278076,0.002781093120574951,-0.060523033142089844
143,240000000,imu1_frame,0.009932048670971949,0.014564495527902592,-0.9905014863577499,0.13636728127488404,0.0,0.0,0.00390625,-0.01887759566307068,-0.041359275579452515,-0.06229400634765625
143,265000000,imu1_frame,0.010682938444349418,0.01694718048806764,-0.9904550287943499,0.13637266528041003,0.0,0.0,0.001953125,0.002003878355026245,0.0027546584606170654,-0.06052398681640625
143,290000000,imu1_frame,0.009840973089394562,0.01459519201337968,-0.9904952427505984,0.13641594374258229,-0.001953125,-0.00390625,0.001953125,-0.02054642140865326,-0.04053333401679993,-0.06231117248535156
143,315000000,imu1_frame,0.010632229973546714,0.016964388732819576,-0.9904481983396345,0.13642408733974895,-0.001953125,-0.00390625,0.001953125,0.0010835826396942139,0.0032099783420562744,-0.06053352355957031
143,340000000,imu1_frame,0.011745010621380987,0.014707675554046592,-0.9904587407493779,0.13651821079422785,0.001953125,-0.001953125,0.00390625,0.016639262437820435,-0.04346674680709839,-0.06144428253173828
143,365000000,imu1_frame,0.010619788422416739,0.016921564691615643,-0.9904356698299543,0.13652129749874237,0.001953125,-0.001953125,0.00390625,0.0007581114768981934,0.0023897886276245117,-0.06056690216064453
143,390000000,imu1_frame,0.012942393804421231,0.01574946105716261,-0.9904176900927025,0.13659153733103632,0.005859375,0.005859375,0.001953125,0.042613476514816284,-0.026523679494857788,-0.060245513916015625
143,415000000,imu1_frame,0.01220223326464549,0.01804723094520439,-0.9903913371377767,0.13656647568496563,0.005859375,0.005859375,0.001953125,-0.0007523894309997559,0.019933581352233887,-0.05909156799316406
143,440000000,imu1_frame,0.010282838974887526,0.016491646871756176,-0.9904387583424558,0.1365772850042352,0.005859375,0.005859375,0.001953125,-0.0068936944007873535,-0.005044311285018921,-0.060985565185546875
143,465000000,imu1_frame,0.01204144842492219,0.018280794841219392,-0.9903874029557038,0.1365782124881547,0.00390625,0.00390625,0.0,0.03191792964935303,0.02488023042678833,-0.059001922607421875
143,490000000,imu1_frame,0.010301543899090066,0.016516477340592403,-0.9904352974395623,0.13659797127102088,0.0,0.001953125,0.001953125,-0.006459280848503113,-0.004618793725967407,-0.06096172332763672
143,515000000,imu1_frame,0.012726777672942623,0.017222468880442057,-0.9903881133825869,0.13664845614278232,0.0,0.001953125,0.001953125,0.007227540016174316,0.0025450289249420166,-0.05940437316894531
143,540000000,imu1_frame,0.012760898593756063,0.014723717706526121,-0.9904195669610018,0.13670937416563692,0.0,0.001953125,0.001953125,0.0012393593788146973,-0.006863534450531006,-0.06485366821289062
143,565000000,imu1_frame,0.012682967043303241,0.017230288967296687,-0.9903756490785842,0.1367418487561677,0.0,0.005859375,0.005859375,0.006428658962249756,0.041848570108413696,-0.06332778930664062
143,590000000,imu1_frame,0.01271913888709002,0.01472603338346966,-0.9904136438952944,0.13675591918745184,0.0,-0.001953125,-0.001953125,0.0004489719867706299,-0.006720423698425293,-0.06487369537353516
143,615000000,imu1_frame,0.010976324533961392,0.016539290411537157,-0.9904159325236856,0.13668303762956943,0.0,-0.001953125,-0.001953125,0.0066886842250823975,-0.006003618240356445,-0.06066703796386719
143,640000000,imu1_frame,0.009281317169266015,0.018466343124459838,-0.990402539912201,0.1366589194259725,-0.00390625,-0.00390625,0.001953125,-0.02098885178565979,0.03583201766014099,-0.060019493103027344
143,665000000,imu1_frame,0.010909309662943574,0.01660952973220386,-0.9904118620865461,0.1367093775971977,-0.001953125,-0.001953125,0.0,0.005586773157119751,-0.004471510648727417,-0.060649871826171875
143,690000000,imu1_frame,0.009266245769515924,0.018509900932709333,-0.9903983526101086,0.13668439341776759,0.0,-0.001953125,0.001953125,-0.021155789494514465,0.03670945763587952,-0.059993743896484375
143,715000000,imu1_frame,0.010882541791215342,0.016614844952571203,-0.990405250442153,0.13675875514196745,0.0,-0.001953125,0.001953125,0.0050972700119018555,-0.00430983304977417,-0.060657501220703125
143,740000000,imu1_frame,0.012862901249324495,0.015115182342270515,-0.9903953531192561,0.1368324579695687,0.0,-0.001953125,0.001953125,0.004290252923965454,0.0004042983055114746,-0.0919189453125
143,765000000,imu1_frame,0.0104987978355977,0.015998098313063064,-0.9904121227502679,0.1368125111372522,0.0,-0.001953125,0.001953125,-0.03911854326725006,0.023829728364944458,-0.06511783599853516
143,790000000,imu1_frame,0.012817299259359647,0.015120753905842624,-0.9903924333641876,0.1368572525516202,0.0,-0.001953125,0.0,0.0034289658069610596,0.0006270706653594971,-0.06459426879882812
143,815000000,imu1_frame,0.010573766107906382,0.016267031867597766,-0.9904071735849381,0.13681085357532055,0.0,-0.001953125,0.0,-0.03694947063922882,0.028834491968154907,-0.06491756439208984
143,840000000,imu1_frame,0.012776144588458055,0.015126704978931354,-0.9903927798359193,0.13685793573927502,0.0,-0.001953125,0.0,0.0026484131813049316,0.0008522868156433105,-0.06461143493652344
143,865000000,imu1_frame,0.010883887239410282,0.016764416511352822,-0.9904025442279953,0.136759993142393,0.0,0.0,-0.00390625,-0.02963322401046753,0.03764358162879944,-0.06446552276611328
143,890000000,imu1_frame,0.012726206353434234,0.01512149477991986,-0.9903967333955316,0.13683455172919867,0.0,-0.00390625,0.001953125,0.0016618669033050537,0.0008920729160308838,-0.06463909149169922
143,915000000,imu1_frame,0.010782686827580216,0.016748018072082167,-0.9903970283727028,0.13680995484962113,0.0,-0.00390625,0.001953125,0.0035351216793060303,-0.0014782249927520752,-0.06061363220214844
143,940000000,imu1_frame,0.00919945219136845,0.01869730172823485,-0.9903815382778718,0.1367851951996936,0.0,-0.001953125,0.001953125,-0.021914392709732056,0.040491580963134766,-0.05988121032714844
143,965000000,imu1_frame,0.010757257029686199,0.016729025319367093,-0.9903908388670539,0.13685907869510963,0.001953125,-0.001953125,0.001953125,0.0030069351196289062,-0.0017901360988616943,-0.06063652038574219
143,990000000,imu1_frame,0.009523459851281722,0.018901728598888917,-0.9903675694909942,0.1368360539804323,0.0,0.0,0.001953125,-0.015079125761985779,0.04356810450553894,-0.059612274169921875
144,15000000,imu1_frame,0.011670418649225352,0.017616800729326205,-0.9903577007379327,0.1369126518978069,0.0,0.0,0.001953125,-0.012085378170013428,0.012929946184158325,-0.059639930725097656
144,40000000,imu1_frame,0.013769811627770079,0.016324556399134785,-0.9903489674198596,0.13694095032723128,0.0,-0.00390625,-0.001953125,0.025104433298110962,-0.017715036869049072,-0.05945301055908203
144,65000000,imu1_frame,0.01126434517884479,0.016775316011850387,-0.9903822506421199,0.13687476361054943,0.0,-0.00390625,-0.001953125,0.012950927019119263,-0.0022567808628082275,-0.060387611389160156
144,90000000,imu1_frame,0.008788697689516047,0.017336215329518536,-0.9903969558628158,0.1368798168052483,-0.00390625,-0.001953125,0.00390625,-0.03347069025039673,0.015229403972625732,-0.06098365783691406
144,115000000,imu1_frame,0.011271625279687015,0.01677971894882376,-0.9903786763407303,0.13689948482421677,0.0,0.00390625,-0.001953125,0.013110846281051636,-0.002197772264480591,-0.06038188934326172
144,140000000,imu1_frame,0.013702578059570257,0.01753686346585736,-0.990334852580505,0.13689988144133136,0.0,0.00390625,-0.001953125,0.027029991149902344,0.005939364433288574,-0.05868721008300781
144,165000000,imu1_frame,0.01126721538457655,0.016792432081241496,-0.9903752019419648,0.13692342188496065,0.0,-0.00390625,0.00390625,-0.022089511156082153,-0.0019461214542388916,-0.060375213623046875
144,190000000,imu1_frame,0.013633857801629842,0.017514077007488915,-0.9903293108897262,0.1369497390311527,0.0,-0.001953125,0.0,0.02565428614616394,0.005667001008987427,-0.058739662170410156
144,215000000,imu1_frame,0.01180362024214244,0.015780977182246417,-0.9903820119226715,0.13694928173726917,0.0,-0.001953125,0.0,0.02075338363647461,0.016096025705337524,-0.09202766418457031
144,240000000,imu1_frame,0.012843897612571351,0.018037284615335644,-0.9903328147907484,0.13693285437197347,0.0,-0.001953125,0.0,0.011757612228393555,0.017915397882461548,-0.05878448486328125
144,265000000,imu1_frame,0.011897104024390157,0.01579005822697396,-0.9903773427947061,0.1369739093985372,-0.001953125,0.005859375,0.001953125,-0.012562215328216553,-0.02304801344871521,-0.060729026794433594
144,290000000,imu1_frame,0.012887104628329819,0.01808862248354239,-0.990328495828369,0.13695325706702438,0.001953125,0.00390625,0.0,0.012737631797790527,0.018786966800689697,-0.05872631072998047
144,315000000,imu1_frame,0.012804433575468904,0.015575219801521037,-0.9903675484346716,0.13698751043961566,0.001953125,0.00390625,0.0,0.004429280757904053,0.009419649839401245,-0.06432819366455078
144,340000000,imu1_frame,0.012331507902612985,0.013113204158683384,-0.990401679325728,0.1370419329195213,0.0,-0.001953125,0.001953125,-0.01129642128944397,-0.036980196833610535,-0.06594181060791016
144,365000000,imu1_frame,0.011296078487098762,0.015399083046797636,-0.9903838177655255,0.13702248122229319,0.0,-0.001953125,0.001953125,0.009927749633789062,-0.029016733169555664,-0.06123924255371094
144,390000000,imu1_frame,0.010418255363561559,0.01768836607711184,-0.9903615895951166,0.13697628814994073,0.001953125,0.0078125,0.0,-0.0009550154209136963,0.017654836177825928,-0.060131072998046875
144,415000000,imu1_frame,0.012938480854895514,0.01703764820564195,-0.9903370999161859,0.13702095747142642,0.001953125,0.0078125,0.0,0.010943442583084106,-0.001709669828414917,-0.05942249298095703
144,440000000,imu1_frame,0.010602013358085749,0.017593286469711037,-0.9903617617230909,0.1369731889848716,0.001953125,0.0078125,0.0,-0.03280952572822571,0.015322983264923096,-0.06012153625488281
144,465000000,imu1_frame,0.013079941066403799,0.017019001440909245,-0.9903426286484124,0.13696987483898262,0.0,0.00390625,-0.00390625,0.013616412878036499,-0.0024345219135284424,-0.059363365173339844
144,490000000,imu1_frame,0.01064602587934288,0.01793250523209885,-0.9904114546309437,0.13656587393963185,-0.03125,0.005859375,-0.029296875,-0.03118160367012024,0.02187424898147583,-0.05986785888671875
144,515000000,imu1_frame,0.013135880081744536,0.01800432051587971,-0.9904237227744831,0.13625029344105394,-0.03125,0.005859375,-0.029296875,-0.02195754647254944,0.016703158617019653,-0.06256580352783203
144,540000000,imu1_frame,0.011606672977226,0.016436870483712812,-0.9905186468268733,0.1358967428578074,-0.03125,0.005859375,-0.029296875,-0.016766905784606934,-0.009458929300308228,-0.060454368591308594
144,565000000,imu1_frame,0.013520928907237632,0.018013494159512162,-0.990469331201554,0.1358793673034904,0.0,-0.001953125,-0.001953125,0.024465173482894897,0.015969187021255493,-0.058452606201171875
144,590000000,imu1_frame,0.011594186537119137,0.016439821867439544,-0.9905285218373532,0.13582545609059352,-0.001953125,0.0,-0.00390625,-0.017021507024765015,-0.009349286556243896,-0.06045818328857422
144,615000000,imu1_frame,0.013955391737703958,0.01726888931511487,-0.9904873531536436,0.13580072071222235,-0.001953125,0.0,-0.00390625,-0.008185029029846191,0.0004266202449798584,-0.0626382827758789
144,640000000,imu1_frame,0.01636392869330607,0.017934171928559117,-0.9904319670842847,0.13584957082196336,0.001953125,0.0,0.001953125,0.04021245241165161,0.006878703832626343,-0.060753822326660156
144,665000000,imu1_frame,0.013919565935012172,0.017408333692459286,-0.9904794520468281,0.13584421472866645,0.001953125,0.0,0.001953125,0.03056696057319641,0.0032073259353637695,-0.058658599853515625
144,690000000,imu1_frame,0.011436081396428098,0.01696891149210621,-0.9905163422516784,0.1358626063986089,-0.001953125,-0.001953125,0.00390625,-0.01866847276687622,0.0013023018836975098,-0.06018352508544922
144,715000000,imu1_frame,0.013853981287148306,0.0173900622856907,-0.9904736591630077,0.13589548719673322,-0.001953125,-0.00390625,0.0,0.029264211654663086,0.0030116140842437744,-0.05870628356933594
144,740000000,imu1_frame,0.011341475531149116,0.01695938723400441,-0.9905171723391104,0.1358656741740031,-0.001953125,-0.00390625,0.0,-0.020524293184280396,0.0013687610626220703,-0.06023216247558594
144,765000000,imu1_frame,0.013836286277045917,0.017353250872610238,-0.9904709938491569,0.13592141924536819,0.0,0.001953125,0.001953125,0.028831928968429565,0.0023379921913146973,-0.05874061584472656
144,790000000,imu1_frame,0.01136447545864234,0.016964788217046813,-0.9905168799709286,0.1358652094944019,0.0,0.0,-0.001953125,-0.02006480097770691,0.0014123022556304932,-0.06021881103515625
144,815000000,imu1_frame,0.008875456084261971,0.01670387016415298,-0.9905548426118742,0.13580615147702507,0.0,0.0,-0.001953125,-0.03380616009235382,0.0029933154582977295,-0.061374664306640625
144,840000000,imu1_frame,0.011354774311161293,0.01704180475111434,-0.9905224367092281,0.13581586198519202,0.0,0.0,-0.001953125,-0.02006351947784424,0.002941817045211792,-0.09532737731933594
144,865000000,imu1_frame,0.013756273884488223,0.01739199939183717,-0.9904811661365504,0.13585044282131903,-0.001953125,-0.005859375,0.0,0.027364373207092285,0.003323286771774292,-0.09391403198242188
144,890000000,imu1_frame,0.011181105608962698,0.017067520562394748,-0.9905199638867074,0.13584507264192397,-0.005859375,-0.0078125,0.001953125,-0.02334842085838318,0.0038937628269195557,-0.09538745880126953
144,915000000,imu1_frame,0.011525481654028863,0.01958668031192246,-0.9904693773569108,0.135845271339177,-0.005859375,-0.0078125,0.001953125,-0.010002940893173218,-0.026389867067337036,-0.0621795654296875
144,940000000,imu1_frame,0.012184536542595928,0.02210781583604535,-0.990421545585886,0.13574956201574484,-0.0078125,0.00390625,-0.005859375,0.00939875841140747,0.020673513412475586,-0.05981922149658203
144,965000000,imu1_frame,0.01236033274880388,0.01971867838442987,-0.990474246959458,0.13571721337842563,-0.0078125,0.00390625,-0.005859375,0.006463199853897095,0.052107155323028564,-0.05778217315673828
144,990000000,imu1_frame,0.012516441725066005,0.01720555359140723,-0.9905206255449037,0.1357062930828521,0.001953125,0.00390625,-0.00390625,0.002826213836669922,0.003054708242416382,-0.05951976776123047
145,15000000,imu1_frame,0.01113547100659583,0.0151669987021621,-0.9905790068395156,0.13564363105088648,-0.00390625,0.0,-0.005859375,-0.029325395822525024,-0.032721251249313354,-0.061448097229003906
145,40000000,imu1_frame,0.012531392666610743,0.01728321692263508,-0.9905386913422852,0.13556310546956868,-0.00390625,0.0,-0.005859375,0.0032774507999420166,0.004559606313705444,-0.05946063995361328
145,65000000,imu1_frame,0.011637425240484786,0.015009410844915189,-0.9905839163523371,0.13558315744931868,-0.00390625,0.001953125,0.0,-0.020040541887283325,-0.03708839416503906,-0.06131744384765625
145,90000000,imu1_frame,0.012500974660902742,0.017526856378201523,-0.9905410285386813,0.13551754764441593,-0.015625,-0.001953125,-0.00390625,0.003319084644317627,0.009369611740112305,-0.05930900573730469
145,115000000,imu1_frame,0.01199626620496901,0.020174561559264916,-0.9905091036280292,0.13542818131035025,-0.015625,-0.001953125,-0.00390625,0.0005178451538085938,0.022917985916137695,-0.06150627136230469
145,140000000,imu1_frame,0.01243719471811158,0.0179120521346954,-0.9905472960275505,0.13542720889236282,-0.015625,-0.001953125,-0.00390625,0.0030746757984161377,-0.02204132080078125,-0.06297969818115234
145,165000000,imu1_frame,0.011979652885869139,0.02031808695092232,-0.9905093078591425,0.13540669962668606,0.00390625,0.0,0.001953125,0.0005676150321960449,0.025745898485183716,-0.061400413513183594
145,190000000,imu1_frame,0.01237481125925213,0.017854151894079715,-0.9905489947268827,0.13542814460813998,0.0,-0.005859375,-0.001953125,0.0017142891883850098,-0.022996872663497925,-0.06305122375488281
145,215000000,imu1_frame,0.012644868851875749,0.01536810034663507,-0.9905847366808371,0.13544669888340344,0.0,-0.005859375,-0.001953125,0.0003764629364013672,-0.03277909755706787,-0.060626983642578125
145,240000000,imu1_frame,0.012305630799504353,0.017869461028760147,-0.9905489681420034,0.13543262356603902,-0.001953125,-0.0078125,0.001953125,0.0004165768623352051,0.016543805599212646,-0.059166908264160156
145,265000000,imu1_frame,0.01201033326922754,0.020370467772354493,-0.9905061951123373,0.13541888118566756,-0.001953125,-0.0078125,0.001953125,0.0013044178485870361,0.02667483687400818,-0.061344146728515625
145,290000000,imu1_frame,0.01203948470858223,0.01802504448408415,-0.9905342558635899,0.1355434857898496,-0.013671875,-0.02734375,0.005859375,-0.004288852214813232,-0.018832534551620483,-0.06309127807617188
145,315000000,imu1_frame,0.012199208377897144,0.020591807975544038,-0.9904757640435142,0.13559099380736087,-0.009765625,-0.015625,0.005859375,0.0056092143058776855,0.03040701150894165,-0.061077117919921875
145,340000000,imu1_frame,0.01018245504083195,0.01896301835121059,-0.9905215782655895,0.13566032778450218,-0.009765625,-0.015625,0.005859375,-0.0025627464056015015,0.004220813512802124,-0.06322002410888672
145,365000000,imu1_frame,0.0124567239972027,0.018195318731431296,-0.9905060516768098,0.13568906365339772,-0.001953125,-0.0078125,-0.001953125,0.03944188356399536,-0.016686826944351196,-0.06277084350585938
145,390000000,imu1_frame,0.00999166680888448,0.018961027662443352,-0.9905297304783995,0.1356152611720136,0.001953125,-0.0078125,-0.001953125,-0.00627724826335907,0.004699915647506714,-0.06329536437988281
145,415000000,imu1_frame,0.01238678209031286,0.01917415093766567,-0.9904962020826595,0.13563256697819354,0.001953125,-0.0078125,-0.001953125,0.0055040717124938965,0.002460300922393799,-0.0894327163696289
145,440000000,imu1_frame,0.009855293997397877,0.018588916238323844,-0.9905436026630332,0.13557542770225164,0.001953125,-0.0078125,-0.001953125,-0.04507213830947876,-0.0021306276321411133,-0.06362152099609375
145,465000000,imu1_frame,0.012279513863591664,0.019225363776928732,-0.990502891782271,0.13558620983668423,-0.005859375,0.0,-0.001953125,0.003547072410583496,0.003749847412109375,-0.062103271484375
145,490000000,imu1_frame,0.010693572069543631,0.017318549272032326,-0.9905662576343311,0.13551459184833786,-0.001953125,0.0,-0.005859375,-0.03222349286079407,-0.02892887592315674,-0.0641775131225586
145,515000000,imu1_frame,0.012288755121426556,0.019262663212994278,-0.9905217585175755,0.1354421729254167,-0.001953125,0.0,-0.005859375,0.003775179386138916,0.004489213228225708,-0.06207084655761719
145,540000000,imu1_frame,0.010963528675334327,0.017146594466895343,-0.9905817483541591,0.13540160695054684,0.0,0.0,-0.00390625,-0.027486473321914673,-0.03294414281845093,-0.064178466796875
145,565000000,imu1_frame,0.013461813860483304,0.017122608369608234,-0.9905526893383451,0.13539189597157977,0.0,0.0,-0.00390625,0.020813316106796265,-0.0009658336639404297,-0.059096336364746094
145,590000000,imu1_frame,0.011037847459594132,0.01713071414469106,-0.9905946226159844,0.13530335620614573,0.001953125,0.005859375,-0.00390625,-0.026119709014892578,0.005639523267745972,-0.06025123596191406
145,615000000,imu1_frame,0.01167386153653701,0.019554493273805935,-0.9905525470782675,0.1352294133182086,0.001953125,0.005859375,-0.00390625,-0.007432043552398682,-0.027234673500061035,-0.08948135375976562
145,640000000,imu1_frame,0.00954270995406784,0.018363765433593606,-0.9906081267131088,0.13515638385136555,0.001953125,0.005859375,-0.00390625,-0.016703203320503235,-0.005560249090194702,-0.06390380859375
145,665000000,imu1_frame,0.011771831554472135,0.019602026491016892,-0.9905611403507659,0.1351510701633142,0.00390625,0.005859375,-0.001953125,0.02971869707107544,0.012510478496551514,-0.06205558776855469
145,690000000,imu1_frame,0.00962140364037601,0.018388094324156754,-0.9906076832492908,0.13515074719211675,0.00390625,0.00390625,0.001953125,-0.015117287635803223,-0.005296260118484497,-0.06385612487792969
145,715000000,imu1_frame,0.011799574952704641,0.019665406365048557,-0.9905538059137561,0.13519319292481294,0.00390625,0.00390625,0.001953125,0.03043791651725769,0.013651937246322632,-0.06199359893798828
145,740000000,imu1_frame,0.013373606017922233,0.017635527099835447,-0.9905613883026523,0.13527110131107262,0.00390625,0.00390625,0.001953125,0.02042362093925476,-0.029828786849975586,-0.0626993179321289
145,765000000,imu1_frame,0.011782106939147668,0.019648124293589572,-0.9905477704561477,0.13524144191841866,-0.00390625,-0.00390625,0.001953125,-0.0050850510597229,0.013350069522857666,-0.062015533447265625
145,790000000,imu1_frame,0.013319726117307685,0.017732852906216862,-0.9905500438253981,0.13534674544099043,-0.001953125,-0.00390625,0.00390625,0.01966094970703125,-0.02782544493675232,-0.06266021728515625
145,815000000,imu1_frame,0.010945877182034425,0.018671381132273266,-0.9905621327900169,0.13534484985333636,-0.001953125,-0.00390625,0.00390625,0.011338621377944946,-0.0033681094646453857,-0.06311893463134766
145,840000000,imu1_frame,0.008649123356091077,0.019610190638112254,-0.9905772355224081,0.13526778460923944,0.0,0.001953125,-0.001953125,-0.030675917863845825,0.02090492844581604,-0.06329536437988281
145,865000000,imu1_frame,0.011013646446985584,0.0187376873489862,-0.9905669015134437,0.13529527815414702,0.0,0.001953125,-0.001953125,0.012809038162231445,-0.002251148223876953,-0.09038543701171875
145,890000000,imu1_frame,0.008659391141669722,0.019543983216449064,-0.990578516726841,0.1352673274088841,0.001953125,0.0,0.001953125,-0.030652135610580444,0.019596368074417114,-0.09068679809570312
145,915000000,imu1_frame,0.011153874172130842,0.01926858131552951,-0.9905491730824112,0.1353390134838824,0.001953125,0.0,0.001953125,-0.01821538805961609,0.00764128565788269,-0.08992958068847656
145,940000000,imu1_frame,0.01363920396313997,0.0189162106919387,-0.9905150751162487,0.13541061648099198,0.001953125,0.0,0.001953125,0.028991758823394775,-0.005788058042526245,-0.061644554138183594
145,965000000,imu1_frame,0.011213477783128978,0.019291802156212595,-0.9905482726456536,0.1353373704646454,0.0,0.00390625,-0.001953125,-0.017000555992126465,0.007933467626571655,-0.06254196166992188
145,990000000,imu1_frame,0.013678245133592476,0.018912754423704495,-0.9905212440996707,0.1353620268665277,-0.001953125,0.0,-0.001953125,0.0297221839427948,-0.0059430599212646484,-0.06162548065185547
146,15000000,imu1_frame,0.011175856468913819,0.01895692295783408,-0.990560919814656,0.13529523066279736,-0.001953125,0.0,-0.001953125,0.016528457403182983,0.0015628039836883545,-0.09015274047851562
146,40000000,imu1_frame,0.008684338692475884,0.018745130141937537,-0.990598677661669,0.1352311435002642,-0.001953125,0.0,-0.001953125,-0.03229112923145294,0.004075795412063599,-0.06393241882324219
146,65000000,imu1_frame,0.011051575106017501,0.018977258028384836,-0.990558131549767,0.13532300021073504,-0.00390625,-0.009765625,0.00390625,0.01418536901473999,0.002277940511703491,-0.06284904479980469
146,90000000,imu1_frame,0.008500044984205844,0.018656845199141944,-0.9905877754300666,0.1353348829053087,-0.00390625,-0.005859375,0.00390625,-0.03605702519416809,0.0028322935104370117,-0.06405925750732422
146,115000000,imu1_frame,0.010902911059007321,0.018991398686674,-0.9905456499117041,0.13542440233341518,-0.00390625,-0.005859375,0.00390625,0.011379241943359375,0.002918750047683716,-0.06290149688720703
146,140000000,imu1_frame,0.00842713445882747,0.018511263289293728,-0.9905869577765483,0.13536541515191472,-0.00390625,-0.001953125,-0.001953125,-0.03784304857254028,0.0002008378505706787,-0.06418895721435547
146,165000000,imu1_frame,0.010861299742713049,0.01897129327714602,-0.9905461529068278,0.1354268849260548,0.0,-0.001953125,0.001953125,0.010521352291107178,0.002639293670654297,-0.06293392181396484
146,190000000,imu1_frame,0.008343901318492684,0.01857050131658364,-0.9905862547909114,0.13536760177735754,-0.005859375,-0.00390625,-0.001953125,-0.03929723799228668,0.0015674829483032227,-0.06417274475097656
146,215000000,imu1_frame,0.009820958543413196,0.020607890140702533,-0.9905348559182763,0.13534977963852252,-0.005859375,-0.00390625,-0.001953125,-0.00532299280166626,-0.0019706785678863525,-0.062088966369628906
146,240000000,imu1_frame,0.010577176966115884,0.0183081643029603,-0.9905691923961535,0.1353721150123451,-0.005859375,-0.00390625,-0.001953125,0.0032500028610229492,-0.009428471326828003,-0.0635366439819336
146,265000000,imu1_frame,0.009973151069985225,0.020722992180388245,-0.9905273207656703,0.13537621899584118,0.0,0.005859375,0.00390625,-0.0020624399185180664,0.03890964388847351,-0.061936378479003906
146,290000000,imu1_frame,0.010504689931779741,0.018310610129201304,-0.9905601930786639,0.13544326094012124,-0.001953125,-0.00390625,0.001953125,0.0018765032291412354,-0.009207189083099365,-0.06356430053710938
146,315000000,imu1_frame,0.010061052007668297,0.02079659272292966,-0.9905175683521193,0.13542977423528496,-0.001953125,-0.00390625,0.001953125,-0.00014588236808776855,0.04008755087852478,-0.061842918395996094
146,340000000,imu1_frame,0.010462149854377663,0.01835731804176905,-0.9905527127775163,0.13549492796352663,-0.001953125,-0.00390625,0.001953125,0.0011934936046600342,-0.0082034170627594,-0.06354904174804688
146,365000000,imu1_frame,0.010361164189256419,0.020768057477444448,-0.9905115824890742,0.13545530266566394,0.0078125,0.009765625,0.0,0.00559842586517334,0.03873300552368164,-0.061745643615722656
146,390000000,imu1_frame,0.010432868675755309,0.0182457874519775,-0.9905526396289136,0.13551278395650798,0.001953125,0.0,0.001953125,0.0003375113010406494,-0.010289013385772705,-0.06363964080810547
146,415000000,imu1_frame,0.010354734079560184,0.020718133618765927,-0.9905061794223122,0.13550294073455005,0.001953125,0.0,0.001953125,0.0053598880767822266,0.03777149319648743,-0.06178855895996094
146,440000000,imu1_frame,0.010535980992804344,0.01818249935665932,-0.9905464815558153,0.135558318442872,0.00390625,0.0078125,0.001953125,0.0021812915802001953,-0.011799097061157227,-0.06364250183105469
146,465000000,imu1_frame,0.010100475133397738,0.02064408038654183,-0.9905015527001645,0.13556723957371394,0.0,0.0,0.00390625,0.00026598572731018066,0.03699663281440735,-0.061949729919433594
146,490000000,imu1_frame,0.010424453951687725,0.018263887596559312,-0.9905424408939952,0.13558552266903479,-0.0078125,-0.0078125,-0.001953125,0.00024637579917907715,-0.009934753179550171,-0.06363105773925781
146,515000000,imu1_frame,0.010257971685439786,0.020844832148620616,-0.9905007205799842,0.13553076964338748,-0.0078125,-0.0078125,-0.001953125,0.003832310438156128,0.04047316312789917,-0.06172466278076172
146,540000000,imu1_frame,0.010298399423523409,0.018407021459870408,-0.9905365765443739,0.1356186383136227,-0.005859375,-0.01171875,0.00390625,-0.0018042027950286865,-0.006837993860244751,-0.06357860565185547
146,565000000,imu1_frame,0.010752353955891724,0.020923580743420954,-0.9904777787603091,0.13564792823823324,-0.0078125,-0.0078125,0.00390625,0.01365596055984497,0.04065403342247009,-0.06145763397216797
146,590000000,imu1_frame,0.010226941541180153,0.018540672373597602,-0.9905203605598506,0.13572423678559348,-0.0078125,-0.0078125,0.00390625,-0.0027983933687210083,-0.004087716341018677,-0.06351089477539062
146,615000000,imu1_frame,0.010050729638401078,0.021121056409955884,-0.9904680383862267,0.1357422143078694,-0.0078125,-0.0078125,0.00390625,0.0006324350833892822,0.007252693176269531,-0.08892440795898438
146,640000000,imu1_frame,0.01033570639586169,0.018734620471063657,-0.990500725002644,0.135832621039058,-0.0078125,-0.0078125,0.00390625,-0.00014227628707885742,-0.000650256872177124,-0.06332683563232422
146,665000000,imu1_frame,0.011354929651798601,0.02104024609587233,-0.9904448900920566,0.13582081323332545,-0.001953125,0.0,0.0,0.025695592164993286,0.04126313328742981,-0.06110191345214844
146,690000000,imu1_frame,0.01034729445992571,0.018775914739031275,-0.9904996909392603,0.13583357748473612,-0.001953125,0.0,0.0,0.00019186735153198242,0.00011798739433288574,-0.09063529968261719
146,715000000,imu1_frame,0.011477198863287423,0.021029477257602146,-0.9904432256586855,0.13582434148319228,-0.001953125,0.0,0.0,0.028035283088684082,0.040728598833084106,-0.06105613708496094
146,740000000,imu1_frame,0.008979710388370126,0.020883961365185895,-0.9904783783225894,0.1357785219925884,-0.001953125,0.0,0.0,-0.020715609192848206,0.005502432584762573,-0.08951759338378906
146,765000000,imu1_frame,0.01155507018880188,0.020964221551037714,-0.9904504701462177,0.1357749901669198,0.00390625,0.005859375,-0.00390625,0.029351115226745605,0.00021022558212280273,-0.08841800689697266
146,790000000,imu1_frame,0.009049428604327666,0.020944013872617354,-0.99048679124052,0.13570325162978747,-0.001953125,0.0,-0.001953125,-0.019235745072364807,0.00649675726890564,-0.08944320678710938
146,815000000,imu1_frame,0.011544300387146232,0.02082167228722218,-0.9904598522578394,0.13572939312143792,-0.001953125,0.0,-0.001953125,0.028747856616973877,-0.0025069117546081543,-0.06119537353515625
146,840000000,imu1_frame,0.008982430969103106,0.020842503459975376,-0.9904893482822661,0.1357046680213246,0.005859375,-0.005859375,0.001953125,-0.02080109715461731,0.004710018634796143,-0.06220722198486328
146,865000000,imu1_frame,0.011457381324659573,0.020921659255443793,-0.9904589185477002,0.13572819624713528,0.0,-0.001953125,-0.001953125,0.027329564094543457,-0.0003406703472137451,-0.06115245819091797
146,890000000,imu1_frame,0.009163130694860275,0.02077420832026784,-0.9905063251398198,0.1355790882199192,0.0078125,0.015625,-0.0078125,-0.017531663179397583,0.0029377639293670654,-0.06219768524169922
146,915000000,imu1_frame,0.010747190678974256,0.018617796081308625,-0.9905402160789548,0.13552843204229137,0.0078125,0.015625,-0.0078125,0.00741201639175415,-0.00392642617225647,-0.06324195861816406
146,940000000,imu1_frame,0.010301818287135377,0.020962199388093957,-0.9905178894381994,0.13538378573406715,0.0078125,0.015625,-0.0078125,0.004935473203659058,0.0036035776138305664,-0.061611175537109375
146,965000000,imu1_frame,0.008018421900840272,0.019807021163647954,-0.9905564437578145,0.13543012424388612,-0.001953125,-0.005859375,0.005859375,-0.04230806231498718,-0.012712061405181885,-0.06334972381591797
146,990000000,imu1_frame,0.01041548095363397,0.01942177705977228,-0.9905248250672664,0.1355539865065068,-0.001953125,-0.005859375,0.005859375,-0.03203052282333374,0.012507975101470947,-0.06278133392333984
147,15000000,imu1_frame,0.01031893884935835,0.016933473973466843,-0.9905570106181072,0.13565981599402466,-0.001953125,-0.005859375,0.005859375,-0.005295082926750183,-0.03542506694793701,-0.06458854675292969
147,40000000,imu1_frame,0.010393022194901414,0.019442524531085557,-0.9905040502134164,0.13570445770251113,-0.001953125,-0.005859375,0.005859375,0.0027986764907836914,0.012930512428283691,-0.090118408203125
147,65000000,imu1_frame,0.010591020233155807,0.01692520828993732,-0.9905498685809988,0.1356920243379426,0.001953125,-0.001953125,-0.00390625,-3.960728645324707e-05,-0.03631561994552612,-0.0918264389038086
147,90000000,imu1_frame,0.01204238450767627,0.018918308916034746,-0.9905043302047979,0.13564015042999447,0.001953125,-0.001953125,-0.00390625,-0.001837700605392456,-0.001578986644744873,-0.06244373321533203
147,115000000,imu1_frame,0.009521897740118891,0.018845395740993295,-0.9905455760513022,0.13554942378330462,0.001953125,-0.001953125,-0.00390625,-0.01570071280002594,0.003724515438079834,-0.06356048583984375
147,140000000,imu1_frame,0.011946467185998785,0.018978478005558935,-0.990507531087851,0.13561685054821396,-0.001953125,-0.005859375,0.001953125,0.03161320090293884,-0.00015297532081604004,-0.06244468688964844
147,165000000,imu1_frame,0.009429693596566606,0.018827131379889717,-0.9905299057586933,0.13567286316855498,0.0,-0.001953125,0.0078125,-0.01749187707901001,0.0035866200923919678,-0.06360816955566406
147,190000000,imu1_frame,0.011901114001446972,0.018980647796620627,-0.9904814216683131,0.1358110887396995,0.0,-0.001953125,0.0078125,0.03080683946609497,-4.556775093078613e-05,-0.06246376037597656
147,215000000,imu1_frame,0.009351673108513632,0.018870895544348645,-0.9905129912386704,0.13579561737717158,-0.00390625,-0.00390625,0.001953125,-0.018844276666641235,0.004612237215042114,-0.06360435485839844
147,240000000,imu1_frame,0.011799734555101216,0.01895856892088738,-0.9904758227384806,0.13586384176605304,-0.00390625,-0.00390625,0.001953125,0.02880367636680603,-0.00021818280220031738,-0.06252765655517578
147,265000000,imu1_frame,0.009301907028461594,0.0188359488789223,-0.9905005281568734,0.13589475809029272,0.0,0.0,0.005859375,-0.019866347312927246,0.0040450990200042725,-0.06364822387695312
147,290000000,imu1_frame,0.011790433213008912,0.01909354181459322,-0.9904536781116123,0.13600710959652998,0.0,0.0,0.005859375,-0.006125837564468384,0.0023784339427948,-0.062432289123535156
147,315000000,imu1_frame,0.00931595045529536,0.018733410695918943,-0.9904821984490269,0.13604148979776398,0.0,0.0,0.005859375,-0.019816383719444275,0.001989126205444336,-0.06371879577636719
147,340000000,imu1_frame,0.01019929423847803,0.02107120683439234,-0.9904183020934932,0.1361013060841848,0.0,0.0,0.005859375,0.0035144686698913574,0.005801260471343994,-0.061562538146972656
147,365000000,imu1_frame,0.009253032112700005,0.018770755432154503,-0.9904754594303868,0.13608969249502992,-0.001953125,-0.001953125,-0.001953125,-0.02091868221759796,-0.03619411587715149,-0.06371402740478516
147,390000000,imu1_frame,0.011711722128809306,0.019057722569120687,-0.99044174744749,0.13610578124539288,-0.001953125,-0.001953125,-0.001953125,0.027445316314697266,0.0018672347068786621,-0.06249427795410156
147,415000000,imu1_frame,0.009203271768232223,0.018767586623308515,-0.990482335889666,0.13604344810260896,-0.001953125,-0.001953125,-0.001953125,-0.021906331181526184,0.002950131893157959,-0.0637350082397461
147,440000000,imu1_frame,0.011689558870969603,0.01902752149310027,-0.9904423838202234,0.13610728111216158,0.0,0.0,0.001953125,0.026936590671539307,0.001341402530670166,-0.06252670288085938
147,465000000,imu1_frame,0.009204155661602815,0.018768204825746048,-0.9904756741790443,0.1360917957326734,0.0,0.0,0.001953125,-0.021871060132980347,0.0029486119747161865,-0.06373310089111328
147,490000000,imu1_frame,0.010202589781359435,0.02105916159426911,-0.9904178645644477,0.13610610723365432,0.0,0.0,0.001953125,0.0035481154918670654,0.0055581629276275635,-0.06157112121582031
147,515000000,imu1_frame,0.009195546683787139,0.018751894814220724,-0.9904761441584972,0.13609120550196635,0.001953125,0.0,-0.001953125,-0.022081196308135986,-0.03640639781951904,-0.06374835968017578
147,540000000,imu1_frame,0.010199774876824946,0.02101631138194222,-0.9904255450213796,0.13605704324827342,0.001953125,0.0,-0.001953125,0.0033609867095947266,0.0047490596771240234,-0.08895111083984375
147,565000000,imu1_frame,0.008946262161390625,0.0188892629979915,-0.9904837032105342,0.13603379657672934,0.0,0.00390625,-0.001953125,-0.026562049984931946,-0.03307086229324341,-0.0910806655883789
147,590000000,imu1_frame,0.011494948112413136,0.018902401059624648,-0.9904546602195262,0.1360519439460417,0.0,0.00390625,-0.001953125,0.022818267345428467,-0.0005463361740112305,-0.06270790100097656
147,615000000,imu1_frame,0.010122775804460341,0.02096634926877502,-0.9904388913607096,0.13597332123810488,0.0,0.00390625,-0.001953125,0.0017058253288269043,0.004008680582046509,-0.061679840087890625
147,640000000,imu1_frame,0.01050478005408219,0.01849388283291027,-0.9904824089867271,0.13598611466479807,0.0,0.00390625,-0.001953125,0.0025437474250793457,-0.00579833984375,-0.06343269348144531
147,665000000,imu1_frame,0.009809337121539216,0.020928394535919253,-0.990443344356501,0.13596970554978155,-0.001953125,-0.005859375,0.001953125,-0.00446397066116333,0.04317194223403931,-0.061832427978515625
147,690000000,imu1_frame,0.010595881632702685,0.023289609707470207,-0.9903807814299126,0.1359824589657613,-0.001953125,-0.005859375,0.001953125,-0.05718642473220825,-0.10464200377464294,-0.016509056091308594
147,715000000,imu1_frame,0.009835436161567727,0.020900396646711752,-0.9904359190145886,0.1360262031420752,-0.001953125,-0.005859375,0.001953125,0.0350513756275177,0.08160960674285889,-0.09309577941894531
147,740000000,imu1_frame,0.009129358889085532,0.01857401706625645,-0.9904896757486605,0.13602155318775755,-0.0078125,-0.00390625,-0.001953125,0.015203788876533508,0.038468122482299805,-0.0951528549194336
147,765000000,imu1_frame,0.010057851793565267,0.020956693692043407,-0.9904375775651437,0.13598919645944893,-0.0078125,-0.00390625,-0.001953125,0.00042936205863952637,0.00399056077003479,-0.061713218688964844
147,790000000,imu1_frame,0.012466767187579789,0.020673896195442562,-0.9904119893829031,0.13601934060489793,-0.0078125,-0.00390625,-0.001953125,0.046320945024490356,-0.007905304431915283,-0.088226318359375
147,815000000,imu1_frame,0.009982631856724194,0.020961790195731054,-0.9904411588064246,0.13596786883374457,0.0,0.0,0.0,-0.0010211765766143799,0.004295080900192261,-0.0890817642211914
147,840000000,imu1_frame,0.012180881701322225,0.019769586598605598,-0.990433189694191,0.13602531499279577,0.0,0.0,0.0,0.038389235734939575,-0.02464565634727478,-0.06173515319824219
147,865000000,imu1_frame,0.00995153546732111,0.021006982871913733,-0.990440369628202,0.1359689222698044,-0.00390625,-0.001953125,0.0,-0.0015028566122055054,0.005252093076705933,-0.061713218688964844
147,890000000,imu1_frame,0.011967716139337212,0.019613349671070212,-0.9904385734396848,0.1360276535409274,-0.00390625,-0.001953125,0.0,0.033849120140075684,-0.027101993560791016,-0.06195640563964844
147,915000000,imu1_frame,0.009877127109499395,0.0210798342538542,-0.9904392893635345,0.13597094186975925,-0.00390625,-0.001953125,0.0,-0.0027491599321365356,0.006859540939331055,-0.061682701110839844
147,940000000,imu1_frame,0.011761388404339492,0.019598906714123794,-0.9904375798969085,0.1360549628876802,-0.005859375,-0.005859375,0.001953125,0.029826372861862183,-0.026839733123779297,-0.06206321716308594
147,965000000,imu1_frame,0.009762082830828685,0.021191074134821863,-0.9904376137969066,0.1359741640610681,-0.00390625,-0.001953125,-0.001953125,-0.004679843783378601,0.009317517280578613,-0.061634063720703125
147,990000000,imu1_frame,0.011642212045722179,0.01962641225204248,-0.990444840123297,0.1360083876602172,-0.00390625,-0.001953125,-0.001953125,0.02757599949836731,-0.025976866483688354,-0.062096595764160156
148,15000000,imu1_frame,0.009738927111061939,0.02132906100609578,-0.9904412409548178,0.1359278215495428,-0.00390625,-0.001953125,-0.001953125,-0.004779979586601257,0.012060880661010742,-0.08887290954589844
148,40000000,imu1_frame,0.011542791729029481,0.0196733973066469,-0.9904481310300345,0.13598610641027617,-0.00390625,-0.001953125,0.0,0.025768309831619263,-0.024796605110168457,-0.08944892883300781
148,65000000,imu1_frame,0.009610344632007368,0.021344520107229627,-0.990441910692651,0.1359296666697036,-0.00390625,-0.001953125,0.0,-0.007227420806884766,0.012701749801635742,-0.06156444549560547
148,90000000,imu1_frame,0.011447957009627701,0.019724473692301885,-0.990447953207843,0.1359880193409038,-0.00390625,-0.001953125,0.0,0.024068742990493774,-0.023556143045425415,-0.06210899353027344
148,115000000,imu1_frame,0.009461370093156896,0.021434242574394084,-0.9904342674058535,0.13598168137456204,-0.005859375,-0.0078125,0.00390625,-0.009852826595306396,0.014821797609329224,-0.06154441833496094
148,140000000,imu1_frame,0.0072019593820016525,0.020227122750767806,-0.9904754629652132,0.13600497251987462,-0.005859375,-0.0078125,0.00390625,-0.017726421356201172,-0.0025293827056884766,-0.0906076431274414
148,165000000,imu1_frame,0.009367947780592616,0.021336100896632158,-0.9904193019912702,0.1361125218193912,-0.005859375,-0.0078125,0.005859375,0.0271918922662735,0.013139784336090088,-0.0890054702758789
148,190000000,imu1_frame,0.01150123195378511,0.020274861437541838,-0.990400826752653,0.13624556515679742,-0.005859375,-0.0078125,0.005859375,0.02665463089942932,-0.013118624687194824,-0.08899784088134766
148,215000000,imu1_frame,0.009238586511045026,0.02160311056909716,-0.9903941043752524,0.13626251190903152,-0.005859375,-0.0078125,0.005859375,0.025456726551055908,-0.01654067635536194,-0.061484336853027344
148,240000000,imu1_frame,0.010495653338408411,0.023753862144160448,-0.9903217290765159,0.1363395328330566,-0.005859375,-0.0078125,0.005859375,-0.018676578998565674,-0.017363816499710083,-0.05518627166748047
148,265000000,imu1_frame,0.011803807424188255,0.025896126853355954,-0.9902514943026999,0.13635262658107267,-0.015625,-0.015625,0.0,0.012346237897872925,0.020581185817718506,-0.052536964416503906
148,290000000,imu1_frame,0.009718361297684759,0.024402781751127943,-0.9903138255379554,0.13633995982423686,-0.015625,-0.015625,0.0,0.042223840951919556,0.0363287627696991,-0.05878925323486328
148,315000000,imu1_frame,0.007806454268907547,0.022730278235407034,-0.9903717262669076,0.13633135198549867,-0.015625,-0.015625,0.0,0.0007611364126205444,0.009075134992599487,-0.06098461151123047
148,340000000,imu1_frame,0.008257260390561157,0.020328158434549187,-0.9904113844852988,0.13639601573145801,-0.00390625,-0.0078125,0.001953125,0.003118947148323059,-0.03862357139587402,-0.0628652572631836
148,365000000,imu1_frame,0.009569105512781055,0.022423541022167932,-0.9903501550582222,0.13642649084348593,-0.00390625,-0.0078125,0.001953125,-0.004958361387252808,-0.0015881061553955078,-0.06065654754638672
148,390000000,imu1_frame,0.006967088422879747,0.022525606552093267,-0.9903732448960658,0.13639975264788867,-0.00390625,-0.0078125,0.001953125,-0.016003325581550598,0.007340848445892334,-0.08875179290771484
148,415000000,imu1_frame,0.009274538268247352,0.022495037210195034,-0.9903468387638646,0.1364591337772697,-0.01171875,-0.013671875,0.0,0.02860628068447113,0.0005742907524108887,-0.08804607391357422
148,440000000,imu1_frame,0.00742848826347573,0.0244872889165894,-0.9903224608285272,0.13640606226324786,-0.01171875,-0.013671875,0.0,-0.0018452852964401245,0.004998743534088135,-0.05556964874267578
148,465000000,imu1_frame,0.009451405983624171,0.023391197300729725,-0.9903324661512398,0.1364006206018676,-0.015625,-0.0078125,-0.005859375,0.034391239285469055,-0.02160736918449402,-0.05592823028564453
148,490000000,imu1_frame,0.007208023412120716,0.02224350752072689,-0.9903913422926066,0.13630209053244374,-0.015625,-0.0078125,-0.005859375,-0.012131065130233765,0.0012590587139129639,-0.061588287353515625
148,515000000,imu1_frame,0.007548451713682904,0.02487946881849838,-0.9903377368823336,0.13621747250192703,-0.015625,-0.0078125,-0.005859375,0.0014331340789794922,0.012305855751037598,-0.09031200408935547
148,540000000,imu1_frame,0.007704581641952365,0.022577948582979342,-0.9903965420550187,0.13618210288054808,-0.015625,-0.0078125,-0.005859375,-0.0016790926456451416,-0.032631486654281616,-0.057244300842285156
148,565000000,imu1_frame,0.007488733362461126,0.025113561008780105,-0.9903443279365399,0.13612986465139673,-0.00390625,-0.005859375,-0.001953125,0.0008583813905715942,0.017012566328048706,-0.05494499206542969
148,590000000,imu1_frame,0.007769877177258739,0.022678671311103706,-0.990399118566954,0.13614291321260225,-0.00390625,-0.005859375,-0.001953125,-0.00016386806964874268,0.008214235305786133,-0.06104087829589844
148,615000000,imu1_frame,0.00865168133175166,0.020410975190599142,-0.9904379857837341,0.13616584306852542,-0.00390625,-0.005859375,-0.001953125,0.010888323187828064,-0.03802227973937988,-0.0626688003540039
148,640000000,imu1_frame,0.007728464144577017,0.022743060895937264,-0.9904041243947107,0.13609810580972945,0.0,-0.001953125,-0.001953125,-0.0008136630058288574,0.00957953929901123,-0.06099700927734375
148,665000000,imu1_frame,0.008803341523332012,0.020454580330070467,-0.9904454203140172,0.13609548376244524,0.001953125,0.001953125,-0.00390625,0.013913676142692566,-0.037566691637039185,-0.06258201599121094
148,690000000,imu1_frame,0.007813211849615535,0.02272005789640854,-0.9904174227397037,0.1360002993504797,0.001953125,0.001953125,-0.00390625,0.0007244348526000977,0.008929580450057983,-0.08833599090576172
148,715000000,imu1_frame,0.008757153775547881,0.020340015586661736,-0.9904554314992513,0.13604276620723946,0.00390625,0.00390625,0.0,0.012695461511611938,-0.03964883089065552,-0.09003257751464844
148,740000000,imu1_frame,0.008129550643972581,0.022705157060823832,-0.9904151986031342,0.13600044347385246,0.00390625,0.00390625,0.0,0.00680878758430481,-0.031263381242752075,-0.057000160217285156
148,765000000,imu1_frame,0.007366350001058597,0.025090866239609263,-0.9903694117843483,0.1359581314998554,0.0,-0.001953125,0.0,-0.0016517937183380127,0.01693594455718994,-0.05500221252441406
148,790000000,imu1_frame,0.008156503359350776,0.022726227758467235,-0.9904141353166513,0.1360030536046485,0.0,-0.001953125,0.0,0.007387816905975342,-0.030927538871765137,-0.056972503662109375
148,815000000,imu1_frame,0.00734959918552885,0.02509771629937332,-0.9903691223963232,0.13595988170156978,0.0,-0.001953125,0.0,-0.001957044005393982,0.017112672328948975,-0.055001258850097656
148,840000000,imu1_frame,0.00818150501455496,0.022748311782998867,-0.9904130712708149,0.13600560849697252,0.0,-0.001953125,0.0,0.007931485772132874,-0.03056734800338745,-0.05694580078125
148,865000000,imu1_frame,0.00751244208234615,0.02503278901756542,-0.9903865307645621,0.13583608639863268,0.0078125,0.01171875,-0.009765625,0.0009648352861404419,0.015449672937393188,-0.055016517639160156
148,890000000,imu1_frame,0.00805204490007092,0.02248870028111702,-0.9904556446050021,0.13574623016011692,0.0078125,0.01171875,-0.009765625,0.004627704620361328,-0.03518962860107422,-0.05721569061279297
148,915000000,imu1_frame,0.007647995861380007,0.02484635954776313,-0.9904249825074569,0.13558215443645627,0.0078125,0.01171875,-0.009765625,0.0029764771461486816,0.011537224054336548,-0.05515766143798828
148,940000000,imu1_frame,0.007650135184859389,0.022324757803043598,-0.9904922896421134,0.13552898132950164,0.00390625,0.01171875,-0.005859375,-0.0036778301000595093,-0.037248700857162476,-0.05748271942138672
148,965000000,imu1_frame,0.007726711981313955,0.024740891337074033,-0.9904351622728029,0.13552260162589697,0.0078125,0.0078125,0.001953125,0.004193633794784546,0.009300678968429565,-0.05523681640625
148,990000000,imu1_frame,0.0071432907915626115,0.022259184186830514,-0.9904942235485628,0.13555329296233823,0.0078125,0.0078125,0.001953125,-0.013653874397277832,-0.03717812895774841,-0.057686805725097656
149,15000000,imu1_frame,0.007713816700270465,0.02472586576377416,-0.9904366392285427,0.13551528425906748,-0.001953125,0.001953125,-0.001953125,0.0039008408784866333,0.009045690298080444,-0.05525493621826172
149,40000000,imu1_frame,0.007072264885840621,0.022334737813143792,-0.9904966785991252,0.1355266477129276,-0.001953125,0.0,0.0,-0.01484014093875885,-0.035522401332855225,-0.05764007568359375
149,65000000,imu1_frame,0.007751473475104254,0.024704661138924576,-0.99044354756227,0.1354665031262009,0.00390625,0.001953125,-0.00390625,0.004551246762275696,0.008546292781829834,-0.05526447296142578
149,90000000,imu1_frame,0.009592395667332675,0.02293693179370206,-0.99046834799921,0.13547817062895573,0.00390625,0.001953125,-0.00390625,-0.0035412609577178955,0.008519411087036133,-0.060192108154296875
149,115000000,imu1_frame,0.007238018679380797,0.022132820025831383,-0.9905191326841882,0.13538684260246428,0.00390625,0.001953125,-0.00390625,-0.012223199009895325,-0.0007790029048919678,-0.061675071716308594
149,140000000,imu1_frame,0.009590421377677853,0.023014564333200097,-0.9904804803900205,0.13537640714949575,0.00390625,0.001953125,-0.00390625,0.035644978284835815,0.010051935911178589,-0.060123443603515625
149,165000000,imu1_frame,0.007315262280427917,0.022141047607518484,-0.9905321566602239,0.1352860213423986,0.001953125,0.005859375,-0.00390625,-0.010747626423835754,-0.0008040964603424072,-0.061646461486816406
149,190000000,imu1_frame,0.009681685070775752,0.023122353229137898,-0.9904911780620091,0.1352732343690742,0.001953125,0.005859375,-0.00390625,0.03765258193016052,0.011921703815460205,-0.05999183654785156
149,215000000,imu1_frame,0.007444185901077577,0.022163588785878152,-0.9905445386991746,0.1351846007562996,0.001953125,0.005859375,-0.00390625,-0.00823386013507843,-0.0006883144378662109,-0.06159019470214844
149,240000000,imu1_frame,0.009775440178918505,0.023300451814229663,-0.9904970396581392,0.1351929885128058,0.0,0.0078125,-0.001953125,0.03990328311920166,0.015139997005462646,-0.05979442596435547
149,265000000,imu1_frame,0.007495347250251644,0.022231588954517642,-0.9905528101050181,0.13510997970249214,-0.001953125,-0.001953125,-0.00390625,-0.007094785571098328,0.000507652759552002,-0.06151580810546875
149,290000000,imu1_frame,0.009925893487910372,0.02269713860760525,-0.9905210140105953,0.1351089831984376,-0.001953125,-0.001953125,-0.00390625,0.002126842737197876,0.0030883848667144775,-0.060278892517089844
149,315000000,imu1_frame,0.007414341097099396,0.02242066378976069,-0.9905624768335776,0.1350122989606889,-0.001953125,-0.001953125,-0.00390625,-0.008205398917198181,0.004400789737701416,-0.08871841430664062
149,340000000,imu1_frame,0.009883260635801345,0.022619009788431257,-0.990529397091072,0.13506374440905095,-0.001953125,-0.001953125,0.0,0.040139198303222656,0.0017007291316986084,-0.0877084732055664
149,365000000,imu1_frame,0.007392507048291422,0.022413113265405214,-0.990565947157948,0.13498928670220584,0.0,0.0,-0.001953125,-0.008657708764076233,0.004316985607147217,-0.0887308120727539
149,390000000,imu1_frame,0.009878427785836445,0.022662654746943043,-0.9905351131361615,0.1350148524742088,0.0,0.0,-0.001953125,0.0010777711868286133,0.002570539712905884,-0.06032848358154297
149,415000000,imu1_frame,0.012424240395964174,0.02281690935958988,-0.990499651675237,0.135038760839597,0.00390625,0.00390625,-0.001953125,0.05077943205833435,-0.0011830329895019531,-0.059081077575683594
149,440000000,imu1_frame,0.009988420965845908,0.022542080048131182,-0.9905437042779024,0.13496390624579532,0.00390625,0.00390625,-0.001953125,0.04193112254142761,-4.038214683532715e-05,-0.06039237976074219
149,465000000,imu1_frame,0.00746794279953963,0.022360374359017193,-0.9905768397345125,0.13491392837825583,0.0,-0.001953125,0.0,-0.007367551326751709,0.0031125545501708984,-0.06141185760498047
149,490000000,imu1_frame,0.009939636062100495,0.022544324115334458,-0.9905440077483336,0.13496490580519377,0.0,-0.001953125,0.0,0.0409928560256958,0.00013151764869689941,-0.0604095458984375
149,515000000,imu1_frame,0.0091979000750492,0.02493537127370278,-0.9905001093034228,0.13491908450460124,0.0,-0.001953125,0.0,-0.0061536431312561035,0.04837128520011902,-0.058467864990234375
149,540000000,imu1_frame,0.009994848057107788,0.02250766677863557,-0.9905410916586832,0.13498834647524788,0.00390625,0.00390625,0.001953125,0.0029126405715942383,-0.0007294118404388428,-0.06042003631591797
149,565000000,imu1_frame,0.008791053089480671,0.024599535052058124,-0.9905071855542459,0.13495590252451917,0.005859375,0.00390625,0.001953125,-0.014897540211677551,0.04293903708457947,-0.058936119079589844
149,590000000,imu1_frame,0.010095942615140043,0.02236452096518529,-0.9905372504446284,0.13503279463265616,0.005859375,0.00390625,0.001953125,0.004510939121246338,-0.0037783682346343994,-0.06050586700439453
149,615000000,imu1_frame,0.008798958962210456,0.024399846239895644,-0.9905061585960724,0.13499916891560118,0.005859375,0.00390625,0.001953125,-0.015250816941261292,0.03904399275779724,-0.05912494659423828
149,640000000,imu1_frame,0.010195967182502213,0.02224688338607324,-0.9905360746016288,0.13505333518879134,0.00390625,0.00390625,0.0,0.006145864725112915,-0.0063246190547943115,-0.060568809509277344
149,665000000,imu1_frame,0.008811430890031417,0.024251102388273025,-0.9905103006747554,0.13499476647570216,0.00390625,0.00390625,0.0,-0.015403181314468384,0.03613397479057312,-0.05926227569580078
149,690000000,imu1_frame,0.010281711140435716,0.0221506563006911,-0.9905378313397426,0.135049766849977,0.00390625,0.00390625,0.0,0.007550865411758423,-0.008412659168243408,-0.06061840057373047
149,715000000,imu1_frame,0.008773631937315354,0.024157256800766008,-0.9905098942390461,0.13501703500315854,0.0,-0.001953125,0.001953125,-0.01637224853038788,0.03441262245178223,-0.059363365173339844
149,740000000,imu1_frame,0.0076519521728504345,0.02191197055826734,-0.9905678401346604,0.1350432051794979,0.0,-0.001953125,0.001953125,-0.004932969808578491,-0.006078094244003296,-0.061745643615722656
149,765000000,imu1_frame,0.008881547737067742,0.024100004095745878,-0.9905035428025297,0.13506679683777398,0.001953125,0.00390625,0.001953125,0.024650797247886658,0.03300750255584717,-0.05937957763671875
149,790000000,imu1_frame,0.0076201114597663645,0.021928447952232408,-0.9905680392582371,0.13504087037574544,0.0,-0.001953125,-0.001953125,-0.005506992340087891,-0.005674630403518677,-0.061740875244140625
149,815000000,imu1_frame,0.008914503629973317,0.02404943983638147,-0.9905106129212852,0.13502178253484676,0.0,-0.001953125,-0.001953125,0.025135502219200134,0.031952738761901855,-0.05941581726074219
149,840000000,imu1_frame,0.0075957644798034215,0.02191179304480423,-0.9905683579761746,0.1350426075870659,0.0,-0.001953125,0.001953125,-0.006021544337272644,-0.005932867527008057,-0.06176280975341797
149,865000000,imu1_frame,0.008933782171224643,0.024003480551728594,-0.9905045567382597,0.13507310442224799,0.0,-0.001953125,0.001953125,0.025410503149032593,0.031000256538391113,-0.059452056884765625
149,890000000,imu1_frame,0.010447353277221285,0.022030227263675557,-0.9905242938954653,0.13515600282304022,0.0,-0.001953125,0.001953125,0.01048305630683899,-0.011209309101104736,-0.0879983901977539
149,915000000,imu1_frame,0.008791812310257115,0.02392061693467464,-0.9905012014538906,0.1351217156498727,0.0,-0.001953125,0.001953125,-0.016597315669059753,0.029760897159576416,-0.059578895568847656
149,940000000,imu1_frame,0.010524073205267478,0.022008362080511178,-0.9905274657104763,0.13513036503644946,0.00390625,0.005859375,-0.00390625,0.011900365352630615,-0.011828690767288208,-0.060642242431640625
149,965000000,imu1_frame,0.008859238969901647,0.023757867449773453,-0.9905117549319771,0.13506865276846572,0.005859375,0.00390625,0.0,-0.015744507312774658,0.026445835828781128,-0.0597076416015625
149,990000000,imu1_frame,0.007467262901192637,0.021659903450339815,-0.9905727259822613,0.13505836926069437,0.005859375,0.00390625,0.0,-0.009167328476905823,-0.010471463203430176,-0.08935832977294922
150,15000000,imu1_frame,0.008830577548128174,0.0237616002863974,-0.9905165771218092,0.13503450558613073,0.005859375,0.0078125,-0.001953125,0.022757813334465027,0.026601791381835938,-0.08705806732177734
150,40000000,imu1_frame,0.010757629395087282,0.021990443843027858,-0.9905338488146924,0.13506808705884898,0.005859375,0.0078125,-0.001953125,0.016349703073501587,-0.012776821851730347,-0.08790397644042969
150,65000000,imu1_frame,0.00891443157459877,0.023658835352167163,-0.9905188166166644,0.13503061263211252,0.0,0.001953125,0.001953125,-0.01495373249053955,0.02439260482788086,-0.08712482452392578
150,90000000,imu1_frame,0.010687626475846312,0.02195797041419027,-0.9905252894256589,0.13514167818928785,0.0,-0.005859375,0.00390625,0.014938324689865112,-0.013239800930023193,-0.08796119689941406
150,115000000,imu1_frame,0.008754302956750696,0.023620651194607874,-0.9905075078969988,0.13513069161578678,0.0,-0.005859375,0.00390625,-0.01811055839061737,0.024053722620010376,-0.05987071990966797
150,140000000,imu1_frame,0.010679291391399124,0.021994801272331364,-0.9905078275430171,0.1352642784639791,0.001953125,0.0,0.005859375,0.014923334121704102,-0.01253768801689148,-0.06058979034423828
150,165000000,imu1_frame,0.00891650586083019,0.023545245524884365,-0.990491874167333,0.13524778942700427,0.0078125,0.009765625,0.00390625,-0.015118107199668884,0.022137582302093506,-0.059884071350097656
150,190000000,imu1_frame,0.010913786043429845,0.02179622394670782,-0.9904975142381208,0.1353531979081647,0.0078125,0.009765625,0.00390625,0.01897415518760681,-0.017025887966156006,-0.060660362243652344
150,215000000,imu1_frame,0.00914880418026642,0.023341581156296868,-0.9904824134423235,0.13533683398345497,0.0078125,0.009765625,0.00390625,-0.011120036244392395,0.017559945583343506,-0.059988975524902344
150,240000000,imu1_frame,0.011008831200919942,0.02164081561859495,-0.9904905337329569,0.13542150242983442,0.001953125,0.0,0.001953125,0.02043059468269348,-0.020303934812545776,-0.060751914978027344
150,265000000,imu1_frame,0.009255688116949342,0.023248413626437783,-0.9904872815984319,0.1353099718907829,0.0078125,0.005859375,-0.00390625,-0.009308382868766785,0.015480518341064453,-0.06003570556640625
150,290000000,imu1_frame,0.011824309939839116,0.022887380555992223,-0.9904675253639194,0.13531605486861348,0.0078125,0.005859375,-0.00390625,0.00431022047996521,0.0016863644123077393,-0.08664608001708984
150,315000000,imu1_frame,0.01005278344238119,0.0244321339736575,-0.9904661546587529,0.13519914515283613,0.0078125,0.009765625,-0.00390625,-0.025958091020584106,0.036302268505096436,-0.08597469329833984
150,340000000,imu1_frame,0.010249391255138506,0.021852606318774313,-0.9905268874676051,0.1351809852742404,0.0078125,0.009765625,-0.00390625,0.006192117929458618,0.02102699875831604,-0.06088733673095703
150,365000000,imu1_frame,0.00998639219515077,0.019345527161103104,-0.990578095527447,0.13520746729008615,0.001953125,0.0,0.0,-0.005504786968231201,-0.026805907487869263,-0.06301021575927734
150,390000000,imu1_frame,0.01106735581273898,0.021574244578961104,-0.9905218900762935,0.13519782130584956,0.001953125,0.0,0.0,-0.01385653018951416,-0.021686464548110962,-0.060782432556152344
150,415000000,imu1_frame,0.009078912546274548,0.020040544387038516,-0.9905769672751203,0.13517848139283561,0.001953125,0.0,0.0,-0.021250948309898376,-0.010945111513137817,-0.06281375885009766
150,440000000,imu1_frame,0.011213013258446486,0.021455728882159898,-0.9905169631751661,0.13524076934877127,0.01171875,0.01171875,0.00390625,0.023823678493499756,0.01077878475189209,-0.06081867218017578
150,465000000,imu1_frame,0.009183104079004568,0.020138390939687785,-0.9905665641406535,0.13523312396160553,0.01171875,0.01171875,0.001953125,-0.018955349922180176,-0.00933980941772461,-0.0626993179321289
150,490000000,imu1_frame,0.011689603075289021,0.020886921958088382,-0.9905174307004028,0.1352860271784621,0.01171875,0.01171875,0.001953125,-0.0035900771617889404,-0.001504451036453247,-0.08841991424560547
150,515000000,imu1_frame,0.013670520661245649,0.02247864454780075,-0.9904532748855195,0.13531495731327597,0.01171875,0.01171875,0.001953125,0.03896886110305786,0.024039775133132935,-0.05874443054199219
150,540000000,imu1_frame,0.011812647580450543,0.020853304257126653,-0.9905119613856396,0.1353205653648885,0.0078125,0.0078125,0.001953125,-0.0012833774089813232,-0.002490401268005371,-0.06104755401611328
150,565000000,imu1_frame,0.012931879478306027,0.02308592962204792,-0.9904506036712108,0.13530487069569488,0.00390625,0.005859375,0.0,0.026269376277923584,0.0377521812915802,-0.05858898162841797
150,590000000,imu1_frame,0.011880467324531107,0.020818076362056816,-0.9905128184077893,0.13531377890884724,0.00390625,0.005859375,0.0,-6.604194641113281e-05,-0.0033499300479888916,-0.06104469299316406
150,615000000,imu1_frame,0.012220781337859673,0.023310317419900257,-0.9904533060818976,0.1353127121770709,-0.00390625,-0.0078125,0.001953125,0.013099849224090576,0.04397645592689514,-0.058734893798828125
150,640000000,imu1_frame,0.011793705038580545,0.02086623501251062,-0.9905051261790141,0.1353702469930557,-0.00390625,-0.0078125,0.001953125,-0.001597285270690918,-0.0022042691707611084,-0.06104564666748047
150,665000000,imu1_frame,0.012908959467197799,0.023166045255590278,-0.9904442573477916,0.13533981749459995,-0.009765625,-0.005859375,-0.001953125,0.026051759719848633,0.039352208375930786,-0.05852699279785156
150,690000000,imu1_frame,0.011744359196612339,0.02102164806571658,-0.9905077020855385,0.13533163875786122,-0.009765625,-0.005859375,-0.001953125,-0.002156764268875122,0.0009452700614929199,-0.06094074249267578
150,715000000,imu1_frame,0.013875068538749478,0.02228125048240519,-0.9904520008716052,0.13533610870502774,-0.009765625,-0.005859375,-0.001953125,0.04241582751274109,0.019670873880386353,-0.058807373046875
150,740000000,imu1_frame,0.01167816096855154,0.021015291340645042,-0.9905141557367996,0.13529111342315,-0.001953125,-0.00390625,-0.001953125,-0.0034704208374023438,0.0010091960430145264,-0.06097602844238281
150,765000000,imu1_frame,0.013995108185615586,0.021955086756962904,-0.9904661619835162,0.1352734012214154,0.0,0.0,-0.00390625,0.04385384917259216,0.013061702251434326,-0.05902385711669922
150,790000000,imu1_frame,0.011677173182444787,0.021014783969285234,-0.9905273788067507,0.13519443152519006,0.0,0.0,-0.00390625,-0.0035276710987091064,0.0010294318199157715,-0.060977935791015625
150,815000000,imu1_frame,0.013999691543089337,0.021939955040599757,-0.9904795880043974,0.13517704226736924,0.0,0.0,-0.00390625,0.04386499524116516,0.012788861989974976,-0.059035301208496094
150,840000000,imu1_frame,0.011731365355138587,0.0209720397569048,-0.9905377752529101,0.13512018506631174,0.00390625,0.00390625,-0.001953125,-0.002619326114654541,7.995963096618652e-05,-0.060988426208496094
150,865000000,imu1_frame,0.013731042950380622,0.022399122730724055,-0.9904749120585787,0.1351635540481958,0.0,-0.00390625,0.001953125,0.0398697555065155,0.022390216588974,-0.05878257751464844
150,890000000,imu1_frame,0.011649174899789746,0.020938259586970025,-0.9905324986763592,0.13517120653301562,0.0,-0.00390625,0.001953125,-0.004280298948287964,-0.0003707706928253174,-0.06105327606201172
150,915000000,imu1_frame,0.013589048518244017,0.022333056225148935,-0.990470465873215,0.13522140582359496,-0.0078125,-0.013671875,0.001953125,0.03697007894515991,0.021468907594680786,-0.05891609191894531
150,940000000,imu1_frame,0.011392939960233455,0.020925420967992322,-0.9905272045564931,0.13523381496457895,-0.0078125,-0.013671875,0.001953125,-0.009251028299331665,4.157423973083496e-05,-0.06117820739746094
150,965000000,imu1_frame,0.013593488667411058,0.02181595556948792,-0.9904718948876021,0.13529488750947638,-0.005859375,-0.01171875,0.001953125,0.035721004009246826,0.011426776647567749,-0.059360504150390625
150,990000000,imu1_frame,0.011003771744081932,0.022428881067314575,-0.990494388572866,0.13526540025866515,-0.005859375,-0.01171875,0.001953125,0.022351086139678955,-0.004997372627258301,-0.060074806213378906
151,15000000,imu1_frame,0.009637143439378937,0.020294374201099724,-0.9905501273801401,0.1352985919708797,-0.005859375,-0.01171875,0.001953125,-0.009728655219078064,-0.007538557052612305,-0.062409400939941406
151,40000000,imu1_frame,0.011197888011405371,0.022194114423140787,-0.9904950526956395,0.13528332925574812,-0.001953125,-0.005859375,-0.001953125,0.02549642324447632,0.02509629726409912,-0.0601959228515625
151,65000000,imu1_frame,0.00958776812266978,0.020237352928595954,-0.9905576820396537,0.13525532448335537,0.0,-0.00390625,-0.001953125,-0.010851159691810608,-0.008500903844833374,-0.06247234344482422
151,90000000,imu1_frame,0.01117909321062464,0.022115869829564393,-0.9905030117220273,0.13523941713222282,0.0,-0.00390625,-0.001953125,0.024908363819122314,0.023644089698791504,-0.060271263122558594
151,115000000,imu1_frame,0.008830869355594923,0.023097870089864643,-0.9905158340788126,0.13515504645735643,0.0,-0.00390625,-0.001953125,-0.01799653470516205,0.01372915506362915,-0.060321807861328125
151,140000000,imu1_frame,0.011201107046999479,0.022143002618445883,-0.990508829831328,0.13519053466176684,0.001953125,0.00390625,-0.001953125,0.02538663148880005,-0.011031478643417358,-0.060237884521484375
151,165000000,imu1_frame,0.00893282732538008,0.02303460911623418,-0.9905266922692194,0.13507954427312974,0.00390625,0.00390625,-0.00390625,-0.01622168719768524,0.012252956628799438,-0.06034374237060547
151,190000000,imu1_frame,0.010257576218581761,0.020841912814746708,-0.9905620338562027,0.13508239664369875,0.00390625,0.00390625,-0.00390625,0.0036467909812927246,0.0014703869819641113,-0.08907127380371094
151,215000000,imu1_frame,0.008704444211138977,0.022661722766931215,-0.9905549803210151,0.13495002754146967,0.00390625,0.009765625,-0.005859375,-0.021680817008018494,0.0408269464969635,-0.08809947967529297
151,240000000,imu1_frame,0.011329886408424935,0.02263548192591107,-0.9905321707302023,0.13492697054505898,0.00390625,0.009765625,-0.005859375,0.029069900512695312,-0.0017680525779724121,-0.05975055694580078
151,265000000,imu1_frame,0.009102624525824587,0.02249859167190673,-0.9905534382218759,0.134962371149676,0.017578125,0.01953125,0.0078125,-0.014396101236343384,0.0014590322971343994,-0.060760498046875
151,290000000,imu1_frame,0.011623111438009938,0.021218719562047683,-0.9905349678105119,0.13511160855113397,0.017578125,0.01953125,0.0078125,-0.004068255424499512,0.005142718553543091,-0.06083393096923828
151,315000000,imu1_frame,0.009980843198856133,0.02264245269587894,-0.990517503216513,0.13513984581417846,0.017578125,0.01953125,0.0078125,0.0030594170093536377,0.0018770396709442139,-0.060306549072265625
151,340000000,imu1_frame,0.007576368843347457,0.023333843735713636,-0.99053425990877,0.13505558233058104,0.0,0.0,-0.001953125,-0.04170507192611694,0.021635472774505615,-0.060509681701660156
151,365000000,imu1_frame,0.010027217626973235,0.02264952183573907,-0.9905203344236821,0.13511447428188567,0.0,0.00390625,0.0,0.003965258598327637,0.001897573471069336,-0.06028270721435547
151,390000000,imu1_frame,0.007593082228600516,0.022968935611065854,-0.9905425314631574,0.1350565306148653,0.0,0.00390625,0.0,-0.042343154549598694,0.014529556035995483,-0.060835838317871094
151,415000000,imu1_frame,0.010121027729852725,0.022649410028910563,-0.9905196739919732,0.13511234013911957,0.0,0.00390625,0.0,0.005780279636383057,0.0016478300094604492,-0.060245513916015625
151,440000000,imu1_frame,0.007619965337602957,0.022855948289238537,-0.9905547415881821,0.13498461272761,-0.001953125,0.0,-0.005859375,-0.04215124249458313,0.012287050485610962,-0.0609283447265625
151,465000000,imu1_frame,0.010032834881132116,0.02382716789378885,-0.9906103360210564,0.13424891233324374,-0.09375,0.0078125,-0.064453125,0.006798803806304932,0.02489575743675232,-0.05920982360839844
151,490000000,imu1_frame,0.008872581763952033,0.027265389262549292,-0.9906466607304462,0.13340565739435561,-0.09375,0.0078125,-0.064453125,-0.007088601589202881,0.055619776248931885,-0.052298545837402344
151,515000000,imu1_frame,0.009575313787633143,0.024969129181515295,-0.9907103603452478,0.13333355863538046,-0.0078125,0.0,-0.009765625,0.0005083680152893066,0.009366840124130249,-0.05438995361328125
151,540000000,imu1_frame,0.010190390082912539,0.02262555104929723,-0.9907639373940458,0.13330814209612712,-0.005859375,-0.001953125,-0.005859375,0.006311148405075073,-0.0375920832157135,-0.05633258819580078
151,565000000,imu1_frame,0.009551342058075746,0.025095039745290752,-0.9907298896387382,0.13316642452767746,-0.00390625,0.0,-0.0078125,0.0002936720848083496,0.01190793514251709,-0.0542755126953125
151,590000000,imu1_frame,0.010162098036313906,0.02272562968960456,-0.9907878584009286,0.13311535284862014,-0.00390625,0.0,-0.0078125,0.0059431493282318115,-0.035531193017959595,-0.056255340576171875
151,615000000,imu1_frame,0.007671931783008543,0.022452767863594673,-0.9908359618884895,0.1329703399502764,-0.00390625,0.0,-0.0078125,-0.003988146781921387,0.004768967628479004,-0.08861446380615234
151,640000000,imu1_frame,0.010181929180521014,0.022260793682013044,-0.9908138281025748,0.13299903542331165,0.0078125,0.0,-0.001953125,0.0441344678401947,-0.00548890233039856,-0.0879058837890625
151,665000000,imu1_frame,0.007613386307078824,0.022478404787740942,-0.9908293393487204,0.1330187127922824,-0.001953125,-0.005859375,0.005859375,-0.00503520667552948,0.005407482385635376,-0.08860969543457031
151,690000000,imu1_frame,0.010033249277827396,0.022670342033896666,-0.9907866031624571,0.13314389394483972,-0.001953125,-0.005859375,0.005859375,0.0033160150051116943,0.0027891695499420166,-0.06026172637939453
151,715000000,imu1_frame,0.007552140500538715,0.022011282981266013,-0.990819196628462,0.1331757792840272,-0.001953125,-0.005859375,0.005859375,-0.046432361006736755,-0.003507941961288452,-0.061690330505371094
151,740000000,imu1_frame,0.00995034305452186,0.02260073189044123,-0.9907724116752172,0.13326749736671636,0.00390625,-0.001953125,0.00390625,0.001580953598022461,0.001626431941986084,-0.060355186462402344
151,765000000,imu1_frame,0.009591118722563113,0.025022955048002313,-0.9907201966196447,0.13324921828006248,0.00390625,0.00390625,0.001953125,0.0009151101112365723,0.04945075511932373,-0.05823802947998047
151,790000000,imu1_frame,0.009998929928606959,0.022504929573618538,-0.9907681998871696,0.13331137849976163,0.00390625,0.00390625,0.001953125,0.0022911131381988525,0.03479069471359253,-0.060420989990234375
151,815000000,imu1_frame,0.010259823050552225,0.019970380486040933,-0.9908115553291797,0.13337309234019287,0.00390625,-0.001953125,0.001953125,0.0007718503475189209,-0.014970451593399048,-0.06242179870605469
151,840000000,imu1_frame,0.010050474033854685,0.022414028944596768,-0.9907663953870107,0.13333622557277985,0.00390625,0.0,0.0,0.003062725067138672,0.03288978338241577,-0.06048011779785156
151,865000000,imu1_frame,0.010138681349795096,0.019933613782887997,-0.9908099685306052,0.13339964183768552,-0.001953125,-0.009765625,0.001953125,-0.0016602128744125366,-0.015372633934020996,-0.06249809265136719
151,890000000,imu1_frame,0.009832831300289769,0.022434591014020865,-0.9907607354191703,0.1333910405773881,-0.001953125,-0.009765625,0.001953125,-0.0010757744312286377,-0.0013140439987182617,-0.060546875
151,915000000,imu1_frame,0.010850107327631432,0.02467803703146231,-0.9906939290658664,0.1334121754986724,-0.001953125,-0.0078125,0.001953125,0.02447095513343811,0.03944459557533264,-0.05806922912597656
151,940000000,imu1_frame,0.009894683361156474,0.02243248503163244,-0.9907629549497389,0.13337033386682975,-0.001953125,0.005859375,-0.00390625,0.00010833144187927246,-0.0015104413032531738,-0.060524940490722656
151,965000000,imu1_frame,0.010459207078196501,0.02488543759555313,-0.9907047991323915,0.1333241199446707,0.0,0.00390625,-0.001953125,0.017401307821273804,0.044503629207611084,-0.05803108215332031
151,990000000,imu1_frame,0.011850884444527265,0.022784960526330857,-0.9907350470912095,0.13335842146964128,0.0,0.00390625,-0.001953125,0.00374409556388855,0.00020611286163330078,-0.05938148498535156
152,15000000,imu1_frame,0.010019121572699373,0.02443904067903115,-0.9907278937669306,0.1332688673537142,0.0,0.00390625,-0.001953125,-0.02746245265007019,0.037027984857559204,-0.058638572692871094
152,40000000,imu1_frame,0.01182415129256861,0.022755228845099833,-0.9907458131167003,0.13328586871137438,0.0,-0.00390625,-0.00390625,0.003119051456451416,-0.0002785325050354004,-0.05942058563232422
152,65000000,imu1_frame,0.010323611938873465,0.02486162158654125,-0.990716453383139,0.13325251143808733,-0.00390625,-0.0078125,0.001953125,-0.020475178956985474,0.04441609978675842,-0.05811023712158203
152,90000000,imu1_frame,0.011673875336175706,0.02286373302707797,-0.9907377319017011,0.13334060496703565,-0.00390625,-0.0078125,0.001953125,0.0005141496658325195,0.0021983683109283447,-0.059393882751464844
152,115000000,imu1_frame,0.013787714994212306,0.02390448732332838,-0.990673914844769,0.13343038951897954,-0.01171875,-0.015625,0.00390625,0.04418805241584778,0.016789615154266357,-0.057389259338378906
152,140000000,imu1_frame,0.01130817833498715,0.022936126000205774,-0.9907248146217803,0.1334556140425942,-0.013671875,-0.017578125,0.00390625,-0.006330579519271851,0.00452229380607605,-0.059493064880371094
152,165000000,imu1_frame,0.013713983263022207,0.0226981103689359,-0.990695284649342,0.13348998247921307,-0.00390625,-0.005859375,-0.001953125,0.03964605927467346,-0.006385743618011475,-0.05852794647216797
152,190000000,imu1_frame,0.01113399280040882,0.022746456325418808,-0.9907365171861298,0.1334158402996216,-0.00390625,-0.005859375,-0.001953125,0.024942398071289062,0.0013172924518585205,-0.0870819091796875
152,215000000,imu1_frame,0.00860672003518304,0.02269369432616694,-0.9907730544921466,0.13334044810322274,-0.001953125,-0.001953125,-0.001953125,-0.024165913462638855,0.006915241479873657,-0.088104248046875
152,240000000,imu1_frame,0.011106291915755398,0.022727432606165564,-0.9907501008796177,0.13332048490026335,0.0,0.0,-0.005859375,0.024316757917404175,0.0010475516319274902,-0.08711051940917969
152,265000000,imu1_frame,0.008577159192073368,0.02271247054663232,-0.990785781605608,0.13324455332217722,-0.001953125,-0.001953125,-0.001953125,-0.024729862809181213,0.007377684116363525,-0.08809757232666016
152,290000000,imu1_frame,0.010552820539425958,0.024230544210462793,-0.9907305122071879,0.1332462790760423,-0.001953125,-0.001953125,-0.001953125,-0.017680257558822632,-0.007456839084625244,-0.05471611022949219
152,315000000,imu1_frame,0.008245013849759786,0.025275638273147872,-0.9907383070256328,0.13315693315965726,-0.001953125,-0.001953125,-0.001953125,-0.024537652730941772,0.018811821937561035,-0.05455303192138672
152,340000000,imu1_frame,0.010622111734218335,0.024205250019925833,-0.9907371687402102,0.13319586739238926,0.00390625,0.0078125,-0.001953125,0.018729686737060547,-0.008113235235214233,-0.054711341857910156
152,365000000,imu1_frame,0.008339549808126494,0.025171051195394763,-0.9907471403579093,0.13310512373061173,0.00390625,0.0,-0.001953125,-0.023003116250038147,0.01655307412147522,-0.05462455749511719
152,390000000,imu1_frame,0.009685989471549921,0.023014154933952057,-0.9907831170287357,0.1331365663199106,0.00390625,0.0,-0.001953125,-0.002518400549888611,0.010351717472076416,-0.060088157653808594
152,415000000,imu1_frame,0.009671588901578095,0.02546229028278342,-0.9907310398665554,0.13307944539487754,0.00390625,0.0,-0.001953125,0.0035353004932403564,0.018724143505096436,-0.053867340087890625
152,440000000,imu1_frame,0.009671411574864062,0.023013057927713684,-0.9907833258895637,0.13313626140980506,-0.00390625,0.0,0.001953125,-0.0028036385774612427,-0.02869388461112976,-0.05618762969970703
152,465000000,imu1_frame,0.00966983212919696,0.025533820412580586,-0.990729094973326,0.1330803469151839,-0.001953125,0.0,-0.001953125,0.0036874115467071533,0.0201127827167511,-0.05379676818847656
152,490000000,imu1_frame,0.009675924281125011,0.023058034550396032,-0.9907886265886614,0.13308869581798682,-0.001953125,0.0,-0.001953125,-0.0026195943355560303,-0.02782309055328369,-0.056145668029785156
152,515000000,imu1_frame,0.009699205706747299,0.02553369043771129,-0.9907386016792143,0.13300744040843795,0.001953125,0.001953125,-0.00390625,0.0042213499546051025,0.020052433013916016,-0.05378532409667969
152,540000000,imu1_frame,0.009939345940787516,0.023024042014433976,-0.9907993488756197,0.1329953125460997,0.001953125,0.001953125,-0.00390625,0.0023537278175354004,0.00991871953010559,-0.0599822998046875
152,565000000,imu1_frame,0.010047039798797222,0.020534945874774602,-0.9908584184725051,0.1329547574604507,0.0,0.00390625,-0.005859375,-0.00203607976436615,-0.03853672742843628,-0.062058448791503906
152,590000000,imu1_frame,0.009908253591779053,0.023030310987741148,-0.9908094933588744,0.13292095078090366,0.0,-0.001953125,0.0,0.001735985279083252,0.010139316320419312,-0.059988975524902344
152,615000000,imu1_frame,0.0075119186257840585,0.02223280731332242,-0.9908542287987547,0.1328802868342514,0.0,-0.001953125,0.0,-0.0076954662799835205,0.0009457767009735107,-0.06151008605957031
152,640000000,imu1_frame,0.0099116886795947,0.023030471765701718,-0.9908061317845736,0.132945722066783,-0.001953125,0.001953125,0.001953125,0.04087606072425842,0.010127335786819458,-0.05998706817626953
152,665000000,imu1_frame,0.007559358559373997,0.022265366982407966,-0.9908531788135072,0.13287997428686377,-0.001953125,0.001953125,-0.001953125,-0.006692364811897278,0.0014527738094329834,-0.06146812438964844
152,690000000,imu1_frame,0.010048217474521278,0.022683471253581056,-0.9908185027001501,0.13290292759945196,-0.001953125,0.001953125,-0.001953125,0.003539443016052246,0.0030659139156341553,-0.06024360656738281
152,715000000,imu1_frame,0.0077583337769087666,0.021759127549953485,-0.9908680448946592,0.13284150794050303,-0.001953125,0.001953125,-0.001953125,-0.04323001205921173,-0.008856803178787231,-0.0618438720703125
152,740000000,imu1_frame,0.010147825419391554,0.02270352906136308,-0.9908269654320427,0.1328288220987718,0.0,0.005859375,-0.00390625,0.005489438772201538,0.003214031457901001,-0.06018638610839844
152,765000000,imu1_frame,0.007813597237965451,0.021941990233262577,-0.9908774560010812,0.13273795219013987,0.001953125,0.00390625,-0.00390625,-0.04172782599925995,-0.005438774824142456,-0.06167030334472656
152,790000000,imu1_frame,0.010241349469511713,0.022702270379712605,-0.9908394307033727,0.1327288372738435,0.001953125,0.00390625,-0.00390625,0.007255673408508301,0.0029723942279815674,-0.060151100158691406
152,815000000,imu1_frame,0.007692096628735967,0.022219702345105095,-0.9908823866352354,0.13266202295008572,-0.00390625,-0.0078125,-0.001953125,-0.04339280724525452,0.0002690553665161133,-0.06146812438964844
152,840000000,imu1_frame,0.009181805992804343,0.02417705495396585,-0.9908250659961179,0.1326531305557932,-0.00390625,-0.0078125,-0.001953125,-0.00947771966457367,-0.0047706663608551025,-0.05529594421386719
152,865000000,imu1_frame,0.010976789220447493,0.02584702231917687,-0.9907647012322637,0.13265273584734333,-0.001953125,-0.005859375,-0.001953125,0.029604196548461914,0.022888123989105225,-0.052954673767089844
152,890000000,imu1_frame,0.00919109067931653,0.02410510771817171,-0.9908262942807448,0.13265640653925034,0.001953125,0.001953125,0.001953125,-0.009482353925704956,-0.0061875879764556885,-0.055359840393066406
152,915000000,imu1_frame,0.010944775441920674,0.025891033485326002,-0.9907580788828813,0.13269625241087385,0.001953125,0.001953125,0.001953125,0.02911895513534546,0.023810863494873047,-0.052924156188964844
152,940000000,imu1_frame,0.009240755813505927,0.024051389316307317,-0.9908244557233883,0.1326764374122322,0.005859375,0.00390625,0.0,-0.008650630712509155,-0.007361233234405518,-0.05539226531982422
152,965000000,imu1_frame,0.010830690467803808,0.02595830078398024,-0.9907623898463326,0.13266027902270833,0.005859375,0.00390625,-0.001953125,0.027066588401794434,0.0254192054271698,-0.05290412902832031
152,990000000,imu1_frame,0.009327445992509988,0.0239419450056902,-0.9908334014856705,0.1326233483250124,0.005859375,0.00390625,-0.001953125,0.03178375959396362,0.029370546340942383,-0.05937004089355469
153,15000000,imu1_frame,0.01047320173436774,0.02162536673186898,-0.990871745280835,0.13264931195922455,0.005859375,0.00390625,-0.001953125,0.008925527334213257,-0.018456339836120605,-0.0609893798828125
153,40000000,imu1_frame,0.009163173061739114,0.02390346987090484,-0.9908258938630741,0.13269780871593811,-0.005859375,-0.013671875,0.0078125,-0.010526925325393677,0.029033929109573364,-0.059464454650878906
153,65000000,imu1_frame,0.007443945805941056,0.021989434096290745,-0.990872506671433,0.13278828254644334,-0.005859375,-0.013671875,0.0078125,-0.009680941700935364,-0.0035700201988220215,-0.06173992156982422
153,90000000,imu1_frame,0.009672349941224156,0.022718411623306376,-0.9908175383699541,0.13293203179983767,-0.005859375,-0.013671875,0.0078125,-0.0036367475986480713,0.004713088274002075,-0.08770084381103516
153,115000000,imu1_frame,0.011973008758764146,0.022800011313198514,-0.990792273981531,0.13291905944554094,-0.015625,-0.013671875,-0.005859375,0.04112201929092407,0.00030726194381713867,-0.0866556167602539
153,140000000,imu1_frame,0.009334838772574695,0.023505908787040883,-0.9908210535675406,0.13279296986096173,-0.015625,-0.013671875,-0.005859375,0.06993459165096283,-0.018193095922470093,-0.08711528778076172
153,165000000,imu1_frame,0.0068736947008670645,0.02397957185641159,-0.9908151873635042,0.13290220820049112,-0.001953125,0.0,0.013671875,0.023547708988189697,-0.0026483535766601562,-0.08745574951171875
153,190000000,imu1_frame,0.004324179016424033,0.024446351421897237,-0.9908228081228718,0.13286775485985164,-0.005859375,-0.005859375,0.001953125,-0.024633556604385376,0.01302182674407959,-0.08757209777832031
153,215000000,imu1_frame,0.006742177729093435,0.024443861469120594,-0.9907978906747957,0.1329533019910493,-0.005859375,-0.005859375,0.001953125,-0.016833722591400146,0.0066703855991363525,-0.0558013916015625
153,240000000,imu1_frame,0.00920464915106718,0.02423999914748698,-0.9907716899785148,0.13303817201259693,-0.001953125,-0.001953125,0.001953125,0.03036336600780487,-0.003705143928527832,-0.05522727966308594
153,265000000,imu1_frame,0.006607113895008892,0.024494347541746453,-0.9907905192274995,0.1330057141380946,-0.005859375,-0.0078125,0.001953125,-0.019294142723083496,0.007988989353179932,-0.05578804016113281
153,290000000,imu1_frame,0.008984885545234987,0.02424193631819361,-0.9907662173069236,0.1330935873684887,-0.005859375,-0.0078125,0.001953125,0.026137590408325195,-0.003108412027359009,-0.05530357360839844
153,315000000,imu1_frame,0.011059657614070512,0.02551746981563456,-0.9907048856227912,0.13315544416508096,-0.005859375,-0.0078125,0.001953125,0.030592381954193115,0.01615244150161743,-0.05325031280517578
153,340000000,imu1_frame,0.008918079419623958,0.024608861505822557,-0.9907855383649844,0.13288675164086386,-0.03515625,0.001953125,-0.01953125,-0.01336011290550232,0.004217088222503662,-0.054976463317871094
153,365000000,imu1_frame,0.0064296439871859845,0.02455051969403154,-0.9908450823505175,0.13259696241900637,-0.03515625,0.001953125,-0.01953125,-0.02277439832687378,0.009615987539291382,-0.055779457092285156
153,390000000,imu1_frame,0.008888075274850646,0.025045307115426286,-0.9908380260346212,0.1324150326557297,-0.03515625,0.001953125,-0.01953125,-0.013029530644416809,0.01285502314567566,-0.05456352233886719
153,415000000,imu1_frame,0.011131212133118493,0.023801605923026426,-0.9908438216192568,0.13243149486009367,0.005859375,0.001953125,-0.00390625,0.02720564603805542,-0.01703980565071106,-0.05487251281738281
153,440000000,imu1_frame,0.008871546032109842,0.022735733592318293,-0.9909032519800838,0.13234472903865055,0.005859375,0.001953125,-0.00390625,0.019715115427970886,0.007269799709320068,-0.08797645568847656
153,465000000,imu1_frame,0.00650608851333313,0.02190385899563848,-0.9909555953536285,0.132230479885281,0.001953125,0.0,-0.005859375,-0.028296515345573425,-0.002686738967895508,-0.08941268920898438
153,490000000,imu1_frame,0.008909380716405863,0.02272611758842608,-0.9909195621794908,0.13222166163157012,0.001953125,0.00390625,-0.00390625,0.020371079444885254,0.0070140063762664795,-0.08797168731689453
153,515000000,imu1_frame,0.007470951709657851,0.024718229395371254,-0.9908978583734648,0.13211596529939326,0.001953125,0.00390625,-0.00390625,-0.002396330237388611,0.010260701179504395,-0.055335044860839844
153,540000000,imu1_frame,0.008951333073935187,0.022555685362818764,-0.9909272548610357,0.13219035618223055,0.005859375,0.009765625,0.001953125,0.020730897784233093,-0.03544899821281433,-0.05685710906982422
153,565000000,imu1_frame,0.00768270201170635,0.024534377754835465,-0.9909019989671618,0.1321070355464281,0.0078125,0.01171875,-0.001953125,0.0012266486883163452,0.006156057119369507,-0.055449485778808594
153,590000000,imu1_frame,0.008154473171916728,0.021979319409967057,-0.9909574952502718,0.1321122881978463,0.0078125,0.01171875,-0.001953125,0.0037778913974761963,-0.04452851414680481,-0.057625770568847656
153,615000000,imu1_frame,0.007275410761229461,0.024177612731066996,-0.9909231461563108,0.13203722903999762,0.0078125,0.01171875,-0.001953125,-0.007613584399223328,0.039379894733428955,-0.059814453125
153,640000000,imu1_frame,0.00824223263877353,0.021758477566831236,-0.9909562805340459,0.13215250404449932,0.0078125,0.00390625,0.005859375,0.004924461245536804,-0.009977400302886963,-0.06169319152832031
153,665000000,imu1_frame,0.007228173936221683,0.02399763772984269,-0.9909057340655506,0.13220322643924898,0.00390625,-0.001953125,0.0078125,-0.008917629718780518,0.0359840989112854,-0.05999755859375
153,690000000,imu1_frame,0.00961699613076502,0.024626698452076306,-0.9908507110136452,0.13234767694419575,0.00390625,-0.001953125,0.0078125,-2.530217170715332e-05,0.0028793811798095703,-0.08986282348632812
153,715000000,imu1_frame,0.01163291215696792,0.026106854154765786,-0.9907875516990979,0.13237497844758145,0.0,0.0,0.0,0.04284825921058655,0.026293694972991943,-0.08755779266357422
153,740000000,imu1_frame,0.00965179196825137,0.024587673026019444,-0.9908511503470684,0.13234911069915903,0.0,0.0,0.0,0.0005487203598022461,0.002033919095993042,-0.05473041534423828
153,765000000,imu1_frame,0.011611121264544833,0.02610358990482088,-0.9907845749792031,0.13239981284103425,0.0,-0.001953125,0.001953125,0.04242986440658569,0.026279836893081665,-0.0524139404296875
153,790000000,imu1_frame,0.009572034863497586,0.024517162163459276,-0.9908404465224018,0.13244808206731512,0.00390625,-0.005859375,0.005859375,-0.001133054494857788,0.0008508265018463135,-0.054828643798828125
153,815000000,imu1_frame,0.011966938579348788,0.024897145780276304,-0.9907882795879394,0.13257265760406686,0.00390625,-0.005859375,0.005859375,0.01112741231918335,0.0019551515579223633,-0.05345344543457031
153,840000000,imu1_frame,0.009541097054100417,0.024585968744787103,-0.9908300870136695,0.13251504169855063,0.009765625,0.00390625,0.0,-0.0366801917552948,0.002246081829071045,-0.05477428436279297
153,865000000,imu1_frame,0.010130116292716412,0.022028713723089066,-0.9908789930058074,0.13255541382908154,0.009765625,0.00390625,0.0,0.003287196159362793,-0.00973278284072876,-0.06078338623046875
153,890000000,imu1_frame,0.012409982909056195,0.023075229248702287,-0.9908255466592578,0.1325830389103355,0.009765625,0.00390625,0.0,0.01500016450881958,0.004598468542098999,-0.058856964111328125
153,915000000,imu1_frame,0.013622473961691162,0.025178605020291824,-0.990760102857184,0.13257030074197335,0.009765625,0.00390625,0.0,0.0048483312129974365,0.0031024515628814697,-0.056255340576171875
153,940000000,imu1_frame,0.011187048696849843,0.024457194517181147,-0.990807765525819,0.1325770242219098,-0.001953125,-0.00390625,0.00390625,-0.04417279362678528,-0.004535704851150513,-0.058136940002441406
153,965000000,imu1_frame,0.009724057611565456,0.022411483468556235,-0.9908653167203536,0.13262387504887266,-0.001953125,-0.00390625,0.00390625,-0.0035584568977355957,-0.0012857317924499512,-0.0879526138305664
153,990000000,imu1_frame,0.01112729046969649,0.024458468534356022,-0.9907948912075296,0.1326779947120718,-0.001953125,-0.00390625,0.00390625,-0.006219208240509033,-0.004384785890579224,-0.05425548553466797
154,15000000,imu1_frame,0.01279132087822053,0.026348777449138702,-0.9907218432403011,0.13271154193839624,0.0,0.001953125,0.001953125,0.030909836292266846,0.027863532304763794,-0.05159950256347656
154,40000000,imu1_frame,0.011109034667829639,0.024499822565091235,-0.9907973436062532,0.1326535787147115,-0.001953125,-0.001953125,-0.00390625,-0.006476253271102905,-0.0035293400287628174,-0.054223060607910156
154,65000000,imu1_frame,0.012072796370333145,0.0222271943971235,-0.990838659583039,0.132661034568254,-0.001953125,-0.001953125,-0.00390625,0.00630912184715271,-0.010964572429656982,-0.0871124267578125
154,90000000,imu1_frame,0.011192837505190492,0.024499963518011137,-0.990793147666512,0.13267784560085263,0.00390625,0.00390625,0.005859375,-0.004842519760131836,0.035310596227645874,-0.08543682098388672
154,115000000,imu1_frame,0.012794855360742185,0.026421658135166476,-0.9907139943085789,0.13275529796895902,0.00390625,0.00390625,0.005859375,0.031188011169433594,0.029250741004943848,-0.05152320861816406
154,140000000,imu1_frame,0.011239822781167868,0.02444774062116583,-0.9907818017633251,0.1327682027331366,0.005859375,0.00390625,0.001953125,-0.004026949405670166,-0.00490984320640564,-0.054215431213378906
154,165000000,imu1_frame,0.012067095254648573,0.02200453386321847,-0.9908195033653407,0.13284162545089984,0.005859375,0.00390625,0.001953125,0.005694478750228882,-0.015313059091567993,-0.05996417999267578
154,190000000,imu1_frame,0.013195241513645565,0.024193330846037288,-0.9907527691540798,0.13285149136345192,0.005859375,0.00390625,0.001953125,-0.005847722291946411,-0.014947593212127686,-0.5574302673339844
154,215000000,imu1_frame,0.011403091875822686,0.022452267387720593,-0.9908149579596905,0.1328592648939416,0.005859375,0.00390625,0.001953125,-0.005996286869049072,-0.004923105239868164,-0.05988025665283203
154,240000000,imu1_frame,0.012987963869639307,0.024386786158154053,-0.9907460624817876,0.13288655737971075,0.001953125,0.001953125,0.001953125,0.029717952013015747,0.02838754653930664,-0.05735301971435547
154,265000000,imu1_frame,0.01436093245914162,0.026471817824520315,-0.990671031560086,0.13290565716945416,0.001953125,0.001953125,0.001953125,0.022649407386779785,0.026093631982803345,-0.054546356201171875
154,290000000,imu1_frame,0.014038214242620983,0.028921225097447514,-0.9906111524755952,0.13287601691319087,0.001953125,0.001953125,0.001953125,0.022730320692062378,-0.38659876585006714,-0.5481662750244141
154,315000000,imu1_frame,0.013762430954738426,0.03135571678376442,-0.9905517900775697,0.1327952020718932,0.00390625,0.005859375,-0.001953125,0.023647844791412354,-0.33875662088394165,-0.5454483032226562
156,840000000,imu1_frame,-0.04106037008323963,0.2707155517515977,-0.954341011711088,0.11941678866353851,-0.00390625,-0.015625,-0.00390625,-0.4586373120546341,4.250065803527832,0.9012022018432617
156,865000000,imu1_frame,-0.0406897349369445,0.2687158350184285,-0.9549027202774284,0.11956981344753188,-0.00390625,-0.015625,-0.00390625,-0.6314434856176376,4.2085041999816895,0.840301513671875
156,915000000,imu1_frame,-0.039870107906755436,0.2648505315632785,-0.9559630927072822,0.11999639914464356,-0.009765625,-0.013671875,0.001953125,-0.6237983033061028,4.140328407287598,0.7987155914306641
156,940000000,imu1_frame,-0.03941311283926232,0.26289348920168776,-0.9564998518145496,0.12017343030148789,-0.0078125,-0.009765625,0.0,-0.619352214038372,4.105551719665527,0.7778100967407227
156,965000000,imu1_frame,-0.03910256439184546,0.2608961297400254,-0.9570423072347009,0.12030885714500696,-0.0078125,-0.009765625,0.0,-0.32889942824840546,4.023472785949707,0.7920389175415039
157,15000000,imu1_frame,-0.038642879036822904,0.25700653332711343,-0.958055476373314,0.1207645391579311,-0.013671875,-0.017578125,0.005859375,-0.3279236778616905,3.9550881385803223,0.7519721984863281
157,40000000,imu1_frame,-0.03837783657313198,0.25498647394471585,-0.9585901930179276,0.12088788862023732,-0.0078125,-0.013671875,-0.001953125,-0.32751432806253433,3.9193625450134277,0.731348991394043
157,65000000,imu1_frame,-0.038118340960143896,0.2529607014755927,-0.9591219056239819,0.1210084531908565,-0.0078125,-0.013671875,-0.001953125,-0.32723894715309143,3.8835105895996094,1.2108469009399414
157,115000000,imu1_frame,-0.03724160513307764,0.24865157650437317,-0.960267706430752,0.12112550654269685,0.00390625,0.0,-0.00390625,-0.3212602734565735,3.8063278198242188,1.1673097610473633
157,140000000,imu1_frame,-0.036757424057500744,0.24647162437541686,-0.9608452802050063,0.12114857680618249,0.005859375,0.00390625,-0.005859375,-0.31763656437397003,3.7670340538024902,1.1455039978027344
157,165000000,imu1_frame,-0.03626148302192314,0.2442891419270593,-0.9614181127527173,0.12117397598740084,0.005859375,0.00390625,-0.005859375,-0.31377488374710083,3.6885595321655273,0.5926103591918945
157,190000000,imu1_frame,-0.035773531527038875,0.24212443816553478,-0.9619837549354903,0.12117452754321978,0.00390625,0.00390625,-0.0078125,-0.31012512743473053,3.649399757385254,0.5713405609130859
157,215000000,imu1_frame,-0.03524638126768299,0.23993557532189205,-0.9625587664164639,0.12111661115347122,0.005859375,0.0078125,-0.01171875,-0.3060649335384369,3.6096482276916504,0.5499839782714844
157,240000000,imu1_frame,-0.03466248973482921,0.23772495752255746,-0.9631340490843613,0.12107088779159146,0.0078125,0.01171875,-0.009765625,-0.3009146377444267,3.569314479827881,0.5285453796386719
157,265000000,imu1_frame,-0.03410443929228309,0.2355039090098557,-0.9637060588005837,0.12101829734665297,0.0078125,0.01171875,-0.009765625,-0.2572256848216057,3.5678391456604004,0.5072488784790039
157,290000000,imu1_frame,-0.03364110745260667,0.2333140615661603,-0.9642432995663169,0.1211102134682551,0.00390625,0.001953125,0.0,-0.2536117658019066,3.5280017852783203,0.4865684509277344
157,315000000,imu1_frame,-0.033202397301549884,0.2311143279842652,-0.9647773914547476,0.12119551621897669,0.00390625,0.001953125,0.0,-0.2114492505788803,3.4879708290100098,0.49727439880371094
157,340000000,imu1_frame,-0.03281507953155347,0.22895028905813783,-0.9653071518494205,0.12119009152522592,0.0,0.0,-0.0078125,-0.20963570475578308,3.4486083984375,0.4773139953613281
157,365000000,imu1_frame,-0.0324475471726265,0.22677687739037447,-0.9658338566943288,0.12117906513300945,0.0,0.0,-0.0078125,-0.20823229849338531,3.909055233001709,0.9574832916259766
157,390000000,imu1_frame,-0.032078741991604744,0.22459887233284725,-0.9663564287820479,0.12116746019726753,0.0,0.0,-0.0078125,-0.2068072035908699,3.869349956512451,0.9378013610839844
157,415000000,imu1_frame,-0.03177614176620048,0.22245649478624682,-0.9668430474902477,0.12131737823428872,-0.00390625,-0.0078125,0.00390625,-0.20581570267677307,3.8303728103637695,0.9187021255493164
157,440000000,imu1_frame,-0.031441630159761765,0.22036150191280066,-0.9673223706133522,0.12140701659540089,-0.0078125,-0.00390625,0.0,-0.20437029004096985,3.792104721069336,0.9001541137695312
157,465000000,imu1_frame,-0.0310835260885315,0.2182663138338545,-0.9677970221087727,0.12150125369178989,-0.0078125,-0.00390625,0.0,-0.2415202334523201,3.753720760345459,0.8778467178344727
157,490000000,imu1_frame,-0.03072389785861745,0.2161669791612517,-0.96826779687751,0.12159503587994591,-0.0078125,-0.00390625,0.0,-0.23958926647901535,3.7151970863342285,0.832240104675293
157,515000000,imu1_frame,-0.03044416803056255,0.21402933426895382,-0.9687309791956956,0.12175749115296286,-0.005859375,-0.01171875,0.00390625,-0.23897165060043335,3.6761069297790527,0.8139305114746094
157,540000000,imu1_frame,-0.030014382697848046,0.21185794495153676,-0.9692050010196063,0.12188935142482196,-0.001953125,0.0,0.00390625,-0.23573321104049683,3.6360063552856445,0.7953453063964844
157,565000000,imu1_frame,-0.02958799747640637,0.2096759084210235,-0.9696760873446696,0.122019873238286,-0.001953125,0.0,0.00390625,-0.193529162555933,3.0565948486328125,0.8042125701904297
157,590000000,imu1_frame,-0.029221800228958303,0.20750591443792227,-0.9701422721899127,0.12211205335614353,-0.00390625,-0.00390625,0.0,-0.1916562095284462,3.0165348052978516,0.7860965728759766
157,615000000,imu1_frame,-0.028818928737432057,0.20533853932773785,-0.9706028858089016,0.12221125837094596,-0.00390625,-0.00390625,0.0,-0.22811353206634521,3.0154380798339844,0.26814842224121094
157,640000000,imu1_frame,-0.028371306553946027,0.20312426808081,-0.9710765180050033,0.12225382145493725,0.0,0.0,-0.00390625,-0.22500427812337875,2.974262237548828,0.2499685287475586
157,665000000,imu1_frame,-0.027911763800638225,0.20090953338342263,-0.9715448860069451,0.1222981083702634,0.0,0.0,-0.00390625,-0.4716554805636406,2.9798622131347656,8.466346740722656
158,15000000,imu1_frame,-0.022338206960960248,0.16918562827885777,-0.9776670055537795,0.12265583534900959,0.0,0.0,-0.00390625,-0.1540748868137598,2.8376598358154297,0.4657554626464844
158,40000000,imu1_frame,-0.021899889222769708,0.1668959057722953,-0.9780670524769598,0.1226824859036839,0.0,0.0,-0.00390625,-0.19033453054726124,2.7941012382507324,0.48157405853271484
158,65000000,imu1_frame,-0.02149029590300316,0.16459546819571405,-0.9784632674859987,0.12270343602384648,0.0,0.0,-0.00390625,-0.14905691146850586,2.7113587856292725,0.4389762878417969
158,90000000,imu1_frame,-0.0210799785699036,0.16229015539790762,-0.9788546516737707,0.12272371759784757,0.0,0.0,-0.00390625,-0.14683539979159832,2.6675329208374023,0.4512481689453125
158,115000000,imu1_frame,-0.020865993039425317,0.1601011420635877,-0.9792045914333375,0.1228438144974522,-0.01171875,-0.015625,0.001953125,-0.14775916375219822,2.626278877258301,0.43727779388427734
158,140000000,imu1_frame,-0.020596575371390084,0.15791473709270903,-0.9795482836365149,0.1229791726946841,-0.01171875,-0.01171875,0.00390625,-0.14757295697927475,2.5848982334136963,0.42346763610839844
158,165000000,imu1_frame,-0.02032439824888877,0.15572441240582904,-0.9798876573096146,0.12311378992198735,-0.01171875,-0.01171875,0.00390625,-0.14735182467848063,2.543391227722168,0.4098224639892578
158,190000000,imu1_frame,-0.01993864621324846,0.15342267377725224,-0.9802433863510899,0.12323488577983865,-0.001953125,-0.00390625,0.00390625,-0.14527783170342445,2.499488353729248,0.39560890197753906
158,215000000,imu1_frame,-0.019551653296394873,0.15111701451514592,-0.9805941286869196,0.1233553223908382,-0.001953125,-0.00390625,0.00390625,-0.14319499675184488,2.4554593563079834,0.38158512115478516
158,240000000,imu1_frame,-0.019265342306599674,0.14884373904084736,-0.9809306176110106,0.12348891192099401,-0.005859375,-0.01171875,0.00390625,-0.14292648248374462,2.412224292755127,0.3680381774902344
158,265000000,imu1_frame,-0.01895529280389519,0.14659487510369612,-0.9812590575289194,0.12361756139605509,-0.0078125,-0.009765625,0.00390625,-0.14216298703104258,2.3693435192108154,0.35482025146484375
158,290000000,imu1_frame,-0.01864051955036536,0.14434568704446918,-0.981582311558009,0.12374578497463529,-0.0078125,-0.009765625,0.00390625,-0.14131623413413763,2.2873377799987793,0.314453125
158,315000000,imu1_frame,-0.018387764807178412,0.1421337557115312,-0.9819020303719457,0.12380746481606507,-0.01171875,-0.013671875,-0.001953125,-0.14176050759851933,2.245196580886841,0.3018836975097656
158,340000000,imu1_frame,-0.017974807680956266,0.1398397265845494,-0.9822337388683448,0.12384926074185322,-0.00390625,-0.001953125,-0.001953125,-0.1393885174766183,2.20108699798584,0.28894519805908203
158,365000000,imu1_frame,-0.017563022142896432,0.13754110362035188,-0.9825605524206886,0.12389005567379133,-0.00390625,-0.001953125,-0.001953125,-0.13704951666295528,2.1959123611450195,0.2761964797973633
158,390000000,imu1_frame,-0.017150179018922535,0.1352370976709629,-0.9828825532809427,0.12393016270903524,-0.00390625,-0.001953125,-0.001953125,-0.1347018574597314,2.1515259742736816,0.29097461700439453
158,415000000,imu1_frame,-0.016814425788020036,0.13294377784412242,-0.9831980273205924,0.12395509707489966,-0.005859375,-0.0078125,-0.00390625,-0.13384560588747263,2.1074793338775635,0.2787303924560547
158,440000000,imu1_frame,-0.016451684102759368,0.13067539396398403,-0.9835026114182152,0.1239995840158015,-0.0078125,-0.005859375,-0.001953125,-0.13235467323102057,2.0637969970703125,0.26680469512939453
158,465000000,imu1_frame,-0.016129724857952377,0.12839812137635004,-0.9838030394264619,0.12403763146032108,-0.0078125,-0.005859375,-0.001953125,-0.09262161701917648,1.9809393882751465,0.2550668716430664
158,490000000,imu1_frame,-0.015820404361329494,0.1260923708946307,-0.9840950349292659,0.12412651221871096,-0.005859375,-0.0078125,0.001953125,-0.0921349294949323,1.9365956783294678,0.24340438842773438
158,515000000,imu1_frame,-0.015510687811634406,0.1237833864853284,-0.9843819838647561,0.12421433748292188,-0.005859375,-0.0078125,0.001953125,-0.09165395935997367,1.9312107563018799,0.23193645477294922
158,540000000,imu1_frame,-0.015198470005296068,0.12147191165333168,-0.9846637756497071,0.12430136810207107,-0.005859375,-0.0078125,0.001953125,-0.09113572584465146,1.8866705894470215,0.22066783905029297
158,565000000,imu1_frame,-0.014673178114106376,0.11933080011035982,-0.9849387934417114,0.12425953147601444,-0.017578125,0.01171875,-0.005859375,-0.08640402089804411,1.8448123931884766,0.2102823257446289
158,590000000,imu1_frame,-0.01414828288122402,0.11718550989111251,-0.9852092924207209,0.12421768187716056,-0.017578125,0.01171875,-0.005859375,-0.08167973253875971,1.763780117034912,0.20006847381591797
158,615000000,imu1_frame,-0.013695445241870241,0.11483137145355046,-0.9854933461355506,0.12421374977142957,-0.001953125,0.00390625,-0.00390625,-0.07875991798937321,1.7179811000823975,0.18914508819580078
158,640000000,imu1_frame,-0.013200609828649066,0.11250260437238833,-0.9857730109661215,0.12417922032437222,-0.00390625,0.0078125,-0.005859375,-0.07503001019358635,1.672525405883789,0.17853641510009766
158,665000000,imu1_frame,-0.012707470965464016,0.11017001616893794,-0.9860473175414064,0.12414417138309343,-0.00390625,0.0078125,-0.005859375,-0.07133331149816513,1.6269631385803223,0.16813373565673828
158,690000000,imu1_frame,-0.012268263545644758,0.10782709490436848,-0.9863170408351007,0.12410278914008735,-0.00390625,0.0078125,-0.005859375,-0.033548977226018906,1.5812971591949463,0.15793609619140625
158,715000000,imu1_frame,-0.011789293862285461,0.10536470741942944,-0.9865913589519923,0.12408376776157114,0.005859375,0.009765625,-0.00390625,-0.030390331521630287,1.5332214832305908,0.14744949340820312
158,740000000,imu1_frame,-0.011339928101931367,0.10289588239756862,-0.9868623345658054,0.12404263795807101,0.005859375,0.0078125,-0.005859375,-0.02785518579185009,1.485055923461914,0.13719558715820312
158,765000000,imu1_frame,-0.010835528638861334,0.10043220863898031,-0.9871262701594736,0.12400681250664661,0.005859375,0.0078125,-0.005859375,-0.05938124656677246,1.43681800365448,0.12718486785888672
158,790000000,imu1_frame,-0.010336796687225636,0.09791488055140239,-0.9874011083749787,0.12387444442141922,0.009765625,0.0078125,-0.013671875,-0.056168802082538605,1.3875349760055542,0.1172189712524414
158,815000000,imu1_frame,-0.009839309036397863,0.0953929188545723,-0.9876697037282635,0.12374140522644575,0.009765625,0.0078125,-0.013671875,-0.052973221987485886,1.338128924369812,0.10749340057373047
158,840000000,imu1_frame,-0.009361052753249131,0.09288863415165041,-0.9879174194240039,0.1237062841387149,0.0078125,0.005859375,-0.005859375,-0.04990638047456741,1.2890669107437134,0.09809684753417969
158,865000000,imu1_frame,-0.008897172227148739,0.09042856447205404,-0.988163517844121,0.12359764178905513,0.00390625,0.005859375,-0.01171875,-0.04713194817304611,1.2408552169799805,0.08911609649658203
158,890000000,imu1_frame,-0.008358690389641897,0.08798041565083349,-0.9884020005318919,0.12349519869788854,0.00390625,0.005859375,-0.01171875,-0.08192305639386177,1.192659616470337,0.08039665222167969
158,915000000,imu1_frame,-0.007817167848440247,0.08565521624223832,-0.9886299461436675,0.12334060728443684,-0.005859375,0.0078125,-0.015625,-0.07736722752451897,1.1467863321304321,0.07233333587646484
158,940000000,imu1_frame,-0.007141987500540786,0.08317015706443846,-0.9888767146950794,0.12310385908770359,0.0078125,0.017578125,-0.021484375,-0.07073016464710236,1.097502589225769,0.0639352798461914
158,965000000,imu1_frame,-0.006472112635369137,0.08067981680405992,-0.9891171130765005,0.12286665755080868,0.0078125,0.017578125,-0.021484375,-0.06417873501777649,1.0481019020080566,0.02843761444091797
158,990000000,imu1_frame,-0.005809718235709075,0.07818757864058107,-0.9893508563966799,0.1226288410917309,0.0078125,0.017578125,-0.021484375,-0.05774729698896408,0.9986549615859985,0.020539283752441406
159,15000000,imu1_frame,-0.005326009100653572,0.07579414635580138,-0.9895468274479184,0.12257225335700887,-0.001953125,0.00390625,-0.0078125,-0.05423425883054733,0.9514930248260498,0.0132293701171875
159,40000000,imu1_frame,-0.004944492145614215,0.07343472736091135,-0.9897299075153023,0.12254632995158045,-0.005859375,-0.00390625,-0.005859375,-0.052562564611434937,0.9052013158798218,0.006270408630371094
159,65000000,imu1_frame,-0.004559477673002458,0.07107219641102298,-0.9899075095063058,0.12251969916583051,-0.005859375,-0.00390625,-0.005859375,-0.05082603543996811,0.8588168621063232,-0.0004749298095703125
159,90000000,imu1_frame,-0.004097534415523979,0.06856771810175606,-0.9900779244005182,0.12258622214912038,0.005859375,0.0,0.001953125,-0.047809965908527374,0.8094826936721802,-0.007389068603515625
159,115000000,imu1_frame,-0.003637043264350095,0.06606336100793232,-0.9902418549264362,0.12265183651490756,0.005859375,0.0,0.001953125,-0.04482589662075043,0.7601280212402344,0.013294219970703125
159,140000000,imu1_frame,-0.003206444823110265,0.06360296144391267,-0.990396206292258,0.1227181183406248,0.001953125,-0.001953125,0.001953125,-0.042317114770412445,0.7116670608520508,0.007000923156738281
159,165000000,imu1_frame,-0.0026411225745218998,0.061167188902219206,-0.9905421395350592,0.12279197562810833,0.001953125,-0.001953125,0.001953125,-0.07619743794202805,0.6633338928222656,0.004901885986328125
159,190000000,imu1_frame,-0.0020732702764025674,0.05872806401584414,-0.9906820280094695,0.12286511069606648,0.001953125,-0.001953125,0.001953125,-0.07097868621349335,0.6149073839187622,-0.0008668899536132812
159,215000000,imu1_frame,-0.001638457801646039,0.056396502433147325,-0.9908054693412905,0.12296858091693666,-0.0078125,-0.01171875,0.00390625,-0.06804807484149933,0.5688517093658447,-0.006145477294921875
159,240000000,imu1_frame,-0.0014158392701649255,0.05402140413461545,-0.9909269209287412,0.12305901297007822,-0.0078125,-0.01171875,0.00390625,-0.030290856957435608,0.9990102052688599,-0.042534828186035156
160,90000000,imu1_frame,0.0064242928497918505,-0.027322014862598828,-0.9916691705563629,0.1257159183766436,-0.0078125,-0.01171875,0.00390625,-0.07542147859930992,-0.5961993932723999,-0.08421993255615234
163,265000000,imu1_frame,-0.012804053016044899,0.2895971920988395,-0.9490126856156695,0.1238726971344547,-0.0078125,-0.01171875,0.00390625,0.331964910030365,5.364981174468994,1.5467643737792969
163,365000000,imu1_frame,-0.012794153128895123,0.2816880474102096,-0.9512951979529742,0.12460176541104667,-0.0078125,-0.01171875,0.00390625,0.3153691589832306,5.218498229980469,1.4546403884887695
163,540000000,imu1_frame,-0.01274268016416005,0.2676177264420047,-0.9551844096673071,0.12586151168949297,-0.0078125,-0.01171875,0.00390625,0.287680983543396,4.977433204650879,1.3035459518432617
163,590000000,imu1_frame,-0.012711279315678526,0.2635531339048868,-0.9562678972816475,0.1262136189783343,-0.0078125,-0.01171875,0.00390625,0.27980566024780273,4.907057285308838,1.261305809020996
163,640000000,imu1_frame,-0.012746719320577929,0.2594581372545286,-0.957343015207055,0.12654385561234224,-0.0078125,-0.01171875,0.00390625,0.2704472839832306,4.35957145690918,11.24680233001709
163,690000000,imu1_frame,-0.012777119749315198,0.25534258625373,-0.9584052042244202,0.1268714836821711,-0.0078125,-0.01171875,0.00390625,0.2610679566860199,4.2880120277404785,11.205402374267578
163,790000000,imu1_frame,-0.012113326151852353,0.24675088686624283,-0.9605451324755748,0.12775099075052865,0.0,0.0,0.01171875,0.2559349536895752,4.1359758377075195,11.120765686035156
163,840000000,imu1_frame,-0.011738967664730055,0.24242579550753202,-0.9615907015687555,0.12820005057415298,0.0,0.0,0.01171875,0.25404804944992065,4.019786834716797,1.0831289291381836
163,865000000,imu1_frame,-0.011535339296865918,0.2402591529388302,-0.9621241930434289,0.12829463175422653,0.0,0.00390625,0.001953125,0.2527678906917572,3.981053352355957,1.0625877380371094
163,890000000,imu1_frame,-0.011331947525418983,0.2380871199198469,-0.9626538413554506,0.1283888313567364,0.0,0.00390625,0.001953125,0.2514669895172119,3.9421796798706055,1.0421876907348633
163,915000000,imu1_frame,-0.011211042798442183,0.2359000075832949,-0.9631849857816407,0.12845303463287122,0.0,-0.001953125,-0.001953125,0.2484329342842102,3.903183937072754,1.0218706130981445
163,940000000,imu1_frame,-0.0110748329090378,0.23373445860188605,-0.963709821625649,0.12848708355465183,-0.001953125,0.0,-0.00390625,0.2456018328666687,3.8644747734069824,1.0019311904907227
163,965000000,imu1_frame,-0.010923698489037953,0.23157016729310836,-0.9642289860716782,0.12852389991883206,-0.001953125,0.0,-0.00390625,0.2430688738822937,4.263182163238525,0.9821805953979492
163,990000000,imu1_frame,-0.010709750266261458,0.22933647697746073,-0.9647585252522085,0.1285732068900241,0.00390625,0.00390625,-0.001953125,0.2415999472141266,4.222928047180176,0.9619665145874023
164,15000000,imu1_frame,-0.010475225277901682,0.22712246554807486,-0.9652789808529644,0.12861626810867768,0.001953125,0.005859375,-0.001953125,0.24054285883903503,4.182905197143555,0.9421148300170898
164,40000000,imu1_frame,-0.01025466238124957,0.22490065275430263,-0.9657961622068926,0.12865578633148608,0.001953125,0.005859375,-0.001953125,0.23918870091438293,3.744271755218506,0.918487548828125
164,65000000,imu1_frame,-0.01003601820409034,0.2226742064854003,-0.9663090607750391,0.12869450325777715,0.001953125,0.005859375,-0.001953125,0.23778516054153442,3.664867401123047,0.902827262878418
164,90000000,imu1_frame,-0.0098971794466793,0.22045689159280663,-0.9668146744712541,0.12872525010766503,0.0,0.0,-0.00390625,0.23486435413360596,3.6248202323913574,0.8835668563842773
164,115000000,imu1_frame,-0.009771547345915652,0.21827964573582165,-0.9672957308022551,0.1288312162934202,-0.00390625,-0.001953125,0.001953125,0.2321203649044037,3.58543062210083,0.8648462295532227
164,140000000,imu1_frame,-0.009645443526059703,0.21609763252218842,-0.9677727637627156,0.12893663698331068,-0.00390625,-0.001953125,0.001953125,0.22936517000198364,3.545889377593994,0.8462715148925781
164,165000000,imu1_frame,-0.00950940215717333,0.2138397657331243,-0.9682614508382932,0.12904219729351765,0.001953125,-0.001953125,0.001953125,0.2265983521938324,3.5048952102661133,0.827244758605957
164,190000000,imu1_frame,-0.009371264421170072,0.21157708200444197,-0.968745700757174,0.12914753206362897,0.001953125,-0.001953125,0.001953125,0.22385245561599731,3.5028066635131836,0.8044719696044922
164,215000000,imu1_frame,-0.009188473852630311,0.2093392259835863,-0.9692209434326767,0.1292417240070879,0.0,0.001953125,0.001953125,0.22196444869041443,3.4619300365448,0.7859926223754883
164,240000000,imu1_frame,-0.009007444592184622,0.20709563395137331,-0.9696920646440563,0.12933508459248408,0.0,0.001953125,0.001953125,0.22002103924751282,3.381826400756836,0.771571159362793
164,265000000,imu1_frame,-0.008826498955925308,0.20484667808701734,-0.9701589220876818,0.12942796176469107,0.0,0.001953125,0.001953125,0.21805661916732788,3.3406267166137695,0.7533988952636719
164,290000000,imu1_frame,-0.00864247732686789,0.2025685983876184,-0.9706264445520603,0.12952056079694982,0.001953125,0.001953125,0.001953125,0.21607047319412231,3.298825740814209,0.735194206237793
164,315000000,imu1_frame,-0.008461729399128246,0.20030876395290773,-0.9710846563216199,0.1296124549414738,0.0,0.001953125,0.001953125,0.21406245231628418,3.2573013305664062,0.7173366546630859
164,340000000,imu1_frame,-0.008279284816690439,0.1980441784984884,-0.9715383549900594,0.12970420806200705,0.0,0.001953125,0.001953125,0.21206995844841003,3.2546865940093994,0.6957378387451172
164,365000000,imu1_frame,-0.008096941901408833,0.1957742273655737,-0.9719876693926175,0.12979546209311607,0.0,0.001953125,0.001953125,0.21005570888519287,3.2128491401672363,0.6782045364379883
164,390000000,imu1_frame,-0.007943248265170016,0.19349560959024714,-0.9724355265581159,0.12986724207411335,0.0,0.0,0.0,0.2073967158794403,3.1708717346191406,0.6608180999755859
164,415000000,imu1_frame,-0.0077892709935448575,0.19121237434210722,-0.9728788002194566,0.129938428647547,0.0,0.0,0.0,0.2047259509563446,3.1287472248077393,0.6436014175415039
164,440000000,imu1_frame,-0.007635045781745584,0.18892505108960583,-0.973317363717124,0.13000900212465433,0.0,0.0,0.0,0.20204433798789978,3.086487054824829,0.6265573501586914
164,465000000,imu1_frame,-0.00748057583549104,0.18663368473266972,-0.9737511865720602,0.1300789581668793,0.0,0.0,0.0,0.19935199618339539,3.0440926551818848,0.6096916198730469
164,490000000,imu1_frame,-0.007298297886742666,0.1843404430729642,-0.9741793516334312,0.13015347381721085,0.0,0.0,0.0,0.15813538432121277,2.962470293045044,0.5930089950561523
164,515000000,imu1_frame,-0.0071157200274921855,0.18204292032085212,-0.9746027760004139,0.13022738076853727,0.0,0.0,0.0,0.155970960855484,2.919771671295166,0.576502799987793
164,540000000,imu1_frame,-0.006991484750768923,0.17973723305814795,-0.9750231697245435,0.13028992552720578,0.0,0.0,0.0,0.23075565695762634,2.9160780906677246,0.5601634979248047
164,565000000,imu1_frame,-0.0068070470708348554,0.1774307810015324,-0.9754371064141195,0.13036269977954357,0.0,0.0,0.0,0.15046900510787964,2.834031581878662,0.516667366027832
164,590000000,imu1_frame,-0.006622271561854582,0.17511959316998876,-0.975846308786143,0.1304348697082132,0.0,0.0,0.0,0.14829683303833008,2.7909038066864014,0.5006914138793945
164,615000000,imu1_frame,-0.006437148319785069,0.17280354198861797,-0.9762507717183571,0.13050643553867228,0.0,0.0,0.0,0.14611387252807617,2.7476279735565186,0.4848928451538086
164,640000000,imu1_frame,-0.006282571875206988,0.17048094369402653,-0.9766512806706201,0.13057202262454495,0.0,0.0,0.0,0.1823703944683075,2.743316411972046,0.496612548828125
164,665000000,imu1_frame,-0.0060965607527016154,0.1681549739243442,-0.9770462210794996,0.1306423306809911,0.0,0.0,0.0,0.14110636711120605,2.660679817199707,0.4811716079711914
164,690000000,imu1_frame,-0.005910191761970155,0.16582401272241454,-0.9774363572576669,0.13071202679492036,0.0,0.0,0.0,0.1388939917087555,2.6169588565826416,0.4659099578857422
164,715000000,imu1_frame,-0.005723471553805269,0.1634881400293841,-0.9778216466265885,0.13078110464272794,0.0,0.0,0.0,0.13667091727256775,2.573091506958008,0.45083141326904297
164,740000000,imu1_frame,-0.005571759629429912,0.1611451116954727,-0.9782030047658964,0.1308437615565108,0.0,0.0,0.0,0.17279919981956482,2.5291266441345215,0.4398355484008789
164,765000000,imu1_frame,-0.005419782353350094,0.15879756010467952,-0.9785793987285479,0.1309057724018179,0.0,0.0,0.0,0.16985371708869934,2.4850261211395264,0.4251213073730469
164,790000000,imu1_frame,-0.005264997796900369,0.15644600187031404,-0.9789506799032136,0.13096753267137787,0.0,0.0,0.0,0.16694778203964233,2.479851722717285,0.4066915512084961
164,815000000,imu1_frame,-0.005109974553960394,0.15409038154203553,-0.9793168746241214,0.13102862875238538,0.0,0.0,0.0,0.1640312373638153,2.4354875087738037,0.3923616409301758
164,840000000,imu1_frame,-0.004957459010353211,0.15173170924579274,-0.9796778484871727,0.13108861580265202,0.0,0.0,0.0,0.16105255484580994,2.3519575595855713,0.3821382522583008
164,865000000,imu1_frame,-0.004804475737471421,0.14937059973304076,-0.9800334472879315,0.13114794373230848,0.0,0.0,0.0,0.1580718755722046,2.3073949813842773,0.3330564498901367
164,890000000,imu1_frame,-0.004651319761553499,0.14700639367498886,-0.9803837615720357,0.13120657563177107,0.0,0.0,0.0,0.15508165955543518,2.262722969055176,0.31933021545410156
164,915000000,imu1_frame,-0.004497944003644609,0.14463836166143001,-0.9807288803650146,0.13126452701938326,0.0,0.0,0.0,0.15208110213279724,2.217930555343628,0.3058042526245117
164,940000000,imu1_frame,-0.004344530337692164,0.14226374303531597,-0.9810691795331957,0.13132180871351357,0.0,0.0,0.0,0.14905953407287598,2.1729650497436523,0.32761573791503906
164,965000000,imu1_frame,-0.0041908059424562005,0.13988388107587416,-0.9814044240806526,0.13137843565679277,0.0,0.0,0.0,0.14602580666542053,2.127851963043213,0.3144645690917969
164,990000000,imu1_frame,-0.00403686330638161,0.1375002041302543,-0.9817343856314293,0.1314343701916043,0.0,0.0,0.0,0.14298179745674133,2.0826194286346436,0.3015155792236328
165,15000000,imu1_frame,-0.0038827564780005855,0.13511354783186982,-0.9820589295335163,0.13148959015032957,0.0,0.0,0.0,0.13992854952812195,2.0372846126556396,0.2887735366821289
165,40000000,imu1_frame,-0.003769982183319785,0.13272112003328315,-0.9823790072263092,0.13153850269977738,0.0,0.0,0.0,0.1751101016998291,2.0309648513793945,0.2723255157470703
165,65000000,imu1_frame,-0.0036796834254019736,0.13042188182237838,-0.9826904748565534,0.1315143463581071,-0.0078125,0.0,-0.005859375,0.17084833979606628,1.9873738288879395,0.2604856491088867
165,90000000,imu1_frame,-0.003554997619646212,0.12805137289521148,-0.9830063582846625,0.13148652958954052,-0.001953125,0.001953125,-0.005859375,0.16705778241157532,1.9423062801361084,0.2484912872314453
165,115000000,imu1_frame,-0.0035568372287077053,0.12573411332191153,-0.9833039767226004,0.13149741829253114,-0.0078125,-0.0078125,-0.00390625,0.16107264161109924,1.8985168933868408,0.23699569702148438
165,140000000,imu1_frame,-0.0035598066880402584,0.12341348198826207,-0.9835966495519944,0.13150692464645292,-0.0078125,-0.0078125,-0.00390625,0.15505313873291016,1.815563678741455,0.1944446563720703
165,165000000,imu1_frame,-0.003563862455080129,0.1210882818546507,-0.9838845020969501,0.1315150691568324,-0.0078125,-0.0078125,-0.00390625,0.14899729192256927,1.7363946437835693,0.21458148956298828
165,190000000,imu1_frame,-0.003392273908808019,0.11863422936469539,-0.9841757207023638,0.13157721261964456,0.00390625,0.00390625,0.001953125,0.1461133062839508,1.6894354820251465,0.20305919647216797
165,215000000,imu1_frame,-0.0032178832473705767,0.11617655357473282,-0.9844611607334484,0.13163919110301026,0.00390625,0.00390625,0.001953125,0.14326994121074677,1.6775147914886475,0.1956615447998047
