timestamp_sec,timestamp_nsec,frame_id,orientation_x,orientation_y,orientation_z,orientation_w,angular_velocity_x,angular_velocity_y,angular_velocity_z,linear_acceleration_x,linear_acceleration_y,linear_acceleration_z
604,471000000,imu1_frame,0.026763998396121483,-0.00992877337510812,-0.7839063804718737,0.6202224556597448,0.001953125,0.0,-0.001953125,-0.014951080083847046,0.0194777250289917,-0.13837718963623047
604,491000000,imu1_frame,0.02870225202792928,-0.010455042593001774,-0.7838626101441241,0.6201824580161429,0.0,0.001953125,0.0,0.008351951837539673,-0.012052774429321289,-0.13606643676757812
604,511000000,imu1_frame,0.026744314648663624,-0.009993110142103606,-0.7839161403441733,0.6202099356601404,-0.001953125,0.0,-0.001953125,-0.016025185585021973,0.018735289573669434,-0.13837337493896484
604,531000000,imu1_frame,0.028663179204349836,-0.010423610734338819,-0.783887126201592,0.6201538066258787,-0.00390625,0.0,-0.001953125,0.00815388560295105,-0.011086463928222656,-0.1361227035522461
604,551000000,imu1_frame,0.026671867810624382,-0.010146621287313732,-0.783937364090244,0.6201837362646531,0.0,-0.001953125,-0.001953125,-0.018980085849761963,0.017270654439926147,-0.13838768005371094
604,571000000,imu1_frame,0.028623509818104804,-0.010417682764104985,-0.783888783252895,0.6201536439156147,-0.001953125,-0.001953125,0.001953125,0.007618933916091919,-0.010515093803405762,-0.13616943359375
604,591000000,imu1_frame,0.026676012954786568,-0.010133369704502055,-0.7839376436163278,0.6201834213138462,0.001953125,0.001953125,-0.001953125,-0.018755704164505005,0.017423629760742188,-0.13838958740234375
604,611000000,imu1_frame,0.028640462472521975,-0.010408571442248625,-0.7838760368148162,0.620169125688621,-0.001953125,0.0,0.00390625,0.007978826761245728,-0.010587096214294434,-0.1361551284790039
604,631000000,imu1_frame,0.026625142359788655,-0.010199484280481829,-0.7839244594202046,0.6202011885166567,-0.001953125,-0.001953125,-0.001953125,-0.020347148180007935,0.01702055335044861,-0.13841629028320312
604,651000000,imu1_frame,0.028625679366567236,-0.010421344246758774,-0.783900757017088,0.6201383468331317,0.001953125,0.0,-0.001953125,0.007617592811584473,-0.010591387748718262,-0.13616561889648438
604,671000000,imu1_frame,0.026625762549890176,-0.010108869646305712,-0.7839515813372713,0.6201683623355052,-0.001953125,-0.001953125,-0.001953125,-0.019218534231185913,0.01841333508491516,-0.13845157623291016
604,691000000,imu1_frame,0.028589056607365996,-0.010401698796553551,-0.7839380250095174,0.6200932538325375,-0.001953125,0.0,-0.00390625,0.007324546575546265,-0.009828805923461914,-0.1362152099609375
604,711000000,imu1_frame,0.02661432624408089,-0.010226192605728886,-0.7839719506455335,0.6201411800746677,0.0,0.001953125,0.0,-0.020799994468688965,0.016764163970947266,-0.13841724395751953
604,731000000,imu1_frame,0.0285782392866023,-0.010401004556045283,-0.7839499314694696,0.6200787113685784,-0.001953125,-0.001953125,-0.001953125,0.007176786661148071,-0.009681284427642822,-0.13622760772705078
604,751000000,imu1_frame,0.026574062563904058,-0.010253389688569344,-0.783984801225156,0.6201262118687587,0.0,-0.001953125,0.0,-0.02173703908920288,0.01684066653251648,-0.13844680786132812
604,771000000,imu1_frame,0.028529013122836334,-0.01037926323371398,-0.7839759771075716,0.6200484123221273,-0.00390625,-0.001953125,-0.00390625,0.006706655025482178,-0.008739829063415527,-0.1362905502319336
604,791000000,imu1_frame,0.026553548578549347,-0.010430196150054787,-0.7839908861413581,0.6201164491556777,-0.001953125,0.00390625,0.001953125,-0.02418944239616394,0.01438361406326294,-0.138397216796875
604,811000000,imu1_frame,0.028552179399756204,-0.010381679229089905,-0.7839497097144014,0.6200805160836893,0.0,0.0,0.001953125,0.007011145353317261,-0.009070217609405518,-0.13626480102539062
604,831000000,imu1_frame,0.026578558951115463,-0.010449262456609817,-0.7839787039129246,0.6201304579918696,0.00390625,0.0,0.0,-0.024046480655670166,0.013783514499664307,-0.13836383819580078
604,851000000,imu1_frame,0.028647049101801943,-0.010372104265639786,-0.7839481068369158,0.6200783271633327,0.00390625,0.005859375,0.0,0.008580595254898071,-0.010071814060211182,-0.13616180419921875
604,871000000,imu1_frame,0.026699613798849654,-0.010402730173542983,-0.7839862637616478,0.6201164826554612,-0.001953125,0.0078125,-0.001953125,-0.021620452404022217,0.013034850358963013,-0.13825702667236328
604,891000000,imu1_frame,0.028709136154122634,-0.010396762927077603,-0.7839681523907499,0.6200496987008025,0.001953125,0.0,-0.001953125,0.009250164031982422,-0.011190295219421387,-0.13608264923095703
604,911000000,imu1_frame,0.02674080149165028,-0.010334315253715635,-0.7839996537566011,0.6200989230544999,0.001953125,0.001953125,0.0,-0.02014949917793274,0.013590574264526367,-0.13824176788330078
604,931000000,imu1_frame,0.028763470147051995,-0.01040084718510742,-0.7839545893835536,0.6200642603371005,0.001953125,0.001953125,0.001953125,0.01002269983291626,-0.011916816234588623,-0.13601970672607422
604,951000000,imu1_frame,0.026839437931737053,-0.010315215882436968,-0.7839731554796072,0.6201284805426652,0.00390625,0.005859375,0.001953125,-0.018426179885864258,0.012677490711212158,-0.13814544677734375
604,971000000,imu1_frame,0.02882172908650012,-0.010388859279764472,-0.7839645786201132,0.6200491262830053,-0.001953125,0.0,-0.00390625,0.01106947660446167,-0.012432754039764404,-0.13595962524414062
604,991000000,imu1_frame,0.026807944222462965,-0.010385981097379085,-0.7840204530947922,0.6200688628307723,0.0,-0.001953125,-0.00390625,-0.019729673862457275,0.01199638843536377,-0.13815021514892578
605,11000000,imu1_frame,0.028862172771504522,-0.010365610997190052,-0.7839999810161892,0.6200028700402747,0.001953125,0.005859375,-0.001953125,0.012000441551208496,-0.012547791004180908,-0.1359233856201172
605,31000000,imu1_frame,0.026852775732709937,-0.010467911357707064,-0.7840168430705543,0.6200701097851257,0.0,-0.001953125,0.001953125,-0.020037978887557983,0.010197728872299194,-0.13806915283203125
605,51000000,imu1_frame,0.028861456235301546,-0.010350365659055925,-0.7839762007881392,0.6200332272326192,0.0,0.001953125,0.001953125,0.012154579162597656,-0.012317776679992676,-0.13593006134033203
605,71000000,imu1_frame,0.026898395709833434,-0.010501434708278412,-0.7840023573806625,0.6200858809865526,0.001953125,0.001953125,0.0,-0.01975587010383606,0.009125500917434692,-0.13800716400146484
605,91000000,imu1_frame,0.028940930527026894,-0.010380781399363739,-0.7839622803018282,0.6200466151683487,0.005859375,0.001953125,0.001953125,0.012993276119232178,-0.013751804828643799,-0.13582706451416016
605,111000000,imu1_frame,0.026954736312600435,-0.010414310870305591,-0.7839804588702589,0.6201125901229493,0.001953125,0.0,0.001953125,-0.017853498458862305,0.009768277406692505,-0.1379842758178711
605,131000000,imu1_frame,0.02895578697142502,-0.010346040321855083,-0.7839502380612876,0.620061727648284,-0.001953125,0.001953125,0.0,0.013632088899612427,-0.013405561447143555,-0.13582515716552734
605,151000000,imu1_frame,0.026962650355022745,-0.010481641688091823,-0.783965520346694,0.6201299973238613,0.0,0.0,0.001953125,-0.01855984330177307,0.008634477853775024,-0.13794898986816406
605,171000000,imu1_frame,0.028987082482535766,-0.010320768086010295,-0.7839370490121177,0.6200773612876362,0.0,0.00390625,0.0,0.014407426118850708,-0.01340395212173462,-0.13579940795898438
605,191000000,imu1_frame,0.02705947171497475,-0.010508411827381823,-0.7839485757378982,0.6201467478507757,0.001953125,0.005859375,0.001953125,-0.017412930727005005,0.007045060396194458,-0.13783550262451172
605,211000000,imu1_frame,0.02909386856197154,-0.010284943080642971,-0.7839086829575939,0.6201088158876772,0.0,0.005859375,0.001953125,0.01645556092262268,-0.014161467552185059,-0.13569355010986328
605,231000000,imu1_frame,0.027102752099356565,-0.010541346680929067,-0.7839448475676511,0.620149011779367,-0.001953125,0.0,-0.001953125,-0.01715141534805298,0.006015270948410034,-0.13777542114257812
605,251000000,imu1_frame,0.029041564420798142,-0.01030612600754029,-0.7839094668612615,0.6201099249874995,-0.001953125,-0.00390625,0.001953125,0.015397578477859497,-0.013852834701538086,-0.1357440948486328
605,271000000,imu1_frame,0.027072539390937737,-0.010525726610032721,-0.7839217300158442,0.6201798190035074,0.0,0.001953125,0.001953125,-0.017443686723709106,0.006609499454498291,-0.13781452178955078
605,291000000,imu1_frame,0.029092201274091404,-0.010255727095662725,-0.7839191867840919,0.6200960993898729,-0.001953125,0.005859375,-0.00390625,0.01679268479347229,-0.013688504695892334,-0.13570690155029297
605,311000000,imu1_frame,0.02717191272407923,-0.010571665846709434,-0.7839512681961732,0.6201373526354884,0.0,0.005859375,-0.001953125,-0.016453444957733154,0.004717320203781128,-0.13769054412841797
605,331000000,imu1_frame,0.02922706341066559,-0.010275249915487778,-0.7839138466915123,0.6200961852558676,0.005859375,0.005859375,0.001953125,0.01861947774887085,-0.01562124490737915,-0.1355447769165039
605,351000000,imu1_frame,0.027290895786718887,-0.010492695292135805,-0.7839247068722216,0.6201670454869127,0.0,0.005859375,0.001953125,-0.0136929452419281,0.004474669694900513,-0.13759517669677734
605,371000000,imu1_frame,0.02932270281454728,-0.01028372172919564,-0.7838850967702681,0.6201278732878516,0.001953125,0.00390625,0.001953125,0.01995941996574402,-0.01692265272140503,-0.13543224334716797
605,391000000,imu1_frame,0.027383949525563337,-0.010453853378763374,-0.7839336646403124,0.6201522762205477,0.0,0.005859375,-0.00390625,-0.011788398027420044,0.003947913646697998,-0.13751220703125
605,411000000,imu1_frame,0.029376260523111986,-0.01031329355582973,-0.7838936609376891,0.6201140214794509,0.0,0.0,0.001953125,0.02042931318283081,-0.018018782138824463,-0.1353588104248047
605,431000000,imu1_frame,0.027395784157619715,-0.010467617085024401,-0.7839214240045476,0.6201669944374923,0.001953125,0.0,0.0,-0.011783510446548462,0.003588169813156128,-0.13749408721923828
605,451000000,imu1_frame,0.029397045726760055,-0.01031199117372395,-0.7838820152844606,0.6201277792956419,0.001953125,0.0,0.001953125,0.020754188299179077,-0.01825636625289917,-0.13533592224121094
605,471000000,imu1_frame,0.02753151201419271,-0.010423064527556944,-0.783906190382481,0.6201809899151154,0.005859375,0.01171875,0.0,-0.009174644947052002,0.002620995044708252,-0.13736629486083984
605,491000000,imu1_frame,0.029584714991271997,-0.010306415772744175,-0.7838628395104608,0.6201431861009216,0.001953125,0.005859375,0.001953125,0.023683160543441772,-0.020450890064239502,-0.13512134552001953
605,511000000,imu1_frame,0.02763836996323809,-0.010393800867775955,-0.7839019453754138,0.6201820937804783,0.0,0.005859375,-0.001953125,-0.0071849524974823,0.001774221658706665,-0.13726329803466797
605,531000000,imu1_frame,0.02970534887574184,-0.010355893911143806,-0.7838807396451055,0.620113968333978,0.00390625,0.005859375,-0.001953125,0.024948060512542725,-0.02265787124633789,-0.1349620819091797
605,551000000,imu1_frame,0.02773617851218107,-0.010399264421141356,-0.7839110696611397,0.620166102398194,0.001953125,0.001953125,0.0,-0.005744308233261108,0.0005116760730743408,-0.13715553283691406
605,571000000,imu1_frame,0.029777693506525642,-0.010311591457243524,-0.7838664612257122,0.6201292857272016,0.0,0.005859375,0.001953125,0.02658224105834961,-0.02286207675933838,-0.13489532470703125
605,591000000,imu1_frame,0.02782473571788769,-0.010402491138820498,-0.7839068994352921,0.6201673526380466,0.001953125,0.00390625,-0.001953125,-0.004428982734680176,-0.0006111264228820801,-0.13705730438232422
605,611000000,imu1_frame,0.029880109592821422,-0.010309717503552704,-0.78386242063761,0.6201294979984942,0.001953125,0.005859375,0.001953125,0.02817174792289734,-0.024074137210845947,-0.13477706909179688
605,633000000,imu1_frame,0.02777744880865453,-0.01042501371931266,-0.7839059939422472,0.62017023879581,0.005859375,0.005859375,-0.001953125,-0.005427628755569458,-0.00038439035415649414,-0.1371002197265625
605,651000000,imu1_frame,0.029559255400871422,-0.010283745877504998,-0.7838915841757917,0.6201084415239327,-0.001953125,0.0,-0.001953125,0.023591458797454834,-0.019780635833740234,-0.13515949249267578
605,671000000,imu1_frame,0.027557496761921426,-0.010434980193327672,-0.7839313513808817,0.6201478306684032,-0.001953125,0.0,-0.001953125,-0.008900552988052368,0.0021361708641052246,-0.13733386993408203
605,691000000,imu1_frame,0.02950748445538651,-0.010318740359078864,-0.7839041185142729,0.6200944806518421,-0.001953125,-0.00390625,0.0,0.02238398790359497,-0.0196835994720459,-0.13520526885986328
605,711000000,imu1_frame,0.02749730300202664,-0.01044522598818557,-0.7839334926624525,0.6201476232831334,0.0,-0.001953125,0.0,-0.009945899248123169,0.0027084648609161377,-0.13739395141601562
605,731000000,imu1_frame,0.029476345037094117,-0.010317599364443536,-0.7839059176394566,0.6200937062383802,0.0,-0.001953125,0.0,0.02192184329032898,-0.01928865909576416,-0.13524150848388672
605,751000000,imu1_frame,0.027465754281282156,-0.010449525277623007,-0.7839351082995119,0.6201469065783247,0.0,-0.001953125,0.0,-0.010480552911758423,0.0030251145362854004,-0.13742637634277344
605,771000000,imu1_frame,0.029447921419825628,-0.010289519612505377,-0.783919470482747,0.6200783898090991,-0.001953125,0.0,-0.001953125,0.021837621927261353,-0.018507778644561768,-0.1352853775024414
605,791000000,imu1_frame,0.027413649309653915,-0.01047452694610463,-0.783947842936685,0.6201326919875303,-0.001953125,-0.00390625,0.0,-0.011572331190109253,0.003278672695159912,-0.13747215270996094
605,811000000,imu1_frame,0.02935846842670082,-0.010297169951854321,-0.7839224912763193,0.6200786855663964,-0.001953125,-0.00390625,0.0,0.020375877618789673,-0.017541587352752686,-0.13538551330566406
605,831000000,imu1_frame,0.02732729410085567,-0.010482582746633171,-0.7839506625379924,0.620132802843333,-0.001953125,-0.00390625,0.0,-0.012991756200790405,0.004201352596282959,-0.13756084442138672
605,851000000,imu1_frame,0.029446163666860772,-0.01027001412765848,-0.7839079143598721,0.6200934059148491,0.005859375,0.01171875,0.001953125,0.022037386894226074,-0.018193960189819336,-0.13529586791992188
605,871000000,imu1_frame,0.02753118392883101,-0.010448870334190216,-0.7839195428383058,0.6201636924041893,0.001953125,0.0078125,0.001953125,-0.00948178768157959,0.00223618745803833,-0.13735675811767578
605,891000000,imu1_frame,0.029596138042556692,-0.010261179464496915,-0.7838772039066687,0.6201252341297091,0.001953125,0.0078125,0.001953125,0.024418413639068604,-0.019888639450073242,-0.13512611389160156
605,911000000,imu1_frame,0.027682837361079793,-0.010426210445828477,-0.7838893859164233,0.6201954412110362,0.001953125,0.0078125,0.001953125,-0.006906032562255859,0.0007339417934417725,-0.13720226287841797
605,931000000,imu1_frame,0.029777935066025718,-0.010269481104583148,-0.7838331475790127,0.6201720802304986,0.00390625,0.009765625,0.00390625,0.027068346738815308,-0.022237956523895264,-0.13491153717041016
605,951000000,imu1_frame,0.02783166890591322,-0.010391141130613884,-0.7838595607198915,0.6202270644368352,0.0,0.005859375,0.0,-0.0042230188846588135,-0.0005441009998321533,-0.137054443359375
605,971000000,imu1_frame,0.029876262215844177,-0.010315116816395213,-0.7838265465522158,0.6201749368050125,0.0,0.005859375,0.0,0.028017252683639526,-0.02412956953048706,-0.1347789764404297
605,991000000,imu1_frame,0.027927750479615876,-0.010365503956127422,-0.7838549739970772,0.6202289712847386,0.0,0.005859375,0.0,-0.00244295597076416,-0.0013161897659301758,-0.13696002960205078
606,11000000,imu1_frame,0.030026951008439436,-0.010399423061708135,-0.7838296582994027,0.6201623182549567,0.00390625,0.009765625,-0.001953125,0.02930837869644165,-0.027241170406341553,-0.1345682144165039
606,31000000,imu1_frame,0.028174278321011343,-0.01033826606373971,-0.7838462316877305,0.6202293248185142,0.005859375,0.013671875,0.001953125,0.0016598105430603027,-0.003886312246322632,-0.1367015838623047
606,51000000,imu1_frame,0.03027517426895073,-0.010695161916974734,-0.7837870533394313,0.6201990667132979,0.005859375,0.013671875,0.001953125,0.02949368953704834,-0.034794390201568604,-0.1341543197631836
606,71000000,imu1_frame,0.028450454117786596,-0.010328637074569935,-0.7838114159930195,0.6202608766282871,0.005859375,0.013671875,0.001953125,0.0059823691844940186,-0.007097482681274414,-0.1363992691040039
606,91000000,imu1_frame,0.026965912118062325,-0.011451435717557672,-0.783789422059327,0.6203352690856403,0.005859375,0.013671875,0.001953125,-0.030404239892959595,-0.006335318088531494,-0.1375293731689453
606,111000000,imu1_frame,0.028703510625814575,-0.010203284346528467,-0.783779885288423,0.6202911355835773,0.005859375,0.013671875,0.001953125,0.011355340480804443,-0.008255302906036377,-0.13616657257080078
606,131000000,imu1_frame,0.027087539105533517,-0.01111328164306017,-0.7837658752232146,0.6203658702990652,0.005859375,0.013671875,0.001953125,-0.02445957064628601,-0.0026403069496154785,-0.13755035400390625
606,151000000,imu1_frame,0.028967361961195544,-0.010085827467739835,-0.7837479457413191,0.6203211471258757,0.005859375,0.013671875,0.001953125,0.016797751188278198,-0.009665489196777344,-0.13591575622558594
606,171000000,imu1_frame,0.02731986550044159,-0.010933649382112219,-0.7837364594791614,0.6203960366921242,0.005859375,0.013671875,0.001953125,-0.018744051456451416,-0.002715498208999634,-0.13737964630126953
606,191000000,imu1_frame,0.029231539650570244,-0.009964954651726534,-0.783716035394218,0.620351023723194,0.005859375,0.013671875,0.001953125,0.022286534309387207,-0.011027812957763672,-0.13566207885742188
606,211000000,imu1_frame,0.027575045713038374,-0.010793923834010963,-0.7837056020638813,0.6204261739771129,0.005859375,0.013671875,0.001953125,-0.013163268566131592,-0.0036792755126953125,-0.13716602325439453
606,231000000,imu1_frame,0.029388789165946488,-0.009889443346087266,-0.7836759533202511,0.6203954369345891,0.00390625,0.001953125,0.00390625,0.02557957172393799,-0.011795639991760254,-0.1355113983154297
606,251000000,imu1_frame,0.027643821087496166,-0.010734578428135699,-0.7836684201424664,0.6204711075086923,0.001953125,0.005859375,0.001953125,-0.011419594287872314,-0.003620535135269165,-0.1371164321899414
606,271000000,imu1_frame,0.029495235568663018,-0.009833878661195892,-0.7836483982528553,0.6204260744238272,0.001953125,0.005859375,0.001953125,0.027862191200256348,-0.012247681617736816,-0.13541030883789062
606,291000000,imu1_frame,0.02773953704673344,-0.010694000108860685,-0.7836535567747354,0.6204863087936843,0.001953125,0.00390625,0.0,-0.009472399950027466,-0.004164993762969971,-0.13703060150146484
606,311000000,imu1_frame,0.02967030656714401,-0.009758291215889395,-0.7836553923639454,0.6204100858945383,0.005859375,0.013671875,-0.001953125,0.03146776556968689,-0.01320505142211914,-0.1352376937866211
606,331000000,imu1_frame,0.028009158096206705,-0.0105787511904422,-0.7836701757685627,0.6204551818599492,0.005859375,0.013671875,-0.001953125,-0.003928929567337036,-0.005656242370605469,-0.13678455352783203
606,351000000,imu1_frame,0.029902450315038905,-0.009571479236010044,-0.7836739590844677,0.6203783975149904,0.005859375,0.013671875,-0.001953125,0.03730618953704834,-0.013143837451934814,-0.13503742218017578
606,371000000,imu1_frame,0.028277468277299145,-0.010464177911734976,-0.7836867442609223,0.620424026483641,0.005859375,0.013671875,-0.001953125,0.0015863478183746338,-0.007141470909118652,-0.13653564453125
606,391000000,imu1_frame,0.029932068092582177,-0.009112441740219133,-0.7837027095498875,0.6203475620564626,0.005859375,0.013671875,-0.001953125,0.04334881901741028,-0.006458282470703125,-0.13516998291015625
606,411000000,imu1_frame,0.02852493942401359,-0.010334800260872657,-0.783704002396348,0.6203930660173188,0.005859375,0.013671875,-0.001953125,0.006962180137634277,-0.008146822452545166,-0.13631343841552734
606,431000000,imu1_frame,0.026741671307734027,-0.010819720051509616,-0.7837274861742615,0.6204345606819859,0.005859375,0.013671875,-0.001953125,-0.02623307704925537,0.0060233473777771,-0.13803958892822266
606,451000000,imu1_frame,0.028813977949232766,-0.010256306272458325,-0.7837191540942553,0.6203618704934816,0.005859375,0.013671875,-0.001953125,0.012356400489807129,-0.010434567928314209,-0.13602161407470703
606,471000000,imu1_frame,0.027028643795135948,-0.010744386440982141,-0.7837430207411578,0.6204038104445586,0.005859375,0.013671875,-0.001953125,-0.020908504724502563,0.003710120916366577,-0.1377696990966797
606,491000000,imu1_frame,0.029101128366587493,-0.010178206172557975,-0.7837342548328924,0.6203306749213934,0.005859375,0.013671875,-0.001953125,0.017717212438583374,-0.012705385684967041,-0.1357269287109375
606,511000000,imu1_frame,0.02731852077487798,-0.010666356302386217,-0.7837585115023529,0.6203728902148443,0.005859375,0.013671875,-0.001953125,-0.015506654977798462,0.001403510570526123,-0.13749408721923828
606,531000000,imu1_frame,0.029348392684622696,-0.01010833953875081,-0.783750603417224,0.6202995123017071,0.00390625,0.009765625,-0.001953125,0.02236795425415039,-0.01461869478225708,-0.13547229766845703
606,551000000,imu1_frame,0.027563302280617177,-0.010628992477628536,-0.7837875567355824,0.6203260068647486,0.0078125,0.01171875,-0.00390625,-0.011278033256530762,-0.0009732246398925781,-0.13724708557128906
606,571000000,imu1_frame,0.029614204394920598,-0.010028016645910727,-0.7837922101552413,0.6202356077170732,0.0078125,0.01171875,-0.00390625,0.027450770139694214,-0.01658231019973755,-0.13519763946533203
606,591000000,imu1_frame,0.027833876332452382,-0.010560631206642093,-0.7838291905338238,0.6202624835212247,0.0078125,0.01171875,-0.00390625,-0.00626787543296814,-0.0031807422637939453,-0.13698196411132812
606,611000000,imu1_frame,0.029718511773021955,-0.00991521830679318,-0.783814964463608,0.6202036762119668,-0.001953125,0.0,0.0,0.030435711145401,-0.016104459762573242,-0.13512039184570312
606,631000000,imu1_frame,0.027826741867930885,-0.010596812542159566,-0.7838411187618461,0.6202471124794852,0.001953125,-0.001953125,-0.001953125,-0.0068062543869018555,-0.003642737865447998,-0.13697528839111328
606,651000000,imu1_frame,0.029683666638746962,-0.009893913957882408,-0.7838423249619116,0.620171105421543,0.001953125,-0.001953125,-0.001953125,0.03018242120742798,-0.015342175960540771,-0.13516902923583984
606,671000000,imu1_frame,0.02780716904912043,-0.010619687729575715,-0.7838670585379245,0.6202148161089852,0.001953125,-0.001953125,-0.001953125,-0.0073626041412353516,-0.0037438273429870605,-0.13698768615722656
606,691000000,imu1_frame,0.029662304822804342,-0.009867149339262509,-0.7838326680032038,0.6201847592512212,0.001953125,0.0,0.00390625,0.030171334743499756,-0.014679193496704102,-0.13520526885986328
606,711000000,imu1_frame,0.02777816497820782,-0.010606311580341565,-0.7838442528015135,0.6202451668938188,-0.001953125,-0.001953125,0.0,-0.0076635777950286865,-0.003198951482772827,-0.1370248794555664
606,731000000,imu1_frame,0.0296202502977679,-0.009899588196664009,-0.7838330273648332,0.620185798078217,-0.001953125,-0.001953125,0.0,0.029133766889572144,-0.014667034149169922,-0.13524150848388672
606,751000000,imu1_frame,0.027729448100230165,-0.010617964315603424,-0.783845173338667,0.6202459840865756,-0.001953125,-0.001953125,0.0,-0.008550971746444702,-0.0027874410152435303,-0.13707256317138672
606,771000000,imu1_frame,0.029580044836388947,-0.009927375554087074,-0.7838334726296157,0.6201867100700261,-0.001953125,-0.001953125,0.0,0.02818092703819275,-0.014605939388275146,-0.13527679443359375
606,791000000,imu1_frame,0.027683831885303017,-0.01062884764233467,-0.7838460653642894,0.6202467080629,-0.001953125,-0.001953125,0.0,-0.009381502866744995,-0.0024017691612243652,-0.1371173858642578
606,811000000,imu1_frame,0.029537674906912663,-0.009952821744507515,-0.7838340125961057,0.6201876391850321,-0.001953125,-0.001953125,0.0,0.027223408222198486,-0.01448279619216919,-0.13531494140625
606,831000000,imu1_frame,0.027636632386258755,-0.01064082065327689,-0.7838469522924685,0.620247486788927,-0.001953125,-0.001953125,0.0,-0.010249525308609009,-0.002013593912124634,-0.1371631622314453
606,851000000,imu1_frame,0.029493370633505996,-0.009976240099508522,-0.7838346353537149,0.6201885843371033,-0.001953125,-0.001953125,0.0,0.026260823011398315,-0.0143052339553833,-0.13535785675048828
606,871000000,imu1_frame,0.027587825824632366,-0.01065399225541384,-0.7838478314362893,0.6202483224224937,-0.001953125,-0.001953125,0.0,-0.011156737804412842,-0.0016243159770965576,-0.13720989227294922
606,891000000,imu1_frame,0.029448657704416407,-0.009997457264244477,-0.7838353198045598,0.6201895023575791,-0.001953125,-0.001953125,0.0,0.025318771600723267,-0.014088869094848633,-0.13540077209472656
606,911000000,imu1_frame,0.027539157230649276,-0.010667864067303872,-0.7838486890495505,0.6202491629745005,-0.001953125,-0.001953125,0.0,-0.012070298194885254,-0.0012475252151489258,-0.13725662231445312
606,931000000,imu1_frame,0.029404044447993088,-0.01001663909861907,-0.7838360533081009,0.620190382580743,-0.001953125,-0.001953125,0.0,0.02440294623374939,-0.013842582702636719,-0.13544464111328125
606,951000000,imu1_frame,0.027491712461359733,-0.010682177394494069,-0.7838495154090664,0.6202499770455667,-0.001953125,-0.001953125,0.0,-0.012970507144927979,-0.0008921325206756592,-0.13730239868164062
606,971000000,imu1_frame,0.029356040702878252,-0.010035312162822323,-0.7838368549342474,0.6201913416283991,-0.001953125,-0.001953125,0.0,0.023441284894943237,-0.013547360897064209,-0.13549232482910156
606,991000000,imu1_frame,0.027442878568085985,-0.010698010401881744,-0.7838503220274877,0.6202508473567309,-0.001953125,-0.001953125,0.0,-0.013910472393035889,-0.0005432665348052979,-0.13734817504882812
607,11000000,imu1_frame,0.02930717771574593,-0.010052775105417253,-0.7838377003446176,0.6201923012787881,-0.001953125,-0.001953125,0.0,0.022481203079223633,-0.01322329044342041,-0.1355419158935547
607,31000000,imu1_frame,0.027396595278281987,-0.01071417721089481,-0.7838510802731987,0.6202516561270843,-0.001953125,-0.001953125,0.0,-0.014815449714660645,-0.00023043155670166016,-0.1373910903930664
607,51000000,imu1_frame,0.02926291394354449,-0.010067407121091306,-0.7838385406942437,0.620193091950974,-0.001953125,-0.001953125,0.0,0.021625936031341553,-0.012911498546600342,-0.13558673858642578
607,71000000,imu1_frame,0.027351759404643544,-0.010731166448047523,-0.7838517941778406,0.6202524390023106,-0.001953125,-0.001953125,0.0,-0.015708118677139282,5.221366882324219e-05,-0.13743209838867188
607,91000000,imu1_frame,0.029217199125628212,-0.010081501862738406,-0.7838394176654611,0.6201939099260133,-0.001953125,-0.001953125,0.0,0.020754992961883545,-0.012573957443237305,-0.1356334686279297
607,111000000,imu1_frame,0.027305900470811176,-0.01075005532903508,-0.7838524728233244,0.6202532748471872,-0.001953125,-0.001953125,0.0,-0.016639649868011475,0.00031834840774536133,-0.13747310638427734
607,131000000,imu1_frame,0.029168622031647648,-0.010095686393289713,-0.7838403383646686,0.6201948021044554,-0.001953125,-0.001953125,0.0,0.019839107990264893,-0.012203097343444824,-0.13568401336669922
607,151000000,imu1_frame,0.02726168777586895,-0.010770204713575286,-0.7838530928405595,0.6202540865760804,-0.001953125,-0.001953125,0.0,-0.01756119728088379,0.0005450248718261719,-0.1375112533569336
607,171000000,imu1_frame,0.029120719449813943,-0.010108839985558896,-0.7838412731044531,0.6201956575395072,-0.001953125,-0.001953125,0.0,0.018946081399917603,-0.011824607849121094,-0.13573265075683594
607,191000000,imu1_frame,0.02721828758502239,-0.010792207867079337,-0.7838536512871855,0.6202549044014407,-0.001953125,-0.001953125,0.0,-0.018492817878723145,0.0007335841655731201,-0.13754844665527344
607,211000000,imu1_frame,0.02907319915362139,-0.010121200237252083,-0.7838422207056338,0.6201964877649597,-0.001953125,-0.001953125,0.0,0.018068552017211914,-0.011438548564910889,-0.13578128814697266
607,231000000,imu1_frame,0.02717420536774062,-0.010816975333891338,-0.7838541466306488,0.6202557798337676,-0.001953125,-0.001953125,0.0,-0.01946839690208435,0.0008878111839294434,-0.13758468627929688
607,251000000,imu1_frame,0.029024774845031583,-0.010133311037382086,-0.7838431883691854,0.6201973351279771,-0.001953125,-0.001953125,0.0,0.017180144786834717,-0.011037766933441162,-0.1358318328857422
607,271000000,imu1_frame,0.027129832737953854,-0.010844931848576527,-0.7838545617671016,0.6202567094564277,-0.001953125,-0.001953125,0.0,-0.02048724889755249,0.0009969770908355713,-0.1376199722290039
607,291000000,imu1_frame,0.02897567182614621,-0.010145219144885732,-0.7838441711809124,0.6201981943511559,-0.001953125,-0.001953125,0.0,0.016283780336380005,-0.010625660419464111,-0.13588333129882812
607,311000000,imu1_frame,0.027090177470887034,-0.010874756953091114,-0.7838548569055555,0.6202575475166572,-0.001953125,-0.001953125,0.0,-0.02145645022392273,0.0010202229022979736,-0.1376495361328125
607,331000000,imu1_frame,0.028930045008744177,-0.010155456647943806,-0.7838451391262472,0.6201989334594328,-0.001953125,-0.001953125,0.0,0.015460997819900513,-0.010229945182800293,-0.13593006134033203
607,351000000,imu1_frame,0.027053112966720444,-0.010907771857388312,-0.7838550291711245,0.6202583678073617,-0.001953125,-0.001953125,0.0,-0.022424787282943726,0.0009633302688598633,-0.13767433166503906
607,371000000,imu1_frame,0.028883486087307366,-0.010165821358293756,-0.783846118113332,0.6201996964093225,-0.001953125,-0.001953125,0.0,0.014622360467910767,-0.009824872016906738,-0.13597869873046875
607,391000000,imu1_frame,0.02701573446288932,-0.010946105799911584,-0.7838550656535967,0.6202592755521221,-0.001953125,-0.001953125,0.0,-0.02346247434616089,0.0008287131786346436,-0.13769817352294922
607,411000000,imu1_frame,0.028834071533769323,-0.010177217536281919,-0.7838471161048051,0.6202005475136125,-0.001953125,-0.001953125,0.0,0.013727515935897827,-0.009401142597198486,-0.1360301971435547
607,431000000,imu1_frame,0.026982366509341906,-0.010989478139564007,-0.7838549096662963,0.6202601582076814,-0.001953125,-0.001953125,0.0,-0.024499893188476562,0.0005683004856109619,-0.13771438598632812
607,451000000,imu1_frame,0.028786053641356467,-0.010188004602257505,-0.7838481062280213,0.6202013495960211,-0.001953125,-0.001953125,0.0,0.012861400842666626,-0.008984982967376709,-0.1360797882080078
607,471000000,imu1_frame,0.026950409419243957,-0.011040715889769105,-0.7838545249919219,0.6202611237813191,-0.001953125,-0.001953125,0.0,-0.025611162185668945,0.0001703202724456787,-0.1377267837524414
607,491000000,imu1_frame,0.02873612452785416,-0.010199793346526445,-0.7838491007941254,0.620202214239073,-0.001953125,-0.001953125,0.0,0.011953771114349365,-0.00856095552444458,-0.13613128662109375
607,511000000,imu1_frame,0.026927109094462318,-0.011099256126708175,-0.783853819411266,0.6202619826360628,-0.001953125,-0.001953125,0.0,-0.026678472757339478,-0.0004445314407348633,-0.1377248764038086
607,531000000,imu1_frame,0.02869009694452075,-0.010209978334986642,-0.7838500730521891,0.6202029487641854,-0.001953125,-0.001953125,0.0,0.011125504970550537,-0.008159637451171875,-0.13617897033691406
607,551000000,imu1_frame,0.03062418500802886,-0.009819932384187456,-0.7838275723899683,0.6201451966933332,-0.001953125,-0.001953125,0.0,-0.11076417565345764,0.05253332853317261,-0.13408851623535156
607,571000000,imu1_frame,0.03259228865568282,-0.009819168031789189,-0.7837909905664294,0.6200911302109099,-0.001953125,-0.001953125,0.0,-0.04155096411705017,0.028729140758514404,-0.17462635040283203
607,591000000,imu1_frame,0.03455920604618159,-0.009820338361241921,-0.7837513287314569,0.6200347384974519,-0.001953125,-0.001953125,0.0,-0.011446148157119751,0.004915833473205566,-0.1720438003540039
607,611000000,imu1_frame,0.03652572255693031,-0.009826527636861461,-0.7837084817583972,0.6199760693496515,-0.001953125,-0.001953125,0.0,0.018586814403533936,-0.018962979316711426,-0.1693096160888672
607,633000000,imu1_frame,0.03772063260405528,-0.007998167298006956,-0.783735414763626,0.6198967517587991,-0.001953125,-0.001953125,0.0,0.020019322633743286,-0.005380570888519287,-0.1643056869506836
607,651000000,imu1_frame,0.03618951446270176,-0.007020709501873964,-0.7838009833700011,0.6199169679475337,-0.001953125,-0.001953125,0.0,0.00845104455947876,-0.010939598083496094,-0.17071151733398438
607,671000000,imu1_frame,0.037379168915364136,-0.00859881417383619,-0.7837267894054066,0.6199202994694509,-0.001953125,-0.001953125,0.0,0.007499605417251587,-0.010460376739501953,-0.16461181640625
607,691000000,imu1_frame,0.037142942360276446,-0.006612373114316003,-0.7837905347138359,0.619878275186038,-0.001953125,-0.001953125,0.0,0.028004080057144165,0.02285522222518921,-0.16554641723632812
607,711000000,imu1_frame,0.036344065095682276,-0.008455426696514093,-0.7837569767180212,0.6199456557937377,-0.001953125,-0.001953125,0.0,0.03245985507965088,0.004255890846252441,-0.1700582504272461
607,731000000,imu1_frame,0.03557892298018618,-0.010310726633525944,-0.7837191735725577,0.6200097468029078,-0.001953125,-0.001953125,0.0,-0.0017843842506408691,-0.014932572841644287,-0.17045307159423828
607,751000000,imu1_frame,0.036382367108246376,-0.00848618966111718,-0.7837555980231552,0.6199447318237351,-0.001953125,-0.001953125,0.0,0.03267297148704529,0.003321349620819092,-0.16999340057373047
607,771000000,imu1_frame,0.035379769896028555,-0.01022797326411444,-0.7837265601906317,0.620013176712215,-0.001953125,-0.001953125,0.0,-0.0038279294967651367,-0.011255145072937012,-0.1317005157470703
607,791000000,imu1_frame,0.036885428642593615,-0.008944344185063532,-0.783731484277772,0.619939048949743,-0.001953125,-0.001953125,0.0,-0.00425112247467041,-0.009785234928131104,-0.16521072387695312
607,811000000,imu1_frame,0.03843081232562279,-0.007711295414466621,-0.7837308412253668,0.6198625469402088,-0.001953125,-0.001953125,0.0,0.034376710653305054,-0.009564518928527832,-0.16333675384521484
607,831000000,imu1_frame,0.036847155442702,-0.008961338952687047,-0.783732151327383,0.6199402362451628,-0.001953125,-0.001953125,0.0,-0.005042761564254761,-0.009583234786987305,-0.16525936126708984
607,851000000,imu1_frame,0.038411991301792604,-0.007752022429355505,-0.7837303937785577,0.6198637712757478,-0.001953125,-0.001953125,0.0,0.033594489097595215,-0.009961366653442383,-0.16335296630859375
607,871000000,imu1_frame,0.0368207274237044,-0.00899084257742974,-0.7837321466250879,0.6199413852358695,-0.001953125,-0.001953125,0.0,0.03325715661048889,-0.009715855121612549,-0.16919326782226562
607,891000000,imu1_frame,0.03514308447014233,-0.010114993427448609,-0.7837361917190306,0.6200163161656619,-0.001953125,-0.001953125,0.0,-0.0060784220695495605,-0.006660044193267822,-0.13207149505615234
607,911000000,imu1_frame,0.03679720624046366,-0.009035051989684023,-0.7837317657769733,0.6199426205388271,-0.001953125,-0.001953125,0.0,0.032360196113586426,-0.01010829210281372,-0.13014888763427734
607,931000000,imu1_frame,0.03489086616350418,-0.008365112978912716,-0.7837947412454873,0.6199826255139171,-0.001953125,-0.001953125,0.0,0.011310994625091553,-0.01584470272064209,-0.16820430755615234
607,951000000,imu1_frame,0.035918667230989354,-0.010058661652046318,-0.7837227391133229,0.6199897909375841,-0.001953125,-0.001953125,0.0,0.006481379270553589,-0.01517486572265625,-0.17007923126220703
607,971000000,imu1_frame,0.03498003691591318,-0.008276372873589998,-0.7837957575484448,0.6199775069455974,-0.001953125,-0.001953125,0.0,0.013754129409790039,0.023500144481658936,-0.17201805114746094
607,991000000,imu1_frame,0.03297606965871055,-0.008007375059604317,-0.7838466009114501,0.6200265857316802,-0.001953125,-0.001953125,0.0,-0.013663679361343384,0.01280510425567627,-0.13179683685302734
608,11000000,imu1_frame,0.03462628340007682,-0.009085095225611248,-0.7837818819008316,0.6200035831724119,-0.001953125,-0.001953125,0.0,-0.001481175422668457,0.015382468700408936,-0.1722259521484375
608,31000000,imu1_frame,0.036246274735885195,-0.01020568267281754,-0.783713565989075,0.6199799174922043,-0.001953125,-0.001953125,0.0,0.009713709354400635,-0.02138841152191162,-0.13049602508544922
608,51000000,imu1_frame,0.034909441333419805,-0.008696365972005708,-0.7837877851023978,0.6199858160062592,-0.001953125,-0.001953125,0.0,0.007575720548629761,-0.02114570140838623,-0.16806888580322266
608,71000000,imu1_frame,0.036009205560899565,-0.010341434831743698,-0.7837153323023177,0.6199892497090262,-0.001953125,-0.001953125,0.0,0.004436284303665161,-0.020602047443389893,-0.13077640533447266
608,91000000,imu1_frame,0.03719966926982124,-0.008751450150074856,-0.78373644253197,0.619916756809992,-0.001953125,-0.001953125,0.0,0.002907872200012207,-0.010622739791870117,-0.16482162475585938
608,111000000,imu1_frame,0.035512797685208784,-0.009861318493475909,-0.7837418222649092,0.6199922190084478,-0.001953125,-0.001953125,0.0,0.0026683807373046875,-0.007238805294036865,-0.13165950775146484
608,131000000,imu1_frame,0.03706271449039121,-0.008628797645075686,-0.7837434805911407,0.619917781384506,-0.001953125,-0.001953125,0.0,0.002300858497619629,-0.007086038589477539,-0.12600040435791016
608,151000000,imu1_frame,0.03605906029607758,-0.006884628740533884,-0.7838177996510872,0.6199048338316107,-0.001953125,-0.001953125,0.0,0.008114874362945557,-0.007267653942108154,-0.17093276977539062
608,171000000,imu1_frame,0.03445957224461139,-0.00811759262452297,-0.7838204607195115,0.6199775221152405,-0.001953125,-0.001953125,0.0,0.007720857858657837,-0.006826162338256836,-0.1298065185546875
608,191000000,imu1_frame,0.03566520749823506,-0.009687423933167537,-0.7837489495661246,0.6199772018757167,-0.001953125,-0.001953125,0.0,0.007118195295333862,-0.006412148475646973,-0.1705760955810547
608,211000000,imu1_frame,0.035441790776910925,-0.011673228469403468,-0.7836934111958866,0.6200260094962,-0.001953125,-0.001953125,0.0,-0.02041947841644287,-0.0341486930847168,-0.1309957504272461
608,231000000,imu1_frame,0.03579493710430011,-0.009706905999427395,-0.7837461199953557,0.6199729976747721,-0.001953125,-0.001953125,0.0,0.008868604898452759,-0.008279621601104736,-0.17038726806640625
608,251000000,imu1_frame,0.03730963257275366,-0.008431511647868711,-0.7837494020856147,0.6198981978188509,-0.001953125,-0.001953125,0.0,0.008481800556182861,-0.007042407989501953,-0.12570667266845703
608,271000000,imu1_frame,0.035735597959934695,-0.009696137440705231,-0.7837481335506917,0.6199740439026328,-0.001953125,-0.001953125,0.0,0.008091539144515991,-0.007396996021270752,-0.13141250610351562
608,291000000,imu1_frame,0.036585154588258104,-0.01148858808706331,-0.7836746560450729,0.6199867516972886,-0.001953125,-0.001953125,0.0,-0.0006713569164276123,-0.04514497518539429,-0.1685314178466797
608,311000000,imu1_frame,0.0357033098385938,-0.00967826289999861,-0.7837497842647044,0.6199740966837542,-0.001953125,-0.001953125,0.0,0.007814466953277588,-0.0067321062088012695,-0.17052745819091797
608,331000000,imu1_frame,0.03676090584609841,-0.011353426808091647,-0.7836752946258828,0.6199780383966222,-0.001953125,-0.001953125,0.0,0.003661215305328369,-0.04519808292388916,-0.16833972930908203
608,351000000,imu1_frame,0.037163376070738975,-0.009396395919770812,-0.7837272987082002,0.6199210534272014,-0.001953125,-0.001953125,0.0,-0.005470573902130127,-0.0200650691986084,-0.16464614868164062
608,371000000,imu1_frame,0.03762780102921432,-0.007453959126626269,-0.7837742077802362,0.6198601280139798,-0.001953125,-0.001953125,0.0,0.025225430727005005,0.004102587699890137,-0.16460704803466797
608,391000000,imu1_frame,0.036896875270986076,-0.009323235275551523,-0.7837363344520597,0.6199266536767745,-0.001953125,-0.001953125,0.0,-0.008661240339279175,-0.015720665454864502,-0.12599658966064453
608,411000000,imu1_frame,0.03505604854332424,-0.010153245090907249,-0.7837524708525736,0.62000003992511,-0.001953125,-0.001953125,0.0,-0.00786098837852478,-0.0061833858489990234,-0.17123794555664062
608,431000000,imu1_frame,0.03685648559403088,-0.009349019020792564,-0.7837368760002421,0.6199279833257948,-0.001953125,-0.001953125,0.0,0.02947002649307251,-0.015626966953277588,-0.16901397705078125
608,451000000,imu1_frame,0.03501010047636121,-0.01016920122165148,-0.7837533533919268,0.6200012590778009,-0.001953125,-0.001953125,0.0,-0.00875788927078247,-0.005871951580047607,-0.171295166015625
608,471000000,imu1_frame,0.036815884156224096,-0.009372390361111111,-0.7837374928055045,0.6199292631773856,-0.001953125,-0.001953125,0.0,0.02856495976448059,-0.015493988990783691,-0.16906356811523438
608,491000000,imu1_frame,0.0349650884130181,-0.010185652816051523,-0.7837541999696083,0.6200024589459143,-0.001953125,-0.001953125,0.0,-0.009646475315093994,-0.005579590797424316,-0.17134952545166016
608,511000000,imu1_frame,0.03450204873740905,-0.008231354492331084,-0.7838206453530466,0.6199734263292875,-0.001953125,-0.001953125,0.0,0.006993770599365234,-0.009081125259399414,-0.1687755584716797
608,531000000,imu1_frame,0.03573515729342389,-0.009778688485982368,-0.7837490259840336,0.6199716445562549,-0.001953125,-0.001953125,0.0,0.007084876298904419,-0.00865405797958374,-0.17044353485107422
608,551000000,imu1_frame,0.03372907894439909,-0.01000144602908682,-0.7837850483840113,0.6200349330808408,-0.001953125,-0.001953125,0.0,-0.026335924863815308,0.012194693088531494,-0.1340188980102539
608,571000000,imu1_frame,0.03555777353034388,-0.009265628727464807,-0.7837678612124449,0.6199659124470628,-0.001953125,-0.001953125,0.0,-0.028463423252105713,0.0013561844825744629,-0.1669759750366211
608,591000000,imu1_frame,0.03589763182418761,-0.01122952625774071,-0.7837013117952967,0.619997993270763,-0.001953125,-0.001953125,0.0,-0.008047372102737427,-0.03285825252532959,-0.13055801391601562
608,611000000,imu1_frame,0.03573067312945145,-0.009230742168839064,-0.7837656746477987,0.619959256435945,-0.001953125,-0.001953125,0.0,0.013670742511749268,-0.00019997358322143555,-0.170654296875
608,631000000,imu1_frame,0.037509171120822346,-0.008377730972177267,-0.7837497368300406,0.6198864619625345,-0.001953125,-0.001953125,0.0,0.012192577123641968,-0.008627712726593018,-0.12543296813964844
608,651000000,imu1_frame,0.035891778721332895,-0.00958388206236169,-0.7837514617002634,0.6199625599240121,-0.001953125,-0.001953125,0.0,0.011849045753479004,-0.007562518119812012,-0.13123607635498047
608,671000000,imu1_frame,0.03515556439659406,-0.011452649528069292,-0.7837107213535128,0.6200245385033567,-0.001953125,-0.001953125,0.0,-0.02211865782737732,-0.02730351686477661,-0.17055225372314453
608,691000000,imu1_frame,0.03634701073860725,-0.009862263832437494,-0.7837340282679466,0.6199537107698964,-0.001953125,-0.001953125,0.0,-0.023623943328857422,-0.01733386516571045,-0.16564369201660156
608,711000000,imu1_frame,0.03433520200694469,-0.00964564765261938,-0.7837842481351087,0.6200083126537792,-0.001953125,-0.001953125,0.0,-0.012732982635498047,0.010317623615264893,-0.13335037231445312
608,731000000,imu1_frame,0.03628712761735943,-0.009888246407545348,-0.7837350046856213,0.6199555704908973,-0.001953125,-0.001953125,0.0,0.014206379652023315,-0.017007410526275635,-0.16962528228759766
608,751000000,imu1_frame,0.03428173733504064,-0.009638667698440734,-0.7837859540001177,0.6200092232236674,-0.001953125,-0.001953125,0.0,-0.013466477394104004,0.011071562767028809,-0.1724863052368164
608,771000000,imu1_frame,0.035394363956949386,-0.007994335636013355,-0.78380875384002,0.6199412609284664,-0.001953125,-0.001953125,0.0,-0.01552841067314148,-0.016238808631896973,-0.1715383529663086
608,791000000,imu1_frame,0.037285791511518916,-0.00854137995238124,-0.7837487546040087,0.6198989467941802,-0.001953125,-0.001953125,0.0,0.006784528493881226,-0.008436918258666992,-0.16476726531982422
608,811000000,imu1_frame,0.03920175656066272,-0.008994120924058184,-0.783687946590627,0.6198512163736786,-0.001953125,-0.001953125,0.0,0.03061312437057495,-0.03854203224182129,-0.16174793243408203
608,831000000,imu1_frame,0.0372352564377848,-0.00946579624961004,-0.7837212110404644,0.6199233805436288,-0.001953125,-0.001953125,0.0,0.033847659826278687,-0.022000372409820557,-0.16842269897460938
608,851000000,imu1_frame,0.035253921495733004,-0.009860566525440439,-0.7837539835779552,0.6199916317763138,-0.001953125,-0.001953125,0.0,-0.001279681921005249,-0.004092216491699219,-0.1320180892944336
608,871000000,imu1_frame,0.03718920287491951,-0.009500606986324918,-0.7837216231949037,0.6199250914369935,-0.001953125,-0.001953125,0.0,0.032719582319259644,-0.021975994110107422,-0.12941455841064453
608,891000000,imu1_frame,0.0372339723429139,-0.007500404679165459,-0.7837802798841937,0.6198756714841055,-0.001953125,-0.001953125,0.0,0.01863124966621399,0.008150458335876465,-0.12610721588134766
608,911000000,imu1_frame,0.037187777131490476,-0.009498252591520753,-0.7837220131447218,0.6199247200605176,-0.001953125,-0.001953125,0.0,-0.006335616111755371,-0.021922767162322998,-0.12551021575927734
608,931000000,imu1_frame,0.03755220825483442,-0.007535384068928705,-0.7837720854594425,0.6198664111699194,-0.001953125,-0.001953125,0.0,0.02307829260826111,0.0037665963172912598,-0.16469383239746094
608,951000000,imu1_frame,0.037184246803192544,-0.009504707953914868,-0.7837221838767626,0.6199246170429336,-0.001953125,-0.001953125,0.0,-0.0064677894115448,-0.021978914737701416,-0.16457557678222656
608,971000000,imu1_frame,0.03519631726986622,-0.009864332995184416,-0.7837560583354427,0.6199922218928953,-0.001953125,-0.001953125,0.0,-0.0022066235542297363,-0.003452479839324951,-0.1320962905883789
608,991000000,imu1_frame,0.03715955330386389,-0.009738918401258977,-0.7837162387555857,0.6199299784471055,-0.001953125,-0.001953125,0.0,0.02937266230583191,-0.025270044803619385,-0.16842937469482422
609,11000000,imu1_frame,0.03514060798488477,-0.009865174316827577,-0.7837576131474662,0.6199934030613051,-0.001953125,-0.001953125,0.0,-0.0030694305896759033,-0.0027914047241210938,-0.1712350845336914
609,31000000,imu1_frame,0.034412039971277196,-0.007989297760251523,-0.783827296505978,0.6199731864189311,-0.001953125,-0.001953125,0.0,0.008552581071853638,-0.004282474517822266,-0.16897296905517578
609,51000000,imu1_frame,0.03634226827975142,-0.008364545558371158,-0.7837729872439494,0.6199267524317534,-0.001953125,-0.001953125,0.0,-0.005514860153198242,0.005681395530700684,-0.1661844253540039
609,71000000,imu1_frame,0.03827558644436172,-0.008736423010383942,-0.7837156664623051,0.619877736764976,-0.001953125,-0.001953125,0.0,0.019563734531402588,-0.023397088050842285,-0.1632404327392578
609,91000000,imu1_frame,0.036420880505805185,-0.009538203614776997,-0.7837353184888548,0.6199528148884866,-0.001953125,-0.001953125,0.0,0.020498842000961304,-0.013264715671539307,-0.16956806182861328
609,111000000,imu1_frame,0.03472916800581631,-0.008436517984704841,-0.7838053944547598,0.6199772686780832,-0.001953125,-0.001953125,0.0,0.007976412773132324,-0.014977216720581055,-0.12933921813964844
609,131000000,imu1_frame,0.03592069704273285,-0.010016833321364577,-0.7837332356319711,0.6199770817861072,-0.001953125,-0.001953125,0.0,0.0070292651653289795,-0.014551758766174316,-0.17009258270263672
609,151000000,imu1_frame,0.03730731528589102,-0.008599231647553978,-0.7837441794402521,0.6199026364153947,-0.001953125,-0.001953125,0.0,0.0064095258712768555,-0.009586095809936523,-0.1647167205810547
609,171000000,imu1_frame,0.035731892056033804,-0.0098568763836557,-0.7837428319584071,0.619978424811597,-0.001953125,-0.001953125,0.0,0.006082206964492798,-0.00981670618057251,-0.17041873931884766
609,191000000,imu1_frame,0.03727522274676799,-0.008615943706750919,-0.7837447768580305,0.6199035796242647,-0.001953125,-0.001953125,0.0,0.005715519189834595,-0.009454071521759033,-0.16475868225097656
609,211000000,imu1_frame,0.03570467848611696,-0.009879489912670751,-0.783743089637424,0.6199793069602026,-0.001953125,-0.001953125,0.0,0.00539126992225647,-0.009833931922912598,-0.17044830322265625
609,231000000,imu1_frame,0.03724758567702338,-0.008637812510354203,-0.7837451224806578,0.6199044995352491,-0.001953125,-0.001953125,0.0,0.005027323961257935,-0.009454965591430664,-0.16479110717773438
609,251000000,imu1_frame,0.036807907317178735,-0.006677772289638437,-0.7838127911791669,0.619869416651686,-0.001953125,-0.001953125,0.0,0.022095799446105957,0.025916337966918945,-0.1269521713256836
609,271000000,imu1_frame,0.03617099655631075,-0.008578554110469977,-0.783773661621288,0.6199329921582297,-0.001953125,-0.001953125,0.0,0.02833014726638794,0.0044730305671691895,-0.17026233673095703
609,291000000,imu1_frame,0.0381372162943667,-0.00854840324171985,-0.7837278220824595,0.6198735180899554,-0.001953125,-0.001953125,0.0,0.019731968641281128,-0.018839001655578613,-0.16350936889648438
609,311000000,imu1_frame,0.03635814415990251,-0.009503565881103923,-0.7837411498855771,0.6199496572826092,-0.001953125,-0.001953125,0.0,0.01996225118637085,-0.011972665786743164,-0.16967010498046875
609,331000000,imu1_frame,0.03457198326221462,-0.010544489674441966,-0.7838966496998161,0.6198383936964751,0.0,-0.0078125,-0.0234375,-0.019887804985046387,-0.006231129169464111,-0.1717386245727539
609,351000000,imu1_frame,0.03614699766480715,-0.009433807999732252,-0.7840437005290614,0.6195804011483418,0.0,-0.0078125,-0.0234375,-0.021208345890045166,-0.008139312267303467,-0.16608905792236328
609,371000000,imu1_frame,0.03772568724823369,-0.00833131871511397,-0.7841874236879345,0.6193201483722257,0.0,-0.0078125,-0.0234375,0.016487032175064087,-0.010193884372711182,-0.16419219970703125
609,391000000,imu1_frame,0.036045897289838355,-0.009540870272111125,-0.7843384494950337,0.6192114838459859,0.0,-0.0078125,-0.0234375,-0.023777514696121216,-0.008351385593414307,-0.16619205474853516
609,411000000,imu1_frame,0.03474095807950723,-0.011142795396911992,-0.784466000053882,0.6190977295241222,0.0,-0.0078125,-0.0234375,-0.023999810218811035,-0.017067253589630127,-0.17125606536865234
609,431000000,imu1_frame,0.0361208011656909,-0.009792699950053756,-0.7846250977280076,0.6188399201458735,0.0,-0.0078125,-0.0234375,-0.02540406584739685,-0.012911081314086914,-0.16599082946777344
609,451000000,imu1_frame,0.03751261590166407,-0.008457580332705914,-0.7847804383423962,0.6185797738192275,0.0,-0.0078125,-0.0234375,0.012249648571014404,-0.009105026721954346,-0.16446399688720703
609,471000000,imu1_frame,0.035625014359680164,-0.009296706863388017,-0.7849471022529165,0.6184678457754441,0.0,-0.0078125,-0.0234375,-0.026715904474258423,0.0008933544158935547,-0.1278085708618164
609,491000000,imu1_frame,0.036068651120191864,-0.011269924756784835,-0.7850252451541088,0.618310120953133,0.0,-0.0078125,-0.0234375,-0.004611968994140625,-0.03465116024017334,-0.16936302185058594
609,511000000,imu1_frame,0.036890135568786064,-0.0095141977460827,-0.7852086554419712,0.6180582216571322,0.0,-0.0078125,-0.0234375,-0.00966942310333252,-0.017490923404693604,-0.16499805450439453
609,531000000,imu1_frame,0.03777791008108843,-0.00779423768199323,-0.7853863289850336,0.6178028760148938,0.0,-0.0078125,-0.0234375,0.02490594983100891,-0.0016557574272155762,-0.16428470611572266
609,551000000,imu1_frame,0.03683719333719457,-0.009627042801520743,-0.7855014252119674,0.6176875036973826,0.0,-0.0078125,-0.0234375,-0.011564671993255615,-0.01837158203125,-0.16503238677978516
609,571000000,imu1_frame,0.037723164411349305,-0.007902426271234848,-0.7856793558870218,0.6174321535673183,0.0,-0.0078125,-0.0234375,0.023032307624816895,-0.0024274587631225586,-0.16433238983154297
609,591000000,imu1_frame,0.03679311179273547,-0.009742831271107878,-0.7857937123041656,0.6173164390056918,0.0,-0.0078125,-0.0234375,-0.013358592987060547,-0.019406020641326904,-0.16505146026611328
609,611000000,imu1_frame,0.03742641938418176,-0.007906155547969558,-0.7859809304471971,0.6170662304889881,0.0,-0.0078125,-0.0234375,0.018707215785980225,0.001317739486694336,-0.12570476531982422
609,635000000,imu1_frame,0.036789460775173345,-0.010171813277234236,-0.7859405057368366,0.6171228331804378,0.001953125,0.005859375,-0.001953125,-0.018447011709213257,-0.025841176509857178,-0.12582778930664062
609,651000000,imu1_frame,0.03739856007598833,-0.008658114824897891,-0.7859804697555783,0.6170584136973758,0.001953125,0.005859375,-0.001953125,0.009210258722305298,-0.009893476963043213,-0.1645641326904297
609,671000000,imu1_frame,0.03583261270581629,-0.009797187343411957,-0.7859930763060607,0.617118240684691,0.001953125,0.005859375,-0.001953125,-0.028589874505996704,-0.008550584316253662,-0.16639423370361328
609,691000000,imu1_frame,0.037506599701783064,-0.008600194403875185,-0.7860004758680683,0.6170271821971832,0.001953125,0.005859375,-0.001953125,0.011588364839553833,-0.010286808013916016,-0.16442584991455078
609,711000000,imu1_frame,0.035856546599702555,-0.009608712382973776,-0.7860192005070815,0.6170865394306484,0.001953125,0.005859375,-0.001953125,-0.025924384593963623,-0.005926191806793213,-0.16643238067626953
609,731000000,imu1_frame,0.03761961244118793,-0.008544263521223313,-0.7860202960530439,0.6169958302236249,0.001953125,0.005859375,-0.001953125,0.01401907205581665,-0.010770738124847412,-0.1642780303955078
609,751000000,imu1_frame,0.035939122244387875,-0.009501128107237865,-0.786041490576103,0.6170550082042048,0.001953125,0.005859375,-0.001953125,-0.02333652973175049,-0.0052512288093566895,-0.16635704040527344
609,771000000,imu1_frame,0.03765850264862054,-0.008372012598039468,-0.7860452236802201,0.6169640612813964,0.001953125,0.005859375,-0.001953125,0.016717642545700073,-0.00857400894165039,-0.1252155303955078
609,791000000,imu1_frame,0.036026574811865206,-0.009416619398715865,-0.7860629548964765,0.6170238602565097,0.001953125,0.005859375,-0.001953125,-0.02095264196395874,-0.004989564418792725,-0.12720298767089844
609,811000000,imu1_frame,0.03783887595046745,-0.008442311968544046,-0.7860597770951047,0.6169335245134805,0.001953125,0.005859375,-0.001953125,0.01865708827972412,-0.011809289455413818,-0.1639881134033203
609,831000000,imu1_frame,0.038660048588019226,-0.010267702973307008,-0.7859936641496064,0.6169391662356183,0.001953125,0.005859375,-0.001953125,0.009210586547851562,-0.01068812608718872,-0.1659994125366211
609,851000000,imu1_frame,0.03743206115818759,-0.008718516184619187,-0.7860815375709016,0.6169267740689778,0.001953125,0.005859375,-0.001953125,0.009093135595321655,-0.011146783828735352,-0.16449451446533203
609,871000000,imu1_frame,0.035526369292297515,-0.008369383544907337,-0.7861468662723609,0.6169610483281194,0.001953125,0.005859375,-0.001953125,-0.015938937664031982,0.017164111137390137,-0.1673288345336914
609,891000000,imu1_frame,0.037547308906782366,-0.008709766086469518,-0.7860999473290823,0.6168964356987257,0.001953125,0.005859375,-0.001953125,0.010987460613250732,-0.012382149696350098,-0.16432857513427734
609,911000000,imu1_frame,0.039564277006662714,-0.009054270166726058,-0.786049613926581,0.6168295490835056,0.001953125,0.005859375,-0.001953125,0.0026425719261169434,-0.002874314785003662,-0.16507434844970703
609,931000000,imu1_frame,0.03868312629638716,-0.0072707361488637745,-0.7861372464684956,0.6167973588227522,0.001953125,0.005859375,-0.001953125,0.010679781436920166,-0.003897547721862793,-0.1630849838256836
609,951000000,imu1_frame,0.03932187630972844,-0.009160705268890856,-0.7860736208303861,0.6168128842339996,0.001953125,0.005859375,-0.001953125,-0.002343475818634033,-0.04064136743545532,-0.16150474548339844
609,971000000,imu1_frame,0.04137353565691594,-0.009186669206126073,-0.7860295919025844,0.6167343968918872,0.001953125,0.005859375,-0.001953125,0.02884650230407715,-0.02664285898208618,-0.16216564178466797
609,991000000,imu1_frame,0.03945182551058711,-0.008929719234301426,-0.7860985403963319,0.6167762141693172,0.001953125,0.005859375,-0.001953125,0.03762078285217285,-0.038635849952697754,-0.16138553619384766
610,11000000,imu1_frame,0.03761151894695104,-0.00867986581894337,-0.7861967037928176,0.6167696300217584,0.005859375,0.013671875,-0.0078125,0.012428075075149536,-0.012621045112609863,-0.1642446517944336
610,31000000,imu1_frame,0.039706987237815516,-0.00904225300373194,-0.7861779903462168,0.61665692270524,0.005859375,0.013671875,-0.0078125,0.005110383033752441,-0.0042991042137146,-0.1648578643798828
610,51000000,imu1_frame,0.04168319251896737,-0.00978844574041824,-0.7861464679635284,0.6165552924919893,0.005859375,0.013671875,-0.0078125,0.026478886604309082,-0.03949826955795288,-0.1614389419555664
610,71000000,imu1_frame,0.04023619844971355,-0.008542948361379756,-0.7862698323282862,0.6165126252868296,0.005859375,0.013671875,-0.0078125,0.019358932971954346,-0.04197055101394653,-0.16029644012451172
610,91000000,imu1_frame,0.03979429431658866,-0.010414014762489985,-0.7862656369454366,0.6165178915450534,0.005859375,0.013671875,-0.0078125,-0.009986013174057007,-0.026342332363128662,-0.1642007827758789
610,111000000,imu1_frame,0.03827802339206143,-0.009271850142761684,-0.7863837852196562,0.6164814417837186,0.005859375,0.013671875,-0.0078125,0.01572611927986145,-0.029572486877441406,-0.12398529052734375
610,131000000,imu1_frame,0.03669756393930392,-0.008226092412551858,-0.7864979616495766,0.6164467345404646,0.005859375,0.013671875,-0.0078125,0.004121273756027222,0.005554318428039551,-0.16572189331054688
610,151000000,imu1_frame,0.03873036997077461,-0.007536990895964127,-0.7865126799458139,0.6163123854788372,0.005859375,0.013671875,-0.0078125,0.008550703525543213,-0.008246004581451416,-0.12387466430664062
610,171000000,imu1_frame,0.037355369263166974,-0.00879529844300851,-0.786554227673004,0.6163275639156788,0.005859375,0.013671875,-0.0078125,0.007436960935592651,-0.011045515537261963,-0.1645803451538086
610,191000000,imu1_frame,0.0369026050269102,-0.006847620050014561,-0.7866666762558581,0.61623603295364,0.005859375,0.013671875,-0.0078125,0.02403375506401062,0.02440541982650757,-0.1658334732055664
610,211000000,imu1_frame,0.03749287547965291,-0.008753768528989842,-0.7866418718170346,0.6162079367624215,0.005859375,0.013671875,-0.0078125,0.010135561227798462,-0.011990249156951904,-0.16439342498779297
610,231000000,imu1_frame,0.035655874885597884,-0.00851035634554549,-0.7867369222414232,0.6161990324587563,0.005859375,0.013671875,-0.0078125,-0.015111029148101807,0.013869106769561768,-0.16710186004638672
610,251000000,imu1_frame,0.03777639981369385,-0.008740242249312705,-0.7867249785161482,0.6160847019374085,0.005859375,0.013671875,-0.0078125,0.014740407466888428,-0.015120267868041992,-0.16398048400878906
610,271000000,imu1_frame,0.03592499360924867,-0.0087115928628605,-0.7868143504357967,0.6160817161158593,0.005859375,0.013671875,-0.0078125,-0.013321876525878906,0.007602035999298096,-0.1666574478149414
610,291000000,imu1_frame,0.03806441482542168,-0.00871900263444159,-0.7868080930025746,0.6159611222331414,0.005859375,0.013671875,-0.0078125,0.019508272409439087,-0.018184423446655273,-0.1635608673095703
610,311000000,imu1_frame,0.03928655545787854,-0.00699503371210537,-0.7868732775217778,0.6158230924427539,0.005859375,0.013671875,-0.0078125,0.02397465705871582,-0.00628817081451416,-0.16224288940429688
610,331000000,imu1_frame,0.039026715466437746,-0.00891300921255683,-0.7868666240961191,0.6158233428754185,0.005859375,0.013671875,-0.0078125,0.03204140067100525,0.006402492523193359,-0.16594982147216797
610,351000000,imu1_frame,0.03718565617972485,-0.008685465076820855,-0.78696347386171,0.6158167588482732,0.005859375,0.013671875,-0.0078125,0.006535053253173828,-0.007010459899902344,-0.16486454010009766
610,371000000,imu1_frame,0.039288241829104814,-0.00902040877589181,-0.7869460991351963,0.6157035839877752,0.005859375,0.013671875,-0.0078125,-0.00030344724655151367,0.0016808509826660156,-0.1655120849609375
610,391000000,imu1_frame,0.041239329762157356,-0.00949452227163692,-0.7868758451358773,0.6156586522329565,-0.00390625,0.0078125,0.0,0.023954927921295166,-0.029044747352600098,-0.16226959228515625
610,411000000,imu1_frame,0.039684945125352776,-0.008217275659248995,-0.7869532723892521,0.6156802161731244,-0.00390625,0.0078125,0.0,0.015475094318389893,-0.02978605031967163,-0.16126441955566406
610,431000000,imu1_frame,0.038038789860296525,-0.0070664837378634935,-0.7870262112645945,0.6157051713734787,-0.00390625,0.0078125,0.0,0.004052996635437012,0.0076988935470581055,-0.1641092300415039
610,451000000,imu1_frame,0.039376998730850744,-0.008503191576109218,-0.7869446719172251,0.6157070984202325,-0.00390625,0.0078125,0.0,0.007285177707672119,0.008566081523895264,-0.12649059295654297
610,471000000,imu1_frame,0.03826705735918846,-0.006788205250016888,-0.7870205738487097,0.6157013634298693,-0.00390625,0.0078125,0.0,0.01091015338897705,0.009236276149749756,-0.16384410858154297
610,491000000,imu1_frame,0.03932056846163771,-0.008427237544448364,-0.786940228885328,0.6157174276607172,-0.00390625,0.0078125,0.0,0.007326185703277588,-0.028656184673309326,-0.1617584228515625
610,511000000,imu1_frame,0.04067638043625644,-0.009849009460539059,-0.7868555968558529,0.6157164110074302,-0.00390625,0.0078125,0.0,0.011002898216247559,-0.027764618396759033,-0.16303634643554688
610,531000000,imu1_frame,0.039411861902654714,-0.00825841752454101,-0.7869346725788738,0.6157209796446252,-0.00390625,0.0078125,0.0,0.010758161544799805,-0.02716064453125,-0.16167354583740234
610,551000000,imu1_frame,0.040517347201201204,-0.009866789255678356,-0.7868506808608177,0.6157328942605137,-0.00390625,0.0078125,0.0,0.00833594799041748,-0.026136338710784912,-0.1632823944091797
610,571000000,imu1_frame,0.03933811877076169,-0.008208081505569129,-0.7869294867092899,0.6157329963198568,-0.00390625,0.0078125,0.0,0.010223746299743652,0.01355522871017456,-0.1657094955444336
610,591000000,imu1_frame,0.03784633788084991,-0.006850551842280433,-0.7870040967350574,0.6157477376090807,-0.00390625,0.0078125,0.0,0.003669053316116333,0.013308525085449219,-0.12539100646972656
610,611000000,imu1_frame,0.039793360558787176,-0.007342087403989418,-0.7869345301676964,0.6157082323939946,-0.00390625,0.0078125,0.0,-0.01140660047531128,0.021416544914245605,-0.1652679443359375
610,631000000,imu1_frame,0.04084484579269017,-0.005539228643318599,-0.7869550606121664,0.6156319907989758,-0.00390625,0.0078125,0.0,0.02649068832397461,-0.002510547637939453,-0.16015911102294922
610,651000000,imu1_frame,0.04045080039006977,-0.007411921634766844,-0.7869053813664526,0.615701808460882,-0.00390625,0.0078125,0.0,0.03690671920776367,0.012438595294952393,-0.1642169952392578
610,671000000,imu1_frame,0.04003583416144168,-0.009281491974777553,-0.7868534268682429,0.6157699818239133,-0.00390625,0.0078125,0.0,0.007970333099365234,-0.01136869192123413,-0.1642599105834961
610,691000000,imu1_frame,0.03963107532443368,-0.007356464835528157,-0.7869641411074064,0.6156806809579418,-0.00390625,-0.013671875,-0.005859375,0.025014400482177734,0.023164570331573486,-0.16551589965820312
610,711000000,imu1_frame,0.03759647658911479,-0.008010898390909408,-0.7870367063425433,0.6157073601351019,-0.00390625,-0.013671875,-0.005859375,-0.0141105055809021,-0.001510024070739746,-0.16448497772216797
610,731000000,imu1_frame,0.03936293338712711,-0.007448986525399194,-0.7870480966935193,0.6155894456259091,-0.00390625,-0.013671875,-0.005859375,0.01985311508178711,-0.014035165309906006,-0.16199684143066406
610,751000000,imu1_frame,0.037555171552639904,-0.008582687956093434,-0.7870997391094171,0.6156215942045793,-0.00390625,-0.013671875,-0.005859375,0.013589262962341309,-0.009757041931152344,-0.16436004638671875
610,771000000,imu1_frame,0.036013092910080986,-0.009819092256246121,-0.7871219916511512,0.6156668034135333,0.0,0.001953125,-0.00390625,-0.02500814199447632,-0.010258972644805908,-0.16613292694091797
610,791000000,imu1_frame,0.037997706099356564,-0.009491682626148534,-0.7871091680073936,0.6155690375017411,0.0,0.001953125,-0.00390625,-0.025680899620056152,0.010032951831817627,-0.12822914123535156
610,811000000,imu1_frame,0.038778325650625695,-0.007630394509348455,-0.7871695368160397,0.6154690397153925,0.0,0.001953125,-0.00390625,0.008786618709564209,-0.009718716144561768,-0.16283607482910156
610,831000000,imu1_frame,0.03727038569431877,-0.008878752160962348,-0.7871929749748126,0.6155154801144852,0.0,0.001953125,-0.00390625,-0.029424667358398438,-0.010824501514434814,-0.16467571258544922
610,851000000,imu1_frame,0.0388244173690055,-0.007592967900037231,-0.787216036303241,0.6154071202394725,0.0,0.001953125,-0.00390625,0.009990513324737549,-0.009657084941864014,-0.16277790069580078
610,871000000,imu1_frame,0.03732505520357821,-0.00887625913478339,-0.7872382733656089,0.6154542657469819,0.0,0.001953125,-0.00390625,-0.02851003408432007,-0.011406779289245605,-0.1645965576171875
610,891000000,imu1_frame,0.038625007576616965,-0.010388895544724991,-0.7871834586874523,0.6154204920279523,0.0,0.001953125,-0.00390625,0.008417278528213501,-0.011222302913665771,-0.16600322723388672
610,911000000,imu1_frame,0.04019198821426924,-0.009113785566606527,-0.7872081919731267,0.6153087074683982,0.0,0.001953125,-0.00390625,0.012751102447509766,-0.010369062423706055,-0.16407489776611328
610,931000000,imu1_frame,0.03830090559261854,-0.009688400786184657,-0.7872608274650574,0.6153532035018787,0.0,0.001953125,-0.00390625,-0.023227781057357788,0.003489851951599121,-0.1277027130126953
610,951000000,imu1_frame,0.03875820779309825,-0.007722539118182041,-0.7873328074353755,0.6152602815509589,0.0,0.001953125,-0.00390625,0.007523715496063232,-0.010760962963104248,-0.1628398895263672
610,971000000,imu1_frame,0.03995928611570074,-0.009316186782551104,-0.7872757483407584,0.6152343945127376,0.0,0.001953125,-0.00390625,0.0068021416664123535,-0.010638833045959473,-0.1253042221069336
610,991000000,imu1_frame,0.04143674161785337,-0.007936949563179481,-0.7873033773823512,0.6151206330778296,0.0,0.001953125,-0.00390625,0.04616576433181763,-0.007094144821166992,-0.16248130798339844
611,11000000,imu1_frame,0.0394699555238604,-0.007715421973476402,-0.7873867561661465,0.6151460729687455,0.0,0.001953125,-0.00390625,0.018622636795043945,-0.019131958484649658,-0.16175365447998047
611,31000000,imu1_frame,0.04015719172118005,-0.009582573777287664,-0.787333557322522,0.6151434334744491,0.0,0.001953125,-0.00390625,0.006706714630126953,-0.017057836055755615,-0.16395854949951172
611,51000000,imu1_frame,0.03839496536752126,-0.010479710724260039,-0.7873716552552019,0.6151925542448039,0.0,0.001953125,-0.00390625,0.0039736926555633545,-0.00972074270248413,-0.16631221771240234
611,71000000,imu1_frame,0.040301814240281765,-0.009563197951787297,-0.7873616846665517,0.6150982738822524,0.001953125,0.01171875,-0.001953125,0.04435229301452637,-0.018468260765075684,-0.16373825073242188
611,91000000,imu1_frame,0.04157851465049008,-0.00788872622620687,-0.7873890311420495,0.6150020396349688,0.001953125,0.01171875,-0.001953125,0.009952843189239502,-0.00797349214553833,-0.12320423126220703
611,111000000,imu1_frame,0.03969566131833279,-0.0076712850196882015,-0.7874552095103128,0.6150444690213192,0.001953125,0.01171875,-0.001953125,0.02269566059112549,-0.021098196506500244,-0.16141700744628906
611,131000000,imu1_frame,0.03780684673515746,-0.007594819151217041,-0.7875145781753008,0.6150884084612412,0.001953125,0.01171875,-0.001953125,-0.005421549081802368,0.00274580717086792,-0.16430091857910156
611,151000000,imu1_frame,0.039852643182320506,-0.007715466834786015,-0.7874684442371952,0.615016819065589,0.001953125,0.005859375,-0.001953125,0.02459430694580078,-0.02364480495452881,-0.16116046905517578
611,171000000,imu1_frame,0.03791811303246124,-0.007599428286481722,-0.7875325587542326,0.615058480386855,0.001953125,0.005859375,-0.001953125,-0.0037462711334228516,0.0013564229011535645,-0.16413593292236328
611,191000000,imu1_frame,0.03950314185884178,-0.008860552279924121,-0.7874644249988355,0.6150290820423276,0.001953125,0.005859375,-0.001953125,0.0054433345794677734,0.0019844770431518555,-0.1261749267578125
611,211000000,imu1_frame,0.03850584517048247,-0.007143076601777215,-0.7875526487715813,0.6150017087433454,0.001953125,0.005859375,-0.001953125,0.01081085205078125,0.0013554096221923828,-0.1633892059326172
611,231000000,imu1_frame,0.04042044823190608,-0.0063908216514404325,-0.7875338305074869,0.6149112216975359,0.001953125,0.005859375,-0.001953125,0.0102614164352417,-0.010005712509155273,-0.16063404083251953
611,251000000,imu1_frame,0.03889326076261627,-0.007586241408934215,-0.7875497457212792,0.6149757403531337,0.001953125,0.005859375,-0.001953125,0.011448919773101807,-0.010103881359100342,-0.1626749038696289
611,271000000,imu1_frame,0.04006217113216044,-0.009225014718933574,-0.7874791405551855,0.6149687185036969,0.001953125,0.005859375,-0.001953125,0.009689271450042725,-0.010301828384399414,-0.16423892974853516
611,291000000,imu1_frame,0.03875158860990002,-0.010654459944452901,-0.787476257687226,0.6150332840118676,0.001953125,0.005859375,-0.001953125,-0.02768266201019287,-0.016600072383880615,-0.16570281982421875
611,311000000,imu1_frame,0.04015987418567464,-0.009159729728852904,-0.7874992752484148,0.6149375377547759,0.001953125,0.005859375,-0.001953125,0.011999547481536865,-0.010450661182403564,-0.1641092300415039
611,331000000,imu1_frame,0.03885061837833789,-0.007683610272194573,-0.7875893213550134,0.6149265423384774,0.001953125,0.005859375,-0.001953125,0.00965958833694458,-0.011058926582336426,-0.16271114349365234
611,351000000,imu1_frame,0.04009092871162051,-0.009269786762018402,-0.7875184627218701,0.6149158148564802,0.001953125,0.005859375,-0.001953125,0.009634017944335938,-0.01130223274230957,-0.16417694091796875
611,371000000,imu1_frame,0.03811577867882766,-0.009378001880880144,-0.7875412783178786,0.6150105490492586,0.001953125,0.0,0.00390625,-0.022071123123168945,0.010696887969970703,-0.1671581268310547
611,391000000,imu1_frame,0.036520573035789566,-0.00821429366483977,-0.7875910049089979,0.615060307702554,0.001953125,0.0,0.00390625,0.0025453269481658936,0.008682727813720703,-0.16597938537597656
611,411000000,imu1_frame,0.03845670933971954,-0.007696530721043978,-0.7875350293028294,0.6150206683865282,0.001953125,0.0,0.00390625,0.003384113311767578,-0.006584584712982178,-0.12423992156982422
611,431000000,imu1_frame,0.0369273058651658,-0.008983503044014256,-0.7875109157406328,0.6151278146401353,0.001953125,0.0,0.00390625,-0.00051078200340271,-0.008083939552307129,-0.12607383728027344
611,451000000,imu1_frame,0.03841625372697141,-0.007591705969555235,-0.7875262353339464,0.6150357600260314,0.0,0.00390625,-0.001953125,0.039169251918792725,-0.004494905471801758,-0.12433242797851562
611,471000000,imu1_frame,0.04039204719858639,-0.008004830693712366,-0.7874723162050711,0.6149729721047036,0.0,0.00390625,-0.001953125,0.029428601264953613,-0.034549713134765625,-0.12116241455078125
611,491000000,imu1_frame,0.03849227091133001,-0.008474397248260095,-0.7875178103201328,0.6150302660031868,0.0,0.00390625,-0.001953125,0.029722750186920166,-0.01899200677871704,-0.16300296783447266
611,511000000,imu1_frame,0.03659848142439127,-0.008971122844506095,-0.7875593440861155,0.6150856441626521,0.0,0.00390625,-0.001953125,-0.005381524562835693,-0.003917992115020752,-0.16561317443847656
611,531000000,imu1_frame,0.03868567314411959,-0.008397814157304874,-0.7875439072278545,0.6149857637368937,0.001953125,0.017578125,-0.00390625,0.03364679217338562,-0.020107924938201904,-0.1627368927001953
611,551000000,imu1_frame,0.03691946124354284,-0.008859286894204515,-0.7875913099085011,0.6150271497859456,0.001953125,0.017578125,-0.00390625,0.0009377002716064453,-0.006018996238708496,-0.1651906967163086
611,571000000,imu1_frame,0.03903885719813898,-0.008447040475874534,-0.787569699691211,0.614929738477623,0.001953125,0.017578125,-0.00390625,0.03852105140686035,-0.025072991847991943,-0.1621837615966797
611,591000000,imu1_frame,0.03851066916499362,-0.006474490626796146,-0.7876601006292668,0.6148711858660165,0.001953125,0.017578125,-0.00390625,0.01901984214782715,0.011674821376800537,-0.1635599136352539
611,611000000,imu1_frame,0.037749771582978646,-0.008159016722783389,-0.7876486676513207,0.614912970702887,0.001953125,0.017578125,-0.00390625,0.022199362516403198,-0.005144655704498291,-0.16421222686767578
611,636000000,imu1_frame,0.03654472436682337,-0.010113512009047903,-0.7876411036174327,0.6149664152521731,0.001953125,0.017578125,-0.00390625,-0.01986241340637207,-0.020789027214050293,-0.16526412963867188
611,651000000,imu1_frame,0.037419231208944706,-0.008751949465301914,-0.7876752664092165,0.6148909490336137,0.001953125,0.017578125,-0.00390625,0.010006338357925415,-0.010288894176483154,-0.16450214385986328
611,671000000,imu1_frame,0.0356957562452822,-0.009585516648165055,-0.7877241244554218,0.6149183967061028,0.001953125,0.0078125,-0.005859375,-0.026519209146499634,-0.0024369359016418457,-0.16666603088378906
611,691000000,imu1_frame,0.03776160446180949,-0.009410078573495313,-0.7877153051479776,0.6148090026059629,0.001953125,0.0078125,-0.005859375,-0.027744442224502563,0.014579057693481445,-0.16767120361328125
611,711000000,imu1_frame,0.0398275046806774,-0.009262452800170864,-0.7877021563335003,0.6146977222558981,0.001953125,0.0078125,-0.005859375,0.005849480628967285,-0.00788646936416626,-0.16459178924560547
611,731000000,imu1_frame,0.03878236154428636,-0.007576153894153563,-0.7878146784886272,0.6146434435370489,0.001953125,0.0078125,-0.005859375,0.010113239288330078,-0.008403003215789795,-0.16284656524658203
611,751000000,imu1_frame,0.038249665688311056,-0.009521860114925899,-0.7878175619446852,0.614646065916163,-0.001953125,-0.00390625,-0.0078125,-0.02146551012992859,-0.03196793794631958,-0.16299819946289062
611,771000000,imu1_frame,0.038737768098094955,-0.007600743846990676,-0.7879126532266258,0.6145203535287743,-0.001953125,-0.00390625,-0.0078125,0.009222924709320068,-0.008166670799255371,-0.16290760040283203
611,791000000,imu1_frame,0.03717614425364488,-0.008903575003183227,-0.787961326403444,0.614536905924388,-0.001953125,-0.00390625,-0.0078125,0.004711061716079712,-0.009494602680206299,-0.16480350494384766
611,811000000,imu1_frame,0.03883254546358369,-0.00785830422728842,-0.7880003470075835,0.6143986764173718,-0.001953125,-0.00390625,-0.0078125,0.042830049991607666,-0.013192713260650635,-0.16268539428710938
611,831000000,imu1_frame,0.03699786001490972,-0.008990541699411242,-0.7880642607125632,0.6144143955847956,-0.00390625,-0.015625,-0.0078125,0.001016378402709961,-0.00862199068069458,-0.16503143310546875
611,851000000,imu1_frame,0.03861761566634729,-0.008119663503518214,-0.7881031111714735,0.6142770034656027,-0.00390625,-0.015625,-0.0078125,0.03647756576538086,-0.014561712741851807,-0.16292858123779297
611,871000000,imu1_frame,0.03908257621934716,-0.006276320305658881,-0.7881979174117364,0.6141475417416251,-0.00390625,-0.015625,-0.0078125,0.030706405639648438,0.008339345455169678,-0.16274166107177734
611,891000000,imu1_frame,0.037798125038211366,-0.007980023686159925,-0.7882335698970597,0.6141624054376017,-0.00390625,-0.015625,-0.0078125,0.025644659996032715,-0.002506852149963379,-0.16419696807861328
611,911000000,imu1_frame,0.03676630244225787,-0.009722170820883657,-0.7882429507751223,0.614187893850556,-0.001953125,-0.00390625,-0.005859375,-0.011166274547576904,-0.016982316970825195,-0.1650981903076172
611,931000000,imu1_frame,0.037771852661909674,-0.008023623568633825,-0.7883065162387292,0.6140698210031773,-0.001953125,-0.00390625,-0.005859375,0.02478441596031189,-0.002805948257446289,-0.16422271728515625
611,951000000,imu1_frame,0.03649523771193121,-0.009601304030324971,-0.7883267682667371,0.6140983789421604,-0.001953125,-0.00390625,-0.005859375,-0.013815104961395264,-0.011817634105682373,-0.12646961212158203
611,971000000,imu1_frame,0.03791403229511535,-0.008242601774353547,-0.7883703503893533,0.6139762017359328,-0.001953125,-0.00390625,-0.005859375,0.02440914511680603,-0.00782763957977295,-0.1639423370361328
611,991000000,imu1_frame,0.03627218390729605,-0.0094440162092104,-0.7884104740499035,0.6140065664476577,-0.001953125,-0.00390625,-0.005859375,-0.01528787612915039,-0.006666779518127441,-0.1268453598022461
612,11000000,imu1_frame,0.03795802871438548,-0.0084509980999575,-0.7884368211810974,0.6138852887087934,-0.001953125,-0.00390625,-0.005859375,0.022650331258773804,-0.01151055097579956,-0.16380882263183594
612,31000000,imu1_frame,0.03621136495965401,-0.009495419029780412,-0.7884838831999048,0.6139150918483812,-0.001953125,-0.00390625,-0.005859375,-0.016773104667663574,-0.0066779255867004395,-0.16597557067871094
612,51000000,imu1_frame,0.037958460862931795,-0.008483585162619836,-0.7884964034397071,0.6138082809757069,0.001953125,0.001953125,-0.00390625,0.02232295274734497,-0.011970758438110352,-0.16379737854003906
612,71000000,imu1_frame,0.03624735449679601,-0.009465172596288537,-0.7885315691514808,0.6138521843662443,0.001953125,0.001953125,-0.00390625,-0.015809983015060425,-0.006607949733734131,-0.16593456268310547
612,91000000,imu1_frame,0.03800254541344215,-0.008467312957544692,-0.7885433976922591,0.6137454041451762,0.001953125,0.001953125,-0.00390625,0.023242950439453125,-0.012209892272949219,-0.16373729705810547
612,111000000,imu1_frame,0.03628564024321773,-0.00943696449434844,-0.7885791341273667,0.6137892514798582,0.001953125,0.001953125,-0.00390625,-0.014836043119430542,-0.006596684455871582,-0.1658916473388672
612,131000000,imu1_frame,0.03801679409205961,-0.008474278457552728,-0.7885798941412788,0.6136975317920997,0.001953125,-0.001953125,-0.001953125,0.02341407537460327,-0.0124586820602417,-0.1637134552001953
612,151000000,imu1_frame,0.03625545969088354,-0.009444135720194329,-0.7886061379489269,0.6137562294041334,0.001953125,-0.001953125,-0.001953125,-0.015361964702606201,-0.006326794624328613,-0.16593170166015625
612,171000000,imu1_frame,0.037895743522338945,-0.008332541637561877,-0.7886134317040697,0.6136638629646345,0.001953125,-0.001953125,-0.001953125,0.023278921842575073,-0.008802413940429688,-0.1248779296875
612,191000000,imu1_frame,0.03640083187037068,-0.009685946153535446,-0.7886217632669296,0.6137237785747061,0.001953125,-0.001953125,-0.001953125,-0.016004979610443115,-0.011778175830841064,-0.1656351089477539
612,211000000,imu1_frame,0.03774261959022053,-0.008390137526807185,-0.7886446159447205,0.6136324388427926,-0.00390625,-0.013671875,-0.001953125,0.020255684852600098,-0.00783538818359375,-0.16414833068847656
612,231000000,imu1_frame,0.03916427124744068,-0.007183684224160616,-0.7886599558463027,0.613538938114878,-0.00390625,-0.013671875,-0.001953125,0.021511197090148926,-0.006219804286956787,-0.12331485748291016
612,251000000,imu1_frame,0.03754993548602065,-0.008572914283595476,-0.7886753440891691,0.6136022401454483,-0.00390625,-0.013671875,-0.001953125,0.015121102333068848,-0.008325397968292236,-0.16437053680419922
612,271000000,imu1_frame,0.03573487550070256,-0.009699217069753603,-0.7887000016043496,0.6136621638413778,-0.00390625,-0.013671875,-0.001953125,-0.026363760232925415,-0.003965258598327637,-0.12750625610351562
612,291000000,imu1_frame,0.037365721783982515,-0.008657473927964607,-0.7887060992442503,0.6135727666672205,-0.00390625,-0.005859375,-0.001953125,0.011293858289718628,-0.007402539253234863,-0.12554931640625
612,311000000,imu1_frame,0.035728504445966286,-0.009901860888212955,-0.7887199079018554,0.6136337132201045,-0.00390625,-0.005859375,-0.001953125,0.01018911600112915,-0.006997048854827881,-0.13134288787841797
612,331000000,imu1_frame,0.037325596058060184,-0.008807680043543981,-0.7887287008881892,0.6135440172036484,-0.00390625,-0.005859375,-0.001953125,0.008895128965377808,-0.009219944477081299,-0.16461944580078125
612,351000000,imu1_frame,0.0365564179956661,-0.01068289394565708,-0.7887025008734697,0.613594221938413,-0.00390625,-0.005859375,-0.001953125,-0.025481760501861572,-0.028937041759490967,-0.16501617431640625
612,371000000,imu1_frame,0.03620814671009657,-0.008706849552259043,-0.7887828594954082,0.6135427951243024,-0.00390625,-0.005859375,-0.001953125,-0.0070847272872924805,-0.033335208892822266,-0.170166015625
612,391000000,imu1_frame,0.035767238962376526,-0.006747607204812606,-0.7888615214060665,0.6134921959234069,-0.00390625,-0.005859375,-0.001953125,0.009676128625869751,0.002186119556427002,-0.13231563568115234
612,411000000,imu1_frame,0.03686953187053034,-0.00836813027407258,-0.788801957952839,0.6134835638752937,-0.00390625,-0.005859375,-0.001953125,0.00719800591468811,0.003058016300201416,-0.16542816162109375
612,431000000,imu1_frame,0.03825443761396146,-0.00983877247577066,-0.788757757316165,0.6134337754253372,0.001953125,0.0078125,-0.005859375,0.010892421007156372,-0.03617936372756958,-0.1628713607788086
612,451000000,imu1_frame,0.03693094469828653,-0.008378745339329056,-0.7888673513500521,0.6133956340928618,0.001953125,0.0078125,-0.005859375,0.008079975843429565,0.002209782600402832,-0.16533660888671875
612,471000000,imu1_frame,0.03787788651868428,-0.010142180957719599,-0.7888249901367533,0.6133657447347787,0.001953125,0.0078125,-0.005859375,0.001511901617050171,-0.03630506992340088,-0.12425041198730469
612,491000000,imu1_frame,0.037126624341596776,-0.008286983253128094,-0.7889326927531638,0.6133010239505576,0.001953125,0.0078125,-0.005859375,0.012260198593139648,0.0013368725776672363,-0.1650829315185547
612,511000000,imu1_frame,0.03771314290355967,-0.010186384655812791,-0.7889083025357335,0.6132680055327906,0.0,0.001953125,-0.0078125,-0.001477360725402832,-0.034956157207489014,-0.16353893280029297
612,531000000,imu1_frame,0.037128997211081045,-0.008264428059380864,-0.7890275339215629,0.6131791642812137,0.0,0.001953125,-0.0078125,0.012655764818191528,0.0017292499542236328,-0.1650867462158203
612,551000000,imu1_frame,0.037680571705288386,-0.010174063316373877,-0.7890037091303068,0.613147461815031,0.0,0.001953125,-0.0078125,-0.0017375946044921875,-0.03430593013763428,-0.1635913848876953
612,571000000,imu1_frame,0.037131011971697686,-0.00824290080716246,-0.7891103784178001,0.6130727144552736,0.0,0.001953125,-0.005859375,0.013022005558013916,0.0021012425422668457,-0.16509056091308594
612,591000000,imu1_frame,0.03769591773165496,-0.010153709382016634,-0.789073427849348,0.6130571306446354,0.001953125,0.005859375,-0.005859375,-0.0011876821517944336,-0.034123241901397705,-0.16357803344726562
612,611000000,imu1_frame,0.037156711041558245,-0.008224504244780714,-0.7891788634297354,0.6129832443633778,0.001953125,0.005859375,-0.005859375,0.013703078031539917,0.002130866050720215,-0.16505908966064453
612,631000000,imu1_frame,0.037631649577501904,-0.010157752958814175,-0.7891434248876964,0.6129709079242018,0.001953125,0.005859375,-0.005859375,-0.0021587610244750977,-0.03336596488952637,-0.16367053985595703
612,651000000,imu1_frame,0.03718099865677183,-0.008203187808783461,-0.7892474585587999,0.6128937348408241,0.001953125,0.005859375,-0.005859375,0.01439732313156128,0.0022228360176086426,-0.16503143310546875
612,671000000,imu1_frame,0.037512992748715224,-0.010176517262584046,-0.789168006942405,0.6129462216948492,0.0,0.0,0.001953125,-0.004190981388092041,-0.03222048282623291,-0.16383743286132812
612,691000000,imu1_frame,0.03718190494678775,-0.00820665495297696,-0.7892234288576719,0.6129245761928214,0.0,0.0,0.001953125,0.014347344636917114,0.0021399259567260742,-0.16502857208251953
612,711000000,imu1_frame,0.03751468352836296,-0.010180038443266393,-0.7891439481705903,0.6129770341560875,0.0,0.0,0.001953125,-0.004230916500091553,-0.032312870025634766,-0.1638326644897461
612,731000000,imu1_frame,0.03712844273416733,-0.008201858566473706,-0.7892251737656941,0.6129256344375729,-0.00390625,-0.00390625,-0.001953125,0.01358109712600708,0.0028533935546875,-0.16510772705078125
612,751000000,imu1_frame,0.03754963169996904,-0.010136429749022163,-0.7891689449905475,0.6129434347585804,-0.00390625,-0.00390625,-0.001953125,-0.0031442642211914062,-0.03203922510147095,-0.16379928588867188
612,771000000,imu1_frame,0.037097990548007484,-0.008171078353853329,-0.7892512943193839,0.612894254330233,-0.00390625,-0.00390625,-0.001953125,0.013504087924957275,0.0037115812301635742,-0.1651620864868164
612,791000000,imu1_frame,0.03546506554131975,-0.006943442683761168,-0.7893374054575699,0.612895160753745,-0.00390625,-0.00390625,-0.001953125,0.003079146146774292,0.0031391382217407227,-0.13268470764160156
612,811000000,imu1_frame,0.03710163105989646,-0.008086640683902984,-0.789289680229725,0.6128457194906423,0.0,0.0,-0.00390625,0.01460680365562439,-0.034061968326568604,-0.13002681732177734
612,831000000,imu1_frame,0.03721777608440389,-0.010079925427868947,-0.7892510492989887,0.6128588854109444,0.0,0.0,-0.00390625,-0.007510125637054443,-0.02714616060256958,-0.125244140625
612,851000000,imu1_frame,0.03735098497906647,-0.008083627484315428,-0.7893317795452155,0.6127763871819571,0.0,0.0,-0.00390625,0.018532156944274902,0.0021033287048339844,-0.16482162475585938
612,871000000,imu1_frame,0.03721714397172973,-0.01007638303904708,-0.7892989809913089,0.6127972497535537,0.0,0.0,-0.00390625,-0.007430374622344971,-0.02704864740371704,-0.16430950164794922
612,891000000,imu1_frame,0.037390530430795814,-0.008098118245453154,-0.7893905569102381,0.6126980637931956,0.00390625,0.001953125,-0.005859375,0.019024133682250977,0.0014540553092956543,-0.16475868225097656
612,911000000,imu1_frame,0.03682237337648646,-0.01001862257412217,-0.7893829087952732,0.6127139326982483,0.00390625,0.001953125,-0.005859375,-0.012752264738082886,-0.02138543128967285,-0.1258401870727539
612,931000000,imu1_frame,0.03764291168679393,-0.008195150035104893,-0.7894543394695578,0.6125991320662529,0.00390625,0.001953125,-0.005859375,0.02181890606880188,-0.0030031204223632812,-0.16435813903808594
612,951000000,imu1_frame,0.0368040922226683,-0.010006333778465553,-0.7894562668610895,0.6126207103859054,0.00390625,0.001953125,-0.005859375,-0.012816280126571655,-0.020924091339111328,-0.1649341583251953
612,971000000,imu1_frame,0.03767828944646717,-0.008156134686537558,-0.7895609866237141,0.612460016958781,0.001953125,0.005859375,-0.01171875,0.022932857275009155,-0.002739250659942627,-0.16431808471679688
612,991000000,imu1_frame,0.036544682042276753,-0.009737753289343025,-0.7896109805522368,0.6124411496353263,0.001953125,0.005859375,-0.01171875,-0.013458251953125,-0.013574361801147461,-0.12634754180908203
613,11000000,imu1_frame,0.036216269185793425,-0.007753201641003061,-0.7897467173635208,0.6123139653185444,0.001953125,0.005859375,-0.01171875,0.005346149206161499,-0.018004894256591797,-0.17046165466308594
613,31000000,imu1_frame,0.03762512038372112,-0.009197235543709315,-0.7897407168569557,0.6122167600717295,0.001953125,0.005859375,-0.01171875,0.009823977947235107,-0.018023788928985596,-0.16404342651367188
613,51000000,imu1_frame,0.035729428684310054,-0.008784983665064552,-0.7898675008106648,0.6121728213102995,0.001953125,0.005859375,-0.01171875,0.024652570486068726,-0.02802830934524536,-0.16690635681152344
613,71000000,imu1_frame,0.037773072268655825,-0.008945925983429035,-0.7898845483805946,0.6120257883858082,0.001953125,0.005859375,-0.01171875,0.015254944562911987,-0.015798985958099365,-0.16391468048095703
613,91000000,imu1_frame,0.035844847403218846,-0.008774546874642082,-0.790005325052302,0.6119883500776719,0.001953125,0.005859375,-0.01171875,-0.01237475872039795,0.009919822216033936,-0.1276865005493164
613,111000000,imu1_frame,0.03768111827282083,-0.009051870443100142,-0.7901741904758666,0.6116559046334792,-0.001953125,-0.017578125,-0.03515625,0.012846440076828003,-0.016113340854644775,-0.12495040893554688
613,131000000,imu1_frame,0.03559984897499431,-0.008648852154829413,-0.7904557419599548,0.611422577365196,-0.001953125,-0.017578125,-0.03515625,-0.014245420694351196,0.01510918140411377,-0.16713428497314453
613,151000000,imu1_frame,0.03741243112704355,-0.009098582538680839,-0.7906201930441639,0.611095112191024,-0.001953125,-0.017578125,-0.03515625,0.008563786745071411,-0.013291597366333008,-0.16439151763916016
613,171000000,imu1_frame,0.036027061579580466,-0.007608774515050409,-0.7909170954956799,0.610814460730096,-0.001953125,-0.017578125,-0.03515625,0.0052013397216796875,-0.01262897253036499,-0.17077255249023438
613,191000000,imu1_frame,0.036347846189762834,-0.0055577625463684105,-0.7910452179675457,0.6106516261204268,0.001953125,0.01171875,-0.013671875,0.034757524728775024,0.015352189540863037,-0.17084693908691406
613,211000000,imu1_frame,0.03697267573227808,-0.007428986753971899,-0.7910581445902127,0.6105774670608927,0.001953125,0.01171875,-0.013671875,0.022103220224380493,0.018074095249176025,-0.16556930541992188
613,231000000,imu1_frame,0.03727037810175329,-0.009356623162074838,-0.7910742145163882,0.6105120470936137,0.001953125,0.01171875,-0.013671875,0.0037237703800201416,-0.015241146087646484,-0.1254425048828125
613,251000000,imu1_frame,0.037374961644838674,-0.007294630664682419,-0.7912118869662539,0.6103553477514655,0.001953125,0.01171875,-0.013671875,0.030071556568145752,0.015490293502807617,-0.1650238037109375
613,271000000,imu1_frame,0.03720708097583786,-0.00931836508957856,-0.7913014253818821,0.6102219722247934,0.0,-0.005859375,-0.0234375,0.003419727087020874,-0.013724744319915771,-0.1646108627319336
613,291000000,imu1_frame,0.03546333736723543,-0.010398207085948654,-0.7914536814432114,0.610110890840479,0.0,-0.005859375,-0.0234375,0.002758532762527466,-0.009582221508026123,-0.1705780029296875
613,311000000,imu1_frame,0.03580224407842078,-0.008463694052072085,-0.7916475376642254,0.609869446121144,0.0,-0.005859375,-0.0234375,-0.007814675569534302,-0.0226210355758667,-0.17081928253173828
613,331000000,imu1_frame,0.03761228437583565,-0.009221289374764397,-0.7917270922205405,0.6096462050487199,0.0,-0.005859375,-0.0234375,0.01126164197921753,-0.016709566116333008,-0.16405296325683594
613,351000000,imu1_frame,0.03576762408645876,-0.008358830905540439,-0.7918096640930902,0.609662417130899,-0.001953125,-0.005859375,-0.001953125,-0.006952792406082153,0.018594682216644287,-0.16699600219726562
613,371000000,imu1_frame,0.03627862346484813,-0.006462559490525264,-0.7918635923851357,0.6095852260834698,-0.001953125,-0.005859375,-0.001953125,0.023602008819580078,0.002840757369995117,-0.1707324981689453
613,391000000,imu1_frame,0.03692994426622972,-0.008351853910611396,-0.791807566450645,0.6095959345863916,-0.001953125,-0.005859375,-0.001953125,0.011129170656204224,0.004900038242340088,-0.1653461456298828
613,411000000,imu1_frame,0.03578256971867818,-0.010048228101683302,-0.7917975703408376,0.609651743554212,-0.001953125,-0.005859375,-0.001953125,0.01220172643661499,-0.007721304893493652,-0.1702737808227539
613,431000000,imu1_frame,0.034881216613688086,-0.01188306325170708,-0.7917747471209365,0.6097006178091684,-0.001953125,-0.005859375,-0.001953125,-0.023641496896743774,-0.025406301021575928,-0.1707324981689453
613,451000000,imu1_frame,0.0361098573424254,-0.01037085101647452,-0.7918082251674246,0.6096132037686822,-0.001953125,-0.005859375,-0.001953125,-0.025624871253967285,-0.016589462757110596,-0.16577816009521484
613,471000000,imu1_frame,0.03408296842806103,-0.010060478292188183,-0.7918746754938873,0.6096487811446153,-0.001953125,-0.005859375,-0.001953125,-0.01419752836227417,0.01232975721359253,-0.17258930206298828
613,491000000,imu1_frame,0.03605815983440025,-0.0103280824926943,-0.7918229668824682,0.6095978419735645,-0.001953125,0.001953125,0.0,0.01316031813621521,-0.015303194522857666,-0.16977500915527344
613,511000000,imu1_frame,0.03594887940001994,-0.008304402729985798,-0.7918836400712065,0.609556408835767,-0.001953125,0.001953125,0.0,-0.003429710865020752,-0.02172267436981201,-0.13160324096679688
613,531000000,imu1_frame,0.036161304375675773,-0.006287219676026009,-0.791933336631632,0.6095034218657721,-0.001953125,0.001953125,0.0,0.023934900760650635,0.007001817226409912,-0.1709423065185547
613,551000000,imu1_frame,0.036820615070724094,-0.00814818079699694,-0.7918638269235605,0.6095322215153899,-0.001953125,0.001953125,0.0,0.011914551258087158,0.009392142295837402,-0.12650775909423828
613,571000000,imu1_frame,0.03720239724760592,-0.01013997839912967,-0.7917900705121926,0.6095749721858611,-0.0078125,-0.025390625,0.001953125,-0.005969494581222534,-0.026003599166870117,-0.1252431869506836
613,591000000,imu1_frame,0.03616139461329282,-0.008399822651373158,-0.7918616281484534,0.6095711266006024,-0.0078125,-0.025390625,0.001953125,-0.0012950003147125244,-0.025738775730133057,-0.1703348159790039
613,611000000,imu1_frame,0.03538724740991221,-0.006563698717129652,-0.791925802425122,0.6095557267660004,-0.0078125,-0.025390625,0.001953125,0.008646726608276367,0.01190871000289917,-0.13289260864257812
613,631000000,imu1_frame,0.036338313726748374,-0.008251886842211752,-0.791850301698537,0.6095773396534484,-0.0078125,-0.025390625,0.001953125,0.003196626901626587,0.013503611087799072,-0.16622638702392578
613,651000000,imu1_frame,0.03765399661710863,-0.009632684989527773,-0.7917711628977726,0.6095800304489644,-0.005859375,-0.01953125,0.001953125,0.007049620151519775,-0.02353304624557495,-0.16384029388427734
613,671000000,imu1_frame,0.03554759860320842,-0.009146796417037117,-0.7918283858791851,0.6096396572277879,-0.005859375,-0.01953125,0.001953125,0.019331127405166626,-0.030029237270355225,-0.12796974182128906
613,691000000,imu1_frame,0.0335000551037636,-0.008488557532110573,-0.7918852740163972,0.6096912361966867,-0.005859375,-0.01953125,0.001953125,-0.004488080739974976,0.004515945911407471,-0.13096046447753906
613,711000000,imu1_frame,0.03515745798529878,-0.007802035195453754,-0.7918602760164444,0.6096395530655645,-0.005859375,-0.01953125,0.001953125,-0.009723573923110962,-0.0045697689056396484,-0.17192363739013672
613,731000000,imu1_frame,0.0369906778014855,-0.007062850651809124,-0.7918493372906541,0.60955429038668,0.0,-0.001953125,-0.001953125,0.027464598417282104,-0.01491093635559082,-0.1695537567138672
613,751000000,imu1_frame,0.03528606185369852,-0.008137227499049821,-0.7918726621378082,0.609611652059134,0.0,-0.001953125,-0.001953125,0.027348637580871582,-0.011273980140686035,-0.16773605346679688
613,771000000,imu1_frame,0.03357805381335908,-0.009211755353686173,-0.7918928320232588,0.6096666305905167,0.0,-0.001953125,-0.001953125,-0.011890292167663574,-0.007593274116516113,-0.16967105865478516
613,791000000,imu1_frame,0.035140202768243756,-0.00817219759538057,-0.7919018921623592,0.6095816389340675,-0.005859375,-0.01171875,-0.001953125,0.02469855546951294,-0.010060608386993408,-0.16792678833007812
613,811000000,imu1_frame,0.03326533106717389,-0.009163480901399772,-0.791929559190127,0.6096367948604251,-0.005859375,-0.01171875,-0.001953125,-0.016126573085784912,-0.0031062960624694824,-0.13103389739990234
613,831000000,imu1_frame,0.034800031005259045,-0.008083251377205709,-0.7919403929068103,0.6095523217672237,-0.005859375,-0.01171875,-0.001953125,-0.01853889226913452,-0.0046166181564331055,-0.13326263427734375
613,851000000,imu1_frame,0.03359866256961765,-0.009795717859257777,-0.791932755306828,0.6096045315262104,-0.005859375,-0.01171875,-0.001953125,-0.018492579460144043,-0.016844868659973145,-0.16942691802978516
613,871000000,imu1_frame,0.034798262144407226,-0.008201090218457704,-0.7919519675407187,0.609535810415879,0.001953125,0.0,0.0,0.019102782011032104,-0.006410479545593262,-0.16838455200195312
613,891000000,imu1_frame,0.03357585051729569,-0.009787739159446536,-0.7919345099905372,0.6096036370546313,0.001953125,0.0,0.0,-0.0187491774559021,-0.016449391841888428,-0.16945934295654297
613,911000000,imu1_frame,0.03463916273698774,-0.008102060169552528,-0.7919590958870432,0.6095369352776471,0.001953125,0.0,0.0,0.01782435178756714,-0.0029836297035217285,-0.12956905364990234
613,931000000,imu1_frame,0.0339405502648497,-0.009985798569763159,-0.7919218388130711,0.609596689693741,0.001953125,0.0,0.0,-0.015470951795578003,-0.023853778839111328,-0.16890239715576172
613,951000000,imu1_frame,0.03448153484983066,-0.008172271427814067,-0.7919417659449235,0.6095674508092982,-0.00390625,-0.015625,0.00390625,0.014531254768371582,-0.0022104382514953613,-0.1688222885131836
613,971000000,imu1_frame,0.03408433922672903,-0.01022404562649704,-0.7918728306260839,0.6096483796638339,-0.00390625,-0.015625,0.00390625,-0.01612710952758789,-0.029279708862304688,-0.16861629486083984
613,991000000,imu1_frame,0.03418113293872888,-0.008306231085365599,-0.7919055384333634,0.6096296210608094,-0.00390625,-0.015625,0.00390625,0.008250653743743896,-0.0007406473159790039,-0.13012027740478516
614,11000000,imu1_frame,0.035095616773875495,-0.010065900073024407,-0.791815923574891,0.6096675475308028,-0.00390625,-0.015625,0.00390625,0.0013679862022399902,-0.03888481855392456,-0.1673116683959961
614,31000000,imu1_frame,0.03405781450900173,-0.008322510785417896,-0.7918802184236255,0.6096691896056813,-0.005859375,-0.015625,0.001953125,0.006124526262283325,0.0004545450210571289,-0.1693410873413086
614,51000000,imu1_frame,0.03531260129499865,-0.009782851929936987,-0.7918030019512352,0.6096764076942045,-0.005859375,-0.015625,0.001953125,0.008088856935501099,-0.037093281745910645,-0.16712284088134766
614,71000000,imu1_frame,0.033893794898126904,-0.00828175306375285,-0.791868682284954,0.6096938684699766,-0.005859375,-0.015625,0.001953125,0.004059791564941406,0.0030255913734436035,-0.1695728302001953
614,91000000,imu1_frame,0.032608514042702465,-0.006682005922421042,-0.7919303946339891,0.6097034407510211,-0.005859375,-0.015625,0.001953125,0.0032687485218048096,0.0040288567543029785,-0.13264846801757812
614,111000000,imu1_frame,0.03402525274854231,-0.007972406510622122,-0.7918795092960742,0.609676607445977,-0.005859375,-0.01171875,-0.001953125,0.009790629148483276,-0.032804787158966064,-0.1304330825805664
614,131000000,imu1_frame,0.034602528055300404,-0.009867136509279126,-0.7918280431936378,0.6096832412666631,-0.005859375,-0.01171875,-0.001953125,-0.0038900375366210938,-0.029945075511932373,-0.1289987564086914
614,151000000,imu1_frame,0.03416674417783062,-0.00791678529988607,-0.7919067441820926,0.609634043194538,-0.005859375,-0.01171875,-0.001953125,0.012668907642364502,0.005456089973449707,-0.1693248748779297
614,171000000,imu1_frame,0.03481582967074563,-0.009819812169771437,-0.7918151579651456,0.6096885966703984,0.001953125,0.001953125,0.00390625,-3.4362077713012695e-05,-0.031755805015563965,-0.16778945922851562
614,191000000,imu1_frame,0.03284622953596096,-0.009887032899731415,-0.7918302589605608,0.6097771828956554,0.001953125,0.001953125,0.00390625,0.007735222578048706,-0.009383738040924072,-0.13521289825439453
614,211000000,imu1_frame,0.03368780760503834,-0.00806376270536144,-0.791838699038362,0.6097471459999069,0.001953125,0.001953125,0.00390625,-0.03562161326408386,-0.03023773431777954,-0.13475894927978516
614,231000000,imu1_frame,0.035141054548078386,-0.009464974680764317,-0.7917437366879209,0.6097682969415432,0.001953125,0.001953125,0.00390625,0.009164303541183472,-0.03018110990524292,-0.1284170150756836
614,251000000,imu1_frame,0.03368290948765599,-0.008098670339676848,-0.7918027117665051,0.6097936854267881,0.0,-0.001953125,0.001953125,0.002918332815170288,0.008317410945892334,-0.13084793090820312
614,271000000,imu1_frame,0.03523756690038437,-0.009343667569009643,-0.7917224635977428,0.6097922190304017,0.0,-0.001953125,0.001953125,0.012084811925888062,-0.02946650981903076,-0.1673908233642578
614,291000000,imu1_frame,0.033848528803964606,-0.007909278026703511,-0.7917820414458897,0.6098138398418674,0.0,-0.001953125,0.001953125,0.007722288370132446,-0.029797911643981934,-0.13068866729736328
614,311000000,imu1_frame,0.03484991618461521,-0.009641689315941976,-0.7917004988990409,0.6098383730235987,0.0,-0.001953125,0.001953125,0.0025097131729125977,-0.029485583305358887,-0.12874889373779297
614,331000000,imu1_frame,0.03390238479275954,-0.007924668212672159,-0.7917457888604479,0.6098577159967968,0.00390625,0.001953125,0.00390625,0.00834164023399353,0.00836092233657837,-0.13061237335205078
614,351000000,imu1_frame,0.034877693846561295,-0.009708587642185294,-0.7916511351271324,0.6098998032872798,0.00390625,0.001953125,0.00390625,0.0020967423915863037,-0.030884385108947754,-0.12868595123291016
614,371000000,imu1_frame,0.033946120600829056,-0.007984207716333066,-0.7916963920782654,0.6099186307152407,0.00390625,0.001953125,0.00390625,0.008266478776931763,0.0068852901458740234,-0.13053512573242188
614,391000000,imu1_frame,0.03512074566684955,-0.00964719510346139,-0.7916004795483514,0.6099525765412096,0.00390625,0.001953125,0.00390625,0.006545007228851318,-0.03285861015319824,-0.16743850708007812
614,411000000,imu1_frame,0.03387011669623683,-0.008067193898575967,-0.791687130225706,0.6099337860887626,-0.001953125,-0.009765625,-0.001953125,0.006092339754104614,0.00649869441986084,-0.16967296600341797
614,431000000,imu1_frame,0.03512690097389137,-0.009584276548244418,-0.791631561631756,0.6099128733675693,-0.001953125,-0.009765625,-0.001953125,0.007419228553771973,-0.03193700313568115,-0.16745376586914062
614,451000000,imu1_frame,0.033777767229294105,-0.008079830008279361,-0.7917181482938397,0.6098984771666631,-0.001953125,-0.009765625,-0.001953125,0.004538536071777344,-0.03163987398147583,-0.13072872161865234
614,471000000,imu1_frame,0.032567014023376376,-0.006445927678105529,-0.7917880079076285,0.6098930973110281,-0.00390625,-0.005859375,0.0,0.005325376987457275,0.008075088262557983,-0.13276290893554688
614,491000000,imu1_frame,0.033868145101593354,-0.007938407275054458,-0.791706476314784,0.609910473593085,-0.001953125,0.005859375,0.001953125,0.0076132118701934814,-0.030534207820892334,-0.13065338134765625
614,511000000,imu1_frame,0.03492084272919529,-0.00960521049577993,-0.791622466110159,0.6099361817633749,-0.001953125,0.005859375,0.001953125,0.0039705634117126465,-0.02981865406036377,-0.12866592407226562
614,531000000,imu1_frame,0.03309250244287114,-0.008836857762086037,-0.7916685384215089,0.6099899355731315,-0.001953125,0.005859375,0.001953125,0.02392306923866272,-0.03523659706115723,-0.13527965545654297
614,551000000,imu1_frame,0.03140442806440129,-0.008154035968343803,-0.7916938136292796,0.6100558819128806,0.009765625,0.017578125,0.00390625,0.0059470534324646,-0.004586756229400635,-0.1376352310180664
614,571000000,imu1_frame,0.03357159389769941,-0.008452965053848216,-0.7916141743243671,0.6100397482735997,0.009765625,0.017578125,0.00390625,-0.003192692995071411,0.004031181335449219,-0.13087940216064453
614,591000000,imu1_frame,0.03570508068112548,-0.00890988782160168,-0.7915270256704381,0.6100251869766283,0.009765625,0.017578125,0.00390625,0.024313658475875854,-0.02845466136932373,-0.12783432006835938
614,611000000,imu1_frame,0.03394459498952608,-0.008507255914305272,-0.7915503259615008,0.6101011986040084,0.009765625,0.017578125,0.00390625,0.0018796920776367188,-0.001287698745727539,-0.1694316864013672
614,631000000,imu1_frame,0.03582612324943989,-0.009140066721651055,-0.7914673900971694,0.6100920573864362,0.0,-0.001953125,0.00390625,0.023387879133224487,-0.033495426177978516,-0.16664695739746094
614,651000000,imu1_frame,0.03391855824373426,-0.008524080865946002,-0.7915041431478621,0.6101623249855942,0.0,-0.001953125,0.00390625,0.0012355148792266846,-0.0012705326080322266,-0.13039779663085938
614,671000000,imu1_frame,0.03290339000988489,-0.006806079169099134,-0.7915486168534789,0.6101818018996843,0.0,-0.001953125,0.00390625,0.006045430898666382,-0.0016629695892333984,-0.13223838806152344
614,691000000,imu1_frame,0.03402398423321975,-0.008465224991519416,-0.7914569698278168,0.6102184636453659,0.0,-0.001953125,0.00390625,0.0035272538661956787,-0.04070854187011719,-0.1302776336669922
614,711000000,imu1_frame,0.03285375991763809,-0.006800057972061784,-0.7915149781828406,0.6102281778016059,-0.00390625,-0.00390625,0.001953125,0.005321711301803589,-0.0010032951831817627,-0.13230419158935547
614,731000000,imu1_frame,0.034087759283491795,-0.008318041479794844,-0.7914360803519604,0.6102440213308906,-0.00390625,-0.00390625,0.001953125,0.006251424551010132,-0.00014322996139526367,-0.16930294036865234
614,751000000,imu1_frame,0.035810755395360064,-0.007399391083992755,-0.7914103314817679,0.6101905653429249,-0.00390625,-0.00390625,0.001953125,0.004791975021362305,-0.0064430832862854,-0.13207530975341797
614,771000000,imu1_frame,0.03427521368045316,-0.008735377315544331,-0.7913965378095059,0.6102789713347836,-0.00390625,-0.00390625,0.001953125,0.004141181707382202,-0.008852958679199219,-0.1689128875732422
614,791000000,imu1_frame,0.036053254793444955,-0.007781100198903158,-0.7913820499002511,0.6102082172456955,0.0,0.001953125,0.0,0.04303058981895447,-0.015248656272888184,-0.1667776107788086
614,811000000,imu1_frame,0.034266279016376903,-0.008625315370238315,-0.7913985833517436,0.610278385923989,0.0,0.001953125,0.0,0.005317509174346924,-0.007043778896331787,-0.1298999786376953
614,831000000,imu1_frame,0.03622336445816461,-0.008137703298454918,-0.7913670253051585,0.6102129766827495,0.0,0.001953125,0.0,0.04139745235443115,-0.022795438766479492,-0.1273632049560547
614,851000000,imu1_frame,0.03434479642990799,-0.008600703217857879,-0.7913835074803256,0.6102938693371284,0.001953125,0.005859375,0.001953125,0.006812989711761475,-0.007607579231262207,-0.12980365753173828
614,871000000,imu1_frame,0.03247633827915668,-0.00921904188982321,-0.7913937617185092,0.6103738285932965,0.001953125,0.001953125,0.001953125,-0.02947506308555603,0.0050643086433410645,-0.13202857971191406
614,891000000,imu1_frame,0.034286485958823665,-0.008322196546650498,-0.7913680386497585,0.6103210674135937,0.001953125,0.001953125,0.001953125,-0.029844462871551514,-0.0026186108589172363,-0.172943115234375
614,911000000,imu1_frame,0.0360412031238015,-0.00732284918842816,-0.7913431683355066,0.6102650223352757,0.001953125,0.001953125,0.001953125,0.009212017059326172,-0.008050620555877686,-0.1317739486694336
614,931000000,imu1_frame,0.03412256113963691,-0.008162793847238793,-0.7913431963992208,0.6103646165453428,-0.001953125,-0.009765625,0.00390625,-0.03050142526626587,0.0017769932746887207,-0.13415050506591797
614,951000000,imu1_frame,0.03586042963051749,-0.0074065986284284225,-0.7913030366838426,0.6103266961377335,-0.001953125,-0.009765625,0.00390625,0.0053796470165252686,-0.007227122783660889,-0.1320028305053711
614,971000000,imu1_frame,0.037765364664518485,-0.0075035584723868376,-0.7912323302735372,0.6103022803266553,-0.001953125,-0.009765625,0.00390625,0.03363931179046631,-0.03142458200454712,-0.16829586029052734
614,991000000,imu1_frame,0.03568570375882189,-0.007417566380174592,-0.7912648522885934,0.61038630701298,-0.001953125,-0.009765625,0.00390625,0.0025115609169006348,-0.0053490400314331055,-0.13224506378173828
615,11000000,imu1_frame,0.03750812022945288,-0.007103996694039482,-0.7912199308370019,0.6103390002237394,-0.005859375,-0.013671875,0.001953125,0.034413039684295654,-0.022201061248779297,-0.12972640991210938
615,31000000,imu1_frame,0.035368573170625285,-0.00710003234702529,-0.7912635715144455,0.6104102013947257,-0.005859375,-0.013671875,0.001953125,0.04045340418815613,-0.03573274612426758,-0.12886905670166016
615,51000000,imu1_frame,0.03323052085195619,-0.007060405657672347,-0.7913044171912061,0.6104778476648781,-0.005859375,-0.013671875,0.001953125,0.007874280214309692,-0.009658634662628174,-0.13174724578857422
615,71000000,imu1_frame,0.03428912062007176,-0.008692491793304691,-0.7912281794716932,0.6104970637140162,-0.005859375,-0.013671875,0.001953125,0.004717499017715454,-0.008472323417663574,-0.16891002655029297
615,91000000,imu1_frame,0.036200791838317994,-0.0080147825824343,-0.7912017982184658,0.6104301601545434,-0.001953125,0.00390625,0.0,0.042363256216049194,-0.0207521915435791,-0.16649627685546875
615,111000000,imu1_frame,0.03433963338250761,-0.008644428765541369,-0.7912246727311665,0.610499451835897,-0.001953125,0.00390625,0.0,0.006070137023925781,-0.00833350419998169,-0.16885852813720703
615,131000000,imu1_frame,0.03269232109139449,-0.007515422716269908,-0.7912887803480465,0.6105217413478031,-0.001953125,0.00390625,0.0,-0.005896657705307007,0.028762400150299072,-0.1323099136352539
615,151000000,imu1_frame,0.03435602517835508,-0.008604894819479257,-0.7912217663773998,0.6105028548088184,-0.001953125,0.00390625,0.0,0.006792306900024414,-0.00791865587234497,-0.12978649139404297
615,171000000,imu1_frame,0.03242744916228342,-0.008753977853236922,-0.7912689264171932,0.6105450962043304,0.001953125,0.005859375,-0.001953125,-0.024791032075881958,0.012754619121551514,-0.13225364685058594
615,191000000,imu1_frame,0.034476495843353654,-0.008580338441476787,-0.7912407038524376,0.610471864702782,0.001953125,0.005859375,-0.001953125,0.00896647572517395,-0.008958876132965088,-0.12963294982910156
615,211000000,imu1_frame,0.03606268295335801,-0.007270399087259566,-0.7912509681329659,0.6103839198602481,0.001953125,0.005859375,-0.001953125,0.010088145732879639,-0.007566213607788086,-0.1317577362060547
615,231000000,imu1_frame,0.034433248572499804,-0.008385654690060614,-0.7912576446735139,0.6104550531643479,0.001953125,0.001953125,0.0,-0.028426915407180786,-0.0054239630699157715,-0.13366127014160156
615,251000000,imu1_frame,0.03599319145348684,-0.00729803915535424,-0.791266445344046,0.6103676279637358,-0.001953125,-0.009765625,-0.001953125,0.008696824312210083,-0.007155418395996094,-0.13184833526611328
615,271000000,imu1_frame,0.03391896613921061,-0.007147883448092207,-0.7913334488024362,0.6104013305233711,-0.001953125,-0.009765625,-0.001953125,0.017508983612060547,-0.0191802978515625,-0.13081836700439453
615,291000000,imu1_frame,0.034469370368457014,-0.009083571046060541,-0.7912828857196605,0.6104103095546634,-0.001953125,-0.009765625,-0.001953125,0.0028907358646392822,-0.016623318195343018,-0.1685314178466797
615,311000000,imu1_frame,0.03423952095406768,-0.007117957601341586,-0.7913194237455035,0.6104019655010179,0.0,-0.00390625,0.00390625,0.02281486988067627,0.01652204990386963,-0.1694622039794922
615,331000000,imu1_frame,0.03617901260299858,-0.007453629932584573,-0.7912422480646971,0.610386129696133,0.0,-0.00390625,0.00390625,0.009694516658782959,-0.01178830862045288,-0.13154125213623047
615,351000000,imu1_frame,0.03417282289078419,-0.007205028061125124,-0.791273482670303,0.610464234307894,0.0,-0.00390625,0.00390625,0.020705103874206543,-0.02312690019607544,-0.1695270538330078
615,371000000,imu1_frame,0.034305259412851785,-0.009224283101119881,-0.7911926041136065,0.610534458465546,0.0,-0.00390625,0.00390625,-0.0014093220233917236,-0.016908764839172363,-0.1296396255493164
615,391000000,imu1_frame,0.0342629001894782,-0.007241892211120787,-0.7912485296571654,0.6104910916493232,0.001953125,0.0,0.0,0.021637558937072754,0.014276564121246338,-0.13033390045166016
615,411000000,imu1_frame,0.03626247171775497,-0.007419778040443255,-0.791197302243475,0.6104398487659507,0.001953125,0.0,0.0,0.011349648237228394,-0.012292087078094482,-0.13143253326416016
615,431000000,imu1_frame,0.034283810034433676,-0.0073053658435832634,-0.7912474027179329,0.6104906221159662,0.001953125,0.0,0.0,-0.017859429121017456,0.01304548978805542,-0.17325687408447266
615,451000000,imu1_frame,0.036289367266043,-0.007434323294032311,-0.7911973770625987,0.6104379765298472,0.001953125,0.0,0.0,0.011592268943786621,-0.012836635112762451,-0.17045307159423828
615,471000000,imu1_frame,0.03431399655141785,-0.007173747295233313,-0.7912496885866985,0.6104875242802805,-0.001953125,0.001953125,0.0,-0.015819847583770752,0.014722585678100586,-0.17325401306152344
615,491000000,imu1_frame,0.03233593965374172,-0.0069047253990178244,-0.7912991986833242,0.6105344297719851,-0.001953125,0.001953125,0.0,-0.004116088151931763,0.0033894777297973633,-0.1719980239868164
615,511000000,imu1_frame,0.034319935024660894,-0.007138966957052841,-0.791248145392926,0.6104895982921774,-0.001953125,0.001953125,0.0,-0.015315026044845581,0.015189290046691895,-0.13419246673583984
615,531000000,imu1_frame,0.03233966988917883,-0.006906273015527697,-0.7912967868627547,0.6105373405821908,-0.001953125,0.001953125,0.0,-0.0040788352489471436,0.0033195912837982178,-0.13293075561523438
615,551000000,imu1_frame,0.034303849720770344,-0.007172395089078943,-0.791234064676252,0.6105083599254947,-0.001953125,0.0,0.001953125,0.023087680339813232,-0.024208784103393555,-0.13029861450195312
615,571000000,imu1_frame,0.03627095524841849,-0.007421393918937019,-0.7911685848158008,0.6104765442817848,-0.001953125,0.0,0.001953125,0.011435836553573608,-0.012440145015716553,-0.17048263549804688
615,591000000,imu1_frame,0.03459274064428741,-0.008511098477692273,-0.7911645524177501,0.6105649469917523,-0.001953125,0.0,0.001953125,0.011524289846420288,-0.00932610034942627,-0.1685619354248047
615,611000000,imu1_frame,0.03307349114428009,-0.009747155582382306,-0.7911733957018943,0.6106191899008055,0.001953125,0.00390625,-0.001953125,-0.026727676391601562,-0.010346531867980957,-0.17012977600097656
615,631000000,imu1_frame,0.03459987958802185,-0.008451932218282544,-0.7911880472723157,0.6105349187619755,-0.00390625,0.0,-0.001953125,0.012361288070678711,-0.008479416370391846,-0.16857147216796875
615,651000000,imu1_frame,0.03473377036859146,-0.0064265533194297515,-0.791250683035857,0.6104708192892633,-0.00390625,0.0,-0.001953125,-0.00040847063064575195,-0.01778090000152588,-0.17288494110107422
615,671000000,imu1_frame,0.03625893837664523,-0.007652641782731691,-0.791191695892064,0.6104444502270323,-0.00390625,0.0,-0.001953125,0.00851169228553772,-0.015853703022003174,-0.13136863708496094
615,691000000,imu1_frame,0.03471965483704143,-0.006448365338871942,-0.7912497594448444,0.6104725893362689,0.00390625,0.001953125,0.001953125,-0.0008876025676727295,0.021111249923706055,-0.1338367462158203
615,711000000,imu1_frame,0.03460988238794253,-0.004473161761099968,-0.7912913902011985,0.6104425301847886,0.00390625,0.001953125,0.001953125,0.0210152268409729,0.013925522565841675,-0.13440704345703125
615,731000000,imu1_frame,0.035528789496169555,-0.00628610764491854,-0.7912109733497472,0.6104779976531167,0.00390625,0.001953125,0.001953125,0.013535112142562866,0.013966977596282959,-0.1718282699584961
615,751000000,imu1_frame,0.03621756480586011,-0.008196492003851707,-0.791130208019761,0.6105195324287127,0.00390625,0.001953125,0.001953125,0.0013270378112792969,-0.02381455898284912,-0.13125896453857422
615,771000000,imu1_frame,0.03544829431633757,-0.006321433316834334,-0.7912007256855048,0.6104955934203076,-0.00390625,-0.00390625,0.0,0.011859804391860962,0.014369845390319824,-0.13286876678466797
615,791000000,imu1_frame,0.03347553500474033,-0.006863113796122371,-0.7912325106871134,0.6105599071810519,-0.00390625,-0.00390625,0.0,0.013960272073745728,-0.0095747709274292,-0.13148117065429688
615,811000000,imu1_frame,0.03498075718296814,-0.0056066150370699805,-0.7912300986898018,0.610491476944649,-0.00390625,-0.00390625,0.0,0.01317933201789856,-0.00805807113647461,-0.17274188995361328
615,831000000,imu1_frame,0.03447718551106441,-0.0075472994281040595,-0.791190691060507,0.6105502864873421,-0.00390625,-0.00390625,0.0,0.021259576082229614,0.006964445114135742,-0.1299571990966797
615,851000000,imu1_frame,0.03402633271773321,-0.009548004385277748,-0.7911353599729203,0.6106192647587847,-0.00390625,-0.009765625,0.001953125,-0.009640276432037354,-0.01863229274749756,-0.12989234924316406
615,871000000,imu1_frame,0.03321239432829005,-0.007709386931779591,-0.7911935626313268,0.6106146482576938,-0.00390625,-0.009765625,0.001953125,-0.00024321675300598145,-0.019552648067474365,-0.13158226013183594
615,891000000,imu1_frame,0.03267870206833847,-0.005786345759465238,-0.7912445039943616,0.6105986861536775,-0.00390625,-0.009765625,0.001953125,0.014490187168121338,0.016562968492507935,-0.13277721405029297
615,911000000,imu1_frame,0.033621660187616614,-0.007518935741290586,-0.791169287165885,0.6106260792145813,-0.00390625,-0.009765625,0.001953125,0.008341401815414429,0.017567098140716553,-0.1701669692993164
615,931000000,imu1_frame,0.03474663392956751,-0.009148904485109962,-0.7911123818525293,0.61061458241423,-0.001953125,-0.00390625,-0.001953125,0.006247401237487793,-0.021050333976745605,-0.16813278198242188
615,951000000,imu1_frame,0.033521017788115275,-0.007548002783117649,-0.7911960071867972,0.6105966321820852,-0.001953125,-0.00390625,-0.001953125,0.006460338830947876,-0.0207289457321167,-0.17029094696044922
615,971000000,imu1_frame,0.03217935949387572,-0.006037823630112824,-0.7912764512015357,0.6105813715486897,-0.001953125,-0.00390625,-0.001953125,0.003787904977798462,0.018640220165252686,-0.13335227966308594
615,991000000,imu1_frame,0.03364863944612153,-0.007491860065413988,-0.791217145868386,0.6105629117298808,0.005859375,0.01171875,-0.001953125,0.00912255048751831,-0.021364212036132812,-0.13107776641845703
616,11000000,imu1_frame,0.032222151733880794,-0.0061864045672646115,-0.7912790130351016,0.6105743074076768,0.00390625,0.01171875,0.0,0.002678781747817993,0.015835702419281006,-0.13326263427734375
616,31000000,imu1_frame,0.03363466283156379,-0.007663842537435043,-0.7912078233488413,0.6105736280297056,0.00390625,0.01171875,0.0,0.006846100091934204,0.015199542045593262,-0.1310443878173828
616,51000000,imu1_frame,0.032599551159848396,-0.005992650735336097,-0.7912707639575683,0.6105668968322364,0.00390625,0.01171875,0.0,0.010824203491210938,0.014333933591842651,-0.17189311981201172
616,71000000,imu1_frame,0.03352657086925334,-0.007750157272497268,-0.7912184404576987,0.6105647251419687,-0.001953125,-0.005859375,-0.001953125,0.004152625799179077,-0.02390366792678833,-0.17022323608398438
616,91000000,imu1_frame,0.03239929450607584,-0.0060801851769287105,-0.7912992028021325,0.6105398338425039,-0.001953125,-0.005859375,-0.001953125,0.0067033469676971436,0.015383780002593994,-0.13306522369384766
616,111000000,imu1_frame,0.03357999635230023,-0.007665593429271512,-0.7912458554646644,0.6105273284074579,-0.001953125,-0.005859375,-0.001953125,0.006011605262756348,0.015849649906158447,-0.17017841339111328
616,131000000,imu1_frame,0.032276889225345794,-0.006123489785201674,-0.791327106586553,0.6105097179211313,-0.001953125,-0.005859375,-0.001953125,0.004314392805099487,0.016190528869628906,-0.133209228515625
616,151000000,imu1_frame,0.03358056315895053,-0.007634922461951401,-0.7912605106552233,0.6105086879107973,0.0,-0.001953125,0.0,0.006398826837539673,-0.022735178470611572,-0.13112449645996094
616,171000000,imu1_frame,0.034737740288585575,-0.009262739112313656,-0.7911909212899172,0.6105116027826104,0.0,-0.001953125,0.0,0.004823148250579834,-0.022648751735687256,-0.1290416717529297
616,191000000,imu1_frame,0.03359023974306161,-0.007631137187689549,-0.7912617264131352,0.6105066271982077,0.0,-0.001953125,0.0,0.006595343351364136,0.016270875930786133,-0.13111305236816406
616,211000000,imu1_frame,0.032273894531633145,-0.006128848697101053,-0.7913295925388515,0.6105066002245221,0.0,-0.001953125,0.0,0.004206180572509766,0.016144871711730957,-0.1332111358642578
616,231000000,imu1_frame,0.03356094934139627,-0.007603019924091153,-0.7912632993712563,0.6105065501986461,-0.00390625,-0.001953125,0.0,0.006478309631347656,-0.022006690502166748,-0.13115978240966797
616,251000000,imu1_frame,0.032228700627835366,-0.00606370975706004,-0.7913313196801437,0.6105073994417315,-0.00390625,-0.001953125,0.0,0.004285484552383423,0.017691075801849365,-0.1332836151123047
616,271000000,imu1_frame,0.03350392081620366,-0.007547146299236836,-0.7912651686345217,0.61050795308371,-0.00390625,-0.001953125,0.0,0.006264060735702515,-0.020463168621063232,-0.13125133514404297
616,291000000,imu1_frame,0.032240698754071775,-0.005998776490643916,-0.7913435313478622,0.6104915784991302,0.0,0.001953125,-0.001953125,0.00525549054145813,0.01856088638305664,-0.1332845687866211
616,311000000,imu1_frame,0.03346313413886998,-0.007577243981083512,-0.7912777735036977,0.6104934800522326,0.0,-0.00390625,0.0,0.005284428596496582,-0.020434319972991943,-0.13129520416259766
616,331000000,imu1_frame,0.03467790307253073,-0.00916193221565416,-0.7912089523957994,0.6104931577710839,0.0,-0.00390625,0.0,0.005116134881973267,-0.020366251468658447,-0.12915897369384766
616,351000000,imu1_frame,0.033493219114531,-0.007555072557246345,-0.7912803659837564,0.6104887448271371,0.0,-0.00390625,0.0,0.006017178297042847,0.018614232540130615,-0.13126277923583984
616,371000000,imu1_frame,0.0347368774039347,-0.009142960178837355,-0.7911968380764701,0.6105057895263466,0.001953125,0.00390625,0.001953125,0.00624421238899231,-0.020783066749572754,-0.12908649444580078
616,391000000,imu1_frame,0.03350065603510954,-0.007649943962004386,-0.7912539565473355,0.610521384269857,0.005859375,0.001953125,0.001953125,0.004978001117706299,0.017040550708770752,-0.1312246322631836
616,411000000,imu1_frame,0.032414131648802684,-0.006044705875549671,-0.7913078403254284,0.6105282036399617,0.005859375,0.001953125,0.001953125,0.007363110780715942,0.01576182246208191,-0.1330547332763672
616,431000000,imu1_frame,0.03364328293898724,-0.0076914416553128615,-0.7912277112943795,0.6105470335020948,0.005859375,0.001953125,0.001953125,0.006667077541351318,0.01468437910079956,-0.1310253143310547
616,451000000,imu1_frame,0.03480886776880443,-0.009314539175449414,-0.7911447286871524,0.610566622372313,0.0,0.001953125,0.001953125,0.00526350736618042,-0.024327635765075684,-0.12892627716064453
616,471000000,imu1_frame,0.03292483096773837,-0.008692000559381016,-0.7911896368503012,0.6106221115982536,0.0,0.001953125,0.001953125,0.02264001965522766,-0.03132122755050659,-0.1746082305908203
616,491000000,imu1_frame,0.034933157493232544,-0.008556960076827975,-0.7911374175996911,0.6105800843587094,0.0,0.001953125,0.001953125,0.016219884157180786,-0.014103293418884277,-0.12902069091796875
616,511000000,imu1_frame,0.032959743917451344,-0.00869903466973432,-0.7911635704439128,0.6106539010594715,0.0,0.001953125,0.001953125,-0.015988588333129883,0.007199585437774658,-0.131591796875
616,531000000,imu1_frame,0.0349817244875691,-0.008535685442153686,-0.791123031784329,0.6105962410679256,0.0,0.00390625,0.0,0.017212331295013428,-0.014362633228302002,-0.12896251678466797
616,551000000,imu1_frame,0.033451425411582504,-0.007269919049360934,-0.7911901745930636,0.6106113805378561,0.0,0.00390625,0.0,0.008697360754013062,-0.015606522560119629,-0.13140010833740234
616,571000000,imu1_frame,0.03200439363526664,-0.005902257909711337,-0.7912551082671246,0.6106195507685511,0.0,0.00390625,0.0,0.0026818811893463135,0.022803962230682373,-0.1726665496826172
616,591000000,imu1_frame,0.03341385372150576,-0.007322150201479596,-0.7911873037826971,0.6106165333734186,0.0,0.00390625,0.0,0.007489591836929321,-0.015968024730682373,-0.13143444061279297
616,611000000,imu1_frame,0.0319082151123043,-0.006007352202523996,-0.7912539392351086,0.6106250741435246,0.0,-0.001953125,0.0,-6.148219108581543e-05,0.02232322096824646,-0.1336994171142578
616,631000000,imu1_frame,0.033243458177366146,-0.0074929724903338,-0.7911880466068502,0.6106227990814832,0.0,-0.001953125,0.0,0.002815037965774536,0.022482216358184814,-0.1316061019897461
616,651000000,imu1_frame,0.03522373295341825,-0.00743962806750818,-0.7911454430367911,0.6105676281405387,0.0,-0.001953125,0.0,-0.005006313323974609,-0.0002848505973815918,-0.17194080352783203
616,671000000,imu1_frame,0.03395888423313614,-0.009011260759369448,-0.7911309172368234,0.6106369323527603,0.0,-0.001953125,0.0,-0.004282772541046143,-0.009537935256958008,-0.13017654418945312
616,691000000,imu1_frame,0.03513429679472617,-0.007505229205458581,-0.7911372532356559,0.6105825900449959,-0.001953125,-0.009765625,0.001953125,0.03188255429267883,-0.00024127960205078125,-0.1290750503540039
616,711000000,imu1_frame,0.033103530178088474,-0.007081435985654331,-0.7911851762024115,0.6106390312710847,-0.001953125,-0.009765625,0.001953125,0.005559474229812622,-0.008556246757507324,-0.13190555572509766
616,731000000,imu1_frame,0.034746270461070206,-0.006131707289918406,-0.7911629817887489,0.6105867957153127,-0.001953125,-0.009765625,0.001953125,0.04229208827018738,-0.013437807559967041,-0.1690349578857422
616,751000000,imu1_frame,0.03288301313141297,-0.00718629443490661,-0.7911573382571947,0.6106857872437224,-0.00390625,-0.013671875,0.00390625,0.0008729100227355957,-0.007571756839752197,-0.17122268676757812
616,771000000,imu1_frame,0.03461895791077752,-0.0063158651613847505,-0.7911544682510196,0.610603181261678,0.0,-0.005859375,-0.001953125,0.03811734914779663,-0.014776170253753662,-0.16916275024414062
616,791000000,imu1_frame,0.03274408956361628,-0.007154505441146772,-0.7911888107979606,0.6106528500864067,0.0,-0.005859375,-0.001953125,-0.0008712410926818848,-0.0054051876068115234,-0.13234806060791016
616,811000000,imu1_frame,0.0341964519785665,-0.008510656872530178,-0.7911348471358204,0.6106257651287389,0.0,-0.005859375,-0.001953125,0.005370438098907471,-0.004624664783477783,-0.16909503936767578
616,831000000,imu1_frame,0.03591315513890023,-0.009482138473705182,-0.7910571021139771,0.6106136221318451,-0.001953125,-0.001953125,0.001953125,0.02027028799057007,-0.04011571407318115,-0.16639995574951172
616,851000000,imu1_frame,0.03412937003831855,-0.008530112788363953,-0.7911121930207755,0.6106585963780948,-0.001953125,-0.001953125,0.001953125,0.004080861806869507,-0.004143834114074707,-0.13011550903320312
616,871000000,imu1_frame,0.03597632920953858,-0.009208598654365786,-0.7910398456403313,0.6106364450773887,-0.001953125,-0.001953125,0.001953125,0.024495720863342285,-0.03665286302566528,-0.1664113998413086
616,891000000,imu1_frame,0.03407777407616362,-0.008516175643222596,-0.7910901653272745,0.6106902081979808,-0.001953125,-0.001953125,0.001953125,0.0034292936325073242,-0.003329753875732422,-0.1692514419555664
616,911000000,imu1_frame,0.035974925933362566,-0.009183971903580423,-0.7910174212530472,0.610665946846836,0.001953125,0.0,0.001953125,0.024747014045715332,-0.03627216815948486,-0.16642189025878906
616,931000000,imu1_frame,0.03409938943957522,-0.008548246115542345,-0.7910660217367945,0.6107198280567919,0.001953125,0.0,0.001953125,0.0033597052097320557,-0.004099369049072266,-0.13014888763427734
616,951000000,imu1_frame,0.03308542907374167,-0.006847879460671362,-0.7911221254706632,0.6107243596915707,0.001953125,0.0,0.001953125,0.008015096187591553,-0.004774868488311768,-0.17105579376220703
616,971000000,imu1_frame,0.03429835734900524,-0.008461483437758727,-0.7910410215384729,0.6107422764346363,0.001953125,0.0,0.001953125,0.007450997829437256,-0.005143105983734131,-0.1689748764038086
616,991000000,imu1_frame,0.035532850542228496,-0.010057615735686951,-0.7909798630481206,0.6107267123275625,0.001953125,0.001953125,-0.001953125,0.00744512677192688,-0.04453843832015991,-0.16671180725097656
617,11000000,imu1_frame,0.03433525468708538,-0.008481308555934835,-0.7910631880187223,0.6107112167402918,0.001953125,0.001953125,-0.001953125,0.007805556058883667,-0.0058737993240356445,-0.16891860961914062
617,31000000,imu1_frame,0.03540036558106044,-0.0101919875973688,-0.791002504176619,0.6107028540066439,0.001953125,0.001953125,-0.001953125,0.00381314754486084,-0.04502260684967041,-0.16684246063232422
617,51000000,imu1_frame,0.03442413447219504,-0.008505733379594123,-0.7910956623647607,0.6106638064051085,0.005859375,0.005859375,-0.00390625,0.008918076753616333,-0.007286012172698975,-0.1687908172607422
617,71000000,imu1_frame,0.03452457219567856,-0.010509250056517774,-0.7910479581072593,0.6106887403189046,0.001953125,0.001953125,-0.001953125,-0.013481885194778442,-0.03947317600250244,-0.16791152954101562
617,91000000,imu1_frame,0.0337812811802697,-0.008670228717602698,-0.7911277888143418,0.6106557736904927,0.001953125,0.001953125,-0.001953125,-0.002963840961456299,-0.041218698024749756,-0.13053035736083984
617,111000000,imu1_frame,0.03578994930067794,-0.008418190619453082,-0.7911017659888951,0.6105785858061195,0.001953125,0.001953125,-0.001953125,0.03110116720199585,-0.022176146507263184,-0.1278829574584961
617,131000000,imu1_frame,0.033811029685669014,-0.008664543834507116,-0.7911509869405747,0.6106241526624125,0.0,0.0,-0.001953125,-0.0024152398109436035,-0.0024064183235168457,-0.1304922103881836
617,151000000,imu1_frame,0.03577873572047444,-0.008408654383508272,-0.7910898624063806,0.6105947970623046,-0.001953125,0.0,0.00390625,0.03103053569793701,-0.02190423011779785,-0.12790203094482422
617,171000000,imu1_frame,0.03379832086584901,-0.008731282363551193,-0.7911006297075548,0.6106891450576533,-0.001953125,0.0,0.00390625,-0.003452599048614502,-0.003321349620819092,-0.16954994201660156
617,191000000,imu1_frame,0.03311311729459152,-0.006832958254072198,-0.7911417200789741,0.610697642778335,-0.001953125,0.0,0.00390625,0.008637577295303345,-0.004859805107116699,-0.17102336883544922
617,211000000,imu1_frame,0.03381268148916485,-0.00867267200387199,-0.7910532881589203,0.6107505076737848,-0.00390625,-0.001953125,0.00390625,-0.002573162317276001,-0.04168069362640381,-0.16955089569091797
617,231000000,imu1_frame,0.0318111840128929,-0.008292939443541598,-0.7910808886102461,0.6108275561913585,-0.00390625,-0.001953125,0.00390625,0.010079115629196167,-0.011967182159423828,-0.13708782196044922
617,251000000,imu1_frame,0.03375039176777102,-0.008533005290539786,-0.7910099377918118,0.6108120637240457,-0.00390625,-0.001953125,0.00390625,-0.0019078850746154785,0.0002518296241760254,-0.1696796417236328
617,271000000,imu1_frame,0.03301713724339543,-0.0066422718619452165,-0.7910516783499445,0.610821570552726,-0.00390625,-0.001953125,0.00390625,0.009355366230010986,-0.0008334815502166748,-0.17119789123535156
617,291000000,imu1_frame,0.03384739921252152,-0.008485895873025373,-0.7909859328379943,0.61083843787878,0.001953125,-0.001953125,0.0,0.00013434886932373047,-0.03925412893295288,-0.16956710815429688
617,311000000,imu1_frame,0.0357817321001956,-0.008996055902682579,-0.7909297151696831,0.6107936838963789,0.001953125,-0.001953125,0.0,0.02391916513442993,-0.031134366989135742,-0.12769794464111328
617,331000000,imu1_frame,0.033851106818464906,-0.008503441132605288,-0.7909877590234154,0.6108356236592494,0.001953125,-0.001953125,0.0,-1.5616416931152344e-05,-0.0005062222480773926,-0.1695566177368164
617,351000000,imu1_frame,0.03579533106000441,-0.008961415756296297,-0.7909327711139092,0.6107894390704706,0.001953125,-0.001953125,0.0,0.024545788764953613,-0.03075861930847168,-0.16675281524658203
617,371000000,imu1_frame,0.03385558911406613,-0.008491185505369514,-0.7910130137456461,0.6108028412994514,0.0,0.0,-0.00390625,0.00022214651107788086,-0.0003527402877807617,-0.1695547103881836
617,391000000,imu1_frame,0.03579576778399021,-0.00896595339561665,-0.7909802890309182,0.6107278093005323,0.0,0.0,-0.00390625,0.02454245090484619,-0.030799269676208496,-0.12768840789794922
617,411000000,imu1_frame,0.03385657268189784,-0.008493600902346899,-0.7910605788801005,0.6107411495648768,0.0,0.0,-0.00390625,0.00025027990341186523,-0.00036895275115966797,-0.16955280303955078
617,431000000,imu1_frame,0.031873146648531546,-0.008281903847314302,-0.7911315239393073,0.6107588922159497,0.0,0.0,-0.00390625,0.011211752891540527,-0.012501955032348633,-0.13701343536376953
617,451000000,imu1_frame,0.029970348507931843,-0.008094835505744715,-0.7911729249005891,0.6108041050555366,0.005859375,0.005859375,0.0,-0.01596352458000183,0.013074815273284912,-0.139373779296875
617,471000000,imu1_frame,0.03203533273646888,-0.008346502351061071,-0.7911257673341278,0.6107569840901985,0.005859375,0.005859375,0.0,-0.02611786127090454,0.023628413677215576,-0.17194652557373047
617,491000000,imu1_frame,0.03409780412432405,-0.008597352570332754,-0.7910752567295021,0.6107072649584523,0.005859375,0.005859375,0.0,0.0027565956115722656,-0.004832148551940918,-0.16919708251953125
617,511000000,imu1_frame,0.036118732959796764,-0.008853000555515286,-0.7910229621882525,0.6106551684882928,0.00390625,0.001953125,0.0,0.030927002429962158,-0.03286445140838623,-0.1663360595703125
617,531000000,imu1_frame,0.03415526749987786,-0.008587292983026348,-0.791085900954198,0.610690407172669,0.0,0.001953125,-0.001953125,0.0037758946418762207,-0.0053539276123046875,-0.16912364959716797
617,551000000,imu1_frame,0.03613492466210378,-0.008935422713245657,-0.7910427493743896,0.610627377459287,0.0,0.001953125,-0.001953125,0.030212342739105225,-0.03431594371795654,-0.16628551483154297
617,571000000,imu1_frame,0.03418753713447991,-0.008569485474564242,-0.7911081852781188,0.6106599834681665,0.0,0.001953125,-0.001953125,0.0045074522495269775,-0.0054471492767333984,-0.13002395629882812
617,591000000,imu1_frame,0.036053056216034655,-0.009204764722066163,-0.7910365391262674,0.6106362609696806,-0.001953125,-0.001953125,0.001953125,0.025725722312927246,-0.03750878572463989,-0.1272420883178711
617,611000000,imu1_frame,0.0341370881265144,-0.008557719249253127,-0.7910860745037968,0.6106916139768638,-0.001953125,-0.001953125,0.001953125,0.0038477182388305664,-0.004680454730987549,-0.1300954818725586
617,631000000,imu1_frame,0.03603358691502507,-0.009080643193353928,-0.7910169527233751,0.6106646404021259,-0.001953125,-0.001953125,0.001953125,0.02688729763031006,-0.03537362813949585,-0.16637611389160156
617,651000000,imu1_frame,0.03408057703884571,-0.008549151909056595,-0.7910639978419379,0.6107234870124659,-0.001953125,-0.001953125,0.001953125,0.003056079149246216,-0.0038909316062927246,-0.1301736831665039
617,671000000,imu1_frame,0.036003029640805574,-0.0090428972326098,-0.7910076181560894,0.6106790940300427,0.0,-0.001953125,0.0,0.02685624361038208,-0.034433722496032715,-0.12737083435058594
617,691000000,imu1_frame,0.034054286766843356,-0.008556395723696198,-0.7910657081168164,0.6107226367891244,0.0,-0.001953125,0.0,0.0025644004344940186,-0.0036888718605041504,-0.13020610809326172
617,711000000,imu1_frame,0.03598922728319835,-0.00898361875237381,-0.7910109515473971,0.6106764647878216,0.0,-0.001953125,0.0,0.02735331654548645,-0.03335118293762207,-0.166473388671875
617,731000000,imu1_frame,0.034028084270490616,-0.008562320209976947,-0.7910674533408614,0.6107217536802715,0.0,-0.001953125,0.0,0.0020897984504699707,-0.0034674406051635742,-0.16930198669433594
617,751000000,imu1_frame,0.03595829992811168,-0.00894861733464297,-0.7910027467925391,0.6106894280079982,0.0,-0.00390625,0.001953125,0.02728492021560669,-0.032448530197143555,-0.16652870178222656
617,771000000,imu1_frame,0.03397403033200534,-0.008565947036394236,-0.7910473867455309,0.6107507034277051,0.0,-0.00390625,0.001953125,0.0011924207210540771,-0.002893984317779541,-0.13031005859375
617,791000000,imu1_frame,0.03303666383676934,-0.006808634474220327,-0.7911039580671821,0.610750971239155,0.0,-0.00390625,0.001953125,0.007714182138442993,-0.003600478172302246,-0.1711282730102539
617,811000000,imu1_frame,0.03413630983136918,-0.008460825749927863,-0.7910133946009603,0.6107871448717562,-0.001953125,-0.005859375,0.00390625,0.00492742657661438,-0.04228633642196655,-0.1691913604736328
617,831000000,imu1_frame,0.03300309313162578,-0.006844018501229922,-0.7910598739573966,0.6108094883586928,0.001953125,-0.005859375,0.00390625,0.006736457347869873,-0.0037788450717926025,-0.17116260528564453
617,851000000,imu1_frame,0.03421489859645551,-0.008457922650351531,-0.790968863130958,0.6108404552874628,0.001953125,-0.005859375,0.00390625,0.0061386823654174805,-0.004145622253417969,-0.16908740997314453
617,871000000,imu1_frame,0.0357396044605022,-0.009759334464929423,-0.7908765627421568,0.6108532545292361,0.001953125,-0.005859375,0.00390625,0.014106303453445435,-0.042463481426239014,-0.16653919219970703
617,891000000,imu1_frame,0.03417677345818926,-0.008420727145313483,-0.79093659119575,0.6108848894988144,-0.005859375,-0.001953125,0.001953125,0.00596502423286438,-0.0031403303146362305,-0.16915130615234375
617,911000000,imu1_frame,0.0357334513459403,-0.009700649227374897,-0.7908541833019993,0.6108835229511451,0.001953125,0.0,0.001953125,0.014690607786178589,-0.04149973392486572,-0.16657066345214844
617,931000000,imu1_frame,0.034161352605984546,-0.008499715045705927,-0.7909118855729854,0.6109166441435823,0.001953125,0.0,0.001953125,0.004761695861816406,-0.0041945576667785645,-0.1300830841064453
617,951000000,imu1_frame,0.035976284439744446,-0.009369447683115149,-0.7908351956660609,0.6108990208732105,0.001953125,0.0,0.001953125,0.022383183240890503,-0.039286673069000244,-0.1663532257080078
617,971000000,imu1_frame,0.03416244176144187,-0.008516104221868749,-0.7909126149115088,0.6109154107694599,0.0,-0.001953125,-0.001953125,0.004583567380905151,-0.004460275173187256,-0.16913890838623047
617,991000000,imu1_frame,0.03305968539360203,-0.006849366404429145,-0.7909937660643913,0.6108919752532399,0.0,-0.001953125,-0.001953125,0.007493853569030762,-0.0045816898345947266,-0.17108821868896484
618,11000000,imu1_frame,0.033033297577987245,-0.008861398121478013,-0.7909536775227164,0.610919435676872,0.0,-0.001953125,-0.001953125,-0.016971200704574585,-0.03538626432418823,-0.13144207000732422
618,31000000,imu1_frame,0.034988091100004864,-0.008545521179973445,-0.7909327478266597,0.6108422021801622,0.0,-0.001953125,-0.001953125,0.01702219247817993,-0.014727115631103516,-0.1680126190185547
618,51000000,imu1_frame,0.03311851105067524,-0.008789303621982488,-0.7909510903153082,0.6109192132325288,0.001953125,0.01171875,0.001953125,-0.014793992042541504,0.003773331642150879,-0.17041873931884766
618,71000000,imu1_frame,0.03519153761600254,-0.008406778881265248,-0.7909012018446414,0.6108732852808056,0.001953125,0.01171875,0.001953125,0.02179732918739319,-0.015027463436126709,-0.12871742248535156
618,91000000,imu1_frame,0.033340263189832735,-0.008757472647281286,-0.7909165739312449,0.6109522948677144,0.001953125,0.01171875,0.001953125,-0.011013537645339966,0.0016016364097595215,-0.13107967376708984
618,111000000,imu1_frame,0.03541025285036063,-0.008361708114835173,-0.7908667407915657,0.6109058799358558,0.001953125,0.01171875,0.001953125,0.025687575340270996,-0.016959190368652344,-0.12842941284179688
618,131000000,imu1_frame,0.03351643196765829,-0.00871728633600042,-0.7908840131466035,0.6109853807221713,0.0,0.0078125,0.001953125,-0.007837086915969849,0.00010305643081665039,-0.13086318969726562
618,151000000,imu1_frame,0.035546750968110434,-0.008349888774018467,-0.7908348042544797,0.6109394570928052,0.0,0.0078125,0.001953125,0.02791115641593933,-0.018424510955810547,-0.12824440002441406
618,171000000,imu1_frame,0.03364931388292564,-0.00867833297645866,-0.7908531128299999,0.611018628307728,0.0,0.0078125,0.001953125,-0.005343496799468994,-0.0008984804153442383,-0.13070106506347656
618,191000000,imu1_frame,0.035637632208423656,-0.008421178379330051,-0.7908047510736419,0.6109720849634915,0.001953125,0.0,0.001953125,0.028438538312911987,-0.020629823207855225,-0.12809371948242188
618,211000000,imu1_frame,0.033668853834732726,-0.008682769229239974,-0.7908536252779862,0.6110168256150021,0.001953125,0.0,-0.001953125,-0.005093783140182495,-0.0011993050575256348,-0.1306743621826172
618,231000000,imu1_frame,0.035669581271989194,-0.008544714229008417,-0.7908255396958146,0.6109415967139977,0.001953125,0.0,-0.001953125,0.027476578950881958,-0.022903144359588623,-0.16707134246826172
618,251000000,imu1_frame,0.03368623743939717,-0.008625164199221085,-0.790879800098397,0.6109828031508191,0.001953125,0.0,-0.001953125,-0.004114121198654175,-0.000498354434967041,-0.13067054748535156
618,271000000,imu1_frame,0.03567781076297355,-0.008512120140105545,-0.7908387088734626,0.6109245241249008,0.0,0.0,0.0,0.028005093336105347,-0.022487878799438477,-0.1280078887939453
618,291000000,imu1_frame,0.033684245933085756,-0.008625300025334648,-0.7908798389507936,0.6109828607387929,0.0,0.0,0.0,-0.004146456718444824,-0.000476837158203125,-0.13067340850830078
618,311000000,imu1_frame,0.03310046513915494,-0.006713658830023752,-0.7909431923309641,0.6109567517410616,0.0,0.0,0.0,0.009703516960144043,-0.003005474805831909,-0.17107105255126953
618,331000000,imu1_frame,0.03417283636210843,-0.008400958050425074,-0.7908747730777342,0.6109654118426394,0.0,0.0,0.0,0.006085187196731567,-0.002830684185028076,-0.13010025024414062
618,351000000,imu1_frame,0.03524564974957046,-0.010088844294108607,-0.7908031578481283,0.6109716236716467,0.0,0.0,0.0,0.002461731433868408,-0.04172658920288086,-0.12803363800048828
618,371000000,imu1_frame,0.03417334269655705,-0.008401748627601445,-0.7908747401870097,0.6109654152266494,0.0,0.0,0.0,0.006084024906158447,-0.002849578857421875,-0.13009929656982422
618,391000000,imu1_frame,0.03524590815604113,-0.010089755698843562,-0.7908031256233873,0.6109716354238344,0.0,0.0,0.0,0.002454787492752075,-0.041743695735931396,-0.12803363800048828
618,411000000,imu1_frame,0.03345437332363622,-0.009207232017160095,-0.7908665686709319,0.611004175388983,0.0,0.0,0.0,0.02439984679222107,-0.04580187797546387,-0.13467884063720703
618,431000000,imu1_frame,0.031662660067813445,-0.00832465815282542,-0.7909268546054461,0.6110342761973377,0.0,0.0,0.0,0.00727468729019165,-0.01078718900680542,-0.13726139068603516
618,451000000,imu1_frame,0.03364823326181185,-0.008540210093014304,-0.7908800111087084,0.6109858175429402,0.0,0.0,0.0,-0.0036880075931549072,0.0012676119804382324,-0.16981220245361328
618,471000000,imu1_frame,0.035636887756712005,-0.008695362920284238,-0.7908315948844121,0.610933540925097,0.0,0.0,0.0,0.025177717208862305,-0.02483689785003662,-0.1280040740966797
618,491000000,imu1_frame,0.03364612094796017,-0.008579613679232625,-0.7908789300110339,0.610986781230881,0.0,0.0,0.0,-0.004191398620605469,0.0006822943687438965,-0.1698007583618164
618,511000000,imu1_frame,0.035636715052310475,-0.008695323563744554,-0.7908315999301974,0.6109335450278098,0.0,0.0,0.0,0.025175541639328003,-0.024834275245666504,-0.1670665740966797
618,531000000,imu1_frame,0.033645943264392644,-0.008579620136056695,-0.7908789336148486,0.6109867862600713,0.0,0.0,0.0,-0.004194200038909912,0.0006843209266662598,-0.1698017120361328
618,551000000,imu1_frame,0.03563654000114219,-0.008695288196583823,-0.7908316049240048,0.6109335492778639,0.0,0.0,0.0,0.025173276662826538,-0.02483159303665161,-0.1670675277709961
618,571000000,imu1_frame,0.033645762541846556,-0.008579629447583734,-0.7908789371976754,0.6109867914436411,0.0,0.0,0.0,-0.004197180271148682,0.0006864666938781738,-0.1698017120361328
618,591000000,imu1_frame,0.035636361905380345,-0.008695253095338086,-0.7908316099767029,0.6109335536254438,0.0,0.0,0.0,0.02517092227935791,-0.024828970432281494,-0.1670675277709961
618,611000000,imu1_frame,0.03364691285811516,-0.008540142303407106,-0.7908800411827067,0.610985852277609,0.0,0.0,0.0,-0.0037068724632263184,0.0012835264205932617,-0.1307516098022461
618,631000000,imu1_frame,0.03563562073374004,-0.008695164187093606,-0.790831629462688,0.6109335728997634,0.0,0.0,0.0,0.025160491466522217,-0.024818718433380127,-0.1280059814453125
618,651000000,imu1_frame,0.03364618889481153,-0.00854010091642819,-0.790880057804567,0.6109858712083582,0.0,0.0,0.0,-0.003717571496963501,0.0012928247451782227,-0.1307516098022461
618,671000000,imu1_frame,0.03563492662357724,-0.008695081893817836,-0.7908316476861941,0.610933590968226,0.0,0.0,0.0,0.025150775909423828,-0.024809181690216064,-0.1280069351196289
618,691000000,imu1_frame,0.03364411334963065,-0.008579605388365191,-0.7908789730858335,0.61098683614215,0.0,0.0,0.0,-0.00422242283821106,0.0007064938545227051,-0.16980361938476562
618,711000000,imu1_frame,0.0356347278819946,-0.008695043293876189,-0.7908316533093454,0.6109335958309227,0.0,0.0,0.0,0.0251481831073761,-0.024806201457977295,-0.1670694351196289
618,731000000,imu1_frame,0.033643908700045286,-0.008579611348781789,-0.7908789772812048,0.6109868418968795,0.0,0.0,0.0,-0.004225671291351318,0.0007088184356689453,-0.16980361938476562
618,751000000,imu1_frame,0.03563852265188221,-0.008613153208806651,-0.7908338126718103,0.6109317392556726,0.0,0.0,0.0,0.026186496019363403,-0.02358466386795044,-0.12802886962890625
618,771000000,imu1_frame,0.033967324792594296,-0.007522732915562035,-0.7909018037834902,0.6109533256378403,0.0,0.0,0.0,0.013416707515716553,-0.025858759880065918,-0.1697101593017578
618,791000000,imu1_frame,0.03474344999906328,-0.009363568807147091,-0.7908337033996105,0.6109723969449138,0.0,0.0,0.0,0.003381192684173584,-0.02452385425567627,-0.1680593490600586
618,811000000,imu1_frame,0.033967794388555725,-0.007523600129587122,-0.7909017702480464,0.6109533322635808,0.0,0.0,0.0,0.013413488864898682,0.013184964656829834,-0.169708251953125
618,831000000,imu1_frame,0.03455159861427122,-0.009436724292737876,-0.7908360195540522,0.6109791530352927,0.0,0.0,0.0,-0.0004578232765197754,-0.023368537425994873,-0.12922954559326172
618,851000000,imu1_frame,0.034260764302904166,-0.00745966998122348,-0.7908972780031993,0.6109435726810474,0.0,0.0,0.0,0.018704652786254883,0.010681748390197754,-0.16933727264404297
618,871000000,imu1_frame,0.034551675368733714,-0.009437579280734262,-0.7908359934987718,0.6109791692139299,0.0,0.0,0.0,-0.0004668235778808594,-0.02338278293609619,-0.16829204559326172
618,891000000,imu1_frame,0.0342609375913886,-0.007460483030840017,-0.7908972523209179,0.6109435862823408,0.0,0.0,0.0,0.018697470426559448,0.010667204856872559,-0.16933631896972656
618,911000000,imu1_frame,0.034318389871033764,-0.009460423918460194,-0.790840640458992,0.6109859490154859,0.0,0.0,0.0,-0.004344075918197632,-0.020955264568328857,-0.12953472137451172
618,931000000,imu1_frame,0.03458855080011412,-0.007478821771984686,-0.790889724469634,0.6109346471651426,0.0,0.0,0.0,0.02353951334953308,0.006478488445281982,-0.16888999938964844
618,951000000,imu1_frame,0.03431831409865381,-0.0094608102408954,-0.7908406310989919,0.610985959404928,0.0,0.0,0.0,-0.004349768161773682,-0.020960450172424316,-0.16859817504882812
618,971000000,imu1_frame,0.03458851875307568,-0.007479196389983978,-0.7908897150721726,0.6109346565590185,0.0,0.0,0.0,0.023534566164016724,0.006473064422607422,-0.16888999938964844
618,991000000,imu1_frame,0.032689475975872004,-0.006871048837149861,-0.7909479343907629,0.6109709910718232,0.0,0.0,0.0,0.0014710426330566406,-0.0005405545234680176,-0.13249588012695312
619,11000000,imu1_frame,0.03409597647740931,-0.008286962235178,-0.7908798458046103,0.6109646963164406,0.0,0.0,0.0,0.0062618255615234375,-0.0001506805419921875,-0.16930198669433594
619,31000000,imu1_frame,0.035502120659258396,-0.009702485020872956,-0.7908086186840348,0.6109559639026072,0.0,0.0,0.0,0.011047154664993286,-0.03880733251571655,-0.16689205169677734
619,51000000,imu1_frame,0.03409612196772825,-0.00828710139447912,-0.7908798388115623,0.6109646953618816,0.0,0.0,0.0,0.006262928247451782,-0.00015532970428466797,-0.16930198669433594
619,71000000,imu1_frame,0.03518469798879673,-0.009962447279065768,-0.7908084471019576,0.610970364799995,0.0,0.0,0.0,0.0030330121517181396,-0.039044976234436035,-0.12816810607910156
619,91000000,imu1_frame,0.03409711861673625,-0.008288571899900175,-0.7908797766783371,0.6109647002234416,0.0,0.0,0.0,0.006260722875595093,-0.00018990039825439453,-0.13023853302001953
619,111000000,imu1_frame,0.03502611183803137,-0.010013936580760245,-0.790802317648886,0.6109865685633495,-0.005859375,-0.015625,0.001953125,-4.06801700592041e-05,-0.03795689344406128,-0.12836551666259766
619,131000000,imu1_frame,0.03395314009594795,-0.008288660183959622,-0.7908666591165031,0.6109896970390587,-0.005859375,-0.015625,0.001953125,0.004020988941192627,0.0015138983726501465,-0.13042926788330078
619,151000000,imu1_frame,0.032769320480047104,-0.006623646575266298,-0.7909280781644161,0.6109951506456212,-0.005859375,-0.015625,0.001953125,0.005644321441650391,0.002318084239959717,-0.17152118682861328
619,171000000,imu1_frame,0.03383323107907143,-0.008250910804785645,-0.7908534740368529,0.6110139258228755,-0.005859375,-0.015625,0.001953125,0.002605050802230835,0.0035161972045898438,-0.1305999755859375
619,191000000,imu1_frame,0.035532122593152644,-0.009388354744051577,-0.7907692570225372,0.6110100729179919,0.001953125,0.009765625,0.001953125,0.015225082635879517,-0.034340083599090576,-0.12790393829345703
619,211000000,imu1_frame,0.03394573196208065,-0.00826174800055475,-0.7908212789024234,0.6110492088503751,0.001953125,0.009765625,0.001953125,0.004188358783721924,0.0019860267639160156,-0.1304473876953125
619,231000000,imu1_frame,0.03289640062168895,-0.0065784292283692656,-0.7908739305364609,0.6110588982191762,0.001953125,0.009765625,0.001953125,0.008106023073196411,0.0014654099941253662,-0.1323070526123047
619,251000000,imu1_frame,0.03372968195171768,-0.008417054475311199,-0.7908060199872753,0.6110788005660813,0.00390625,0.0078125,0.0,-0.0010218620300292969,-0.03691303730010986,-0.13068294525146484
619,271000000,imu1_frame,0.03297307705796854,-0.006564467963004039,-0.7908566543724691,0.6110772751334128,0.001953125,0.009765625,0.001953125,0.009444594383239746,0.0007558763027191162,-0.13221168518066406
619,291000000,imu1_frame,0.034155086099460434,-0.008192213005259786,-0.7907732226098041,0.6111006694014663,0.001953125,0.009765625,0.001953125,0.008214354515075684,0.0005342364311218262,-0.13019180297851562
619,311000000,imu1_frame,0.03491482566990651,-0.010030980323761117,-0.7906898999308034,0.6111381321187546,0.001953125,0.009765625,0.001953125,-0.0020709633827209473,-0.036972641944885254,-0.1285104751586914
619,331000000,imu1_frame,0.03421435101640879,-0.008179408907955914,-0.7907439829315359,0.6111353605479016,0.00390625,0.0078125,0.001953125,0.009258568286895752,5.364418029785156e-06,-0.13011646270751953
619,351000000,imu1_frame,0.034665567241169246,-0.010118498588159218,-0.7906778584574137,0.6111664573415067,0.001953125,0.005859375,0.0,-0.006982594728469849,-0.03536456823348999,-0.1288156509399414
619,371000000,imu1_frame,0.03441934429221381,-0.008123332393273251,-0.7907382126596975,0.611132063672877,0.001953125,0.005859375,0.0,0.013093769550323486,-0.0015736818313598633,-0.16892147064208984
619,391000000,imu1_frame,0.03436634007565293,-0.010134162870870602,-0.7906961146223013,0.611159478151086,-0.005859375,-0.009765625,-0.001953125,-0.011780768632888794,-0.03203094005584717,-0.1682758331298828
619,411000000,imu1_frame,0.034424374071122685,-0.008161919774528967,-0.7907401196300757,0.6111287988164354,0.0,-0.00390625,0.001953125,0.012712240219116211,-0.002228260040283203,-0.16890239715576172
619,431000000,imu1_frame,0.03446363247759556,-0.010190556357809499,-0.7906829619567363,0.6111700780215681,0.001953125,-0.001953125,0.0,-0.010961741209030151,-0.03406929969787598,-0.168121337890625
619,451000000,imu1_frame,0.034422644256326504,-0.008220107852853459,-0.7907409386363629,0.6111270566369759,0.001953125,-0.001953125,0.0,0.011991173028945923,-0.0031058788299560547,-0.1688861846923828
619,471000000,imu1_frame,0.03447659914038682,-0.010245019314631823,-0.7906834728891684,0.6111677751574274,0.001953125,-0.001953125,0.0,-0.011411070823669434,-0.035064637660980225,-0.16808319091796875
619,491000000,imu1_frame,0.03442810302152379,-0.008219151580735825,-0.790752760679748,0.6111114650757172,-0.001953125,0.001953125,-0.001953125,0.012097358703613281,-0.0031476616859436035,-0.16887950897216797
619,511000000,imu1_frame,0.034460902085949055,-0.010189308352396351,-0.7907069013907353,0.6111392806192255,-0.001953125,0.001953125,-0.001953125,-0.010966777801513672,-0.03400146961212158,-0.16812610626220703
619,531000000,imu1_frame,0.0344301077410764,-0.008163362851365876,-0.7907757101574724,0.6110824031281216,-0.001953125,0.001953125,-0.001953125,0.012814939022064209,-0.0022934675216674805,-0.16889476776123047
619,551000000,imu1_frame,0.034449168660235986,-0.01013697216740025,-0.7907301412767423,0.6111107430330112,-0.001953125,0.001953125,-0.001953125,-0.010501652956008911,-0.033037781715393066,-0.16816329956054688
619,571000000,imu1_frame,0.03449871173892629,-0.008133514671590751,-0.7907847384791485,0.6110672485217203,0.00390625,0.005859375,0.0,0.014240384101867676,-0.002642691135406494,-0.16881179809570312
619,591000000,imu1_frame,0.03374638743542272,-0.009950972914954526,-0.7907490382336696,0.6111285609473925,0.00390625,0.005859375,0.0,-0.01913312077522278,-0.02178347110748291,-0.1301097869873047
619,611000000,imu1_frame,0.03456179047470766,-0.008090252469463105,-0.7907826048769628,0.6110670194652695,0.00390625,0.005859375,0.0,0.01573053002357483,-0.002726733684539795,-0.12967777252197266
619,631000000,imu1_frame,0.03362764797190287,-0.009838697743439474,-0.7907650769073147,0.6111161710038114,0.0,0.001953125,-0.001953125,-0.019614368677139282,-0.018624484539031982,-0.13031005859375
619,652000000,imu1_frame,0.03466011596060368,-0.007974759570941233,-0.7908064854217146,0.611032063140993,0.001953125,0.00390625,-0.001953125,0.018651604652404785,-0.002095937728881836,-0.12958049774169922
619,671000000,imu1_frame,0.03372611362572873,-0.0095974046985971,-0.7907921050510229,0.6110796066567167,0.001953125,0.00390625,-0.001953125,-0.015185236930847168,-0.016052067279815674,-0.13027191162109375
619,691000000,imu1_frame,0.034807499585270095,-0.007826057119777253,-0.7908035886664961,0.6110293568682036,0.00390625,0.009765625,0.001953125,0.022704392671585083,-0.0015553832054138184,-0.1294269561767578
619,711000000,imu1_frame,0.03390613630859457,-0.009414826055940146,-0.7907859897259725,0.6110803984943991,0.0078125,0.021484375,-0.001953125,-0.010225743055343628,-0.015379607677459717,-0.13010215759277344
619,731000000,imu1_frame,0.034957959626538825,-0.007545465722733511,-0.7907980660459893,0.6110314441529989,0.0078125,0.01953125,0.001953125,0.028377443552017212,0.0009843111038208008,-0.12930583953857422
619,751000000,imu1_frame,0.034283499592873266,-0.009285373053947929,-0.7907483831096173,0.6111099885556124,0.0078125,0.01953125,0.001953125,-0.002876967191696167,-0.01789909601211548,-0.16870880126953125
619,771000000,imu1_frame,0.03545949319090913,-0.007132713050778046,-0.7908127597698937,0.6109884841241309,0.029296875,0.0703125,-0.0078125,0.04107627272605896,0.0014019012451171875,-0.16779708862304688
619,791000000,imu1_frame,0.036798241020914224,-0.008045059244894247,-0.7908568574217224,0.6108408938083222,0.09375,0.240234375,-0.025390625,0.050929635763168335,-0.02859097719192505,-0.1656351089477539
619,811000000,imu1_frame,0.034405305779074816,-0.008615204992113101,-0.7911435866519284,0.6106012434287332,-0.01953125,-0.04296875,-0.0390625,0.007362961769104004,-0.008720099925994873,-0.1687793731689453
619,831000000,imu1_frame,0.035486023921250304,-0.00743420110426541,-0.7913991985191845,0.610223551940921,-0.01953125,-0.04296875,-0.0390625,-0.0006591379642486572,-0.003129720687866211,-0.13251781463623047
619,851000000,imu1_frame,0.037161686568196024,-0.0073179222358921115,-0.7914051824086952,0.61011744305684,-0.009765625,-0.03125,-0.005859375,0.026669055223464966,-0.021242082118988037,-0.1301717758178711
619,871000000,imu1_frame,0.03515962459857455,-0.007413449101000311,-0.7914740852400458,0.610145567847499,-0.001953125,0.0,-0.00390625,-0.005397528409957886,0.0011266469955444336,-0.13297462463378906
619,891000000,imu1_frame,0.03714474839139237,-0.007412541024292245,-0.7914494666094735,0.6100598853441221,-0.001953125,0.0,-0.00390625,0.02531909942626953,-0.022468388080596924,-0.16923141479492188
619,911000000,imu1_frame,0.03513701577682218,-0.007412584668364735,-0.7915210879406719,0.6100859046528193,-0.001953125,0.0,-0.00390625,-0.005695939064025879,0.0014437437057495117,-0.17206859588623047
619,931000000,imu1_frame,0.03686612360357622,-0.0075690914679739435,-0.7914714971899425,0.6100462826054315,-0.005859375,-0.029296875,0.001953125,0.019159644842147827,-0.02156120538711548,-0.16958904266357422
619,951000000,imu1_frame,0.03474333274673247,-0.0072692959486715105,-0.7915341151112271,0.6100932738369989,-0.005859375,-0.015625,0.0,-0.010070502758026123,0.008348822593688965,-0.17264652252197266
619,971000000,imu1_frame,0.03413543396889083,-0.00926815105083913,-0.7914959781275828,0.6101499734751409,-0.005859375,-0.015625,0.0,-0.004287153482437134,-0.015358924865722656,-0.1689128875732422
619,991000000,imu1_frame,0.03442821841791543,-0.0073691851154259165,-0.7915456462028068,0.6100949785604566,-0.005859375,-0.015625,0.0,0.022932440042495728,0.010558724403381348,-0.13007545471191406
620,11000000,imu1_frame,0.034185611702114226,-0.009366376596747675,-0.7915084438946713,0.6101294929647607,0.0,-0.001953125,-0.001953125,-0.004670381546020508,-0.017465591430664062,-0.1297473907470703
620,31000000,imu1_frame,0.034578722658093475,-0.007358042218706131,-0.7915765121973356,0.6100465527249078,0.005859375,0.01171875,-0.00390625,0.025421738624572754,0.008964717388153076,-0.12987613677978516
620,51000000,imu1_frame,0.034255520845036726,-0.009279300595307845,-0.79155221384395,0.6100701161594777,0.005859375,0.01171875,-0.00390625,-0.0025101304054260254,-0.016920387744903564,-0.1296863555908203
620,71000000,imu1_frame,0.03442387222503054,-0.007291986579480893,-0.7916146319788998,0.6100066379882029,0.005859375,0.005859375,-0.001953125,0.023844927549362183,0.01185452938079834,-0.13010406494140625
620,91000000,imu1_frame,0.03421172705223493,-0.00930751121277667,-0.7915888034756224,0.610024666861234,0.001953125,-0.001953125,-0.00390625,-0.003491431474685669,-0.016810834407806396,-0.12973403930664062
620,111000000,imu1_frame,0.03432049666592269,-0.007346505631670464,-0.7916427330540048,0.6099753401297415,-0.00390625,-0.009765625,0.0,0.021618574857711792,0.0122605562210083,-0.13022708892822266
620,131000000,imu1_frame,0.034372133604143776,-0.009368799174340714,-0.7915878806135159,0.6100159090542899,-0.00390625,-0.009765625,0.0,-0.0017392635345458984,-0.019665777683258057,-0.16855907440185547
620,151000000,imu1_frame,0.03461093000691204,-0.007370731864585986,-0.7916486476019077,0.6099509608041517,0.005859375,0.0078125,-0.001953125,0.025831282138824463,0.008438587188720703,-0.16889095306396484
620,171000000,imu1_frame,0.03432220316356374,-0.009348650525678378,-0.7916122185494016,0.6099874462205285,0.0,0.0,-0.001953125,-0.002249985933303833,-0.018744170665740967,-0.16863346099853516
620,191000000,imu1_frame,0.03449791174283999,-0.007381589042496216,-0.7916645482800001,0.6099365944302854,-0.005859375,-0.009765625,0.0,0.023965835571289062,0.00962531566619873,-0.16904067993164062
620,211000000,imu1_frame,0.03426613615316847,-0.009390313452932482,-0.7916157210015116,0.6099854130957929,-0.005859375,-0.009765625,0.0,-0.0036116838455200195,-0.01871943473815918,-0.16869354248046875
620,231000000,imu1_frame,0.03473321683644682,-0.007398853171155204,-0.791670423460554,0.6099154049847658,0.0,0.005859375,-0.001953125,0.027408361434936523,0.006566286087036133,-0.1687173843383789
620,251000000,imu1_frame,0.034283819620374106,-0.009343555892149035,-0.791638331748866,0.6099557929730648,0.001953125,0.001953125,-0.001953125,-0.0027599036693573,-0.018191218376159668,-0.1686878204345703
620,271000000,imu1_frame,0.03430689006370019,-0.007345720037365616,-0.7917046129213818,0.6098957973049943,0.001953125,0.001953125,-0.001953125,0.021470248699188232,0.01247948408126831,-0.13024616241455078
620,291000000,imu1_frame,0.03632821616850385,-0.007448727300651212,-0.7916661263060368,0.609827452343045,0.001953125,0.001953125,-0.001953125,0.01244315505027771,-0.01315772533416748,-0.1703939437866211
620,311000000,imu1_frame,0.03437601291350916,-0.007360809138083865,-0.7917387008883054,0.6098474708816141,0.00390625,0.001953125,-0.00390625,-0.016672253608703613,0.011449038982391357,-0.17311668395996094
620,331000000,imu1_frame,0.03642689461621278,-0.00742995178780073,-0.7916752356329859,0.6098099691301433,0.001953125,0.005859375,0.001953125,0.014202892780303955,-0.014032304286956787,-0.1702585220336914
620,351000000,imu1_frame,0.03449207593509221,-0.0074323481973664176,-0.7917074508537794,0.6098806187776191,0.001953125,0.005859375,0.001953125,-0.015754729509353638,0.008940577507019043,-0.17294025421142578
620,371000000,imu1_frame,0.034206454761469836,-0.00938203458542017,-0.7916465901282419,0.6099488275404887,0.001953125,0.005859375,0.001953125,-0.004409104585647583,-0.01786094903945923,-0.1297140121459961
620,391000000,imu1_frame,0.03442353521707031,-0.00738113272030299,-0.7916963455598575,0.6098995290456382,0.0,0.001953125,0.0,0.02284717559814453,0.010539412498474121,-0.13007831573486328
620,411000000,imu1_frame,0.03427365723602821,-0.009333911295328649,-0.7916675404814235,0.6099186010179489,0.001953125,0.0078125,-0.00390625,-0.0027757585048675537,-0.017901182174682617,-0.12964153289794922
620,431000000,imu1_frame,0.034371220563777845,-0.007299316407999489,-0.7917430429697762,0.6098428429406145,0.001953125,0.0078125,-0.00390625,0.023052304983139038,0.012460827827453613,-0.1301717758178711
620,451000000,imu1_frame,0.034261586131232764,-0.009324681117961735,-0.7917145626078728,0.6098583814234624,0.00390625,0.0,-0.00390625,-0.002810180187225342,-0.01758253574371338,-0.12966156005859375
620,471000000,imu1_frame,0.03430701565327456,-0.007308452665026786,-0.7917804427525876,0.6097977908053824,-0.001953125,0.0,-0.001953125,0.02198132872581482,0.013109564781188965,-0.13025665283203125
620,491000000,imu1_frame,0.03423701899487924,-0.009331802927563441,-0.7917275771324819,0.6098427564482465,0.0,-0.00390625,0.0,-0.0032636523246765137,-0.01739192008972168,-0.12969207763671875
620,511000000,imu1_frame,0.03433304616429712,-0.007358291134840265,-0.7917811736185641,0.6097947774422674,0.0,-0.00390625,0.0,0.021791070699691772,0.012029886245727539,-0.13020610809326172
620,531000000,imu1_frame,0.034209336552561136,-0.009362624097559466,-0.7917532047115909,0.6098105651688619,-0.001953125,-0.00390625,-0.00390625,-0.004036456346511841,-0.017521977424621582,-0.1297168731689453
620,551000000,imu1_frame,0.03441003246609059,-0.007343394112177109,-0.7918270434255517,0.6097310534395846,-0.001953125,0.001953125,-0.00390625,0.02320006489753723,0.011379122734069824,-0.13010787963867188
620,571000000,imu1_frame,0.03414488441154011,-0.009309681912064837,-0.7917903164416322,0.6097668009005399,-0.005859375,-0.00390625,-0.001953125,-0.004370182752609253,-0.01591193675994873,-0.1298227310180664
620,591000000,imu1_frame,0.035432562234614565,-0.007817249891425081,-0.7918150727158668,0.6096821423968324,-0.005859375,-0.00390625,-0.001953125,-0.0056844353675842285,-0.00810617208480835,-0.1324777603149414
620,611000000,imu1_frame,0.03691831990494487,-0.0065111873275609765,-0.7918277696176534,0.6095928357168527,0.0,-0.001953125,-0.001953125,0.03289729356765747,-0.0055350661277771,-0.13074207305908203
620,631000000,imu1_frame,0.035341194676296914,-0.007888574591585772,-0.7918786372154478,0.6096039651048625,0.0,-0.009765625,-0.0078125,-0.007892102003097534,-0.008077740669250488,-0.1325817108154297
620,651000000,imu1_frame,0.03695014346002195,-0.0068751740662338825,-0.791918927414929,0.6094684825992494,0.0,-0.009765625,-0.0078125,0.029135197401046753,-0.011470496654510498,-0.1696624755859375
620,671000000,imu1_frame,0.035210997405692966,-0.00803644726204683,-0.7919792221575752,0.6094788863018825,0.0,-0.009765625,-0.0078125,0.027481824159622192,-0.008744895458221436,-0.12880897521972656
620,691000000,imu1_frame,0.03354032997082541,-0.009163932653348594,-0.7920215332321752,0.6095022227197595,0.001953125,-0.001953125,-0.005859375,-0.011790543794631958,-0.006318628787994385,-0.1306753158569336
620,711000000,imu1_frame,0.03505824830273139,-0.008051567745216912,-0.7920453316003688,0.6094015787416782,-0.005859375,-0.01171875,-0.00390625,0.02499401569366455,-0.0071160197257995605,-0.1290140151977539
620,731000000,imu1_frame,0.03315500335650611,-0.00715908704447909,-0.7921380438738453,0.6093987304489875,-0.005859375,-0.01171875,-0.00390625,0.006219774484634399,-0.009701073169708252,-0.17088031768798828
620,751000000,imu1_frame,0.0336841586793665,-0.005271550726693533,-0.7922108982374437,0.6092942482256186,-0.00390625,-0.0078125,-0.005859375,0.03695613145828247,0.013283878564834595,-0.17064762115478516
620,771000000,imu1_frame,0.03316335945962962,-0.0071847968501649396,-0.7921974506316544,0.6093207443508556,0.0,0.001953125,-0.00390625,0.0060921311378479,-0.010156214237213135,-0.17086219787597656
620,791000000,imu1_frame,0.033469811509260344,-0.005237193890793554,-0.7922527141818577,0.6092519843128659,0.001953125,-0.001953125,-0.001953125,0.03407782316207886,0.016392052173614502,-0.17093563079833984
620,811000000,imu1_frame,0.03399324694240757,-0.007194617812814731,-0.7922037951325145,0.6092666441013171,0.001953125,-0.001953125,-0.001953125,0.018837779760360718,0.018905162811279297,-0.169769287109375
620,831000000,imu1_frame,0.034531699859588434,-0.00911698877606487,-0.792162996133497,0.6092636783669823,0.0,0.0,-0.00390625,0.004254460334777832,-0.01726675033569336,-0.16843509674072266
620,851000000,imu1_frame,0.03390158626034572,-0.007208760888353756,-0.7922426831721043,0.6092210166891416,-0.00390625,-0.0078125,-0.001953125,0.017282485961914062,0.01980215311050415,-0.16988658905029297
620,871000000,imu1_frame,0.03457727005224585,-0.009100866142310232,-0.7921877286238999,0.6092291762948489,0.001953125,0.001953125,-0.001953125,0.005174994468688965,-0.01754087209701538,-0.1683797836303711
620,891000000,imu1_frame,0.03384594816143171,-0.0072542937359306075,-0.792266169473092,0.6091930266540156,0.001953125,0.001953125,-0.001953125,0.015898138284683228,0.01977473497390747,-0.16994762420654297
620,911000000,imu1_frame,0.03457834068056493,-0.009085137573309133,-0.7922224789273525,0.6091841614103681,-0.001953125,0.001953125,-0.00390625,0.005410313606262207,-0.01728576421737671,-0.16838455200195312
620,931000000,imu1_frame,0.033811958096499874,-0.007253827056359969,-0.792325006169723,0.6091183941409628,0.001953125,0.001953125,-0.005859375,0.01542690396308899,0.020227551460266113,-0.16999244689941406
620,951000000,imu1_frame,0.0344316647448275,-0.00913409164758681,-0.7922984184893094,0.6090929690055638,-0.005859375,-0.013671875,-0.005859375,0.0026234984397888184,-0.016249537467956543,-0.1685638427734375
620,971000000,imu1_frame,0.033174540408225,-0.007512179478085007,-0.7924086881040301,0.6090414501866372,-0.005859375,-0.013671875,-0.005859375,0.002544224262237549,-0.015209197998046875,-0.13169097900390625
620,991000000,imu1_frame,0.032559126212562545,-0.005601914724214022,-0.7925068636831449,0.6089674809600282,-0.001953125,-0.00390625,-0.005859375,0.015824109315872192,0.02174261212348938,-0.13297176361083984
621,11000000,imu1_frame,0.033023225725612365,-0.00754743764816254,-0.7924743928254758,0.6089637423225753,-0.005859375,-0.015625,-0.00390625,-0.0001658797264099121,-0.01391291618347168,-0.13187599182128906
621,31000000,imu1_frame,0.03439397826139254,-0.008880452382741837,-0.7924357014842829,0.6089202335593267,-0.005859375,-0.015625,-0.00390625,0.005181849002838135,-0.011780321598052979,-0.16870403289794922
621,51000000,imu1_frame,0.03319406947506762,-0.007224339401701223,-0.7925342121930381,0.6088805179798858,-0.005859375,-0.015625,-0.00390625,0.006377667188644409,0.028165996074676514,-0.13174819946289062
621,71000000,imu1_frame,0.03424239090760198,-0.008840345662370188,-0.7924931561535248,0.6088545839552545,-0.0078125,-0.01171875,-0.00390625,0.003360837697982788,-0.009320616722106934,-0.12985897064208984
621,91000000,imu1_frame,0.03438487457500513,-0.0069556515675494885,-0.7925588142901421,0.6087855330103831,-0.005859375,-0.021484375,-0.001953125,0.028052479028701782,0.018216311931610107,-0.1302499771118164
621,111000000,imu1_frame,0.0342062156828007,-0.009040634479934648,-0.7925231438326518,0.6088146419284541,-0.005859375,-0.021484375,-0.001953125,0.00044408440589904785,-0.011971592903137207,-0.1689004898071289
621,131000000,imu1_frame,0.03531465299558524,-0.00733988763664535,-0.7925681225594962,0.6087156745441982,0.001953125,0.00390625,-0.00390625,0.037900716066360474,0.0012463927268981934,-0.167938232421875
621,151000000,imu1_frame,0.03414747269722714,-0.009016122146431119,-0.7925370659218475,0.6088001796893805,-0.00390625,-0.005859375,0.001953125,-0.0001621842384338379,-0.010885834693908691,-0.16898727416992188
621,171000000,imu1_frame,0.03533258831334382,-0.007597011157833984,-0.7925546067728125,0.6087290767720399,-0.001953125,-0.015625,0.0,0.03510776162147522,-0.0029577016830444336,-0.16783809661865234
621,191000000,imu1_frame,0.0339266396118293,-0.009220422253297804,-0.7925456246412214,0.6087983244065118,-0.001953125,-0.015625,0.0,-0.006008505821228027,-0.011423170566558838,-0.16920852661132812
621,211000000,imu1_frame,0.035283551608534226,-0.007804301143455256,-0.7925442962583105,0.608742722616024,0.0,-0.00390625,0.001953125,0.03187236189842224,-0.005593359470367432,-0.16784381866455078
621,231000000,imu1_frame,0.03378685604382602,-0.009288146282479386,-0.7925509398708047,0.6087981491489716,-0.00390625,-0.01171875,-0.001953125,-0.008976370096206665,-0.010809838771820068,-0.16936874389648438
621,251000000,imu1_frame,0.035122317182668165,-0.007949986095991407,-0.7925606759584337,0.6087288357562044,-0.0078125,-0.01171875,0.0,0.027654409408569336,-0.0059247612953186035,-0.16802024841308594
621,271000000,imu1_frame,0.03313947295543657,-0.00719085115746512,-0.792627349232287,0.6087626403130085,-0.0078125,-0.01171875,0.0,0.006007403135299683,-0.009664714336395264,-0.13182830810546875
621,291000000,imu1_frame,0.03171071231472521,-0.005731019145946788,-0.7926962396640009,0.608764533926373,-0.00390625,-0.0078125,0.0,0.001284480094909668,0.02994626760482788,-0.13400840759277344
621,311000000,imu1_frame,0.03305232608404149,-0.007174281083856008,-0.7926204806896021,0.6087765164842911,-0.001953125,-0.005859375,0.001953125,0.004847288131713867,-0.008378148078918457,-0.13194656372070312
621,331000000,imu1_frame,0.03273431782293133,-0.005213989259357669,-0.7926659603842638,0.6087544283212758,-0.001953125,-0.005859375,0.001953125,0.02327921986579895,0.02578672766685486,-0.1328296661376953
621,351000000,imu1_frame,0.032999122461386636,-0.007207210471486278,-0.792599606382034,0.6088061908333743,-0.001953125,-0.005859375,0.001953125,0.003613680601119995,-0.00827169418334961,-0.1320047378540039
621,371000000,imu1_frame,0.03359606656176572,-0.00534137801638897,-0.7926350182161398,0.608746664787548,0.001953125,-0.00390625,0.0,0.035096049308776855,0.013567060232162476,-0.13168621063232422
621,391000000,imu1_frame,0.03308424793276872,-0.007245892781385756,-0.7926214569801766,0.608772663242319,0.005859375,0.0078125,-0.00390625,0.0044911205768585205,-0.00986558198928833,-0.13188457489013672
621,411000000,imu1_frame,0.03266382802858402,-0.005312048042330933,-0.7927020405004129,0.6087103839023915,0.005859375,0.0078125,-0.00390625,0.021047770977020264,0.02513056993484497,-0.13289928436279297
621,431000000,imu1_frame,0.03282542868616038,-0.007308780725230412,-0.7926716957361049,0.6087205070758895,0.005859375,0.0078125,-0.00390625,0.03883492946624756,0.03132885694503784,-0.1751689910888672
621,451000000,imu1_frame,0.03274149851864709,-0.00934007318150865,-0.7926332675782538,0.6087472878263508,-0.001953125,-0.0078125,-0.001953125,0.01333513855934143,0.0008435845375061035,-0.17461585998535156
621,471000000,imu1_frame,0.0329910374658691,-0.011328392747365513,-0.7925957798592616,0.60874887163261,0.001953125,0.001953125,-0.00390625,-0.0064826905727386475,-0.03292495012283325,-0.1734905242919922
621,491000000,imu1_frame,0.0339744331341823,-0.009574291033506467,-0.7926497709536194,0.6086545912515501,0.001953125,0.001953125,-0.00390625,-0.009383291006088257,-0.017397940158843994,-0.16901493072509766
621,511000000,imu1_frame,0.03477759003413337,-0.007850599579556887,-0.7926718132641032,0.6086051953230911,-0.001953125,-0.01171875,0.001953125,0.023591071367263794,-0.00021636486053466797,-0.16852188110351562
621,531000000,imu1_frame,0.033854247719647006,-0.00972840537867981,-0.7926307097184422,0.6086836666540049,-0.005859375,-0.013671875,0.001953125,-0.013097047805786133,-0.01837158203125,-0.16911602020263672
621,551000000,imu1_frame,0.03483216699129429,-0.007991405008628402,-0.7926702734822167,0.6086022470598562,0.001953125,0.0,-0.001953125,0.022760838270187378,-0.00304490327835083,-0.16840362548828125
621,571000000,imu1_frame,0.033079520115496024,-0.007075023693343588,-0.7927463152060255,0.6086123307294523,0.001953125,0.0,-0.001953125,0.0065544843673706055,-0.007075905799865723,-0.17100143432617188
621,591000000,imu1_frame,0.0348915599854507,-0.007869664969240148,-0.7927077422989176,0.6085516269918324,-0.001953125,0.0,-0.00390625,0.025162577629089355,-0.040898680686950684,-0.16836166381835938
621,611000000,imu1_frame,0.03296258976895726,-0.0070979363666316495,-0.7927854792999821,0.608567392148278,-0.00390625,-0.009765625,-0.001953125,0.004501432180404663,-0.006016433238983154,-0.17114543914794922
621,631000000,imu1_frame,0.03493398665826123,-0.007303056386345846,-0.7927480751445289,0.6085037151063439,0.0,-0.001953125,-0.001953125,0.03259432315826416,-0.0325966477394104,-0.1684713363647461
621,652000000,imu1_frame,0.033610696319194916,-0.00895784754731045,-0.7927454235718536,0.6085595874408193,0.0,-0.001953125,-0.001953125,0.03145724534988403,-0.0034737586975097656,-0.17362499237060547
621,671000000,imu1_frame,0.03240883224571614,-0.010445210985048711,-0.792728582361039,0.6086230030715274,-0.001953125,-0.001953125,0.0,-0.004883468151092529,-0.012261688709259033,-0.17461109161376953
621,691000000,imu1_frame,0.03366006352010495,-0.008929950336931653,-0.7927580571015826,0.608540811294794,-0.001953125,-0.00390625,-0.001953125,0.03256538510322571,-0.003618180751800537,-0.1735696792602539
621,711000000,imu1_frame,0.03169122920400146,-0.008414001075203877,-0.792825217080725,0.6085663856460917,-0.001953125,-0.00390625,-0.001953125,0.008231252431869507,-0.011293232440948486,-0.13719749450683594
621,731000000,imu1_frame,0.033631662753118303,-0.008639833059210386,-0.7927916029229886,0.6085028667804022,-0.001953125,-0.00390625,-0.001953125,-0.0034579038619995117,0.0012348294258117676,-0.1307382583618164
621,751000000,imu1_frame,0.035574728125944116,-0.008830864478539242,-0.7927321429982961,0.6084670936120178,-0.001953125,-0.00390625,0.001953125,0.02434602379798889,-0.024802207946777344,-0.12804412841796875
621,771000000,imu1_frame,0.03354394694783983,-0.008664080639184278,-0.7927837438580022,0.6085176027070438,0.0,-0.005859375,0.0,-0.005112588405609131,0.0018932223320007324,-0.1308450698852539
621,791000000,imu1_frame,0.031524792555422794,-0.008384753564213632,-0.7928347722877619,0.6085629854118781,0.0,-0.005859375,0.0,0.0060062408447265625,-0.008859574794769287,-0.13741207122802734
621,811000000,imu1_frame,0.029958108454299193,-0.00720858764615308,-0.7929172378970887,0.6085497529764022,0.001953125,0.005859375,-0.00390625,-0.004232287406921387,0.028001219034194946,-0.13965320587158203
621,831000000,imu1_frame,0.03155316541682318,-0.00841159844108377,-0.79284402143043,0.608549094523908,0.0,0.0,0.001953125,0.006134033203125,-0.0096052885055542,-0.13736820220947266
621,851000000,imu1_frame,0.029875227001181042,-0.007267359899666908,-0.79289725967562,0.6085791582782057,0.0,-0.01171875,0.001953125,-0.006231933832168579,0.028061985969543457,-0.13973426818847656
621,871000000,imu1_frame,0.031460901966740236,-0.008422043831976828,-0.792829024490476,0.6085732648996437,0.0,-0.01171875,0.001953125,0.004566699266433716,-0.008682072162628174,-0.17654132843017578
621,891000000,imu1_frame,0.03320223765667808,-0.0075199975690131565,-0.7928056262487644,0.6085230480757946,0.0,-0.00390625,0.001953125,0.04227593541145325,-0.015381217002868652,-0.17462158203125
621,911000000,imu1_frame,0.031379852915299045,-0.00847509541855668,-0.7928085960730152,0.6086033253124692,0.0,-0.005859375,0.001953125,0.002662450075149536,-0.008555769920349121,-0.17662334442138672
621,931000000,imu1_frame,0.0330345011409817,-0.00750086945438961,-0.7927897604046468,0.6085530827210864,-0.001953125,-0.0078125,0.001953125,0.03988948464393616,-0.013106822967529297,-0.17484378814697266
621,951000000,imu1_frame,0.03267008372540827,-0.00951142421262274,-0.7927336483914692,0.6086177463291494,-0.001953125,-0.0078125,0.001953125,0.010277926921844482,-0.000897526741027832,-0.13558101654052734
621,971000000,imu1_frame,0.03265058727880413,-0.01150300952516166,-0.7926900070395227,0.6086412511996657,-0.00390625,-0.00390625,-0.001953125,-0.013750731945037842,-0.031531691551208496,-0.13478755950927734
621,991000000,imu1_frame,0.03260646296594442,-0.00956638186040312,-0.7927133928526348,0.6086466788729039,0.0,-0.009765625,0.005859375,0.008620083332061768,-0.001007080078125,-0.13564205169677734
622,11000000,imu1_frame,0.03295049394050018,-0.01150895497887758,-0.7926513041706102,0.6086753805609372,-0.00390625,-0.001953125,0.0,-0.009207069873809814,-0.035205066204071045,-0.1344013214111328
622,31000000,imu1_frame,0.032111358913482005,-0.009658082653874368,-0.792719578073766,0.6086634970217375,-0.00390625,-0.001953125,0.0,-0.0001417994499206543,-0.03561204671859741,-0.17529582977294922
622,51000000,imu1_frame,0.031274115378736145,-0.007842390424520285,-0.7927740925615397,0.608662192667603,-0.001953125,-0.0078125,0.001953125,0.008520662784576416,0.002476632595062256,-0.1769542694091797
622,71000000,imu1_frame,0.03226460241519696,-0.00958061162108363,-0.792697437848917,0.6086854518876867,0.0,-0.001953125,0.001953125,0.0031359493732452393,-0.03624391555786133,-0.17513179779052734
622,91000000,imu1_frame,0.030253622724010096,-0.009575408764380627,-0.7927244956046147,0.6087535658437473,0.0,-0.001953125,0.001953125,0.011103957891464233,-0.012282490730285645,-0.13852977752685547
622,111000000,imu1_frame,0.031619208185371124,-0.008140861513040637,-0.7927242116404561,0.608705410134141,0.0,-0.001953125,0.001953125,0.010279208421707153,-0.006272673606872559,-0.1373748779296875
622,131000000,imu1_frame,0.03026871491642996,-0.00958803131994944,-0.7927238762159953,0.6087534235056119,0.0,0.001953125,-0.001953125,-0.027875453233718872,-0.01265716552734375,-0.13850688934326172
622,151000000,imu1_frame,0.031590429883397116,-0.008134305880333245,-0.7927251236132413,0.6087058043094369,-0.001953125,-0.00390625,0.001953125,0.009911775588989258,-0.0058290958404541016,-0.13741207122802734
622,171000000,imu1_frame,0.031416196090154135,-0.010141060827310967,-0.7926642999490452,0.6087639025885255,-0.001953125,-0.00390625,0.001953125,-0.016714096069335938,-0.03487551212310791,-0.17597198486328125
622,191000000,imu1_frame,0.03170758032874932,-0.008134557627196457,-0.7926979949143099,0.6087350385682906,0.005859375,0.009765625,0.001953125,0.011702924966812134,-0.00724107027053833,-0.1763296127319336
622,211000000,imu1_frame,0.030658110391823534,-0.009850948275589019,-0.792685357657111,0.6087798968767714,-0.001953125,-0.001953125,-0.001953125,-0.024998247623443604,-0.021373271942138672,-0.17700576782226562
622,231000000,imu1_frame,0.03172065736496732,-0.008134727125827235,-0.7926853655191193,0.6087508007409459,0.0,0.001953125,0.00390625,0.011893033981323242,-0.007406830787658691,-0.1763134002685547
622,251000000,imu1_frame,0.030089092160591507,-0.009255592506694083,-0.7926635160217426,0.6088460650347919,0.0,0.001953125,0.00390625,-0.026755064725875854,-0.0054122209548950195,-0.1388406753540039
622,271000000,imu1_frame,0.03172376062311002,-0.008106797655626177,-0.7926849500356358,0.6087515526310385,-0.001953125,0.0,-0.00390625,0.012272924184799194,-0.007011294364929199,-0.13725566864013672
622,291000000,imu1_frame,0.03015555863408241,-0.009381142972252432,-0.7926719206840394,0.6088299127006463,0.00390625,-0.001953125,0.001953125,-0.027211487293243408,-0.008140623569488525,-0.1387166976928711
622,311000000,imu1_frame,0.031630882265174326,-0.008119385215341193,-0.7926652368925986,0.6087818863048178,-0.00390625,-0.005859375,0.001953125,0.010667085647583008,-0.006116807460784912,-0.13736724853515625
622,331000000,imu1_frame,0.0302183391397103,-0.009608997988287774,-0.7926427124461451,0.6088612728227313,-0.00390625,-0.005859375,0.001953125,-0.028973639011383057,-0.01243126392364502,-0.13855838775634766
622,351000000,imu1_frame,0.03163158090438752,-0.008137096808499418,-0.7926644209887989,0.6087826758733452,0.0,0.00390625,-0.001953125,0.01046648621559143,-0.006399869918823242,-0.1373605728149414
622,371000000,imu1_frame,0.03017722145580081,-0.009563271158857653,-0.7926561089724772,0.608846591563558,-0.001953125,-0.00390625,0.0,-0.02905583381652832,-0.011227250099182129,-0.1386241912841797
622,391000000,imu1_frame,0.03150412820350738,-0.008219295495862589,-0.7926926019602215,0.6087514861462124,-0.001953125,-0.01171875,-0.00390625,0.0075359344482421875,-0.006142139434814453,-0.13749122619628906
622,411000000,imu1_frame,0.030449171711034763,-0.010034161735696049,-0.7926922126701413,0.6087784650531662,-0.001953125,-0.01171875,-0.00390625,-0.03041154146194458,-0.021726250648498535,-0.1381216049194336
622,431000000,imu1_frame,0.03154701299594652,-0.008262992755464289,-0.7927267964575679,0.6087041441454777,0.001953125,0.009765625,-0.001953125,0.007709205150604248,-0.007305920124053955,-0.13742446899414062
622,451000000,imu1_frame,0.02987145631724254,-0.009312484566753477,-0.7927315606148853,0.6087673172352223,0.001953125,0.001953125,0.0,-0.030750185251235962,-0.0036700665950775146,-0.13907527923583984
622,471000000,imu1_frame,0.031849019941499926,-0.009744588047523088,-0.7926830423232029,0.6087234818419456,0.001953125,0.001953125,0.0,-0.00527074933052063,0.0052016377449035645,-0.13652896881103516
622,491000000,imu1_frame,0.031333881368944216,-0.007824497604269088,-0.7927433621105289,0.6086993732092161,0.001953125,0.001953125,0.0,0.00963515043258667,0.0020247995853424072,-0.13782501220703125
622,511000000,imu1_frame,0.031768747426945194,-0.00975987749374231,-0.7926717355099119,0.6087421549407719,-0.001953125,0.0,0.001953125,-0.006706953048706055,-0.03315228223800659,-0.13662242889404297
622,531000000,imu1_frame,0.03134949096391309,-0.007796232012230252,-0.7927426666829275,0.6086998378537288,0.0,0.001953125,-0.001953125,0.010212838649749756,0.0022769272327423096,-0.13781356811523438
622,551000000,imu1_frame,0.032421114010355065,-0.009478464633717102,-0.7926882493592075,0.6086907009330355,0.0,0.001953125,-0.001953125,0.006769746541976929,0.002537548542022705,-0.1359100341796875
622,571000000,imu1_frame,0.03342315461751598,-0.011231250713006924,-0.7926192961996987,0.6086964785792089,0.001953125,0.0,0.0,0.001394718885421753,-0.03653252124786377,-0.1339111328125
622,591000000,imu1_frame,0.03241611591154883,-0.009509519989759413,-0.7927005220778001,0.6086744998407249,0.0,-0.001953125,-0.001953125,0.006333827972412109,0.0021232962608337402,-0.13590526580810547
622,611000000,imu1_frame,0.03345255839155099,-0.011243811476381189,-0.792644542687725,0.6086617549903317,0.001953125,-0.00390625,-0.001953125,0.0017250478267669678,-0.03705984354019165,-0.1338663101196289
622,631000000,imu1_frame,0.03230186247677528,-0.009634770403363717,-0.7927265501078834,0.6086447055827063,0.001953125,-0.00390625,-0.001953125,0.003095388412475586,-0.037506699562072754,-0.1360025405883789
622,651000000,imu1_frame,0.031140510146303445,-0.007967252651152341,-0.7928063194727684,0.608625444191305,-0.00390625,-0.005859375,-0.001953125,0.004990041255950928,0.0021486282348632812,-0.1380167007446289
622,671000000,imu1_frame,0.03240917566017396,-0.009481698570345672,-0.7927532681573098,0.6086066040975513,-0.001953125,-0.001953125,-0.001953125,0.006602942943572998,-0.0363917350769043,-0.1359243392944336
622,691000000,imu1_frame,0.031103290269062802,-0.007945749880466606,-0.7927960131047471,0.6086410534941701,-0.001953125,-0.001953125,0.00390625,0.004660427570343018,0.0029167234897613525,-0.13806819915771484
622,711000000,imu1_frame,0.02984447776879097,-0.009520940081898405,-0.7927559679957303,0.6087336314463145,-0.001953125,-0.001953125,0.00390625,0.005434125661849976,-0.006563901901245117,-0.13903045654296875
622,731000000,imu1_frame,0.029724391929110732,-0.011539811067277363,-0.7926940564125349,0.6087852053172916,-0.001953125,-0.005859375,0.001953125,-0.02049693465232849,-0.036435723304748535,-0.13833904266357422
622,751000000,imu1_frame,0.029825521040445703,-0.009582559715637583,-0.7927578013562167,0.6087312060612795,0.001953125,-0.00390625,-0.001953125,0.004408597946166992,-0.007291972637176514,-0.13902950286865234
622,771000000,imu1_frame,0.031082778057672254,-0.008007887997249817,-0.7927622985307806,0.6086851999730521,0.001953125,0.001953125,0.001953125,0.04263824224472046,0.0021764636039733887,-0.13807392120361328
622,791000000,imu1_frame,0.03261772012423937,-0.009319623577585322,-0.7926851213248949,0.6086867235125188,0.001953125,0.001953125,0.001953125,0.011704683303833008,-0.03639984130859375,-0.13571834564208984
622,811000000,imu1_frame,0.031098577104845714,-0.008025588443668526,-0.7927614030370475,0.6086853261636254,0.0,0.0,-0.001953125,0.0036095082759857178,0.0017141103744506836,-0.13804912567138672
622,831000000,imu1_frame,0.032562619638552094,-0.00931664270232001,-0.7927222435711837,0.6086413726641503,-0.00390625,-0.00390625,-0.00390625,0.010918229818344116,-0.035676002502441406,-0.1357889175415039
622,851000000,imu1_frame,0.03051873564799317,-0.009486420009607695,-0.7927812521821338,0.608667808248783,-0.00390625,-0.00390625,-0.00390625,0.01632067561149597,-0.014017581939697266,-0.13824748992919922
622,871000000,imu1_frame,0.02869320670435776,-0.009656328183088774,-0.7928411180128752,0.6086759538565127,0.005859375,0.015625,-0.005859375,-0.013958334922790527,0.005053192377090454,-0.14029693603515625
622,891000000,imu1_frame,0.030742887010034376,-0.009473323323737761,-0.7928317833564257,0.6085909088569775,0.001953125,0.005859375,-0.00390625,0.019994258880615234,-0.016444087028503418,-0.1379842758178711
622,911000000,imu1_frame,0.028719628457114774,-0.009724279306997674,-0.7928754252217032,0.6086289357340383,0.001953125,-0.005859375,-0.001953125,-0.014329135417938232,0.003705650568008423,-0.1402416229248047
622,931000000,imu1_frame,0.03046365859237517,-0.00886589279454223,-0.7928802218704206,0.6085509963978661,0.001953125,-0.005859375,-0.001953125,-0.01613369584083557,-0.003693312406539917,-0.1385354995727539
622,951000000,imu1_frame,0.03230977330365711,-0.00786456117019588,-0.7929024517074138,0.6084405717102032,0.001953125,0.009765625,-0.005859375,0.02442067861557007,-0.010067999362945557,-0.1365985870361328
622,971000000,imu1_frame,0.030612620403383122,-0.008796708077071183,-0.7928989692007156,0.6085200983036533,0.001953125,0.005859375,0.001953125,-0.012985140085220337,-0.004378199577331543,-0.1383819580078125
622,991000000,imu1_frame,0.03231056162791546,-0.00785967210607077,-0.7929030319198644,0.6084398369058029,0.0,-0.005859375,-0.001953125,0.024491488933563232,-0.01000124216079712,-0.1365985870361328
623,11000000,imu1_frame,0.03261033049773267,-0.009865974795531553,-0.7928568596719452,0.6084547879319415,0.0,-0.005859375,-0.001953125,0.005243927240371704,-0.005600452423095703,-0.13552284240722656
623,31000000,imu1_frame,0.03381597627546346,-0.011401344529249553,-0.7928156016980731,0.6084159028128578,-0.00390625,-0.01171875,-0.00390625,0.005649387836456299,-0.04370003938674927,-0.13331890106201172
623,51000000,imu1_frame,0.032527806670244824,-0.009846623979992572,-0.7928992232995231,0.6084043125097265,-0.001953125,-0.005859375,-0.001953125,0.004232078790664673,-0.0042955875396728516,-0.1356353759765625
623,71000000,imu1_frame,0.03416605351754818,-0.010912109203602631,-0.7928592412212443,0.6083484447829529,-0.00390625,-0.001953125,-0.00390625,0.01693648099899292,-0.040245771408081055,-0.13306713104248047
623,91000000,imu1_frame,0.03269993796774912,-0.009493239941227033,-0.7929528904258754,0.608330753798929,-0.00390625,-0.001953125,-0.00390625,0.011150658130645752,-0.03989112377166748,-0.17461204528808594
623,111000000,imu1_frame,0.031254105208235114,-0.008109058404655275,-0.7930435119161922,0.6083086488675423,0.0,-0.00390625,-0.00390625,0.005258530378341675,-0.0012444853782653809,-0.1768960952758789
623,131000000,imu1_frame,0.03277633702078432,-0.00937128238256241,-0.7929672172068075,0.6083098579123127,-0.001953125,0.0,0.001953125,0.01379743218421936,-0.03889775276184082,-0.1745586395263672
623,151000000,imu1_frame,0.03131428977862509,-0.008065960692763658,-0.793029035371856,0.6083249991500815,0.001953125,0.0078125,0.0,0.006692469120025635,-0.0012997090816497803,-0.1768360137939453
623,171000000,imu1_frame,0.032671802830442964,-0.00956266789761857,-0.7929602623915702,0.6083215687039056,0.001953125,0.0078125,0.0,0.00989481806755066,-0.04062741994857788,-0.17462158203125
623,191000000,imu1_frame,0.03143390255159821,-0.008056659889764008,-0.793022086726619,0.6083280118205606,0.00390625,0.01171875,0.0,0.008652567863464355,-0.002578645944595337,-0.17669200897216797
623,211000000,imu1_frame,0.03235149104746894,-0.009847967297687265,-0.7929773835381841,0.6083118178730748,0.00390625,0.01171875,-0.00390625,0.0015502870082855225,-0.04123806953430176,-0.17492103576660156
623,231000000,imu1_frame,0.03153452474622235,-0.008040516859951687,-0.7930623917184263,0.6082704716485128,0.00390625,0.01171875,-0.00390625,0.010438203811645508,-0.0034957528114318848,-0.1765727996826172
623,251000000,imu1_frame,0.03184239988153661,-0.009983583720128298,-0.7930261140626345,0.6082729420585837,0.001953125,0.009765625,-0.00390625,-0.0079154372215271,-0.03727215528488159,-0.1755075454711914
623,271000000,imu1_frame,0.03161959923956143,-0.008026327279660806,-0.7931052771668129,0.6082103241021828,0.0078125,0.0078125,-0.00390625,0.011961609125137329,-0.004256784915924072,-0.17647266387939453
623,291000000,imu1_frame,0.03118256525467942,-0.010057464517474184,-0.7930519130545429,0.6082722731081428,-0.005859375,-0.015625,0.001953125,-0.01900637149810791,-0.030576646327972412,-0.17629051208496094
623,311000000,imu1_frame,0.03147298025007988,-0.008156820074093586,-0.793088230235292,0.6082384210675199,-0.005859375,-0.015625,0.001953125,0.008122056722640991,-0.0045511722564697266,-0.17661190032958984
623,331000000,imu1_frame,0.03215905254955556,-0.010005460860431312,-0.7930277796168698,0.6082537520213278,-0.005859375,-0.01171875,0.0,-0.003262341022491455,-0.04136425256729126,-0.17510223388671875
623,351000000,imu1_frame,0.031413790619464275,-0.008100552940703746,-0.7931166950155466,0.6082051158027099,-0.005859375,-0.00390625,-0.00390625,0.007896363735198975,-0.0029593706130981445,-0.17670249938964844
623,371000000,imu1_frame,0.032297096630189114,-0.009865731213697758,-0.7930781757660609,0.6081830086581308,-0.00390625,-0.009765625,-0.00390625,0.000584334135055542,-0.04080468416213989,-0.17498302459716797
623,391000000,imu1_frame,0.03167009852241893,-0.00796520079427858,-0.7931672197643747,0.6081277184335043,-0.00390625,-0.009765625,-0.00390625,-0.025540143251419067,-0.07808679342269897,-0.13736724853515625
623,411000000,imu1_frame,0.03109293056530223,-0.0060482241237302175,-0.7932878212757725,0.6080222703728447,-0.00390625,-0.009765625,-0.009765625,-0.011615484952926636,-0.041454821825027466,-0.13860034942626953
623,431000000,imu1_frame,0.03070343252315634,-0.0040662908823195796,-0.7933764973390264,0.6079428410466021,-0.001953125,0.0,-0.005859375,0.0059597790241241455,-0.0060520172119140625,-0.13946247100830078
623,451000000,imu1_frame,0.03257260103653772,-0.0034398188745238547,-0.7933719789104355,0.6078553252111593,0.0,-0.001953125,-0.00390625,0.04239541292190552,-0.018493324518203735,-0.13724231719970703
623,471000000,imu1_frame,0.03174363191587194,-0.00527723342936229,-0.7933728918686483,0.6078848139969444,0.0,-0.001953125,-0.00390625,0.08582979440689087,0.03706228733062744,-0.1379718780517578
623,491000000,imu1_frame,0.030867310828700457,-0.0070817846116724365,-0.7933714221168086,0.6079135168897553,-0.005859375,-0.00390625,-0.00390625,0.050792425870895386,0.019472569227218628,-0.13860797882080078
623,511000000,imu1_frame,0.03010516181318652,-0.008929892086595816,-0.7933757109155585,0.6079218021988979,0.0,0.0,-0.005859375,0.017012983560562134,-0.00013718008995056152,-0.13893699645996094
623,531000000,imu1_frame,0.02935545352951473,-0.010795908826864473,-0.7933409744630632,0.6079735223993523,0.001953125,0.0,0.0,-0.01681879162788391,-0.02018916606903076,-0.13908958435058594
623,551000000,imu1_frame,0.0300804895201047,-0.008921547076276962,-0.7933763878003881,0.6079222626527216,-0.001953125,0.0,0.0,0.016729682683944702,0.00028511881828308105,-0.13896942138671875
623,571000000,imu1_frame,0.0293440861451263,-0.010806961383679401,-0.7933412505267029,0.607973514560204,-0.001953125,-0.00390625,0.0,-0.0171261727809906,-0.0202256441116333,-0.1390981674194336
623,591000000,imu1_frame,0.03005908933698849,-0.008975822236045506,-0.7933655644831091,0.6079366470741961,0.0,-0.00390625,0.001953125,0.015744060277938843,-0.0003088712692260742,-0.1389760971069336
623,611000000,imu1_frame,0.02933844059794666,-0.010877302432744429,-0.7933181958276594,0.6080026154251433,0.0,-0.00390625,0.001953125,-0.018069088459014893,-0.021261096000671387,-0.13907527923583984
623,631000000,imu1_frame,0.030119058833228123,-0.008960900694279446,-0.7933635919634323,0.6079364732442267,0.0,0.0078125,-0.001953125,0.016850262880325317,-0.0007896721363067627,-0.13891029357910156
623,654000000,imu1_frame,0.029207581773786927,-0.01099666574696868,-0.7933513418670284,0.6079635177106952,-0.001953125,0.005859375,-0.00390625,-0.021489620208740234,-0.02154165506362915,-0.1391735076904297
623,671000000,imu1_frame,0.029935418549611032,-0.009435783491684478,-0.793409036227309,0.6078790487745162,0.001953125,0.00390625,-0.005859375,0.008396238088607788,-0.005946636199951172,-0.13895511627197266
623,691000000,imu1_frame,0.0288074036010146,-0.01112814580742723,-0.7934328929823373,0.6078737880533552,0.0,-0.00390625,-0.0078125,-0.02919250726699829,-0.01879221200942993,-0.1395702362060547
623,711000000,imu1_frame,0.029924000640625746,-0.009433548690273902,-0.7935162373079255,0.6077397004256343,-0.001953125,0.001953125,-0.009765625,0.008334100246429443,-0.005714476108551025,-0.13896942138671875
623,731000000,imu1_frame,0.028848529767284862,-0.011215174171690457,-0.7935144648141748,0.6077637504238291,-0.001953125,-0.009765625,-0.00390625,-0.029518693685531616,-0.020586371421813965,-0.13948631286621094
623,751000000,imu1_frame,0.029921613916901766,-0.009454375931589858,-0.7935635434031423,0.6076777224629855,-0.001953125,0.005859375,-0.00390625,0.008088797330856323,-0.0059816837310791016,-0.13896465301513672
623,771000000,imu1_frame,0.031580955772707746,-0.0082362230375764,-0.7935847333426294,0.6075838039876188,-0.001953125,0.005859375,-0.00390625,0.009263575077056885,-0.006741344928741455,-0.1373910903930664
623,791000000,imu1_frame,0.030133302254228053,-0.0095832706869227,-0.7936248448969075,0.6075851796913385,0.001953125,0.001953125,-0.0078125,-0.02916744351387024,-0.010452806949615479,-0.13866901397705078
623,811000000,imu1_frame,0.031637638393299236,-0.008236911468097756,-0.7936667082055769,0.6074737602666349,0.00390625,0.001953125,-0.005859375,0.010203123092651367,-0.007370471954345703,-0.13732051849365234
623,831000000,imu1_frame,0.02996268952663886,-0.009358548465820585,-0.7936823503452173,0.6075220008834534,0.0,-0.001953125,-0.001953125,-0.029099851846694946,-0.00491410493850708,-0.13895225524902344
623,851000000,imu1_frame,0.03160976279145683,-0.008257032207157353,-0.793691676750829,0.607442315427445,0.0,-0.001953125,-0.001953125,0.009552240371704102,-0.007336139678955078,-0.13734912872314453
623,871000000,imu1_frame,0.02995933706832886,-0.009380849085252782,-0.7936947576601605,0.6075056126947677,0.001953125,0.0,0.0,-0.02940651774406433,-0.005212903022766113,-0.1389474868774414
623,891000000,imu1_frame,0.031569233608441286,-0.008259961838531176,-0.7937173590839683,0.607410825066999,-0.001953125,-0.00390625,-0.00390625,0.008909642696380615,-0.006885111331939697,-0.13739776611328125
623,911000000,imu1_frame,0.030009138629138028,-0.009539691598809907,-0.7937018789785093,0.6074913770490251,-0.00390625,-0.001953125,0.001953125,-0.030513375997543335,-0.008261501789093018,-0.13883113861083984
623,931000000,imu1_frame,0.03149985985636602,-0.008292978267175115,-0.793718944671787,0.6074119048961705,-0.001953125,-0.005859375,-0.001953125,0.007442116737365723,-0.0065746307373046875,-0.13747310638427734
623,951000000,imu1_frame,0.030314204396239778,-0.009834956759772574,-0.793735639826406,0.6074274085902956,0.001953125,0.005859375,-0.005859375,-0.029254227876663208,-0.01643359661102295,-0.13835906982421875
623,971000000,imu1_frame,0.03153365774914722,-0.008246441180231967,-0.7937773590121612,0.6073344457187484,0.0,0.0,-0.00390625,0.008567571640014648,-0.00621563196182251,-0.13744640350341797
623,991000000,imu1_frame,0.030325242996594337,-0.00983746033974295,-0.7937827656438241,0.6073652319470582,0.0,0.0,-0.00390625,-0.029072850942611694,-0.01657569408416748,-0.13834571838378906
624,11000000,imu1_frame,0.031431653461718556,-0.008298907049207528,-0.7938168437514546,0.607287409616674,-0.001953125,-0.01171875,-0.001953125,0.006393849849700928,-0.0057961344718933105,-0.13755512237548828
624,31000000,imu1_frame,0.031431487332571104,-0.010305524066792688,-0.793776265326721,0.6073097219555557,-0.001953125,-0.00390625,-0.001953125,-0.01745811104774475,-0.03693622350692749,-0.1368246078491211
624,51000000,imu1_frame,0.03143285721257729,-0.008308190541621439,-0.7938054810663661,0.6073020728487373,0.0,0.0,0.00390625,0.006293177604675293,-0.005961954593658447,-0.13755035400390625
624,71000000,imu1_frame,0.031450960971136754,-0.010310407087822472,-0.7937283454590408,0.6073712589302598,0.0,0.0,0.00390625,-0.017255783081054688,-0.037271320819854736,-0.13679885864257812
624,91000000,imu1_frame,0.031492239787905635,-0.008290003440882782,-0.7938151841487912,0.6072865617572251,0.001953125,0.005859375,-0.005859375,0.00743904709815979,-0.006376743316650391,-0.1374835968017578
624,111000000,imu1_frame,0.030438859318705422,-0.009953212448048778,-0.7938148490297541,0.6073157291435887,0.001953125,0.00390625,-0.00390625,-0.028655439615249634,-0.01969742774963379,-0.13816547393798828
624,131000000,imu1_frame,0.031512496492398574,-0.008232879531725508,-0.7938736685454726,0.6072098324711035,-0.001953125,0.001953125,-0.005859375,0.008479565382003784,-0.005692660808563232,-0.13747692108154297
624,151000000,imu1_frame,0.030575557831543494,-0.009969143591669904,-0.7938807365459999,0.6072224695945625,-0.001953125,0.001953125,-0.005859375,-0.02666604518890381,-0.02152431011199951,-0.13799571990966797
624,171000000,imu1_frame,0.03157453823410106,-0.008171060055181518,-0.7939303027569214,0.6071333928200464,0.0,0.005859375,-0.00390625,0.010223299264907837,-0.005431652069091797,-0.1374197006225586
624,191000000,imu1_frame,0.030482185360866932,-0.009824422427561387,-0.7939313464167477,0.6071633505708994,0.0,0.001953125,-0.00390625,-0.0263555645942688,-0.018144965171813965,-0.13816356658935547
624,211000000,imu1_frame,0.03156977072196831,-0.008164911983746883,-0.7939897881190615,0.6070559283554584,0.0,-0.001953125,-0.005859375,0.010271340608596802,-0.00524139404296875,-0.13742828369140625
624,231000000,imu1_frame,0.030332243857197908,-0.009881095351136456,-0.7940187204634093,0.607055673304269,-0.009765625,-0.015625,-0.0078125,-0.02928262948989868,-0.017197847366333008,-0.1383199691772461
624,251000000,imu1_frame,0.03150827189537864,-0.008252948999688295,-0.7940737201904493,0.6069481399080777,-0.001953125,0.0,-0.005859375,0.00834125280380249,-0.00582510232925415,-0.13747501373291016
624,271000000,imu1_frame,0.03059124820856364,-0.009974779365029465,-0.7940923346259746,0.6069448437856031,0.001953125,0.005859375,-0.0078125,-0.026308715343475342,-0.02167332172393799,-0.13797569274902344
624,291000000,imu1_frame,0.03144101167655117,-0.008247570389621695,-0.7941712150636274,0.6068241273481015,-0.001953125,-0.009765625,-0.0078125,0.007441073656082153,-0.004883229732513428,-0.1375598907470703
624,311000000,imu1_frame,0.031256243762821906,-0.010278705706354873,-0.7941346716488512,0.6068504912414692,0.001953125,-0.00390625,-0.001953125,-0.01954752206802368,-0.03423130512237549,-0.13705062866210938
624,331000000,imu1_frame,0.031368635493679464,-0.008290980600794303,-0.7942097168376859,0.6067768898273439,-0.00390625,-0.005859375,-0.00390625,0.0058338940143585205,-0.004675924777984619,-0.13763427734375
624,351000000,imu1_frame,0.03222216391190362,-0.01007449041667866,-0.794159367912193,0.606771073101697,-0.00390625,-0.009765625,-0.001953125,-0.0020999908447265625,-0.04247385263442993,-0.13593387603759766
624,371000000,imu1_frame,0.030364296786462373,-0.009154472906660667,-0.7942334446914173,0.6067845090640254,-0.00390625,-0.009765625,-0.001953125,0.019075751304626465,-0.041334331035614014,-0.1385517120361328
624,391000000,imu1_frame,0.028543646346311326,-0.008169767900193334,-0.7943049039880602,0.6067934035948579,-0.00390625,-0.009765625,-0.001953125,0.002528071403503418,-0.004468560218811035,-0.14098167419433594
624,411000000,imu1_frame,0.0304768498708292,-0.008359423763244667,-0.7942658803431736,0.6067478825500595,-0.001953125,-0.005859375,0.0,0.030277937650680542,-0.03030899167060852,-0.13868999481201172
624,431000000,imu1_frame,0.028511837771736076,-0.00819292252422471,-0.7943070669705451,0.6067917554549007,0.00390625,0.0,0.0,0.0017610490322113037,-0.00445026159286499,-0.14101028442382812
624,451000000,imu1_frame,0.029877765061925885,-0.00970180475259732,-0.7942461365532449,0.6067835435389554,0.00390625,0.0,0.0,0.005037665367126465,-0.008906006813049316,-0.13892364501953125
624,471000000,imu1_frame,0.028617965721680055,-0.008178707186993537,-0.794318122183987,0.6067724792348504,0.001953125,0.001953125,-0.001953125,0.003586709499359131,0.02967691421508789,-0.14089584350585938
624,491000000,imu1_frame,0.02990534117997812,-0.00970610885226734,-0.7942684345692221,0.6067529281897321,0.0,0.001953125,-0.001953125,0.005433470010757446,-0.009286105632781982,-0.13889026641845703
624,511000000,imu1_frame,0.028370023330390442,-0.008450232220732594,-0.7943397019853683,0.6067521513776818,0.001953125,-0.001953125,-0.001953125,-0.003468155860900879,0.028409510850906372,-0.1410837173461914
624,531000000,imu1_frame,0.0299130768946573,-0.009741210111039412,-0.7942931107107603,0.6067196806876226,0.001953125,-0.001953125,-0.001953125,0.005158126354217529,-0.00990825891494751,-0.13886737823486328
624,551000000,imu1_frame,0.028483846660291908,-0.008278005696212176,-0.7943334415993939,0.6067573886307349,-0.00390625,-0.009765625,0.00390625,0.0003375411033630371,0.029731780290603638,-0.14101409912109375
624,571000000,imu1_frame,0.029911872636965434,-0.009703539610330362,-0.7942843122954764,0.6067318620574355,0.001953125,0.001953125,-0.001953125,0.0055786967277526855,-0.009314477443695068,-0.13888263702392578
624,591000000,imu1_frame,0.028321991849707476,-0.008503815324822852,-0.794341611930946,0.6067511462350383,0.0,0.001953125,0.0,-0.004848212003707886,0.028147399425506592,-0.14111995697021484
624,611000000,imu1_frame,0.02982970929891681,-0.009724042603659975,-0.7942861637446372,0.6067331551204462,-0.00390625,-0.0078125,0.0,0.0040607452392578125,-0.0086594820022583,-0.13897132873535156
624,631000000,imu1_frame,0.02958123424252618,-0.0077230695509334655,-0.7943402701518375,0.6067032553007329,-0.001953125,0.0,0.0,0.023970484733581543,0.025363147258758545,-0.13994121551513672
624,651000000,imu1_frame,0.02973836418348132,-0.009750568148855684,-0.7942773654918963,0.6067487311760261,-0.001953125,-0.009765625,0.001953125,0.0023198723793029785,-0.007995426654815674,-0.1390676498413086
624,671000000,imu1_frame,0.030730532660057288,-0.008200240014093767,-0.7942917019896166,0.6067034552205705,-0.001953125,-0.017578125,0.001953125,0.03612726926803589,0.0043322741985321045,-0.13843822479248047
624,691000000,imu1_frame,0.0296421913139387,-0.00990032539960411,-0.7942690359276273,0.6067619159255855,0.0,-0.001953125,0.0,-0.0009565949440002441,-0.009186267852783203,-0.13912105560302734
624,711000000,imu1_frame,0.030745822619226055,-0.008263949842382228,-0.7942796443098803,0.6067176016561904,0.001953125,-0.001953125,0.001953125,0.03559964895248413,0.003155142068862915,-0.13840007781982422
624,731000000,imu1_frame,0.029594778922989708,-0.00994371182916655,-0.7942591487116569,0.6067764632411112,0.0,-0.00390625,0.0,-0.002215832471847534,-0.009304046630859375,-0.1391592025756836
624,751000000,imu1_frame,0.03073669335741994,-0.008348913677241282,-0.7942801473811159,0.6067162424050428,0.0,-0.00390625,0.0,0.03445076942443848,0.00194510817527771,-0.1383829116821289
624,771000000,imu1_frame,0.02957937131893282,-0.009947455916065136,-0.7942713406761566,0.6067611937934687,-0.001953125,0.001953125,-0.001953125,-0.002489537000656128,-0.009172797203063965,-0.1391763687133789
624,791000000,imu1_frame,0.030868792342258942,-0.008328470754351952,-0.7942987915290963,0.6066854077770798,0.001953125,0.0078125,-0.001953125,0.036760419607162476,0.0007114112377166748,-0.1382303237915039
624,811000000,imu1_frame,0.029678591145723156,-0.009839096337790178,-0.7942916227578238,0.6067315645552025,0.0,0.0078125,-0.001953125,0.0003536641597747803,-0.008654117584228516,-0.13910293579101562
624,831000000,imu1_frame,0.03128705104586432,-0.008522444625408503,-0.7943049794833453,0.6066531858833535,0.0,0.0078125,-0.001953125,0.0019006431102752686,-0.007241606712341309,-0.13765811920166016
624,851000000,imu1_frame,0.03290398003612777,-0.007219685428609859,-0.7943153129120489,0.6065710081379819,0.00390625,0.0078125,-0.001953125,0.04247260093688965,-0.006137251853942871,-0.1360301971435547
624,871000000,imu1_frame,0.03137365784369295,-0.008474856760800564,-0.794291035488071,0.606667636634491,0.001953125,0.001953125,0.00390625,0.0037990212440490723,-0.007536709308624268,-0.13756847381591797
624,891000000,imu1_frame,0.03257980991036737,-0.00687789555562673,-0.7943067495316815,0.6066036912081437,0.0,0.0,0.0,0.04148209095001221,0.0029934048652648926,-0.13653945922851562
624,911000000,imu1_frame,0.031166306210685904,-0.008289627356069485,-0.7943002247502838,0.606668852338018,0.0,0.0,0.0,0.04184415936470032,-0.0022041499614715576,-0.13788223266601562
624,931000000,imu1_frame,0.02985416980006552,-0.00967198238823188,-0.7943110018699778,0.6067002666972736,0.00390625,0.009765625,-0.00390625,0.005078941583633423,-0.008127212524414062,-0.1389627456665039
624,951000000,imu1_frame,0.028538461927113252,-0.008237971405077175,-0.7943802622963027,0.6066940669662276,0.00390625,0.0078125,-0.001953125,0.0016966760158538818,0.02973341941833496,-0.14096641540527344
624,971000000,imu1_frame,0.0298860438431668,-0.009711132017301232,-0.79430782357658,0.6067022331452091,0.0,0.0,0.001953125,0.005106925964355469,-0.009113073348999023,-0.13891029357910156
624,991000000,imu1_frame,0.028550660942477848,-0.008253441006354369,-0.7943570340780449,0.6067236956655263,0.001953125,-0.001953125,0.001953125,0.0016849040985107422,0.029335767030715942,-0.1409473419189453
625,11000000,imu1_frame,0.029826913918539522,-0.009758882089528414,-0.7942632594715334,0.6067627164552172,-0.001953125,-0.0078125,0.005859375,0.0035851895809173584,-0.009180068969726562,-0.1389608383178711
625,31000000,imu1_frame,0.029793475051648362,-0.0077458023090391315,-0.7943245575918332,0.6067131518250406,0.00390625,0.0078125,-0.001953125,0.026985645294189453,0.022489845752716064,-0.13968944549560547
625,51000000,imu1_frame,0.0298170910482631,-0.009772244534617553,-0.7942743549263445,0.606748459762787,0.001953125,-0.001953125,0.0,0.003283470869064331,-0.009265005588531494,-0.13896751403808594
625,71000000,imu1_frame,0.029832735603155944,-0.007783574323712539,-0.7943127421552789,0.6067262080270974,0.0,-0.001953125,0.001953125,0.02713829278945923,0.02143213152885437,-0.1396322250366211
625,91000000,imu1_frame,0.029919752417084274,-0.009756138833865252,-0.7942714521823379,0.6067474651109102,0.00390625,0.009765625,-0.001953125,0.005066871643066406,-0.010231435298919678,-0.1388540267944336
625,111000000,imu1_frame,0.028719753544391265,-0.008212631112175118,-0.7943185502552726,0.6067666513305806,0.00390625,0.005859375,0.001953125,0.004765838384628296,0.02794620394706726,-0.14077091217041016
625,131000000,imu1_frame,0.030013827718847832,-0.00979035621791667,-0.7942432821651143,0.6067791425274736,0.00390625,0.005859375,0.001953125,0.006098926067352295,-0.011891424655914307,-0.1387310028076172
625,151000000,imu1_frame,0.028461900556468262,-0.008534631537755912,-0.7942784844713912,0.6068268034514119,0.0,0.0,0.00390625,-0.0030891001224517822,0.025978028774261475,-0.14095401763916016
625,171000000,imu1_frame,0.030145127603112443,-0.009766083172650613,-0.7942155673239686,0.6068093007869307,0.005859375,0.01171875,0.0,0.008403182029724121,-0.013084352016448975,-0.13858509063720703
625,191000000,imu1_frame,0.028357666458566484,-0.008982819833216235,-0.7942771242726208,0.6068269947506326,0.001953125,0.005859375,-0.001953125,-0.01002451777458191,0.020256012678146362,-0.1409168243408203
625,211000000,imu1_frame,0.030377434073145325,-0.008590924577600372,-0.7942609871686533,0.6067560397523126,0.001953125,0.005859375,-0.001953125,-0.013078004121780396,0.0024281442165374756,-0.1387319564819336
625,231000000,imu1_frame,0.03239143131699587,-0.008201657998090525,-0.794229223446828,0.6066988285849639,0.0,0.005859375,0.0,0.022796303033828735,-0.015373706817626953,-0.13638877868652344
625,251000000,imu1_frame,0.030437573050083645,-0.008607245118617204,-0.7942694407807401,0.606741728349171,0.0,0.0,-0.001953125,-0.012329846620559692,0.0014678537845611572,-0.1386547088623047
625,271000000,imu1_frame,0.03237872680520439,-0.008214051924733621,-0.794253447975721,0.606667625459057,0.0,-0.001953125,-0.001953125,0.022472470998764038,-0.015399634838104248,-0.13640117645263672
625,291000000,imu1_frame,0.03027348987885609,-0.008668327000583682,-0.7942637072345532,0.6067565733369435,-0.00390625,-0.015625,0.00390625,-0.015607744455337524,0.0024577677249908447,-0.13882923126220703
625,311000000,imu1_frame,0.03218800296668955,-0.008244000309608894,-0.7942262632507514,0.606712956583803,0.0,-0.00390625,0.001953125,0.019131839275360107,-0.01362699270248413,-0.13663196563720703
625,331000000,imu1_frame,0.030191504650477728,-0.008656833268530211,-0.7942675190997428,0.6067558325948262,-0.001953125,-0.00390625,-0.001953125,-0.016741901636123657,0.00360831618309021,-0.1389303207397461
625,351000000,imu1_frame,0.032076395638768865,-0.008258253348296031,-0.7942535013971525,0.606683015760969,-0.00390625,-0.005859375,-0.001953125,0.017252087593078613,-0.012510359287261963,-0.13676738739013672
625,371000000,imu1_frame,0.030112064917603956,-0.008704177443380715,-0.7942929740350745,0.6067257801016441,0.0,-0.001953125,-0.001953125,-0.01851668953895569,0.0038288533687591553,-0.139007568359375
625,391000000,imu1_frame,0.03203203890795727,-0.008256048844676123,-0.7942552248475617,0.6066831330630698,-0.001953125,-0.001953125,0.001953125,0.016590535640716553,-0.011950373649597168,-0.1368246078491211
625,411000000,imu1_frame,0.030112136897982707,-0.00868765416589515,-0.7942918455047026,0.6067274907578071,-0.001953125,0.00390625,-0.001953125,-0.01832062005996704,0.004083812236785889,-0.13901329040527344
625,431000000,imu1_frame,0.03210736494784551,-0.008258256921997732,-0.7942511767964022,0.6066844208204513,0.001953125,0.00390625,0.001953125,0.01773110032081604,-0.012878119945526123,-0.13672828674316406
625,451000000,imu1_frame,0.030125490573200388,-0.008670434097880847,-0.7942795890540217,0.6067431192872753,-0.001953125,-0.001953125,0.0,-0.01791885495185852,0.004185497760772705,-0.13900375366210938
625,471000000,imu1_frame,0.03212424054012048,-0.008261450649945028,-0.7942264611821882,0.6067158395500294,0.001953125,0.00390625,0.00390625,0.017934650182724,-0.013143599033355713,-0.13670730590820312
625,491000000,imu1_frame,0.030193463299573196,-0.008658734794704219,-0.7942658879037394,0.6067578432935307,0.001953125,0.001953125,-0.001953125,-0.016735345125198364,0.003554701805114746,-0.13892650604248047
625,511000000,imu1_frame,0.029503774892250804,-0.01053113576592958,-0.7942416928810649,0.6067938329746001,0.001953125,0.001953125,-0.001953125,-0.010609716176986694,-0.01735103130340576,-0.13902950286865234
625,531000000,imu1_frame,0.03012785107036722,-0.008626289874033778,-0.7942793458283606,0.6067439497047846,-0.00390625,-0.001953125,0.0,0.021703332662582397,0.004842847585678101,-0.13901615142822266
625,551000000,imu1_frame,0.0295379067749385,-0.01056888834549478,-0.7942290774922953,0.6068080282331744,0.001953125,-0.001953125,0.001953125,-0.010537803173065186,-0.018347561359405518,-0.1389751434326172
625,571000000,imu1_frame,0.03012952894718379,-0.008643462765978768,-0.7942556275273844,0.6067746700200286,0.0,0.001953125,0.001953125,0.021506518125534058,0.004542261362075806,-0.139007568359375
625,591000000,imu1_frame,0.03210792556095316,-0.008266561284263854,-0.7942140618703842,0.6067328646184011,0.0,0.001953125,0.001953125,0.017610281705856323,-0.013038098812103271,-0.13672542572021484
625,611000000,imu1_frame,0.030147605351941584,-0.008654178687637815,-0.7942425669476637,0.6067907150996726,0.0,0.0,0.0,-0.017412543296813965,0.004153847694396973,-0.13898277282714844
625,631000000,imu1_frame,0.032051292891984016,-0.00826013941650882,-0.794203837467278,0.6067493298496685,-0.00390625,-0.00390625,0.001953125,0.016798168420791626,-0.012275457382202148,-0.13679790496826172
625,655000000,imu1_frame,0.029747710925377882,-0.008789708293665134,-0.7942490202794852,0.6068000564501378,0.001953125,0.001953125,-0.001953125,-0.0252264142036438,0.006786376237869263,-0.139404296875
625,671000000,imu1_frame,0.03138311278051418,-0.008429276288206465,-0.7942166595651702,0.6067651483091335,0.005859375,0.0078125,0.001953125,0.004424393177032471,-0.006988346576690674,-0.1375722885131836
625,691000000,imu1_frame,0.03316508562128515,-0.007350858185849252,-0.7941945088465604,0.6067133788681729,0.005859375,0.0078125,0.001953125,0.044872671365737915,-0.0113447904586792,-0.13565635681152344
625,711000000,imu1_frame,0.03142663430760013,-0.008380623657405094,-0.7942042981801489,0.6067797496253367,-0.001953125,-0.001953125,0.0,0.00566747784614563,-0.006756722927093506,-0.13753414154052734
625,731000000,imu1_frame,0.031560017538325824,-0.01040103619197591,-0.7941372242371197,0.6068293440664155,0.001953125,-0.001953125,0.001953125,-0.016277074813842773,-0.03972131013870239,-0.1366281509399414
625,751000000,imu1_frame,0.031397289252107684,-0.00842967642099647,-0.7941822815472501,0.6068094053815096,0.0,-0.00390625,0.001953125,0.004611611366271973,-0.007184505462646484,-0.13755416870117188
625,771000000,imu1_frame,0.032817218709549296,-0.007018918260607959,-0.7941888755110896,0.606743599024375,0.0,0.0,0.0,0.04340121150016785,-0.0020847320556640625,-0.1361980438232422
625,791000000,imu1_frame,0.03140009433112172,-0.008426906439303836,-0.794182297256514,0.6068092781494244,0.0,0.0,0.0,0.004688084125518799,-0.007174789905548096,-0.13755130767822266
625,811000000,imu1_frame,0.03281766105058673,-0.0070172426817100945,-0.7941889075331725,0.6067435525653162,0.0,0.0,0.0,0.04342806339263916,-0.002064049243927002,-0.1361980438232422
625,831000000,imu1_frame,0.03140116306790422,-0.008425857768450031,-0.7941823030627903,0.6068092298084558,0.0,0.0,0.0,0.004717051982879639,-0.0071710944175720215,-0.13755130767822266
625,851000000,imu1_frame,0.0328185711607725,-0.007015950507264141,-0.7941889203066821,0.6067435015618636,0.0,0.0,0.0,0.04345753788948059,-0.002054750919342041,-0.13619709014892578
625,871000000,imu1_frame,0.03143682787418515,-0.008374337203039357,-0.7941687645408,0.6068258150057215,-0.001953125,0.005859375,0.001953125,0.005870819091796875,-0.00680232048034668,-0.13752365112304688
625,891000000,imu1_frame,0.03326918749946186,-0.009197979715234084,-0.7940953302653263,0.6068122978179382,-0.001953125,0.005859375,0.001953125,0.024500340223312378,-0.04130071401596069,-0.17398643493652344
625,911000000,imu1_frame,0.03149076422383637,-0.008374142195630692,-0.7941646081412347,0.6068284606764628,0.001953125,0.00390625,-0.001953125,0.006707549095153809,-0.00744020938873291,-0.17652034759521484
625,931000000,imu1_frame,0.032988405254138514,-0.009676219419319409,-0.7940866651536471,0.6068315286153955,-0.001953125,0.001953125,0.001953125,0.014460086822509766,-0.04540437459945679,-0.17417335510253906
625,951000000,imu1_frame,0.031540979046472746,-0.008347450666674845,-0.7941499440049977,0.6068454112416246,0.001953125,0.005859375,0.0,0.0077918171882629395,-0.007629454135894775,-0.1764669418334961
625,971000000,imu1_frame,0.029775118541265824,-0.009136537533942451,-0.7941620629247363,0.606907393107772,0.001953125,0.005859375,0.0,-0.028984487056732178,0.0010296404361724854,-0.1392507553100586
625,991000000,imu1_frame,0.03163230651360122,-0.008295299526077961,-0.7941705637783527,0.6068143874516948,0.0,0.00390625,-0.00390625,0.009845554828643799,-0.007886886596679688,-0.13730907440185547
626,11000000,imu1_frame,0.02980538224729126,-0.009204219951797078,-0.7942066140199204,0.6068465833892326,-0.001953125,-0.00390625,-0.00390625,-0.029280871152877808,-0.00035241246223449707,-0.1391916275024414
626,31000000,imu1_frame,0.03157017508305846,-0.008311426730278813,-0.7942078174977972,0.6067686436001106,-0.001953125,-0.001953125,-0.001953125,0.008720070123672485,-0.007377982139587402,-0.13738059997558594
626,51000000,imu1_frame,0.029890872106596744,-0.009357849476362213,-0.7942123396848192,0.6068325353095781,0.0,0.001953125,0.0,-0.029770076274871826,-0.0037443935871124268,-0.1390361785888672
626,71000000,imu1_frame,0.03153063422961728,-0.008319396049496398,-0.7942210061741458,0.6067533272312376,-0.001953125,-0.005859375,-0.001953125,0.008022427558898926,-0.007025599479675293,-0.13742542266845703
626,91000000,imu1_frame,0.02990428781478782,-0.009581956089130957,-0.7942088582913833,0.6068329334333246,-0.001953125,-0.005859375,0.001953125,-0.032222211360931396,-0.007382333278656006,-0.13893795013427734
626,111000000,imu1_frame,0.03148264221716746,-0.00835830443814491,-0.794198644237724,0.6067845544152441,0.0,0.0,0.001953125,0.00679701566696167,-0.007075905799865723,-0.13747310638427734
626,131000000,imu1_frame,0.029921903487114772,-0.0095426462656155,-0.7942083581024757,0.6068333391583943,0.0,0.00390625,-0.001953125,-0.0314827561378479,-0.006981194019317627,-0.1389312744140625
626,151000000,imu1_frame,0.03149450774357219,-0.008374414243065764,-0.7942102814298287,0.6067684847116137,0.001953125,-0.00390625,0.0,0.006799906492233276,-0.007458746433258057,-0.1374530792236328
626,171000000,imu1_frame,0.029580187971935755,-0.009090713703854966,-0.7942523007452036,0.6067995172747339,-0.00390625,-0.00390625,-0.00390625,-0.031395554542541504,0.004099905490875244,-0.13949298858642578
626,191000000,imu1_frame,0.03139676361257799,-0.00838431957345166,-0.7942599137646648,0.6067084438233025,-0.00390625,-0.00390625,-0.00390625,0.005205273628234863,-0.0064244866371154785,-0.13756942749023438
626,211000000,imu1_frame,0.033140493879450825,-0.009372354140367372,-0.7941959369734876,0.6066849926758513,-0.001953125,0.005859375,0.0,0.020522981882095337,-0.042417049407958984,-0.1350269317626953
626,231000000,imu1_frame,0.031330205270158944,-0.008422264736624864,-0.7942481651627619,0.6067267390102584,-0.001953125,-0.0078125,0.001953125,0.003712177276611328,-0.006234228610992432,-0.13763904571533203
626,251000000,imu1_frame,0.03325474187997948,-0.008041829067976982,-0.7942313797190826,0.6066514374805849,0.0,-0.00390625,-0.001953125,0.038103461265563965,-0.023100197315216064,-0.1353311538696289
626,271000000,imu1_frame,0.03126457369742192,-0.008451985194493855,-0.7942748316136897,0.6066948015623962,0.0,-0.00390625,-0.001953125,0.0023622214794158936,-0.00590205192565918,-0.1377096176147461
626,291000000,imu1_frame,0.033277236591330715,-0.00788085977903459,-0.7942352012508352,0.6066473132455406,0.005859375,0.0078125,0.001953125,0.04036465287208557,-0.020865797996520996,-0.13535213470458984
626,311000000,imu1_frame,0.03138778030886198,-0.008399100284796167,-0.7942596492604925,0.6067090504667685,0.0,0.00390625,0.0,0.004890710115432739,-0.006548404693603516,-0.13757610321044922
626,331000000,imu1_frame,0.033373045389022284,-0.008615628698645631,-0.7942023144569005,0.6066751144516245,0.001953125,-0.001953125,0.001953125,0.033112943172454834,-0.03342181444168091,-0.13499069213867188
626,351000000,imu1_frame,0.031414215732655716,-0.008429276087748619,-0.7942485670921868,0.6067217715119071,0.00390625,0.0,0.0,0.004934400320053101,-0.0073364973068237305,-0.13753318786621094
626,371000000,imu1_frame,0.032347684827939344,-0.006611603490877161,-0.7942975435630105,0.6066311286731988,0.001953125,0.005859375,-0.00390625,0.041026413440704346,0.009864002466201782,-0.13690471649169922
626,391000000,imu1_frame,0.03140594912357005,-0.008387998674589295,-0.7942603797923183,0.6067073074638585,-0.001953125,-0.001953125,0.001953125,0.005304992198944092,-0.006590306758880615,-0.1375570297241211
626,411000000,imu1_frame,0.03304429092790921,-0.009533417131358123,-0.7942204116079966,0.6066556903055436,0.0,0.0,-0.00390625,0.017140835523605347,-0.04376232624053955,-0.13509273529052734
626,431000000,imu1_frame,0.03140496099268065,-0.008417168110101684,-0.7943081051855115,0.6066444706272833,0.001953125,-0.001953125,-0.00390625,0.004983633756637573,-0.007001101970672607,-0.13754940032958984
626,451000000,imu1_frame,0.033147148869756,-0.007442416602223235,-0.794308397996126,0.6065641316709663,-0.001953125,0.0,-0.001953125,0.04360392689704895,-0.012473344802856445,-0.13565349578857422
626,471000000,imu1_frame,0.0314203028850558,-0.008406230146156842,-0.7943188332805753,0.6066297808030257,0.0,0.001953125,0.0,0.005360424518585205,-0.007005810737609863,-0.13753414154052734
626,491000000,imu1_frame,0.03339447524059397,-0.008313923141071485,-0.7942685726829133,0.6065913963729271,0.0,0.0,0.001953125,0.03708121180534363,-0.028949379920959473,-0.13506221771240234
626,511000000,imu1_frame,0.03136240886021785,-0.00838665270545375,-0.7943201267968073,0.6066313538982195,-0.00390625,-0.001953125,-0.001953125,0.004694253206253052,-0.00601649284362793,-0.13761138916015625
626,531000000,imu1_frame,0.033219181678665256,-0.008982977553142217,-0.7942796233225771,0.606577012470325,-0.001953125,-0.005859375,-0.001953125,0.026435405015945435,-0.03724992275238037,-0.13506412506103516
626,551000000,imu1_frame,0.031261712450351524,-0.008391826984667455,-0.7943484185910878,0.6065994332806197,-0.001953125,-0.005859375,-0.001953125,0.0030920803546905518,-0.004888057708740234,-0.13773250579833984
626,571000000,imu1_frame,0.03324973617960933,-0.008578332195216904,-0.794314590994537,0.606535405227029,0.0,0.0,-0.001953125,0.03173726797103882,-0.03130847215652466,-0.1351642608642578
626,591000000,imu1_frame,0.0312575399278658,-0.008418561087517961,-0.7943844275501556,0.6065521208376783,0.001953125,-0.001953125,-0.00390625,0.0027399063110351562,-0.005230605602264404,-0.13772964477539062
626,611000000,imu1_frame,0.03319712778800448,-0.008300514798562987,-0.7943361063507953,0.6065139753609672,-0.00390625,-0.00390625,0.001953125,0.034231752157211304,-0.026360750198364258,-0.13532352447509766
626,631000000,imu1_frame,0.031202820521229677,-0.008422201908178462,-0.7943738599780843,0.6065687274250603,0.0,0.0,0.0,0.0018379688262939453,-0.004646897315979004,-0.13779449462890625
626,651000000,imu1_frame,0.033194506476571704,-0.008327036653772841,-0.7943483913488978,0.6064976655864075,0.001953125,-0.001953125,-0.001953125,0.03388717770576477,-0.026732981204986572,-0.13531875610351562
626,671000000,imu1_frame,0.03121041507772561,-0.00843597388825384,-0.7943749201375564,0.6065667569127767,0.001953125,0.0,0.001953125,0.0017935335636138916,-0.004949629306793213,-0.13778114318847656
626,691000000,imu1_frame,0.03322732821029127,-0.0081340370786701,-0.7943271628597476,0.6065262899858443,-0.001953125,0.005859375,0.001953125,0.036666542291641235,-0.024140536785125732,-0.13533782958984375
626,711000000,imu1_frame,0.031240052013722115,-0.008418260593134882,-0.7943720069472373,0.6065692925110736,-0.001953125,0.0,-0.001953125,0.0024615228176116943,-0.0050269365310668945,-0.13775062561035156
626,731000000,imu1_frame,0.03320293179820398,-0.00833680842302166,-0.7943468810139793,0.6064990482834121,0.0,-0.00390625,-0.001953125,0.03390085697174072,-0.026985108852386475,-0.13530445098876953
626,751000000,imu1_frame,0.03117937466129877,-0.008413814820319443,-0.7943983376465504,0.6065379917699278,-0.001953125,-0.001953125,-0.001953125,0.0015932023525238037,-0.004223823547363281,-0.13782596588134766
626,771000000,imu1_frame,0.03318686446613794,-0.00839629626795672,-0.7943699612550056,0.606468877100555,0.001953125,0.0,-0.001953125,0.03296610713005066,-0.02770256996154785,-0.13530540466308594
626,791000000,imu1_frame,0.03118538704648479,-0.008440378596678746,-0.7943991126734793,0.606536298524247,0.001953125,-0.001953125,0.001953125,0.0013725459575653076,-0.0047067999839782715,-0.13780975341796875
626,811000000,imu1_frame,0.033134695242827895,-0.008210738187497573,-0.7944018272421901,0.6064325293252755,0.0,-0.00390625,-0.005859375,0.03438228368759155,-0.02418452501296997,-0.13543415069580078
626,831000000,imu1_frame,0.031135665596528278,-0.008455837570750859,-0.7944370275677931,0.6064889762956026,0.0,-0.001953125,0.0,0.00044801831245422363,-0.004334747791290283,-0.1378650665283203
626,851000000,imu1_frame,0.03315260041155376,-0.008147792139630848,-0.7943910970101072,0.6064464556416171,0.001953125,0.00390625,0.001953125,0.03539738059043884,-0.02342665195465088,-0.13543128967285156
626,871000000,imu1_frame,0.031177581074185032,-0.00844891677071038,-0.794423800187108,0.6065042456075952,0.0,0.0,0.0,0.0011703073978424072,-0.004731178283691406,-0.1378173828125
626,891000000,imu1_frame,0.03315211672398052,-0.008147767792907504,-0.7943911079020634,0.6064464681427739,0.0,0.0,0.0,0.03539004921913147,-0.02342045307159424,-0.13543128967285156
626,911000000,imu1_frame,0.031177123359948013,-0.008449002645491189,-0.794423806964998,0.606504259062156,0.0,0.0,0.0,0.001162201166152954,-0.004727184772491455,-0.1378173828125
626,931000000,imu1_frame,0.033151751829951545,-0.008147691171554918,-0.7943911175977187,0.606446476419004,0.0,0.0,0.0,0.035385310649871826,-0.023414909839630127,-0.13543224334716797
626,951000000,imu1_frame,0.03117678810576808,-0.008449075279667567,-0.7944238116667359,0.6065042691253055,0.0,0.0,0.0,0.0011561214923858643,-0.004724323749542236,-0.1378173828125
626,971000000,imu1_frame,0.033151472594919525,-0.008147584099058825,-0.7943911262463075,0.6064464817931258,0.0,0.0,0.0,0.03538227081298828,-0.02340996265411377,-0.13543224334716797
626,991000000,imu1_frame,0.03117653902231706,-0.008449133313743931,-0.7944238150568413,0.6065042766801978,0.0,0.0,0.0,0.0011515915393829346,-0.004722297191619873,-0.1378183364868164
627,11000000,imu1_frame,0.03315125819438735,-0.008147472443484618,-0.7943911336400313,0.606446485328275,0.0,0.0,0.0,0.03538033366203308,-0.023405730724334717,-0.13543224334716797
627,31000000,imu1_frame,0.03117635272671922,-0.008449181137344833,-0.7944238174655514,0.6065042824351925,0.0,0.0,0.0,0.0011481642723083496,-0.004720866680145264,-0.1378183364868164
627,51000000,imu1_frame,0.033151092640978715,-0.00814736573209804,-0.7943911398606197,0.6064464876634063,0.0,0.0,0.0,0.03537902235984802,-0.023402094841003418,-0.13543224334716797
627,71000000,imu1_frame,0.031176212401823937,-0.008449222582018977,-0.7944238191332502,0.6065042868865618,0.0,0.0,0.0,0.001145482063293457,-0.004719853401184082,-0.1378183364868164
627,91000000,imu1_frame,0.03315096181818425,-0.008147247112385674,-0.7943911456495011,0.6064464888254301,0.0,0.0,0.0,0.03537836670875549,-0.02339869737625122,-0.13543319702148438
627,111000000,imu1_frame,0.031176107296045044,-0.008449258617289417,-0.7944238202494728,0.6065042903252353,0.0,0.0,0.0,0.001143425703048706,-0.004719138145446777,-0.1378183364868164
627,131000000,imu1_frame,0.03315085807985861,-0.008147129510343019,-0.7943911508386287,0.606446489278807,0.0,0.0,0.0,0.03537812829017639,-0.023395657539367676,-0.13543319702148438
627,151000000,imu1_frame,0.03117602743114013,-0.0084492884978917,-0.7944238210329584,0.6065042929880102,0.0,0.0,0.0,0.0011418163776397705,-0.004718661308288574,-0.1378183364868164
627,171000000,imu1_frame,0.033150774940212124,-0.008147014014334021,-0.7943911555393708,0.6064464892175869,0.0,0.0,0.0,0.03537824749946594,-0.023392856121063232,-0.13543319702148438
627,191000000,imu1_frame,0.03117596771481436,-0.008449318589375546,-0.7944238214118666,0.6065042951420763,0.0,0.0,0.0,0.001140505075454712,-0.004718422889709473,-0.1378183364868164
627,211000000,imu1_frame,0.03315070243899287,-0.00814686586489233,-0.7943911608438717,0.6064464882225857,0.0,0.0,0.0,0.035378843545913696,-0.023389697074890137,-0.13543319702148438
627,231000000,imu1_frame,0.031175922819863425,-0.008449345872906515,-0.7944238215701741,0.606504296862347,0.0,0.0,0.0,0.0011395514011383057,-0.004718303680419922,-0.1378183364868164
627,251000000,imu1_frame,0.03315064568714407,-0.00814674747008616,-0.7943911650601623,0.6064464873923683,0.0,0.0,0.0,0.035379379987716675,-0.02338719367980957,-0.13543415069580078
627,271000000,imu1_frame,0.031175888581427717,-0.008449371286954594,-0.7944238215689867,0.6065042982697982,0.0,0.0,0.0,0.0011386275291442871,-0.004718184471130371,-0.1378183364868164
627,291000000,imu1_frame,0.03315060237001736,-0.00814664710506551,-0.7943911685286791,0.6064464865650473,0.0,0.0,0.0,0.03537991642951965,-0.023385167121887207,-0.13543415069580078
627,311000000,imu1_frame,0.031175863839450386,-0.008449389954294386,-0.7944238215604361,0.6065042992927393,0.0,0.0,0.0,0.0011380016803741455,-0.0047182440757751465,-0.1378183364868164
627,331000000,imu1_frame,0.03315056112929826,-0.008146519638244145,-0.794391172641491,0.606446485144298,0.0,0.0,0.0,0.03538072109222412,-0.023382604122161865,-0.13543415069580078
627,351000000,imu1_frame,0.031175845697632164,-0.008449412550140378,-0.7944238213133461,0.6065043002341332,0.0,0.0,0.0,0.00113755464553833,-0.004718422889709473,-0.1378183364868164
627,371000000,imu1_frame,0.03315052266095459,-0.008146386271468707,-0.7943911768492742,0.6064464835268207,0.0,0.0,0.0,0.0353817343711853,-0.023380160331726074,-0.13543415069580078
627,391000000,imu1_frame,0.03117583114532505,-0.008449432550285131,-0.7944238210672894,0.6065043010258244,0.0,0.0,0.0,0.001137077808380127,-0.004718601703643799,-0.1378183364868164
627,411000000,imu1_frame,0.03315048836331022,-0.008146250087233632,-0.7943911810362075,0.6064464817464851,0.0,0.0,0.0,0.035382866859436035,-0.023377597332000732,-0.13543415069580078
627,431000000,imu1_frame,0.03117582146371127,-0.008449456554460317,-0.7944238206099685,0.6065043017880892,0.0,0.0,0.0,0.0011365413665771484,-0.00471872091293335,-0.1378183364868164
627,451000000,imu1_frame,0.033150462178532986,-0.008146136812623278,-0.7943911844691077,0.6064464802026208,0.0,0.0,0.0,0.03538385033607483,-0.023375511169433594,-0.13543415069580078
627,471000000,imu1_frame,0.031175815488034428,-0.008449476243848822,-0.7944238201999351,0.606504302358031,0.0,0.0,0.0,0.0011362135410308838,-0.004719078540802002,-0.1378183364868164
627,491000000,imu1_frame,0.03315043019439351,-0.008145977444987552,-0.7943911891959387,0.6064464778999501,0.0,0.0,0.0,0.0353851318359375,-0.023372650146484375,-0.13543415069580078
627,511000000,imu1_frame,0.031175811249673363,-0.008449498883354516,-0.7944238196811069,0.6065043029400742,0.0,0.0,0.0,0.0011359751224517822,-0.004719436168670654,-0.1378183364868164
627,531000000,imu1_frame,0.03315039819430683,-0.008145816380866658,-0.7943911939712591,0.6064464755573782,0.0,0.0,0.0,0.035386621952056885,-0.02336984872817993,-0.13543415069580078
627,551000000,imu1_frame,0.031175807345627325,-0.008449522081709938,-0.7944238191380049,0.6065043035289409,0.0,0.0,0.0,0.0011355280876159668,-0.004719674587249756,-0.1378183364868164
627,571000000,imu1_frame,0.033150373149675276,-0.008145677939453358,-0.794391198022938,0.6064464734785956,0.0,0.0,0.0,0.03538784384727478,-0.023367345333099365,-0.13543415069580078
627,591000000,imu1_frame,0.03117580692164732,-0.008449544118659402,-0.7944238185563192,0.6065043040056414,0.0,0.0,0.0,0.0011352896690368652,-0.004719972610473633,-0.1378183364868164
627,611000000,imu1_frame,0.03315034833825943,-0.00814553523042453,-0.7943912021772547,0.606446471309907,0.0,0.0,0.0,0.035389214754104614,-0.0233648419380188,-0.13543415069580078
627,631000000,imu1_frame,0.031175806962363894,-0.00844956489003501,-0.7944238179981028,0.6065043044453451,0.0,0.0,0.0,0.0011350810527801514,-0.004720330238342285,-0.1378183364868164
627,656000000,imu1_frame,0.03364386625576617,-0.008069371038150249,-0.7943825582029138,0.6064316340177244,0.0,0.0,0.0,0.04395201802253723,-0.028021275997161865,-0.13481426239013672
627,671000000,imu1_frame,0.032163327611712374,-0.00829746388563154,-0.7944079043643462,0.6064756828871675,0.0,0.0,0.0,0.01826786994934082,-0.014045238494873047,-0.13664627075195312
627,691000000,imu1_frame,0.030190685226069564,-0.008601279531682703,-0.7944389015099241,0.6065322516434747,0.0,0.0,0.0,-0.015956997871398926,0.004583686590194702,-0.13894939422607422
627,711000000,imu1_frame,0.03216319309243523,-0.008297477479710009,-0.7944079067612486,0.6064756866955044,0.0,0.0,0.0,0.018265187740325928,-0.014043271541595459,-0.13664627075195312
627,731000000,imu1_frame,0.030190553036305117,-0.008601355394457612,-0.7944389020122257,0.6065322564895865,0.0,0.0,0.0,-0.01595991849899292,0.0045840442180633545,-0.13894939422607422
627,751000000,imu1_frame,0.03216304741921132,-0.008297466148512166,-0.794407910008268,0.606475690322802,0.0,0.0,0.0,0.01826298236846924,-0.014041364192962646,-0.13664627075195312
627,771000000,imu1_frame,0.0301904149204922,-0.008601430126247547,-0.7944389026661917,0.60653226144802,0.0,0.0,0.0,-0.015963047742843628,0.004584670066833496,-0.13895034790039062
627,791000000,imu1_frame,0.02951380908882917,-0.010485557990300954,-0.7944025955399787,0.6065834685729946,0.0,0.0,0.0,-0.00977739691734314,-0.016674160957336426,-0.1390361785888672
627,811000000,imu1_frame,0.030190579321121395,-0.008601027148896163,-0.7944389097418889,0.606532249711718,0.0,0.0,0.0,0.02310660481452942,0.004589200019836426,-0.13894939422607422
627,831000000,imu1_frame,0.029513965935904055,-0.01048514350453331,-0.7944026037256842,0.6065834573859376,0.0,0.0,0.0,-0.009770065546035767,-0.01666945219039917,-0.1390371322631836
627,851000000,imu1_frame,0.030190734173788775,-0.00860061728910651,-0.7944389171557933,0.6065322381049704,0.0,0.0,0.0,0.02311381697654724,0.004593849182128906,-0.13894939422607422
627,871000000,imu1_frame,0.029514122803387072,-0.01048472517355972,-0.7944026120219989,0.6065834461191689,0.0,0.0,0.0,-0.009762614965438843,-0.016664862632751465,-0.1390371322631836
627,891000000,imu1_frame,0.030190869993186865,-0.008600197170437607,-0.794438925164236,0.6065322268120447,0.0,0.0,0.0,0.023120909929275513,0.004598796367645264,-0.13895034790039062
627,911000000,imu1_frame,0.029514293227407163,-0.010484307993570828,-0.7944026200387004,0.6065834345387537,0.0,0.0,0.0,-0.009754985570907593,-0.01666039228439331,-0.1390371322631836
627,931000000,imu1_frame,0.030190995103382204,-0.00859977005409795,-0.7944389335274117,0.606532215686449,0.0,0.0,0.0,0.02312794327735901,0.0046038031578063965,-0.13894939422607422
627,951000000,imu1_frame,0.029514450943092744,-0.010483882785323393,-0.7944026285005119,0.6065834231321763,0.0,0.0,0.0,-0.009747534990310669,-0.016655564308166504,-0.1390361785888672
627,971000000,imu1_frame,0.030191351900493303,-0.008598773031791714,-0.7944507864990646,0.6065166866655738,0.0,0.0,-0.001953125,0.023154914379119873,0.004622340202331543,-0.13894939422607422
627,991000000,imu1_frame,0.02940991038761507,-0.010538426323898183,-0.7944180446107779,0.6065673657050767,-0.001953125,-0.01171875,0.0,-0.012005388736724854,-0.016257107257843018,-0.13913440704345703
628,11000000,imu1_frame,0.03025189161074556,-0.008705573792490097,-0.794461422307523,0.6064982147574903,0.0,0.001953125,-0.001953125,0.022838324308395386,0.002255082130432129,-0.13884258270263672
628,31000000,imu1_frame,0.029485875633074147,-0.010462503086827255,-0.7944150780209371,0.6065688773587855,0.0,0.009765625,0.001953125,-0.009927600622177124,-0.015978991985321045,-0.13907814025878906
628,51000000,imu1_frame,0.03017608600440205,-0.008626310889627934,-0.7944395214514033,0.6065318106661477,-0.001953125,-0.005859375,0.001953125,0.022582173347473145,0.004368573427200317,-0.13895893096923828
628,71000000,imu1_frame,0.02946521668919627,-0.010522771378399158,-0.7943923832415575,0.6065985606113612,-0.001953125,-0.00390625,0.001953125,-0.010982125997543335,-0.01668238639831543,-0.13907718658447266
628,91000000,imu1_frame,0.03026465543933732,-0.008645630362422774,-0.7944367667236786,0.6065307307831997,0.001953125,0.005859375,-0.001953125,0.023726999759674072,0.00301969051361084,-0.13884639739990234
628,111000000,imu1_frame,0.02945920639804277,-0.010459835505155758,-0.7944039488920285,0.6065847945541941,0.0,0.001953125,0.0,-0.010319799184799194,-0.01562821865081787,-0.13910961151123047
628,131000000,imu1_frame,0.03021850747952576,-0.008632774517506419,-0.7944499751317056,0.6065159140723944,-0.001953125,-0.00390625,-0.001953125,0.023173093795776367,0.003773033618927002,-0.13890647888183594
628,151000000,imu1_frame,0.029450660868709486,-0.010489371026602608,-0.79441614128911,0.6065687315788569,-0.001953125,-0.001953125,0.0,-0.010792344808578491,-0.015978753566741943,-0.13910770416259766
628,171000000,imu1_frame,0.030302800064689706,-0.008632309985467846,-0.7944353528143717,0.6065308679129686,0.001953125,0.005859375,0.001953125,0.024476438760757446,0.002774447202682495,-0.13880634307861328
628,191000000,imu1_frame,0.029438382486175304,-0.01040773686686543,-0.7944160393401085,0.606570867326385,-0.001953125,0.001953125,-0.001953125,-0.010015606880187988,-0.014566779136657715,-0.13915538787841797
628,211000000,imu1_frame,0.030352067976660922,-0.008617675343241085,-0.7944454124856494,0.6065154360951787,0.001953125,0.001953125,0.0,0.02542358636856079,0.002425074577331543,-0.13875293731689453
628,231000000,imu1_frame,0.029440998489696855,-0.010378852003975756,-0.794415949147859,0.6065713534107227,0.0,0.001953125,0.0,-0.00963255763053894,-0.014149606227874756,-0.13916397094726562
628,251000000,imu1_frame,0.030364856617785305,-0.00858565920105929,-0.7944447575848536,0.6065161078525516,0.0,0.001953125,0.0,0.02600124478340149,0.002770334482192993,-0.1387491226196289
628,271000000,imu1_frame,0.029428490572078865,-0.010371913812617064,-0.7944281766810581,0.6065560645494549,0.0,-0.001953125,-0.001953125,-0.00973445177078247,-0.013887226581573486,-0.13918209075927734
628,291000000,imu1_frame,0.03041037375495812,-0.00859910657044428,-0.794443378477039,0.6065154432726851,0.001953125,0.00390625,0.001953125,0.026547998189926147,0.0020224452018737793,-0.13868999481201172
628,311000000,imu1_frame,0.029483139507527296,-0.010289981843839124,-0.7944024665488185,0.6065884782120301,0.0,0.0078125,0.001953125,-0.007935822010040283,-0.013276278972625732,-0.13915157318115234
628,331000000,imu1_frame,0.030441521972707122,-0.008502599719510291,-0.7944419767759449,0.6065170773146656,0.001953125,0.00390625,-0.001953125,0.028174668550491333,0.003151237964630127,-0.1386852264404297
628,351000000,imu1_frame,0.029448928661155203,-0.010280042471373504,-0.7944037242586268,0.6065886614597412,0.0,-0.00390625,0.001953125,-0.008348435163497925,-0.012716710567474365,-0.13919448852539062
628,371000000,imu1_frame,0.030490022431424797,-0.008539549424155864,-0.7944168926129,0.6065469770421972,0.001953125,0.00390625,0.001953125,0.028469860553741455,0.0019887685775756836,-0.13861560821533203
628,391000000,imu1_frame,0.02943205768928681,-0.010257330853080029,-0.7943925734867807,0.6066044677819267,0.0,-0.001953125,0.0,-0.008350670337677002,-0.012170910835266113,-0.13922405242919922
628,411000000,imu1_frame,0.030507300580321087,-0.00854824530298443,-0.7944281843908156,0.6065311961960853,0.0,0.001953125,-0.001953125,0.028644472360610962,0.0016563236713409424,-0.13859176635742188
628,431000000,imu1_frame,0.02940866553200144,-0.010262252650147033,-0.794405287188479,0.6065888692097485,0.0,-0.00390625,0.0,-0.008761823177337646,-0.01196354627609253,-0.13924884796142578
628,451000000,imu1_frame,0.03050719537695456,-0.008591439242041681,-0.7944283205271248,0.6065304128783938,0.0,0.0,0.0,0.02813085913658142,0.000987321138381958,-0.1385784149169922
628,471000000,imu1_frame,0.0294639881573752,-0.010268399718690986,-0.7944156533164608,0.6065725044336084,0.00390625,0.00390625,-0.001953125,-0.007966488599777222,-0.012707531452178955,-0.13918209075927734
628,491000000,imu1_frame,0.03053525881662236,-0.00848073169568966,-0.7944512368700085,0.6065005419574013,0.001953125,0.009765625,-0.001953125,0.029897868633270264,0.0023877620697021484,-0.1385812759399414
628,511000000,imu1_frame,0.029509678224145703,-0.010186693787726988,-0.7944141716636814,0.606573601486818,0.001953125,0.001953125,0.001953125,-0.006289273500442505,-0.011980831623077393,-0.1391620635986328
628,531000000,imu1_frame,0.030464027501595606,-0.008440937518527519,-0.7944535659786112,0.6065016282798084,-0.001953125,-0.001953125,-0.001953125,0.02926468849182129,0.003849238157272339,-0.13867950439453125
628,551000000,imu1_frame,0.02954228171642247,-0.010205627413176257,-0.7944368021845677,0.6065420563282063,0.001953125,0.001953125,-0.001953125,-0.005988031625747681,-0.012647747993469238,-0.13911724090576172
628,571000000,imu1_frame,0.030475875818743045,-0.008389582874262176,-0.7944411961869329,0.606517948368679,0.001953125,0.005859375,0.00390625,0.030047476291656494,0.0044984519481658936,-0.13868141174316406
628,591000000,imu1_frame,0.02959832818571254,-0.010168432286068653,-0.7943995253721071,0.6065887701252188,0.00390625,0.00390625,0.001953125,-0.004707604646682739,-0.012754201889038086,-0.1390666961669922
628,611000000,imu1_frame,0.03038046698156143,-0.0083082388210031,-0.7944321797083289,0.6065356644398983,0.0,0.001953125,0.0,0.029522091150283813,0.006883710622787476,-0.1388225555419922
628,631000000,imu1_frame,0.02965973937068898,-0.010131571587401775,-0.7943855844118041,0.6066046442258324,0.001953125,0.005859375,0.001953125,-0.003328174352645874,-0.0129164457321167,-0.13901042938232422
628,651000000,imu1_frame,0.030298591926143738,-0.008228955437503564,-0.7944222330169457,0.6065538684305544,0.001953125,0.001953125,0.0,0.02918180823326111,0.009076535701751709,-0.1389446258544922
628,671000000,imu1_frame,0.029711420414030007,-0.010102265577159101,-0.794372036352691,0.6066203455111507,0.001953125,0.005859375,0.001953125,-0.002189159393310547,-0.0130806565284729,-0.1389617919921875
628,691000000,imu1_frame,0.03027148845233982,-0.008141322049794593,-0.7944098693614301,0.6065725969109691,0.005859375,0.009765625,0.0,0.029789745807647705,0.01074942946434021,-0.13900470733642578
628,711000000,imu1_frame,0.029738447239345895,-0.010018820478899355,-0.7943701197939322,0.6066229148083497,0.0,0.005859375,0.0,-0.000781714916229248,-0.01210641860961914,-0.1389627456665039
628,731000000,imu1_frame,0.030131112742753076,-0.008074498373757644,-0.7944010380277136,0.60659204520121,0.0,-0.001953125,0.001953125,0.028393864631652832,0.013441473245620728,-0.1391916275024414
628,751000000,imu1_frame,0.030472442671316425,-0.009863377062377821,-0.7944304127360465,0.6065100686308543,0.03125,0.068359375,-0.015625,0.012516438961029053,-0.018340706825256348,-0.13815975189208984
628,771000000,imu1_frame,0.02853791676501101,-0.00922871729711085,-0.7945999311460169,0.6063920905705387,-0.001953125,-0.00390625,-0.01953125,-0.00988420844078064,0.014484554529190063,-0.14062881469726562
628,791000000,imu1_frame,0.030548650159559185,-0.009838318976412436,-0.7945825541733025,0.6063073082658482,0.005859375,0.009765625,-0.005859375,0.014126569032669067,-0.018762946128845215,-0.1380786895751953
628,811000000,imu1_frame,0.028502761675616984,-0.00935555349548585,-0.7946446709451789,0.6063331700757301,-0.005859375,-0.009765625,-0.001953125,-0.011897921562194824,0.012955784797668457,-0.14062118530273438
628,831000000,imu1_frame,0.029912895523790305,-0.009961242131422292,-0.7945692592100304,0.6063544216504119,-0.01953125,-0.052734375,0.0078125,0.0027783215045928955,-0.013162434101104736,-0.13878250122070312
628,851000000,imu1_frame,0.028640745843757528,-0.008275387962568655,-0.7945789897354166,0.6064284415350476,-0.0234375,-0.06640625,0.01171875,0.0029952824115753174,0.028056174516677856,-0.1408395767211914
628,871000000,imu1_frame,0.029392060082803824,-0.009944878844015258,-0.7944995072831569,0.6064715484799661,-0.021484375,-0.052734375,0.005859375,-0.005179852247238159,-0.006788849830627441,-0.13939285278320312
628,891000000,imu1_frame,0.030764420414115607,-0.008867313246849627,-0.7944844628414797,0.6064399059229624,-0.009765625,-0.025390625,0.00390625,0.028903961181640625,-0.006301581859588623,-0.13817596435546875
628,911000000,imu1_frame,0.029203245061468344,-0.010146115615017144,-0.794468509342144,0.6065179424217211,0.0,-0.001953125,0.001953125,-0.010524481534957886,-0.0076964497566223145,-0.13952922821044922
628,931000000,imu1_frame,0.03064668064022315,-0.008909785123144786,-0.7944410825177556,0.6065020718042209,-0.00390625,-0.009765625,0.005859375,0.02653515338897705,-0.005595088005065918,-0.13830184936523438
628,951000000,imu1_frame,0.028978511292410667,-0.010239621551454572,-0.794426917201353,0.6065816262134168,-0.009765625,-0.013671875,0.001953125,-0.015159308910369873,-0.006512105464935303,-0.13974857330322266
628,971000000,imu1_frame,0.030385234715414544,-0.009174769701835193,-0.794411866212094,0.6065495428517158,-0.005859375,-0.0234375,0.00390625,0.01930779218673706,-0.006633460521697998,-0.1385202407836914
628,991000000,imu1_frame,0.028808882410489282,-0.010466461863086538,-0.7944074869994954,0.6066112808623607,0.0,-0.00390625,0.0,-0.020500123500823975,-0.00803607702255249,-0.1398477554321289
629,11000000,imu1_frame,0.03061318851905147,-0.009149508082613951,-0.7944401501673566,0.6065014154910203,0.01171875,0.0234375,-0.005859375,0.02317255735397339,-0.008920073509216309,-0.1382579803466797
629,31000000,imu1_frame,0.029147548754721697,-0.010120086910093506,-0.7944594565552923,0.6065329143025902,0.0078125,0.0234375,-0.00390625,-0.011088907718658447,-0.006638765335083008,-0.1396036148071289
629,51000000,imu1_frame,0.030934657606907556,-0.008910893964395605,-0.7944782878140403,0.6064386969179735,0.005859375,0.015625,-0.00390625,0.031027555465698242,-0.008994519710540771,-0.1379547119140625
629,71000000,imu1_frame,0.029309796452919364,-0.009970777687348237,-0.7944905556055392,0.6064868312484615,0.0,0.005859375,-0.001953125,-0.006772249937057495,-0.0062233805656433105,-0.13947677612304688
629,91000000,imu1_frame,0.03106369754131981,-0.008856382479228535,-0.7944970407567619,0.6064083305934964,0.001953125,0.0078125,-0.001953125,0.03369435667991638,-0.009662449359893799,-0.1378173828125
629,111000000,imu1_frame,0.02933994011707332,-0.009975207034041669,-0.7945019997360547,0.606470308897282,0.001953125,-0.005859375,0.0,-0.006346791982650757,-0.006642401218414307,-0.13944053649902344
629,131000000,imu1_frame,0.030928068006725415,-0.008829403059654708,-0.7944911005193783,0.6064234390642306,-0.00390625,-0.00390625,0.001953125,0.031901657581329346,-0.00764387845993042,-0.13799095153808594
629,151000000,imu1_frame,0.029373570308166796,-0.00999149271546191,-0.7944999831663918,0.6064710547002811,0.001953125,0.005859375,-0.001953125,-0.006018936634063721,-0.007293879985809326,-0.13939666748046875
629,171000000,imu1_frame,0.031034605409629185,-0.008741467905335585,-0.7945119676293164,0.6063919304375024,0.00390625,0.0078125,-0.001953125,0.03461647033691406,-0.007525503635406494,-0.1378927230834961
629,191000000,imu1_frame,0.029429956982901503,-0.009932433706813824,-0.7944989213952688,0.60647068213921,0.0,0.0,0.001953125,-0.004443645477294922,-0.007044672966003418,-0.13935470581054688
629,211000000,imu1_frame,0.03106007246719186,-0.008742653741794577,-0.7945112642467845,0.606391531016768,0.001953125,0.001953125,-0.001953125,0.034997642040252686,-0.007845461368560791,-0.1378612518310547
629,231000000,imu1_frame,0.029532860244212433,-0.009872248634771343,-0.7945077005574436,0.6064551612671892,0.001953125,0.009765625,0.0,-0.002124011516571045,-0.00732266902923584,-0.13925933837890625
629,251000000,imu1_frame,0.031096987433112094,-0.008594608982327947,-0.7945106254141548,0.6063925924457142,-0.001953125,0.001953125,0.0,0.03732520341873169,-0.0059844255447387695,-0.13786697387695312
629,271000000,imu1_frame,0.02972009065172066,-0.009855485607357078,-0.7945254017740397,0.6064230961555614,0.009765625,0.013671875,-0.00390625,0.0009988844394683838,-0.00926661491394043,-0.13904857635498047
629,291000000,imu1_frame,0.03082348880970871,-0.007972298598649693,-0.794559132351998,0.6063514988756042,0.01171875,0.025390625,-0.001953125,0.040489792823791504,0.006939232349395752,-0.1383991241455078
629,311000000,imu1_frame,0.02979285246150289,-0.009683432118755698,-0.794558624068573,0.6063787677704958,0.0,0.0,-0.00390625,0.004196077585220337,-0.007437407970428467,-0.13902950286865234
629,331000000,imu1_frame,0.030897201621592537,-0.007948328543040013,-0.7946156626325065,0.6062739774264017,0.0,0.005859375,-0.005859375,0.04196500778198242,0.0064758360385894775,-0.13831710815429688
629,351000000,imu1_frame,0.02992860085021576,-0.009578173108624749,-0.7946367228425938,0.6062714047033987,0.001953125,0.01171875,-0.0078125,0.00761789083480835,-0.007363319396972656,-0.13891029357910156
629,371000000,imu1_frame,0.028199501203517535,-0.010693117460404,-0.7946628990153971,0.606301346113709,0.0,-0.005859375,-0.00390625,-0.03244474530220032,-0.004212558269500732,-0.14043331146240234
629,391000000,imu1_frame,0.029851559805931342,-0.009606801998523993,-0.7946748962426416,0.6062247132988402,-0.001953125,-0.001953125,-0.001953125,0.006112724542617798,-0.0068746209144592285,-0.1389904022216797
629,411000000,imu1_frame,0.028457252058779987,-0.011175036432415667,-0.7946837792283283,0.6062532427932892,-0.005859375,-0.01171875,-0.00390625,-0.03413042426109314,-0.01473081111907959,-0.13994216918945312
629,431000000,imu1_frame,0.029816775382190498,-0.009684145758649145,-0.7947230141079161,0.6061621136906877,0.001953125,0.001953125,-0.00390625,0.004695922136306763,-0.007636606693267822,-0.13900089263916016
629,451000000,imu1_frame,0.02946223012423998,-0.007710428582667773,-0.7947670120663877,0.6061500827503404,-0.001953125,-0.001953125,0.001953125,0.022601813077926636,0.027224957942962646,-0.14008331298828125
629,471000000,imu1_frame,0.02971129288977832,-0.009733205989978675,-0.7947150883950029,0.6061768983170648,-0.001953125,-0.01171875,0.0,0.0024685263633728027,-0.007156014442443848,-0.13910484313964844
629,491000000,imu1_frame,0.0312451985574387,-0.008510608400163764,-0.7947064227456995,0.6061295313367423,-0.00390625,-0.00390625,0.001953125,0.04078605771064758,-0.006308555603027344,-0.13771438598632812
629,511000000,imu1_frame,0.02977177401596412,-0.009715206246460705,-0.7947122509530474,0.6061779395727558,0.001953125,0.009765625,-0.001953125,0.003619760274887085,-0.0075934529304504395,-0.13904190063476562
629,531000000,imu1_frame,0.030942625830226392,-0.008053809597567888,-0.7947436576938354,0.6061024736899865,0.001953125,0.00390625,-0.001953125,0.04152488708496094,0.00438275933265686,-0.1382293701171875
629,551000000,imu1_frame,0.029732022722106764,-0.009707507992372114,-0.7947137232823545,0.6061780836850899,-0.001953125,-0.005859375,0.001953125,0.0030942559242248535,-0.007003128528594971,-0.13909149169921875
629,571000000,imu1_frame,0.03139700704357908,-0.008637181132434875,-0.7947226018802782,0.6060986826511272,0.0,-0.001953125,-0.001953125,0.04165971279144287,-0.010057210922241211,-0.13748550415039062
629,591000000,imu1_frame,0.029732425998951515,-0.009704839279397625,-0.7947492645648216,0.6061315083481909,0.0,0.001953125,-0.00390625,0.0031616389751434326,-0.006946146488189697,-0.13909149169921875
629,611000000,imu1_frame,0.031434358625488594,-0.00869271008645354,-0.7947559763658828,0.6060521891057479,0.0,-0.001953125,-0.001953125,0.041610538959503174,-0.011339426040649414,-0.137420654296875
629,631000000,imu1_frame,0.02970989014243481,-0.009669919088373325,-0.7947851520165092,0.6060861137055057,-0.00390625,0.001953125,-0.00390625,0.003254711627960205,-0.006117105484008789,-0.1391305923461914
629,651000000,imu1_frame,0.03178188736320734,-0.009444271163716437,-0.7947626374650183,0.6060140819052531,0.00390625,0.0078125,-0.001953125,0.038117170333862305,-0.027109622955322266,-0.13672447204589844
629,671000000,imu1_frame,0.029758184469060457,-0.009642065960472141,-0.7947949772202669,0.6060713037312975,-0.00390625,-0.001953125,0.0,0.004343569278717041,-0.006249904632568359,-0.1390857696533203
629,691000000,imu1_frame,0.03161589146959354,-0.010257964225532745,-0.7947442592397056,0.6060336393155602,-0.00390625,-0.001953125,0.0,0.025884151458740234,-0.03779268264770508,-0.13661670684814453
629,711000000,imu1_frame,0.029695361050755417,-0.00962610656425006,-0.794808289512824,0.6060571809047213,-0.001953125,-0.001953125,-0.001953125,0.0035669803619384766,-0.005251944065093994,-0.13916397094726562
629,731000000,imu1_frame,0.031480251755976414,-0.010218433713744377,-0.794750488174074,0.6060331995104634,-0.005859375,-0.01171875,0.001953125,0.024249136447906494,-0.035572588443756104,-0.13680076599121094
629,751000000,imu1_frame,0.02945666288193145,-0.009610182116249115,-0.7947822891683795,0.6061031778796604,-0.005859375,-0.01171875,0.00390625,2.3573637008666992e-05,-0.002198457717895508,-0.13944625854492188
629,771000000,imu1_frame,0.03129099168497291,-0.009919059538643539,-0.7947200664182908,0.606087866673923,-0.005859375,-0.013671875,0.00390625,0.024826228618621826,-0.028707385063171387,-0.13715076446533203
629,791000000,imu1_frame,0.029209353992413783,-0.009611431393888408,-0.7947806154753354,0.6061173213912908,-0.00390625,-0.01171875,-0.001953125,-0.003836899995803833,0.0007043182849884033,-0.13972949981689453
629,811000000,imu1_frame,0.031242256679485544,-0.009758384183223275,-0.7947508854905133,0.6060525763890051,0.001953125,0.00390625,-0.001953125,0.025998324155807495,-0.025618374347686768,-0.13727188110351562
629,831000000,imu1_frame,0.029323823873129463,-0.009588931011036233,-0.7947763551699171,0.6061177369276906,0.001953125,0.0078125,0.001953125,-0.0017944574356079102,-0.00030171871185302734,-0.13960647583007812
629,851000000,imu1_frame,0.03124123629933863,-0.009890387542292472,-0.7947350082374494,0.606071309394013,-0.001953125,-0.005859375,0.0,0.02440527081489563,-0.02766519784927368,-0.1372222900390625
629,871000000,imu1_frame,0.029110569467078098,-0.009619474856280149,-0.7947725260384418,0.6061325534099502,-0.005859375,-0.015625,0.001953125,-0.0054743289947509766,0.0017426013946533203,-0.13983917236328125
629,891000000,imu1_frame,0.031163964087207306,-0.009709304673673196,-0.794731613645954,0.6060826668176734,0.001953125,0.005859375,0.0,0.025345951318740845,-0.023943006992340088,-0.13738536834716797
629,911000000,imu1_frame,0.029199454453444025,-0.009609312954397039,-0.7947804353871606,0.6061180681104643,0.0,0.00390625,-0.001953125,-0.003965914249420166,0.0008542835712432861,-0.1397418975830078
629,931000000,imu1_frame,0.03121994427576816,-0.009745011592337349,-0.7947508309894927,0.6060540128321846,0.0,0.00390625,-0.001953125,0.02580973505973816,-0.025147080421447754,-0.13730335235595703
629,951000000,imu1_frame,0.029191224300187002,-0.00967499045461249,-0.7947799736417369,0.6061180252076316,0.001953125,-0.005859375,0.001953125,-0.004872143268585205,-6.848573684692383e-05,-0.1397266387939453
629,971000000,imu1_frame,0.031139794991589212,-0.009657673371717595,-0.7947468928639515,0.6060646985232037,0.0,-0.005859375,0.0,0.025594890117645264,-0.022846519947052002,-0.1374349594116211
629,991000000,imu1_frame,0.029049673354707435,-0.009731418097232892,-0.7947628487064021,0.6061463769551757,0.0,-0.01171875,0.00390625,-0.007754862308502197,0.0007190406322479248,-0.13986587524414062
630,11000000,imu1_frame,0.030942834653728424,-0.009611324051693744,-0.7947118410021674,0.6061214838664862,0.0,-0.01171875,0.00390625,0.023052334785461426,-0.019820868968963623,-0.13769149780273438
630,31000000,imu1_frame,0.028853278148161163,-0.009763679162324023,-0.794725417758654,0.6062043131466924,0.0,-0.01171875,0.00390625,-0.011220395565032959,0.0025193989276885986,-0.14007568359375
630,51000000,imu1_frame,0.030812798974293964,-0.009509924468820728,-0.7946842774723256,0.6061658452059592,-0.00390625,0.0,0.001953125,0.02220878005027771,-0.01672661304473877,-0.13788604736328125
630,71000000,imu1_frame,0.02882397311405848,-0.009780777840726939,-0.7947242181273478,0.606207004315049,-0.001953125,0.0,-0.001953125,-0.011879444122314453,0.002599775791168213,-0.14010238647460938
630,91000000,imu1_frame,0.03080904273415136,-0.009502583846554589,-0.7946949141185251,0.6061522063477082,-0.001953125,0.001953125,0.0,0.02224639058113098,-0.01656186580657959,-0.1378936767578125
630,111000000,imu1_frame,0.02883807910715254,-0.009778419162939232,-0.7947219720530848,0.6062093160354266,-0.001953125,0.001953125,0.0,-0.011634111404418945,0.0024684369564056396,-0.14008712768554688
630,131000000,imu1_frame,0.030830076696614944,-0.009544766410508663,-0.7946809752200044,0.6061687483105942,0.001953125,0.0,0.001953125,0.022061824798583984,-0.017473697662353516,-0.13785171508789062
630,151000000,imu1_frame,0.02878477405265581,-0.00978061073754594,-0.794700997136584,0.6062393104925292,-0.001953125,-0.005859375,0.001953125,-0.012505650520324707,0.0030530691146850586,-0.14014720916748047
630,171000000,imu1_frame,0.030710308732794213,-0.009557714902754987,-0.7946620321696246,0.6061994569870683,-0.001953125,-0.005859375,0.001953125,0.020030856132507324,-0.016270697116851807,-0.13799190521240234
630,191000000,imu1_frame,0.02866411910436847,-0.009791524403548132,-0.7946819220378939,0.6062698550249584,-0.001953125,-0.005859375,0.001953125,-0.014525830745697021,0.00429987907409668,-0.14027881622314453
630,211000000,imu1_frame,0.03047181230869705,-0.009614316734462983,-0.7946351084077539,0.6062458891028873,-0.005859375,-0.017578125,0.00390625,0.015630781650543213,-0.014346480369567871,-0.13825607299804688
630,231000000,imu1_frame,0.028592093810440165,-0.009716111197664353,-0.7946875036589537,0.6062671530629301,0.005859375,0.009765625,-0.00390625,-0.014747321605682373,0.006325393915176392,-0.14038753509521484
630,251000000,imu1_frame,0.030699047163337972,-0.009600244916856973,-0.7946750262117483,0.6061823211841109,0.005859375,0.009765625,-0.00390625,0.019362956285476685,-0.01678997278213501,-0.13798904418945312
630,271000000,imu1_frame,0.028817609788826422,-0.009708892863447172,-0.7947276132567264,0.606204011445563,0.005859375,0.009765625,-0.00390625,-0.01112404465675354,0.0037929415702819824,-0.1401376724243164
630,291000000,imu1_frame,0.030858889744127985,-0.009565097651997815,-0.794728493236392,0.606104660820952,0.0,0.005859375,-0.005859375,0.022309154272079468,-0.018101155757904053,-0.13780975341796875
630,311000000,imu1_frame,0.02880969939876287,-0.009759390063977214,-0.7947851861181294,0.6061280916219792,-0.001953125,-0.005859375,-0.00390625,-0.011798292398452759,0.0031338930130004883,-0.14012718200683594
630,331000000,imu1_frame,0.030739448423968526,-0.009578263684165249,-0.794780502165054,0.6060423224112748,-0.001953125,-0.005859375,-0.00390625,0.02034059166908264,-0.016862928867340088,-0.13794898986816406
630,351000000,imu1_frame,0.028691581590720786,-0.009771908202633437,-0.7948369905168371,0.6060655587162496,-0.001953125,-0.005859375,-0.00390625,-0.013740688562393188,0.004364043474197388,-0.14025497436523438
630,371000000,imu1_frame,0.03062215046692047,-0.009593804648972611,-0.7948323918468208,0.6059799598041183,-0.001953125,-0.005859375,-0.00390625,0.018376946449279785,-0.015687167644500732,-0.13808441162109375
630,391000000,imu1_frame,0.028575334312112323,-0.009780406111530244,-0.794888849159052,0.6060028971942646,-0.001953125,-0.005859375,-0.00390625,-0.015606522560119629,0.005634218454360962,-0.1403818130493164
630,411000000,imu1_frame,0.030504505635782827,-0.009611130208031277,-0.7948842238270838,0.6059176280839298,-0.001953125,-0.005859375,-0.00390625,0.01638650894165039,-0.014535367488861084,-0.13821792602539062
630,431000000,imu1_frame,0.028454099557732163,-0.009783694694313325,-0.7949409084199172,0.6059402574982156,-0.001953125,-0.005859375,-0.00390625,-0.01748824119567871,0.007044076919555664,-0.14051532745361328
630,451000000,imu1_frame,0.030386651103969424,-0.00962963729602522,-0.794936010789342,0.605855312983686,-0.001953125,-0.005859375,-0.00390625,0.014378666877746582,-0.013399839401245117,-0.1383514404296875
630,471000000,imu1_frame,0.028335770901264337,-0.009778073742954484,-0.7949931306796251,0.6058773766477149,-0.001953125,-0.005859375,-0.00390625,-0.01921948790550232,0.008557915687561035,-0.14064884185791016
630,491000000,imu1_frame,0.030269108748090256,-0.009648692597476949,-0.7949877591931189,0.6057929898239657,-0.001953125,-0.005859375,-0.00390625,0.012368917465209961,-0.012276828289031982,-0.13848304748535156
630,511000000,imu1_frame,0.028359070903689578,-0.009722742694762128,-0.795029429556311,0.605829544931029,0.00390625,0.0078125,-0.001953125,-0.018172919750213623,0.00916147232055664,-0.14064407348632812
630,531000000,imu1_frame,0.030429225879521134,-0.00961798004688933,-0.7950056738330319,0.6057619460196204,0.001953125,0.0078125,-0.001953125,0.015237241983413696,-0.013680458068847656,-0.1383047103881836
630,551000000,imu1_frame,0.02851475965602349,-0.009754173037233634,-0.7950456312833204,0.6058004694348013,0.001953125,0.0078125,-0.001953125,-0.016110986471176147,0.0068423449993133545,-0.1404590606689453
630,571000000,imu1_frame,0.030581180376304543,-0.00959385968748477,-0.7950231143103109,0.6057317863340369,0.001953125,0.0078125,-0.001953125,0.01790034770965576,-0.01509016752243042,-0.13813304901123047
630,591000000,imu1_frame,0.028802920228408472,-0.009706873701537042,-0.7951054238890021,0.6057091160710301,0.005859375,0.021484375,-0.009765625,-0.011021584272384644,0.004205197095870972,-0.14015483856201172
630,611000000,imu1_frame,0.030885850475161413,-0.009623503914817616,-0.7951159957300413,0.605593928096255,0.00390625,0.0078125,-0.0078125,0.02236601710319519,-0.019092440605163574,-0.1377553939819336
630,631000000,imu1_frame,0.028976096813438098,-0.009702839580809032,-0.7951939116640099,0.6055847451596006,0.00390625,0.0078125,-0.0078125,-0.008208632469177246,0.0022711753845214844,-0.13996028900146484
630,651000000,imu1_frame,0.031058181500382837,-0.009626360505511243,-0.7952040208706143,0.6054694771303626,0.00390625,0.0078125,-0.0078125,0.025087445974349976,-0.021117866039276123,-0.13754558563232422
630,671000000,imu1_frame,0.028928405108205678,-0.00979234752047762,-0.7952426012751039,0.6055216448857466,-0.001953125,-0.015625,0.0,-0.009969890117645264,0.0014707744121551514,-0.13998031616210938
630,691000000,imu1_frame,0.03083773807044682,-0.009571910523571184,-0.7952278846919966,0.6054502653793455,-0.001953125,-0.0078125,-0.001953125,0.022323310375213623,-0.01765543222427368,-0.1378326416015625
630,711000000,imu1_frame,0.028776412681186695,-0.00981457153284632,-0.7952722884920292,0.6054895369991783,-0.001953125,-0.0078125,-0.001953125,-0.012572765350341797,0.0029366910457611084,-0.14014339447021484
630,731000000,imu1_frame,0.03068538143397937,-0.009591028468685555,-0.7952578900581322,0.6054182916293922,-0.001953125,-0.0078125,-0.001953125,0.01975277066230774,-0.01613593101501465,-0.13800907135009766
630,751000000,imu1_frame,0.02862364261158143,-0.009830147039183718,-0.7953021367825851,0.6054573201488992,-0.001953125,-0.0078125,-0.001953125,-0.015109032392501831,0.004514962434768677,-0.14030838012695312
630,771000000,imu1_frame,0.030531531018762943,-0.009615743211895024,-0.7952877545562338,0.6053864472789564,-0.001953125,-0.0078125,-0.001953125,0.017092466354370117,-0.014686048030853271,-0.13818359375
630,791000000,imu1_frame,0.028469774592823006,-0.009834923895036717,-0.7953322588458787,0.6054249286622784,-0.001953125,-0.0078125,-0.001953125,-0.01753467321395874,0.006274044513702393,-0.14047813415527344
630,811000000,imu1_frame,0.03038117094237951,-0.009643318582195096,-0.7953174561846755,0.6053545529248368,-0.001953125,-0.0078125,-0.001953125,0.014452338218688965,-0.013321995735168457,-0.1383523941040039
630,831000000,imu1_frame,0.028315776459982237,-0.009821417667397019,-0.7953628316244757,0.6053922056227407,-0.001953125,-0.0078125,-0.001953125,-0.01974564790725708,0.008318603038787842,-0.1406545639038086
630,851000000,imu1_frame,0.030230477588100768,-0.009672379602009902,-0.795347100398183,0.6053226851736454,-0.001953125,-0.0078125,-0.001953125,0.011789321899414062,-0.011977434158325195,-0.1385202407836914
630,871000000,imu1_frame,0.02816050143716392,-0.009773393482279914,-0.7953942922466,0.605358890907021,-0.001953125,-0.0078125,-0.001953125,-0.021567851305007935,0.010915219783782959,-0.14084434509277344
630,891000000,imu1_frame,0.03006466913951511,-0.009713296354742064,-0.7953654730384275,0.605306147203062,-0.001953125,-0.009765625,0.0,0.008741319179534912,-0.010645449161529541,-0.1387004852294922
630,911000000,imu1_frame,0.028044930652663093,-0.009545058188179979,-0.7954413230930654,0.6053061004523459,0.0,-0.00390625,-0.005859375,-0.020627111196517944,0.015852928161621094,-0.14105796813964844
630,931000000,imu1_frame,0.030006280912937337,-0.009731404833261131,-0.7954393363444796,0.6052116861574959,0.0,-0.00390625,-0.005859375,0.007680565118789673,-0.010194718837738037,-0.1387615203857422
630,951000000,imu1_frame,0.028016037244337433,-0.009375638942357507,-0.795519404836529,0.605207464907763,0.0,-0.00390625,-0.005859375,-0.019010990858078003,0.01886880397796631,-0.14115142822265625
630,971000000,imu1_frame,0.030128985242754338,-0.00968746917778649,-0.7955310094533521,0.6050857874610028,0.005859375,0.013671875,-0.009765625,0.010186076164245605,-0.010906457901000977,-0.13863468170166016
630,991000000,imu1_frame,0.02810278652567031,-0.009763052862680267,-0.7956007835324925,0.6050903316289039,0.0,-0.00390625,-0.005859375,-0.02217811346054077,0.011867046356201172,-0.14091110229492188
631,11000000,imu1_frame,0.03006825894532376,-0.009708631090840424,-0.7956048180427854,0.6049914179502427,0.0,-0.00390625,-0.005859375,0.009052813053131104,-0.01047593355178833,-0.13869762420654297
631,31000000,imu1_frame,0.02804043831651298,-0.009666324999703697,-0.7956775556992424,0.6049938209076988,0.0,-0.00390625,-0.005859375,-0.021943360567092896,0.014147162437438965,-0.14101696014404297
631,51000000,imu1_frame,0.03008176771385234,-0.009697963933376965,-0.7956525048083605,0.6049282009783793,0.001953125,0.00390625,-0.001953125,0.009429007768630981,-0.01044154167175293,-0.1386861801147461
631,71000000,imu1_frame,0.027940471309869336,-0.009764438818055294,-0.7956906878356163,0.6049795989033306,-0.005859375,-0.013671875,0.0,-0.024648606777191162,0.013808637857437134,-0.14108943939208984
631,91000000,imu1_frame,0.02979328763146611,-0.00973383177936741,-0.7956627281740998,0.6049284548816898,-0.005859375,-0.013671875,0.0,0.004524171352386475,-0.007590353488922119,-0.1390094757080078
631,111000000,imu1_frame,0.02989438652971335,-0.007786384379251855,-0.7957126419595678,0.6048860134752954,-0.005859375,-0.013671875,0.0,0.029160499572753906,0.021519333124160767,-0.1395587921142578
631,131000000,imu1_frame,0.029648776555602063,-0.009818710400019139,-0.7956689387589149,0.6049260143762201,-0.005859375,-0.013671875,0.0,0.0012772083282470703,-0.007201731204986572,-0.1391448974609375
631,151000000,imu1_frame,0.03107941314694746,-0.008624302952736071,-0.795676070904766,0.6048630271942358,-0.005859375,-0.013671875,0.0,0.0376662015914917,-0.005504608154296875,-0.1378774642944336
631,171000000,imu1_frame,0.029405521860411003,-0.009947047677727918,-0.7956758386298108,0.6049267156832812,-0.005859375,-0.013671875,0.0,-0.004019737243652344,-0.006323337554931641,-0.13937664031982422
631,191000000,imu1_frame,0.03095898913209471,-0.00892526562564691,-0.7956767450547237,0.6048639499958239,-0.005859375,-0.013671875,0.0,0.032235026359558105,-0.008762180805206299,-0.13792037963867188
631,211000000,imu1_frame,0.029152792080485403,-0.010074058307963261,-0.7956829066594839,0.604927549474344,-0.005859375,-0.013671875,0.0,-0.009448468685150146,-0.005312144756317139,-0.1396160125732422
631,231000000,imu1_frame,0.030740459486457743,-0.009113534636854914,-0.7956820504434224,0.6048653091715007,-0.005859375,-0.013671875,0.0,0.02661314606666565,-0.009108424186706543,-0.13811779022216797
631,251000000,imu1_frame,0.028900430440222086,-0.010209983097835173,-0.795689688571776,0.6049284592958593,-0.005859375,-0.013671875,0.0,-0.014977037906646729,-0.0044441819190979,-0.1398487091064453
631,271000000,imu1_frame,0.030497827121480414,-0.009262372618075037,-0.7956887545642761,0.6048665115992977,-0.005859375,-0.013671875,0.0,0.02108338475227356,-0.008556544780731201,-0.13835430145263672
631,291000000,imu1_frame,0.028662867358383155,-0.01036316642963739,-0.7956957145528492,0.6049292311159861,-0.005859375,-0.013671875,0.0,-0.02048015594482422,-0.004019200801849365,-0.14005470275878906
631,311000000,imu1_frame,0.030246220258099397,-0.00939490584325002,-0.7956959897813782,0.6048675836496183,-0.005859375,-0.013671875,0.0,0.01560714840888977,-0.007645070552825928,-0.13860511779785156
631,331000000,imu1_frame,0.02845367519305463,-0.010564844207386497,-0.7956999331667709,0.6049300693413067,-0.005859375,-0.013671875,0.0,-0.026116490364074707,-0.0046836137771606445,-0.14020538330078125
631,351000000,imu1_frame,0.02999132341101485,-0.009523193470236656,-0.7957033477534652,0.6048685904228392,-0.005859375,-0.013671875,0.0,0.010129928588867188,-0.006628572940826416,-0.13885784149169922
631,371000000,imu1_frame,0.028382079418757762,-0.010922709371559869,-0.7956976418891312,0.6049300907377047,-0.005859375,-0.013671875,0.0,-0.03146296739578247,-0.009402751922607422,-0.1401348114013672
631,391000000,imu1_frame,0.029753383727622297,-0.009653606697535634,-0.7957103193629935,0.6048691029418919,-0.005859375,-0.013671875,0.0,0.004891157150268555,-0.005845427513122559,-0.13908672332763672
631,411000000,imu1_frame,0.030897017251349256,-0.011221117356121454,-0.7956510957802652,0.6048626245966213,-0.005859375,-0.013671875,0.0,0.004111289978027344,-0.043730974197387695,-0.13709068298339844
631,431000000,imu1_frame,0.029579279836737093,-0.009640653036041346,-0.7957198876408067,0.6048652613816409,-0.005859375,-0.013671875,0.0,0.002342909574508667,-0.0035853683948516846,-0.13929367065429688
631,451000000,imu1_frame,0.03135125965012697,-0.010245633165179622,-0.7956745812408365,0.6048256660283312,-0.005859375,-0.013671875,0.0,0.022731125354766846,-0.033912062644958496,-0.1369485855102539
631,471000000,imu1_frame,0.029322234637000944,-0.009626700962342872,-0.7957308292959228,0.6048636048668308,-0.005859375,-0.013671875,0.0,-0.0014836490154266357,-0.00033038854598999023,-0.13959407806396484
631,491000000,imu1_frame,0.031146427960825784,-0.009989530916435957,-0.7956912169403219,0.6048186476799309,-0.005859375,-0.013671875,0.0,0.022584646940231323,-0.027506232261657715,-0.1372995376586914
631,511000000,imu1_frame,0.02904730740164765,-0.009614439660555463,-0.7957419496567992,0.604862435632371,-0.005859375,-0.013671875,0.0,-0.005608469247817993,0.0031095147132873535,-0.13991260528564453
631,531000000,imu1_frame,0.03088420905200561,-0.009891898721976397,-0.7957047112750971,0.6048159459087701,-0.005859375,-0.013671875,0.0,0.019669175148010254,-0.022888660430908203,-0.13765525817871094
631,551000000,imu1_frame,0.02877063347621657,-0.009591222719350277,-0.7957532993862185,0.6048610961304026,-0.005859375,-0.013671875,0.0,-0.009630739688873291,0.0067403316497802734,-0.14023494720458984
631,571000000,imu1_frame,0.030612409507335556,-0.009849541567958574,-0.7957168685446808,0.6048144608295203,-0.005859375,-0.013671875,0.0,0.015949934720993042,-0.019017934799194336,-0.1379985809326172
631,591000000,imu1_frame,0.028502449392211884,-0.009540311605908016,-0.7957651374071438,0.6048590240051775,-0.005859375,-0.013671875,0.0,-0.013193339109420776,0.010702013969421387,-0.14055347442626953
631,611000000,imu1_frame,0.030338196116807145,-0.009830414646985551,-0.79572838889513,0.6048134323166173,-0.005859375,-0.013671875,0.0,0.01191800832748413,-0.0154801607131958,-0.13833236694335938
631,631000000,imu1_frame,0.02824649158025922,-0.009421225496204357,-0.7957784380787389,0.6048553990108039,-0.005859375,-0.013671875,0.0,-0.015758812427520752,0.01558026671409607,-0.14088153839111328
631,651000000,imu1_frame,0.030064587492884723,-0.00981868707924677,-0.7957396230461238,0.6048125050603164,-0.005859375,-0.013671875,0.0,0.007807701826095581,-0.012064635753631592,-0.13865947723388672
631,671000000,imu1_frame,0.028077630501420345,-0.009087145128050169,-0.7957956718872121,0.6048456985582589,-0.005859375,-0.013671875,0.0,-0.014424324035644531,0.022775620222091675,-0.1411886215209961
631,691000000,imu1_frame,0.02981346682427313,-0.009801339673462566,-0.795750501066051,0.6048109051510662,-0.005859375,-0.013671875,0.0,0.004113376140594482,-0.0088270902633667,-0.1389598846435547
631,711000000,imu1_frame,0.029299803957215244,-0.007874415310366029,-0.7958109027774402,0.6047846906892934,-0.005859375,-0.013671875,0.0,0.018943339586257935,0.02722334861755371,-0.14021968841552734
631,731000000,imu1_frame,0.02967733080759999,-0.00983905742808138,-0.7957577814369763,0.6048074092366631,-0.005859375,-0.013671875,0.0,0.001554936170578003,-0.007803976535797119,-0.13910484313964844
631,751000000,imu1_frame,0.030869745115800963,-0.008386118069452131,-0.7957757932150202,0.6047459125890937,-0.005859375,-0.013671875,0.0,0.037300705909729004,0.0007332861423492432,-0.13821029663085938
631,771000000,imu1_frame,0.02946382648904727,-0.009974104557076506,-0.7957639632887122,0.6048075023492587,-0.005859375,-0.013671875,0.0,-0.0033588707447052,-0.007382094860076904,-0.1392984390258789
631,791000000,imu1_frame,0.030878287633510474,-0.00875759667469056,-0.7957723124768368,0.6047447912537762,-0.005859375,-0.013671875,0.0,0.033040374517440796,-0.005144774913787842,-0.1380758285522461
631,811000000,imu1_frame,0.029230970080441312,-0.010112524383186626,-0.7957703829740399,0.6048080561798974,-0.005859375,-0.013671875,0.0,-0.0086137056350708,-0.006783902645111084,-0.1395111083984375
631,831000000,imu1_frame,0.030712642173836898,-0.008982912292510067,-0.7957757020080911,0.6047454613231726,-0.005859375,-0.013671875,0.0,0.027802258729934692,-0.00669252872467041,-0.1381978988647461
631,851000000,imu1_frame,0.029000182510694777,-0.010258626562310812,-0.7957765302771785,0.6048086175439434,-0.005859375,-0.013671875,0.0,-0.013927549123764038,-0.006329715251922607,-0.13971710205078125
631,871000000,imu1_frame,0.03049844367481792,-0.009157572960626758,-0.7957812323637158,0.6047464047090901,-0.005859375,-0.013671875,0.0,0.02240881323814392,-0.006878852844238281,-0.13839149475097656
631,891000000,imu1_frame,0.028778844314383593,-0.010427472272110282,-0.7957818764222769,0.6048092683646494,-0.005859375,-0.013671875,0.0,-0.01936379075050354,-0.00634080171585083,-0.13989830017089844
631,911000000,imu1_frame,0.028664457366285086,-0.008461643462200599,-0.7958358846112958,0.6047743333167931,-0.005859375,-0.013671875,0.0,0.002133488655090332,-0.00955498218536377,-0.17981529235839844
631,931000000,imu1_frame,0.029862111605403686,-0.00997745624683353,-0.7957793965123992,0.604767605567354,-0.005859375,-0.013671875,0.0,0.0028133392333984375,-0.012122154235839844,-0.13883590698242188
631,951000000,imu1_frame,0.029234220856802946,-0.008072274315145981,-0.7958415644636184,0.6047449073703532,-0.005859375,-0.013671875,0.0,0.015607863664627075,0.02493870258331299,-0.14023303985595703
631,971000000,imu1_frame,0.02973841636889439,-0.010000407216886609,-0.7957868710863701,0.6047634862108753,-0.005859375,-0.013671875,0.0,0.0006231367588043213,-0.01101607084274292,-0.13897037506103516
631,991000000,imu1_frame,0.029975701559762598,-0.00807338038322154,-0.7958342699092613,0.6047181927833665,-0.005859375,-0.013671875,0.0,0.027129441499710083,0.016173332929611206,-0.1393747329711914
632,11000000,imu1_frame,0.027855269369609813,-0.008393986989904961,-0.7958675465053312,0.6047714224153984,-0.005859375,-0.013671875,0.0,-0.009636849164962769,0.0010595917701721191,-0.14166831970214844
632,31000000,imu1_frame,0.029683247565222816,-0.008110413401917933,-0.7958442691561248,0.6047189638665096,-0.005859375,-0.013671875,0.0,0.02214759588241577,-0.016103744506835938,-0.13970375061035156
632,51000000,imu1_frame,0.02756332334157172,-0.008441595878297771,-0.7958767755112293,0.6047719908091345,-0.005859375,-0.013671875,0.0,-0.014736592769622803,0.0037683844566345215,-0.1419687271118164
632,71000000,imu1_frame,0.0293915822872626,-0.008157886209529449,-0.7958539300948069,0.6047198572363022,-0.005859375,-0.013671875,0.0,0.017054587602615356,-0.013396680355072021,-0.14002513885498047
632,91000000,imu1_frame,0.029749849240309715,-0.010127705830335848,-0.7958005753643792,0.6047427720068395,-0.005859375,-0.013671875,0.0,-0.0006917715072631836,-0.013122081756591797,-0.13890743255615234
632,111000000,imu1_frame,0.029819380322638086,-0.008175230246130077,-0.7958518124610582,0.6047014658242904,-0.005859375,-0.013671875,0.0,0.023506611585617065,0.016443699598312378,-0.1395244598388672
632,131000000,imu1_frame,0.029643019471808595,-0.010209858804057038,-0.7958062212455267,0.6047392069369333,-0.005859375,-0.013671875,0.0,-0.00332072377204895,-0.01313638687133789,-0.13899898529052734
632,151000000,imu1_frame,0.028623690136932143,-0.0084469916158281,-0.7958713849643719,0.6047297506245907,-0.005859375,-0.013671875,0.0,0.0016998052597045898,-0.008826225996017456,-0.14080238342285156
632,171000000,imu1_frame,0.029838025434807583,-0.009948712367016463,-0.7958150201390524,0.6047223900943884,-0.005859375,-0.013671875,0.0,0.00280800461769104,-0.01137077808380127,-0.13887500762939453
632,191000000,imu1_frame,0.02933565181843323,-0.00801915921037409,-0.795875532915748,0.6046959969472434,-0.005859375,-0.013671875,0.0,0.017840713262557983,0.024588733911514282,-0.14013385772705078
632,211000000,imu1_frame,0.029715308231726842,-0.009986206941068623,-0.7958220914633506,0.6047185087844774,-0.005859375,-0.013671875,0.0,0.00046068429946899414,-0.01050269603729248,-0.13900279998779297
632,231000000,imu1_frame,0.028553459797536904,-0.008302045310517297,-0.7958876332682413,0.604713693567402,-0.005859375,-0.013671875,0.0,0.002332329750061035,-0.005734801292419434,-0.1409282684326172
632,251000000,imu1_frame,0.030321380415159586,-0.007757600618323231,-0.7958706449971906,0.6046572169040254,-0.005859375,-0.013671875,0.0,0.036270201206207275,-0.01812577247619629,-0.13906478881835938
632,271000000,imu1_frame,0.028267756595736174,-0.008382514327699575,-0.7958961189975295,0.6047148378825016,-0.005859375,-0.013671875,0.0,-0.0030591487884521484,-0.0036115646362304688,-0.1412191390991211
632,291000000,imu1_frame,0.03009621822973306,-0.00809362862146789,-0.7958724246303281,0.6046617190934519,-0.005859375,-0.013671875,0.0,0.028795987367630005,-0.02069494128227234,-0.17828941345214844
632,311000000,imu1_frame,0.027967580526000572,-0.00836485111752449,-0.7959072347296383,0.6047144097921958,-0.005859375,-0.013671875,0.0,-0.007514148950576782,0.000209808349609375,-0.1415557861328125
632,331000000,imu1_frame,0.029800261875852312,-0.008115315654653512,-0.7958828865120998,0.6046623165049432,-0.005859375,-0.013671875,0.0,0.023941457271575928,-0.01753634214401245,-0.13956642150878906
632,351000000,imu1_frame,0.027674275736647255,-0.008410637431231967,-0.7959165602666937,0.6047149946327501,-0.005859375,-0.013671875,0.0,-0.01261359453201294,0.0029626190662384033,-0.1418590545654297
632,371000000,imu1_frame,0.029507831222427765,-0.00815481591955444,-0.7958927810068308,0.6046631029053121,-0.005859375,-0.013671875,0.0,0.018930763006210327,-0.014696478843688965,-0.139892578125
632,391000000,imu1_frame,0.029725028345843264,-0.010156023976089225,-0.795841102346855,0.6046901832196209,-0.005859375,-0.013671875,0.0,-0.0013787150382995605,-0.013246655464172363,-0.13892555236816406
632,411000000,imu1_frame,0.029888537996694414,-0.008213601217872193,-0.7958904544818619,0.6046466708054458,-0.005859375,-0.013671875,0.0,0.024160325527191162,0.01505511999130249,-0.13943195343017578
632,431000000,imu1_frame,0.027749395177366323,-0.008328187209892512,-0.7959288413567626,0.6046965287328587,-0.005859375,-0.013671875,0.0,-0.010460644960403442,0.003365427255630493,-0.14180469512939453
632,451000000,imu1_frame,0.02659161664862911,-0.01008908666900372,-0.7959082382368089,0.6047488508141019,-0.005859375,-0.013671875,0.0,-0.010246187448501587,-0.010368704795837402,-0.13849449157714844
632,471000000,imu1_frame,0.028430213511708057,-0.009891972240702419,-0.7958868358502359,0.6046966316800246,-0.005859375,-0.013671875,0.0,-0.018376260995864868,0.006153494119644165,-0.14050006866455078
632,491000000,imu1_frame,0.028604372538857753,-0.007953925243513266,-0.7959340123963885,0.6046549204756914,-0.005859375,-0.013671875,0.0,0.00727429986000061,-0.0008949637413024902,-0.14098167419433594
632,511000000,imu1_frame,0.02901482089893787,-0.009909978380655356,-0.7958814231565097,0.6046756922277148,-0.005859375,-0.013671875,0.0,-0.009493052959442139,-0.0361802875995636,-0.13983726501464844
632,531000000,imu1_frame,0.02848766734517173,-0.007983636083710008,-0.7959408880720646,0.6046509878096344,-0.005859375,-0.013671875,0.0,0.005111873149871826,2.321600914001465e-05,-0.14110374450683594
632,551000000,imu1_frame,0.02696915611669682,-0.009474712161514392,-0.7959336541400442,0.6047086179765311,-0.005859375,-0.013671875,0.0,0.0029109716415405273,-0.005257010459899902,-0.1383342742919922
632,571000000,imu1_frame,0.028461645929889545,-0.008359114344929506,-0.7959382235332418,0.6046506464373267,-0.005859375,-0.013671875,0.0,0.00026747584342956543,-0.005510091781616211,-0.14101219177246094
632,591000000,imu1_frame,0.026761290666080174,-0.009653848570208545,-0.7959381321329865,0.6047091254035458,-0.005859375,-0.013671875,0.0,-0.002438277006149292,-0.00558808445930481,-0.13848495483398438
632,611000000,imu1_frame,0.028238782978979582,-0.00852138495835162,-0.7959437889692111,0.604651504534301,-0.005859375,-0.013671875,0.0,-0.005114823579788208,-0.0054021477699279785,-0.1412057876586914
632,631000000,imu1_frame,0.029832092366453424,-0.007565570703888723,-0.7959403278335668,0.6045922617212017,-0.005859375,-0.013671875,0.0,0.030978292226791382,-0.00932776927947998,-0.13969802856445312
632,651000000,imu1_frame,0.0279826175031077,-0.008644450328582963,-0.7959506304359228,0.6046526610417328,-0.005859375,-0.013671875,0.0,-0.010551095008850098,-0.004291325807571411,-0.14144611358642578
632,671000000,imu1_frame,0.02959742776961635,-0.007734198907416254,-0.7959461230406646,0.6045940321018873,-0.005859375,-0.013671875,0.0,0.025337427854537964,-0.009179860353469849,-0.13992023468017578
632,691000000,imu1_frame,0.02781107289979395,-0.008907926272063165,-0.7959524488034907,0.6046543577263132,-0.005859375,-0.013671875,0.0,0.02272900938987732,-0.006364315748214722,-0.1376361846923828
632,711000000,imu1_frame,0.029281581553911577,-0.007762176423925434,-0.7959565930058341,0.6045952692912926,-0.005859375,-0.013671875,0.0,0.020098567008972168,-0.0058848559856414795,-0.1402750015258789
632,731000000,imu1_frame,0.027615121034739353,-0.009092315563062458,-0.7959566649146989,0.6046550441911556,-0.005859375,-0.013671875,0.0,-0.021559447050094604,-0.006918281316757202,-0.14169025421142578
632,751000000,imu1_frame,0.029055856051959223,-0.007908379410496604,-0.7959626637265547,0.6045962724972054,-0.005859375,-0.013671875,0.0,0.014862030744552612,-0.005493432283401489,-0.1404876708984375
632,771000000,imu1_frame,0.027480340059712016,-0.009342092210625595,-0.7959581908636656,0.6046553684706447,-0.005859375,-0.013671875,0.0,-0.026607930660247803,-0.009211868047714233,-0.14174461364746094
632,791000000,imu1_frame,0.028130114447327482,-0.01121374594983928,-0.7959038491391425,0.604665206116947,-0.005859375,-0.013671875,0.0,0.00041037797927856445,-0.010849177837371826,-0.1363811492919922
632,811000000,imu1_frame,0.028272346815571517,-0.00926893087646658,-0.795953779682437,0.6046257866938771,-0.005859375,-0.013671875,0.0,0.025644779205322266,0.017738938331604004,-0.13700294494628906
632,831000000,imu1_frame,0.028900193164144827,-0.0074575386935183605,-0.795988912966959,0.6045749038666663,-0.005859375,-0.013671875,0.0,0.017786264419555664,0.003368854522705078,-0.14079952239990234
632,851000000,imu1_frame,0.027415593032528815,-0.00897901481631748,-0.7959815091355519,0.6046331116188497,-0.005859375,-0.013671875,0.0,0.015754908323287964,-0.002789735794067383,-0.13803863525390625
632,871000000,imu1_frame,0.029015195931353214,-0.008038220511038967,-0.7959789916822738,0.6045750162027469,-0.005859375,-0.013671875,0.0,0.012707501649856567,-0.007023543119430542,-0.14049243927001953
632,891000000,imu1_frame,0.02726798387743703,-0.009267480018055873,-0.7959822758863636,0.6046344245444017,-0.005859375,-0.013671875,0.0,0.01004907488822937,-0.0055342912673950195,-0.1380939483642578
632,911000000,imu1_frame,0.029088134859220394,-0.009665492500740834,-0.7959448611428498,0.6045926204357936,-0.005859375,-0.013671875,0.0,-0.005411088466644287,0.0019483566284179688,-0.1789102554321289
632,931000000,imu1_frame,0.02840041750448871,-0.00777734756611307,-0.7960058981487268,0.6045721952445756,-0.005859375,-0.013671875,0.0,0.006240636110305786,0.004297822713851929,-0.1412639617919922
632,951000000,imu1_frame,0.029284039093294408,-0.009528380665910165,-0.7959501836941226,0.6045783324711204,-0.005859375,-0.013671875,0.0,-0.0007369816303253174,-0.03338274359703064,-0.13967514038085938
632,971000000,imu1_frame,0.027141463633640592,-0.009527181143693353,-0.7959889578267696,0.6046272841917838,-0.005859375,-0.013671875,0.0,0.0050160884857177734,-0.00807732343673706,-0.13813304901123047
632,991000000,imu1_frame,0.02525024996001209,-0.008597883844995399,-0.7960423398175237,0.6046528710658596,-0.005859375,-0.013671875,0.0,-0.013404697179794312,0.02871212363243103,-0.14039897918701172
633,11000000,imu1_frame,0.026907912336502346,-0.009500882556676159,-0.7959988205074155,0.6046251526649704,-0.005859375,-0.013671875,0.0,0.001698225736618042,-0.004907965660095215,-0.17745113372802734
633,31000000,imu1_frame,0.02875424049270469,-0.00937170395143505,-0.7959744040397668,0.6045743237454535,-0.005859375,-0.013671875,0.0,0.031948477029800415,-0.024686187505722046,-0.1364278793334961
633,51000000,imu1_frame,0.02849785162640116,-0.007409349873298556,-0.7960289481907054,0.6045418824444954,-0.005859375,-0.013671875,0.0,0.012122780084609985,0.00888592004776001,-0.1412649154663086
633,71000000,imu1_frame,0.028796519523090522,-0.009396908523204087,-0.7959784260611316,0.6045666247973057,-0.005859375,-0.013671875,0.0,-0.006750255823135376,-0.02557450532913208,-0.14027690887451172
633,91000000,imu1_frame,0.02867387073750694,-0.0074311864138575205,-0.7960308615121239,0.6045307718600246,-0.005859375,-0.013671875,0.0,0.014606297016143799,0.006471991539001465,-0.18012428283691406
633,111000000,imu1_frame,0.027299649842423453,-0.00904350767780846,-0.796019315772943,0.6045876222713613,-0.005859375,-0.013671875,0.0,0.013216942548751831,-0.0024052560329437256,-0.1381397247314453
633,131000000,imu1_frame,0.02623376932997854,-0.010855264993062216,-0.7959946912828447,0.6046374153310402,-0.005859375,-0.013671875,0.0,-0.024802595376968384,-0.018019795417785645,-0.1385498046875
633,151000000,imu1_frame,0.02746784952886859,-0.009439356190806738,-0.7960133607032606,0.6045817937871296,-0.005859375,-0.013671875,0.0,-0.027908802032470703,-0.010547995567321777,-0.1417226791381836
633,171000000,imu1_frame,0.025342072989509835,-0.009719282779520912,-0.7960419929238832,0.6046325002682359,-0.005859375,-0.013671875,0.0,-0.025226324796676636,0.010187625885009766,-0.1399059295654297
633,191000000,imu1_frame,0.027179640534638692,-0.009490530616300296,-0.796022415354917,0.6045820963455275,-0.005859375,-0.013671875,0.0,0.0060691237449646,-0.007939964532852173,-0.1381053924560547
633,211000000,imu1_frame,0.02503699746559011,-0.009494262510094742,-0.7960574290026367,0.604628462336177,-0.005859375,-0.013671875,0.0,-0.027305632829666138,0.017293810844421387,-0.1402912139892578
633,231000000,imu1_frame,0.02670719613501743,-0.010367861148321719,-0.7960152020883667,0.6045982394731491,-0.005859375,-0.013671875,0.0,-0.011657387018203735,0.019141554832458496,-0.13826274871826172
633,251000000,imu1_frame,0.027323231761086607,-0.008555034296045589,-0.7960517415121948,0.6045509715728898,-0.005859375,-0.013671875,0.0,0.019380033016204834,0.004930853843688965,-0.13828277587890625
633,271000000,imu1_frame,0.026653034844443927,-0.010519815358714452,-0.7960179546917276,0.6045943805782503,-0.005859375,-0.013671875,0.0,-0.014293551445007324,-0.017737865447998047,-0.13825702667236328
633,291000000,imu1_frame,0.02844370911870726,-0.010061909936546766,-0.7960041888298887,0.6045387040920295,-0.005859375,-0.013671875,0.0,-0.0200786292552948,0.003414839506149292,-0.14041900634765625
633,311000000,imu1_frame,0.030271525188714538,-0.00955424465200135,-0.7959742898668251,0.6044975442819287,-0.0078125,-0.0078125,0.001953125,0.01435062289237976,-0.010255515575408936,-0.13851642608642578
633,331000000,imu1_frame,0.028166792576177525,-0.009499259778771392,-0.7960014658389835,0.6045643574027629,-0.0078125,-0.0078125,0.001953125,0.02131819725036621,-0.019728749990463257,-0.13703441619873047
633,351000000,imu1_frame,0.026061078672772114,-0.009540819644925655,-0.796022773396464,0.6046300829210504,-0.0078125,-0.0078125,0.001953125,-0.011938393115997314,0.004471540451049805,-0.1783132553100586
633,371000000,imu1_frame,0.02775015251512497,-0.008654398636105409,-0.7960057156399332,0.6045907136966233,-0.0078125,-0.0078125,0.001953125,-0.014245420694351196,-0.001673877239227295,-0.14169597625732422
633,391000000,imu1_frame,0.026373422726500687,-0.010190058121972755,-0.7959797165518812,0.6046626300071359,-0.0078125,-0.0078125,0.001953125,-0.014780282974243164,-0.00933024287223816,-0.13868141174316406
633,411000000,imu1_frame,0.02784171510278924,-0.008949579330381716,-0.7959753905367064,0.604622131243872,-0.0078125,-0.0078125,0.001953125,-0.016331106424331665,-0.0073607563972473145,-0.1805582046508789
633,431000000,imu1_frame,0.02609082873507316,-0.010076345398219853,-0.7959648785803136,0.604696327081585,-0.0078125,-0.0078125,0.001953125,-0.017847418785095215,-0.004235178232192993,-0.13901519775390625
633,451000000,imu1_frame,0.02769377263975761,-0.009029043176505058,-0.795953882034644,0.6046560584417182,-0.0078125,-0.0078125,0.001953125,0.01947265863418579,-0.006863117218017578,-0.13772106170654297
633,471000000,imu1_frame,0.02597159297444843,-0.010194410590908915,-0.7959417227882774,0.6047299597968522,-0.0078125,-0.0078125,0.001953125,-0.021116584539413452,-0.004675120115280151,-0.13909053802490234
633,491000000,imu1_frame,0.027541075933176017,-0.009095558480049481,-0.7959327483298086,0.6046898544613893,-0.0078125,-0.0078125,0.001953125,0.016293346881866455,-0.006107628345489502,-0.1378622055053711
633,511000000,imu1_frame,0.029051683604875693,-0.007908409363727172,-0.7959237467134719,0.6046477041704923,-0.0078125,-0.0078125,0.001953125,0.014766663312911987,-0.005467712879180908,-0.14049243927001953
633,531000000,imu1_frame,0.027516614756917048,-0.0092969118181054,-0.795905780117409,0.6047234016628301,-0.0078125,-0.0078125,0.001953125,-0.025550097227096558,-0.008964687585830688,-0.1417226791381836
633,551000000,imu1_frame,0.025564417119606393,-0.010053340368310381,-0.7959065704983933,0.6047959341482544,-0.0078125,-0.0078125,0.001953125,-0.025814533233642578,0.002306699752807617,-0.1395559310913086
633,571000000,imu1_frame,0.027322861966308922,-0.009331632008709548,-0.7958860379123415,0.6047576345233012,-0.0078125,-0.0078125,0.001953125,0.010070592164993286,-0.007228881120681763,-0.13801193237304688
633,591000000,imu1_frame,0.025498435456700736,-0.010344310126875427,-0.7958783690021085,0.6048309241364923,-0.0078125,-0.0078125,0.001953125,-0.030302077531814575,-0.0014518499374389648,-0.13950538635253906
633,611000000,imu1_frame,0.02714359361331443,-0.009367733238385495,-0.7958660246533357,0.6047914861356977,-0.0078125,-0.0078125,0.001953125,0.006838113069534302,-0.005685716867446899,-0.13818836212158203
633,631000000,imu1_frame,0.02595966270835744,-0.011042839593967896,-0.7958321574295125,0.6048597596194158,-0.0078125,-0.0078125,0.001953125,-0.031414955854415894,-0.017776399850845337,-0.1387500762939453
633,651000000,imu1_frame,0.027009256811265626,-0.009399894413301874,-0.795845416220834,0.6048241194858297,-0.0078125,-0.0078125,0.001953125,0.004351228475570679,-0.0046114325523376465,-0.1383199691772461
633,671000000,imu1_frame,0.028555347449110646,-0.008263004772756013,-0.7958355391168459,0.6047826961502663,-0.0078125,-0.0078125,0.001953125,0.0027826130390167236,-0.005179375410079956,-0.14093971252441406
633,691000000,imu1_frame,0.030568222997669547,-0.008164510580534313,-0.7957999911549836,0.6047324189982484,0.0,0.001953125,0.0,0.03524667024612427,-0.027407169342041016,-0.13864421844482422
633,711000000,imu1_frame,0.029687843661452214,-0.0099420422490496,-0.7957704658363404,0.6047885195977726,0.0,0.001953125,0.0,0.000512242317199707,-0.009521901607513428,-0.1390523910522461
633,731000000,imu1_frame,0.028689325899624703,-0.008209884648040022,-0.7958307123269874,0.6047834304034881,0.0,0.001953125,0.0,0.0054923295974731445,-0.005936980247497559,-0.1408061981201172
633,751000000,imu1_frame,0.027194685246766243,-0.009508567892170118,-0.7958242666833071,0.6048419403356101,0.0,0.001953125,0.0,0.005936682224273682,-0.008500069379806519,-0.17714500427246094
633,771000000,imu1_frame,0.025265087968818763,-0.009043064264039547,-0.7958640057883487,0.604880469687332,0.0,0.001953125,0.0,-0.018563777208328247,0.021528631448745728,-0.1402301788330078
633,791000000,imu1_frame,0.027237341917149913,-0.008615764808094561,-0.7958425738798817,0.6048293093115652,0.0,0.001953125,0.0,-0.021895110607147217,0.004888206720352173,-0.18132305145263672
633,811000000,imu1_frame,0.02909089804617192,-0.00938868635187417,-0.7957918223671264,0.6047982702298851,0.0,0.001953125,0.0,-0.0022215843200683594,0.006133526563644409,-0.13994693756103516
633,831000000,imu1_frame,0.028446039838600973,-0.007490679407982474,-0.7958485244839851,0.6047808186576121,0.0,0.001953125,0.0,0.010220170021057129,0.00812619924545288,-0.14129924774169922
633,851000000,imu1_frame,0.027325163182835854,-0.00912380075303495,-0.7958288636473444,0.6048359376745291,0.0,0.001953125,0.0,0.01251894235610962,-0.004054725170135498,-0.13808441162109375
633,871000000,imu1_frame,0.026180102074976286,-0.010742743293702946,-0.7958067872997503,0.6048890418990241,0.0,0.001953125,0.0,-0.024456709623336792,-0.0157240629196167,-0.13865280151367188
633,891000000,imu1_frame,0.027619066890132982,-0.009323598218595365,-0.7958185709575064,0.6048330842302932,0.0,0.001953125,0.0,-0.02433881163597107,-0.010634064674377441,-0.1416025161743164
633,911000000,imu1_frame,0.029053502796167082,-0.007904092563389923,-0.7958271922716967,0.6047747509089398,0.0,0.001953125,0.0,0.014771610498428345,-0.005479365587234497,-0.14049148559570312
633,931000000,imu1_frame,0.027555653611937504,-0.00919722086938908,-0.7958216811399622,0.6048338192510924,0.0,0.001953125,0.0,0.015233039855957031,-0.00791957974433899,-0.17687320709228516
633,951000000,imu1_frame,0.029112533036315075,-0.007912343917236131,-0.795824832511861,0.6047749095253648,0.0,0.001953125,0.0,0.015590935945510864,-0.006305217742919922,-0.14042186737060547
633,971000000,imu1_frame,0.027583289928891672,-0.009172664479951163,-0.7958206866057604,0.6048342410225905,0.0,0.001953125,0.0,-0.02310982346534729,-0.007864415645599365,-0.14169597625732422
633,991000000,imu1_frame,0.02914193091195912,-0.007888672672588129,-0.795823725604239,0.6047752594737786,0.0,0.001953125,0.0,0.01632741093635559,-0.006284564733505249,-0.1403961181640625
634,11000000,imu1_frame,0.028550613235801176,-0.009781533970900872,-0.7957872102445901,0.6048238587292738,0.0,0.001953125,0.0,0.023785054683685303,0.00639614462852478,-0.13650226593017578
634,31000000,imu1_frame,0.02661041151452599,-0.009370294460411526,-0.7958279947642122,0.604865180292539,0.0,0.001953125,0.0,-0.0015197694301605225,0.0005458295345306396,-0.1387491226196289
634,51000000,imu1_frame,0.028388585222561397,-0.008416387137117185,-0.7958206995097049,0.6048079586848238,0.0,0.001953125,0.0,-0.0016372203826904297,-0.005605608224868774,-0.14107418060302734
634,71000000,imu1_frame,0.03014906013326113,-0.007473814532389565,-0.7958103740331024,0.6047487286887919,-0.001953125,0.0,0.0,0.036894649267196655,-0.01171925663948059,-0.13935279846191406
634,91000000,imu1_frame,0.028461383973539783,-0.008550627187920956,-0.7958151490498361,0.6048099577055516,-0.001953125,0.0,0.0,0.03696763515472412,-0.008555173873901367,-0.13704299926757812
634,111000000,imu1_frame,0.026787829821797872,-0.009645869554446487,-0.7958160889588303,0.6048686815567892,-0.001953125,0.0,0.0,-0.0020249783992767334,-0.005838274955749512,-0.13846111297607422
634,131000000,imu1_frame,0.02839160090840905,-0.008452930321681857,-0.7958177879096635,0.6048111386320558,-0.001953125,0.0,0.0,-0.0020245015621185303,-0.006211012601852417,-0.14105987548828125
634,151000000,imu1_frame,0.030056831716931545,-0.007348798883571421,-0.7958130562198968,0.6047513220920284,-0.001953125,0.0,0.0,0.036938995122909546,-0.008686244487762451,-0.1394977569580078
634,171000000,imu1_frame,0.029824882607119064,-0.00932096781249331,-0.7957681181309224,0.6047947570067718,-0.001953125,0.0,0.0,0.009983539581298828,-0.0014842748641967773,-0.13912677764892578
634,191000000,imu1_frame,0.02781782464602465,-0.009420107977920474,-0.7957999103327038,0.604847032655454,-0.001953125,0.0,0.0,0.016662150621414185,-0.014489829540252686,-0.13744544982910156
634,211000000,imu1_frame,0.029009427639063366,-0.007806925586460378,-0.7958175816319208,0.6047907752160764,-0.001953125,0.0,0.0,0.01522672176361084,-0.0034544169902801514,-0.14057159423828125
634,231000000,imu1_frame,0.02784879575850764,-0.009430683436510183,-0.7957982819148802,0.6048475851700543,-0.001953125,0.0,0.0,-0.022044777870178223,-0.01502034068107605,-0.14131450653076172
634,251000000,imu1_frame,0.02900594589805266,-0.0077917975537359066,-0.7958171678001172,0.6047916818442867,-0.001953125,0.0,0.0,0.01535111665725708,-0.0031784772872924805,-0.1405801773071289
634,271000000,imu1_frame,0.02744360328282274,-0.009037695921208067,-0.7958142607681484,0.6048510817129589,-0.001953125,0.0,0.0,0.015368998050689697,-0.004121214151382446,-0.10283184051513672
634,291000000,imu1_frame,0.02912680038801099,-0.007963023546363628,-0.7958102906620289,0.604792692607619,-0.001953125,0.0,0.0,0.015202701091766357,-0.007270127534866333,-0.14038944244384766
634,311000000,imu1_frame,0.02750714537152864,-0.009133844036971357,-0.7958099638808881,0.6048524045042042,-0.001953125,0.0,0.0,0.015218108892440796,-0.006368100643157959,-0.13788509368896484
634,331000000,imu1_frame,0.025927841648020172,-0.010362047915045518,-0.7958044630396723,0.6049096061368344,-0.001953125,0.0,0.0,-0.023884892463684082,-0.006829291582107544,-0.1390666961669922
634,351000000,imu1_frame,0.027420845568074483,-0.009027107999386566,-0.7958130307430835,0.6048538903313817,-0.001953125,0.0,0.0,0.015138804912567139,-0.003688514232635498,-0.1028594970703125
634,371000000,imu1_frame,0.026186604165170532,-0.010595577876132592,-0.7957939545377827,0.6049082388370033,-0.001953125,0.0,0.0,-0.022626101970672607,-0.013518840074539185,-0.13870811462402344
634,391000000,imu1_frame,0.02741816342526881,-0.009012165772531791,-0.7958126881954755,0.6048546854324308,-0.001953125,0.0,0.0,0.015273422002792358,-0.0034246742725372314,-0.13802433013916016
634,411000000,imu1_frame,0.02621509605331814,-0.010603589559008664,-0.7957925864553838,0.6049086641552013,-0.001953125,0.0,0.0,-0.02227845788002014,-0.013980180025100708,-0.13867473602294922
634,431000000,imu1_frame,0.027416308254973383,-0.008996237680401116,-0.7958123550935217,0.6048554449037958,-0.001953125,0.0,0.0,0.015432536602020264,-0.0031552016735076904,-0.1380319595336914
634,451000000,imu1_frame,0.026255304352646662,-0.010624548368215931,-0.7957910985707102,0.6049085099425727,0.0,0.0,0.0,-0.021901488304138184,-0.014781355857849121,-0.1386251449584961
634,471000000,imu1_frame,0.027417265883518095,-0.00899484779955838,-0.7958123723869215,0.6048553994141369,0.0,0.0,0.0,0.015463978052139282,-0.0031450390815734863,-0.138031005859375
634,491000000,imu1_frame,0.02625634712936098,-0.010623130474960293,-0.7957911179772141,0.6049084640529591,0.0,0.0,0.0,-0.021868467330932617,-0.014771640300750732,-0.1386251449584961
634,511000000,imu1_frame,0.02741829694319156,-0.00899337831920206,-0.7958123903839873,0.6048553508488347,0.0,0.0,0.0,0.015497416257858276,-0.0031343698501586914,-0.1380300521850586
634,531000000,imu1_frame,0.026595244680224363,-0.010817229248581682,-0.7957809511247862,0.604903594251773,0.0,0.0,0.0,-0.018896162509918213,-0.021793395280838013,-0.17725563049316406
634,551000000,imu1_frame,0.027267022229419218,-0.008931902653635767,-0.7958161226299952,0.6048581896410817,0.0,0.0,0.0,0.013872504234313965,-0.0003916621208190918,-0.138214111328125
634,571000000,imu1_frame,0.026595512915075514,-0.010816539688110187,-0.7957809642199878,0.6049035775618011,0.0,0.0,0.0,-0.01888379454612732,-0.021785825490951538,-0.13819313049316406
634,591000000,imu1_frame,0.027267264332504777,-0.008931186855277638,-0.7958161355742878,0.6048581722658495,0.0,0.0,0.0,0.013884782791137695,-0.0003834068775177002,-0.138214111328125
634,611000000,imu1_frame,0.02627557431625246,-0.010668086963169112,-0.7957896914053395,0.6049087147395812,0.0,0.0,0.0,-0.022101789712905884,-0.015698164701461792,-0.10342979431152344
634,631000000,imu1_frame,0.0273891980363602,-0.009005552392844217,-0.795812555058088,0.6048562714140793,0.0,0.0,0.0,0.014900684356689453,-0.002980172634124756,-0.13805770874023438
634,651000000,imu1_frame,0.026275618653805295,-0.010668111117058246,-0.7957896901111068,0.6049087140903349,0.0,0.0,0.0,-0.022101372480392456,-0.015699058771133423,-0.13858604431152344
634,671000000,imu1_frame,0.027513104740744282,-0.009096714643608131,-0.7958085390508468,0.6048545676639756,0.0,0.0,0.0,0.01574847102165222,-0.0058615803718566895,-0.1769552230834961
634,691000000,imu1_frame,0.02827548448769539,-0.010945619311349202,-0.795750246461375,0.6048654690520349,0.0,0.0,0.0,0.005713284015655518,-0.008473753929138184,-0.1753997802734375
634,711000000,imu1_frame,0.027059577269109854,-0.009357703244286683,-0.7958090043730854,0.6048704334208503,0.0,0.0,0.0,0.005605429410934448,-0.004568278789520264,-0.17734527587890625
634,731000000,imu1_frame,0.02871665492489959,-0.008241005676430657,-0.7958077021743574,0.6048119879064358,0.0,0.0,0.0,0.005531728267669678,-0.00675615668296814,-0.14076614379882812
634,751000000,imu1_frame,0.02706354657349971,-0.009356948477526505,-0.7958089573670798,0.6048703293569412,0.0,0.0,0.0,-0.033386409282684326,-0.004603445529937744,-0.14218425750732422
634,771000000,imu1_frame,0.027203087655818217,-0.011350978282544428,-0.7957576180874589,0.6048974793878653,0.0,0.0,0.0,-0.01576325297355652,-0.03727453947067261,-0.13732242584228516
634,791000000,imu1_frame,0.02706350584091153,-0.009355946191199444,-0.7958089819357081,0.6048703143591345,0.0,0.0,0.0,0.00568726658821106,-0.004587262868881226,-0.13827800750732422
634,811000000,imu1_frame,0.028720008986743106,-0.00823873529649438,-0.795807695545101,0.6048118682993178,0.0,0.0,0.0,0.005610764026641846,-0.006760388612747192,-0.1407623291015625
634,831000000,imu1_frame,0.027067581296259573,-0.009354651698834886,-0.7958089465669824,0.6048701985536348,0.0,0.0,0.0,-0.033296436071395874,-0.004615426063537598,-0.142181396484375
634,851000000,imu1_frame,0.02713994651145489,-0.011353363956707385,-0.7957585598173093,0.604899031994352,0.0,0.0,0.0,-0.016773462295532227,-0.036566197872161865,-0.1373882293701172
634,871000000,imu1_frame,0.027067610316790863,-0.009354610533989291,-0.795808947121848,0.6048701971615987,0.0,0.0,0.0,0.005766808986663818,-0.004614770412445068,-0.138275146484375
634,891000000,imu1_frame,0.028774482805933747,-0.008311616306305364,-0.7958050822327511,0.6048117205099056,0.0,0.0,0.0,0.005594998598098755,-0.00853756070137024,-0.17974090576171875
634,911000000,imu1_frame,0.027141102852745257,-0.0071666143013227,-0.7958602389335104,0.6048292984471638,0.0,0.0,0.0,-0.006249606609344482,0.028566628694534302,-0.1428089141845703
634,931000000,imu1_frame,0.02708140094859104,-0.009166358716359926,-0.7958154073447348,0.6048639624107875,0.0,0.0,0.0,0.008211523294448853,-0.0018471181392669678,-0.13832759857177734
634,951000000,imu1_frame,0.028823275430281268,-0.008183328355410916,-0.795809199741414,0.6048057287571175,0.0,0.0,0.0,0.007873982191085815,-0.007116109132766724,-0.14066505432128906
634,971000000,imu1_frame,0.0270833643582514,-0.009165330328957503,-0.795815400172363,0.6048638995207937,0.0,0.0,0.0,-0.03080800175666809,-0.0018546581268310547,-0.14223289489746094
634,991000000,imu1_frame,0.02701132653577205,-0.0111631431412276,-0.7957676233268857,0.6048964061214664,0.0,0.0,0.0,-0.01651957631111145,-0.0320870578289032,-0.13760852813720703
635,11000000,imu1_frame,0.027083426501540143,-0.009164372012828848,-0.7958154219204913,0.6048638826447292,0.0,0.0,0.0,0.008266627788543701,-0.0018402636051177979,-0.13832569122314453
635,31000000,imu1_frame,0.027011288179869652,-0.011162191982403114,-0.7957676479944453,0.6048963929355181,0.0,0.0,0.0,-0.016508877277374268,-0.032071858644485474,-0.13760852813720703
635,51000000,imu1_frame,0.02708346906471951,-0.009163444892624623,-0.7958154432135679,0.6048638667699641,0.0,0.0,0.0,0.008278310298919678,-0.0018263459205627441,-0.13832664489746094
635,71000000,imu1_frame,0.028826246358353454,-0.008181786672801434,-0.7958091814570942,0.6048056320805203,0.0,0.0,0.0,0.007938414812088013,-0.007127135992050171,-0.14066123962402344
635,91000000,imu1_frame,0.027217349849600454,-0.009371631636423282,-0.7958080413464473,0.6048644060580576,0.0,0.0,0.0,0.007895559072494507,-0.006646931171417236,-0.1381092071533203
635,111000000,imu1_frame,0.025609446334684895,-0.01056030295797884,-0.795803723900333,0.6049207132230048,0.0,0.0,0.0,-0.03118458390235901,-0.006154000759124756,-0.13930702209472656
635,131000000,imu1_frame,0.02721899182879509,-0.009370425757212536,-0.7958080439421175,0.6048643474383109,0.0,0.0,0.0,0.007935047149658203,-0.006647080183029175,-0.1381082534790039
635,151000000,imu1_frame,0.02561148944097761,-0.010559046841273092,-0.7958037250817245,0.604920647097179,0.0,0.0,0.0,-0.031137943267822266,-0.006158620119094849,-0.13930511474609375
635,171000000,imu1_frame,0.0272209145691633,-0.009368973783631968,-0.795808047899845,0.604864278196438,0.0,0.0,0.0,0.00798216462135315,-0.006647199392318726,-0.1381072998046875
635,191000000,imu1_frame,0.025613882130269997,-0.010557560997956173,-0.7958037268305619,0.6049205694226137,0.0,0.0,0.0,-0.031083106994628906,-0.006163805723190308,-0.13930320739746094
635,211000000,imu1_frame,0.02722317092484273,-0.009367272598660098,-0.7958080524733288,0.6048641969793442,0.0,0.0,0.0,0.008037388324737549,-0.006647348403930664,-0.1381053924560547
635,231000000,imu1_frame,0.02561663912626348,-0.010555850614392407,-0.7958037287869656,0.6049204799528967,0.0,0.0,0.0,-0.03102007508277893,-0.0061695873737335205,-0.13930130004882812
635,251000000,imu1_frame,0.027225772261983118,-0.009365325103093852,-0.7958080574159812,0.6048641035490983,0.0,0.0,0.0,0.00810086727142334,-0.006647765636444092,-0.13810253143310547
635,271000000,imu1_frame,0.025619641631146904,-0.010553843128455621,-0.7958037345111982,0.6049203802947475,0.0,0.0,0.0,-0.030949532985687256,-0.006173908710479736,-0.1392984390258789
635,291000000,imu1_frame,0.027228665869923827,-0.009363154861719018,-0.795808062997168,0.6048639995525235,0.0,0.0,0.0,0.008171647787094116,-0.006648153066635132,-0.13810062408447266
635,311000000,imu1_frame,0.025622855164160033,-0.010551729499500806,-0.7958037397561017,0.6049202741585115,0.0,0.0,0.0,-0.030874580144882202,-0.006178915500640869,-0.1392974853515625
635,331000000,imu1_frame,0.027231743622562775,-0.009360854480129029,-0.7958080687408041,0.6048638890442283,0.0,0.0,0.0,0.008246660232543945,-0.0066487789154052734,-0.13809776306152344
635,351000000,imu1_frame,0.025626024901032673,-0.010549539899406548,-0.7958037475289746,0.6049201678523558,0.0,0.0,0.0,-0.030799388885498047,-0.006182223558425903,-0.13929367065429688
635,371000000,imu1_frame,0.0272348251322084,-0.009358556470495695,-0.7958080743608864,0.6048637784681975,0.0,0.0,0.0,0.008321821689605713,-0.00664934515953064,-0.13809490203857422
635,391000000,imu1_frame,0.025629014678090034,-0.010547511243805159,-0.7958037539323091,0.6049200681415989,0.0,0.0,0.0,-0.030728816986083984,-0.006186038255691528,-0.13929271697998047
635,411000000,imu1_frame,0.02723770473174886,-0.009356401422916738,-0.7958080797771316,0.604863675016771,0.0,0.0,0.0,0.008392155170440674,-0.0066498517990112305,-0.1380929946899414
635,431000000,imu1_frame,0.025631649222729123,-0.010545731761402206,-0.7958037593684505,0.6049199803897874,0.0,0.0,0.0,-0.030666738748550415,-0.006189525127410889,-0.13929080963134766
635,451000000,imu1_frame,0.027240231771111467,-0.009354505034411233,-0.7958080846414217,0.6048635841476728,0.0,0.0,0.0,0.008453845977783203,-0.006650149822235107,-0.138092041015625
635,471000000,imu1_frame,0.025633912205115413,-0.010544316391269253,-0.7958037612149316,0.604919906742264,0.0,0.0,0.0,-0.030614763498306274,-0.006194323301315308,-0.13928890228271484
635,491000000,imu1_frame,0.02724233842904745,-0.009352908204197475,-0.7958080890564586,0.6048635081548143,0.0,0.0,0.0,0.008505553007125854,-0.006650179624557495,-0.1380901336669922
635,511000000,imu1_frame,0.02563579288096209,-0.010543222330409873,-0.7958037606983124,0.6049198467935064,0.0,0.0,0.0,-0.03057253360748291,-0.006199479103088379,-0.13928794860839844
635,531000000,imu1_frame,0.027244047147017333,-0.009351610097934789,-0.7958080927005493,0.6048634464703098,0.0,0.0,0.0,0.008547484874725342,-0.006650149822235107,-0.13808822631835938
635,551000000,imu1_frame,0.025637314249298805,-0.010542359160308977,-0.7958037597299936,0.6049197986353433,0.0,0.0,0.0,-0.03053876757621765,-0.0062039196491241455,-0.13928604125976562
635,571000000,imu1_frame,0.027245417119315725,-0.009350566697662915,-0.7958080956783904,0.6048633969758468,0.0,0.0,0.0,0.008581161499023438,-0.006650149822235107,-0.13808727264404297
635,591000000,imu1_frame,0.025638528495865693,-0.010541654327230298,-0.795803759347708,0.6049197599588456,0.0,0.0,0.0,-0.030511438846588135,-0.0062073469161987305,-0.13928508758544922
635,611000000,imu1_frame,0.02724651489348678,-0.009349726555759517,-0.7958080981573832,0.6048633572523798,0.0,0.0,0.0,0.008608132600784302,-0.006650000810623169,-0.13808631896972656
635,631000000,imu1_frame,0.025658710095898773,-0.010566958730845576,-0.7958028312168202,0.6049196837652817,0.0,0.0,0.0,0.004659056663513184,-0.006839364767074585,-0.14316082000732422
635,651000000,imu1_frame,0.02724484875020785,-0.009346039364067265,-0.7958082083776563,0.6048633442716861,0.0,0.0,0.0,0.008625894784927368,-0.006572932004928589,-0.13808917999267578
635,672000000,imu1_frame,0.025516757851600756,-0.010541893429362898,-0.7958055450284706,0.6049225554181343,0.0,0.0,0.0,0.002748042345046997,-0.004772990942001343,-0.10034465789794922
635,691000000,imu1_frame,0.02708474279869689,-0.009470379317147686,-0.7958077982579501,0.604869140273292,0.0,0.0,0.0,0.004663914442062378,-0.006617218255996704,-0.138214111328125
635,711000000,imu1_frame,0.025443064801101055,-0.01059513282112487,-0.7958052968881817,0.6049250557372728,0.0,0.0,0.0,-0.03418457508087158,-0.004731267690658569,-0.13945865631103516
635,731000000,imu1_frame,0.027091881070185907,-0.009465447798643707,-0.7958078031840021,0.6048688913057959,0.0,0.0,0.0,0.0048333704471588135,-0.006624788045883179,-0.13820838928222656
635,751000000,imu1_frame,0.025448669079355887,-0.010594573241401577,-0.7958052293271,0.6049249186763292,0.0,0.0,0.0,-0.034090787172317505,-0.0047886669635772705,-0.13945293426513672
635,771000000,imu1_frame,0.02574659644278344,-0.008615147956702107,-0.7958467023132277,0.6048891786223798,0.0,0.0,0.0,-0.006023794412612915,-0.01657119393348694,-0.14380455017089844
635,791000000,imu1_frame,0.02741899353357241,-0.009705038537982533,-0.7957950781560695,0.6048670966445088,0.0,0.0,0.0,0.007082462310791016,-0.014215826988220215,-0.1377696990966797
635,811000000,imu1_frame,0.0257462061515742,-0.008614858020778106,-0.7958467148299742,0.6048891828958594,0.0,0.0,0.0,-0.006026327610015869,0.022500187158584595,-0.13989830017089844
635,831000000,imu1_frame,0.027418582420454828,-0.00970478185763119,-0.7957950909774254,0.604867102530283,0.0,0.0,0.0,0.007079064846038818,-0.01420697569847107,-0.1377706527709961
635,851000000,imu1_frame,0.02574585682181187,-0.008614574491715654,-0.7958467265917657,0.6048891863275525,0.0,0.0,0.0,-0.006028413772583008,0.022508740425109863,-0.13989830017089844
635,871000000,imu1_frame,0.02741820159426503,-0.009704548754623527,-0.7957951027444989,0.6048671080515768,0.0,0.0,0.0,0.00707593560218811,-0.014198869466781616,-0.1377706527709961
635,891000000,imu1_frame,0.025745530763626227,-0.008614318103382613,-0.7958467373775254,0.6048891896660585,0.0,0.0,0.0,-0.006030440330505371,0.022516638040542603,-0.13989925384521484
635,911000000,imu1_frame,0.027417850316133526,-0.009704332944815751,-0.7957951136155602,0.6048671131345594,0.0,0.0,0.0,0.007073014974594116,-0.014191359281539917,-0.1377716064453125
635,931000000,imu1_frame,0.025852766450411884,-0.00846462349059508,-0.7958486666534819,0.604884190900951,0.0,0.0,0.0,-0.0025904476642608643,0.023579537868499756,-0.17890357971191406
635,951000000,imu1_frame,0.027387534373147913,-0.009741386056115712,-0.7957947531200968,0.604868365237586,0.0,0.0,0.0,0.006162971258163452,-0.014409959316253662,-0.13778972625732422
635,971000000,imu1_frame,0.025864638770167404,-0.008479452801377227,-0.795860327032379,0.6048681337261808,0.001953125,0.0,-0.001953125,-0.0025725364685058594,0.023214668035507202,-0.13982391357421875
635,991000000,imu1_frame,0.02741402760427003,-0.009768039569802392,-0.7958180364310627,0.6048361012575909,0.001953125,0.0,-0.001953125,0.006278514862060547,-0.015124887228012085,-0.13775062561035156
636,11000000,imu1_frame,0.02589596566623487,-0.008495781888508473,-0.7958838352006498,0.6048356318196052,0.001953125,0.0,-0.001953125,-0.002260953187942505,0.022602766752243042,-0.1397867202758789
636,31000000,imu1_frame,0.027438442479038247,-0.009792998360078981,-0.7958413920532383,0.6048038589098186,0.001953125,0.0,-0.001953125,0.006381899118423462,-0.015788942575454712,-0.13771533966064453
636,51000000,imu1_frame,0.028716534857934475,-0.00826042003841365,-0.7958690345033483,0.6047310195493943,0.001953125,0.0,-0.001953125,0.00534781813621521,-0.007021129131317139,-0.14075946807861328
636,71000000,imu1_frame,0.027122039599156066,-0.009467826007360841,-0.7958792350562823,0.6047735100390086,0.001953125,0.0,-0.001953125,0.005330085754394531,-0.006981253623962402,-0.13817501068115234
636,91000000,imu1_frame,0.025212483906632867,-0.010025744094098494,-0.7959067808625677,0.6048108888632893,0.001953125,0.0,-0.001953125,-0.03096640110015869,0.006889134645462036,-0.13991641998291016
636,111000000,imu1_frame,0.027141624118301937,-0.009480653047353632,-0.795902949548504,0.6047412209846524,0.001953125,0.0,-0.001953125,0.005501478910446167,-0.007399260997772217,-0.13814926147460938
636,131000000,imu1_frame,0.025158083294008076,-0.009571641168790428,-0.7959428771362663,0.6047730077197145,0.001953125,0.0,-0.001953125,-0.026419341564178467,0.014608919620513916,-0.14014339447021484
636,151000000,imu1_frame,0.02716459861369853,-0.009495169071286854,-0.7959265708425298,0.6047088722462368,0.001953125,0.0,-0.001953125,0.0057058632373809814,-0.00788387656211853,-0.13811969757080078
636,171000000,imu1_frame,0.02519407663250388,-0.009285013778528164,-0.7959735443099543,0.6047356147775798,0.001953125,0.0,-0.001953125,-0.02244904637336731,0.018655776977539062,-0.1402139663696289
636,191000000,imu1_frame,0.02714828924575578,-0.009521284539888701,-0.7959158796507214,0.6047232656774151,0.0,-0.00390625,0.00390625,0.005134999752044678,-0.008103013038635254,-0.13812732696533203
636,211000000,imu1_frame,0.025315044751547867,-0.008683537544931107,-0.7959409887124412,0.6047823469417691,0.0,-0.00390625,0.00390625,-0.013480961322784424,0.02656659483909607,-0.1403055191040039
636,231000000,imu1_frame,0.02710701637469319,-0.00952716537542901,-0.7958713946954754,0.604783569459894,0.0,-0.00390625,0.00390625,0.00438845157623291,-0.0077301859855651855,-0.1772317886352539
636,251000000,imu1_frame,0.025832138275254393,-0.007988255509434456,-0.7959044319268044,0.6048181740368876,0.0,-0.00390625,0.00390625,0.0027596652507781982,0.03125867247581482,-0.1400156021118164
636,271000000,imu1_frame,0.027076857477287674,-0.009547922286819548,-0.7958617867632396,0.6047972365505512,0.0,-0.00390625,-0.001953125,0.0036663711071014404,-0.007702142000198364,-0.13819313049316406
636,291000000,imu1_frame,0.02687658243516355,-0.007576981649588353,-0.7959236126972751,0.6047527109625932,0.0,-0.00390625,-0.001953125,0.023890674114227295,0.0253409743309021,-0.13906478881835938
636,311000000,imu1_frame,0.027048543880695615,-0.009588438895502049,-0.7958870925238569,0.6047645608560434,0.0,-0.00390625,-0.001953125,0.0027664899826049805,-0.007985323667526245,-0.13820838928222656
636,331000000,imu1_frame,0.027429934877196194,-0.0076532188211227235,-0.7959389365702102,0.6047067356709297,0.0,-0.00390625,-0.001953125,0.031613677740097046,0.01763591170310974,-0.13845443725585938
636,351000000,imu1_frame,0.02700517272160437,-0.009597651195878002,-0.7959002612861376,0.6047490221756929,-0.00390625,-0.001953125,0.0,0.001992851495742798,-0.007610321044921875,-0.13825035095214844
636,371000000,imu1_frame,0.027960219409523045,-0.007840131444355218,-0.7959256576322572,0.6046975326493119,-0.00390625,-0.001953125,0.0,0.037648677825927734,0.008466988801956177,-0.13782310485839844
636,391000000,imu1_frame,0.026968385606077033,-0.00958042234083665,-0.7959008446958027,0.6047501691591998,-0.00390625,-0.001953125,0.0,0.00162428617477417,-0.006908208131790161,-0.13829612731933594
636,411000000,imu1_frame,0.02837948551046773,-0.008182319025594515,-0.7959104560116003,0.6046934764564034,-0.00390625,-0.001953125,0.0,0.04011908173561096,-0.00180777907371521,-0.1372547149658203
636,431000000,imu1_frame,0.026920940191004022,-0.009573792036646211,-0.7959013430166827,0.6047517322583807,-0.00390625,-0.001953125,0.0,0.0009645521640777588,-0.006245136260986328,-0.13834857940673828
636,451000000,imu1_frame,0.028593532482795937,-0.008518656494573042,-0.795898673323681,0.6046942567887403,-0.00390625,-0.001953125,0.0,0.03946688771247864,-0.009568959474563599,-0.13690662384033203
636,471000000,imu1_frame,0.026863820955108468,-0.009570109922697818,-0.7959019261340714,0.6047535631113176,-0.00390625,-0.001953125,0.0,0.00011947751045227051,-0.005513817071914673,-0.13840961456298828
636,491000000,imu1_frame,0.02869272571368797,-0.008807170710271501,-0.7958788029278315,0.6047115777669227,0.0,-0.001953125,0.001953125,0.037585705518722534,-0.01523616909980774,-0.13669776916503906
636,511000000,imu1_frame,0.026830702226416307,-0.009588538713432066,-0.7958795336806661,0.6047842104516484,0.0,-0.001953125,0.001953125,-0.0006310939788818359,-0.005420953035354614,-0.13843727111816406
636,531000000,imu1_frame,0.028644642736415458,-0.008790991638848373,-0.795857536012755,0.6047420816184494,0.0,-0.001953125,0.001953125,0.03701171278953552,-0.014429539442062378,-0.13675689697265625
636,551000000,imu1_frame,0.026840777860519496,-0.00969408821614528,-0.795854265464656,0.6048153316833269,0.0,-0.001953125,0.001953125,-0.0017413496971130371,-0.007193535566329956,-0.17744922637939453
636,571000000,imu1_frame,0.028618327366526412,-0.008783062637357019,-0.7958351378801862,0.6047729180979219,0.0,0.0,0.001953125,0.0366782546043396,-0.014008581638336182,-0.17585182189941406
636,591000000,imu1_frame,0.02679607117831079,-0.009605377347004953,-0.7958335953211249,0.60484592736802,0.0,0.0,0.001953125,-0.0014046728610992432,-0.005297064781188965,-0.13846778869628906
636,611000000,imu1_frame,0.02861493459631623,-0.008779307710127474,-0.7958116781399126,0.6048040031368139,0.0,0.0,0.001953125,0.036651432514190674,-0.013923466205596924,-0.1367940902709961
636,631000000,imu1_frame,0.02679466831914303,-0.009605908732569222,-0.7958099971681004,0.6048770293823337,0.0,0.0,0.001953125,-0.001450866460800171,-0.005300730466842651,-0.13846874237060547
636,651000000,imu1_frame,0.028615211473573966,-0.008748259001043061,-0.7957878572762697,0.6048357825463181,-0.001953125,0.001953125,0.001953125,0.03700414299964905,-0.013457447290420532,-0.13680458068847656
636,671000000,imu1_frame,0.026811815423506007,-0.0095766733729003,-0.7957849248420151,0.6049097182844668,-0.001953125,0.001953125,0.001953125,-0.0008578002452850342,-0.005061030387878418,-0.13846206665039062
636,691000000,imu1_frame,0.02845211530645805,-0.008400901608555396,-0.7957731028305997,0.6048678126649748,-0.001953125,0.001953125,0.001953125,-0.0005022287368774414,-0.006141185760498047,-0.14100933074951172
636,711000000,imu1_frame,0.026953097770608243,-0.009693461628573473,-0.7957541887570071,0.6049420124259028,-0.001953125,0.001953125,0.001953125,-6.335973739624023e-05,-0.008559465408325195,-0.17733192443847656
636,731000000,imu1_frame,0.028547740129572317,-0.008455417428805128,-0.7957450813474015,0.6048994114404611,0.0,0.001953125,0.001953125,0.039382338523864746,-0.008132845163345337,-0.1760406494140625
636,751000000,imu1_frame,0.026917686468109773,-0.009583200057966926,-0.7957327725628359,0.6049735160329877,0.0,0.001953125,0.001953125,0.0006725192070007324,-0.006438255310058594,-0.13834857940673828
636,771000000,imu1_frame,0.02857717400018694,-0.008435557109685113,-0.7957202972663394,0.6049309010298454,0.0,0.001953125,0.001953125,0.04005596041679382,-0.008185505867004395,-0.13695240020751953
636,791000000,imu1_frame,0.029678889341405973,-0.006743069807787448,-0.7957275080493209,0.604889599406905,0.0,0.001953125,0.001953125,0.03815242648124695,0.005135059356689453,-0.140106201171875
636,811000000,imu1_frame,0.028314779314555567,-0.00817830274085723,-0.7957067668319375,0.6049645690902168,0.0,0.001953125,0.001953125,0.039003998041152954,-0.0010981857776641846,-0.1373271942138672
636,831000000,imu1_frame,0.03029095999792689,-0.00853842396488884,-0.795649499113227,0.6049391933239826,0.0,0.001953125,0.001953125,0.026390045881271362,-0.030043423175811768,-0.13885211944580078
636,851000000,imu1_frame,0.028342731149106314,-0.008171982866318804,-0.7956816743497561,0.6049963482460128,0.0,0.001953125,0.001953125,0.00043210387229919434,-0.001344144344329834,-0.141204833984375
636,871000000,imu1_frame,0.03030928439315713,-0.008587497475926223,-0.7956232079941664,0.6049721589195216,0.0,0.001953125,0.001953125,0.0260736346244812,-0.03103843331336975,-0.13881397247314453
636,891000000,imu1_frame,0.028371425024074998,-0.008166009651907915,-0.7956565578582696,0.6050281154339839,0.0,0.001953125,0.001953125,0.0009300708770751953,-0.0016042590141296387,-0.1411752700805664
636,911000000,imu1_frame,0.02697652100202166,-0.009574809664971411,-0.7956338762838028,0.6051010867979973,0.0,0.001953125,0.001953125,0.001610785722732544,-0.0070521533489227295,-0.1382894515991211
636,931000000,imu1_frame,0.028369432224178953,-0.008112389548284119,-0.7956330739343072,0.6050598120127794,0.0,0.001953125,0.001953125,0.040577322244644165,-0.000760197639465332,-0.13728809356689453
636,951000000,imu1_frame,0.027017141994905368,-0.009563885703474436,-0.7956209574975813,0.6051164335227642,0.001953125,0.001953125,0.0,0.002362072467803955,-0.00736844539642334,-0.13825035095214844
636,971000000,imu1_frame,0.028619796220977795,-0.008332951783790288,-0.7956234543289629,0.6050576733671654,0.001953125,0.001953125,0.0,0.0027948319911956787,-0.007148683071136475,-0.14084434509277344
636,991000000,imu1_frame,0.027038471261903098,-0.009521519083934752,-0.7956213201067592,0.605115672196425,0.001953125,0.001953125,0.0,0.0031952857971191406,-0.00696149468421936,-0.1382436752319336
637,11000000,imu1_frame,0.02823353123313654,-0.007900738348213327,-0.7956395004482517,0.6050605187699136,0.001953125,0.001953125,0.0,0.04097053408622742,0.004137277603149414,-0.13750457763671875
637,31000000,imu1_frame,0.027046703901776336,-0.009509052268155455,-0.7956212961849431,0.6051155317705883,0.0,0.0,0.0,0.0034707188606262207,-0.006864875555038452,-0.13823986053466797
637,51000000,imu1_frame,0.028636451504218213,-0.008293553101696214,-0.7956237308558398,0.6050570630289592,0.0,0.0,0.0,0.003520101308822632,-0.00673261284828186,-0.140838623046875
637,71000000,imu1_frame,0.027041055641114586,-0.009496322095223785,-0.7956217065598744,0.6051154445452792,0.0,0.0,0.0,0.0035337507724761963,-0.006600171327590942,-0.13825035095214844
637,91000000,imu1_frame,0.028638457304126206,-0.008290914471008102,-0.7956237572817069,0.6050569695073463,0.0,0.0,0.0,0.042645156383514404,-0.00671541690826416,-0.1369304656982422
637,111000000,imu1_frame,0.027070812160543467,-0.009498686567709861,-0.7956092016158814,0.6051305184723348,0.001953125,0.001953125,0.001953125,0.003959178924560547,-0.00699460506439209,-0.13821792602539062
637,131000000,imu1_frame,0.02832577187489668,-0.0110817640528823,-0.795537814083354,0.6051400098461895,0.001953125,0.001953125,0.001953125,0.004708737134933472,-0.011291921138763428,-0.13622188568115234
637,151000000,imu1_frame,0.02861309005386031,-0.009102053381956124,-0.7955710549917575,0.6051158072312306,0.001953125,0.001953125,0.001953125,-0.006445169448852539,-0.019053995609283447,-0.14058971405029297
637,171000000,imu1_frame,0.028837063486749064,-0.007114945023182853,-0.7956024514846133,0.6050905225819126,0.001953125,0.001953125,0.001953125,0.020563215017318726,0.00920841097831726,-0.14096832275390625
637,191000000,imu1_frame,0.027666125775428124,-0.00872040874438013,-0.7955736711529798,0.6051620227047295,0.001953125,0.001953125,0.001953125,0.022398680448532104,-0.0019434988498687744,-0.13785839080810547
637,211000000,imu1_frame,0.02645493950960148,-0.010293520072793948,-0.7955431262046972,0.6052316200997033,0.001953125,0.001953125,0.001953125,-0.015075117349624634,-0.012109905481338501,-0.13855552673339844
637,231000000,imu1_frame,0.0279576509300467,-0.008949552164093417,-0.7955397431025609,0.605189881289209,0.001953125,0.001953125,0.001953125,-0.014864325523376465,-0.008964598178863525,-0.14136886596679688
637,251000000,imu1_frame,0.02937487149660299,-0.007591814660064642,-0.7955599556567133,0.6051147314602527,0.0,-0.00390625,-0.001953125,0.023258507251739502,-0.0045761168003082275,-0.14021968841552734
637,271000000,imu1_frame,0.027795331479877127,-0.00887863122863189,-0.795570248164958,0.6051583013478182,0.0,-0.00390625,-0.001953125,0.022535204887390137,-0.00592997670173645,-0.1376638412475586
637,291000000,imu1_frame,0.026217183788431953,-0.010169742564506328,-0.7955771102570177,0.6051993863558262,0.0,-0.00390625,-0.001953125,-0.017284244298934937,-0.00736236572265625,-0.13884830474853516
637,311000000,imu1_frame,0.027736473799259864,-0.008927252131415596,-0.7955959528932243,0.6051264925042428,0.0,-0.00390625,-0.001953125,0.021063953638076782,-0.0059767067432403564,-0.1377105712890625
637,331000000,imu1_frame,0.026174332515736757,-0.010208051451192118,-0.7955785167419953,0.6051987472735978,0.0,-0.001953125,0.001953125,-0.018402963876724243,-0.007451236248016357,-0.13887786865234375
637,351000000,imu1_frame,0.027704896750725405,-0.008952306253976267,-0.7955733920755858,0.6051572297594344,0.0,-0.001953125,0.001953125,0.020258933305740356,-0.00600549578666687,-0.13773632049560547
637,371000000,imu1_frame,0.029316476198593736,-0.007805067680865932,-0.7955612050934253,0.6051132076662112,0.0,-0.001953125,0.001953125,0.019829005002975464,-0.007201075553894043,-0.14022254943847656
637,391000000,imu1_frame,0.027694343429430158,-0.009009773321124638,-0.7955496566895336,0.605188062562275,0.0,-0.001953125,0.001953125,0.019397050142288208,-0.006787329912185669,-0.1377267837524414
637,411000000,imu1_frame,0.02606455359155456,-0.01016811108158228,-0.7955347713346476,0.6052616592521253,-0.00390625,0.0,0.001953125,-0.019672423601150513,-0.005554825067520142,-0.1390056610107422
637,431000000,imu1_frame,0.027654146298777434,-0.008958309398172971,-0.795526379301435,0.6052212626145596,-0.00390625,0.0,0.001953125,-0.01970037817955017,-0.005524963140487671,-0.1416950225830078
637,451000000,imu1_frame,0.026129732535346343,-0.010247546424840999,-0.7955066954137255,0.6052944097064139,-0.00390625,0.0,0.001953125,-0.01961955428123474,-0.007572352886199951,-0.13890743255615234
637,471000000,imu1_frame,0.02764716027678234,-0.008944559778612454,-0.7955017078528148,0.6052542128579128,-0.00390625,0.0,0.001953125,0.01939702033996582,-0.005241960287094116,-0.1378021240234375
637,491000000,imu1_frame,0.026202616422258067,-0.010267827923106992,-0.7955032477453288,0.6052954463970496,0.0,0.00390625,-0.001953125,-0.018728166818618774,-0.008749842643737793,-0.138824462890625
637,511000000,imu1_frame,0.02770703919601338,-0.00889180624693473,-0.7955233298754452,0.6052238324657592,0.0,0.00390625,-0.001953125,0.020969301462173462,-0.0051174163818359375,-0.1377553939819336
637,531000000,imu1_frame,0.026259725020988396,-0.010214619250850472,-0.7955250485059738,0.6052652192179477,0.0,0.00390625,-0.001953125,-0.017193317413330078,-0.008587092161178589,-0.13878822326660156
637,551000000,imu1_frame,0.027676979869192157,-0.008883297484164023,-0.7955242308161166,0.6052241485561811,-0.001953125,-0.005859375,0.001953125,0.020602941513061523,-0.0046298205852508545,-0.13778972625732422
637,571000000,imu1_frame,0.026183724138598524,-0.010296521471235907,-0.7955032140050845,0.6052958208540735,-0.001953125,-0.005859375,0.001953125,-0.01936161518096924,-0.00897267460823059,-0.13883304595947266
637,591000000,imu1_frame,0.027588554054436675,-0.00895540481240121,-0.7955030041118963,0.6052550229934319,-0.001953125,-0.005859375,0.001953125,0.01835799217224121,-0.004717916250228882,-0.1378612518310547
637,611000000,imu1_frame,0.026113047875413315,-0.010387728291751502,-0.795481062217585,0.6053264272149168,-0.001953125,-0.005859375,0.001953125,-0.021557211875915527,-0.009565919637680054,-0.1388683319091797
637,631000000,imu1_frame,0.027526813932318546,-0.009027722712785263,-0.7955047476951103,0.6052544680809021,0.0,-0.00390625,-0.001953125,0.016543328762054443,-0.005111962556838989,-0.13790225982666016
637,651000000,imu1_frame,0.026063169732110595,-0.01044434657710638,-0.7955063051021273,0.605294428646798,0.0,-0.00390625,-0.001953125,-0.02298334240913391,-0.009844839572906494,-0.13889598846435547
637,673000000,imu1_frame,0.027612842039780275,-0.008940937935898926,-0.7955325804134874,0.605215254338463,0.0,-0.00390625,-0.001953125,0.018929719924926758,-0.0047640204429626465,-0.13784027099609375
637,691000000,imu1_frame,0.02630001732870742,-0.010220927843663187,-0.7955341185907393,0.6052514418657586,0.0,-0.00390625,-0.001953125,-0.016634076833724976,-0.009156495332717896,-0.13874340057373047
637,711000000,imu1_frame,0.027782899517549645,-0.008790271638422272,-0.795555094461237,0.605180083360063,0.0,0.005859375,-0.001953125,0.02337491512298584,-0.0044176578521728516,-0.13770771026611328
637,731000000,imu1_frame,0.0263867407721372,-0.010136919555672773,-0.7955550816254123,0.6052215254543821,0.0,0.005859375,-0.001953125,-0.014274835586547852,-0.008864820003509521,-0.1386880874633789
637,751000000,imu1_frame,0.02786765835370148,-0.008708975993235713,-0.7955758268932704,0.6051501061869855,0.0,0.005859375,-0.001953125,0.025671064853668213,-0.0041432976722717285,-0.13764381408691406
637,771000000,imu1_frame,0.026469918684654918,-0.010058380524189614,-0.7955759538704075,0.6051917663098612,0.0,0.005859375,-0.001953125,-0.012035578489303589,-0.00861617922782898,-0.13863277435302734
637,791000000,imu1_frame,0.027887404274897862,-0.008675842051873647,-0.7955751489268782,0.6051505637917517,0.0,-0.001953125,0.001953125,0.026369601488113403,-0.003861755132675171,-0.1376333236694336
637,811000000,imu1_frame,0.026440293437273898,-0.010085997526355028,-0.795553243807811,0.6052224548079155,0.0,-0.001953125,0.001953125,-0.012840807437896729,-0.008706629276275635,-0.13865280151367188
637,831000000,imu1_frame,0.02592189851563894,-0.008162481070491709,-0.7955944175814519,0.6052197549595928,0.0,-0.001953125,0.001953125,0.0018750429153442383,-0.011729419231414795,-0.14377593994140625
637,851000000,imu1_frame,0.027276551564467802,-0.009631034245056052,-0.7955276794066161,0.6052263578298996,0.0,-0.001953125,0.001953125,0.005531489849090576,-0.011521786451339722,-0.17701244354248047
637,871000000,imu1_frame,0.026091917507173133,-0.008048868101531532,-0.7955847319834853,0.6052267028129615,0.001953125,-0.00390625,0.0,0.005857229232788086,0.027086496353149414,-0.17879581451416016
637,891000000,imu1_frame,0.02721288861586159,-0.009730557547102238,-0.795529355520584,0.6052254286197891,0.001953125,-0.00390625,0.0,0.0033652186393737793,-0.012316137552261353,-0.13798046112060547
637,911000000,imu1_frame,0.026274355375584223,-0.007995591577880943,-0.7955861673008202,0.6052176295883231,0.001953125,-0.00390625,0.0,0.009326785802841187,0.025761157274246216,-0.13956260681152344
637,931000000,imu1_frame,0.027304578792099188,-0.009719303538354228,-0.7955160561385595,0.605238960693599,0.001953125,0.0078125,0.001953125,0.00491449236869812,-0.01323053240776062,-0.13788700103759766
637,951000000,imu1_frame,0.029299954636600626,-0.009134703198861093,-0.7954831651605045,0.6051979872752281,0.001953125,0.0078125,0.001953125,-0.03527754545211792,0.007438957691192627,-0.178863525390625
637,971000000,imu1_frame,0.0273968809208099,-0.009397971519076518,-0.7954952173097791,0.6052672536032365,0.001953125,0.0078125,0.001953125,0.010135412216186523,-0.009337693452835083,-0.1379079818725586
637,991000000,imu1_frame,0.02551591554145245,-0.00977748143069825,-0.79550122227334,0.6053355633634754,0.001953125,0.0078125,0.001953125,-0.02361324429512024,0.006980180740356445,-0.1397113800048828
638,11000000,imu1_frame,0.027294469180933045,-0.009473234969112529,-0.7954625916034405,0.6053135841288291,-0.00390625,-0.01953125,0.00390625,0.0076261162757873535,-0.009314417839050293,-0.13798999786376953
638,31000000,imu1_frame,0.025118551835483113,-0.009474399360922203,-0.7954767806040612,0.6053891191871855,-0.00390625,-0.01953125,0.00390625,-0.02622780203819275,0.016373038291931152,-0.14021873474121094
638,51000000,imu1_frame,0.026935726426613068,-0.009550846631500768,-0.7954288966406036,0.6053727102864848,-0.00390625,-0.01953125,0.00390625,0.0011008679866790771,-0.006301313638687134,-0.13834095001220703
638,71000000,imu1_frame,0.0284531553059354,-0.008580743205535299,-0.795408344767455,0.6053448222901342,-0.00390625,-0.01953125,0.00390625,0.03616732358932495,-0.009155213832855225,-0.13704299926757812
638,91000000,imu1_frame,0.026798115678508403,-0.009661483211705693,-0.7954213173406942,0.6053870205564582,0.001953125,0.001953125,-0.001953125,-0.002354264259338379,-0.006399691104888916,-0.1384439468383789
638,111000000,imu1_frame,0.028425830489742933,-0.008466641695259838,-0.7954346997201798,0.605313081487952,0.001953125,0.001953125,-0.001953125,-0.001950085163116455,-0.007044404745101929,-0.14101696014404297
638,131000000,imu1_frame,0.02684542050071516,-0.009657552659132559,-0.7954439226558773,0.6053552849233302,0.001953125,0.001953125,-0.001953125,-0.0015543699264526367,-0.0068860650062561035,-0.1383962631225586
638,151000000,imu1_frame,0.028404780424172413,-0.008376627689792453,-0.7954603926219896,0.6052815578945645,0.001953125,0.001953125,-0.001953125,0.03786969184875488,-0.005382567644119263,-0.1371631622314453
638,171000000,imu1_frame,0.02695518504780132,-0.009641961592107989,-0.795476742360671,0.6053075275749918,0.005859375,0.0078125,-0.00390625,0.0003630220890045166,-0.007923334836959839,-0.13828659057617188
638,191000000,imu1_frame,0.028186326299712683,-0.00799076547651688,-0.7955179219706267,0.605221376440358,0.005859375,0.0078125,-0.00390625,0.03907939791679382,0.0032260119915008545,-0.1375284194946289
638,211000000,imu1_frame,0.02708086659620752,-0.009588436995950354,-0.7955210884119744,0.6052444848424483,0.005859375,0.0078125,-0.00390625,0.0029858648777008057,-0.008553117513656616,-0.13817405700683594
638,231000000,imu1_frame,0.027122914380922493,-0.0075782276820981955,-0.7955772240311846,0.6051973220227579,0.005859375,0.009765625,-0.001953125,0.02745881676673889,0.02222532033920288,-0.13880348205566406
638,251000000,imu1_frame,0.027202771347677714,-0.009551212920731869,-0.7955634489648675,0.6051839243022517,0.005859375,0.01171875,-0.005859375,0.005355566740036011,-0.009391993284225464,-0.13805866241455078
638,271000000,imu1_frame,0.025661064072629625,-0.008433666029437476,-0.7956465329952841,0.6051586383755488,0.005859375,0.01171875,-0.005859375,-0.0053532421588897705,0.026223450899124146,-0.1400442123413086
638,291000000,imu1_frame,0.027783201831656664,-0.008284653191571028,-0.7956488825196929,0.6050638924631355,0.005859375,0.01171875,-0.005859375,-0.009632021188735962,0.0034895241260528564,-0.1417827606201172
638,311000000,imu1_frame,0.029968122476107684,-0.008158177948427022,-0.7956328051110167,0.6049824751172496,0.0078125,0.017578125,-0.00390625,0.025848716497421265,-0.020334750413894653,-0.1393566131591797
638,331000000,imu1_frame,0.028164515547271674,-0.008254232928198423,-0.7956834323665974,0.6050012422797699,0.0078125,0.017578125,-0.00390625,-0.003312230110168457,-0.0005188584327697754,-0.14137554168701172
638,351000000,imu1_frame,0.027122717134719004,-0.009784883498217227,-0.7956842968344922,0.6050248871254438,0.0078125,0.017578125,-0.00390625,0.0014411211013793945,-0.01201784610748291,-0.17711734771728516
638,371000000,imu1_frame,0.028664585279578155,-0.011206245855843046,-0.7956439008241594,0.6049822680755886,0.0078125,0.017578125,-0.00390625,0.00859898328781128,-0.017170310020446777,-0.13579082489013672
638,391000000,imu1_frame,0.027048714688008228,-0.01017207203994904,-0.7957043744979101,0.604995408568553,0.00390625,0.01171875,-0.001953125,-0.004272371530532837,0.018002957105636597,-0.13798236846923828
638,411000000,imu1_frame,0.028467215092194537,-0.008614536924595087,-0.7957279749014095,0.6049234640661342,0.00390625,0.01171875,-0.001953125,-0.0028276145458221436,-0.009666353464126587,-0.14092159271240234
638,431000000,imu1_frame,0.026884362923304594,-0.00962423935098936,-0.7957390847928936,0.6049660436587256,0.00390625,0.01171875,-0.001953125,-0.00032642483711242676,-0.006679713726043701,-0.1383676528930664
638,451000000,imu1_frame,0.028596059724287002,-0.008376373978631986,-0.7957496457046453,0.6048922243574856,0.00390625,0.01171875,-0.001953125,0.002009749412536621,-0.0074714720249176025,-0.14085674285888672
638,471000000,imu1_frame,0.029925299601973147,-0.0067896218813926065,-0.7957488108341932,0.6048489129810907,0.001953125,0.0078125,0.001953125,0.04145252704620361,0.0015185177326202393,-0.13980674743652344
638,491000000,imu1_frame,0.028544701725929433,-0.008128426421641818,-0.7957295114115056,0.6049245187261733,0.001953125,0.0078125,0.001953125,0.04318907856941223,-0.0030226707458496094,-0.13708782196044922
638,511000000,imu1_frame,0.03016552517627083,-0.009359121382843512,-0.795656124623157,0.6049246062836591,0.001953125,0.0078125,0.001953125,0.014741212129592896,-0.041316866874694824,-0.13871383666992188
638,531000000,imu1_frame,0.02867463099603519,-0.00808537972886652,-0.7957009210447905,0.6049565574653715,0.001953125,0.0078125,0.001953125,0.006635427474975586,-0.003903001546859741,-0.17992496490478516
638,551000000,imu1_frame,0.029755876327303053,-0.009745822200543841,-0.7956298949277125,0.6049732862457208,-0.001953125,-0.005859375,0.001953125,0.0037729740142822266,-0.04251068830490112,-0.17811203002929688
638,571000000,imu1_frame,0.028541455515722264,-0.008134391953182416,-0.795681030412356,0.6049883592487773,-0.001953125,-0.005859375,0.001953125,0.003968417644500732,-0.0031050443649291992,-0.14099597930908203
638,591000000,imu1_frame,0.027005928149260165,-0.00950229553428902,-0.7956636385120214,0.6050617824438983,-0.001953125,-0.005859375,0.001953125,0.0029489099979400635,-0.006257086992263794,-0.13828563690185547
638,611000000,imu1_frame,0.029174749745397622,-0.008596974941423429,-0.7956651679416555,0.6049726163418694,0.01171875,0.033203125,-0.00390625,0.047403544187545776,-0.01777687668800354,-0.13622379302978516
638,631000000,imu1_frame,0.02767701016545752,-0.009273443605580241,-0.7956912586012492,0.6049986837486139,0.013671875,0.033203125,-0.00390625,0.016119301319122314,-0.01060575246810913,-0.1376514434814453
638,651000000,imu1_frame,0.029976341576917507,-0.008762348581020101,-0.795680245750377,0.604911222176964,0.013671875,0.033203125,-0.00390625,-0.02019059658050537,0.0053615570068359375,-0.1391468048095703
638,671000000,imu1_frame,0.028467892145267813,-0.007928517240072028,-0.7957446109566129,0.6049109288686132,0.013671875,0.033203125,-0.00390625,0.005306273698806763,0.001000136137008667,-0.1411418914794922
638,691000000,imu1_frame,0.029383333457433453,-0.009642607340147356,-0.7956559526752144,0.6049588786116872,-0.0078125,-0.0234375,0.005859375,-0.0007827281951904297,-0.036496490240097046,-0.13951873779296875
638,711000000,imu1_frame,0.02826489151959316,-0.007933033848604398,-0.7956876268372995,0.6049953416179078,-0.0078125,-0.0234375,0.005859375,0.002050638198852539,0.003292471170425415,-0.14136600494384766
638,731000000,imu1_frame,0.029643589480504322,-0.009195971172323378,-0.795601783189145,0.6050243749661345,-0.0078125,-0.0234375,0.005859375,0.008503317832946777,-0.032655686140060425,-0.13938331604003906
638,751000000,imu1_frame,0.027997759302375066,-0.007863535746934743,-0.7956334053763051,0.6050799736637358,-0.0078125,-0.0234375,0.005859375,-0.0013249516487121582,0.007494449615478516,-0.14168167114257812
638,771000000,imu1_frame,0.029542107437154908,-0.00890505239426966,-0.7955855577726622,0.6050550257568222,-0.005859375,-0.021484375,0.0,0.010351032018661499,-0.026946276426315308,-0.1396036148071289
638,791000000,imu1_frame,0.027758802507026087,-0.00775942998622591,-0.7956499343064661,0.605070592714421,-0.005859375,-0.021484375,0.0,-0.003799527883529663,0.011942386627197266,-0.14197444915771484
638,811000000,imu1_frame,0.026809490978029447,-0.009701914596933146,-0.7956246826183241,0.6051185738804783,-0.005859375,-0.021484375,0.0,-0.0024985074996948242,-0.00706067681312561,-0.13841724395751953
638,831000000,imu1_frame,0.02818648346040907,-0.008565189872465108,-0.7956344773553362,0.6050602764320973,-0.005859375,-0.021484375,0.0,-0.006685167551040649,-0.0056389570236206055,-0.1412496566772461
638,851000000,imu1_frame,0.0299849252810044,-0.007480011567557741,-0.7956610140594449,0.6049533076103788,0.00390625,0.009765625,-0.005859375,0.03415068984031677,-0.009973496198654175,-0.13954448699951172
638,871000000,imu1_frame,0.02837131048150389,-0.008474336299555959,-0.7957003120035651,0.6049663361239811,0.00390625,0.009765625,-0.005859375,-0.002683699131011963,-0.006371170282363892,-0.14107418060302734
638,891000000,imu1_frame,0.03011853168150682,-0.007311883905151654,-0.7957292671905418,0.6048589453248675,0.00390625,0.009765625,-0.005859375,0.038270413875579834,-0.00889277458190918,-0.1394357681274414
638,911000000,imu1_frame,0.028552504403071933,-0.008384468619773636,-0.7957661535938746,0.6048724526482312,0.00390625,0.009765625,-0.005859375,0.0012493729591369629,-0.007074505090713501,-0.14090251922607422
638,931000000,imu1_frame,0.030081957101855687,-0.007041969449171885,-0.7957929620451372,0.6047801650869725,0.00390625,0.00390625,-0.00390625,0.04094123840332031,-0.004224598407745361,-0.1395549774169922
638,951000000,imu1_frame,0.028630900569946625,-0.008365388718804347,-0.7958118949721312,0.604808828990618,0.00390625,0.00390625,-0.00390625,0.0027303099632263184,-0.007676362991333008,-0.1408214569091797
638,971000000,imu1_frame,0.029694387090913956,-0.006643166764940461,-0.7958560249069936,0.6047208441337764,0.00390625,0.00390625,-0.00390625,0.039671242237091064,0.006586968898773193,-0.14011383056640625
638,991000000,imu1_frame,0.028571480456403828,-0.00834647204269037,-0.7958375053075438,0.6047782007106698,-0.00390625,-0.005859375,0.0,0.002048879861831665,-0.0066665709018707275,-0.14089393615722656
639,11000000,imu1_frame,0.03010260133641728,-0.0071872732205272355,-0.7958499053211353,0.6047024927158593,-0.00390625,-0.0078125,-0.001953125,0.03958895802497864,-0.006691038608551025,-0.13949012756347656
639,31000000,imu1_frame,0.02842409526840894,-0.008413568406010864,-0.795864902520302,0.6047481621395804,-0.00390625,-0.0078125,-0.001953125,-0.0010168850421905518,-0.005955994129180908,-0.1410360336303711
639,51000000,imu1_frame,0.030070420756218765,-0.007433595503409793,-0.7958712044340776,0.6046730830838153,-0.00390625,-0.0078125,-0.001953125,0.03619354963302612,-0.01012846827507019,-0.13945674896240234
639,71000000,imu1_frame,0.02838472526472635,-0.008465048119301755,-0.7958656526287861,0.6047483057419345,0.001953125,0.001953125,0.001953125,-0.0022374987602233887,-0.006291627883911133,-0.14106369018554688
639,91000000,imu1_frame,0.026831138713712153,-0.009692620770145896,-0.7958499337623774,0.60482148277682,0.001953125,0.001953125,0.001953125,-0.0018773674964904785,-0.007059276103973389,-0.138397216796875
639,111000000,imu1_frame,0.028358131658801335,-0.008375597471243888,-0.7958441945883971,0.6047790370670659,0.001953125,0.001953125,0.001953125,0.03745162487030029,-0.0045990049839019775,-0.13721561431884766
639,131000000,imu1_frame,0.030271055182420462,-0.0077165622618378124,-0.7958128108433263,0.60473637891452,0.001953125,0.001953125,0.001953125,0.03592613339424133,-0.016930609941482544,-0.13913726806640625
639,151000000,imu1_frame,0.028381364281291246,-0.008364614231986285,-0.7958203002848584,0.6048095411324131,0.0,0.0,0.001953125,-0.0011376738548278809,-0.004716038703918457,-0.1410999298095703
639,171000000,imu1_frame,0.03026945959728225,-0.007711760736323699,-0.7957893518559027,0.6047673900226403,0.0,0.0,0.001953125,0.03593948483467102,-0.01685178279876709,-0.13914012908935547
639,191000000,imu1_frame,0.028518570150739154,-0.008679990763182517,-0.7957863073292009,0.6048433697944149,0.0,0.0,0.001953125,0.036306023597717285,-0.01125723123550415,-0.13693523406982422
639,211000000,imu1_frame,0.029285999354694104,-0.0068315081368016985,-0.7958042021151608,0.6048068556442013,0.0,0.0,0.001953125,0.031050652265548706,0.008442014455795288,-0.1405353546142578
639,231000000,imu1_frame,0.02853521690723277,-0.00866479637815047,-0.7957976274444326,0.6048279084612366,0.0,0.001953125,-0.00390625,-0.002309143543243408,-0.011210769414901733,-0.14082813262939453
639,251000000,imu1_frame,0.029735426194000658,-0.0070392860462821305,-0.7958373453784757,0.6047389292760641,0.0,0.001953125,-0.00390625,0.035614073276519775,-6.842613220214844e-05,-0.17902278900146484
639,271000000,imu1_frame,0.028275628567767674,-0.0083784221963433,-0.7958555719427284,0.6047678889279013,0.0,0.001953125,-0.00390625,0.036143094301223755,-0.0036635994911193848,-0.13730525970458984
639,291000000,imu1_frame,0.03021259890111436,-0.007811885377937426,-0.7958566600309086,0.604680370112119,0.0,0.001953125,-0.00390625,0.03392446041107178,-0.01769605278968811,-0.1391773223876953
639,311000000,imu1_frame,0.028270386744945374,-0.008371228143418714,-0.7958908067526993,0.6047218629247662,-0.001953125,-0.001953125,-0.001953125,-0.0028888583183288574,-0.003470122814178467,-0.1412210464477539
639,331000000,imu1_frame,0.030176346834467398,-0.007856535798978687,-0.7958801753132957,0.6046506507730253,-0.001953125,-0.001953125,-0.001953125,0.032851070165634155,-0.017948180437088013,-0.1392059326171875
639,351000000,imu1_frame,0.028222840749011806,-0.008376407754731412,-0.7959153942058481,0.6046916506115589,-0.001953125,-0.001953125,-0.001953125,-0.00367128849029541,-0.002975970506668091,-0.14127159118652344
639,371000000,imu1_frame,0.03018065021049841,-0.007860625568462197,-0.7958785885808041,0.6046524713892859,-0.001953125,0.00390625,0.001953125,0.032868415117263794,-0.018063485622406006,-0.13920021057128906
639,391000000,imu1_frame,0.028307366489573584,-0.00838585620618125,-0.7959000765881117,0.6047077298209045,0.00390625,0.00390625,0.0,-0.002479076385498047,-0.004128396511077881,-0.14117431640625
639,411000000,imu1_frame,0.030260695620125472,-0.007774347363875441,-0.795878536074749,0.6046496552873956,0.00390625,0.00390625,0.0,0.035133928060531616,-0.017665624618530273,-0.13913249969482422
639,431000000,imu1_frame,0.02840806931989621,-0.008372852203877786,-0.7958980598337763,0.6047058419564992,0.00390625,0.00390625,0.0,-0.000759422779083252,-0.00511518120765686,-0.1410675048828125
639,451000000,imu1_frame,0.030245913334680394,-0.007677915028784834,-0.7958705708634543,0.6046621112496143,0.001953125,-0.00390625,0.001953125,0.0360371470451355,-0.015996932983398438,-0.13917827606201172
639,471000000,imu1_frame,0.02848735337181152,-0.008706142356137368,-0.7958678180532717,0.6047372073638834,0.001953125,-0.00390625,0.001953125,0.03557470440864563,-0.011249750852584839,-0.1369609832763672
639,491000000,imu1_frame,0.02930605748312447,-0.006930734656190997,-0.7958847094999174,0.6046988085784137,0.001953125,-0.00390625,0.001953125,0.030250370502471924,0.0067122578620910645,-0.1404857635498047
639,511000000,imu1_frame,0.028018095657133653,-0.008516111806103172,-0.7958605879098931,0.604771350815474,0.001953125,-0.00390625,0.001953125,0.03051111102104187,-0.002763807773590088,-0.1766061782836914
639,531000000,imu1_frame,0.026682736823324397,-0.010043482100666355,-0.795857716162218,0.6048120829216038,-0.00390625,-0.00390625,-0.001953125,-0.00832819938659668,-0.010759532451629639,-0.17748069763183594
639,551000000,imu1_frame,0.028124163124075105,-0.008707930018456623,-0.7958787858658437,0.6047397470086405,-0.00390625,-0.00390625,-0.001953125,-0.00915372371673584,-0.006987214088439941,-0.14126873016357422
639,571000000,imu1_frame,0.02645915455041946,-0.009883833793817557,-0.7958896064944945,0.6047825702217715,-0.00390625,-0.00390625,-0.001953125,-0.009896814823150635,-0.005623489618301392,-0.13871192932128906
639,591000000,imu1_frame,0.02840176051557334,-0.00979886982973981,-0.7958730256255171,0.6047176607569525,-0.00390625,-0.00390625,-0.001953125,-0.01773005723953247,0.007929086685180664,-0.17963027954101562
639,611000000,imu1_frame,0.03035788178285955,-0.009716179809919099,-0.7958525096301114,0.6046509553279582,-0.00390625,-0.001953125,-0.001953125,0.013679355382919312,-0.01386338472366333,-0.1774158477783203
639,631000000,imu1_frame,0.028814132942051505,-0.008380875734944122,-0.7959255275915351,0.6046503627658301,-0.00390625,-0.001953125,-0.001953125,0.005487620830535889,-0.010013014078140259,-0.1406106948852539
639,651000000,imu1_frame,0.027352112331367806,-0.006958444138171382,-0.7959958395357722,0.6046437508549387,-0.00390625,-0.001953125,-0.001953125,-0.0004081130027770996,0.02939125895500183,-0.14264202117919922
639,674000000,imu1_frame,0.02705205811288747,-0.009220704600427908,-0.7959622698417783,0.6046711748933076,-0.00390625,-0.001953125,-0.001953125,0.0072248876094818115,-0.0022701025009155273,-0.13833999633789062
639,691000000,imu1_frame,0.027198960177325475,-0.01093468154989528,-0.7959282904707867,0.6046807469507572,0.00390625,0.001953125,-0.001953125,-0.010768115520477295,-0.030671656131744385,-0.13750934600830078
639,711000000,imu1_frame,0.02706044155907636,-0.008961336949910352,-0.7959904032748714,0.6046376640906564,0.00390625,0.001953125,-0.001953125,0.010441869497299194,0.0016789436340332031,-0.13842296600341797
639,731000000,imu1_frame,0.028939224300473625,-0.008193991291993536,-0.7959884960211904,0.6045640528558713,0.00390625,0.001953125,-0.001953125,0.009691685438156128,-0.008544683456420898,-0.14053058624267578
639,751000000,imu1_frame,0.027059925658239028,-0.008734014077878417,-0.7960190916683699,0.6046032443850441,0.001953125,0.00390625,-0.001953125,-0.025920748710632324,0.005235135555267334,-0.1424083709716797
639,771000000,imu1_frame,0.02904310458867691,-0.00813379948193513,-0.7960205029467712,0.6045177402444102,0.0,0.0078125,-0.00390625,0.01204487681388855,-0.00881454348564148,-0.14043140411376953
639,791000000,imu1_frame,0.027471824911073008,-0.009237850040770029,-0.7960424253736279,0.6045464564183235,0.0,0.0078125,-0.00390625,-0.025443434715270996,-0.007446080446243286,-0.18085479736328125
639,811000000,imu1_frame,0.02909759051717136,-0.007945279000821957,-0.7960665340372799,0.6044570093510094,0.0,0.0078125,-0.00390625,0.015155941247940063,-0.006497621536254883,-0.1404285430908203
639,831000000,imu1_frame,0.027593122394382757,-0.009142011955062299,-0.7960736010656497,0.6045013357307911,0.0,0.0078125,-0.001953125,-0.022398650646209717,-0.007369428873062134,-0.14169597625732422
639,851000000,imu1_frame,0.029221086426220882,-0.007848675741561176,-0.7960856335666626,0.6044271589082845,0.0,0.0078125,-0.001953125,0.018234550952911377,-0.006439477205276489,-0.1403179168701172
639,871000000,imu1_frame,0.029865606712194792,-0.009712131648178102,-0.7960370742410924,0.6044325408746974,0.0,0.0078125,-0.001953125,0.00621834397315979,-0.00788968801498413,-0.13893413543701172
639,891000000,imu1_frame,0.028666122361965914,-0.008114490496349942,-0.7961075684153596,0.6044213331646203,0.0,0.0078125,-0.001953125,0.0064716637134552,-0.004019796848297119,-0.14086246490478516
639,911000000,imu1_frame,0.02893250898206022,-0.010123571077635889,-0.7960668033948023,0.6044320207975585,0.0,-0.005859375,-0.001953125,-0.013145148754119873,-0.038429200649261475,-0.1398468017578125
639,931000000,imu1_frame,0.026995360112470456,-0.009518944854591826,-0.7961270231634625,0.6044521512991221,0.0,-0.005859375,-0.001953125,0.0029456913471221924,-0.006155669689178467,-0.1382904052734375
639,951000000,imu1_frame,0.028942121759864967,-0.00969924644036598,-0.7961040119246862,0.6043895105012541,0.0,-0.005859375,-0.001953125,-0.007953166961669922,0.003233492374420166,-0.1400003433227539
639,971000000,imu1_frame,0.02854812179340839,-0.007764609480071127,-0.7961716381089842,0.6043471173527243,0.0,-0.005859375,-0.001953125,0.008816063404083252,0.002850949764251709,-0.14110374450683594
639,991000000,imu1_frame,0.02883384410631291,-0.009810312620856524,-0.7961350625197049,0.6043519913321038,-0.005859375,-0.02734375,-0.001953125,-0.010925531387329102,-0.032356828451156616,-0.14008045196533203
640,11000000,imu1_frame,0.02661284466182283,-0.009577656353185249,-0.7961957385719906,0.6043776723850646,-0.005859375,-0.02734375,-0.001953125,-0.0036510825157165527,-0.0025239288806915283,-0.13866901397705078
640,31000000,imu1_frame,0.02832802899130793,-0.009341898236735601,-0.7961922450744878,0.6043080014314297,-0.005859375,-0.02734375,-0.001953125,0.025838583707809448,-0.01907786726951599,-0.13691425323486328
640,51000000,imu1_frame,0.026408677023355757,-0.009537672279668058,-0.7962279051936036,0.6043448829735942,0.0,0.0078125,-0.001953125,-0.00633355975151062,0.0005213916301727295,-0.13889503479003906
640,71000000,imu1_frame,0.028328776708489385,-0.009446182473162545,-0.7962247081552908,0.6042635717713806,-0.001953125,-0.0078125,-0.00390625,0.024644523859024048,-0.020691096782684326,-0.13687515258789062
640,91000000,imu1_frame,0.026260438784891732,-0.009559458060861649,-0.7962805983345845,0.6042815691648422,-0.001953125,-0.0078125,-0.00390625,-0.008859187364578247,0.001956045627593994,-0.1390399932861328
640,111000000,imu1_frame,0.028177888017147847,-0.009442193668729698,-0.7962782843248472,0.60420008732066,-0.001953125,-0.0078125,-0.00390625,0.022384434938430786,-0.018821686506271362,-0.13704395294189453
640,131000000,imu1_frame,0.02625202211036698,-0.00954307775349254,-0.7963056268074877,0.6042492115980308,0.00390625,0.005859375,0.0,-0.008777827024459839,0.0023224353790283203,-0.1390542984008789
640,151000000,imu1_frame,0.028171992625879577,-0.009470986047514611,-0.7962786187632549,0.6041994708333154,-0.001953125,-0.0078125,0.0,0.021952897310256958,-0.01919993758201599,-0.1370391845703125
640,171000000,imu1_frame,0.026099694683930027,-0.009556616744654155,-0.7963113839262204,0.6042480093829926,-0.001953125,-0.0078125,0.0,-0.011305630207061768,0.003910362720489502,-0.1392059326171875
640,191000000,imu1_frame,0.02781853379625992,-0.00870339074813074,-0.7963059164360844,0.6041914163705071,-0.001953125,-0.0078125,0.0,-0.01352924108505249,-0.0030782222747802734,-0.14160537719726562
640,211000000,imu1_frame,0.029644992800700046,-0.007802934316122176,-0.796317230395352,0.604101942716112,0.0,0.00390625,-0.00390625,0.02555525302886963,-0.010582953691482544,-0.13984394073486328
640,231000000,imu1_frame,0.02800795939458107,-0.00887658387364061,-0.7963431746736602,0.6041310359681598,0.0,0.00390625,-0.00390625,0.02646741271018982,-0.00798499584197998,-0.13743209838867188
640,251000000,imu1_frame,0.026372687898816614,-0.009957578565569097,-0.7963658626426435,0.6041578773628135,0.0,0.00390625,-0.00390625,-0.01174667477607727,-0.005519300699234009,-0.13877296447753906
640,271000000,imu1_frame,0.028074752568925422,-0.00883582640766314,-0.796387917653243,0.6040695498498649,0.0,0.00390625,-0.00390625,0.02802330255508423,-0.008112877607345581,-0.1373729705810547
640,291000000,imu1_frame,0.026380854012908992,-0.009933931505924382,-0.7964007303198292,0.6041119468214712,-0.001953125,-0.001953125,-0.001953125,-0.011313408613204956,-0.005230695009231567,-0.13877391815185547
640,311000000,imu1_frame,0.0280455644848535,-0.00886686549402611,-0.7964116309515392,0.6040391867206515,-0.001953125,-0.001953125,-0.001953125,0.027220726013183594,-0.008238911628723145,-0.13739490509033203
640,331000000,imu1_frame,0.026342515736765323,-0.009952420539968003,-0.796424822935612,0.6040815529396946,-0.001953125,-0.001953125,-0.001953125,-0.012110263109207153,-0.005054831504821777,-0.13880634307861328
640,351000000,imu1_frame,0.027945034824784037,-0.00878887604141217,-0.7964390106492105,0.6040088848706425,-0.001953125,-0.001953125,-0.001953125,-0.01246577501296997,-0.0058259665966033936,-0.14143848419189453
640,371000000,imu1_frame,0.029502803422222484,-0.007665913973866039,-0.7964272232390578,0.6039656417685522,-0.005859375,-0.0078125,0.001953125,0.025043904781341553,-0.00670894980430603,-0.14004993438720703
640,391000000,imu1_frame,0.02780998058840854,-0.008870182648203091,-0.7964177680573181,0.6040419385788205,-0.005859375,-0.0078125,0.001953125,0.023517221212387085,-0.005511939525604248,-0.1376514434814453
640,411000000,imu1_frame,0.026190320269009314,-0.010166254632485685,-0.7964015908039024,0.6041152378114362,-0.005859375,-0.0078125,0.001953125,-0.017023146152496338,-0.006599247455596924,-0.13887882232666016
640,431000000,imu1_frame,0.02787212473093453,-0.008941043753185884,-0.7964264344426536,0.6040266028251974,0.00390625,0.0078125,-0.00390625,0.023655176162719727,-0.007341623306274414,-0.1375589370727539
640,451000000,imu1_frame,0.02616368956890217,-0.010089310675615148,-0.796438626988127,0.6040688541875836,-0.00390625,-0.005859375,-0.001953125,-0.016501009464263916,-0.005070596933364868,-0.13893604278564453
640,471000000,imu1_frame,0.02771901441611628,-0.008930981424645762,-0.7964545949012876,0.6039966656126652,-0.00390625,-0.005859375,-0.001953125,-0.017651647329330444,-0.005365908145904541,-0.14163494110107422
640,491000000,imu1_frame,0.026145204247864574,-0.010254986680480072,-0.7964602641767056,0.604038335812052,-0.00390625,-0.005859375,-0.001953125,-0.018727898597717285,-0.007420361042022705,-0.13888835906982422
640,511000000,imu1_frame,0.027710946244665646,-0.00898050194231563,-0.7964657103194025,0.6039816440327466,0.0,0.001953125,0.0,0.020709186792373657,-0.0060353875160217285,-0.13772010803222656
640,531000000,imu1_frame,0.02617575272006208,-0.010229000338847199,-0.7964828859480017,0.604007624052502,0.0,0.001953125,-0.00390625,-0.017927736043930054,-0.007365226745605469,-0.1388683319091797
640,551000000,imu1_frame,0.0277723303675058,-0.008993816102224985,-0.7965104417531879,0.6039196346501897,0.0,0.001953125,-0.00390625,-0.017519593238830566,-0.00694158673286438,-0.1415548324584961
640,571000000,imu1_frame,0.029371152844398084,-0.007759020686491757,-0.7965346904452753,0.6038291313739569,0.0,0.001953125,-0.00390625,0.02197757363319397,-0.0065421462059021,-0.14017295837402344
640,591000000,imu1_frame,0.027773973138330705,-0.008994604927715286,-0.7965457462898153,0.6038729813180144,0.0,-0.001953125,-0.001953125,-0.017475754022598267,-0.00695452094078064,-0.14155292510986328
640,611000000,imu1_frame,0.026020442819805853,-0.008018585511649013,-0.7966091668542403,0.6038811755019748,0.0,-0.001953125,-0.001953125,0.005835920572280884,-0.0101357102394104,-0.1437215805053711
640,631000000,imu1_frame,0.027147829141858336,-0.009671877295499415,-0.7965653871287719,0.6038650794596878,0.0,-0.001953125,-0.001953125,0.003854721784591675,-0.010107934474945068,-0.13807201385498047
640,651000000,imu1_frame,0.02616540011410155,-0.00793410722681603,-0.7966335826253005,0.6038438182286551,0.0,-0.001953125,-0.001953125,0.009108543395996094,0.028546512126922607,-0.1396932601928711
640,671000000,imu1_frame,0.027077591377422442,-0.00970580230238043,-0.7966034022400371,0.6038175394823029,-0.001953125,-0.0078125,-0.00390625,0.002389758825302124,-0.009789079427719116,-0.13813304901123047
640,691000000,imu1_frame,0.026815475195643652,-0.007746739614926369,-0.796678650456988,0.6037582680356458,-0.001953125,-0.0078125,-0.00390625,0.02147960662841797,0.023829132318496704,-0.13907718658447266
640,711000000,imu1_frame,0.027014807459305408,-0.0097604976689983,-0.7966539049453044,0.6037528373420599,-0.001953125,-0.0078125,-0.00390625,0.000805586576461792,-0.009875267744064331,-0.13817882537841797
640,731000000,imu1_frame,0.028142178267254597,-0.008189808279507813,-0.7966981092653017,0.6036663544838425,-0.001953125,-0.0078125,-0.00390625,0.03693637251853943,0.0013195276260375977,-0.1765766143798828
640,751000000,imu1_frame,0.026954327941014072,-0.009814205086946203,-0.7966909672498858,0.6037057630056228,-0.001953125,-0.001953125,-0.001953125,-0.0007413625717163086,-0.009980380535125732,-0.17728424072265625
640,771000000,imu1_frame,0.028430727490858666,-0.008490893447343367,-0.7967103108080573,0.6036325696273646,-0.001953125,-0.001953125,-0.001953125,-0.0011730492115020752,-0.006757289171218872,-0.14100360870361328
640,791000000,imu1_frame,0.026802928988438987,-0.009685739890020043,-0.7967205552782998,0.6036755305935976,-0.001953125,-0.001953125,-0.001953125,-0.0015617907047271729,-0.006182998418807983,-0.13843059539794922
640,811000000,imu1_frame,0.02854873781210509,-0.008589847311193772,-0.7967523521671276,0.6035701064571171,0.00390625,0.005859375,-0.005859375,0.03859364986419678,-0.009662985801696777,-0.136932373046875
640,831000000,imu1_frame,0.026821102621310468,-0.009672163961532173,-0.7967796756453002,0.6035969070307174,0.0,-0.00390625,-0.00390625,-0.0010726749897003174,-0.00615614652633667,-0.13841629028320312
640,851000000,imu1_frame,0.028479501105885225,-0.008622493392624735,-0.7968021444561186,0.6035071774341915,0.0,-0.00390625,-0.00390625,0.03716850280761719,-0.009327918291091919,-0.13699913024902344
640,871000000,imu1_frame,0.026759847505185713,-0.009714449856231294,-0.7968289877910233,0.6035338468068077,0.0,-0.00390625,-0.00390625,-0.0024878382682800293,-0.006068378686904907,-0.13846397399902344
640,891000000,imu1_frame,0.028428942048474206,-0.008647281676157598,-0.7968276766354735,0.6034754953776755,0.0,-0.001953125,0.0,0.0361081063747406,-0.00910419225692749,-0.13704681396484375
640,911000000,imu1_frame,0.026687122761077764,-0.009742571994829745,-0.7968430889604774,0.6035179958755045,-0.001953125,-0.005859375,-0.001953125,-0.003941953182220459,-0.0056428611278533936,-0.13852977752685547
640,931000000,imu1_frame,0.028351852409587038,-0.00874679680730992,-0.7968528440946913,0.6034444554959126,-0.001953125,-0.005859375,-0.001953125,0.03375282883644104,-0.009732037782669067,-0.1370983123779297
640,951000000,imu1_frame,0.026581053046245858,-0.00979542833823757,-0.7968696415417154,0.6034867617369923,-0.001953125,-0.005859375,-0.001953125,-0.006197929382324219,-0.00520363450050354,-0.13861942291259766
640,971000000,imu1_frame,0.02837670073298266,-0.008815714228292467,-0.7968752827816625,0.6034126529414189,0.00390625,0.00390625,-0.001953125,0.033344805240631104,-0.011084765195846558,-0.13704681396484375
640,991000000,imu1_frame,0.02667221136390916,-0.00976980426455973,-0.7968916553530008,0.6034540858212376,0.00390625,0.00390625,-0.001953125,-0.004458010196685791,-0.005866944789886475,-0.1385345458984375
641,11000000,imu1_frame,0.028418309970281837,-0.008706730384077556,-0.7968999278306552,0.6033797291324496,0.00390625,0.00390625,-0.001953125,0.03529772162437439,-0.00986391305923462,-0.1370382308959961
641,31000000,imu1_frame,0.026563490021261422,-0.008127535995638986,-0.7969561326080499,0.6033980832377167,0.00390625,0.00390625,-0.001953125,0.013262748718261719,-0.018046706914901733,-0.1431283950805664
641,51000000,imu1_frame,0.024592403915525408,-0.007558804920901888,-0.7970114202461608,0.603416004208557,-0.00390625,-0.00390625,-0.001953125,-0.01071128249168396,0.01404467225074768,-0.14527320861816406
641,71000000,imu1_frame,0.026096766618603384,-0.008798426356022826,-0.7969734352864205,0.6033861863793978,-0.00390625,-0.00390625,-0.001953125,-0.001910388469696045,0.01607292890548706,-0.1394805908203125
641,91000000,imu1_frame,0.025489743467892303,-0.006866629269932178,-0.7970373255903861,0.6033528188349956,-0.00390625,-0.00390625,-0.001953125,0.011454284191131592,0.014272242784500122,-0.1445903778076172
641,111000000,imu1_frame,0.02644684480725863,-0.008581185091971519,-0.7969965154703389,0.6033435853560524,-0.00390625,-0.00390625,-0.001953125,0.006124675273895264,0.015346378087997437,-0.13919448852539062
641,131000000,imu1_frame,0.027578815011568548,-0.010272570749126185,-0.7969614861564239,0.6033127487763756,0.00390625,0.00390625,-0.00390625,0.0037993788719177246,-0.024330168962478638,-0.1373767852783203
641,151000000,imu1_frame,0.02647677032506301,-0.008647529969198106,-0.7970408524087498,0.6032827533173143,0.00390625,0.00390625,-0.00390625,0.005842000246047974,0.013983428478240967,-0.13914203643798828
641,171000000,imu1_frame,0.027623188078219642,-0.010330703692241693,-0.7970056709936462,0.603251354284088,0.00390625,0.00390625,-0.00390625,0.003841310739517212,-0.025734812021255493,-0.13730525970458984
641,191000000,imu1_frame,0.02648849182417386,-0.00870976758044263,-0.7970857555392528,0.6032220139102963,0.001953125,0.001953125,-0.00390625,0.005324214696884155,0.01289936900138855,-0.13910865783691406
641,211000000,imu1_frame,0.027659109601965434,-0.010351403054628403,-0.7970389605335798,0.6032053692585784,0.001953125,0.00390625,-0.001953125,0.004184126853942871,-0.02646273374557495,-0.13725852966308594
641,231000000,imu1_frame,0.02650902732228212,-0.00873873377214112,-0.7971067975444179,0.6031928873179526,0.001953125,0.00390625,-0.001953125,0.005318552255630493,0.012217402458190918,-0.13907718658447266
641,251000000,imu1_frame,0.02767634058715525,-0.01038089146661332,-0.7970599860696668,0.6031762892145919,0.001953125,0.00390625,-0.001953125,0.004122138023376465,-0.027113765478134155,-0.13722705841064453
641,271000000,imu1_frame,0.026471080523430463,-0.008785616901241149,-0.7970943592325798,0.6032103093542,0.0,-0.001953125,0.00390625,0.004165023565292358,0.01192745566368103,-0.1391010284423828
641,291000000,imu1_frame,0.02763942134944012,-0.01035688281660088,-0.7970267995138604,0.6032222461269843,-0.00390625,-0.00390625,0.001953125,0.0038028061389923096,-0.02632257342338562,-0.13727664947509766
641,311000000,imu1_frame,0.026422746115316347,-0.008723139160170068,-0.7970737809894889,0.6032405266475704,-0.00390625,-0.00390625,0.001953125,0.0041328370571136475,0.013458728790283203,-0.13917160034179688
641,331000000,imu1_frame,0.025586389088386865,-0.010559661859713422,-0.7970318649759346,0.6033026076918695,-0.00390625,-0.00390625,0.001953125,0.004568666219711304,-0.0053154826164245605,-0.1432361602783203
641,351000000,imu1_frame,0.02616339085722932,-0.012474121401858627,-0.7969882460279256,0.6032989383112108,0.0,0.0,-0.001953125,-0.009040266275405884,-0.04193389415740967,-0.14179039001464844
641,371000000,imu1_frame,0.02674250759238445,-0.010560041791818327,-0.7970399813639214,0.6032417358840699,0.0,0.0,-0.001953125,-0.012563228607177734,-0.018925100564956665,-0.13814735412597656
641,391000000,imu1_frame,0.027526528947525632,-0.00871676200545224,-0.7970837124249085,0.6031781359193711,0.0,0.0,-0.001953125,0.0214214026927948,0.0005747675895690918,-0.17707252502441406
641,411000000,imu1_frame,0.02652459278963215,-0.010446220712343813,-0.7970698539564214,0.6032138678479321,0.0,0.0,-0.001953125,-0.014594972133636475,-0.014573901891708374,-0.13842105865478516
641,431000000,imu1_frame,0.027583331237694773,-0.008721305847852192,-0.7970940413323949,0.6031618256608506,0.00390625,0.00390625,0.0,0.02226117253303528,-0.00015866756439208984,-0.13794708251953125
641,451000000,imu1_frame,0.026546200856662296,-0.010403360044208249,-0.7970698094117119,0.6032137168899969,0.00390625,0.00390625,0.0,-0.013752907514572144,-0.014160871505737305,-0.13841629028320312
641,471000000,imu1_frame,0.027608917745808564,-0.008682656319967775,-0.7970937584167769,0.603161586503278,0.00390625,0.00390625,0.0,0.023115485906600952,0.00014197826385498047,-0.13793277740478516
641,491000000,imu1_frame,0.02656989261303718,-0.010366404066803423,-0.7970695885221131,0.6032136019076862,0.00390625,0.00390625,0.0,-0.01294812560081482,-0.013864308595657349,-0.13840579986572266
641,511000000,imu1_frame,0.027558163334179212,-0.008649427432578396,-0.7970955721789598,0.6031619880690694,0.0,-0.001953125,0.0,0.022717326879501343,0.0012575984001159668,-0.1379985809326172
641,531000000,imu1_frame,0.026550315768843175,-0.010399548413584219,-0.7970702025357626,0.6032130820489281,0.0,-0.001953125,0.0,-0.013643532991409302,-0.014149785041809082,-0.1384134292602539
641,551000000,imu1_frame,0.027539766556618297,-0.008681716181847985,-0.7970962479224712,0.6031614714237499,0.0,-0.001953125,0.0,0.022050440311431885,0.0009715855121612549,-0.13800716400146484
641,571000000,imu1_frame,0.026478379660053786,-0.010422145383140843,-0.7970722332684481,0.6032131706524979,-0.00390625,-0.005859375,0.0,-0.015029698610305786,-0.013654083013534546,-0.13847827911376953
641,591000000,imu1_frame,0.027461263359500252,-0.008796961188837379,-0.7970870217015557,0.6031755733809901,-0.001953125,-0.01171875,0.001953125,0.019461065530776978,9.563565254211426e-05,-0.13805294036865234
641,611000000,imu1_frame,0.026636999186193742,-0.010718967174207568,-0.7970447779228748,0.6032372634403054,-0.001953125,-0.01171875,0.001953125,-0.016077548265457153,-0.02015581727027893,-0.17725372314453125
641,631000000,imu1_frame,0.027193533921115728,-0.008888016599993496,-0.7970715552245151,0.6032068059345584,-0.001953125,-0.01171875,0.001953125,0.014202475547790527,0.0018195509910583496,-0.1383075714111328
641,651000000,imu1_frame,0.026782608503974462,-0.010831108981169494,-0.7970186871483279,0.6032632852215659,0.0,0.001953125,0.001953125,-0.015150517225265503,-0.023627936840057373,-0.13799190521240234
641,674000000,imu1_frame,0.02725125790472948,-0.008579705467650628,-0.7970519486586917,0.6032345719005838,0.0,0.0,0.001953125,0.018722116947174072,0.005930960178375244,-0.1383504867553711
641,691000000,imu1_frame,0.02619198783553925,-0.00990971134620932,-0.7970273428674588,0.6032936201518264,0.0,0.0,0.001953125,0.021667957305908203,-0.002325683832168579,-0.14288330078125
641,711000000,imu1_frame,0.02494862164848588,-0.011446508155217444,-0.7970187346813626,0.603330490109536,-0.001953125,0.001953125,-0.001953125,-0.015838593244552612,-0.011621832847595215,-0.14348411560058594
641,731000000,imu1_frame,0.026257100207671934,-0.009918105236082775,-0.7970253697609744,0.6032932585688259,0.00390625,0.001953125,0.001953125,0.022582411766052246,-0.003223627805709839,-0.14281272888183594
641,751000000,imu1_frame,0.025792096205002512,-0.008000863965174668,-0.7970647039087241,0.6032898239918029,0.00390625,0.001953125,0.001953125,0.0028114616870880127,-0.006937265396118164,-0.10098934173583984
641,771000000,imu1_frame,0.026908062457877076,-0.006335969531224241,-0.7970705332892319,0.6032531613069937,0.00390625,0.001953125,0.001953125,0.03983953595161438,0.0058609843254089355,-0.14327526092529297
641,791000000,imu1_frame,0.02703789049005188,-0.008352666766643268,-0.7970122153392638,0.6032998541651843,0.00390625,0.001953125,0.001953125,0.018043190240859985,0.01195630431175232,-0.13865280151367188
641,811000000,imu1_frame,0.027134726593152456,-0.01034819214304838,-0.7969623033854623,0.6033305134954006,0.00390625,0.005859375,0.0,-0.0040135979652404785,-0.020280808210372925,-0.13782024383544922
641,831000000,imu1_frame,0.027007269923029154,-0.00835482284199125,-0.797010771527371,0.6033031032374429,0.00390625,0.005859375,0.0,0.017539620399475098,0.012282043695449829,-0.13868427276611328
641,851000000,imu1_frame,0.027156155577501482,-0.010348957032904622,-0.7969600657997472,0.6033324919337962,0.00390625,0.005859375,0.0,-0.003690481185913086,-0.020545899868011475,-0.13779735565185547
641,871000000,imu1_frame,0.02526354345124609,-0.010710974390683773,-0.7969778103885979,0.603384950216763,0.00390625,0.005859375,0.0,-0.002289295196533203,-0.0038952231407165527,-0.14349365234375
641,891000000,imu1_frame,0.027219589271437222,-0.010295243007637357,-0.796971119745567,0.6033159505788032,0.0,0.0,-0.001953125,0.0330965518951416,-0.020450621843338013,-0.14165782928466797
641,911000000,imu1_frame,0.02679471613366727,-0.008342324624420765,-0.797036017517298,0.6032794009307317,0.0,0.0,-0.001953125,0.014392703771591187,0.0149916410446167,-0.13891220092773438
641,931000000,imu1_frame,0.02721907484920709,-0.010294992145286709,-0.7969946816849172,0.6032848518461567,0.0,0.0,-0.001953125,-0.002045929431915283,-0.020428776741027832,-0.13775253295898438
641,951000000,imu1_frame,0.02684477883406814,-0.008377057485842112,-0.797058515824363,0.6032469685867409,0.005859375,0.001953125,-0.001953125,0.014780163764953613,0.013873487710952759,-0.13884830474853516
641,971000000,imu1_frame,0.027245997652211255,-0.010308166043801853,-0.7970398986703949,0.6032236709979439,0.0,0.005859375,-0.005859375,-0.0017453432083129883,-0.02092820405960083,-0.13771915435791016
641,991000000,imu1_frame,0.026807700024619463,-0.008333086285248238,-0.7971273630753434,0.6031582494908798,0.0,0.005859375,-0.005859375,0.014771431684494019,0.015031248331069946,-0.1389017105102539
642,11000000,imu1_frame,0.027252127130245968,-0.010254962126338623,-0.7971083634836933,0.6031338277555094,0.0,0.005859375,-0.005859375,-0.0009680688381195068,-0.020137369632720947,-0.13773345947265625
642,31000000,imu1_frame,0.026752899977889814,-0.008346988541957123,-0.797220570007596,0.6030372897937714,0.00390625,0.001953125,-0.009765625,0.013822168111801147,0.015508651733398438,-0.13895416259765625
642,51000000,imu1_frame,0.02719325326864719,-0.010293694952228484,-0.7971798623945867,0.6030413201543038,-0.001953125,-0.00390625,-0.001953125,-0.002285480499267578,-0.020011931657791138,-0.13778114318847656
642,71000000,imu1_frame,0.02677706489678921,-0.008337930438426984,-0.7972454350223723,0.6030034693494769,-0.001953125,-0.00390625,-0.001953125,0.014323949813842773,0.015378713607788086,-0.1389312744140625
642,91000000,imu1_frame,0.02717602596386125,-0.01029451255510556,-0.7972051513104783,0.6030086511386894,-0.001953125,-0.00390625,-0.001953125,-0.0025435686111450195,-0.019809305667877197,-0.13779830932617188
642,111000000,imu1_frame,0.026844849055536364,-0.008324072499584945,-0.7972454154745217,0.6030006728031604,0.0,0.0,0.001953125,0.015544146299362183,0.0147971510887146,-0.13886547088623047
642,131000000,imu1_frame,0.028843927462613394,-0.008322941104971704,-0.7971993032080028,0.6029693420602487,0.0,0.0,0.001953125,0.007627159357070923,-0.008722692728042603,-0.1405954360961914
642,151000000,imu1_frame,0.027188525472075488,-0.009447919803398847,-0.7971886655887065,0.6030437399981367,0.0,0.0,0.001953125,0.007615089416503906,-0.006780117750167847,-0.13811206817626953
642,171000000,imu1_frame,0.02559508715062035,-0.01065595584291496,-0.7971718490383605,0.6031155653932232,0.0,0.0,0.001953125,0.0036777257919311523,-0.006853997707366943,-0.1431875228881836
642,191000000,imu1_frame,0.027135472830020265,-0.00947273164949359,-0.7971915861348969,0.6030418795283748,0.005859375,-0.005859375,-0.001953125,0.04165413975715637,-0.0065409839153289795,-0.14206504821777344
642,211000000,imu1_frame,0.02556346163751224,-0.01080556400649277,-0.7971976231051621,0.6030801762046976,0.005859375,-0.005859375,-0.001953125,-0.03371468186378479,-0.008800238370895386,-0.1392498016357422
642,231000000,imu1_frame,0.02707491581696978,-0.009592600684567446,-0.7972187742744319,0.6030067635524354,0.005859375,-0.005859375,-0.001953125,0.004161953926086426,-0.007681161165237427,-0.13817882537841797
642,251000000,imu1_frame,0.026171150766004854,-0.007885136653466442,-0.797287125232553,0.6029810406853191,0.005859375,-0.005859375,-0.001953125,0.010243475437164307,0.029581785202026367,-0.13970279693603516
642,271000000,imu1_frame,0.02706400060444092,-0.009659976505991456,-0.7972208506303726,0.6030034328636709,-0.001953125,-0.00390625,0.001953125,0.0031993985176086426,-0.00860103964805603,-0.13816452026367188
642,291000000,imu1_frame,0.026780855212340724,-0.00768468824206098,-0.7972602049944941,0.6029924517710443,-0.001953125,-0.00390625,0.001953125,0.022092193365097046,0.025517642498016357,-0.13913249969482422
642,311000000,imu1_frame,0.02712925832914991,-0.009652964521706404,-0.7971977904589446,0.603031099119962,-0.001953125,-0.00390625,0.001953125,0.004281580448150635,-0.009271383285522461,-0.17716026306152344
642,331000000,imu1_frame,0.027773344781821595,-0.007833629748971883,-0.7972204317907959,0.6029982244583171,-0.005859375,-0.01171875,0.001953125,0.035781294107437134,0.0115012526512146,-0.1770915985107422
642,351000000,imu1_frame,0.027004476772200598,-0.009777922915908007,-0.7971784215312174,0.6030602911009036,-0.001953125,-0.01171875,0.001953125,0.0008484423160552979,-0.009759575128555298,-0.1772451400756836
642,371000000,imu1_frame,0.027279101147260433,-0.007870924467145319,-0.7972098713351607,0.6030342612442569,-0.001953125,-0.01171875,0.001953125,0.02762863039970398,0.016727954149246216,-0.1385498046875
642,391000000,imu1_frame,0.02690239801798156,-0.009908408263585388,-0.7971592719792292,0.6030880362966168,-0.001953125,-0.01171875,0.001953125,-0.0022958219051361084,-0.010600417852401733,-0.13823986053466797
642,411000000,imu1_frame,0.027531505622360966,-0.008093919746410898,-0.7971827807063477,0.6030556515004233,-0.00390625,-0.01171875,0.001953125,0.028915196657180786,0.010270684957504272,-0.13820934295654297
642,431000000,imu1_frame,0.0267831758886348,-0.010032332628106516,-0.7971162578619098,0.6031481453536791,-0.00390625,-0.01171875,0.005859375,-0.005648881196975708,-0.011148899793624878,-0.13831710815429688
642,451000000,imu1_frame,0.027620105512566176,-0.008314099518988241,-0.7971109020857371,0.6031436108396784,-0.00390625,-0.01171875,0.005859375,0.02764725685119629,0.005759447813034058,-0.13804340362548828
642,471000000,imu1_frame,0.02665920444244012,-0.010169726410991313,-0.7970494404294116,0.6032396314851864,-0.00390625,-0.01171875,0.005859375,-0.009253263473510742,-0.011862635612487793,-0.13839244842529297
642,491000000,imu1_frame,0.027614545357866116,-0.008470708853507158,-0.7970640426860355,0.6032036105936296,-0.005859375,-0.0078125,0.001953125,0.025678932666778564,0.003360271453857422,-0.13799762725830078
642,511000000,imu1_frame,0.02658275290155413,-0.010239816512249192,-0.7970276135837133,0.6032706578236849,-0.005859375,-0.0078125,0.001953125,-0.011288464069366455,-0.012064844369888306,-0.1384439468383789
642,531000000,imu1_frame,0.025877029619093207,-0.008337013173052195,-0.7970720999173648,0.6032718633276107,-0.005859375,-0.0078125,0.001953125,0.0001773834228515625,-0.013168305158615112,-0.14376544952392578
642,551000000,imu1_frame,0.027179574714746836,-0.009762962960409778,-0.7970077442162774,0.603278220170296,-0.005859375,-0.0078125,0.001953125,0.0036208033561706543,-0.011673450469970703,-0.13800334930419922
642,571000000,imu1_frame,0.026140756267037667,-0.008042501695114076,-0.7970542980165435,0.6032880116839934,-0.001953125,-0.0078125,0.001953125,0.00774770975112915,0.027367353439331055,-0.13968467712402344
642,591000000,imu1_frame,0.027111003811202516,-0.00978033087092181,-0.7969885635135432,0.6033063634912395,-0.001953125,-0.0078125,0.001953125,0.0023321807384490967,-0.011146783828735352,-0.13806915283203125
642,611000000,imu1_frame,0.025910490522161992,-0.008160168413498712,-0.7970351073429907,0.6033217183187688,-0.001953125,-0.0078125,0.001953125,0.002757430076599121,-0.010827064514160156,-0.14378738403320312
642,631000000,imu1_frame,0.025344868937356,-0.006230167476440492,-0.7970970765332023,0.6032868912996419,-0.001953125,-0.001953125,-0.001953125,0.016741067171096802,0.02592220902442932,-0.1448974609375
642,651000000,imu1_frame,0.02586779323274123,-0.008158472494358433,-0.7970365842569316,0.6033216223175415,-0.001953125,-0.00390625,0.001953125,0.002112776041030884,-0.010296881198883057,-0.1438312530517578
642,671000000,imu1_frame,0.02713193047492485,-0.009681031802280575,-0.7969703763365246,0.6033310494363482,-0.001953125,-0.00390625,0.001953125,0.003814905881881714,-0.009856164455413818,-0.13808441162109375
642,691000000,imu1_frame,0.02616309583229473,-0.00791785058158657,-0.7970155550268365,0.6033398752808418,-0.001953125,-0.00390625,0.001953125,0.009537994861602783,0.029025346040725708,-0.13969993591308594
642,711000000,imu1_frame,0.027110649046218627,-0.009708640680261066,-0.7969487209339111,0.603360167069585,0.001953125,-0.00390625,0.001953125,0.003140777349472046,-0.010046571493148804,-0.13809680938720703
642,731000000,imu1_frame,0.026549049404097483,-0.007795426712572371,-0.7970131316473055,0.6033278107959741,0.001953125,0.00390625,-0.001953125,0.01699519157409668,0.026387661695480347,-0.1393413543701172
642,751000000,imu1_frame,0.027151172275373243,-0.009708850930988656,-0.7969701535361995,0.6033300311025133,0.001953125,0.00390625,-0.001953125,0.003786742687225342,-0.01051601767539978,-0.13805389404296875
642,771000000,imu1_frame,0.026232839807587595,-0.007949748634059277,-0.7970365576136789,0.6033086817207437,0.001953125,0.00390625,-0.001953125,0.010263890027999878,0.027718693017959595,-0.1396198272705078
642,791000000,imu1_frame,0.02711140155991048,-0.009733398843442823,-0.7969936924891968,0.6033003290110551,-0.001953125,-0.00390625,-0.001953125,0.002895742654800415,-0.010418027639389038,-0.13808727264404297
642,811000000,imu1_frame,0.02592215412003558,-0.008102084985276186,-0.7970627047185305,0.6032855400980944,-0.001953125,-0.00390625,-0.001953125,0.003643929958343506,-0.010045737028121948,-0.14379501342773438
642,831000000,imu1_frame,0.027119760394028122,-0.009678896246742919,-0.7970198114098936,0.6032663240922311,-0.001953125,-0.00390625,-0.001953125,0.0036889314651489258,-0.009654372930526733,-0.13809871673583984
642,851000000,imu1_frame,0.02624268373542939,-0.007871383029720685,-0.7970881365963225,0.6032411336911335,-0.001953125,-0.00390625,-0.001953125,0.011378198862075806,0.028850287199020386,-0.1396341323852539
642,871000000,imu1_frame,0.02710336914439599,-0.009680971421530115,-0.7970448699189505,0.6032339193954874,0.0,-0.001953125,-0.001953125,0.003428518772125244,-0.009481042623519897,-0.13811492919921875
642,891000000,imu1_frame,0.026432502056442864,-0.00780507263628464,-0.797111391381409,0.6032029786118207,0.0,-0.001953125,-0.001953125,0.015135496854782104,0.027661383152008057,-0.13945865631103516
642,911000000,imu1_frame,0.025932623811195474,-0.009756890069578597,-0.7970869554690199,0.6032285533191927,0.0,-0.001953125,-0.001953125,0.019471943378448486,0.003135502338409424,-0.18226909637451172
642,931000000,imu1_frame,0.027878261099674104,-0.00938091795902946,-0.7970777351989692,0.6031599165945846,0.0,-0.001953125,-0.001953125,0.019070923328399658,-0.013909101486206055,-0.13739490509033203
642,951000000,imu1_frame,0.025872103028122293,-0.00975774866411001,-0.7971126934399105,0.603197127465708,-0.001953125,-0.00390625,-0.001953125,-0.01661822199821472,0.003846406936645508,-0.13936138153076172
642,971000000,imu1_frame,0.02779274758718828,-0.00939769680157534,-0.7971037942427768,0.6031291633474125,-0.001953125,-0.00390625,-0.001953125,0.017560511827468872,-0.013150393962860107,-0.137481689453125
642,991000000,imu1_frame,0.02576371156912166,-0.009187415486747294,-0.797153242590433,0.6031571357369615,-0.001953125,-0.00390625,-0.001953125,0.023601502180099487,-0.02503874897956848,-0.13968181610107422
643,11000000,imu1_frame,0.023778151381561263,-0.008953097714502338,-0.7971868064283567,0.6031978425149975,0.0,0.0,0.0,-0.004566669464111328,0.0019975006580352783,-0.14168739318847656
643,31000000,imu1_frame,0.02581243025548198,-0.00922257045726311,-0.7971404208035309,0.6031714616588191,0.005859375,0.001953125,0.001953125,0.023936688899993896,-0.0261651873588562,-0.1396198272705078
643,51000000,imu1_frame,0.02779803403185108,-0.009749876266193568,-0.7970855583911592,0.6031474295899899,0.005859375,0.001953125,0.001953125,0.013477444648742676,-0.018706411123275757,-0.1373434066772461
643,71000000,imu1_frame,0.026387720201108786,-0.008422488392219884,-0.7971284376153002,0.603174107415812,0.005859375,0.001953125,0.001953125,0.007171511650085449,-0.02048131823539734,-0.14321517944335938
643,91000000,imu1_frame,0.024896301823995413,-0.007087424529978911,-0.7971931928951078,0.6031690938457671,0.0,-0.001953125,-0.001953125,-0.00029411911964416504,0.017898976802825928,-0.14511489868164062
643,111000000,imu1_frame,0.026379329575615736,-0.008396364315653196,-0.7971410848211282,0.6031581243153528,-0.001953125,0.0,0.0,0.007357537746429443,-0.019968658685684204,-0.1432323455810547
643,131000000,imu1_frame,0.027382342510861933,-0.010102559375340608,-0.7970845242178279,0.6031620071466078,-0.001953125,0.0,0.0,0.0028392672538757324,-0.019308239221572876,-0.13765525817871094
643,151000000,imu1_frame,0.0254575987855488,-0.010669372684226859,-0.7970989153087712,0.6032175348613297,-0.001953125,0.0,0.0,0.0013196170330047607,-0.005477815866470337,-0.14331912994384766
643,171000000,imu1_frame,0.02742421870596076,-0.010318708949861513,-0.7970784251461241,0.6031645054548137,0.0,0.0,0.0,0.03609570860862732,-0.023169785737991333,-0.14142990112304688
643,191000000,imu1_frame,0.025455661018301774,-0.010669737264698435,-0.7970989334503699,0.603217586216704,0.0,0.0,0.0,0.0012851357460021973,-0.005460619926452637,-0.14332103729248047
643,211000000,imu1_frame,0.024362046022692783,-0.008998121715598667,-0.7971524192046633,0.6032193175581597,0.0,0.0,0.0,0.0039810240268707275,-0.0055928826332092285,-0.14112186431884766
643,231000000,imu1_frame,0.02557083256695681,-0.010591722998142806,-0.7970990238753602,0.6032139703809181,0.0,0.0,0.0,0.003999978303909302,-0.005600780248641968,-0.14323806762695312
643,251000000,imu1_frame,0.02674878606303841,-0.01220922431333755,-0.7970316476747729,0.6032213440277601,0.0,-0.00390625,0.001953125,0.0032445788383483887,-0.04468035697937012,-0.1413125991821289
643,271000000,imu1_frame,0.026303119364950743,-0.010275495629460953,-0.797075810851405,0.6032186269146682,0.0,-0.00390625,0.001953125,-0.016030430793762207,-0.04836881160736084,-0.1426248550415039
643,291000000,imu1_frame,0.02450487331338018,-0.01123194288170823,-0.7970670645985775,0.6032888604766411,0.0,-0.00390625,0.001953125,-0.020189151167869568,-0.0030364692211151123,-0.14400863647460938
643,311000000,imu1_frame,0.025224102549971893,-0.009399426462710667,-0.797089210962466,0.6032612909842254,0.0,-0.00390625,0.001953125,-0.022513538599014282,-0.022019565105438232,-0.14404869079589844
643,331000000,imu1_frame,0.026011664791228736,-0.00754464119055747,-0.7970942817595121,0.6032471944985587,0.0,0.001953125,0.00390625,0.011633694171905518,-0.002401024103164673,-0.1438741683959961
643,351000000,imu1_frame,0.02454206432857489,-0.00887606732359831,-0.797063528985692,0.6033312798688907,0.0,0.001953125,0.00390625,0.008163034915924072,-0.00585174560546875,-0.1409931182861328
643,371000000,imu1_frame,0.025594508890121274,-0.010575748315830375,-0.7969856876822056,0.6033629822022191,0.0,0.001953125,0.00390625,0.004469811916351318,-0.0056822896003723145,-0.14322185516357422
643,391000000,imu1_frame,0.026157041283649412,-0.012526442359238747,-0.7969414232499404,0.60335997989713,0.00390625,0.001953125,-0.001953125,-0.00979498028755188,-0.042694032192230225,-0.14177227020263672
643,411000000,imu1_frame,0.0256105876379509,-0.010649025332309865,-0.7970203601340611,0.6033152091503097,0.00390625,-0.001953125,-0.00390625,0.0038836300373077393,-0.006997197866439819,-0.1431751251220703
643,431000000,imu1_frame,0.025616642443411882,-0.008704289771937683,-0.7970901329001328,0.6032539622768684,0.00390625,-0.001953125,-0.00390625,0.026958048343658447,0.023247748613357544,-0.1439037322998047
643,451000000,imu1_frame,0.02561823315015916,-0.010745115397000137,-0.7970675067637429,0.6032508916585201,0.00390625,-0.001953125,-0.00390625,0.0029064714908599854,-0.008561819791793823,-0.14312744140625
643,471000000,imu1_frame,0.02546272545355725,-0.008796116460743637,-0.7971044492675796,0.6032402298467123,0.00390625,-0.001953125,0.001953125,0.023486286401748657,0.023636817932128906,-0.1440267562866211
643,491000000,imu1_frame,0.025606316947720534,-0.010802930760664907,-0.7970562789205039,0.6032651999351142,0.0,-0.001953125,0.0,0.0020303428173065186,-0.009326815605163574,-0.1431140899658203
643,511000000,imu1_frame,0.025634841658422163,-0.008815945232823513,-0.7971027132590951,0.6032349447087665,0.0,-0.001953125,0.0,0.025934189558029175,0.021301358938217163,-0.14384841918945312
643,531000000,imu1_frame,0.023648035790400132,-0.009150192079742155,-0.797124154212305,0.603282792029971,0.0,-0.001953125,0.0,-0.008962243795394897,0.0004322528839111328,-0.1417388916015625
643,551000000,imu1_frame,0.025643278928544115,-0.00880722185518603,-0.7971031094904177,0.6032341899541949,0.001953125,0.001953125,0.0,0.026168614625930786,-0.017724037170410156,-0.1399364471435547
643,571000000,imu1_frame,0.023701140294857932,-0.009144661242272343,-0.7971231920251801,0.6032820632631765,0.001953125,0.001953125,0.0,-0.008069902658462524,-0.00010725855827331543,-0.1416912078857422
643,591000000,imu1_frame,0.0253003241259707,-0.010380601099675806,-0.7970732651740493,0.6032630824646159,0.001953125,0.001953125,0.0,0.0022518038749694824,0.0008592903614044189,-0.14359378814697266
643,611000000,imu1_frame,0.02575839940832286,-0.008431950063550483,-0.7971109642755658,0.6032242681704082,0.001953125,0.001953125,0.0,-0.002763092517852783,-0.013230949640274048,-0.14385318756103516
643,631000000,imu1_frame,0.026100210989583587,-0.006444289872480626,-0.7971595811018551,0.6031698370872447,0.0,0.001953125,-0.001953125,0.026031553745269775,0.013730496168136597,-0.14408493041992188
643,651000000,imu1_frame,0.025883487532159598,-0.008421016323103951,-0.7971316484859843,0.6031917328174151,0.0,0.001953125,-0.001953125,0.034486860036849976,0.02454012632369995,-0.14373111724853516
643,676000000,imu1_frame,0.02559673315546114,-0.010888965301714189,-0.7970925669864644,0.6032161116393985,0.0,0.001953125,-0.001953125,0.0008951723575592041,-0.010537505149841309,-0.14308834075927734
643,691000000,imu1_frame,0.026707216481170595,-0.009858958934395038,-0.7971095411161206,0.6031632490281592,0.0,0.001953125,-0.001953125,-0.004794776439666748,-0.007558554410934448,-0.13846397399902344
643,711000000,imu1_frame,0.028125725992830516,-0.00850248786938812,-0.7971195288515918,0.6031062161517021,-0.001953125,-0.00390625,0.0,0.0333152711391449,-0.0031177103519439697,-0.13743019104003906
643,731000000,imu1_frame,0.02610519253097587,-0.008785403638254809,-0.7971468252204034,0.6031569237328421,-0.001953125,-0.00390625,0.0,0.03365892171859741,-0.022799372673034668,-0.13947677612304688
643,751000000,imu1_frame,0.025546297638720013,-0.010724872740558326,-0.7971104274601414,0.6031975880389139,-0.001953125,-0.00390625,0.0,0.0020569562911987305,-0.007380545139312744,-0.14320755004882812
643,771000000,imu1_frame,0.026781042907150585,-0.009097088302370125,-0.7971409351302445,0.6031304570861128,-0.001953125,0.00390625,-0.001953125,0.04051661491394043,0.0034534335136413574,-0.14257526397705078
643,791000000,imu1_frame,0.025542454130941066,-0.01071309466150503,-0.7971339656895898,0.6031668536845592,0.0,-0.00390625,-0.001953125,0.0021542608737945557,-0.007141470909118652,-0.14321613311767578
643,811000000,imu1_frame,0.024375954780752173,-0.00908977751611284,-0.7972003996332871,0.6031539700588578,0.0,-0.00390625,-0.001953125,0.003151506185531616,-0.0071624815464019775,-0.14107704162597656
643,831000000,imu1_frame,0.024391681611944323,-0.007111730199920171,-0.7972548706193059,0.6031079011549252,0.0,-0.00390625,-0.001953125,0.02674993872642517,0.023490548133850098,-0.14168834686279297
643,851000000,imu1_frame,0.024416048773420653,-0.009129150176097889,-0.7972355114295422,0.6031053427843535,0.00390625,0.001953125,-0.00390625,0.0033372342586517334,-0.008231371641159058,-0.14102458953857422
643,871000000,imu1_frame,0.023677157773762145,-0.007255867653459461,-0.7972738790033097,0.603109531050014,-0.001953125,-0.001953125,0.001953125,0.01392403244972229,0.029664427042007446,-0.1423187255859375
643,891000000,imu1_frame,0.024457917941307496,-0.009080533315349379,-0.7972127028357013,0.6031345294393954,-0.001953125,-0.001953125,0.001953125,0.00454673171043396,-0.007977187633514404,-0.18006420135498047
643,911000000,imu1_frame,0.025849632687952706,-0.007638764923628052,-0.7972465114461359,0.603051777003688,-0.001953125,0.0,-0.00390625,0.04326164722442627,-0.001881033182144165,-0.1791667938232422
643,931000000,imu1_frame,0.024454060464110066,-0.009131950034583438,-0.7972483459628777,0.6030867941472763,0.00390625,-0.00390625,-0.001953125,0.003906160593032837,-0.008716791868209839,-0.18004894256591797
643,951000000,imu1_frame,0.025656588544893506,-0.010775039734488038,-0.7972071068766738,0.6030642310138133,0.00390625,-0.00390625,-0.001953125,0.0032604336738586426,-0.009415864944458008,-0.14307594299316406
643,971000000,imu1_frame,0.02446716726013266,-0.009215428720760975,-0.79727330290055,0.6030519994841285,0.00390625,-0.00390625,-0.001953125,0.003144681453704834,-0.010160297155380249,-0.1409444808959961
643,991000000,imu1_frame,0.023595809801748545,-0.007415952776625699,-0.7973472110741624,0.6030138194075404,0.0,0.0,-0.00390625,0.010816782712936401,0.028162062168121338,-0.1423482894897461
644,11000000,imu1_frame,0.024537972205058614,-0.009212133983457927,-0.7973304087430132,0.6029736675852722,0.00390625,0.005859375,-0.005859375,0.004328221082687378,-0.010915875434875488,-0.14087772369384766
644,31000000,imu1_frame,0.023277872065863636,-0.007717547138644219,-0.7974140657333726,0.6029339830436005,0.00390625,0.005859375,-0.005859375,0.002348959445953369,0.027235209941864014,-0.14255046844482422
644,51000000,imu1_frame,0.024629899795497963,-0.009246881656552979,-0.7973972233038371,0.6028810259769533,0.00390625,0.005859375,-0.005859375,0.005400240421295166,-0.012508273124694824,-0.1407766342163086
644,71000000,imu1_frame,0.023195225450138683,-0.007963650880342572,-0.7974551401918233,0.602879640693408,0.005859375,0.0078125,-0.001953125,-0.0018126070499420166,0.02439141273498535,-0.1425495147705078
644,91000000,imu1_frame,0.024689908302813063,-0.009293475903203898,-0.7974172888930436,0.6028513142625663,0.0,0.001953125,-0.001953125,0.005801558494567871,-0.01393100619316101,-0.1407022476196289
644,111000000,imu1_frame,0.023162551285334648,-0.008013319841924688,-0.7974770346396982,0.602851276970812,0.0,0.001953125,-0.001953125,-0.0028929710388183594,0.024011731147766113,-0.1425647735595703
644,131000000,imu1_frame,0.0245142005986978,-0.009489469523667205,-0.797438210058559,0.6028277573866085,0.0,0.001953125,-0.001953125,0.0007676184177398682,0.024154365062713623,-0.10173702239990234
644,151000000,imu1_frame,0.02591417402093704,-0.01097796336789639,-0.7973941975540332,0.6028021513002961,0.00390625,0.0078125,-0.001953125,0.005033284425735474,-0.015521854162216187,-0.099761962890625
644,171000000,imu1_frame,0.02443893968274381,-0.009640790465093285,-0.7974330575590179,0.6028352279839554,0.0,0.00390625,0.001953125,-0.0021923184394836426,0.02267947793006897,-0.10175228118896484
644,191000000,imu1_frame,0.02425620320228853,-0.007630041414820981,-0.7974662214722229,0.602827541412163,0.0,0.00390625,0.001953125,0.018670231103897095,0.017111748456954956,-0.14166736602783203
644,211000000,imu1_frame,0.024369083169574222,-0.009615892392188937,-0.7974456425367501,0.6028218058415986,-0.00390625,-0.00390625,-0.00390625,-0.002979487180709839,-0.01516735553741455,-0.14089107513427734
644,231000000,imu1_frame,0.024388589366752353,-0.007588084865122655,-0.7974882558808672,0.6027935794356739,-0.001953125,0.001953125,0.0,0.021243810653686523,0.016218751668930054,-0.1415538787841797
644,251000000,imu1_frame,0.024340425558785673,-0.009585393212852018,-0.7974342748108658,0.6028384868913406,-0.001953125,-0.001953125,0.001953125,-0.003075331449508667,-0.014360100030899048,-0.1409292221069336
644,271000000,imu1_frame,0.024434108787431203,-0.007583697378913764,-0.7974645350018685,0.6028231724777029,-0.001953125,-0.001953125,0.001953125,0.021989375352859497,0.015740156173706055,-0.14151287078857422
644,291000000,imu1_frame,0.024323764153389372,-0.009579342227915746,-0.7974114671370968,0.6028694243185281,-0.001953125,-0.001953125,0.001953125,-0.0032802820205688477,-0.014079958200454712,-0.1409473419189453
644,311000000,imu1_frame,0.024469222485042293,-0.007565279455227709,-0.7974762219826224,0.6028065187687217,-0.00390625,-0.001953125,-0.00390625,0.02276173233985901,0.015619844198226929,-0.14148330688476562
644,331000000,imu1_frame,0.025119568583465153,-0.009421093371458657,-0.7974496673948477,0.6027887509283113,-0.00390625,-0.001953125,-0.00390625,0.011022388935089111,0.018103867769241333,-0.14414405822753906
644,351000000,imu1_frame,0.025810503697883763,-0.011261894157141322,-0.7974198528858687,0.6027674226949679,-0.00390625,-0.001953125,-0.00390625,9.247660636901855e-05,-0.018714159727096558,-0.14271163940429688
644,371000000,imu1_frame,0.025104481048599615,-0.009391289790938744,-0.7974753501236386,0.6027558665434315,-0.001953125,-0.005859375,0.0,0.011157214641571045,0.018757253885269165,-0.14416980743408203
644,391000000,imu1_frame,0.02583392881869812,-0.011279384749406292,-0.7974213616686711,0.6027640961072148,0.001953125,-0.001953125,0.0,0.0002529621124267578,-0.019261330366134644,-0.14268016815185547
644,411000000,imu1_frame,0.02473924112924541,-0.00963193409602147,-0.7974763278360567,0.6027658768834193,0.001953125,-0.001953125,0.0,0.002627044916152954,-0.019758254289627075,-0.14052963256835938
644,431000000,imu1_frame,0.023687342148017317,-0.00795553837091265,-0.7975281823208695,0.6027639817002686,0.001953125,-0.001953125,0.0,0.006005823612213135,0.018760710954666138,-0.14210128784179688
644,451000000,imu1_frame,0.024741902428739165,-0.009654644882211167,-0.7974771350999503,0.6027643362784338,0.0,-0.001953125,0.0,0.002401411533355713,-0.020142674446105957,-0.1405191421508789
644,471000000,imu1_frame,0.023704909305895996,-0.007923184539976622,-0.7975052678505099,0.6027940346189825,-0.001953125,0.0,0.00390625,0.006645619869232178,0.019047796726226807,-0.14209556579589844
644,491000000,imu1_frame,0.024833101120450243,-0.0095497047759762,-0.7974303488274739,0.6028241526318654,-0.001953125,0.0,0.00390625,0.0050255656242370605,0.019460946321487427,-0.14437484741210938
644,511000000,imu1_frame,0.025964556319663264,-0.011174662550726437,-0.7973522921847994,0.6028517984377642,-0.001953125,0.0,0.00390625,0.003468722105026245,-0.0191974937915802,-0.1425933837890625
644,531000000,imu1_frame,0.024875039959680698,-0.009497169432772096,-0.7973936576257082,0.6028717864837136,0.0,0.005859375,0.001953125,0.006271958351135254,0.01976880431175232,-0.14435482025146484
644,551000000,imu1_frame,0.02595416148439303,-0.011203359081820812,-0.7973503567690976,0.6028542732759871,0.001953125,0.0,-0.001953125,0.0029670894145965576,-0.01952323317527771,-0.1425914764404297
644,571000000,imu1_frame,0.02478954717487366,-0.009602752363964379,-0.7974165084743803,0.602843410439585,0.001953125,0.0,-0.001953125,0.003711521625518799,-0.01992243528366089,-0.14049148559570312
644,591000000,imu1_frame,0.023581730428546936,-0.007984962310126558,-0.79745680367017,0.602862163887449,-0.001953125,-0.001953125,0.001953125,0.003964453935623169,0.019512414932250977,-0.14218997955322266
644,611000000,imu1_frame,0.024798348251833784,-0.009594640314546349,-0.7974170871676065,0.6028424121562329,0.001953125,0.0,-0.001953125,0.003944516181945801,-0.01989886164665222,-0.1404857635498047
644,631000000,imu1_frame,0.02361065241979307,-0.007960275295414602,-0.7974911869123367,0.6028158739670725,-0.001953125,0.00390625,-0.00390625,0.004729330539703369,0.019572317600250244,-0.14217090606689453
644,651000000,imu1_frame,0.024787164274581365,-0.009550046403184076,-0.7974625989299978,0.6027833743632413,-0.001953125,0.00390625,-0.00390625,0.004328697919845581,-0.019051820039749146,-0.14051437377929688
644,671000000,imu1_frame,0.023643412131628398,-0.008008298708935727,-0.7975229247113481,0.6027719641576073,0.0078125,0.0078125,-0.001953125,0.0046956539154052734,0.018452972173690796,-0.14212512969970703
644,691000000,imu1_frame,0.024842850139959557,-0.009628619589989848,-0.7974938905209075,0.6027384317127469,0.001953125,0.00390625,-0.00390625,0.00429457426071167,-0.02091681957244873,-0.14043045043945312
644,711000000,imu1_frame,0.023642848428302967,-0.00805604043669184,-0.7975675894388283,0.6027122499231413,0.001953125,0.00390625,-0.00390625,0.0041544437408447266,0.01773586869239807,-0.14211177825927734
644,731000000,imu1_frame,0.02487728161804008,-0.009651022142671812,-0.7975385566020624,0.6026775500746623,0.001953125,0.00390625,-0.00390625,0.004600644111633301,-0.021650582551956177,-0.14038848876953125
644,751000000,imu1_frame,0.023707009245652798,-0.008083399515519368,-0.7975870348366899,0.6026836302947972,0.00390625,0.009765625,0.0,0.004845917224884033,0.01656365394592285,-0.1420431137084961
644,771000000,imu1_frame,0.024868497423302768,-0.009684208350445252,-0.7975581640058422,0.6026514323986648,-0.001953125,0.00390625,-0.00390625,0.0040871500968933105,-0.02205541729927063,-0.14038467407226562
644,791000000,imu1_frame,0.02608770584228393,-0.011241291438157604,-0.7975262586075187,0.602615077642588,-0.001953125,0.00390625,-0.00390625,0.004743754863739014,-0.02160477638244629,-0.1424388885498047
644,811000000,imu1_frame,0.024910719761177536,-0.00960015158054288,-0.7976037315071748,0.602590723971454,-0.001953125,0.00390625,-0.00390625,0.005769520998001099,-0.021221935749053955,-0.17943763732910156
644,831000000,imu1_frame,0.023674601003118172,-0.008081030731711174,-0.7976419153834489,0.602612300764828,0.00390625,0.00390625,0.001953125,0.00440526008605957,0.01700669527053833,-0.1811370849609375
644,851000000,imu1_frame,0.024979055730957624,-0.009622885821979534,-0.7975889053520091,0.602607156365265,0.001953125,0.005859375,0.0,0.006556481122970581,-0.022385984659194946,-0.17936229705810547
644,871000000,imu1_frame,0.02606387105657589,-0.011317199709518812,-0.7975321469261819,0.602606895277175,0.001953125,0.005859375,0.0,0.003482818603515625,-0.022504478693008423,-0.14243030548095703
644,891000000,imu1_frame,0.024857699830390476,-0.009677684807986552,-0.7976002017940823,0.6025963452211927,-0.00390625,-0.00390625,-0.001953125,0.004026859998703003,0.017254292964935303,-0.1443033218383789
644,911000000,imu1_frame,0.026107556003092718,-0.011236978126900306,-0.7975323202203369,0.6026062761422978,0.0,0.005859375,0.001953125,0.00510898232460022,-0.021768122911453247,-0.14242076873779297
644,931000000,imu1_frame,0.02482755882466352,-0.009757025933507435,-0.797597206966831,0.6026002723252378,0.00390625,0.001953125,-0.001953125,0.0026201605796813965,0.01637101173400879,-0.1443023681640625
644,951000000,imu1_frame,0.026164554644371653,-0.011294762461541012,-0.7975538030493813,0.6025742905755835,0.00390625,0.001953125,-0.001953125,0.005335062742233276,-0.023328840732574463,-0.14233779907226562
644,971000000,imu1_frame,0.024763932875889478,-0.009808299282202976,-0.7975980320823103,0.6026009659070711,-0.00390625,-0.005859375,0.001953125,0.0010244548320770264,0.016320616006851196,-0.14434528350830078
644,991000000,imu1_frame,0.026216606146926138,-0.01124291369000869,-0.7975314116018498,0.6026026335507145,0.00390625,0.00390625,0.001953125,0.006739437580108643,-0.023143112659454346,-0.14230632781982422
645,11000000,imu1_frame,0.024748608346725293,-0.009882429280035847,-0.7975966403698742,0.6026022263874531,0.0,-0.001953125,-0.001953125,-8.854269981384277e-05,0.01534491777420044,-0.1443309783935547
645,31000000,imu1_frame,0.026207519065219873,-0.01124263232601949,-0.7975561953331861,0.6025702319634457,0.0,-0.001953125,-0.001953125,0.006620913743972778,-0.023020535707473755,-0.14231586456298828
645,51000000,imu1_frame,0.02470475522114116,-0.009882252020785805,-0.797610927182235,0.6025851184720351,-0.001953125,-0.005859375,0.0,-0.0007599294185638428,0.015869826078414917,-0.14437389373779297
645,71000000,imu1_frame,0.026195578926517936,-0.011205200055954025,-0.79758273954052,0.6025363131990052,0.0,-0.001953125,-0.00390625,0.006896704435348511,-0.022284775972366333,-0.14234447479248047
645,91000000,imu1_frame,0.024890877355777566,-0.009688299085735026,-0.7976612364515175,0.6025140105822613,0.0,-0.001953125,-0.00390625,0.004464387893676758,-0.02233603596687317,-0.14036083221435547
645,111000000,imu1_frame,0.02604921676631104,-0.011315675355968976,-0.7976304381122745,0.6024774501953755,0.0,-0.001953125,-0.00390625,0.0033509433269500732,-0.02226388454437256,-0.14244556427001953
645,131000000,imu1_frame,0.024858167073496692,-0.009665683343712001,-0.797698510144422,0.6024663750024681,-0.00390625,-0.00390625,-0.001953125,0.004247814416885376,0.017480432987213135,-0.14430809020996094
645,151000000,imu1_frame,0.02601917354096536,-0.011267490570155185,-0.7976327552100941,0.6024765838440946,-0.001953125,-0.001953125,0.001953125,0.0034513771533966064,-0.021158844232559204,-0.14249706268310547
645,171000000,imu1_frame,0.024799787615419046,-0.009658350525393893,-0.7976763819125596,0.6024981962946009,-0.001953125,-0.001953125,0.001953125,0.003407120704650879,-0.02079141139984131,-0.14046096801757812
645,191000000,imu1_frame,0.026014472623562837,-0.011219207245375992,-0.7976109202146016,0.6025065946172867,-0.001953125,-0.001953125,0.001953125,0.003929078578948975,-0.02036118507385254,-0.14252376556396484
645,211000000,imu1_frame,0.024816765666078395,-0.00961752064765765,-0.79767731962032,0.6024969088732396,0.0,0.0,-0.001953125,0.004153460264205933,0.018708139657974243,-0.14436626434326172
645,231000000,imu1_frame,0.026051548907930152,-0.011237533554726894,-0.7976218116038637,0.6024902325290219,0.00390625,0.001953125,0.0,0.004300415515899658,-0.021077662706375122,-0.14247798919677734
645,251000000,imu1_frame,0.024873803382010368,-0.009670101454535427,-0.7976755499936928,0.602496058066301,0.00390625,0.001953125,0.0,0.0044228434562683105,-0.021845191717147827,-0.14038467407226562
645,271000000,imu1_frame,0.023679396825090602,-0.008094628362514256,-0.7977370149372096,0.6024860315034222,0.001953125,0.005859375,-0.001953125,0.00438380241394043,0.016781657934188843,-0.14206504821777344
645,291000000,imu1_frame,0.024869713155378476,-0.009699561688349283,-0.7976967198825808,0.6024677244128472,0.0,0.001953125,-0.001953125,0.004027515649795532,-0.022246211767196655,-0.14037704467773438
645,311000000,imu1_frame,0.023624945018286922,-0.008136102335339198,-0.7977491756110127,0.6024715085575594,0.0,-0.00390625,0.0,0.0030541718006134033,0.016781002283096313,-0.14210224151611328
645,331000000,imu1_frame,0.02482249681218227,-0.009734419217305312,-0.7976987041426248,0.6024664821744762,0.0,-0.00390625,0.0,0.0028819739818573,0.01682904362678528,-0.1443166732788086
645,351000000,imu1_frame,0.02618678734091958,-0.01125345379677351,-0.7976302338400819,0.6024729222219215,0.00390625,0.0078125,0.001953125,0.0062295496463775635,-0.022911489009857178,-0.1423330307006836
645,371000000,imu1_frame,0.024821606062820675,-0.009805123750249865,-0.7976938150582422,0.6024718456812166,0.0,0.005859375,-0.001953125,0.002032339572906494,0.015734940767288208,-0.14428997039794922
645,391000000,imu1_frame,0.026160813060477833,-0.011288343447496024,-0.7976397958432617,0.6024607383467788,0.0,0.0,0.0,0.005421310663223267,-0.023145556449890137,-0.14234447479248047
645,411000000,imu1_frame,0.024822037566686345,-0.009805547918471696,-0.7976937994342591,0.6024718416865577,0.0,0.0,0.0,0.0020339787006378174,0.015723317861557007,-0.14428997039794922
645,431000000,imu1_frame,0.026161214658869603,-0.011288815511874854,-0.7976397785105306,0.6024607350106587,0.0,0.0,0.0,0.005422025918960571,-0.02315765619277954,-0.14234256744384766
645,451000000,imu1_frame,0.024822450464614627,-0.00980597319706007,-0.7976937840271977,0.6024718381525903,0.0,0.0,0.0,0.0020354390144348145,0.015711814165115356,-0.1442890167236328
645,471000000,imu1_frame,0.026810023381200893,-0.009587892552850672,-0.7976695250265491,0.602422296903604,0.0,0.0,0.0,0.00043523311614990234,-0.0042636096477508545,-0.1384592056274414
645,491000000,imu1_frame,0.028796361554218983,-0.009370021739283092,-0.7976420880481075,0.6023703774490402,0.0,0.0,0.0,0.03396615386009216,-0.02422270178794861,-0.1363811492919922
645,511000000,imu1_frame,0.026808989445741723,-0.009588004044837038,-0.797669538523032,0.6024223232714634,0.0,0.0,0.0,0.00041812658309936523,-0.004253745079040527,-0.1384601593017578
645,531000000,imu1_frame,0.028794784190289614,-0.009370076356509664,-0.797642113900611,0.6023704177702227,0.0,0.0,0.0,0.03394094109535217,-0.024204999208450317,-0.136383056640625
645,551000000,imu1_frame,0.026942060383123925,-0.010121630572599188,-0.7976539722178567,0.6024282684120479,0.0,0.0,0.0,0.031356096267700195,-0.014141112565994263,-0.14202117919921875
645,571000000,imu1_frame,0.025134980445396644,-0.010979058846631178,-0.7976593568747727,0.6024842266939242,0.0,0.0,0.0,-0.0069259703159332275,-0.006258904933929443,-0.1825695037841797
645,591000000,imu1_frame,0.02694014127305764,-0.010122541695961643,-0.7976539796224825,0.6024283291232392,0.0,0.0,0.0,0.031315118074417114,-0.014132320880889893,-0.18108463287353516
645,611000000,imu1_frame,0.025133123126721512,-0.01097996908095157,-0.7976593600398519,0.6024842833980751,0.0,0.0,0.0,-0.00696563720703125,-0.006251245737075806,-0.1825704574584961
645,631000000,imu1_frame,0.026793026929652408,-0.009862826589677756,-0.797662168120072,0.602428355831293,0.0,0.0,0.0,0.03208395838737488,-0.008352130651473999,-0.14227962493896484
645,651000000,imu1_frame,0.02513380027852579,-0.010979544699499062,-0.7976593610547429,0.6024842615400756,0.0,0.0,0.0,-0.006950080394744873,-0.006252557039260864,-0.1435079574584961
645,671000000,imu1_frame,0.026793690656540383,-0.009862311191422257,-0.7976621701852454,0.6024283320149625,0.0,0.0,0.0,0.03210043907165527,-0.00835198163986206,-0.14227771759033203
645,691000000,imu1_frame,0.025134519244343016,-0.01097907771965897,-0.7976593625419518,0.6024842380875608,0.0,0.0,0.0,-0.006933391094207764,-0.006253749132156372,-0.1435079574584961
645,711000000,imu1_frame,0.02439855604229304,-0.009118300238589052,-0.7977121650462701,0.6024756167688468,0.0,0.0,0.0,0.0035323500633239746,-0.007641047239303589,-0.14104557037353516
645,731000000,imu1_frame,0.023663740291706665,-0.007260728094350411,-0.797761687977717,0.6024646034564107,0.0,0.0,0.0,0.01397484540939331,0.02997589111328125,-0.14233016967773438
645,751000000,imu1_frame,0.024398799807037522,-0.009118912529448188,-0.7977121481748372,0.602475619968595,0.0,0.0,0.0,0.0035287141799926758,-0.007653087377548218,-0.14104461669921875
645,771000000,imu1_frame,0.023664270820075974,-0.007261188944616068,-0.7977616714237974,0.6024645989838521,0.0,0.0,0.0,0.013977736234664917,0.029962390661239624,-0.14232921600341797
645,791000000,imu1_frame,0.02465143232724118,-0.00899820717321943,-0.7977109029364192,0.6024687995973286,0.0,0.0,0.0,0.0088900625705719,0.030319929122924805,-0.14475154876708984
645,811000000,imu1_frame,0.02563835719170317,-0.010734909082738156,-0.7976569567882206,0.6024705931867966,0.0,0.0,0.0,0.0037994086742401123,-0.00837254524230957,-0.1431112289428711
645,831000000,imu1_frame,0.024651888968104642,-0.008999047578904894,-0.7977108778709682,0.6024688015485171,0.0,0.0,0.0,0.00888758897781372,0.030301004648208618,-0.14475059509277344
645,851000000,imu1_frame,0.025638810581066304,-0.010735746053375655,-0.7976569303540982,0.6024705939767871,0.0,0.0,0.0,0.0037965774536132812,-0.00839090347290039,-0.1431102752685547
645,871000000,imu1_frame,0.02749130786331557,-0.009978841701682362,-0.7976475945225631,0.6024142807592014,0.0,0.0,0.0,0.041600316762924194,-0.01837337017059326,-0.1805553436279297
645,891000000,imu1_frame,0.02564223620514557,-0.01073434440595333,-0.7976569160909887,0.6024704920448697,0.0,0.0,0.0,0.003866821527481079,-0.008409827947616577,-0.18217086791992188
645,911000000,imu1_frame,0.027495081755914995,-0.009976735059949934,-0.7976475854662767,0.6024141554085511,0.0,0.0,0.0,0.04168400168418884,-0.018384963274002075,-0.18055152893066406
645,931000000,imu1_frame,0.025581898261623773,-0.009406776273690754,-0.7976904679694551,0.6024508248414475,0.0,0.0,0.0,0.018580704927444458,-0.026058822870254517,-0.1397848129272461
645,951000000,imu1_frame,0.02366829693196158,-0.008836685505332424,-0.7977301753356858,0.6024850969679801,0.0,0.0,0.0,-0.004531383514404297,0.005342692136764526,-0.1418304443359375
645,971000000,imu1_frame,0.025583076143370093,-0.00940712948045099,-0.7976904424995408,0.6024508030328016,0.0,0.0,0.0,0.01859450340270996,-0.026077628135681152,-0.13978290557861328
645,991000000,imu1_frame,0.023669466783432423,-0.00883703497153605,-0.7977301520138558,0.6024850767637739,0.0,0.0,0.0,-0.004517316818237305,0.005323499441146851,-0.1418285369873047
646,11000000,imu1_frame,0.02511974888741317,-0.010211790681324726,-0.7976795672713026,0.6024715972598054,0.0,0.0,0.0,0.0018846988677978516,0.00588640570640564,-0.14384078979492188
646,31000000,imu1_frame,0.026569600142768397,-0.011586148260770908,-0.7976258086840411,0.6024557135905195,0.0,0.0,0.0,0.00828176736831665,-0.03259706497192383,-0.14178943634033203
646,51000000,imu1_frame,0.02511960556025142,-0.010211660664543697,-0.797679572280365,0.6024715988074322,0.0,0.0,0.0,0.0018843412399291992,0.005889534950256348,-0.14384078979492188
646,71000000,imu1_frame,0.026569444959184663,-0.011586040706536592,-0.7976258136380009,0.6024557159440223,0.0,0.0,0.0,0.008280575275421143,-0.032593488693237305,-0.14179039001464844
646,91000000,imu1_frame,0.02511948582031671,-0.010211522811428274,-0.7976795771772808,0.6024715996528544,0.0,0.0,0.0,0.0018841028213500977,0.005893081426620483,-0.14384078979492188
646,111000000,imu1_frame,0.02656929237434201,-0.011585950344922807,-0.7976258181422797,0.6024557184475808,0.0,0.0,0.0,0.008279263973236084,-0.032590270042419434,-0.14179039001464844
646,131000000,imu1_frame,0.025119377041331638,-0.010211393253491106,-0.79767958173404,0.6024716003509916,0.0,0.0,0.0,0.0018839240074157715,0.005896329879760742,-0.14384078979492188
646,151000000,imu1_frame,0.026569151766816512,-0.011585866375593263,-0.7976258223097464,0.6024557207458651,0.0,0.0,0.0,0.008278101682662964,-0.03258734941482544,-0.14179039001464844
646,171000000,imu1_frame,0.025261425012283498,-0.010075484750734484,-0.7976809953492002,0.6024660776110929,0.0,0.0,0.0,0.005701124668121338,-0.03271740674972534,-0.1398487091064453
646,191000000,imu1_frame,0.023952674933905384,-0.008564028886118553,-0.7977330168557122,0.6024740331259368,0.0,0.0,0.0,0.003117203712463379,0.006249964237213135,-0.14165782928466797
646,211000000,imu1_frame,0.025260277173498793,-0.010074149201010055,-0.7976810425943547,0.602466085518992,0.0,0.0,0.0,0.005698680877685547,-0.03268253803253174,-0.13984966278076172
646,231000000,imu1_frame,0.026253657146817974,-0.011809582335377775,-0.7976250615778496,0.6024662151477151,0.0,0.0,0.0,0.0007217526435852051,-0.03236529231071472,-0.1420135498046875
646,251000000,imu1_frame,0.025260993110643927,-0.010075402390178151,-0.7976810033395937,0.6024660865184687,0.0,0.0,0.0,0.005695343017578125,0.0063515305519104,-0.1437549591064453
646,271000000,imu1_frame,0.02625429069046505,-0.011810788548012253,-0.7976250224051126,0.6024662157560856,0.0,0.0,0.0,0.0007174015045166016,-0.03239145874977112,-0.1420116424560547
646,291000000,imu1_frame,0.025261676779383593,-0.010076543019933574,-0.7976809671918906,0.6024660866363113,0.0,0.0,0.0,0.005692571401596069,0.006325662136077881,-0.1437530517578125
646,311000000,imu1_frame,0.023953464954112193,-0.008564585425090547,-0.7977329936897686,0.6024740244790209,0.0,0.0,0.0,0.003122985363006592,0.0062319934368133545,-0.14165687561035156
646,331000000,imu1_frame,0.025260502999812025,-0.010075172382975148,-0.797681015623579,0.6024660946504671,0.0,0.0,0.0,0.005690127611160278,-0.03270110487937927,-0.1398487091064453
646,351000000,imu1_frame,0.023952329751313978,-0.00856324635460578,-0.7977330380482984,0.6024740299113205,0.0,0.0,0.0,0.0031210780143737793,0.006266236305236816,-0.14165878295898438
646,371000000,imu1_frame,0.025259344899782946,-0.010073897300081845,-0.7976810616644958,0.6024661035695068,0.0,0.0,0.0,0.005687117576599121,-0.03266763687133789,-0.13985061645507812
646,391000000,imu1_frame,0.024099769507079,-0.011705839192917206,-0.7976578226996176,0.6025148731148473,0.0,0.0,0.0,0.007428556680679321,-0.0054132938385009766,-0.1402750015258789
646,411000000,imu1_frame,0.023271353267527738,-0.013297978308671,-0.7979995090742479,0.6020617837126515,0.017578125,0.02734375,-0.0625,-0.023966237902641296,-0.02036386728286743,-0.14026355743408203
646,431000000,imu1_frame,0.024432835442299194,-0.011469294430982178,-0.7981779232887887,0.6018168281228945,0.013671875,0.0234375,-0.025390625,0.015812426805496216,-0.005430817604064941,-0.14006614685058594
646,451000000,imu1_frame,0.023137064161616552,-0.012817490739944096,-0.7983109115512749,0.6016644219922639,0.009765625,0.013671875,-0.025390625,-0.02016584575176239,-0.01118689775466919,-0.14063072204589844
646,471000000,imu1_frame,0.02486833035223915,-0.011552837094010084,-0.7984709083993007,0.601408601984181,0.009765625,0.013671875,-0.025390625,-0.09142237901687622,-0.011725038290023804,-0.14351558685302734
646,491000000,imu1_frame,0.026371295651373076,-0.010292047729835933,-0.798528542042658,0.6012909412775331,0.0,-0.00390625,-0.0078125,-0.053089410066604614,-0.009666264057159424,-0.142547607421875
646,511000000,imu1_frame,0.02799321005227977,-0.008993771989159035,-0.7985793263000662,0.6011709838827123,0.00390625,0.0078125,-0.0078125,-0.012464821338653564,-0.00840809941291809,-0.14131450653076172
646,531000000,imu1_frame,0.029455768489381737,-0.007653721864809483,-0.7986209000486273,0.6010644193843424,0.0,-0.001953125,-0.005859375,0.026152759790420532,-0.004621654748916626,-0.1401081085205078
646,551000000,imu1_frame,0.027883355642616514,-0.008915235761731581,-0.7986547331893177,0.601077078421495,0.0,-0.001953125,-0.005859375,0.025863349437713623,-0.005853444337844849,-0.13755512237548828
646,571000000,imu1_frame,0.026295649698802097,-0.010194259044246149,-0.7986856875331244,0.6010871720634178,0.0,-0.00390625,-0.005859375,-0.013936668634414673,-0.007177799940109253,-0.13875961303710938
646,591000000,imu1_frame,0.027813164739339022,-0.008950554632221332,-0.7987038705842298,0.6010145110999634,-0.001953125,-0.00390625,-0.001953125,0.024390101432800293,-0.0055544376373291016,-0.1376190185546875
646,611000000,imu1_frame,0.02623560963034537,-0.010241842806770565,-0.7987104020335494,0.6010561464011923,-0.001953125,-0.00390625,-0.001953125,-0.015414267778396606,-0.007204174995422363,-0.13880157470703125
646,631000000,imu1_frame,0.027798051550433064,-0.008991007444374815,-0.7987390963164959,0.6009677912589343,0.0,0.0,-0.00390625,0.023706257343292236,-0.005989193916320801,-0.13762187957763672
646,651000000,imu1_frame,0.026250616566408782,-0.010256721276202918,-0.7987453803326744,0.6010087538428678,0.001953125,0.0,-0.001953125,-0.0153273344039917,-0.007595539093017578,-0.1387805938720703
646,671000000,imu1_frame,0.027834328925459038,-0.00894039243553898,-0.7987618361871796,0.6009366427230521,0.0,0.005859375,-0.001953125,0.024885088205337524,-0.005612164735794067,-0.13759994506835938
646,691000000,imu1_frame,0.026340775516236432,-0.010182527701075797,-0.7987659033416925,0.6009787944125398,0.0,0.005859375,-0.001953125,-0.013031452894210815,-0.007485002279281616,-0.1387176513671875
646,711000000,imu1_frame,0.027851190875072828,-0.008895813698483,-0.7987962991215789,0.6008907123389005,-0.001953125,-0.001953125,-0.00390625,0.02569878101348877,-0.005095183849334717,-0.13759708404541016
646,731000000,imu1_frame,0.02631330058769197,-0.010200478840423095,-0.798860079010901,0.6008545036914552,-0.001953125,-0.001953125,-0.01171875,-0.013598084449768066,-0.007397323846817017,-0.13873863220214844
646,751000000,imu1_frame,0.02773066514452257,-0.008951132907461547,-0.7989049839559375,0.6007509584184436,-0.005859375,-0.01171875,-0.005859375,0.023250430822372437,-0.004486590623855591,-0.1377086639404297
646,771000000,imu1_frame,0.026147813341930122,-0.0103435670726062,-0.7989339476987461,0.6007610587347911,-0.005859375,-0.01171875,-0.005859375,-0.01780623197555542,-0.007655233144760132,-0.13885021209716797
646,791000000,imu1_frame,0.027790936695393453,-0.009038836503246635,-0.7989723965081765,0.6006572008144423,0.00390625,0.009765625,-0.005859375,0.02321493625640869,-0.006524860858917236,-0.13761234283447266
646,811000000,imu1_frame,0.02628002060723253,-0.010255970024999424,-0.7989783451492158,0.6006977439431167,0.005859375,0.005859375,-0.001953125,-0.014677315950393677,-0.007816195487976074,-0.1387500762939453
646,831000000,imu1_frame,0.027795171283271112,-0.008983228887676255,-0.7990091806125895,0.6006089071508043,0.001953125,-0.001953125,-0.00390625,0.023962467908859253,-0.005686402320861816,-0.13762664794921875
646,851000000,imu1_frame,0.0262498971505684,-0.010283377301373242,-0.7990268875822105,0.6006340216567386,0.001953125,-0.001953125,-0.00390625,-0.015431910753250122,-0.007867574691772461,-0.13877010345458984
646,871000000,imu1_frame,0.02788742428035089,-0.008943028872449233,-0.7990420526901321,0.6005614971294236,0.00390625,0.01171875,-0.001953125,0.025901496410369873,-0.006121575832366943,-0.1375408172607422
646,891000000,imu1_frame,0.026314395319412508,-0.010178479497702666,-0.7990609746976011,0.6005876371266798,0.0,0.0,-0.00390625,-0.013166159391403198,-0.0069693922996521,-0.1387462615966797
646,911000000,imu1_frame,0.027913909097119556,-0.008973443214390463,-0.7991002215340113,0.6004824118490815,0.00390625,0.0,-0.005859375,0.026003718376159668,-0.006874561309814453,-0.13750171661376953
646,931000000,imu1_frame,0.026322360596166234,-0.010183595102175804,-0.7991325350642464,0.6004919809000211,0.00390625,0.0,-0.005859375,-0.01304599642753601,-0.007107824087142944,-0.13873577117919922
646,951000000,imu1_frame,0.02787245857587732,-0.008947621991860963,-0.7991497140165228,0.6004188543849506,0.0,-0.001953125,-0.001953125,0.025697439908981323,-0.0059587061405181885,-0.1375560760498047
646,971000000,imu1_frame,0.02635959400148454,-0.010230333972564332,-0.7991671328264773,0.6004435076514644,0.005859375,0.001953125,-0.00390625,-0.012985557317733765,-0.008256793022155762,-0.13867855072021484
646,991000000,imu1_frame,0.027890707216023748,-0.00891648935734355,-0.7991981183812603,0.6003540390839255,0.005859375,0.001953125,-0.00390625,0.026385486125946045,-0.005659639835357666,-0.13754653930664062
647,11000000,imu1_frame,0.026202306389626142,-0.010192717830612284,-0.799184510932457,0.6004279016907352,-0.0078125,-0.01171875,0.001953125,-0.01498904824256897,-0.005818575620651245,-0.1388559341430664
647,31000000,imu1_frame,0.027821057487919947,-0.009055604166443484,-0.7991746050696259,0.6003864883599914,-0.001953125,-0.001953125,0.001953125,0.02364635467529297,-0.0070289671421051025,-0.1375741958618164
647,51000000,imu1_frame,0.02619598431402467,-0.010219630469568346,-0.7991607164004615,0.6004593899017536,0.0,0.0,0.001953125,-0.015422165393829346,-0.0061762332916259766,-0.13885116577148438
647,71000000,imu1_frame,0.027805514211221814,-0.009035908963935548,-0.7991518739366998,0.6004177613229859,0.0,0.0,0.001953125,-0.01544564962387085,-0.006551921367645264,-0.14150428771972656
647,91000000,imu1_frame,0.02940089759793342,-0.007861275139983318,-0.7991404470696036,0.6003734949437755,0.0,-0.001953125,0.001953125,0.02326226234436035,-0.006899714469909668,-0.1401081085205078
647,111000000,imu1_frame,0.027813663205465987,-0.009075856656173477,-0.7991638953273941,0.600400780620908,0.00390625,0.0,-0.00390625,-0.015777379274368286,-0.007264822721481323,-0.1414804458618164
647,131000000,imu1_frame,0.029383040180469337,-0.007834623659103703,-0.799153979243852,0.6003567048685222,0.0,0.0,0.001953125,0.02330651879310608,-0.006266355514526367,-0.14013671875
647,151000000,imu1_frame,0.0277909243100162,-0.009043693620166307,-0.7991416619885289,0.6004319113820576,0.0,0.0,0.001953125,0.023289740085601807,-0.006508469581604004,-0.13761043548583984
647,171000000,imu1_frame,0.026183233604195912,-0.010261303350446145,-0.7991618879203753,0.6004576761330641,0.0,-0.001953125,-0.00390625,-0.016109466552734375,-0.0066769421100616455,-0.13884735107421875
647,191000000,imu1_frame,0.027795123361805868,-0.009043668293925907,-0.7991415949704634,0.6004318065935175,0.0,0.001953125,0.00390625,0.023355334997177124,-0.006556987762451172,-0.1376056671142578
647,211000000,imu1_frame,0.026222872741085024,-0.010278290877065471,-0.799125920169088,0.600503523216775,0.00390625,0.0,0.001953125,-0.01571732759475708,-0.007423818111419678,-0.13879966735839844
647,231000000,imu1_frame,0.027796403766422437,-0.00904455237887874,-0.799119600317289,0.6004610065596735,0.00390625,0.0,0.001953125,0.023347914218902588,-0.006597787141799927,-0.1376047134399414
647,251000000,imu1_frame,0.026171178548331887,-0.01023961096749819,-0.7991285474217303,0.6005029429372191,-0.001953125,-0.001953125,-0.001953125,-0.01606932282447815,-0.006213128566741943,-0.1388683319091797
647,271000000,imu1_frame,0.027884266283281396,-0.009026678963196314,-0.7991163040828673,0.6004615885380818,0.001953125,0.009765625,0.001953125,0.024928271770477295,-0.0073496997356414795,-0.13751506805419922
647,291000000,imu1_frame,0.026264243322424597,-0.010199933553486851,-0.7991147042783826,0.6005179766537202,0.00390625,0.0,0.0,-0.014159917831420898,-0.006690710783004761,-0.13878917694091797
647,311000000,imu1_frame,0.027887479427863127,-0.009032615171101445,-0.7991176050733725,0.6004596186390295,0.00390625,0.0,0.0,-0.0141526460647583,-0.007479250431060791,-0.14141559600830078
647,331000000,imu1_frame,0.029421819148203056,-0.007784238743712127,-0.7991089325603307,0.6004154195950336,0.0,-0.001953125,0.001953125,0.024468660354614258,-0.005961209535598755,-0.1401081085205078
647,351000000,imu1_frame,0.027832276952690235,-0.009025108612548535,-0.7991307197961398,0.600444838808915,-0.00390625,-0.001953125,-0.00390625,-0.01491689682006836,-0.006708621978759766,-0.1414785385131836
647,371000000,imu1_frame,0.02618705616439918,-0.010196253011621746,-0.7991519545908463,0.6004718377972406,-0.00390625,-0.001953125,-0.00390625,-0.015294134616851807,-0.005710959434509277,-0.1388692855834961
647,391000000,imu1_frame,0.027812500042261462,-0.009065397633781988,-0.7991652499551308,0.6003991894325758,-0.001953125,-0.001953125,-0.001953125,0.023390382528305054,-0.007086724042892456,-0.13757991790771484
647,411000000,imu1_frame,0.026207742226810847,-0.010253906366848108,-0.7991746357081129,0.6004397665814599,0.00390625,0.0,-0.001953125,-0.015629678964614868,-0.006842434406280518,-0.1388254165649414
647,431000000,imu1_frame,0.02780942974541823,-0.009022326528920002,-0.7991782322410496,0.6003826999117406,0.0,0.001953125,0.0,0.02385789155960083,-0.006371259689331055,-0.13759803771972656
647,451000000,imu1_frame,0.02944670305348629,-0.00783853862060805,-0.7991768193391806,0.6003231300079014,0.0,0.001953125,0.0,0.024273306131362915,-0.00705873966217041,-0.1400623321533203
647,471000000,imu1_frame,0.02782758500122503,-0.009010072720320514,-0.7991659418864836,0.6003984022557552,0.0,0.0,0.001953125,-0.01478642225265503,-0.006399601697921753,-0.14148902893066406
647,491000000,imu1_frame,0.02940052745445647,-0.007871899258980882,-0.7991668572555719,0.6003382183833614,0.0,-0.005859375,0.0,0.023152410984039307,-0.007045060396194458,-0.1401052474975586
647,511000000,imu1_frame,0.02785001401362809,-0.009039052991691714,-0.7991774220322562,0.6003816455841497,0.00390625,0.005859375,-0.001953125,-0.014766901731491089,-0.007108479738235474,-0.14145469665527344
647,531000000,imu1_frame,0.02949722943432921,-0.007803919391941698,-0.7991883970153759,0.6003056874408377,0.00390625,0.005859375,-0.001953125,0.025478124618530273,-0.007102459669113159,-0.1400136947631836
647,551000000,imu1_frame,0.02789786858273606,-0.009006520186729894,-0.7991773818351199,0.6003799662595591,0.00390625,0.0,0.001953125,-0.01363721489906311,-0.007161080837249756,-0.14141368865966797
647,571000000,imu1_frame,0.029538589191383986,-0.007765945796655273,-0.7992002247774166,0.6002883994799441,0.00390625,0.005859375,-0.00390625,0.026579290628433228,-0.006986379623413086,-0.13997840881347656
647,591000000,imu1_frame,0.027950928424879156,-0.008950648493794898,-0.7992002574650467,0.6003478824477777,0.001953125,0.001953125,0.0,-0.01213449239730835,-0.006897389888763428,-0.14137554168701172
647,611000000,imu1_frame,0.029567022027121994,-0.007738393398509512,-0.7992000583609167,0.6002875770761584,0.001953125,0.001953125,0.0,0.027346879243850708,-0.006889164447784424,-0.13995361328125
647,631000000,imu1_frame,0.02791128653484971,-0.008962666537412092,-0.7991787504216338,0.6003781771242392,0.0,-0.005859375,0.00390625,-0.012911796569824219,-0.006632745265960693,-0.14141464233398438
647,651000000,imu1_frame,0.029565425866711684,-0.007734935197707794,-0.7991884541252883,0.6003031493867408,0.0,0.005859375,-0.001953125,0.02735346555709839,-0.0068236589431762695,-0.13995647430419922
647,671000000,imu1_frame,0.027889757827474236,-0.008932740903980017,-0.7991672705287575,0.6003949044286461,-0.00390625,-0.005859375,0.00390625,-0.012906134128570557,-0.005919724702835083,-0.141448974609375
647,691000000,imu1_frame,0.029601756982473932,-0.007784973052236443,-0.7991861499076217,0.6003037797431889,0.001953125,0.005859375,-0.00390625,0.0273323655128479,-0.008031666278839111,-0.13989925384521484
647,711000000,imu1_frame,0.027989403051646874,-0.008896795300264689,-0.7991883172775821,0.6003627852200906,0.00390625,0.00390625,0.0,-0.010910660028457642,-0.006513655185699463,-0.14135169982910156
647,731000000,imu1_frame,0.02957641619099417,-0.007716288649296903,-0.7991764073533744,0.6003188856137472,-0.001953125,-0.001953125,0.001953125,0.027734577655792236,-0.006668537855148315,-0.13994979858398438
647,751000000,imu1_frame,0.027952533294368434,-0.008916467978659024,-0.799165327234272,0.600394813624961,-0.001953125,-0.001953125,0.001953125,-0.011735647916793823,-0.00640183687210083,-0.14138507843017578
647,771000000,imu1_frame,0.029500939028068725,-0.007780356907223561,-0.7991431296347231,0.60036607082719,-0.001953125,-0.0078125,0.00390625,0.025777369737625122,-0.006805896759033203,-0.14001750946044922
647,791000000,imu1_frame,0.027832708092479088,-0.009022925238294337,-0.7991220160964794,0.6004564351976595,0.0,-0.0078125,0.00390625,-0.014891296625137329,-0.006684452295303345,-0.1414785385131836
647,811000000,imu1_frame,0.029462880011828334,-0.007829960454800005,-0.7991213303300074,0.6003963106417992,0.001953125,0.001953125,0.0,0.024583488702774048,-0.007148146629333496,-0.1400461196899414
647,831000000,imu1_frame,0.02799251406732207,-0.009159447715364854,-0.7991155037685187,0.6004556064444123,0.001953125,0.001953125,0.0,-0.014000892639160156,-0.010691016912460327,-0.18031787872314453
647,851000000,imu1_frame,0.02943743379766864,-0.007798149480558953,-0.7991460055278004,0.6003651290715072,-0.001953125,-0.001953125,-0.00390625,0.024578362703323364,-0.0063385069370269775,-0.17914772033691406
647,871000000,imu1_frame,0.027957095586244093,-0.009195647905856981,-0.7991512246560319,0.6004091613197932,-0.001953125,-0.00390625,-0.001953125,-0.014951139688491821,-0.010821729898452759,-0.1803436279296875
647,891000000,imu1_frame,0.02944212610701174,-0.007826066036125076,-0.7991453910255758,0.6003653536833025,0.0,0.001953125,0.001953125,0.024323612451553345,-0.006829649209976196,-0.17913436889648438
647,911000000,imu1_frame,0.027854449806353675,-0.009007713700665082,-0.7991331649198817,0.6004408176040377,0.0,0.001953125,0.001953125,0.024698197841644287,-0.006695389747619629,-0.13755416870117188
647,931000000,imu1_frame,0.026103295915486335,-0.010237646843335866,-0.7991107230962627,0.6005296501939167,-0.005859375,-0.013671875,0.00390625,-0.017121076583862305,-0.005395680665969849,-0.13893890380859375
647,951000000,imu1_frame,0.02773775336150654,-0.00915131488142813,-0.7991238926678106,0.600456388626054,0.0,-0.00390625,-0.001953125,0.021181821823120117,-0.007575422525405884,-0.13763046264648438
647,971000000,imu1_frame,0.026098625080652284,-0.010260461656701143,-0.7991346147457643,0.6004976704456312,0.001953125,0.001953125,-0.001953125,-0.01744323968887329,-0.005685716867446899,-0.13893413543701172
647,991000000,imu1_frame,0.02774457312552539,-0.009092120758972824,-0.7991481925059332,0.6004246317538002,0.001953125,0.001953125,-0.001953125,-0.01706060767173767,-0.006717860698699951,-0.14155006408691406
648,11000000,imu1_frame,0.029290804880859046,-0.007884347427024017,-0.7991617614716958,0.60035020181269,-0.00390625,-0.00390625,-0.001953125,0.021287620067596436,-0.005958139896392822,-0.1402273178100586
648,31000000,imu1_frame,0.027719045996200214,-0.009180622112384422,-0.7991713259777364,0.6003936728528012,0.0,-0.00390625,-0.001953125,-0.01847970485687256,-0.007788419723510742,-0.14154624938964844
648,51000000,imu1_frame,0.02925431770282582,-0.007965738174584508,-0.7991635710058473,0.6003484976980105,0.00390625,-0.00390625,0.001953125,0.019763797521591187,-0.0068006813526153564,-0.1402435302734375
648,71000000,imu1_frame,0.027618371566625135,-0.009180576825120681,-0.7991526708737644,0.6004231434550924,0.0,-0.00390625,0.001953125,-0.020067274570465088,-0.006618797779083252,-0.14165496826171875
648,91000000,imu1_frame,0.02921461642709775,-0.008042649368495084,-0.7991655350639627,0.6003467910666994,0.00390625,-0.00390625,-0.001953125,0.01824238896369934,-0.00753551721572876,-0.14026451110839844
648,111000000,imu1_frame,0.027552471668401957,-0.00918539273958876,-0.7991687354589289,0.6004047152797504,0.00390625,-0.001953125,0.0,-0.021141231060028076,-0.005913645029067993,-0.1417245864868164
648,131000000,imu1_frame,0.02919641364734905,-0.00807906314976346,-0.799167789425136,0.6003441867080054,0.00390625,-0.001953125,0.0,0.01753246784210205,-0.00788968801498413,-0.1402740478515625
648,151000000,imu1_frame,0.02748242995806754,-0.0091084889693546,-0.7991844667077586,0.6003881574825826,-0.001953125,0.0,-0.001953125,-0.021321386098861694,-0.00388413667678833,-0.14182758331298828
648,171000000,imu1_frame,0.029299336491311383,-0.008087395908312346,-0.7991759636125848,0.6003281786593795,0.005859375,0.0078125,0.0,0.01904967427253723,-0.009219765663146973,-0.1401538848876953
648,191000000,imu1_frame,0.027569867767973696,-0.00899653404691724,-0.7991727031373106,0.6004014951069022,0.00390625,0.00390625,0.001953125,-0.01865023374557495,-0.0031664669513702393,-0.14177227020263672
648,211000000,imu1_frame,0.029383141286735116,-0.008057441556521846,-0.7991511174556057,0.6003575602198605,0.00390625,0.00390625,0.001953125,0.02069145441055298,-0.009748131036758423,-0.14006710052490234
648,231000000,imu1_frame,0.027560039207038284,-0.008927216232770416,-0.7991743868428496,0.6004007398926118,-0.001953125,-0.001953125,-0.001953125,-0.01798918843269348,-0.001968175172805786,-0.14180755615234375
648,251000000,imu1_frame,0.02943848721340417,-0.008072753975454641,-0.7991724326339535,0.600326268817022,0.00390625,0.005859375,-0.001953125,0.021393537521362305,-0.010622262954711914,-0.1399993896484375
648,271000000,imu1_frame,0.027675243556417373,-0.008865452461114608,-0.799183941853731,0.6003836371270328,0.00390625,0.005859375,0.0,-0.015456527471542358,-0.002347797155380249,-0.14170551300048828
648,291000000,imu1_frame,0.02956170317331287,-0.008022647787022694,-0.7991696349767287,0.6003246099895793,0.00390625,0.005859375,0.0,0.023905038833618164,-0.011284083127975464,-0.13987255096435547
648,311000000,imu1_frame,0.02769555241932782,-0.008835815396019823,-0.7991962957184727,0.6003666926573686,0.0,-0.00390625,-0.001953125,-0.0147818922996521,-0.002116084098815918,-0.141693115234375
648,331000000,imu1_frame,0.029374300861463178,-0.00802186637633863,-0.7991989991517002,0.6002947274994683,-0.009765625,-0.01171875,-0.001953125,0.02100810408592224,-0.009060114622116089,-0.14008808135986328
648,351000000,imu1_frame,0.027603745772110246,-0.0089893199537067,-0.7991960050954152,0.6003690288361383,0.0,-0.001953125,0.001953125,-0.018018007278442383,-0.0034380555152893066,-0.1417388916015625
648,371000000,imu1_frame,0.029340107030754143,-0.008040841057252203,-0.799176873806562,0.6003256011259941,0.0,-0.001953125,0.001953125,0.02023380994796753,-0.008969515562057495,-0.1401214599609375
648,391000000,imu1_frame,0.02749472907287031,-0.009036760466889362,-0.7991762125516048,0.60039966532731,-0.001953125,-0.009765625,0.001953125,-0.020293891429901123,-0.0029127895832061768,-0.14183998107910156
648,411000000,imu1_frame,0.0292270989868603,-0.008085117006811441,-0.7991804431980021,0.6003257672111396,-0.001953125,-0.001953125,-0.001953125,0.017950832843780518,-0.008335709571838379,-0.14023780822753906
648,431000000,imu1_frame,0.027523716067816142,-0.009053065696736185,-0.799209500192033,0.6003537805811752,0.0,0.00390625,-0.00390625,-0.020006418228149414,-0.003488868474960327,-0.1418018341064453
648,451000000,imu1_frame,0.029278498687078835,-0.008057821062739912,-0.7992018922278586,0.6002950745206576,0.0,0.001953125,0.0,0.019091248512268066,-0.008498311042785645,-0.14018726348876953
648,471000000,imu1_frame,0.027612628760453797,-0.009042710179156916,-0.7992302799029012,0.6003221900045702,0.00390625,0.005859375,-0.00390625,-0.018479138612747192,-0.004356980323791504,-0.1417102813720703
648,491000000,imu1_frame,0.029346975335692808,-0.008041848082626096,-0.7992244156718467,0.6002619570754569,0.00390625,0.0,0.0,0.020366579294204712,-0.009036898612976074,-0.14011383056640625
648,511000000,imu1_frame,0.02771872476460892,-0.0092011020174051,-0.7992261513861912,0.6003203902579906,0.00390625,0.0,0.0,0.020380288362503052,-0.008074760437011719,-0.1376333236694336
648,531000000,imu1_frame,0.026052212525917273,-0.010197236053217347,-0.7992380950725424,0.6003630284954204,-0.001953125,0.005859375,-0.001953125,-0.01734653115272522,-0.004105359315872192,-0.139007568359375
648,551000000,imu1_frame,0.027720999455359583,-0.009206803522600327,-0.799248664162724,0.600290224634879,-0.001953125,-0.005859375,-0.001953125,0.02036634087562561,-0.008177906274795532,-0.13762855529785156
648,571000000,imu1_frame,0.025985642378599186,-0.010237646152019395,-0.7992864746981647,0.6003008148886837,-0.001953125,-0.001953125,-0.005859375,-0.01882380247116089,-0.0039334893226623535,-0.13905811309814453
648,591000000,imu1_frame,0.027609245481477033,-0.009105779921776226,-0.7993234386943794,0.6001973464534416,-0.001953125,-0.001953125,-0.005859375,-0.019199877977371216,-0.00525134801864624,-0.1416921615600586
648,611000000,imu1_frame,0.029336792270918895,-0.00798636675865973,-0.7993418872380044,0.6001067553961001,0.001953125,0.005859375,-0.00390625,0.02095004916191101,-0.007979899644851685,-0.14014244079589844
648,631000000,imu1_frame,0.027594242021336396,-0.009048226300377037,-0.7993358034747445,0.6001824395060801,-0.00390625,-0.00390625,0.001953125,-0.0187494158744812,-0.004170715808868408,-0.14172840118408203
648,651000000,imu1_frame,0.02926457520643081,-0.008064684701719982,-0.7992964671602953,0.6001697285632787,0.0,-0.005859375,0.005859375,0.018867075443267822,-0.008385449647903442,-0.14020061492919922
648,671000000,imu1_frame,0.02757779111615354,-0.00924739643633699,-0.7992642158590805,0.6002754903737717,0.0,-0.005859375,0.005859375,0.01766398549079895,-0.007127046585083008,-0.13776874542236328
648,691000000,imu1_frame,0.025919882530558613,-0.010367167707138553,-0.7992744697958336,0.6003174189176285,-0.001953125,0.0,-0.001953125,-0.021380513906478882,-0.005191385746002197,-0.13907337188720703
648,711000000,imu1_frame,0.027669043830626804,-0.009239941792755153,-0.79930785012457,0.6002133022671219,0.00390625,0.0078125,-0.005859375,0.019211649894714355,-0.008055031299591064,-0.13767242431640625
648,731000000,imu1_frame,0.02588674596924323,-0.010309379234080814,-0.7992884318545592,0.6003012541936017,-0.001953125,-0.0078125,0.00390625,-0.021209716796875,-0.0038944482803344727,-0.139129638671875
648,751000000,imu1_frame,0.027627070290876892,-0.00931601230211049,-0.7992976013894011,0.6002277078868319,0.00390625,0.0,-0.001953125,0.017655223608016968,-0.008757054805755615,-0.13769054412841797
648,771000000,imu1_frame,0.025926072951026318,-0.01023867322378501,-0.7993362126318087,0.6002371427089386,0.00390625,0.005859375,-0.005859375,-0.01972857117652893,-0.003228127956390381,-0.13911819458007812
648,791000000,imu1_frame,0.02768704353601597,-0.009289647922438079,-0.7993201014607582,0.6001953894045463,0.001953125,0.0,0.001953125,0.01891961693763733,-0.009035348892211914,-0.1376352310180664
648,811000000,imu1_frame,0.025893510081269566,-0.010246032981278009,-0.7993500958902736,0.6002199339775612,0.001953125,-0.00390625,-0.00390625,-0.0203133225440979,-0.0029551684856414795,-0.13914775848388672
648,831000000,imu1_frame,0.027650348505557608,-0.009294176245043409,-0.7993455261014386,0.6001631498326615,0.0,0.0,0.0,0.018312722444534302,-0.008662790060043335,-0.13767337799072266
648,851000000,imu1_frame,0.025892424488426078,-0.010246672609795187,-0.7993500964466752,0.6002199691490027,0.0,0.0,0.0,-0.020337730646133423,-0.0029524564743041992,-0.13914871215820312
648,871000000,imu1_frame,0.027649241086075926,-0.009294747630268736,-0.7993455306458292,0.6001631859506141,0.0,0.0,0.0,0.018288731575012207,-0.008658766746520996,-0.13767433166503906
648,891000000,imu1_frame,0.025891300072420232,-0.010247330145546154,-0.7993500971484099,0.6002200054932157,0.0,0.0,0.0,-0.020363032817840576,-0.002949535846710205,-0.13914966583251953
648,911000000,imu1_frame,0.02764809846387501,-0.009295340645657565,-0.7993455352560417,0.6001632232650093,0.0,0.0,0.0,0.018263906240463257,-0.008654594421386719,-0.13767528533935547
648,931000000,imu1_frame,0.025890140790011847,-0.01024801363223286,-0.7993500977301955,0.6002200430552064,0.0,0.0,0.0,-0.020389139652252197,-0.0029466748237609863,-0.13915061950683594
648,951000000,imu1_frame,0.027646915409883822,-0.009295947193973163,-0.7993455401938759,0.6001632617931942,0.0,0.0,0.0,0.018238306045532227,-0.008650273084640503,-0.13767623901367188
648,971000000,imu1_frame,0.025888942103832822,-0.010248716486133616,-0.7993500984264019,0.6002200818306836,0.0,0.0,0.0,-0.020416170358657837,-0.0029436349868774414,-0.13915157318115234
648,991000000,imu1_frame,0.02764569482769026,-0.009296574384861788,-0.7993455452585955,0.6001633015583672,0.0,0.0,0.0,0.01821190118789673,-0.008645772933959961,-0.13767719268798828
649,11000000,imu1_frame,0.025887707624221955,-0.010249447510496857,-0.7993500989686946,0.6002201218706605,0.0,0.0,0.0,-0.020444005727767944,-0.002940535545349121,-0.13915348052978516
649,31000000,imu1_frame,0.0276444401015524,-0.009297229449536601,-0.7993455502329389,0.6001633425816966,0.0,0.0,0.0,0.018184572458267212,-0.008641272783279419,-0.1376781463623047
649,51000000,imu1_frame,0.0291515877430169,-0.00798333031281088,-0.799350624491155,0.6001041830338949,0.0,0.0,0.0,0.018097251653671265,-0.005759865045547485,-0.14035511016845703
649,71000000,imu1_frame,0.027644276827917928,-0.009297369090582817,-0.799345549578754,0.6001633488103838,0.0,0.0,0.0,-0.020881831645965576,-0.008641958236694336,-0.1415843963623047
649,91000000,imu1_frame,0.029206433005837217,-0.007990142864634165,-0.7993725619556806,0.6000722032226538,0.00390625,0.00390625,-0.00390625,0.018891841173171997,-0.006494879722595215,-0.1402902603149414
649,111000000,imu1_frame,0.027634181335083143,-0.009258559197766653,-0.7993829064519216,0.6001146556917267,0.00390625,-0.001953125,-0.001953125,-0.02055537700653076,-0.007897496223449707,-0.14161014556884766
649,131000000,imu1_frame,0.029161851974926288,-0.00799909058523543,-0.7993985626293946,0.6000396145299574,0.0,-0.001953125,-0.001953125,0.018110185861587524,-0.006097286939620972,-0.14033889770507812
649,151000000,imu1_frame,0.027621009896704622,-0.009274239838897544,-0.7993833060887946,0.6001144876056945,0.0,0.0,0.001953125,-0.020944833755493164,-0.007988035678863525,-0.1416187286376953
649,171000000,imu1_frame,0.029208122471638773,-0.007962729554550919,-0.7994085960753113,0.6000244803677786,0.0,0.005859375,-0.00390625,0.019267767667770386,-0.006064713001251221,-0.14029788970947266
649,191000000,imu1_frame,0.027751771709361897,-0.009217821402094472,-0.7994262231395635,0.6000521516438412,0.00390625,0.0078125,-0.00390625,-0.018205195665359497,-0.008614391088485718,-0.14149761199951172
649,211000000,imu1_frame,0.02923774648223893,-0.007876765234023846,-0.7994551167788178,0.599962187980422,-0.001953125,0.0,-0.00390625,0.020775049924850464,-0.005040347576141357,-0.1402902603149414
649,231000000,imu1_frame,0.027747995943958503,-0.009233906723191842,-0.79946074589178,0.6000060828573993,-0.001953125,-0.001953125,-0.001953125,-0.018425852060317993,-0.008802562952041626,-0.1414957046508789
649,251000000,imu1_frame,0.02927114277850746,-0.007847142359973329,-0.799488362245747,0.5999166452023443,-0.001953125,0.005859375,-0.00390625,0.021670401096343994,-0.004948228597640991,-0.14026165008544922
649,271000000,imu1_frame,0.02784231858212695,-0.009157660089931479,-0.799503628177954,0.599945740119835,-0.001953125,0.005859375,-0.00390625,-0.01602351665496826,-0.008692175149917603,-0.1414203643798828
649,291000000,imu1_frame,0.029236039486480424,-0.007856302250264359,-0.7995242076731234,0.5998704642293718,-0.001953125,-0.009765625,-0.001953125,0.02104201912879944,-0.00465884804725647,-0.14029788970947266
649,311000000,imu1_frame,0.02790125318769567,-0.00924672406814622,-0.7995721134277003,0.599850359334163,0.005859375,0.0078125,-0.009765625,-0.016092300415039062,-0.010735660791397095,-0.1413249969482422
649,331000000,imu1_frame,0.029161368565661636,-0.007811904791110722,-0.7995866003732837,0.5997915114691161,-0.001953125,-0.009765625,0.0,0.02044317126274109,-0.0030538737773895264,-0.1403970718383789
649,351000000,imu1_frame,0.027793057517715363,-0.009391106791689934,-0.799575195506725,0.5998490308381158,-0.001953125,-0.009765625,0.0,-0.019474446773529053,-0.011723339557647705,-0.1413898468017578
649,371000000,imu1_frame,0.028871308367090915,-0.00798639199833134,-0.7996075519398028,0.5997753145777649,-0.0078125,-0.025390625,-0.001953125,0.013878315687179565,-0.002374500036239624,-0.1406726837158203
649,391000000,imu1_frame,0.02790451869090075,-0.009790210521435177,-0.7995586131816926,0.5998595783194127,-0.001953125,-0.005859375,0.00390625,-0.02242317795753479,-0.019270479679107666,-0.14111900329589844
649,411000000,imu1_frame,0.029001831778135555,-0.008025240186670168,-0.7996154246438143,0.599758002818763,0.0078125,0.01171875,-0.005859375,0.01547020673751831,-0.004503399133682251,-0.14051246643066406
649,431000000,imu1_frame,0.027825636564295243,-0.009522763902753268,-0.7996334036099954,0.5997678473780821,0.0078125,0.01171875,-0.005859375,-0.02046218514442444,-0.01412975788116455,-0.14130496978759766
649,451000000,imu1_frame,0.028943316967310628,-0.007938040054056196,-0.7996885548185164,0.5996644788673934,-0.00390625,-0.0078125,-0.005859375,0.015633821487426758,-0.002412945032119751,-0.14060592651367188
649,471000000,imu1_frame,0.027927666373887754,-0.009639403670171229,-0.7996764532932878,0.5997038414051226,0.0,0.001953125,-0.001953125,-0.020199298858642578,-0.0171222984790802,-0.14115047454833984
649,491000000,imu1_frame,0.02895160945933306,-0.007918086029847653,-0.7997234201909285,0.599617844482185,0.0,0.0,-0.00390625,0.016024291515350342,-0.0021771788597106934,-0.14060306549072266
649,511000000,imu1_frame,0.027852565214703445,-0.009696206785971018,-0.7996908262611344,0.5996872523063237,0.0,-0.009765625,0.001953125,-0.022028207778930664,-0.017123430967330933,-0.14121055603027344
649,531000000,imu1_frame,0.028990623386594586,-0.007970945992370094,-0.7997223925653673,0.5996166296936469,0.001953125,0.0078125,-0.001953125,0.01601424813270569,-0.0034599900245666504,-0.14054203033447266
649,551000000,imu1_frame,0.027758863757242114,-0.00955531323778193,-0.7997288926087277,0.5996430936804433,-0.00390625,-0.001953125,-0.00390625,-0.021812409162521362,-0.013805776834487915,-0.14136600494384766
649,571000000,imu1_frame,0.028974409962645137,-0.00798254914680573,-0.799757387095125,0.5995705832203694,-0.001953125,-0.001953125,-0.001953125,0.0156516432762146,-0.0034306347370147705,-0.14055728912353516
649,591000000,imu1_frame,0.02780387547162306,-0.00957435281334562,-0.7997502279932303,0.599612248959059,-0.001953125,0.001953125,-0.001953125,-0.021314561367034912,-0.01461830735206604,-0.1413097381591797
649,611000000,imu1_frame,0.028994192961144815,-0.007964810963990768,-0.799779862546887,0.5995398819305705,0.0,0.0,-0.001953125,0.016186386346817017,-0.003371328115463257,-0.14054012298583984
649,631000000,imu1_frame,0.027790449088624186,-0.009585339727921647,-0.7997507439913996,0.5996120076240601,0.0,-0.001953125,0.001953125,-0.02165284752845764,-0.01463267207145691,-0.14132022857666016
649,651000000,imu1_frame,0.025777092019433817,-0.009680019663188284,-0.7997688835528389,0.5996762223458484,0.0,-0.001953125,0.001953125,-0.015177488327026367,0.0074492692947387695,-0.10433006286621094
649,671000000,imu1_frame,0.02772995035656486,-0.009584683710251644,-0.7997296587919575,0.5996429408738974,-0.001953125,-0.00390625,0.001953125,0.016454100608825684,-0.013925760984420776,-0.10232353210449219
649,691000000,imu1_frame,0.025735006102525413,-0.009672863624306553,-0.7997470174862723,0.5997073062686668,0.0,0.0,0.001953125,-0.01576840877532959,0.00804293155670166,-0.10437488555908203
649,711000000,imu1_frame,0.0277423119766696,-0.009599003815083794,-0.7997177689779124,0.599657996889008,0.001953125,0.0,0.0,0.01647016406059265,-0.014300435781478882,-0.10230445861816406
649,731000000,imu1_frame,0.025762354668621854,-0.009767063085565322,-0.7997450418588455,0.5997072398952709,0.001953125,0.0,0.0,-0.016446173191070557,0.006250202655792236,-0.13946819305419922
649,751000000,imu1_frame,0.02777066011724254,-0.009647084507848793,-0.799718159084352,0.5996553928948577,0.005859375,-0.001953125,0.0,0.01635041832923889,-0.015382975339889526,-0.13741302490234375
649,771000000,imu1_frame,0.025762444460484445,-0.009653189899374092,-0.7997373171166003,0.5997193810369389,-0.001953125,0.0,0.001953125,-0.015115976333618164,0.008024513721466064,-0.1395111083984375
649,791000000,imu1_frame,0.027774455130410842,-0.009644241022992635,-0.7996938286522867,0.599687709289382,0.0,0.001953125,0.001953125,0.01642376184463501,-0.015395939350128174,-0.13740921020507812
649,811000000,imu1_frame,0.02577436429744691,-0.009697233671182819,-0.7997247744362366,0.599734883892124,0.001953125,-0.001953125,0.0,-0.015455275774002075,0.007190912961959839,-0.1394824981689453
649,831000000,imu1_frame,0.027738602939236065,-0.009650997075768776,-0.7996963046354685,0.5996859582438121,0.0,-0.00390625,0.0,0.015785813331604004,-0.01508072018623352,-0.13744544982910156
649,851000000,imu1_frame,0.025710161845712037,-0.009682010042911804,-0.7997517348328903,0.5997019333728869,0.0,-0.00390625,-0.00390625,-0.016260594129562378,0.00819292664527893,-0.13955307006835938
649,871000000,imu1_frame,0.027706863221848482,-0.009640890047621645,-0.7997216061220422,0.5996538465407159,0.0,0.0,0.0,0.015427887439727783,-0.014538109302520752,-0.1374835968017578
649,891000000,imu1_frame,0.025661636982869142,-0.009716688545853242,-0.7997650201272928,0.5996857334736697,0.0,-0.005859375,-0.001953125,-0.017416059970855713,0.008225291967391968,-0.1395883560180664
649,911000000,imu1_frame,0.027658378484214735,-0.009625575991251254,-0.7997595687952244,0.5996056991948439,0.0,0.0,-0.00390625,0.014879047870635986,-0.013711512088775635,-0.137542724609375
649,931000000,imu1_frame,0.02563658958150316,-0.009717418470109618,-0.7998006661510513,0.5996392511145691,-0.001953125,-0.001953125,-0.001953125,-0.017789483070373535,0.008524090051651001,-0.13961315155029297
649,951000000,imu1_frame,0.02772002447409921,-0.009613528048748477,-0.7997926478829529,0.5995589218033422,0.00390625,0.0078125,-0.00390625,0.016010701656341553,-0.014226555824279785,-0.1374797821044922
649,971000000,imu1_frame,0.025717555486811424,-0.009794645656411324,-0.799809710834409,0.5996224634811702,0.00390625,-0.00390625,0.001953125,-0.017421096563339233,0.006374388933181763,-0.13950252532958984
649,991000000,imu1_frame,0.02767251619372048,-0.00960784390599784,-0.799784851448406,0.5995716075471199,0.0,-0.00390625,0.0,0.015328019857406616,-0.013586372137069702,-0.13753318786621094
650,11000000,imu1_frame,0.02556291705417474,-0.009798610967231908,-0.799792228793555,0.5996523286507206,-0.00390625,-0.01171875,0.00390625,-0.01989966630935669,0.008113354444503784,-0.13965606689453125
650,31000000,imu1_frame,0.027274850236022306,-0.009033581529340709,-0.7997627670412979,0.5996282126483058,-0.00390625,-0.01171875,0.00390625,-0.023242831230163574,2.5659799575805664e-05,-0.1420755386352539
650,51000000,imu1_frame,0.029077830485437137,-0.008263881860297171,-0.7997626099364179,0.5995547979780897,0.0,-0.00390625,-0.001953125,0.01397678256034851,-0.009032607078552246,-0.140350341796875
650,71000000,imu1_frame,0.02723114929996093,-0.00902526923722566,-0.7997531126293137,0.5996432004640115,0.0,0.0,0.00390625,-0.02383604645729065,0.0006611347198486328,-0.14212512969970703
650,91000000,imu1_frame,0.028991050159972935,-0.00827869517984351,-0.7997301559113985,0.5996020846717192,-0.00390625,-0.0078125,0.001953125,0.012420445680618286,-0.00826871395111084,-0.1404438018798828
650,111000000,imu1_frame,0.026914836284272412,-0.008144506394096085,-0.7997592060287425,0.5996619639227275,-0.00390625,-0.0078125,0.001953125,0.02060556411743164,-0.020935773849487305,-0.14275646209716797
650,131000000,imu1_frame,0.024909694282968062,-0.00796325252760383,-0.7998190259622942,0.5996712594819248,0.0,-0.001953125,-0.00390625,-0.008588701486587524,0.0053875744342803955,-0.14484405517578125
650,151000000,imu1_frame,0.02681701067821216,-0.008145476812905695,-0.7998094515854955,0.5995993164608212,-0.00390625,-0.0078125,-0.00390625,0.019100695848464966,-0.019778847694396973,-0.14285850524902344
650,171000000,imu1_frame,0.024829242730684594,-0.007937000355051826,-0.799857220982697,0.5996239978291577,0.0,0.0,-0.001953125,-0.00951281189918518,0.0067580342292785645,-0.14493083953857422
650,191000000,imu1_frame,0.026798916511145986,-0.008159531194321185,-0.7997982477588892,0.5996148789067262,0.0,-0.001953125,0.00390625,0.01864480972290039,-0.01979297399520874,-0.14287281036376953
650,211000000,imu1_frame,0.024698252797680967,-0.007958742665655045,-0.7998264784440557,0.5996701252386216,-0.00390625,-0.01171875,0.001953125,-0.011837750673294067,0.007935941219329834,-0.1450510025024414
650,231000000,imu1_frame,0.026622300254204426,-0.008106308974601711,-0.7998055048221505,0.5996137884840276,-0.00390625,-0.005859375,-0.001953125,0.016511380672454834,-0.01689136028289795,-0.14307498931884766
650,251000000,imu1_frame,0.024589383786065892,-0.007950403526963698,-0.7998531436169617,0.5996391430976166,-0.001953125,-0.00390625,-0.001953125,-0.013424485921859741,0.009353280067443848,-0.1451578140258789
650,271000000,imu1_frame,0.026596743442035605,-0.00808473916886858,-0.799829962808528,0.5995825888270594,0.0,0.001953125,-0.001953125,0.016382306814193726,-0.016242295503616333,-0.14310741424560547
650,291000000,imu1_frame,0.024560565285692133,-0.007980815668750883,-0.7998647657307785,0.5996244172451247,-0.001953125,-0.00390625,0.0,-0.014223635196685791,0.009220808744430542,-0.14517593383789062
650,311000000,imu1_frame,0.02653966025917066,-0.008087533273706081,-0.799843706689668,0.5995667461657683,0.0,-0.001953125,-0.001953125,0.015466690063476562,-0.015610843896865845,-0.14316654205322266
650,331000000,imu1_frame,0.024549850785764066,-0.007934218804348126,-0.7998655493161391,0.5996244291350652,-0.001953125,0.001953125,0.001953125,-0.013844668865203857,0.010074824094772339,-0.1452007293701172
650,351000000,imu1_frame,0.026613765679678235,-0.00807121026940114,-0.7998285922254933,0.5995838440949853,0.001953125,0.0078125,0.0,0.016806036233901978,-0.016230672597885132,-0.14309406280517578
650,371000000,imu1_frame,0.02455614021756459,-0.00804185938344703,-0.7998635242925196,0.5996254389046731,0.0,-0.0078125,0.0,-0.01500895619392395,0.00831785798072815,-0.14516162872314453
650,391000000,imu1_frame,0.02647886542254264,-0.008070826977246811,-0.7998345533584854,0.5995818698823963,-0.001953125,-0.0078125,0.0,0.014704912900924683,-0.014643579721450806,-0.1432342529296875
650,411000000,imu1_frame,0.0246139468849551,-0.008989408567161978,-0.7998444996852507,0.5996349893690395,-0.001953125,-0.0078125,0.0,0.009933918714523315,-0.007175803184509277,-0.1408843994140625
650,431000000,imu1_frame,0.022806551750495806,-0.009929170453992088,-0.7998373782953967,0.5997011264395741,0.0,-0.00390625,0.001953125,-0.029355287551879883,-0.000711977481842041,-0.1422119140625
650,451000000,imu1_frame,0.024482552597244443,-0.00900622707729605,-0.799801320535625,0.5996977073172999,-0.005859375,-0.0078125,0.005859375,0.007650494575500488,-0.0059206485748291016,-0.1410045623779297
650,471000000,imu1_frame,0.02296989573425109,-0.010281617483976241,-0.7997807339640852,0.59976449529106,-0.001953125,0.001953125,0.001953125,-0.030971184372901917,-0.008154183626174927,-0.14192676544189453
650,491000000,imu1_frame,0.024950023163097808,-0.009948449828802351,-0.7997497650713015,0.5997323052484024,-0.001953125,0.001953125,0.001953125,-0.03127431869506836,0.01292458176612854,-0.14020347595214844
650,511000000,imu1_frame,0.026883250284339313,-0.00970147172039324,-0.7997284601514074,0.5996812172516884,0.0,-0.005859375,0.0,0.0018412768840789795,-0.005846858024597168,-0.13833999633789062
650,531000000,imu1_frame,0.02873432835284055,-0.009009020415336667,-0.799702883971246,0.5996402865829973,-0.001953125,-0.001953125,0.001953125,0.03888794779777527,-0.016693204641342163,-0.1365804672241211
650,551000000,imu1_frame,0.02690484575373151,-0.009700680721626624,-0.7997509945277833,0.5996502087219902,0.001953125,0.00390625,-0.005859375,0.0022062361240386963,-0.006076127290725708,-0.13831710815429688
650,571000000,imu1_frame,0.028769148605467972,-0.008946064287002547,-0.799750561028979,0.5995759702957772,0.00390625,0.0,-0.001953125,0.04020822048187256,-0.01608934998512268,-0.1365642547607422
650,591000000,imu1_frame,0.026901951481927214,-0.009704868229144183,-0.7997756479898149,0.5996173891921335,0.0,-0.001953125,-0.001953125,0.0021310746669769287,-0.006095141172409058,-0.1383190155029297
650,611000000,imu1_frame,0.02871679001784937,-0.008875169817498293,-0.7997767154536484,0.5995446461690365,-0.001953125,0.0,-0.001953125,0.040240705013275146,-0.014354437589645386,-0.13664722442626953
650,631000000,imu1_frame,0.026888275494011283,-0.00969195934934155,-0.7997871118811142,0.5996029204680338,-0.001953125,0.0,0.0,0.0020773708820343018,-0.005727618932723999,-0.1383380889892578
650,651000000,imu1_frame,0.028810983828749796,-0.009145554770200551,-0.7997566679278327,0.5995628058374995,0.0,0.0,0.001953125,0.03852999210357666,-0.01969197392463684,-0.1364459991455078
650,671000000,imu1_frame,0.02687293625489843,-0.009703584198730289,-0.799764240423782,0.5996339262334223,0.0,-0.001953125,0.001953125,0.0016833245754241943,-0.0057413578033447266,-0.1383495330810547
650,691000000,imu1_frame,0.02874742815406634,-0.009064709846874873,-0.7997373899644958,0.5995927980744052,0.0,-0.001953125,0.001953125,0.03846776485443115,-0.017696768045425415,-0.13654613494873047
650,711000000,imu1_frame,0.026897072450234455,-0.009701192393436864,-0.7997520334081368,0.5996491636109426,0.001953125,0.00390625,0.0,0.0020794570446014404,-0.0059926509857177734,-0.13832569122314453
650,731000000,imu1_frame,0.028696308496367392,-0.008949749371482027,-0.7997288985833405,0.5996082993384482,-0.00390625,-0.00390625,0.001953125,0.039008527994155884,-0.015307635068893433,-0.1366443634033203
650,751000000,imu1_frame,0.026811826204043505,-0.009702992145580912,-0.7997300893064208,0.5996822176594626,-0.00390625,-0.001953125,0.001953125,0.0007078647613525391,-0.005034655332565308,-0.1384143829345703
650,771000000,imu1_frame,0.028741609026707627,-0.009216793531274418,-0.7997212632115894,0.5996122678821851,-0.001953125,0.0,-0.001953125,0.03658178448677063,-0.02001398801803589,-0.13649845123291016
650,791000000,imu1_frame,0.026732226830829722,-0.009712970791899478,-0.799719948224166,0.5996991334489304,-0.00390625,-0.005859375,0.00390625,-0.0006618797779083252,-0.004264622926712036,-0.13849353790283203
650,811000000,imu1_frame,0.028704168830768123,-0.00928976114122957,-0.7996971459241652,0.599645099896946,0.0,0.001953125,0.0,0.03512167930603027,-0.020729809999465942,-0.13651371002197266
650,831000000,imu1_frame,0.02665977954461757,-0.00975459206614468,-0.7996985681262718,0.5997301928576265,-0.001953125,-0.009765625,0.00390625,-0.0022993087768554688,-0.004078119993209839,-0.13855361938476562
650,851000000,imu1_frame,0.02853699356547398,-0.009209550363486311,-0.7996700012563748,0.5996905145747896,-0.001953125,-0.00390625,0.001953125,0.03342527151107788,-0.017536848783493042,-0.13673019409179688
650,871000000,imu1_frame,0.02661975622308886,-0.009766142509394815,-0.7996996649416586,0.5997303201700814,0.0,0.0,-0.001953125,-0.0030598342418670654,-0.003789752721786499,-0.13859081268310547
650,891000000,imu1_frame,0.02849622632753976,-0.009220445111188256,-0.7996945962513932,0.5996594877122872,-0.001953125,-0.00390625,-0.001953125,0.03267967700958252,-0.017216473817825317,-0.13677215576171875
650,911000000,imu1_frame,0.02653235866783883,-0.00981559888863534,-0.7997022805882148,0.5997298978573494,0.0,-0.005859375,0.001953125,-0.005004376173019409,-0.0035385191440582275,-0.13866233825683594
650,931000000,imu1_frame,0.028418322288332645,-0.009228359538824312,-0.7996992808032884,0.5996568157048178,0.00390625,-0.00390625,-0.001953125,0.031372249126434326,-0.01642647385597229,-0.1368551254272461
650,951000000,imu1_frame,0.026446981228406666,-0.009827471903777125,-0.7996947661481685,0.5997434943166209,-0.001953125,-0.005859375,0.00390625,-0.006484657526016235,-0.002728879451751709,-0.1387462615966797
650,971000000,imu1_frame,0.028371492390629017,-0.009226242881766092,-0.7996657688138677,0.5997037544064078,0.0,0.001953125,0.001953125,0.030637890100479126,-0.015864312648773193,-0.13690853118896484
650,991000000,imu1_frame,0.026561792098184867,-0.009823594304549202,-0.7996914257472927,0.5997429380840884,0.005859375,0.0078125,-0.001953125,-0.004646122455596924,-0.0040132105350494385,-0.13862895965576172
651,11000000,imu1_frame,0.028487835890162735,-0.009094628922094474,-0.7996878822160276,0.5996707613081609,0.001953125,0.005859375,-0.001953125,0.03401750326156616,-0.01515650749206543,-0.1368265151977539
651,31000000,imu1_frame,0.026635387719559443,-0.009790785714288893,-0.7996774911515795,0.599758790499682,0.0,0.001953125,0.00390625,-0.0031214356422424316,-0.004368722438812256,-0.1385650634765625
651,51000000,imu1_frame,0.028466967387578868,-0.009108149710982713,-0.7996764013800113,0.599686856994975,-0.001953125,-0.00390625,-0.001953125,0.0335235595703125,-0.015130162239074707,-0.13684463500976562
651,71000000,imu1_frame,0.026553868375567256,-0.009815343959564314,-0.7997030669358586,0.5997279014941944,-0.001953125,-0.00390625,-0.001953125,-0.004664391279220581,-0.0037858188152313232,-0.1386404037475586
651,91000000,imu1_frame,0.02842123026576993,-0.009159977685648238,-0.7997006669290919,0.5996558778100518,0.0,-0.001953125,-0.001953125,0.03222018480300903,-0.015391290187835693,-0.13687610626220703
651,111000000,imu1_frame,0.02660975850728299,-0.009790325002564501,-0.7996897804418778,0.5997435496488057,0.001953125,0.0078125,0.00390625,-0.003507256507873535,-0.004055589437484741,-0.13859176635742188
651,131000000,imu1_frame,0.028489291606302102,-0.009126978479043275,-0.7996863404199767,0.5996722567147151,-0.001953125,0.0,-0.001953125,0.03365999460220337,-0.01567983627319336,-0.13681316375732422
651,151000000,imu1_frame,0.026608310900034807,-0.009796380957857911,-0.7997126981565172,0.5997129556032609,0.0,0.0,-0.001953125,-0.0035831332206726074,-0.004121720790863037,-0.13859081268310547
651,171000000,imu1_frame,0.028563125303012128,-0.009125690857304572,-0.7996958700122287,0.599656055689164,0.00390625,0.005859375,0.0,0.03483745455741882,-0.016517817974090576,-0.13673114776611328
651,191000000,imu1_frame,0.02668822187453537,-0.009756351576307838,-0.7997343128939576,0.5996812329872637,0.0,0.001953125,-0.00390625,-0.0018473267555236816,-0.004420340061187744,-0.13852310180664062
651,211000000,imu1_frame,0.028583222898990516,-0.009141390358611614,-0.7997059278568174,0.5996414456170329,-0.001953125,0.0,0.001953125,0.03497576713562012,-0.01699236035346985,-0.1367025375366211
651,231000000,imu1_frame,0.026684514545719757,-0.009759857536649026,-0.7997456233780297,0.5996662569730018,0.0,0.0,-0.00390625,-0.0019377171993255615,-0.004425913095474243,-0.13852596282958984
651,251000000,imu1_frame,0.028572702072296483,-0.009162572118205035,-0.7997061704759969,0.5996413001712626,0.0,-0.001953125,0.00390625,0.03456324338912964,-0.017200171947479248,-0.13670730590820312
651,271000000,imu1_frame,0.026683105513956373,-0.00975134188658272,-0.7997107345754958,0.5997129848654795,0.0,0.001953125,0.001953125,-0.0018870234489440918,-0.004294097423553467,-0.13852977752685547
651,291000000,imu1_frame,0.028571956183275238,-0.009178791079947707,-0.7996703188606865,0.599688897885745,-0.001953125,-0.001953125,0.00390625,0.03433293104171753,-0.01746511459350586,-0.1367025375366211
651,311000000,imu1_frame,0.02662216719356653,-0.009739186294714654,-0.7997002539644238,0.5997298660842818,-0.00390625,-0.001953125,-0.001953125,-0.002705782651901245,-0.0033964812755584717,-0.13859844207763672
651,331000000,imu1_frame,0.028544451757242635,-0.009306419119551696,-0.7996560555354103,0.5997072599882366,-0.001953125,-0.001953125,0.00390625,0.03239554166793823,-0.019145309925079346,-0.1366872787475586
651,351000000,imu1_frame,0.026596932870984472,-0.009745969557940761,-0.7996772683200037,0.5997615240839387,0.0,0.0,0.0,-0.0031976699829101562,-0.0032188892364501953,-0.13862228393554688
651,371000000,imu1_frame,0.028546165909335494,-0.009306410091966338,-0.7996443233366759,0.5997228220590799,0.0,0.0,0.001953125,0.03241312503814697,-0.019171833992004395,-0.13668441772460938
651,391000000,imu1_frame,0.026590242135867373,-0.009703079860660343,-0.7996419433697561,0.599809612850789,-0.00390625,0.001953125,0.00390625,-0.002826899290084839,-0.00248834490776062,-0.13864612579345703
651,411000000,imu1_frame,0.02851398767343941,-0.009479040093869209,-0.7995705121506465,0.5998200533535126,-0.001953125,-0.005859375,0.0078125,0.02982717752456665,-0.02153337001800537,-0.13665771484375
651,431000000,imu1_frame,0.02651786026091158,-0.009688908879506276,-0.799574090431567,0.59990349394085,-0.001953125,0.0,0.00390625,-0.0038451552391052246,-0.0014538466930389404,-0.13872623443603516
651,451000000,imu1_frame,0.028496394473602683,-0.00950890524092302,-0.7995225227306453,0.599884382085039,-0.001953125,0.0,0.00390625,0.029163390398025513,-0.021820813417434692,-0.13666534423828125
651,471000000,imu1_frame,0.02648043830769563,-0.009690316402459168,-0.799539330797374,0.5999514502550519,-0.001953125,-0.001953125,0.001953125,-0.004473567008972168,-0.001055300235748291,-0.1387643814086914
651,491000000,imu1_frame,0.028446368535969546,-0.009520872745033687,-0.7995234628741013,0.5998853135500938,-0.001953125,-0.001953125,-0.001953125,0.028241634368896484,-0.02142193913459778,-0.1367168426513672
651,511000000,imu1_frame,0.026397199118014747,-0.009715762874543536,-0.7995415149055669,0.5999517962078295,-0.001953125,-0.005859375,0.001953125,-0.006071895360946655,-0.0004773736000061035,-0.1388406753540039
651,531000000,imu1_frame,0.02833455424693414,-0.009527043363715303,-0.7995164969386088,0.599899791301338,0.0,-0.005859375,0.0,0.026415228843688965,-0.020213991403579712,-0.1368389129638672
651,551000000,imu1_frame,0.026344883130737188,-0.009707233689742325,-0.7995324837040184,0.5999662692593678,0.0,0.0,0.001953125,-0.006796896457672119,0.0002636909484863281,-0.13889789581298828
651,571000000,imu1_frame,0.028334897324820654,-0.009523896869547488,-0.7995165649300083,0.5998997344427899,0.0,0.0,-0.001953125,0.026457518339157104,-0.020168811082839966,-0.1368398666381836
651,591000000,imu1_frame,0.026298588890620735,-0.009744445945976211,-0.7995222950211317,0.5999812745075551,0.0,-0.005859375,0.00390625,-0.007964938879013062,0.0002193152904510498,-0.1389312744140625
651,611000000,imu1_frame,0.028328625184281284,-0.009505717331463062,-0.7994842208950503,0.5999434230600558,0.005859375,0.001953125,0.001953125,0.026546627283096313,-0.019829273223876953,-0.13685321807861328
651,631000000,imu1_frame,0.02639651396571653,-0.009724839091645529,-0.7994863050954216,0.6000252490687118,0.00390625,0.00390625,0.00390625,-0.006231486797332764,-0.0006386637687683105,-0.1388378143310547
651,651000000,imu1_frame,0.028477274519715934,-0.009439150341094719,-0.7994223154691922,0.6000199236747413,0.00390625,0.009765625,0.005859375,0.029601752758026123,-0.020563483238220215,-0.13671302795410156
651,671000000,imu1_frame,0.026514101813764263,-0.009703094835579235,-0.7994238415691539,0.6001036359550217,0.0,0.001953125,0.00390625,-0.004186034202575684,-0.0017068088054656982,-0.13872432708740234
651,692000000,imu1_frame,0.029015071269489972,-0.0093518340068666,-0.798890415938331,0.6007035642992432,0.015625,0.0390625,0.078125,0.0386030375957489,-0.025797128677368164,-0.1361408233642578
651,711000000,imu1_frame,0.027201871077233875,-0.009580966112278292,-0.7987686062249044,0.6009467339188863,0.001953125,0.0078125,0.025390625,0.007487624883651733,-0.008191585540771484,-0.1380481719970703
651,731000000,imu1_frame,0.025348581383973855,-0.009893371439575268,-0.798645905735857,0.6011857349228531,0.00390625,0.01171875,0.0234375,-0.025225788354873657,0.00860607624053955,-0.1398334503173828
651,751000000,imu1_frame,0.02739431588530063,-0.009502361144770705,-0.7984921707193129,0.6013065024509636,0.0,0.009765625,0.021484375,0.01120060682296753,-0.00936579704284668,-0.13787174224853516
651,771000000,imu1_frame,0.02556082946680064,-0.010020431961453446,-0.7984246155874662,0.601468509702945,0.005859375,0.0078125,0.013671875,-0.023571491241455078,0.004030436277389526,-0.1395721435546875
651,791000000,imu1_frame,0.027529755632280783,-0.009405142042189805,-0.7983712211635352,0.6014624253233435,-0.001953125,0.0078125,0.005859375,0.01436343789100647,-0.009501874446868896,-0.13776302337646484
651,811000000,imu1_frame,0.02568587733616657,-0.010120772968774018,-0.7983354002065584,0.6015799152540086,0.001953125,0.001953125,0.0078125,-0.022866368293762207,0.0009559094905853271,-0.13940811157226562
651,831000000,imu1_frame,0.027573196762299603,-0.00939587332349415,-0.7982764329948561,0.6015863802562401,0.001953125,0.001953125,0.0078125,0.015076518058776855,-0.009917408227920532,-0.13771915435791016
651,851000000,imu1_frame,0.02569503629268841,-0.010046523802523629,-0.7982419978032435,0.6017046995100581,-0.001953125,0.001953125,0.0078125,-0.021921753883361816,0.0019625723361968994,-0.13942813873291016
651,871000000,imu1_frame,0.027660031784417942,-0.009368874881555526,-0.798178909991833,0.6017122023603876,0.001953125,0.0078125,0.0078125,0.01667320728302002,-0.010567396879196167,-0.1376361846923828
651,891000000,imu1_frame,0.025786722060720097,-0.010013493631500349,-0.7981450574360336,0.6018299113546001,0.0,0.001953125,0.0078125,-0.020175963640213013,0.001355290412902832,-0.13934803009033203
651,911000000,imu1_frame,0.027577983222685162,-0.00936445472809013,-0.7980987381151093,0.601822370843827,-0.005859375,-0.0078125,0.005859375,0.015381723642349243,-0.009578198194503784,-0.1377248764038086
651,931000000,imu1_frame,0.025667830964929646,-0.010102463972400716,-0.7980757090858613,0.6019254648561909,-0.00390625,-0.00390625,0.005859375,-0.023131251335144043,0.0013318061828613281,-0.1394329071044922
651,951000000,imu1_frame,0.027531401350774816,-0.009417380173031408,-0.798064282808169,0.6018693673848354,0.001953125,-0.001953125,0.0,0.01400524377822876,-0.009874790906906128,-0.13775634765625
651,971000000,imu1_frame,0.02554145264468822,-0.01008732717006163,-0.7980577979110636,0.6019548415128061,-0.001953125,-0.009765625,0.00390625,-0.024939358234405518,0.003043651580810547,-0.13956546783447266
651,991000000,imu1_frame,0.027330920042282526,-0.009473098274174379,-0.7980354731087025,0.601915828732639,-0.00390625,-0.009765625,0.001953125,0.010198205709457397,-0.008404791355133057,-0.13795089721679688
652,11000000,imu1_frame,0.02535024551252521,-0.010178159973703856,-0.7980390158468773,0.6019862949421291,-0.00390625,-0.009765625,0.001953125,-0.02900645136833191,0.0038646161556243896,-0.13971996307373047
652,31000000,imu1_frame,0.027196137133858853,-0.00948912649516092,-0.7980156745739513,0.6019479294238302,-0.00390625,-0.001953125,0.001953125,0.007890641689300537,-0.007082432508468628,-0.13808917999267578
652,51000000,imu1_frame,0.02531936220494737,-0.01051587634511774,-0.7980342184608176,0.6019881497237807,-0.00390625,-0.013671875,-0.001953125,-0.03346496820449829,-0.0010399818420410156,-0.13961410522460938
652,71000000,imu1_frame,0.02697950793373151,-0.009629975013673102,-0.7980222934767486,0.6019466661150307,0.0,-0.01171875,0.001953125,0.0028579533100128174,-0.006731241941452026,-0.13826560974121094
652,91000000,imu1_frame,0.028440911148362655,-0.008291973347452455,-0.7980299434104543,0.6018891651885449,-0.001953125,-0.001953125,0.0,0.04141142964363098,-0.0030243396759033203,-0.13715171813964844
652,111000000,imu1_frame,0.026725678949717918,-0.009677761392534151,-0.7980291194370603,0.6019481734747736,-0.01171875,-0.021484375,0.0,-0.0016603469848632812,-0.004492372274398804,-0.13851356506347656
652,131000000,imu1_frame,0.028602179163236756,-0.009066658343392943,-0.7980249526888703,0.6018769691054184,-0.001953125,-0.001953125,-0.001953125,0.034812092781066895,-0.01699841022491455,-0.13670825958251953
652,151000000,imu1_frame,0.026590826141774115,-0.00969952932722484,-0.7980560500490652,0.6019180908362965,-0.005859375,-0.009765625,-0.001953125,-0.004000306129455566,-0.0032348334789276123,-0.13864612579345703
652,171000000,imu1_frame,0.02847887344110009,-0.009188691302441824,-0.7980266048707161,0.6018787748693188,-0.001953125,-0.00390625,0.001953125,0.03145343065261841,-0.017452478408813477,-0.13680267333984375
652,191000000,imu1_frame,0.0265042933658768,-0.00974547788806208,-0.7980587442326225,0.6019175930704791,0.0,-0.005859375,-0.001953125,-0.0058893561363220215,-0.002933591604232788,-0.1387186050415039
652,211000000,imu1_frame,0.028367162144915203,-0.009185805839991163,-0.7980554456651472,0.6018458529616346,0.0,-0.005859375,-0.001953125,0.02976667881011963,-0.016080111265182495,-0.13692760467529297
652,231000000,imu1_frame,0.02641857117354495,-0.009778337785240118,-0.798062087679215,0.6019163957032562,0.0,-0.00390625,0.001953125,-0.007611215114593506,-0.0024378299713134766,-0.1387939453125
652,251000000,imu1_frame,0.0283789939988883,-0.00914834974089369,-0.7980324599045886,0.60187634389072,0.001953125,0.005859375,0.001953125,0.030373752117156982,-0.01564788818359375,-0.13692760467529297
652,271000000,imu1_frame,0.026444150958007562,-0.009783100974618285,-0.7980496553027119,0.601931678420943,0.0,-0.00390625,0.0,-0.0072776079177856445,-0.002818495035171509,-0.13876628875732422
652,291000000,imu1_frame,0.028274319199197904,-0.009153866208103056,-0.7980248016085113,0.6018913403804395,-0.001953125,-0.005859375,0.001953125,0.028669148683547974,-0.014509409666061401,-0.13704204559326172
652,311000000,imu1_frame,0.026345906433187953,-0.009782913079043982,-0.7980522758744255,0.6019325151522815,-0.00390625,-0.001953125,-0.001953125,-0.008806765079498291,-0.0016606152057647705,-0.13886737823486328
652,331000000,imu1_frame,0.028274875502494787,-0.009234155579043434,-0.7980230543248893,0.6018924044644819,0.001953125,0.0,0.001953125,0.02773195505142212,-0.015768617391586304,-0.13701248168945312
652,351000000,imu1_frame,0.026323673590853212,-0.009765586695339105,-0.7980535800966151,0.6019320400345488,-0.001953125,-0.001953125,-0.001953125,-0.008948981761932373,-0.0011287033557891846,-0.13889694213867188
652,371000000,imu1_frame,0.02827269784968664,-0.009248593796196086,-0.7980458639361067,0.6018620416038598,0.0,0.001953125,-0.001953125,0.027546226978302002,-0.015955567359924316,-0.1370096206665039
652,391000000,imu1_frame,0.026526978047824293,-0.010178940255049708,-0.7980624514713646,0.6019045041885385,0.0,0.001953125,-0.001953125,0.024525314569473267,-0.0099564790725708,-0.14243221282958984
652,411000000,imu1_frame,0.024722976784608906,-0.011136719948058262,-0.798077380461645,0.6019445511699437,-0.001953125,-0.00390625,-0.001953125,-0.014887183904647827,-0.0036952197551727295,-0.14384078979492188
652,431000000,imu1_frame,0.026506405350083327,-0.010229452022521728,-0.7980626714897276,0.6019042624549316,0.001953125,0.0,0.001953125,0.023609966039657593,-0.010501891374588013,-0.14243412017822266
652,451000000,imu1_frame,0.024738033094707176,-0.011150824701347742,-0.7980543414860805,0.6019742161108759,0.00390625,0.0,0.001953125,-0.01483580470085144,-0.004101842641830444,-0.14381980895996094
652,471000000,imu1_frame,0.026463406541742347,-0.010186706691880338,-0.798065236656767,0.6019034782761756,-0.001953125,-0.001953125,-0.001953125,0.02344357967376709,-0.009329169988632202,-0.14249515533447266
652,491000000,imu1_frame,0.024694876104641005,-0.01120119610388723,-0.7980550614975713,0.6019740983781002,0.0,-0.00390625,0.001953125,-0.016101479530334473,-0.004379779100418091,-0.14383888244628906
652,511000000,imu1_frame,0.026412134343837698,-0.010212737836800538,-0.7980435719934145,0.6019340132815821,0.0,-0.001953125,0.001953125,0.022320181131362915,-0.00914350152015686,-0.14253711700439453
652,531000000,imu1_frame,0.024666770020118335,-0.011190460556203345,-0.7980559181950742,0.6019743146373703,-0.001953125,0.0,-0.001953125,-0.016413241624832153,-0.0038818418979644775,-0.14387130737304688
652,551000000,imu1_frame,0.026394849773403648,-0.010223463744709324,-0.7980787177706437,0.6018879903570642,-0.001953125,-0.001953125,-0.00390625,0.021951675415039062,-0.009090691804885864,-0.14255142211914062
652,571000000,imu1_frame,0.02461651483133381,-0.011226817506195972,-0.7980802258757032,0.6019434681366914,-0.001953125,-0.00390625,0.0,-0.017606526613235474,-0.003848165273666382,-0.1439037322998047
652,591000000,imu1_frame,0.026309944728891584,-0.010246738336678303,-0.7980689416333739,0.6019042744174596,-0.00390625,-0.00390625,0.001953125,0.020345062017440796,-0.008461415767669678,-0.14262962341308594
652,611000000,imu1_frame,0.02458987032090614,-0.011271514149089874,-0.7980443938116925,0.60199122647437,-0.001953125,0.0,0.00390625,-0.018575847148895264,-0.004247069358825684,-0.14390945434570312
652,631000000,imu1_frame,0.026286516374390976,-0.010255345470292774,-0.7980337432159731,0.6019518183666249,-0.001953125,-0.001953125,0.001953125,0.019850730895996094,-0.008337348699569702,-0.14265060424804688
652,651000000,imu1_frame,0.024568359231879815,-0.011315088999548563,-0.7980091755562815,0.6020379724017163,0.0,-0.001953125,0.00390625,-0.019451379776000977,-0.0046883225440979,-0.14391136169433594
652,671000000,imu1_frame,0.02627948839086644,-0.010279990539451934,-0.797987147889644,0.602013473343724,0.001953125,0.0,0.00390625,0.01941472291946411,-0.008661478757858276,-0.14264774322509766
652,691000000,imu1_frame,0.024522304451371355,-0.011310720516447772,-0.797976083528692,0.6020837934224796,0.0,-0.00390625,0.001953125,-0.020144417881965637,-0.004092782735824585,-0.14395713806152344
652,711000000,imu1_frame,0.026240168097115664,-0.010324341100445519,-0.7979651764678571,0.6020435521652054,0.001953125,-0.001953125,0.001953125,0.018262147903442383,-0.008901447057723999,-0.142669677734375
652,731000000,imu1_frame,0.024444793891519403,-0.011294986739850708,-0.7979556511581769,0.6021143198022095,-0.001953125,-0.00390625,0.001953125,-0.02118469774723053,-0.002945244312286377,-0.14403820037841797
652,751000000,imu1_frame,0.026174760609287084,-0.010374917916577157,-0.7979315886258695,0.6020900454734881,0.0,-0.00390625,0.00390625,0.016620159149169922,-0.008937627077102661,-0.1427164077758789
652,771000000,imu1_frame,0.02433197740855349,-0.011305458780014644,-0.7979002492678966,0.602192106968691,-0.00390625,-0.005859375,0.005859375,-0.023111209273338318,-0.0018056035041809082,-0.14414119720458984
652,791000000,imu1_frame,0.026066187705869933,-0.01040973777729065,-0.7978045671035043,0.6022624543558069,-0.00390625,-0.00390625,0.015625,0.014417082071304321,-0.008264869451522827,-0.14281272888183594
652,811000000,imu1_frame,0.024235949796036264,-0.011379545441440634,-0.7977127817012277,0.6024428957117177,-0.005859375,-0.005859375,0.015625,-0.025625601410865784,-0.0019078254699707031,-0.14420032501220703
652,831000000,imu1_frame,0.025946620233022105,-0.0104794041458373,-0.7975950555202806,0.6025438427175502,-0.001953125,-0.005859375,0.01953125,0.011568397283554077,-0.008043497800827026,-0.14290618896484375
652,851000000,imu1_frame,0.02406274982415718,-0.011446266948718677,-0.797210701643865,0.6031128121905015,-0.005859375,-0.009765625,0.064453125,-0.029498085379600525,-0.001111358404159546,-0.1443338394165039
652,871000000,imu1_frame,0.025761958875250675,-0.0105271970038754,-0.7966214503380862,0.6038375315094247,-0.005859375,-0.00390625,0.09765625,0.0073699951171875,-0.007064789533615112,-0.14307308197021484
652,891000000,imu1_frame,0.02400301633491712,-0.01162855695067146,-0.796312429813764,0.6042972331511784,-0.005859375,-0.005859375,0.05078125,-0.03326866030693054,-0.0035992860794067383,-0.14430713653564453
652,911000000,imu1_frame,0.025777895453091223,-0.01055283844428749,-0.7961952083772821,0.6043983188790605,0.00390625,0.0078125,0.01953125,0.006985098123550415,-0.007846921682357788,-0.14304637908935547
652,931000000,imu1_frame,0.023969447272338632,-0.011173189398636343,-0.7961792711306802,0.604482583419853,0.00390625,0.0078125,0.00390625,-0.028515085577964783,0.003827422857284546,-0.14454174041748047
652,951000000,imu1_frame,0.025833399919592395,-0.010518689982767587,-0.796158497340785,0.6044449021388996,-0.001953125,-0.001953125,0.001953125,0.00822421908378601,-0.007987171411514282,-0.1430044174194336
652,971000000,imu1_frame,0.023986004130169245,-0.011311319038757086,-0.7961535681524657,0.6045132104309783,0.00390625,-0.001953125,0.001953125,-0.029908373951911926,0.0014733970165252686,-0.14446544647216797
652,991000000,imu1_frame,0.025900772657403596,-0.010457431533878455,-0.7961574320362241,0.604444485056278,0.0,0.009765625,-0.001953125,0.009995996952056885,-0.007829338312149048,-0.1429615020751953
653,11000000,imu1_frame,0.024203964133536187,-0.011384784975519672,-0.7961687417536106,0.6044831589430395,0.00390625,0.005859375,-0.001953125,-0.02737058699131012,-0.0022346079349517822,-0.1442279815673828
653,31000000,imu1_frame,0.02588490230238313,-0.010425619825107464,-0.7961820434278626,0.6044132956902019,-0.00390625,-0.005859375,-0.001953125,0.010143667459487915,-0.007135957479476929,-0.1429901123046875
653,51000000,imu1_frame,0.0242055299935131,-0.011578421981383452,-0.7961897382815241,0.6044517624404386,0.0,-0.00390625,-0.001953125,-0.02961719036102295,-0.0052565038204193115,-0.14413928985595703
653,71000000,imu1_frame,0.02587071244854073,-0.010433987714356715,-0.7962062044275976,0.6043819307100273,0.0,0.001953125,-0.001953125,0.009842664003372192,-0.007087647914886475,-0.14300155639648438
653,91000000,imu1_frame,0.024298808887488504,-0.011568640720888547,-0.796210775568037,0.604420495439942,0.00390625,0.005859375,-0.001953125,-0.028032898902893066,-0.006196171045303345,-0.14405536651611328
653,111000000,imu1_frame,0.02585354178133845,-0.010440664703652467,-0.7962193164304882,0.6043652761706887,0.0,-0.0078125,0.0,0.00950661301612854,-0.006983071565628052,-0.14301681518554688
653,131000000,imu1_frame,0.02424873412205501,-0.011665892866276575,-0.7962246389953993,0.604402374328358,0.005859375,-0.001953125,-0.001953125,-0.02995055913925171,-0.007112741470336914,-0.1440582275390625
653,151000000,imu1_frame,0.025876825166903265,-0.01043582176820271,-0.7962434375790443,0.6043325836454713,0.001953125,0.00390625,-0.001953125,0.009945034980773926,-0.0071710944175720215,-0.14299488067626953
653,171000000,imu1_frame,0.024212045091847448,-0.011509130340910844,-0.796262320019971,0.6043572077072298,-0.00390625,0.001953125,-0.00390625,-0.028641477227211,-0.004226624965667725,-0.1441640853881836
653,191000000,imu1_frame,0.025869757952414793,-0.01042835521523318,-0.7962781176375461,0.6042873194123757,-0.001953125,-0.001953125,-0.001953125,0.009950011968612671,-0.006955623626708984,-0.14300537109375
653,211000000,imu1_frame,0.02426917518627861,-0.011594068721649173,-0.7962473761699215,0.6043729814020238,0.0,0.001953125,0.00390625,-0.028766408562660217,-0.006227612495422363,-0.1440715789794922
653,231000000,imu1_frame,0.025900867946249552,-0.010403994009686921,-0.7962653298250439,0.6043032570381295,0.0,0.001953125,-0.001953125,0.01071232557296753,-0.006949424743652344,-0.14298343658447266
653,251000000,imu1_frame,0.024220752376912097,-0.011563244204387554,-0.7962719146412478,0.6043431843673986,-0.005859375,-0.00390625,-0.001953125,-0.02913755178451538,-0.005167216062545776,-0.14413166046142578
653,271000000,imu1_frame,0.02588918796587864,-0.010425407669437012,-0.7962763432412389,0.6042888762965558,0.0,0.001953125,0.0,0.010286003351211548,-0.0071395933628082275,-0.14298629760742188
653,291000000,imu1_frame,0.02428755373170963,-0.011520416199108733,-0.79626984864409,0.6043440434757728,0.0,0.005859375,0.0,-0.027593031525611877,-0.005289673805236816,-0.1440877914428711
653,311000000,imu1_frame,0.025913821591466275,-0.010362255506988162,-0.7962633813352543,0.6043059862816855,-0.00390625,0.0,0.001953125,0.011405348777770996,-0.0064536333084106445,-0.14298725128173828
653,331000000,imu1_frame,0.024410057327885096,-0.011681992645907205,-0.7962643077632249,0.6043433066820736,0.00390625,0.0,-0.001953125,-0.027597561478614807,-0.009250044822692871,-0.14389801025390625
653,351000000,imu1_frame,0.025977097469641403,-0.010352140017063163,-0.7962858995105898,0.6042737706079346,0.00390625,0.005859375,-0.001953125,0.012527704238891602,-0.007031857967376709,-0.1429271697998047
653,371000000,imu1_frame,0.02434414870153819,-0.011508784959762115,-0.7962916251243638,0.6043132946159194,-0.001953125,0.0,-0.001953125,-0.026557430624961853,-0.0057675838470458984,-0.14403915405273438
653,391000000,imu1_frame,0.025978695631075698,-0.01035754338901473,-0.796320791296188,0.6042276276517531,0.0,0.0,-0.00390625,0.012515813112258911,-0.007118493318557739,-0.14292335510253906
653,411000000,imu1_frame,0.024380115461732386,-0.011463057897769822,-0.7963020450695004,0.604298983361578,-0.001953125,0.005859375,0.001953125,-0.025449365377426147,-0.005476057529449463,-0.1440258026123047
653,431000000,imu1_frame,0.026015868456312607,-0.010314871222239157,-0.7963189266919494,0.6042292156229405,-0.001953125,0.0,-0.001953125,0.01359713077545166,-0.006893724203109741,-0.14290332794189453
653,451000000,imu1_frame,0.024373663050696954,-0.01152117134603434,-0.7963129710145016,0.6042837407661767,-0.001953125,-0.00390625,0.0,-0.026227548718452454,-0.006299644708633423,-0.14400482177734375
653,471000000,imu1_frame,0.026019194277342242,-0.01031881602629136,-0.7963302420886123,0.6042140921064862,0.0,0.00390625,-0.001953125,0.013611167669296265,-0.006989091634750366,-0.1428976058959961
653,491000000,imu1_frame,0.024509555259876137,-0.011472774914870117,-0.7963326911038162,0.6042531772494621,0.00390625,0.009765625,-0.001953125,-0.02352432906627655,-0.0071413516998291016,-0.14389705657958984
653,511000000,imu1_frame,0.02608722587867128,-0.010274755874843115,-0.7963290360119311,0.6042134990563982,0.001953125,-0.001953125,0.001953125,0.015190035104751587,-0.007106184959411621,-0.14284706115722656
653,531000000,imu1_frame,0.024437245153513035,-0.011441493651597245,-0.7963119292589037,0.6042840595219191,-0.001953125,-0.001953125,0.001953125,-0.024297311902046204,-0.005810350179672241,-0.1439809799194336
653,551000000,imu1_frame,0.02609004966331272,-0.010280115910151046,-0.7963285312993607,0.6042139511497915,0.0,0.001953125,-0.001953125,0.015170276165008545,-0.007223039865493774,-0.14284133911132812
653,571000000,imu1_frame,0.024486526640913685,-0.011409397269540694,-0.7963221713159462,0.604269174406296,0.0,0.00390625,0.0,-0.023142829537391663,-0.005888074636459351,-0.14394760131835938
653,591000000,imu1_frame,0.026181758831693276,-0.010237139891713418,-0.7963375075403171,0.6041988832791666,0.001953125,0.005859375,-0.001953125,0.01711300015449524,-0.007631242275238037,-0.14276504516601562
653,611000000,imu1_frame,0.024502782013258166,-0.011357633670265233,-0.796357793748355,0.6042225435775094,0.0,-0.001953125,-0.00390625,-0.022251009941101074,-0.005259811878204346,-0.14395523071289062
653,631000000,imu1_frame,0.026135446623703932,-0.010271962747844783,-0.7963508389303763,0.604182726123457,0.0,-0.00390625,0.001953125,0.01599094271659851,-0.0076208412647247314,-0.14279842376708984
653,651000000,imu1_frame,0.024495129451399318,-0.011376173698645546,-0.796358340152919,0.6042217849217499,0.001953125,0.001953125,-0.001953125,-0.022588655352592468,-0.005457818508148193,-0.14395427703857422
653,671000000,imu1_frame,0.026204862482094023,-0.010260539965678024,-0.7963493798275962,0.6041818366602145,0.00390625,0.00390625,0.001953125,0.01720583438873291,-0.008262068033218384,-0.1427316665649414
653,692000000,imu1_frame,0.02437620011191303,-0.011337953914686028,-0.7963611607142117,0.6042235955133215,-0.001953125,-0.001953125,-0.001953125,-0.023987561464309692,-0.0034598112106323242,-0.14408493041992188
653,711000000,imu1_frame,0.026054346678269464,-0.0103993821984481,-0.7963497341919018,0.6041855052229793,0.00390625,0.001953125,0.001953125,0.01322251558303833,-0.008647739887237549,-0.14282894134521484
653,731000000,imu1_frame,0.02429863064353874,-0.011296987878832696,-0.7963403430865477,0.6042549235103624,0.00390625,0.001953125,0.001953125,-0.024728015065193176,-0.0019162297248840332,-0.14417648315429688
653,751000000,imu1_frame,0.026119328612651687,-0.010341606101015022,-0.7963250077087599,0.6042162807751204,0.0,0.005859375,0.001953125,0.014897555112838745,-0.008526533842086792,-0.14278697967529297
653,771000000,imu1_frame,0.024362391733360775,-0.011265377305757824,-0.7963023195382387,0.6043030539730956,-0.001953125,0.001953125,0.00390625,-0.02339087426662445,-0.0021918118000030518,-0.14413070678710938
653,791000000,imu1_frame,0.026113358242163518,-0.010407726485669039,-0.7963013480639467,0.6042465844522887,0.00390625,-0.005859375,0.0,0.014005422592163086,-0.00949588418006897,-0.14276599884033203
653,811000000,imu1_frame,0.02420696632346349,-0.011159719745718468,-0.7962978933855077,0.6043170926148078,-0.00390625,-0.00390625,0.001953125,-0.024567216634750366,0.001283019781112671,-0.14432430267333984
653,831000000,imu1_frame,0.026060993609663973,-0.01039133619872157,-0.796301763396962,0.604248579936247,-0.00390625,0.001953125,-0.001953125,0.013383746147155762,-0.008623301982879639,-0.14282608032226562
653,851000000,imu1_frame,0.024329716854641997,-0.011260254744471163,-0.7962913000584629,0.6043189861257591,0.001953125,0.005859375,0.001953125,-0.023847654461860657,-0.0017313063144683838,-0.1441640853881836
653,871000000,imu1_frame,0.02608465010560586,-0.010382745703793354,-0.7963131806877167,0.6042326603912853,0.0,-0.00390625,-0.00390625,0.013862460851669312,-0.00876319408416748,-0.1428050994873047
653,891000000,imu1_frame,0.024292275308602538,-0.01123575915115312,-0.7963279857222321,0.6042726058925731,-0.001953125,0.001953125,-0.001953125,-0.024113520979881287,-0.0008936822414398193,-0.1442098617553711
653,911000000,imu1_frame,0.02610504962756647,-0.010356655236218919,-0.7963353138578928,0.6042030569097708,-0.001953125,0.001953125,-0.001953125,0.014505445957183838,-0.008587390184402466,-0.14279556274414062
653,931000000,imu1_frame,0.02432970350187491,-0.011314540790489045,-0.7963373927202112,0.604257233014043,0.001953125,-0.001953125,0.0,-0.024453595280647278,-0.0025568604469299316,-0.14413928985595703
653,951000000,imu1_frame,0.026139743364908683,-0.01036595828897959,-0.796323205975576,0.6042173552210729,0.00390625,0.00390625,0.001953125,0.01492658257484436,-0.009146898984909058,-0.14275646209716797
653,971000000,imu1_frame,0.024350082277381672,-0.01117929622222232,-0.7963266741262005,0.6042730549215019,-0.001953125,0.00390625,0.0,-0.02254749834537506,-0.0006975829601287842,-0.1441802978515625
653,991000000,imu1_frame,0.026172578408691485,-0.010388669239977916,-0.796333389686274,0.604202121944,0.001953125,-0.001953125,-0.001953125,0.015177726745605469,-0.00988239049911499,-0.1427135467529297
654,11000000,imu1_frame,0.024307008385763062,-0.011118879748957698,-0.7963528299197782,0.6042414336465378,-0.001953125,0.0,-0.001953125,-0.022485077381134033,0.0007610619068145752,-0.14424705505371094
654,31000000,imu1_frame,0.026172517998716865,-0.01039830664257095,-0.7963328250304188,0.6042027029893579,0.0,0.0,0.001953125,0.015062570571899414,-0.01003187894821167,-0.14270973205566406
654,51000000,imu1_frame,0.024346708206480716,-0.011135238634794906,-0.7963520246448287,0.6042405953791392,0.00390625,0.001953125,-0.001953125,-0.022060424089431763,3.7997961044311523e-05,-0.14420127868652344
654,71000000,imu1_frame,0.02615763888568427,-0.010354956955497794,-0.7963459011722511,0.6041868572557095,-0.00390625,-0.001953125,0.0,0.015352815389633179,-0.009175896644592285,-0.14274215698242188
654,91000000,imu1_frame,0.02435795700575338,-0.01118835212620738,-0.7963614032286546,0.6042268002620322,-0.001953125,0.001953125,-0.001953125,-0.02250520884990692,-0.0009171366691589355,-0.14416790008544922
654,111000000,imu1_frame,0.026181893508178282,-0.01032936026839802,-0.7963679612907005,0.6041571674642827,-0.001953125,0.001953125,-0.001953125,0.01604992151260376,-0.009053200483322144,-0.14272785186767578
654,131000000,imu1_frame,0.024342631769052724,-0.011221428592805833,-0.7963603750661464,0.6042281595915565,-0.00390625,-0.00390625,0.001953125,-0.023135215044021606,-0.0012514293193817139,-0.14416790008544922
654,151000000,imu1_frame,0.026120630508895987,-0.010356379104368874,-0.7963571172532589,0.6041736504298606,-0.001953125,-0.001953125,0.0,0.014768362045288086,-0.008756548166275024,-0.14277935028076172
654,171000000,imu1_frame,0.02431177995394152,-0.011262688565722625,-0.7963602434445478,0.604228807541219,-0.001953125,-0.001953125,0.0,-0.024102985858917236,-0.0015296638011932373,-0.1441793441772461
654,191000000,imu1_frame,0.0260745879190551,-0.01036864661331892,-0.7963579659559943,0.6041743101876236,-0.001953125,-0.001953125,0.0,0.013907015323638916,-0.00840422511100769,-0.1428213119506836
654,211000000,imu1_frame,0.024311018420282708,-0.011313503014808912,-0.7963592573538439,0.6042291885201645,0.0,0.0,0.0,-0.02471555769443512,-0.002311617136001587,-0.14415740966796875
654,231000000,imu1_frame,0.026072978366914124,-0.010369474432015753,-0.7963579693850593,0.6041743609223975,0.0,0.0,0.0,0.013872206211090088,-0.0083981454372406,-0.1428232192993164
654,251000000,imu1_frame,0.02430957712419393,-0.011314368775196067,-0.7963592547831083,0.6042292336858206,0.0,0.0,0.0,-0.02474828064441681,-0.0023080110549926758,-0.14415931701660156
654,271000000,imu1_frame,0.026071460274072367,-0.010370263042161237,-0.796357972429958,0.6041744088844379,0.0,0.0,0.0,0.013839244842529297,-0.008392512798309326,-0.1428241729736328
654,291000000,imu1_frame,0.024308219499715837,-0.011315166882565734,-0.7963592527881473,0.60422927598874,0.0,0.0,0.0,-0.024778813123703003,-0.0023044347763061523,-0.14415931701660156
654,311000000,imu1_frame,0.026070037149297755,-0.010371000072131209,-0.7963579753371792,0.6041744538106577,0.0,0.0,0.0,0.01380831003189087,-0.008387148380279541,-0.14282512664794922
654,331000000,imu1_frame,0.02430696800827605,-0.011315925062008849,-0.7963592503961779,0.6042293152890491,0.0,0.0,0.0,-0.024807244539260864,-0.002301514148712158,-0.14416122436523438
654,351000000,imu1_frame,0.02606871238392318,-0.010371678516008016,-0.796357978218029,0.6041744955291458,0.0,0.0,0.0,0.01377972960472107,-0.008382141590118408,-0.14282608032226562
654,371000000,imu1_frame,0.024305815774211436,-0.011316625123054406,-0.7963592481408797,0.6042293515014535,0.0,0.0,0.0,-0.024833574891090393,-0.002298712730407715,-0.14416122436523438
654,391000000,imu1_frame,0.026067495899995102,-0.010372309622880091,-0.7963579806747639,0.6041745339437959,0.0,0.0,0.0,0.013753414154052734,-0.008377701044082642,-0.14282703399658203
654,411000000,imu1_frame,0.024304750989445054,-0.01131724240769074,-0.7963592467862373,0.6042293845566298,0.0,0.0,0.0,-0.024857431650161743,-0.002295762300491333,-0.14416217803955078
654,431000000,imu1_frame,0.02602370230542116,-0.01038046294990731,-0.796371017808978,0.6041590973420466,-0.001953125,-0.00390625,-0.001953125,0.01298511028289795,-0.007982105016708374,-0.1428680419921875
654,451000000,imu1_frame,0.024289808284642254,-0.011377496468082225,-0.7963823575180662,0.604198393262992,0.0,0.0,-0.001953125,-0.025783777236938477,-0.003047734498977661,-0.1441497802734375
654,471000000,imu1_frame,0.026022594849816092,-0.01038133769410169,-0.7963945947774934,0.6041280508254482,0.0,0.0,-0.001953125,0.012975841760635376,-0.00797167420387268,-0.1428689956665039
654,491000000,imu1_frame,0.02428960475079446,-0.011380107835158002,-0.7964058786469398,0.6041673482598229,0.0,0.0,-0.001953125,-0.0257997065782547,-0.0030764341354370117,-0.1441488265991211
654,511000000,imu1_frame,0.025982263683900914,-0.010362950486870488,-0.7964191272967963,0.6040977610510373,-0.00390625,-0.001953125,-0.001953125,0.012583702802658081,-0.00719878077507019,-0.14291763305664062
654,531000000,imu1_frame,0.024412413155850854,-0.011471757632424294,-0.7964236222272808,0.6041372748135215,0.001953125,0.0078125,-0.001953125,-0.024955078959465027,-0.005943089723587036,-0.14399051666259766
654,551000000,imu1_frame,0.0261170855829027,-0.010282404136754257,-0.7964388117282398,0.6040673713905871,0.001953125,0.0078125,-0.001953125,0.015649884939193726,-0.007525324821472168,-0.14281272888183594
654,571000000,imu1_frame,0.024529793024964833,-0.011361717386597754,-0.7964445018931494,0.6041070733209079,0.001953125,0.0078125,-0.001953125,-0.02181151509284973,-0.005606412887573242,-0.14392757415771484
654,591000000,imu1_frame,0.026253841492695863,-0.010199915059745159,-0.7964584969281762,0.6040368864651899,0.001953125,0.0078125,-0.001953125,0.01876908540725708,-0.00784417986869812,-0.14270591735839844
654,611000000,imu1_frame,0.02465675638812509,-0.011263639334341066,-0.7964649441419317,0.6040767894451432,0.001953125,0.0078125,-0.001953125,-0.01866021752357483,-0.005568653345108032,-0.14384841918945312
654,631000000,imu1_frame,0.02639046944375412,-0.01011543575560443,-0.7964782124726452,0.604006356041385,0.001953125,0.0078125,-0.001953125,0.021909862756729126,-0.008130282163619995,-0.14259910583496094
654,651000000,imu1_frame,0.024786690445354642,-0.011173749618047879,-0.7964851285552597,0.6040465274186674,0.001953125,0.0078125,-0.001953125,-0.015559494495391846,-0.005693197250366211,-0.14376258850097656
654,671000000,imu1_frame,0.026523323246555004,-0.010029778712161593,-0.7964979922874544,0.6039758812609972,0.001953125,0.0078125,-0.001953125,0.025005817413330078,-0.008353382349014282,-0.14249515533447266
654,691000000,imu1_frame,0.02491923495042222,-0.011088161464091651,-0.7965051550900966,0.6040162434237453,0.001953125,0.0078125,-0.001953125,-0.012469053268432617,-0.005915284156799316,-0.14367103576660156
654,711000000,imu1_frame,0.026652937172545223,-0.00994032669635813,-0.7965178905676786,0.6039454121448905,0.001953125,0.0078125,-0.001953125,0.028096169233322144,-0.008478909730911255,-0.1423959732055664
654,731000000,imu1_frame,0.024665407469929373,-0.011104349338576933,-0.7965122865798109,0.6040169603806754,-0.013671875,-0.029296875,0.001953125,-0.01660880446434021,-0.003172367811203003,-0.14391040802001953
654,751000000,imu1_frame,0.026331157043373674,-0.010234305970099849,-0.7965127338457765,0.603961417618373,-0.00390625,-0.01171875,0.0,0.019609659910202026,-0.00926440954208374,-0.14261245727539062
654,771000000,imu1_frame,0.02445506803571769,-0.011221392064142712,-0.7965176610140602,0.6040162627779172,-0.00390625,-0.01171875,0.0,-0.021262899041175842,-0.0025119781494140625,-0.14406108856201172
654,791000000,imu1_frame,0.02611273832213021,-0.01034096921903003,-0.7965188346369678,0.6039610379167664,-0.00390625,-0.01171875,0.0,0.014953047037124634,-0.008347660303115845,-0.1427936553955078
654,811000000,imu1_frame,0.024294297741385765,-0.011351504490126983,-0.7965212384314165,0.6040156017610356,-0.001953125,-0.0078125,0.0,-0.025300368666648865,-0.00264015793800354,-0.14415740966796875
654,831000000,imu1_frame,0.026112757517536857,-0.010379685357459513,-0.7965069927921381,0.6039759899697462,0.00390625,0.005859375,0.001953125,0.014487147331237793,-0.00895586609840393,-0.1427774429321289
654,851000000,imu1_frame,0.02438030697194801,-0.01124460019360543,-0.7964970758179197,0.6040459980928132,0.00390625,0.005859375,0.001953125,-0.022717192769050598,-0.00200045108795166,-0.14412307739257812
654,871000000,imu1_frame,0.026235342486025662,-0.010336692236791347,-0.7964805833233999,0.6040062416788916,0.00390625,0.005859375,0.001953125,0.01688361167907715,-0.00974389910697937,-0.1426706314086914
654,891000000,imu1_frame,0.024387230485933886,-0.011160647525709111,-0.7964746285216544,0.6040768734667183,-0.001953125,-0.001953125,0.001953125,-0.021635591983795166,-0.0007849037647247314,-0.14415264129638672
654,911000000,imu1_frame,0.026270766185623816,-0.010360345017104682,-0.7964556664928197,0.6040371523396761,0.00390625,0.00390625,0.001953125,0.017136842012405396,-0.010541200637817383,-0.1426239013671875
654,931000000,imu1_frame,0.024462940449377964,-0.01109838491216303,-0.7964506271869627,0.6041066038791543,0.00390625,0.00390625,0.001953125,-0.019739627838134766,-0.0007184743881225586,-0.14410781860351562
654,951000000,imu1_frame,0.026360995999873363,-0.010336186021921882,-0.7964303994125234,0.6040669499650045,0.00390625,0.00390625,0.001953125,0.018807798624038696,-0.011240720748901367,-0.14254093170166016
654,971000000,imu1_frame,0.02454567399304061,-0.011046637962724405,-0.7964262729165434,0.6041363037313774,0.00390625,0.00390625,0.001953125,-0.017858684062957764,-0.0008988082408905029,-0.14405059814453125
654,991000000,imu1_frame,0.026454813680993863,-0.010307958072887667,-0.7964051713204069,0.6040965915543515,0.00390625,0.00390625,0.001953125,0.020582616329193115,-0.011919230222702026,-0.1424560546875
655,11000000,imu1_frame,0.02463063939300367,-0.011003948921255174,-0.796401664128252,0.6041660649895697,0.00390625,0.00390625,0.001953125,-0.016050010919570923,-0.0012467503547668457,-0.14398670196533203
655,31000000,imu1_frame,0.026546351055938402,-0.01027692080145513,-0.7963800376957698,0.6041262382185858,0.00390625,0.00390625,0.001953125,0.02235516905784607,-0.012527406215667725,-0.14237308502197266
655,51000000,imu1_frame,0.024722819965210686,-0.010965833693883837,-0.7963768435320235,0.6041957098079535,0.00390625,0.00390625,0.001953125,-0.014183223247528076,-0.0017509758472442627,-0.14391422271728516
655,71000000,imu1_frame,0.026635996212973027,-0.010241556202957084,-0.7963550289785477,0.6041558590735183,0.00390625,0.00390625,0.001953125,0.02414935827255249,-0.013045907020568848,-0.14229393005371094
655,91000000,imu1_frame,0.024810717704812305,-0.010934774398235305,-0.7963519035205432,0.6042255412964924,0.00390625,0.00390625,0.001953125,-0.012466579675674438,-0.002314656972885132,-0.14384174346923828
655,111000000,imu1_frame,0.026653309944782932,-0.010203563544342851,-0.7963675697967102,0.6041392075805588,0.0,-0.001953125,-0.00390625,0.024877309799194336,-0.012652665376663208,-0.14229106903076172
655,131000000,imu1_frame,0.024770025540146307,-0.010907336368878548,-0.7964001518976677,0.6041641117324403,-0.00390625,0.0,-0.00390625,-0.01273953914642334,-0.001387476921081543,-0.14389324188232422
655,151000000,imu1_frame,0.026637714274954982,-0.010220696511423542,-0.7964132298359388,0.60407941272925,-0.00390625,0.0,-0.00390625,0.024467945098876953,-0.012713223695755005,-0.14230060577392578
655,171000000,imu1_frame,0.02474831565007233,-0.010909741874000237,-0.7964462171033836,0.6041042307966707,-0.00390625,0.0,-0.00390625,-0.013070821762084961,-0.0011494457721710205,-0.14391422271728516
655,191000000,imu1_frame,0.02662806322128549,-0.010279324558082711,-0.7964590176887427,0.6040184722986509,0.0,-0.001953125,-0.00390625,0.02366146445274353,-0.013489395380020142,-0.1422872543334961
655,211000000,imu1_frame,0.024745902261609443,-0.0109002218930603,-0.7964818388235789,0.6040575352631166,0.0,0.001953125,-0.001953125,-0.012968838214874268,-0.0009576976299285889,-0.1439208984375
655,231000000,imu1_frame,0.026664143991868297,-0.010269423703815153,-0.7964811629395966,0.6039878470998901,0.0,0.001953125,-0.001953125,0.02435779571533203,-0.013749748468399048,-0.14225387573242188
655,251000000,imu1_frame,0.02478163711052212,-0.0108880445621635,-0.7965041031070059,0.6040269320828658,0.0,0.001953125,-0.001953125,-0.012251406908035278,-0.0011798739433288574,-0.1438913345336914
655,271000000,imu1_frame,0.026689006812215924,-0.01024453935593735,-0.7965035062411381,0.6039577061966637,-0.001953125,0.001953125,-0.001953125,0.02505636215209961,-0.013644605875015259,-0.14223766326904297
655,291000000,imu1_frame,0.02481301992849933,-0.010917417066845415,-0.7965377984506876,0.6039806782389219,0.001953125,0.0,-0.00390625,-0.012083351612091064,-0.001992642879486084,-0.14384841918945312
655,311000000,imu1_frame,0.02670015297474842,-0.010236579338161116,-0.7965513390066276,0.6038942611097802,0.001953125,0.0,-0.00390625,0.025361567735671997,-0.013628751039505005,-0.1422290802001953
655,331000000,imu1_frame,0.024827683538578525,-0.010918350788477154,-0.7965853900731579,0.603917289095256,0.001953125,0.0,-0.00390625,-0.011829376220703125,-0.002159684896469116,-0.14383316040039062
655,351000000,imu1_frame,0.0267105509310282,-0.01022807288128503,-0.7965991909486089,0.6038308223121089,0.001953125,0.0,-0.00390625,0.025661498308181763,-0.013595491647720337,-0.14222145080566406
655,371000000,imu1_frame,0.02484198873219954,-0.010919738867087404,-0.7966329706387495,0.603853910304624,0.001953125,0.0,-0.00390625,-0.011586427688598633,-0.0023295581340789795,-0.14381885528564453
655,391000000,imu1_frame,0.026720236504327706,-0.010219004608909376,-0.7966470618930562,0.6037673887211176,0.001953125,0.0,-0.00390625,0.025957047939300537,-0.013545006513595581,-0.14221572875976562
655,411000000,imu1_frame,0.02485596924343481,-0.010921553586458955,-0.7966805403576775,0.6037905407304974,0.001953125,0.0,-0.00390625,-0.011353522539138794,-0.002502143383026123,-0.14380455017089844
655,431000000,imu1_frame,0.02672928417507809,-0.01020933426277517,-0.7966949516725678,0.6037039579469757,0.001953125,0.0,-0.00390625,0.026249825954437256,-0.013477712869644165,-0.1422100067138672
655,451000000,imu1_frame,0.02486970038073007,-0.010923730930280925,-0.7967280997865979,0.6037271777185224,0.001953125,0.0,-0.00390625,-0.011128664016723633,-0.00267753005027771,-0.14379024505615234
655,471000000,imu1_frame,0.026737784858011728,-0.010199016994453271,-0.7967428599887617,0.6036405271104333,0.001953125,0.0,-0.00390625,0.026541590690612793,-0.013393700122833252,-0.14220523834228516
655,491000000,imu1_frame,0.024883289873348428,-0.010926235519849052,-0.7967756483321982,0.6036638182691167,0.001953125,0.0,-0.00390625,-0.010910004377365112,-0.002856135368347168,-0.14377593994140625
655,511000000,imu1_frame,0.026745824939139837,-0.010187998745216548,-0.7967907868247974,0.6035770933037576,0.001953125,0.0,-0.00390625,0.02683451771736145,-0.01329338550567627,-0.14220046997070312
655,531000000,imu1_frame,0.02489683644878514,-0.01092899435826179,-0.7968231864477975,0.6036004590425178,0.001953125,0.0,-0.00390625,-0.01069486141204834,-0.0030382871627807617,-0.14376163482666016
655,551000000,imu1_frame,0.02675347775533815,-0.010176216280015278,-0.7968387325595605,0.6035136538166224,0.001953125,0.0,-0.00390625,0.027130335569381714,-0.01317647099494934,-0.1421976089477539
655,571000000,imu1_frame,0.02491044223026877,-0.010931970029997991,-0.7968707136530673,0.6035370971375388,0.001953125,0.0,-0.00390625,-0.010481417179107666,-0.0032244622707366943,-0.14374732971191406
655,591000000,imu1_frame,0.02676079291290739,-0.010163605181174989,-0.7968866979497314,0.6034502064985702,0.001953125,0.0,-0.00390625,0.027430832386016846,-0.013042718172073364,-0.1421947479248047
655,611000000,imu1_frame,0.02492418732682558,-0.010935114157253581,-0.7969182300421741,0.603473729992378,0.001953125,0.0,-0.00390625,-0.010267704725265503,-0.0034149587154388428,-0.14373207092285156
655,631000000,imu1_frame,0.026767793475403433,-0.010150106468931004,-0.7969346840193996,0.6033867499191767,0.001953125,0.0,-0.00390625,0.027736783027648926,-0.012891381978988647,-0.14219284057617188
655,651000000,imu1_frame,0.02493813159727475,-0.010938394539396101,-0.7969657355792166,0.6034103557530445,0.001953125,0.0,-0.00390625,-0.010052502155303955,-0.0036096572875976562,-0.14371776580810547
655,671000000,imu1_frame,0.026774477313879958,-0.01013569397716468,-0.7969826914067413,0.6033232837129997,0.001953125,0.0,-0.00390625,0.028048545122146606,-0.012721896171569824,-0.14219188690185547
655,694000000,imu1_frame,0.024678939831816873,-0.011062701277832427,-0.7970175389432067,0.6033503204491806,0.001953125,0.0,-0.00390625,-0.015518397092819214,-0.002471446990966797,-0.14391517639160156
655,711000000,imu1_frame,0.026237173109656963,-0.01037095609754621,-0.7970328027785667,0.6032766905092383,0.001953125,0.0,-0.00390625,0.016938745975494385,-0.010036855936050415,-0.1426534652709961
655,731000000,imu1_frame,0.024251572997326887,-0.010314763474470504,-0.7970856005543487,0.6032909847250614,0.001953125,0.0,-0.00390625,0.025751113891601562,-0.024826765060424805,-0.1446361541748047
655,751000000,imu1_frame,0.022267736139605594,-0.0102408507921195,-0.7971356008726098,0.6033026659345487,0.001953125,0.0,-0.00390625,-0.004267469048500061,-0.0002955794334411621,-0.1464700698852539
655,771000000,imu1_frame,0.02427894207958738,-0.010292093062151775,-0.7971334123102525,0.6032270955208404,0.001953125,0.0,-0.00390625,0.026480168104171753,-0.024775058031082153,-0.14461994171142578
655,791000000,imu1_frame,0.022294346171482973,-0.010252244578559144,-0.7971827161985168,0.603239231652122,0.001953125,0.0,-0.00390625,-0.0039539337158203125,-0.000768810510635376,-0.14644241333007812
655,811000000,imu1_frame,0.024303809184879746,-0.010265392792507346,-0.7971813399610982,0.6031632099090165,0.001953125,0.0,-0.00390625,0.02721807360649109,-0.0246315598487854,-0.1446065902709961
655,831000000,imu1_frame,0.022318836834388945,-0.010263585560014037,-0.7972298522435562,0.6031758375677276,0.001953125,0.0,-0.00390625,-0.0036728233098983765,-0.0012159645557403564,-0.14641666412353516
655,851000000,imu1_frame,0.02433127623575948,-0.010234440178829934,-0.7972293208238093,0.6030992084638919,0.001953125,0.0,-0.00390625,0.02804666757583618,-0.024452269077301025,-0.14459228515625
655,871000000,imu1_frame,0.022346566982256844,-0.010274835067054414,-0.7972769476708758,0.6031123671597725,0.001953125,0.0,-0.00390625,-0.0033399760723114014,-0.0017000436782836914,-0.14638805389404297
655,891000000,imu1_frame,0.02435561790265652,-0.01019824797711127,-0.7972774519017616,0.6030352098375444,0.001953125,0.0,-0.00390625,0.02888837456703186,-0.024154365062713623,-0.14458465576171875
655,911000000,imu1_frame,0.022372044907661464,-0.01028602958097855,-0.7973240655394602,0.6030489397335307,0.001953125,0.0,-0.00390625,-0.003041505813598633,-0.0021566450595855713,-0.1463613510131836
655,931000000,imu1_frame,0.024376406770149416,-0.010156500454068495,-0.7973257454580353,0.6029712198117678,0.001953125,0.0,-0.00390625,0.02974015474319458,-0.023727864027023315,-0.14458084106445312
655,951000000,imu1_frame,0.022395277684872653,-0.010297209556465417,-0.7973712050104838,0.6029855557415094,0.001953125,0.0,-0.00390625,-0.0027778595685958862,-0.002586454153060913,-0.14633655548095703
655,971000000,imu1_frame,0.02439520736982452,-0.010108770267204956,-0.7973741896411805,0.6029071971001334,0.001953125,0.0,-0.00390625,0.03063151240348816,-0.023184657096862793,-0.14458179473876953
655,991000000,imu1_frame,0.02241832420960724,-0.010308238955967306,-0.7974183451372734,0.602922168930445,0.001953125,0.0,-0.00390625,-0.0025151818990707397,-0.0030117034912109375,-0.14631175994873047
656,11000000,imu1_frame,0.02441244958271059,-0.010054205939665984,-0.7974227966870854,0.6028431210290468,0.001953125,0.0,-0.00390625,0.031579017639160156,-0.022516250610351562,-0.14458751678466797
656,31000000,imu1_frame,0.022442232025705017,-0.010318954399026758,-0.7974654772816393,0.6028587545568053,0.001953125,0.0,-0.00390625,-0.0022353827953338623,-0.003442138433456421,-0.1462860107421875
656,51000000,imu1_frame,0.024423769958432155,-0.009992208054387738,-0.7974716368304197,0.6027790836535611,0.001953125,0.0,-0.00390625,0.03252193331718445,-0.021662414073944092,-0.14460086822509766
656,71000000,imu1_frame,0.02397486402651015,-0.011952160662013296,-0.7974554100822578,0.602782896805274,0.001953125,0.0,-0.00390625,0.0024224966764450073,-0.007861077785491943,-0.14027881622314453
656,91000000,imu1_frame,0.025554051467454417,-0.010721044319724366,-0.797488334377037,0.6026976075901017,0.001953125,0.0,-0.00390625,0.002516418695449829,-0.007241666316986084,-0.1432018280029297
656,111000000,imu1_frame,0.026793740557903827,-0.009157407678175796,-0.7975308076383597,0.602613348855829,0.001953125,0.0,-0.00390625,0.04030013084411621,0.002564847469329834,-0.14254093170166016
656,131000000,imu1_frame,0.025563672740193444,-0.010737994737401016,-0.7975355205202249,0.602634456045774,0.001953125,0.0,-0.00390625,0.002503633499145508,-0.007597744464874268,-0.14318466186523438
656,151000000,imu1_frame,0.026457954267960396,-0.008955762790133107,-0.7975880775363695,0.6025554161574183,0.001953125,0.0,-0.00390625,0.037480443716049194,0.009683698415756226,-0.1429615020751953
656,171000000,imu1_frame,0.02557286958509407,-0.01075680046637789,-0.7975826614871121,0.602571338249709,0.001953125,0.0,-0.00390625,0.00246235728263855,-0.007977664470672607,-0.14316749572753906
656,191000000,imu1_frame,0.02615235777560075,-0.008854627881603547,-0.7976425247202722,0.6024981763505389,0.001953125,0.0,-0.00390625,0.03394502401351929,0.014879494905471802,-0.143310546875
656,211000000,imu1_frame,0.02558085095467968,-0.010781674166527757,-0.7976296664632614,0.6025083325102711,0.001953125,0.0,-0.00390625,0.0023305118083953857,-0.008437752723693848,-0.14314937591552734
656,231000000,imu1_frame,0.02591347197331203,-0.008822801723472742,-0.7976943771109701,0.6024403131145677,0.001953125,0.0,-0.00390625,0.030631452798843384,0.018209517002105713,-0.14356517791748047
656,251000000,imu1_frame,0.025589435982310057,-0.01080988216581472,-0.79767657541549,0.6024453570632647,0.001953125,0.0,-0.00390625,0.0021689534187316895,-0.008957087993621826,-0.1431283950805664
656,271000000,imu1_frame,0.025734451046146023,-0.008828203313544362,-0.7977444966171849,0.6023815393690302,0.001953125,0.0,-0.00390625,0.027811706066131592,0.020254462957382202,-0.14374351501464844
656,291000000,imu1_frame,0.027486632664015038,-0.009822125849158807,-0.7977176465487772,0.6023243040532874,0.001953125,0.0,-0.00390625,0.008271396160125732,-0.015839755535125732,-0.13765239715576172
656,311000000,imu1_frame,0.02567335952073548,-0.0106552638175562,-0.7977486610988255,0.6023490829070205,0.001953125,0.0,-0.00390625,0.005354702472686768,-0.007501542568206787,-0.14310932159423828
656,331000000,imu1_frame,0.023726208009442112,-0.011052205714504628,-0.7977888123880333,0.6023685969826351,0.001953125,0.0,-0.00390625,-0.029667869210243225,0.009217053651809692,-0.1448211669921875
656,351000000,imu1_frame,0.025695529934194883,-0.010668160955603384,-0.7977957024320987,0.6022856027368579,0.001953125,0.0,-0.00390625,0.005585134029388428,-0.007941097021102905,-0.1430816650390625
656,371000000,imu1_frame,0.025924886324242197,-0.012670305314272722,-0.7977666269861808,0.6022754955163045,0.001953125,0.0,-0.00390625,-0.014421403408050537,-0.04185199737548828,-0.1809988021850586
656,391000000,imu1_frame,0.025708892025526855,-0.010699488562572084,-0.7978424265117167,0.6022225803415342,0.001953125,0.0,-0.00390625,0.005461633205413818,-0.008565545082092285,-0.18211746215820312
656,411000000,imu1_frame,0.024816653095534137,-0.012494931742665387,-0.7978340649260461,0.6022365110597858,0.001953125,0.0,-0.00390625,-0.029596298933029175,-0.02606794238090515,-0.18218517303466797
656,431000000,imu1_frame,0.025718885695152443,-0.010718418205803125,-0.797889483816493,0.6021594689488953,0.001953125,0.0,-0.00390625,0.005431413650512695,-0.008956342935562134,-0.1820993423461914
656,451000000,imu1_frame,0.023839774138775145,-0.010086154706584128,-0.7979534145294198,0.602163003590462,0.001953125,0.0,-0.00390625,-0.016404777765274048,0.023008286952972412,-0.14511489868164062
656,471000000,imu1_frame,0.02582412361648443,-0.009784890629989341,-0.7979566528341407,0.6020818472205703,0.001953125,0.0,-0.00390625,-0.017046809196472168,0.0043912529945373535,-0.13939952850341797
656,491000000,imu1_frame,0.027804065319694024,-0.009458959129805334,-0.7979573480872459,0.6019979507252897,0.001953125,0.0,-0.00390625,0.01768764853477478,-0.013781368732452393,-0.13744640350341797
656,511000000,imu1_frame,0.025842535637193798,-0.00977460572323263,-0.7980043622043598,0.6020179883837431,0.001953125,0.0,-0.00390625,-0.01660194993019104,0.004357665777206421,-0.13938426971435547
656,531000000,imu1_frame,0.02782513442477562,-0.009463211665016093,-0.7980046313032375,0.601934230574911,0.001953125,0.0,-0.00390625,0.018003761768341064,-0.01406964659690857,-0.1374216079711914
656,551000000,imu1_frame,0.026083385994135067,-0.010434710951902933,-0.7980320752807736,0.6019597832127099,0.001953125,0.0,-0.00390625,0.014569222927093506,-0.008749306201934814,-0.14278507232666016
656,571000000,imu1_frame,0.024199236773048412,-0.011077665974812977,-0.7980662761649288,0.6019816451557273,0.001953125,0.0,-0.00390625,-0.02237604558467865,0.003373384475708008,-0.10139846801757812
656,591000000,imu1_frame,0.026134883122530244,-0.01054749777152859,-0.7980763860497908,0.6018968351841005,0.001953125,0.0,-0.00390625,0.014080822467803955,-0.011091232299804688,-0.1426868438720703
656,611000000,imu1_frame,0.02762143119021139,-0.0092092347469833,-0.7981093746048731,0.6018086678523314,0.001953125,0.0,-0.00390625,0.017893821001052856,-0.007662385702133179,-0.17679786682128906
656,631000000,imu1_frame,0.02612206461098325,-0.01053121036548858,-0.798124702616507,0.6018336069230511,0.001953125,0.0,-0.00390625,-0.02104586362838745,-0.010664314031600952,-0.17786312103271484
656,651000000,imu1_frame,0.027521656036293127,-0.009105747899225145,-0.7981610294919667,0.6017463043547003,0.001953125,0.0,-0.00390625,0.017593443393707275,-0.0048497021198272705,-0.1378793716430664
656,671000000,imu1_frame,0.026107260979308964,-0.010523210105140793,-0.7981728370357504,0.601770550286023,0.001953125,0.0,-0.00390625,-0.02114519476890564,-0.010343074798583984,-0.13881874084472656
656,691000000,imu1_frame,0.027631315883171775,-0.009227098059720764,-0.7982042120390632,0.6016821477549912,0.001953125,0.0,-0.00390625,0.0179118812084198,-0.008006066083908081,-0.17678070068359375
656,711000000,imu1_frame,0.028172503347029445,-0.011169318922846524,-0.7981708843038697,0.6016683437073451,0.001953125,0.0,-0.00390625,0.003497689962387085,-0.009503602981567383,-0.1363534927368164
656,731000000,imu1_frame,0.027075342433908214,-0.00952062654682565,-0.7982531664269233,0.6016379025557093,0.001953125,0.0,-0.00390625,0.005819410085678101,-0.006033033132553101,-0.17726802825927734
656,751000000,imu1_frame,0.02603904309759223,-0.01123714745122305,-0.7982508518902559,0.601657105175533,0.001953125,0.0,-0.00390625,-0.030542850494384766,-0.020638883113861084,-0.13858413696289062
656,771000000,imu1_frame,0.02804263674503007,-0.01106855360703988,-0.7982490792907028,0.6015725268469126,0.001953125,0.0,-0.00390625,0.002720087766647339,-0.006368458271026611,-0.13653945922851562
656,791000000,imu1_frame,0.026081685915299597,-0.010781352585453699,-0.7983096150100356,0.6015856270546801,0.001953125,0.0,-0.00390625,0.010684281587600708,-0.014004409313201904,-0.14264297485351562
656,811000000,imu1_frame,0.027448171484017316,-0.009326095103110324,-0.798347618629054,0.6014987129343091,0.001953125,0.0,-0.00390625,0.01400044560432434,-0.0073244571685791016,-0.1769418716430664
656,831000000,imu1_frame,0.028193490879625745,-0.011201593673691322,-0.7983127207661599,0.6014785542595193,0.001953125,0.0,-0.00390625,0.003565281629562378,-0.010180473327636719,-0.13631629943847656
656,851000000,imu1_frame,0.027398318587248904,-0.00938826195057303,-0.7983945579337299,0.601437712932888,0.001953125,0.0,-0.00390625,0.012528091669082642,0.027471572160720825,-0.1379108428955078
656,871000000,imu1_frame,0.02566878087491841,-0.010383896349352386,-0.7984210252298437,0.6014625132590781,0.001953125,0.0,-0.00390625,-0.026160508394241333,-0.0029076337814331055,-0.13931941986083984
656,891000000,imu1_frame,0.02746194825711341,-0.009492172491911676,-0.7984388356050386,0.6013743974072872,0.001953125,0.0,-0.00390625,0.012334734201431274,-0.010028272867202759,-0.1768665313720703
656,911000000,imu1_frame,0.028345613106780694,-0.011307464845439923,-0.7984029388732055,0.6013496608920623,0.001953125,0.0,-0.00390625,0.004772782325744629,-0.013569474220275879,-0.17516422271728516
656,931000000,imu1_frame,0.026879255136898757,-0.00997737194566178,-0.7984831623126616,0.6013340146669863,0.001953125,0.0,-0.00390625,-0.0024316012859344482,0.024417191743850708,-0.10308170318603516
656,951000000,imu1_frame,0.02843263017991424,-0.011265015299340351,-0.7984502293433485,0.6012835572613905,0.001953125,0.0,-0.00390625,0.006670594215393066,-0.013903498649597168,-0.17508602142333984
656,971000000,imu1_frame,0.029802903154310962,-0.009813324046819767,-0.7984885360866627,0.6011917692158679,0.001953125,0.0,-0.00390625,0.006096869707107544,-0.007305800914764404,-0.13896846771240234
656,991000000,imu1_frame,0.028072180034240564,-0.010799847177814055,-0.7985164092460963,0.6012211408240581,0.001953125,0.0,-0.00390625,-0.03250041604042053,-0.0023872554302215576,-0.14052867889404297
657,11000000,imu1_frame,0.029819875933413023,-0.009825398059350655,-0.7985356605607421,0.6011281355627188,0.001953125,0.0,-0.00390625,0.006259530782699585,-0.007665514945983887,-0.13894367218017578
657,31000000,imu1_frame,0.028275673045741485,-0.011096641737444204,-0.7985528255343015,0.6011578292654473,0.001953125,0.0,-0.00390625,0.006284147500991821,-0.0093841552734375,-0.17533302307128906
657,51000000,imu1_frame,0.02981149077965369,-0.009818399015997065,-0.7985836891888621,0.6010648595782022,0.001953125,0.0,-0.00390625,0.006251007318496704,-0.007430136203765869,-0.13895606994628906
657,71000000,imu1_frame,0.028008224713672276,-0.010668401449755668,-0.7986163827188465,0.6010936680850667,0.001953125,0.0,-0.00390625,-0.031872570514678955,0.0004649162292480469,-0.1406545639038086
657,91000000,imu1_frame,0.02978312584123255,-0.009736750403373488,-0.7986339049011902,0.6010008710883739,0.001953125,0.0,-0.00390625,0.006808966398239136,-0.005794644355773926,-0.09605216979980469
657,111000000,imu1_frame,0.031432231252016524,-0.008606543409712824,-0.7986556199225969,0.6009052695850726,0.001953125,0.0,-0.00390625,0.006797581911087036,-0.007469296455383301,-0.1374530792236328
657,131000000,imu1_frame,0.029835089543020523,-0.009809751603153942,-0.7986787774512409,0.6009374731654166,0.001953125,0.0,-0.00390625,0.006801217794418335,-0.0075168609619140625,-0.1389322280883789
657,151000000,imu1_frame,0.02804816891054281,-0.010688634591941084,-0.7987104783983429,0.6009664092177,0.001953125,0.0,-0.00390625,-0.03140851855278015,-0.0002701282501220703,-0.14060115814208984
657,171000000,imu1_frame,0.02842876295933333,-0.012667050238220826,-0.7986763131556437,0.6009554876020125,0.001953125,0.0,-0.00390625,-0.009661465883255005,-0.035614013671875,-0.13537216186523438
657,191000000,imu1_frame,0.027389035339062593,-0.0109845212810644,-0.7987600746307126,0.6009255562974168,0.001953125,0.0,-0.00390625,-0.006077408790588379,-0.03229165077209473,0.0931844711303711
657,211000000,imu1_frame,0.029371742520822103,-0.011334605970680017,-0.7987431047433851,0.600847967520635,0.001953125,0.0,-0.00390625,-0.018288016319274902,0.013220250606536865,-0.3224315643310547
657,231000000,imu1_frame,0.02969962826656811,-0.009375233424017646,-0.7988122671412826,0.6007736669858934,0.001953125,0.0,-0.00390625,0.009897887706756592,0.0009288787841796875,-0.0962839126586914
657,251000000,imu1_frame,0.030543895928654252,-0.011205786701340759,-0.7987728040735433,0.6007524517123441,0.001953125,0.0,-0.00390625,0.0015645921230316162,-0.037547171115875244,-0.20392894744873047
657,271000000,imu1_frame,0.02944619039054751,-0.009559542839536066,-0.7988594976237657,0.6007204342025395,0.001953125,0.0,-0.00390625,0.003813415765762329,0.0010488629341125488,-0.09650897979736328
657,291000000,imu1_frame,0.029527185557467216,-0.011571385906781327,-0.7988292944417321,0.6007212387480368,0.001953125,0.0,-0.00390625,0.02049902081489563,0.007751166820526123,-0.20886516571044922
657,311000000,imu1_frame,0.027658908972906675,-0.010918961804311738,-0.7989002953375818,0.6007279576789055,0.001953125,0.0,-0.00390625,-0.0009755492210388184,0.0007949471473693848,-0.10186576843261719
657,331000000,imu1_frame,0.029552624104992695,-0.011599476803426257,-0.7988757735067594,0.6006576338067908,0.001953125,0.0,-0.00390625,0.02060753107070923,-0.03202223777770996,-0.17366790771484375
657,351000000,imu1_frame,0.02978447028908872,-0.009624561104945683,-0.7989475685751705,0.6005855774333573,0.001953125,0.0,-0.00390625,0.008408874273300171,-0.003876626491546631,-0.13906097412109375
657,371000000,imu1_frame,0.02828751909175058,-0.010953021743682267,-0.798962811458833,0.6006149128052962,0.001953125,0.0,-0.00390625,0.008499592542648315,-0.007068932056427002,-0.1363201141357422
657,391000000,imu1_frame,0.029903144819748206,-0.009770078363741606,-0.7989895875921934,0.600521428774954,0.001953125,0.0,-0.00390625,0.008590489625930786,-0.007512569427490234,-0.1388683319091797
657,411000000,imu1_frame,0.028206147521973313,-0.010818618834618812,-0.799015433751131,0.6005511696399998,0.001953125,0.0,-0.00390625,-0.03021317720413208,-0.003990769386291504,-0.14037322998046875
657,431000000,imu1_frame,0.029919992314468152,-0.009780420054559221,-0.7990367067978557,0.6004577242679924,0.001953125,0.0,-0.00390625,0.008771955966949463,-0.007843613624572754,-0.13884353637695312
657,451000000,imu1_frame,0.028309264395805184,-0.010964638109346149,-0.7990574824196968,0.6004877201488765,0.001953125,0.0,-0.00390625,0.008782535791397095,-0.007455706596374512,-0.13629150390625
657,471000000,imu1_frame,0.029911924141389455,-0.00976438294495092,-0.7990849083466459,0.6003942395397351,0.001953125,0.0,-0.00390625,0.00887441635131836,-0.007470428943634033,-0.13885974884033203
657,491000000,imu1_frame,0.028311244470097172,-0.01096237675252961,-0.7991051756645805,0.6004241983452779,0.001953125,0.0,-0.00390625,0.008880078792572021,-0.0074187517166137695,-0.1362895965576172
657,511000000,imu1_frame,0.026625170582259217,-0.012030923463609667,-0.7991269148944756,0.6004519390120379,0.001953125,0.0,-0.00390625,-0.029993146657943726,-0.004340410232543945,-0.1376199722290039
657,531000000,imu1_frame,0.028121052537911872,-0.010954392729613691,-0.7992286466483177,0.6002689214516971,-0.01171875,-0.015625,-0.015625,0.006103813648223877,-0.00500255823135376,-0.1365032196044922
657,551000000,imu1_frame,0.026600249193032676,-0.00945432394265476,-0.7993857892734463,0.6001544821204998,-0.01171875,-0.015625,-0.015625,4.908442497253418e-05,0.0011506974697113037,-0.10357189178466797
657,571000000,imu1_frame,0.027758544941310886,-0.010922956983046326,-0.7994276474818919,0.6000213234836373,-0.01171875,-0.015625,-0.015625,0.0009700357913970947,-0.0001659393310546875,-0.13691234588623047
657,591000000,imu1_frame,0.029364363636130358,-0.011787981142425293,-0.7994754149384115,0.5998648502436911,-0.01171875,-0.015625,-0.015625,0.01598125696182251,-0.032438576221466064,-0.173797607421875
657,611000000,imu1_frame,0.027426483353118418,-0.010813057510415024,-0.7996281408941794,0.5997713748490133,-0.01171875,-0.015625,-0.015625,-0.0027692317962646484,0.005537092685699463,-0.17638015747070312
657,631000000,imu1_frame,0.02906103049369665,-0.011611505163604688,-0.7996776380894166,0.5996134626525761,-0.01171875,-0.015625,-0.015625,0.013482213020324707,-0.026027023792266846,-0.135162353515625
657,651000000,imu1_frame,0.027444998982332238,-0.01020366408220771,-0.7998360851796545,0.5995038733107916,-0.01171875,-0.015625,-0.015625,0.004829525947570801,-0.020209074020385742,-0.17660999298095703
657,671000000,imu1_frame,0.026161678600515333,-0.00852507999246681,-0.7999919633046096,0.5993794693113548,-0.01171875,-0.015625,-0.015625,0.004536479711532593,0.02111116051673889,-0.17856979370117188
657,695000000,imu1_frame,0.027397966002465482,-0.010414878617025032,-0.8000424635386697,0.5992269505765715,-0.01171875,-0.015625,-0.015625,0.001785576343536377,0.012302935123443604,-0.1765756607055664
657,711000000,imu1_frame,0.026495825520024018,-0.008997875365690598,-0.8001673729301195,0.5991236806929157,-0.01171875,-0.015625,-0.015625,0.004358202219009399,0.009904533624649048,-0.13900089263916016
657,731000000,imu1_frame,0.027501551169410308,-0.010591893803779943,-0.8002088534387443,0.5989968842549817,-0.01171875,-0.015625,-0.015625,0.0014691650867462158,-0.026745647192001343,-0.1373291015625
657,751000000,imu1_frame,0.026347756568515786,-0.008832494864924994,-0.800365078844969,0.5988685359273385,-0.01171875,-0.015625,-0.015625,0.0041249096393585205,0.01432257890701294,-0.13921165466308594
657,771000000,imu1_frame,0.02735774636248691,-0.01042351642775084,-0.8004068531791444,0.598741825333011,-0.01171875,-0.015625,-0.015625,0.0013490915298461914,0.01282411813735962,-0.13755321502685547
657,791000000,imu1_frame,0.02858552057675805,-0.011824564723798432,-0.8004474415726346,0.598604160495291,-0.01171875,-0.015625,-0.015625,0.0042154788970947266,-0.023398101329803467,-0.13560009002685547
657,811000000,imu1_frame,0.027199010169284096,-0.010217426989798136,-0.8006065150657787,0.5984856105753491,-0.01171875,-0.015625,-0.015625,0.001435309648513794,-0.01715412735939026,-0.13780498504638672
657,831000000,imu1_frame,0.02627836203814382,-0.008349405634814715,-0.8007607396029847,0.5983493737145703,-0.01171875,-0.015625,-0.015625,0.008982300758361816,0.022894948720932007,-0.13944530487060547
657,851000000,imu1_frame,0.027019744265863708,-0.010110185573752983,-0.8008032314883818,0.5982323144107452,-0.01171875,-0.015625,-0.015625,3.8057565689086914e-05,-0.013283222913742065,-0.13803768157958984
657,871000000,imu1_frame,0.028243212604191933,-0.011512455852453592,-0.8008444361096141,0.5980952879385641,-0.01171875,-0.015625,-0.015625,0.002845287322998047,-0.014317810535430908,-0.1361236572265625
657,891000000,imu1_frame,0.027190748106702793,-0.00970463430842033,-0.8010025404505279,0.5979643914834212,-0.01171875,-0.015625,-0.015625,0.007614433765411377,0.02632567286491394,-0.1380138397216797
657,911000000,imu1_frame,0.0282399993532731,-0.011403573688193905,-0.8009544060313634,0.5979502491032266,0.0,0.001953125,-0.001953125,0.004160940647125244,-0.012520134449005127,-0.13617610931396484
657,931000000,imu1_frame,0.027102231056292052,-0.009759253682709463,-0.8010246803495398,0.5979378625829324,0.0,0.001953125,-0.001953125,0.005606740713119507,0.02651500701904297,-0.13808631896972656
657,951000000,imu1_frame,0.028252263491161164,-0.011392972536234404,-0.800976635334188,0.59792009452195,0.0,0.001953125,-0.001953125,0.004495859146118164,-0.012485921382904053,-0.13616657257080078
657,971000000,imu1_frame,0.027017255596378353,-0.009821984523619029,-0.8010465576254527,0.5979113722254077,0.0,0.001953125,-0.001953125,0.0035597681999206543,0.02653568983078003,-0.1381521224975586
657,991000000,imu1_frame,0.02651384091059906,-0.007877508967520385,-0.8011107395087175,0.5978766964319897,0.0,0.001953125,-0.001953125,0.018441736698150635,0.027718275785446167,-0.13935184478759766
658,11000000,imu1_frame,0.02738644165944395,-0.009673537158554344,-0.8010660186898477,0.5978709218489159,0.0,0.001953125,-0.001953125,0.011093199253082275,0.024563729763031006,-0.1378164291381836
658,31000000,imu1_frame,0.028235953730541528,-0.011477082553135887,-0.8010182486526555,0.597863506846193,0.0,0.001953125,-0.001953125,0.0032930970191955566,-0.013590216636657715,-0.13614749908447266
658,51000000,imu1_frame,0.02972384180317151,-0.010108617711315571,-0.8010399146925887,0.5977870558532667,0.0,0.001953125,-0.001953125,0.003547847270965576,-0.00951164960861206,-0.1780071258544922
658,71000000,imu1_frame,0.02776162964121947,-0.009813055081653364,-0.8010919452953834,0.5978166031923894,0.0,0.001953125,-0.001953125,0.015362411737442017,-0.017137855291366577,-0.137359619140625
658,91000000,imu1_frame,0.028357744817785503,-0.011713626011774112,-0.8010451550396431,0.5978171031862669,0.0,0.001953125,-0.001953125,0.002461344003677368,-0.01869785785675049,-0.17496776580810547
658,111000000,imu1_frame,0.02744206060268493,-0.009934592589752777,-0.8011158969790844,0.597797253914194,0.0,0.001953125,-0.001953125,0.008954614400863647,0.019855350255966187,-0.13765621185302734
658,131000000,imu1_frame,0.029455743591760224,-0.009953951997156922,-0.801092554478742,0.5977323792198468,0.0,0.001953125,-0.001953125,0.0011980831623077393,-0.003935754299163818,-0.13931655883789062
658,151000000,imu1_frame,0.031465023602895756,-0.01007593972838463,-0.8010633762830368,0.5976670435169409,0.0,0.001953125,-0.001953125,0.031231164932250977,-0.029276371002197266,-0.13687610626220703
658,171000000,imu1_frame,0.029487973712470122,-0.009918918258148383,-0.8011150241520647,0.5977012569375756,0.0,0.001953125,-0.001953125,0.041194021701812744,-0.03890705108642578,-0.17444896697998047
658,191000000,imu1_frame,0.028012806898787584,-0.011237008284983358,-0.8011169099981909,0.5977463582569159,0.0,0.001953125,-0.001953125,0.0026848316192626953,-0.007181406021118164,-0.13649940490722656
658,211000000,imu1_frame,0.029632861881046715,-0.010028163880644073,-0.8011319851916081,0.5976695338804503,0.0,0.001953125,-0.001953125,0.003139674663543701,-0.007138609886169434,-0.1390819549560547
658,231000000,imu1_frame,0.03125959152049056,-0.008831904483716724,-0.8011433380356332,0.5975903172929475,0.0,0.001953125,-0.001953125,0.0426102876663208,-0.007363677024841309,-0.1375865936279297
658,251000000,imu1_frame,0.029666393719258922,-0.010003309691621418,-0.8011541483975195,0.5976385775569988,0.0,0.001953125,-0.001953125,0.003974407911300659,-0.007128000259399414,-0.1390533447265625
658,271000000,imu1_frame,0.0313116634050815,-0.008833496296561853,-0.8011644198064612,0.5975593037633687,0.0,0.001953125,-0.001953125,0.04342550039291382,-0.007981657981872559,-0.13752269744873047
658,291000000,imu1_frame,0.029640968318355956,-0.009998506668930332,-0.8011782094821107,0.5976076635323384,-0.001953125,-0.00390625,-0.001953125,0.0036522746086120605,-0.0067424774169921875,-0.1390848159790039
658,311000000,imu1_frame,0.02800419113088774,-0.011210239415942973,-0.8011869106506736,0.5976534363771129,-0.001953125,-0.00390625,-0.001953125,0.0029214322566986084,-0.006626129150390625,-0.1365203857421875
658,331000000,imu1_frame,0.029581724733679315,-0.010042800249848636,-0.8012030635719003,0.5975765345526245,-0.001953125,-0.00390625,-0.001953125,0.002227276563644409,-0.006730616092681885,-0.13913536071777344
658,351000000,imu1_frame,0.03130613019894758,-0.00911339126633607,-0.8012073500048841,0.5974978281213621,-0.001953125,-0.00390625,-0.001953125,0.04010659456253052,-0.01227027177810669,-0.13743209838867188
658,371000000,imu1_frame,0.02950329431175206,-0.010070876229453017,-0.8012286058297816,0.5975456922083779,-0.001953125,-0.00390625,-0.001953125,0.0006920695304870605,-0.006241858005523682,-0.13921546936035156
658,391000000,imu1_frame,0.0312789889709925,-0.009244156802164982,-0.8012294586594919,0.5974675932552219,-0.001953125,-0.00390625,-0.001953125,0.038173139095306396,-0.013986587524414062,-0.13741779327392578
658,411000000,imu1_frame,0.02947374589228181,-0.010191242066811603,-0.8012507807668876,0.5975153748722001,-0.001953125,-0.00390625,-0.001953125,-0.0011577606201171875,-0.007768809795379639,-0.17826461791992188
658,431000000,imu1_frame,0.03090555990421978,-0.00884957700774313,-0.80127118575041,0.5974370412352439,-0.001953125,-0.00390625,-0.001953125,0.036963433027267456,-0.003434419631958008,-0.13801097869873047
658,451000000,imu1_frame,0.029407828794826698,-0.010226817235853907,-0.8012758900844235,0.5974843427105129,-0.001953125,-0.00390625,-0.001953125,-0.002585172653198242,-0.007543206214904785,-0.13926315307617188
658,471000000,imu1_frame,0.030903500959221127,-0.008959048164470292,-0.8012933655966316,0.5974057677452347,-0.001953125,-0.00390625,-0.001953125,0.0356716513633728,-0.005110025405883789,-0.13797569274902344
658,491000000,imu1_frame,0.029437282055481545,-0.0103688487392105,-0.801296410497026,0.597452923606196,-0.001953125,-0.00390625,-0.001953125,-0.0037644505500793457,-0.010097920894622803,-0.17823505401611328
658,511000000,imu1_frame,0.030531160338691736,-0.008730652452573944,-0.8013307319570289,0.5973781733352316,-0.001953125,-0.00390625,-0.001953125,0.03253379464149475,0.002825438976287842,-0.1385021209716797
658,531000000,imu1_frame,0.029386604518259425,-0.01040604058914271,-0.8013211997339368,0.5974215234247161,-0.001953125,-0.00390625,-0.001953125,-0.004971981048583984,-0.01007544994354248,-0.13921546936035156
658,551000000,imu1_frame,0.03054601401074138,-0.008812238247902286,-0.8013532983562185,0.5973459439041395,-0.001953125,-0.00390625,-0.001953125,0.031832873821258545,0.0013893842697143555,-0.13845539093017578
658,571000000,imu1_frame,0.02933572155104965,-0.010443651949681845,-0.8013459799915915,0.597390128748667,-0.001953125,-0.00390625,-0.001953125,-0.006187558174133301,-0.010057508945465088,-0.13925933837890625
658,591000000,imu1_frame,0.030590136475026262,-0.0088558098454111,-0.801362799578187,0.5973302952593579,-0.001953125,0.001953125,0.0,0.03202357888221741,0.00019946694374084473,-0.13838768005371094
658,611000000,imu1_frame,0.02935849750020536,-0.010401691009195439,-0.8013446329411624,0.5973915489066391,-0.001953125,0.001953125,0.0,-0.005341917276382446,-0.009666681289672852,-0.1392498016357422
658,631000000,imu1_frame,0.030638383212373384,-0.008831859789474508,-0.8013604549550697,0.5973313226016151,-0.001953125,0.001953125,0.0,0.03305736184120178,1.1086463928222656e-05,-0.13833904266357422
658,651000000,imu1_frame,0.032636969405720424,-0.008745889283744436,-0.8013214237094832,0.5972790918430457,-0.001953125,0.001953125,0.0,0.026289045810699463,-0.021937787532806396,-0.1749582290649414
658,671000000,imu1_frame,0.030659377211588533,-0.008839174077185333,-0.8013465376599396,0.5973488077924468,0.0,0.001953125,0.001953125,-0.005772590637207031,-0.0003572404384613037,-0.17737293243408203
658,691000000,imu1_frame,0.029393650865224046,-0.010362745130039718,-0.8013184171230919,0.5974256616362624,0.0,0.001953125,0.001953125,-0.004358351230621338,-0.009481549263000488,-0.13922500610351562
658,711000000,imu1_frame,0.030674217449018937,-0.00880447799999075,-0.801322611081344,0.5973806546255203,0.0,0.001953125,0.001953125,0.03390726447105408,-1.519918441772461e-06,-0.1383056640625
658,731000000,imu1_frame,0.029297618968225803,-0.01022670413899124,-0.801299279258865,0.597458391107255,0.0,0.001953125,0.001953125,-0.0042913854122161865,-0.006244063377380371,-0.09642219543457031
658,751000000,imu1_frame,0.03123186062432029,-0.00966330627330667,-0.8012662632766812,0.5974140663965282,0.0,0.001953125,0.001953125,0.03257247805595398,-0.01997506618499756,-0.20372676849365234
658,771000000,imu1_frame,0.029293374933308778,-0.01005862728430984,-0.8012793289242894,0.5974882084533656,0.0,0.001953125,0.001953125,-0.002412140369415283,-0.0035752952098846436,-0.13946151733398438
658,791000000,imu1_frame,0.03130437471391976,-0.010016976050768848,-0.8012313661038033,0.5974512484596561,0.0,0.001953125,0.001953125,0.02954941987991333,-0.026376962661743164,-0.20350265502929688
658,811000000,imu1_frame,0.029325242440359126,-0.009959329362362403,-0.8012568890769025,0.597518401073365,0.0,0.001953125,0.001953125,-0.0007719993591308594,-0.0024051666259765625,-0.1394634246826172
658,831000000,imu1_frame,0.03132387234253025,-0.010186303108547793,-0.801202115629196,0.5974865891061909,0.0,0.001953125,0.001953125,0.02785244584083557,-0.029272496700286865,-0.17606735229492188
658,851000000,imu1_frame,0.029360330119044837,-0.009920966192564393,-0.8012327604729926,0.5975496707303373,0.0,0.001953125,0.001953125,0.00020572543144226074,-0.0022273659706115723,-0.13943862915039062
658,871000000,imu1_frame,0.03132890980626797,-0.010317403976951104,-0.8011740989167566,0.5975216429640436,0.0,0.001953125,0.001953125,0.026375949382781982,-0.03140038251876831,-0.1760082244873047
658,891000000,imu1_frame,0.029387981048093554,-0.009915935126401052,-0.8012078691700253,0.5975817694512723,0.0,0.001953125,0.001953125,0.000676959753036499,-0.0024850964546203613,-0.17847156524658203
658,911000000,imu1_frame,0.031351076696116205,-0.010353341376068253,-0.8011481995782409,0.5975545838037625,0.0,0.001953125,0.001953125,0.026280850172042847,-0.032237112522125244,-0.17596721649169922
658,931000000,imu1_frame,0.02942088617901961,-0.009895771361257823,-0.8011832879253077,0.5976134405406227,0.0,0.001953125,0.001953125,0.0014075934886932373,-0.0025671422481536865,-0.13937854766845703
658,951000000,imu1_frame,0.031156202758308604,-0.008863752708381344,-0.8011650780125311,0.5975660990139776,0.0,0.001953125,0.001953125,0.001574009656906128,-0.00664365291595459,-0.13770198822021484
658,971000000,imu1_frame,0.0329109064609909,-0.007831956947470478,-0.8011425784308687,0.5975166120798888,0.0,0.00390625,0.001953125,0.04109886288642883,-0.010946214199066162,-0.13584136962890625
658,991000000,imu1_frame,0.031311778725260614,-0.008963382942035915,-0.8011335038620078,0.597598811301593,0.0,0.00390625,0.001953125,0.04188451170921326,-0.010036170482635498,-0.17653942108154297
659,11000000,imu1_frame,0.0297099563153232,-0.010096690535848264,-0.8011213460332193,0.5976788136331149,0.0,0.00390625,0.001953125,0.003538668155670166,-0.009116113185882568,-0.17802906036376953
659,31000000,imu1_frame,0.029705837929815175,-0.008075217522653303,-0.8011592072368,0.5976589986895131,0.0,0.00390625,0.001953125,0.02711591124534607,0.022593170404434204,-0.13968849182128906
659,51000000,imu1_frame,0.029684608330572657,-0.010043101135889061,-0.8010977923217413,0.5977125456982371,-0.00390625,0.0,0.001953125,0.003747314214706421,-0.00799548625946045,-0.13901615142822266
