timestamp_sec,timestamp_nsec,frame_id,orientation_x,orientation_y,orientation_z,orientation_w,angular_velocity_x,angular_velocity_y,angular_velocity_z,linear_acceleration_x,linear_acceleration_y,linear_acceleration_z
1367,736000000,imu1_frame,-0.008187964930202792,-0.06753384175556555,-0.04270482230497344,0.9967689981133726,0.0,0.0,0.0,-0.02188098430633545,-0.010121501982212067,-0.02868938446044922
1367,761000000,imu1_frame,-0.0096880255494478,-0.06555261504837835,-0.04259221072485159,0.9968926223053525,0.0,0.0,0.0,0.015328168869018555,0.020927563309669495,-0.06847476959228516
1367,786000000,imu1_frame,-0.008188342026859618,-0.06753299611780407,-0.04270479163332433,0.9967690536236357,0.0,0.0,0.0,-0.021865129470825195,-0.010113388299942017,-0.06384658813476562
1367,811000000,imu1_frame,-0.009688840090736202,-0.06555214907720204,-0.04259215276550609,0.9968926475061677,0.0,0.0,0.0,0.015336394309997559,0.02094389498233795,-0.06847572326660156
1367,836000000,imu1_frame,-0.008188688458174791,-0.06753219736981207,-0.042704763335234375,0.996769106106435,0.0,0.0,0.0,-0.021849870681762695,-0.010105922818183899,-0.06384944915771484
1367,861000000,imu1_frame,-0.009689635857692449,-0.06555173694322333,-0.04259209640280866,0.9968926692802419,0.0,0.0,0.0,0.015343904495239258,0.020959824323654175,-0.06847667694091797
1367,886000000,imu1_frame,-0.008189010052782492,-0.06753144712522718,-0.04270473699605748,0.9967691554224707,0.0,0.0,0.0,-0.021835684776306152,-0.01009899377822876,-0.06385040283203125
1367,911000000,imu1_frame,-0.00969036992740712,-0.06555134279375326,-0.042592044325803595,0.9968926902875528,0.0,0.0,0.0,0.015350818634033203,0.020974531769752502,-0.06847667694091797
1367,936000000,imu1_frame,-0.007965988511084385,-0.06734520950002007,-0.04271818254510721,0.9967829867451004,0.0,0.0,0.0,-0.018041610717773438,-0.014304377138614655,-0.02925586700439453
1367,961000000,imu1_frame,-0.009690689804185696,-0.06555145211681979,-0.042592023199126354,0.9968926808921313,0.0,0.0,0.0,0.015348672866821289,0.02098071575164795,-0.03332042694091797
1367,986000000,imu1_frame,-0.007965940950878951,-0.06734496617952637,-0.04271818403850479,0.9967830035005102,0.0,0.0,0.0,-0.018036842346191406,-0.01430513709783554,-0.029256820678710938
1368,11000000,imu1_frame,-0.009691000223825168,-0.06555155200255317,-0.04259200267424702,0.9968926721833777,0.0,0.0,0.0,0.015346407890319824,0.020986661314964294,-0.03331947326660156
1368,36000000,imu1_frame,-0.007965886021027109,-0.06734471510569344,-0.04271818597210378,0.9967830208197198,0.0,0.0,0.0,-0.018031954765319824,-0.014305971562862396,-0.029257774353027344
1368,61000000,imu1_frame,-0.009691314038729327,-0.06555165407729516,-0.0425919819202526,0.9968926633073585,0.0,0.0,0.0,0.015343785285949707,0.020992770791053772,-0.03331947326660156
1368,86000000,imu1_frame,-0.007965815934203358,-0.06734444865388894,-0.04271818881279386,0.9967830392600792,0.0,0.0,0.0,-0.01802670955657959,-0.014307104051113129,-0.02925872802734375
1368,111000000,imu1_frame,-0.010031589954668648,-0.06594872774060355,-0.04257093743889781,0.9968640066718983,0.0,0.0,0.0,0.007364749908447266,0.027314379811286926,-0.06732463836669922
1368,136000000,imu1_frame,-0.007785993620604238,-0.06703218599847603,-0.04272788465003215,0.9968050923911551,0.0,0.0,0.0,-0.011823296546936035,-0.01755937933921814,-0.030134201049804688
1368,161000000,imu1_frame,-0.010031599221940992,-0.06594900120165456,-0.04257093820529521,0.9968639884547317,0.0,0.0,0.0,0.007359981536865234,0.02731427550315857,-0.03216743469238281
1368,186000000,imu1_frame,-0.007785835769979033,-0.06703212324497301,-0.04272789468675894,0.9968050974138681,0.0,0.0,0.0,-0.011821985244750977,-0.017562411725521088,-0.030134201049804688
1368,211000000,imu1_frame,-0.010227348780251489,-0.06652377908591799,-0.042560560758906345,0.9968242507187226,0.0,0.0,0.0,-0.00394892692565918,0.030655845999717712,-0.06575679779052734
1368,236000000,imu1_frame,-0.007736315979557709,-0.06664592946087051,-0.042728358309110676,0.9968313583036849,0.0,0.0,0.0,-0.004291176795959473,-0.01820129156112671,-0.031158447265625
1368,261000000,imu1_frame,-0.01022749569549361,-0.06652380439108543,-0.042560550984513786,0.9968242479399414,0.0,0.0,0.0,-0.0039490461349487305,0.03065866231918335,-0.030600547790527344
1368,286000000,imu1_frame,-0.007736462789589168,-0.0666459416493546,-0.04272834856934495,0.996831356766887,0.0,0.0,0.0,-0.004291415214538574,-0.018198423087596893,-0.031157493591308594
1368,311000000,imu1_frame,-0.010227637293473592,-0.06652375475557551,-0.04256054126222119,0.9968242502146905,0.0,0.0,0.0,-0.003948211669921875,0.030661463737487793,-0.03060150146484375
1368,336000000,imu1_frame,-0.007736609360447918,-0.06664596860098966,-0.04272833898899468,0.9968313542380584,0.0,0.0,0.0,-0.0042923688888549805,-0.018195554614067078,-0.031157493591308594
1368,361000000,imu1_frame,-0.01022777541333136,-0.06652366305201864,-0.04256053155400787,0.9968242553319399,0.0,0.0,0.0,-0.003946542739868164,0.030664265155792236,-0.03060150146484375
1368,386000000,imu1_frame,-0.007736755088693273,-0.0666460065384145,-0.042728329525009254,0.9968313509762728,0.0,0.0,0.0,-0.004293084144592285,-0.018192753195762634,-0.031157493591308594
1368,411000000,imu1_frame,-0.010227914041770432,-0.0665236018193511,-0.04256052194924544,0.9968242584060353,0.0,0.0,0.0,-0.003945589065551758,0.030667021870613098,-0.03060150146484375
1368,436000000,imu1_frame,-0.007736898583151614,-0.06664602734671667,-0.042728320075718224,0.9968313488763894,0.0,0.0,0.0,-0.004293680191040039,-0.018189959228038788,-0.031157493591308594
1368,461000000,imu1_frame,-0.01018390186766179,-0.06712881852247676,-0.04256643122313817,0.9967838826944645,0.0,0.0,0.0,-0.01564919948577881,0.0292900949716568,-0.0641937255859375
1368,486000000,imu1_frame,-0.007738836816753773,-0.06664649783877069,-0.04272819260351936,0.996831307838687,0.0,0.0,0.0,-0.0043048858642578125,-0.018152393400669098,-0.06631183624267578
1368,511000000,imu1_frame,-0.010230294656139975,-0.06652243410529865,-0.04256035509391838,0.9968243190283002,0.0,0.0,0.0,-0.003924846649169922,0.03071463108062744,-0.030603408813476562
1368,536000000,imu1_frame,-0.007739379217215274,-0.06664655076414128,-0.04272815665244242,0.99683130163015,0.0,0.0,0.0,-0.004305839538574219,-0.01814185082912445,-0.03115558624267578
1368,561000000,imu1_frame,-0.010230943335311053,-0.06652235567531627,-0.04256031111528236,0.9968243194824485,0.0,0.0,0.0,-0.003923535346984863,0.030727341771125793,-0.030603408813476562
1368,586000000,imu1_frame,-0.007740037533185064,-0.06664657271430949,-0.04272811274941705,0.996831296933084,0.0,0.0,0.0,-0.004306674003601074,-0.01812899112701416,-0.03115558624267578
1368,611000000,imu1_frame,-0.010231729444509207,-0.06652224298928229,-0.04256025776688741,0.9968243212116492,0.0,0.0,0.0,-0.0039223432540893555,0.030742868781089783,-0.030603408813476562
1368,636000000,imu1_frame,-0.0077408334026249715,-0.06664654045041338,-0.0427280592489138,0.9968312952034791,0.0,0.0,0.0,-0.004306793212890625,-0.0181133970618248,-0.031154632568359375
1368,661000000,imu1_frame,-0.01023268218116935,-0.06652215933027741,-0.042560193363344434,0.996824319764667,0.0,0.0,0.0,-0.003921151161193848,0.030761554837226868,-0.030603408813476562
1368,686000000,imu1_frame,-0.007741797234897173,-0.06664654195011414,-0.042727994726549944,0.9968312903838408,0.0,0.0,0.0,-0.00430750846862793,-0.018094517290592194,-0.031154632568359375
1368,711000000,imu1_frame,-0.008957683087557178,-0.06448128714323996,-0.042635723093438514,0.9969674611733091,0.0,0.0,0.0,0.001554250717163086,0.007546000182628632,-0.07146358489990234
1368,736000000,imu1_frame,-0.008638759585910804,-0.06693999211210415,-0.04267156543426414,0.9968066747329883,0.0,0.0,0.0,-0.010730147361755371,-0.0007926598191261292,-0.03010082244873047
1368,761000000,imu1_frame,-0.008602908393641893,-0.06446374569500717,-0.04265953447221782,0.9969707014635655,0.0,0.0,0.0,0.0021834373474121094,0.0006173700094223022,-0.03647327423095703
1368,786000000,imu1_frame,-0.008638640903039329,-0.06694437019910536,-0.042671598287990484,0.9968063803374966,0.0,0.0,0.0,-0.04597127437591553,-0.0007987320423126221,-0.03009033203125
1368,811000000,imu1_frame,-0.010079461670222521,-0.06493336270274984,-0.042562720928910946,0.9969305279946439,0.0,0.0,0.0,0.027026057243347168,0.02911582589149475,-0.06990337371826172
1368,836000000,imu1_frame,-0.00863206480380264,-0.06695323010440456,-0.04267209229240498,0.9968058210981706,0.0,0.0,0.0,-0.010982036590576172,-0.0009349361062049866,-0.06522560119628906
1368,861000000,imu1_frame,-0.010075127001387067,-0.06494409494267261,-0.04256307631327715,0.9969298575540475,0.0,0.0,0.0,0.026821494102478027,0.029021814465522766,-0.06987667083740234
1368,886000000,imu1_frame,-0.008625261624390696,-0.06696242204128512,-0.042672603597210486,0.9968052406556213,0.0,0.0,0.0,-0.011155009269714355,-0.0010758936405181885,-0.06520366668701172
1368,911000000,imu1_frame,-0.009013207124301004,-0.06452280242536897,-0.042632247287147734,0.9969644234152786,0.0,0.0,0.0,0.035858750343322754,0.008597373962402344,-0.03618335723876953
1368,936000000,imu1_frame,-0.008623714342671486,-0.06697168556313925,-0.04267276115855926,0.9968046249586088,0.0,0.0,0.0,-0.01133275032043457,-0.0011141449213027954,-0.030023574829101562
1368,961000000,imu1_frame,-0.009012102235186817,-0.06453275823919208,-0.04263238025696384,0.9969637833346656,0.0,0.0,0.0,0.035666465759277344,0.008567288517951965,-0.03615856170654297
1368,986000000,imu1_frame,-0.008622060108698206,-0.06698152234383829,-0.04267292919922024,0.9968039711284972,0.0,0.0,0.0,-0.011522173881530762,-0.0011549219489097595,-0.029997825622558594
1369,11000000,imu1_frame,-0.009010963124249899,-0.06454293303889919,-0.04263251679682312,0.9969631291326064,0.0,0.0,0.0,0.035469889640808105,0.008536309003829956,-0.036133766174316406
1369,36000000,imu1_frame,-0.00862037175419668,-0.06699155074753459,-0.04267310063239438,0.996803304469682,0.0,0.0,0.0,-0.011715292930603027,-0.0011965259909629822,-0.02997303009033203
1369,61000000,imu1_frame,-0.009009852262070364,-0.06455279650381654,-0.04263264960294682,0.9969624948881403,0.0,0.0,0.0,0.03527951240539551,0.0085061714053154,-0.036108970642089844
1369,86000000,imu1_frame,-0.008618734847796513,-0.06700124677072039,-0.04267326668644791,0.9968026598334796,0.0,0.0,0.0,-0.011902093887329102,-0.0012368112802505493,-0.02994823455810547
1369,111000000,imu1_frame,-0.00900884872337469,-0.06456185706721662,-0.04263277044791503,0.9969619120812225,0.0,0.0,0.0,0.03510475158691406,0.008478768169879913,-0.0360870361328125
1369,136000000,imu1_frame,-0.008690880392907153,-0.06701838454410332,-0.04266868184210365,0.9968010776082418,0.0,0.0,0.0,-0.012293100357055664,0.00016031414270401,-0.06503486633300781
1369,161000000,imu1_frame,-0.009008095737194051,-0.06457448781207671,-0.04263289624015344,0.9969610954762346,0.0,0.0,0.0,0.03485977649688721,0.008453287184238434,-0.07121086120605469
1369,186000000,imu1_frame,-0.008615006267538033,-0.06702234209918428,-0.04267363978101603,0.9968012579217536,0.0,0.0,0.0,-0.012308359146118164,-0.001327797770500183,-0.029893875122070312
1369,211000000,imu1_frame,-0.011040451445021965,-0.06642374927486511,-0.04250638322558718,0.996824558961726,0.0,0.0,0.0,-0.0026650428771972656,0.007590338587760925,-0.030523300170898438
1369,236000000,imu1_frame,-0.00861751472832925,-0.06702076744681928,-0.04267345911158135,0.9968013498477009,0.0,0.0,0.0,-0.012282371520996094,-0.04033965617418289,-0.02989673614501953
1369,261000000,imu1_frame,-0.009777312496356008,-0.06483696272433892,-0.04258249122540934,0.9969389669714336,0.0,0.0,0.0,0.02914142608642578,0.023284539580345154,-0.07026481628417969
1369,286000000,imu1_frame,-0.00861244908466607,-0.06703012789218368,-0.04267385461507877,0.9968007472949709,0.0,0.0,0.0,-0.012457489967346191,-0.0013844668865203857,-0.06503105163574219
1369,311000000,imu1_frame,-0.00977507315525972,-0.06484461240079589,-0.04258268718278417,0.9969384830267578,0.0,0.0,0.0,0.028995037078857422,0.023234188556671143,-0.07024669647216797
1369,336000000,imu1_frame,-0.008461384351051796,-0.06695533893069837,-0.042683199995510644,0.9968066673140195,0.0,0.0,0.0,-0.010883569717407227,-0.004276767373085022,-0.030120849609375
1369,361000000,imu1_frame,-0.010726077448032082,-0.06591237780532277,-0.042524561137373795,0.9968611595476579,0.0,0.0,0.0,0.00750887393951416,0.04093647003173828,-0.06713581085205078
1369,386000000,imu1_frame,-0.00845858983121027,-0.06695644732428159,-0.04268339416125177,0.9968066082659429,0.0,0.0,0.0,-0.010904431343078613,-0.0043322741985321045,-0.06527423858642578
1369,411000000,imu1_frame,-0.009778304957171073,-0.06485693678157112,-0.04258254332691107,0.9969376557775755,0.0,0.0,0.0,0.02875375747680664,0.023286864161491394,-0.03505706787109375
1369,436000000,imu1_frame,-0.008603312020687044,-0.06704510830080157,-0.042674557426138356,0.9967997886354569,0.0,0.0,0.0,-0.012740612030029297,-0.0015760883688926697,-0.06499481201171875
1369,461000000,imu1_frame,-0.009774442839618255,-0.06486683440472582,-0.04258286200174397,0.9969370360886515,0.0,0.0,0.0,0.0285642147064209,0.02320292592048645,-0.0701904296875
1369,486000000,imu1_frame,-0.008598097329482343,-0.06705447901444662,-0.042674962863066414,0.9967991859502341,0.0,0.0,0.0,-0.012917876243591309,-0.0016861483454704285,-0.064971923828125
1369,511000000,imu1_frame,-0.009051638152278099,-0.06462365097848569,-0.042630268873521386,0.996957627864265,0.0,0.0,0.0,0.03387033939361572,0.009263567626476288,-0.035915374755859375
1369,536000000,imu1_frame,-0.008596944522958267,-0.06706013321268801,-0.04267507289398479,0.9967988108098136,0.0,0.0,0.0,-0.013026595115661621,-0.0017135366797447205,-0.0298004150390625
1369,561000000,imu1_frame,-0.009050614073247596,-0.06463137874404537,-0.04263038316157791,0.9969571313241299,0.0,0.0,0.0,0.033721327781677246,0.009236939251422882,-0.03589630126953125
1369,586000000,imu1_frame,-0.00859546699663433,-0.06706751966712701,-0.04267521476465715,0.9967983205230633,0.0,0.0,0.0,-0.013168692588806152,-0.0017487555742263794,-0.02978229522705078
1369,611000000,imu1_frame,-0.009049633625774675,-0.06463878895222694,-0.042630492645094255,0.9969566551214077,0.0,0.0,0.0,0.03357863426208496,0.009211421012878418,-0.035877227783203125
1369,636000000,imu1_frame,-0.008594055376515992,-0.06707458035272329,-0.042675350349690666,0.9967978518010672,0.0,0.0,0.0,-0.013304471969604492,-0.0017824023962020874,-0.029764175415039062
1369,661000000,imu1_frame,-0.009048686243642724,-0.06464586551672251,-0.04263059794383915,0.9969562003758283,0.0,0.0,0.0,0.033441781997680664,0.009186863899230957,-0.03586006164550781
1369,686000000,imu1_frame,-0.00859270091341924,-0.06708130045927727,-0.04267548009259368,0.9967974057041739,0.0,0.0,0.0,-0.01343381404876709,-0.0018146410584449768,-0.02974700927734375
1369,711000000,imu1_frame,-0.009047984142191049,-0.06465168276729243,-0.042630679312749185,0.9969558260422844,0.0,0.0,0.0,0.03332972526550293,0.009168140590190887,-0.03584575653076172
1369,736000000,imu1_frame,-0.008902654970302144,-0.06712558774096694,-0.04265557442393754,0.9967925562399998,0.0,0.0,0.0,0.024517536163330078,0.0042129456996917725,-0.0685873031616211
1369,761000000,imu1_frame,-0.008757442891036842,-0.0695973541898181,-0.042680184552835045,0.9966232574701049,0.0,0.0,0.0,-0.023296594619750977,-0.0007397755980491638,-0.06203174591064453
1369,786000000,imu1_frame,-0.008902242792123692,-0.06713236330349272,-0.04265564323248299,0.9967921006764556,0.0,0.0,0.0,0.024380922317504883,0.004199579358100891,-0.06856918334960938
1369,811000000,imu1_frame,-0.007567775391932973,-0.0650486062471695,-0.04273314919735713,0.9969379547196477,0.0,0.0,0.0,0.02683568000793457,-0.020141392946243286,-0.07047653198242188
1369,836000000,imu1_frame,-0.008906099742951453,-0.06713841622472644,-0.042655418976064875,0.9967916681464488,0.0,0.0,0.0,-0.014797210693359375,0.004269465804100037,-0.06464576721191406
1369,861000000,imu1_frame,-0.00796028516861166,-0.06485432029667874,-0.04270543766318256,0.9969487432124513,0.0,0.0,0.0,0.030284523963928223,-0.012293316423892975,-0.035694122314453125
1369,886000000,imu1_frame,-0.00890727253729623,-0.0671410557650594,-0.042655355804338616,0.9967914825819414,0.0,0.0,0.0,-0.014848947525024414,0.0042901411652565,-0.02948284149169922
1369,911000000,imu1_frame,-0.011258246100204034,-0.06630789954096182,-0.04249122469671404,0.9968304821668458,0.0,0.0,0.0,-0.0005929470062255859,0.011951327323913574,-0.03072834014892578
1369,936000000,imu1_frame,-0.008815743780563302,-0.06681764031120314,-0.04265874630841319,0.9968138828127509,0.0,0.0,0.0,-0.008503437042236328,0.0027760639786720276,-0.06551742553710938
1369,961000000,imu1_frame,-0.0075296069996440085,-0.06470581761205832,-0.042732558575971726,0.9969605762632427,0.0,0.0,0.0,0.03351891040802002,-0.020594783127307892,-0.036200523376464844
1369,986000000,imu1_frame,-0.008819922024952487,-0.06682439159169425,-0.042658505586696135,0.9968134035841328,0.0,0.0,0.0,-0.008635282516479492,0.0028518736362457275,-0.03034210205078125
1370,11000000,imu1_frame,-0.0075325471527639964,-0.06471247546131252,-0.042732401245416815,0.9969601286595474,0.0,0.0,0.0,0.033387064933776855,-0.02054290473461151,-0.03618335723876953
1370,36000000,imu1_frame,-0.008823833789420525,-0.06683058484069693,-0.04265827961896292,0.9968129634324874,0.0,0.0,0.0,-0.008758783340454102,0.002923153340816498,-0.030324935913085938
1370,61000000,imu1_frame,-0.007535640069373893,-0.06471930810278873,-0.04273223470191504,0.9969596688957991,0.0,0.0,0.0,0.03325188159942627,-0.020488187670707703,-0.03616523742675781
1370,86000000,imu1_frame,-0.008827865147873759,-0.0668369701506225,-0.0426580467239142,0.9968125095862892,0.0,0.0,0.0,-0.008885979652404785,0.002996593713760376,-0.03030681610107422
1370,111000000,imu1_frame,-0.007539109429744392,-0.0647267352570199,-0.04273204643898151,0.996959168561637,0.0,0.0,0.0,0.03310513496398926,-0.020426630973815918,-0.03614521026611328
1370,136000000,imu1_frame,-0.008832266026962559,-0.06684395908444148,-0.04265779254288304,0.9968120128419976,0.0,0.0,0.0,-0.009025335311889648,0.00307677686214447,-0.030286788940429688
1370,161000000,imu1_frame,-0.0075431716774285885,-0.06473494108139546,-0.042731823020791704,0.9969586146202625,0.0,0.0,0.0,0.032942771911621094,-0.020354121923446655,-0.03612327575683594
1370,186000000,imu1_frame,-0.008837169722443267,-0.06685178643942712,-0.042657509505059955,0.996811456577411,0.0,0.0,0.0,-0.00918114185333252,0.003166109323501587,-0.030263900756835938
1370,211000000,imu1_frame,-0.011291840460078327,-0.0664000188189905,-0.04248941916759623,0.996824047211273,0.0,0.0,0.0,-0.0024067163467407227,0.012530297040939331,-0.030475616455078125
1370,236000000,imu1_frame,-0.008803899122793526,-0.06659033495837588,-0.04265752252364511,0.9968292503846945,0.0,0.0,0.0,-0.00408482551574707,0.0027390867471694946,-0.03095722198486328
1370,261000000,imu1_frame,-0.006320397207928681,-0.0667793358953772,-0.04282505283519378,0.9968282639081666,0.0,0.0,0.0,-0.005716562271118164,-0.046028777956962585,-0.031198501586914062
1370,286000000,imu1_frame,-0.00880870146848819,-0.06658994745019506,-0.04265719823697009,0.9968292477227939,0.0,0.0,0.0,-0.004080653190612793,0.0028333663940429688,-0.03095722198486328
1370,311000000,imu1_frame,-0.006322345286598537,-0.0667802372585355,-0.042824927746976646,0.9968281965440369,0.0,0.0,0.0,-0.005735635757446289,-0.04599142074584961,-0.031195640563964844
1370,336000000,imu1_frame,-0.008810590944285516,-0.06658974323486805,-0.04265707043291578,0.9968292501352516,0.0,0.0,0.0,-0.0040781497955322266,0.0028705373406410217,-0.03095722198486328
1370,361000000,imu1_frame,-0.00632344080158164,-0.06678132798738173,-0.042824860890564476,0.9968281193959039,0.0,0.0,0.0,-0.005757689476013184,-0.04597090929746628,-0.031192779541015625
1370,386000000,imu1_frame,-0.008811606085882957,-0.06658960257649824,-0.04265700168345366,0.9968292535004524,0.0,0.0,0.0,-0.004076242446899414,0.0028905123472213745,-0.03095722198486328
1370,411000000,imu1_frame,-0.007905627949645014,-0.06890508549342281,-0.04273144432861312,0.996676283406732,0.0,0.0,0.0,-0.04824197292327881,-0.016817383468151093,-0.06027698516845703
1370,436000000,imu1_frame,-0.008696403187063677,-0.06655967497214253,-0.04266484352358013,0.9968319283441514,0.0,0.0,0.0,-0.0034044981002807617,0.0006611719727516174,-0.03107452392578125
1370,461000000,imu1_frame,-0.007893464227804292,-0.06892282668789014,-0.04273236122538493,0.9966751138098806,0.0,0.0,0.0,-0.048578500747680664,-0.017070427536964417,-0.025075912475585938
1370,486000000,imu1_frame,-0.008689768017199041,-0.06657934465901016,-0.04266540328188727,0.9968306486858125,0.0,0.0,0.0,-0.0037806034088134766,0.0005145519971847534,-0.031024932861328125
1370,511000000,imu1_frame,-0.00892143085411263,-0.0690507061210885,-0.04266419205954594,0.9966605112933895,0.0,0.0,0.0,-0.051894187927246094,0.0029390379786491394,-0.05954933166503906
1370,536000000,imu1_frame,-0.008690593981308383,-0.06658806506404588,-0.04266539887961242,0.9968300591904931,0.0,0.0,0.0,-0.003950715065002441,0.000523298978805542,-0.06615829467773438
1370,561000000,imu1_frame,-0.0073625907973412065,-0.06854759566913396,-0.0427657811842865,0.9967036206136856,0.0,0.0,0.0,-0.040873050689697266,-0.027139872312545776,-0.02624225616455078
1370,586000000,imu1_frame,-0.008754767514253397,-0.06649317728971908,-0.042660541066423176,0.9968360395047969,0.0,0.0,0.0,-0.0021615028381347656,0.0018601194024085999,-0.03122711181640625
1370,611000000,imu1_frame,-0.007357758327444773,-0.06855909097668668,-0.04276617145237702,0.9967028489054053,0.0,0.0,0.0,-0.041085243225097656,-0.027244724333286285,-0.026213645935058594
1370,636000000,imu1_frame,-0.00874790566047768,-0.06650351287515974,-0.04266106140570444,0.9968353879962115,0.0,0.0,0.0,-0.002356290817260742,0.00171700119972229,-0.031203269958496094
1370,661000000,imu1_frame,-0.00734917379576921,-0.06856819194459286,-0.04276679881824574,0.9967022592614149,0.0,0.0,0.0,-0.04125475883483887,-0.02742048352956772,-0.02619171142578125
1370,686000000,imu1_frame,-0.008740983185399601,-0.06651390280419268,-0.04266158615373746,0.9968347330493427,0.0,0.0,0.0,-0.002552509307861328,0.00157272070646286,-0.031177520751953125
1370,711000000,imu1_frame,-0.007340729972007324,-0.06857608249293243,-0.0427674097241218,0.9967017524108651,0.0,0.0,0.0,-0.04140114784240723,-0.0275924950838089,-0.026172637939453125
1370,736000000,imu1_frame,-0.008734674844866312,-0.06652336875149374,-0.04266206429327777,0.9968341362210383,0.0,0.0,0.0,-0.0027306079864501953,0.0014411434531211853,-0.03115558624267578
1370,761000000,imu1_frame,-0.007331887328808808,-0.06858519956119909,-0.04276805447644697,0.9967011625084259,0.0,0.0,0.0,-0.04157054424285889,-0.027773350477218628,-0.02615070343017578
1370,786000000,imu1_frame,-0.008727651592415439,-0.066533853823801,-0.04266259631443328,0.9968334751947017,0.0,0.0,0.0,-0.002928495407104492,0.0012947246432304382,-0.03113079071044922
1370,811000000,imu1_frame,-0.0073224328470374135,-0.06859388348551636,-0.042768737666795294,0.9967006050986248,0.0,0.0,0.0,-0.04173123836517334,-0.027965769171714783,-0.02613067626953125
1370,836000000,imu1_frame,-0.008527254177218823,-0.06621171712149068,-0.04277558450318783,0.9968518163811668,0.013671875,0.02734375,-0.009765625,0.0034731626510620117,-0.0024846047163009644,-0.03203392028808594
1370,861000000,imu1_frame,-0.006363165180987587,-0.06436158957298728,-0.04301147547757737,0.9969789911997944,0.013671875,0.02734375,-0.009765625,0.005988001823425293,-0.008231006562709808,-0.03738594055175781
1370,886000000,imu1_frame,-0.007667245176297473,-0.06562407614295482,-0.04328916069185597,0.9968754899927998,0.021484375,0.05078125,-0.03125,-0.019617199897766113,0.015749655663967133,-0.03382110595703125
1370,911000000,imu1_frame,-0.009507135405062076,-0.06376304534298469,-0.04351702071275987,0.9969704897003039,0.021484375,0.05078125,-0.03125,0.014926433563232422,0.01775433123111725,-0.07306575775146484
1370,936000000,imu1_frame,-0.006890996967276414,-0.06412421305248116,-0.04404928418022725,0.9969454649199255,0.021484375,0.05078125,-0.03125,0.010074853897094727,0.0009495168924331665,-0.037845611572265625
1370,961000000,imu1_frame,-0.006818410919934344,-0.06648127100098426,-0.04398229764575739,0.9967945161227667,0.005859375,0.009765625,0.005859375,-0.035588979721069336,-0.0024276822805404663,-0.03184795379638672
1370,986000000,imu1_frame,-0.007104346033087333,-0.06431997517159556,-0.044023461884589075,0.9969324971456511,-0.013671875,-0.025390625,-0.00390625,0.006093025207519531,0.00496944785118103,-0.03729534149169922
1371,11000000,imu1_frame,-0.0048154165650709044,-0.06427174022066535,-0.04423907372887063,0.9969397471903323,-0.013671875,-0.025390625,-0.00390625,-0.06914985179901123,0.3077920489013195,-0.03404426574707031
1371,36000000,imu1_frame,-0.0065800713553451195,-0.0664938563566107,-0.04419855378765247,0.9967857129648604,-0.013671875,-0.025390625,-0.00390625,-0.0004898309707641602,-0.007364608347415924,-0.06703376770019531
1371,61000000,imu1_frame,-0.008374740665302497,-0.06823244355356146,-0.044136423415847094,0.9966575005956437,-0.001953125,0.0,-0.00390625,-0.03573441505432129,0.02616307884454727,-0.06193065643310547
1371,86000000,imu1_frame,-0.006594317429750873,-0.06650757876455721,-0.04422512964491131,0.9967835245691026,0.0,0.0,0.001953125,-0.0007737874984741211,-0.0071335285902023315,-0.06699371337890625
1371,111000000,imu1_frame,-0.009066771143321984,-0.0668630689817174,-0.04403669488151913,0.9967486609829445,0.0,0.0,0.001953125,-0.009756207466125488,0.0058168694376945496,-0.06531047821044922
1371,136000000,imu1_frame,-0.006594774721676364,-0.06651692477890946,-0.04422515736725309,0.9967828966832091,0.0,0.0,-0.001953125,-0.000954747200012207,-0.042289093136787415,-0.0669698715209961
1371,161000000,imu1_frame,-0.009065483084208507,-0.06686263767007107,-0.044085230094950245,0.9967465561454055,0.0,0.0,-0.001953125,-0.009752750396728516,0.005728334188461304,-0.06531238555908203
1371,186000000,imu1_frame,-0.006595920319877347,-0.06653480087861632,-0.044273344446397474,0.9967795569125137,0.0,-0.001953125,-0.001953125,-0.0013058185577392578,-0.04234533756971359,-0.06692314147949219
1371,211000000,imu1_frame,-0.008350241574105856,-0.06831364202458491,-0.04418634746239412,0.9966499317598548,0.0,-0.001953125,-0.001953125,0.001769423484802246,-0.00960841029882431,-0.0656280517578125
1371,236000000,imu1_frame,-0.009085167781059758,-0.06597567758358976,-0.04414717148336307,0.9968027372272785,0.0,-0.001953125,-0.001953125,0.007425546646118164,0.006806530058383942,-0.06760883331298828
1371,261000000,imu1_frame,-0.008334834354751006,-0.06834061139297347,-0.04418727502364862,0.996648170668415,0.0,0.0,0.001953125,-0.037802815437316895,-0.009933412075042725,-0.06165504455566406
1371,286000000,imu1_frame,-0.009104092237156717,-0.06600449595708674,-0.044149115411482,0.9968005706390682,-0.001953125,-0.001953125,-0.001953125,0.00684964656829834,0.007147543132305145,-0.06752681732177734
1371,311000000,imu1_frame,-0.007929438728687233,-0.0682033921650232,-0.04426784347312632,0.9966573028543316,-0.001953125,-0.001953125,-0.001953125,-0.03480422496795654,-0.0178186297416687,-0.0269927978515625
1371,336000000,imu1_frame,-0.00929656595131624,-0.06614123542052726,-0.04419106134699928,0.9967878715833098,-0.001953125,-0.001953125,-0.001953125,0.004028439521789551,0.010723240673542023,-0.06710433959960938
1371,361000000,imu1_frame,-0.007900320297177429,-0.06820115506516726,-0.04427580262846581,0.9966573336350785,-0.001953125,-0.001953125,0.001953125,-0.03473687171936035,-0.018394559621810913,-0.062165260314941406
1371,386000000,imu1_frame,-0.009276122731642147,-0.06616088329141707,-0.044195258661725106,0.9967865720308386,0.0,-0.001953125,-0.001953125,0.003664374351501465,0.01030227541923523,-0.0670614242553711
1371,411000000,imu1_frame,-0.007867345878079185,-0.0682311707691139,-0.04432608137722685,0.9966533051738955,0.0,-0.001953125,-0.001953125,-0.035295724868774414,-0.019130609929561615,-0.062094688415527344
1371,436000000,imu1_frame,-0.009238969026115656,-0.0662011559262533,-0.04419412394983823,0.9967842935227603,0.001953125,-0.001953125,0.001953125,0.0029147863388061523,0.009544625878334045,-0.0669698715209961
1371,461000000,imu1_frame,-0.007829663298577318,-0.068286280394656,-0.044273363433961245,0.9966521708062135,0.001953125,-0.001953125,0.001953125,-0.03632688522338867,-0.01984231173992157,-0.061959266662597656
1371,486000000,imu1_frame,-0.009243492742797586,-0.06622684109413648,-0.044193730581702964,0.9967825628179285,-0.001953125,0.0,-0.001953125,0.0024129152297973633,0.009610749781131744,-0.06690311431884766
1371,511000000,imu1_frame,-0.007307716259387522,-0.06776637880041309,-0.04435994221814128,0.9966877699228351,-0.001953125,0.0,-0.001953125,-0.02580714225769043,-0.02967032790184021,-0.02834033966064453
1371,536000000,imu1_frame,-0.008391265071866461,-0.06552527023784648,-0.0443038391150734,0.9968315782871331,-0.001953125,0.0,-0.001953125,-0.018418550491333008,-0.006521210074424744,-0.03384685516357422
1371,561000000,imu1_frame,-0.009421059221670972,-0.06326070859830464,-0.044250784836601956,0.9969710098253243,-0.001953125,0.0,-0.001953125,0.02465236186981201,0.01559700071811676,-0.03918933868408203
1371,586000000,imu1_frame,-0.008412476649710114,-0.06551658169364026,-0.04430874561680315,0.9968317525147681,-0.001953125,0.0,0.001953125,-0.0182645320892334,-0.00610698014497757,-0.03386211395263672
1371,611000000,imu1_frame,-0.00918021519502227,-0.06787915439786636,-0.04424995819834342,0.9966694964965309,-0.001953125,0.0,0.001953125,-0.02958238124847412,0.00685516744852066,-0.06259441375732422
1371,636000000,imu1_frame,-0.008491649540614307,-0.06550921000670931,-0.04426137463540144,0.9968336701816212,-0.001953125,0.0,0.001953125,0.0169677734375,-0.004496537148952484,-0.033855438232421875
1371,661000000,imu1_frame,-0.009126048444606993,-0.06789829558866133,-0.04422953409983154,0.9966695967115948,0.001953125,0.0,0.0,-0.029904723167419434,0.005810476839542389,-0.027406692504882812
1371,686000000,imu1_frame,-0.008529561003503525,-0.06547738182670118,-0.04430745445666409,0.9968333905612204,-0.001953125,0.001953125,-0.00390625,0.0175478458404541,-0.0037893205881118774,-0.03392314910888672
1371,711000000,imu1_frame,-0.009077553760907244,-0.06787259202128874,-0.04433658960370109,0.9966670337140396,-0.001953125,0.001953125,-0.00390625,-0.02937769889831543,0.004745423793792725,-0.06264781951904297
1371,736000000,imu1_frame,-0.008503244926257966,-0.06549026097957054,-0.0443609726541895,0.9968303891072574,0.0,-0.001953125,0.0,0.01731419563293457,-0.004382222890853882,-0.06905555725097656
1371,761000000,imu1_frame,-0.009142774124003699,-0.06790748795496444,-0.044331910675760734,0.9966642686766695,0.0,-0.001953125,0.0,-0.030109643936157227,0.005991540849208832,-0.027376174926757812
1371,786000000,imu1_frame,-0.008513370505106137,-0.06553890570395501,-0.04438423910713332,0.9968260699242629,0.0,-0.001953125,-0.001953125,0.016359448432922363,-0.004257649183273315,-0.033771514892578125
1371,811000000,imu1_frame,-0.009176726589403626,-0.06317918784021277,-0.044351070927452094,0.9969740018779538,0.0,-0.001953125,-0.001953125,0.026430726051330566,0.010782681405544281,-0.03947925567626953
1371,836000000,imu1_frame,-0.008941587410045759,-0.06567152949650225,-0.04440570474234864,0.9968126361631428,0.0,-0.001953125,-0.001953125,0.013422369956970215,0.0039408206939697266,-0.06844139099121094
1371,861000000,imu1_frame,-0.008732478399652325,-0.06813534903732316,-0.04441323810757125,0.996648775804878,-0.001953125,0.0,0.001953125,-0.034186720848083496,-0.002310238778591156,-0.06206989288330078
1371,886000000,imu1_frame,-0.0089175809994566,-0.06569351332765029,-0.04438619625400922,0.9968122715124894,0.0,-0.001953125,0.0,0.013013362884521484,0.0034794285893440247,-0.06839370727539062
1371,911000000,imu1_frame,-0.008590558065594507,-0.06817566362611868,-0.04442229531914649,0.9966468486278571,0.0,-0.001953125,0.0,-0.03484761714935303,-0.005122467875480652,-0.026854515075683594
1371,936000000,imu1_frame,-0.00902398003105252,-0.06576195543529441,-0.04437871523891077,0.9968071341214754,0.0,-0.001953125,0.0,0.011595845222473145,0.005501903593540192,-0.06818008422851562
1371,961000000,imu1_frame,-0.008576108155983494,-0.06817713298194945,-0.044447508467691056,0.9966457484473974,0.0,0.001953125,-0.001953125,-0.03486669063568115,-0.0054390206933021545,-0.062010765075683594
1371,986000000,imu1_frame,-0.009035909906378052,-0.0657439995342232,-0.044402316424480975,0.9968071594614216,0.0,0.0,0.0,0.01193082332611084,0.005719609558582306,-0.0682220458984375
1372,11000000,imu1_frame,-0.008575374978548605,-0.06818006205254633,-0.04444757460169378,0.9966455514346688,0.0,0.0,0.0,-0.03492271900177002,-0.005455963313579559,-0.06200408935546875
1372,36000000,imu1_frame,-0.009060904413598352,-0.0657703098238298,-0.04440382097961372,0.996805129922241,-0.001953125,-0.001953125,0.0,0.011399149894714355,0.006181493401527405,-0.068145751953125
1372,61000000,imu1_frame,-0.008534756643412444,-0.06816923625955262,-0.044429349156686726,0.9966474532603494,0.0,0.001953125,0.001953125,-0.03467607498168945,-0.006213277578353882,-0.062046051025390625
1372,86000000,imu1_frame,-0.009114033390193893,-0.0657238450214264,-0.044382936912783645,0.9968086403628118,-0.00390625,0.001953125,0.0,0.012257695198059082,0.0072844624519348145,-0.06824588775634766
1372,111000000,imu1_frame,-0.008543534117127391,-0.0680980201853175,-0.04444202945272818,0.9966516812255686,-0.00390625,0.001953125,0.0,-0.03330409526824951,-0.005996584892272949,-0.06223297119140625
1372,136000000,imu1_frame,-0.009003894643611694,-0.06563362498187965,-0.04440367526683351,0.9968146621994393,-0.00390625,0.001953125,0.0,0.014099597930908203,0.005191154778003693,-0.03336048126220703
1372,161000000,imu1_frame,-0.008440691580508902,-0.06808103133189657,-0.04440049481126597,0.9966555693713566,0.00390625,-0.001953125,0.00390625,-0.0328822135925293,-0.007929451763629913,-0.02715587615966797
1372,186000000,imu1_frame,-0.008962732064863328,-0.06567707050679025,-0.044369106306011014,0.9968137109054959,0.00390625,0.0,-0.001953125,0.013296127319335938,0.004395633935928345,-0.03326416015625
1372,211000000,imu1_frame,-0.008468999189771656,-0.0681182441715143,-0.044434175493442,0.9966512855116034,0.00390625,0.0,-0.001953125,-0.033631205558776855,-0.007455863058567047,-0.027047157287597656
1372,236000000,imu1_frame,-0.009084849791921718,-0.06573535703739108,-0.04439638402779997,0.9968075488401366,0.00390625,0.0,-0.001953125,0.012057304382324219,0.006688401103019714,-0.06822681427001953
1372,261000000,imu1_frame,-0.008500249489118759,-0.06815092964554972,-0.044422405819015104,0.9966493096412201,0.001953125,0.0,0.001953125,-0.03429079055786133,-0.00686008483171463,-0.062107086181640625
1372,286000000,imu1_frame,-0.009120598755594473,-0.06572166221039988,-0.04437001261515357,0.996809299603075,-0.001953125,0.001953125,0.0,0.01229560375213623,0.007431022822856903,-0.06824970245361328
1372,311000000,imu1_frame,-0.008511894727895456,-0.06809325234802609,-0.04442841327163547,0.9966528847733165,-0.001953125,0.001953125,0.0,-0.03318285942077637,-0.006590530276298523,-0.062255859375
1372,336000000,imu1_frame,-0.009115196188132097,-0.06571704155067805,-0.0443736143128199,0.9968094933341552,0.0,-0.001953125,0.0,0.012389421463012695,0.007325179874897003,-0.06826305389404297
1372,361000000,imu1_frame,-0.008499845095609125,-0.06814157145571346,-0.04440471508389612,0.9966507413087167,0.0,-0.001953125,0.001953125,-0.034107327461242676,-0.006835997104644775,-0.06213092803955078
1372,386000000,imu1_frame,-0.009077994027298378,-0.06576391084096886,-0.044324071040034996,0.9968089459780041,0.001953125,-0.001953125,0.001953125,0.011518120765686035,0.006623208522796631,-0.06815624237060547
1372,411000000,imu1_frame,-0.008484566666768356,-0.06820234192309747,-0.044350523150815016,0.9966491277179401,0.001953125,-0.001953125,0.001953125,-0.035266757011413574,-0.007114440202713013,-0.061974525451660156
1372,436000000,imu1_frame,-0.00892708325074402,-0.06579758417514193,-0.04427904310350362,0.9968100879521572,0.001953125,-0.001953125,0.001953125,0.010999202728271484,0.003711700439453125,-0.03296661376953125
1372,461000000,imu1_frame,-0.008533103270768791,-0.06823653923198007,-0.04429868367463042,0.996648678064095,-0.001953125,0.0,0.001953125,-0.035965561866760254,-0.006129443645477295,-0.02671051025390625
1372,486000000,imu1_frame,-0.008867862769249968,-0.06581818054404681,-0.044231046388167994,0.9968113877034033,0.00390625,-0.001953125,0.001953125,0.010655760765075684,0.002601936459541321,-0.03293418884277344
1372,511000000,imu1_frame,-0.00856598360942384,-0.06830650688701505,-0.044234773676987624,0.9966464417432306,0.00390625,-0.001953125,0.001953125,-0.03734326362609863,-0.005464516580104828,-0.026513099670410156
1372,536000000,imu1_frame,-0.008934248190860436,-0.06589490121081606,-0.04416475461630327,0.9968086655187958,0.00390625,-0.001953125,0.001953125,0.009118437767028809,0.003914035856723785,-0.06786918640136719
1372,561000000,imu1_frame,-0.008622535125911943,-0.06835014148701603,-0.04417587252874959,0.9966455750832544,0.0,0.0,0.001953125,-0.038231492042541504,-0.004321962594985962,-0.06153392791748047
1372,586000000,imu1_frame,-0.008928236454293808,-0.06592227755983036,-0.044189276156687766,0.9968058225090225,0.0,-0.001953125,-0.00390625,0.008589625358581543,0.003741137683391571,-0.06780052185058594
1372,611000000,imu1_frame,-0.008404843295741584,-0.06837146686920358,-0.04428676620077039,0.9966410504624048,0.0,-0.001953125,-0.00390625,-0.038471221923828125,-0.008730292320251465,-0.026393890380859375
1372,636000000,imu1_frame,-0.008946444099705709,-0.0659494565054982,-0.0442881272845913,0.996799474370961,-0.001953125,0.0,-0.00390625,0.008035540580749512,0.003943897783756256,-0.03256797790527344
1372,661000000,imu1_frame,-0.008287319057075604,-0.06836160425198183,-0.04436082635494862,0.996639417488616,0.005859375,0.0,-0.001953125,-0.03818690776824951,-0.011110566556453705,-0.026457786560058594
1372,686000000,imu1_frame,-0.00899106546591957,-0.06600285531677166,-0.04430296184704001,0.9967948793023571,-0.001953125,-0.001953125,0.0,0.006959438323974609,0.004747167229652405,-0.03241539001464844
1372,711000000,imu1_frame,-0.008525258414178526,-0.06845476664807099,-0.0443516024109034,0.9966314264840913,-0.001953125,-0.001953125,0.0,-0.04019618034362793,-0.006544902920722961,-0.06128692626953125
1372,736000000,imu1_frame,-0.008950176834451663,-0.06602251643486444,-0.0442812523797901,0.9967949098715931,0.001953125,0.0,0.001953125,0.006615281105041504,0.003961488604545593,-0.0675344467163086
1372,761000000,imu1_frame,-0.008255275051436623,-0.06841000051377245,-0.04431425442389307,0.9966384344978801,0.001953125,0.0,0.001953125,-0.0390932559967041,-0.011714652180671692,-0.026338577270507812
1372,786000000,imu1_frame,-0.008978219243614171,-0.06605860939288394,-0.04423092659848806,0.9967945008057234,-0.001953125,-0.001953125,0.001953125,0.00589752197265625,0.00454152375459671,-0.03227519989013672
1372,811000000,imu1_frame,-0.00850468074473903,-0.06850665194748123,-0.04425584176147615,0.9966322940354482,-0.001953125,-0.001953125,0.001953125,-0.04117417335510254,-0.00686240941286087,-0.06115436553955078
1372,836000000,imu1_frame,-0.008891463132415652,-0.06608371877556503,-0.04419464072054879,0.9967952235678793,-0.001953125,-0.001953125,0.001953125,0.0054885149002075195,0.0028764232993125916,-0.032240867614746094
1372,861000000,imu1_frame,-0.008330843387181397,-0.06853841052988341,-0.04426391894381154,0.9966312200659937,0.00390625,-0.001953125,-0.001953125,-0.04164254665374756,-0.010287471115589142,-0.025970458984375
1372,886000000,imu1_frame,-0.008920051686806957,-0.06612590528651173,-0.04418948624250218,0.9967923989645826,-0.001953125,0.0,0.001953125,0.004646420478820801,0.003403186798095703,-0.03212165832519531
1372,911000000,imu1_frame,-0.008249921708854574,-0.0685037061633133,-0.04422726193288935,0.996635906605621,-0.001953125,0.0,0.001953125,-0.04089689254760742,-0.011784009635448456,-0.02608966827392578
1372,936000000,imu1_frame,-0.008940503616774606,-0.06611700393357911,-0.044146178924360194,0.9967947251426964,-0.001953125,0.0,0.001953125,0.004806637763977051,0.003865748643875122,-0.03213787078857422
1372,961000000,imu1_frame,-0.008175070329880763,-0.068491724364895,-0.04421425817394958,0.9966379238684188,-0.001953125,-0.001953125,0.0,-0.04059946537017822,-0.013214126229286194,-0.02614593505859375
1372,987000000,imu1_frame,-0.009009360573997871,-0.06600948969936477,-0.04412586142239996,0.9968021303375149,-0.00390625,0.001953125,0.001953125,0.0068361759185791016,0.005327686667442322,-0.03239154815673828
1373,11000000,imu1_frame,-0.008182664610656674,-0.06819831563930169,-0.044177292402320274,0.9966596212247347,-0.00390625,0.001953125,0.001953125,-0.034912943840026855,-0.012759849429130554,-0.026927947998046875
1373,36000000,imu1_frame,-0.009044289324952643,-0.06589903751181202,-0.044130095425702016,0.9968089347329013,0.0,-0.001953125,-0.001953125,0.008949041366577148,0.006099246442317963,-0.03266429901123047
1373,61000000,imu1_frame,-0.00815995667679095,-0.06824097995595975,-0.04422694860516521,0.9966546848225614,0.0,-0.001953125,-0.001953125,-0.03572571277618408,-0.013306118547916412,-0.026821136474609375
1373,86000000,imu1_frame,-0.009038599511134277,-0.06596912966457773,-0.04413005562581068,0.9968043518367274,0.0,-0.00390625,0.001953125,0.007594108581542969,0.00592716783285141,-0.032485008239746094
1373,111000000,imu1_frame,-0.008061323371007581,-0.06828668786256673,-0.044229742665364974,0.9966522328224746,0.001953125,-0.001953125,-0.001953125,-0.03652811050415039,-0.015271306037902832,-0.02673053741455078
1373,136000000,imu1_frame,-0.009005577798610413,-0.0660305203875753,-0.04417396787414979,0.9967986409040257,0.001953125,-0.001953125,-0.001953125,0.006426215171813965,0.00517311692237854,-0.03233909606933594
1373,161000000,imu1_frame,-0.008089645098705321,-0.06833566537452145,-0.04424878286512515,0.9966478012291772,0.0,0.0,0.0,-0.037503838539123535,-0.014788046479225159,-0.026590347290039062
1373,186000000,imu1_frame,-0.009004023096529623,-0.06603480874291812,-0.04417409702026522,0.9967983651445298,0.0,0.0,0.0,0.006343960762023926,0.005138926208019257,-0.03232860565185547
1373,211000000,imu1_frame,-0.0065422926052717744,-0.06564255709791136,-0.04433531750533257,0.9968363119022178,0.0,0.0,0.0,-0.0191115140914917,0.07059092074632645,-0.03408622741699219
1373,236000000,imu1_frame,-0.008634324968778171,-0.06429097732993957,-0.04419217681431491,0.9969148259378569,0.0,0.0,0.0,-0.033725738525390625,-0.039624422788619995,-0.07596015930175781
1373,261000000,imu1_frame,-0.01073070463738031,-0.06298702551745781,-0.044023953098107554,0.996985144396878,0.0,-0.00390625,0.001953125,-0.010178089141845703,0.002575710415840149,-0.07841110229492188
1373,286000000,imu1_frame,-0.00823892517437909,-0.06274986664060558,-0.04415249866050709,0.9970181198005337,0.001953125,-0.001953125,0.001953125,-0.003473997116088867,-0.04593288153409958,-0.07991790771484375
1373,311000000,imu1_frame,-0.0085627874712869,-0.06522945161873446,-0.04411787406269419,0.9968577684406282,0.001953125,-0.001953125,0.001953125,0.022355318069458008,-0.0026817768812179565,-0.0697031021118164
1373,336000000,imu1_frame,-0.008944382581520869,-0.06767368441191446,-0.04408233819642289,0.9966930409697302,0.0,0.0,0.001953125,-0.025377392768859863,0.002664238214492798,-0.06322193145751953
1373,361000000,imu1_frame,-0.008571237897322314,-0.0652280715994422,-0.04406883412715767,0.9968599552670367,0.0,0.0,0.001953125,0.02237546443939209,-0.002452552318572998,-0.034546852111816406
1373,386000000,imu1_frame,-0.008943338049757787,-0.06770170996823649,-0.04403383853609521,0.9966932909554883,0.0,-0.001953125,0.001953125,-0.02591395378112793,0.002683967351913452,-0.027991294860839844
1373,411000000,imu1_frame,-0.008571371131573729,-0.06525669536929508,-0.044068721411183474,0.9968580857371762,0.0,0.0,-0.001953125,0.0218198299407959,-0.0024748072028160095,-0.034473419189453125
1373,436000000,imu1_frame,-0.008938060612653979,-0.06770275699173983,-0.044082638688069976,0.9966911099907028,0.0,0.0,-0.001953125,-0.02593553066253662,0.0025152787566184998,-0.06314754486083984
1373,461000000,imu1_frame,-0.00857801256478459,-0.0652793473235673,-0.04411657166768518,0.996854429000412,0.0,-0.001953125,-0.001953125,0.021369576454162598,-0.0024266019463539124,-0.06956958770751953
1373,486000000,imu1_frame,-0.008946351703007272,-0.06772507887781998,-0.04410615231472901,0.9966884788188279,0.0,0.0,0.0,-0.026378393173217773,0.0026260092854499817,-0.06308555603027344
1373,511000000,imu1_frame,-0.008587576607921013,-0.06527889074003557,-0.044115916653472476,0.9968544055425432,0.0,0.0,0.0,0.0213700532913208,-0.0022389665246009827,-0.03441143035888672
1373,536000000,imu1_frame,-0.00894681043880223,-0.0677281606492467,-0.044106139397380006,0.9966882658612475,0.0,0.0,0.0,-0.026438593864440918,0.0026322752237319946,-0.02792072296142578
1373,561000000,imu1_frame,-0.008613454656996266,-0.06530533907676914,-0.04411734315247694,0.9968523868257059,-0.001953125,-0.001953125,0.0,0.020834803581237793,-0.0017597153782844543,-0.03433513641357422
1373,586000000,imu1_frame,-0.008907322789692048,-0.06776048075552699,-0.044108748967156164,0.9966863072767942,0.001953125,0.0,0.0,-0.027032017707824707,0.0018312782049179077,-0.027849197387695312
1373,611000000,imu1_frame,-0.008629554000857029,-0.06530452954648996,-0.044109716613352924,0.9968526381159593,0.001953125,0.0,0.0,0.02083766460418701,-0.0014355108141899109,-0.069488525390625
1373,636000000,imu1_frame,-0.008945796256601416,-0.06778408398190948,-0.044130173139480505,0.9966834093666597,-0.001953125,-0.001953125,-0.001953125,-0.02752518653869629,0.002531610429286957,-0.06292915344238281
1373,661000000,imu1_frame,-0.00863264134094908,-0.0653596643321003,-0.04416424965236269,0.9968465833991296,-0.001953125,-0.001953125,-0.001953125,0.019759416580200195,-0.0014935806393623352,-0.03419017791748047
1373,686000000,imu1_frame,-0.008932692644433629,-0.06783982652884146,-0.044182550210432395,0.996677413808279,0.0,-0.001953125,-0.001953125,-0.02860081195831299,0.002157732844352722,-0.027629852294921875
1373,711000000,imu1_frame,-0.008665665711220696,-0.0653605237315553,-0.044189561723719226,0.9968451187671953,-0.001953125,0.001953125,0.0,0.019711732864379883,-0.000883445143699646,-0.03417682647705078
1373,736000000,imu1_frame,-0.008927913923014251,-0.06779753878713218,-0.044189723815899355,0.9966800160515237,-0.001953125,0.001953125,0.0,-0.027777552604675293,0.00209210067987442,-0.02774333953857422
1373,761000000,imu1_frame,-0.00866306665712037,-0.06531807225130082,-0.04417235319960508,0.9968486865749874,-0.001953125,0.001953125,0.001953125,0.020539522171020508,-0.0008748024702072144,-0.034285545349121094
1373,786000000,imu1_frame,-0.008923939201159012,-0.0678042918863294,-0.044148109455247296,0.9966814364391738,-0.001953125,-0.001953125,0.001953125,-0.027900338172912598,0.002064235508441925,-0.027727127075195312
1373,811000000,imu1_frame,-0.008665113658094649,-0.06537310227866423,-0.04413004749932516,0.9968469351969051,-0.001953125,-0.001953125,0.001953125,0.019475102424621582,-0.0008287057280540466,-0.034145355224609375
1373,836000000,imu1_frame,-0.008926609609425339,-0.0678590822450243,-0.04410575585536226,0.9966795587841516,-0.001953125,-0.001953125,0.001953125,-0.028959989547729492,0.0021248385310173035,-0.02758026123046875
1373,861000000,imu1_frame,-0.008333920824364535,-0.06471545343306938,-0.04495374118482334,0.9968558657118558,0.017578125,0.056640625,-0.068359375,0.032430052757263184,-0.007755398750305176,-0.03592681884765625
1373,886000000,imu1_frame,-0.009158940408005077,-0.06722800894764903,-0.046694343935740644,0.9966023012555952,-0.0234375,-0.009765625,-0.140625,-0.017227530479431152,0.003779679536819458,-0.029165267944335938
1373,911000000,imu1_frame,-0.01163345293903866,-0.06637914830753781,-0.048303388649874,0.9965566988825173,-0.0234375,-0.009765625,-0.140625,-0.00325930118560791,0.01159946620464325,-0.03037548065185547
1373,936000000,imu1_frame,-0.008912456292040093,-0.06674872195225226,-0.04593721692216889,0.9966719361665747,0.033203125,-0.005859375,0.201171875,-0.007627129554748535,-0.038646817207336426,-0.03050708770751953
1373,961000000,imu1_frame,-0.011016302856338601,-0.0676547278187911,-0.04324981718039488,0.9967100542228945,0.033203125,-0.005859375,0.201171875,0.051487088203430176,-0.14725469052791595,-0.06246376037597656
1373,986000000,imu1_frame,-0.008520253017944634,-0.06666974203794407,-0.04085920641878893,0.9969017384055114,0.033203125,-0.005859375,0.201171875,-0.005191326141357422,-0.0004982799291610718,-0.030846595764160156
1374,11000000,imu1_frame,-0.010038604956377236,-0.06471554261096502,-0.0407248797067205,0.9970218699346427,-0.001953125,0.0,0.001953125,0.03154933452606201,0.03084374964237213,-0.03531455993652344
1374,36000000,imu1_frame,-0.008538489313850458,-0.06667568270120404,-0.040816036678068546,0.996902953494702,-0.001953125,0.0,0.001953125,-0.00531315803527832,-9.144842624664307e-05,-0.03082561492919922
1374,61000000,imu1_frame,-0.00930928061571898,-0.0643666978324071,-0.040771719053055766,0.9970496138257254,0.001953125,0.0,-0.001953125,0.038884520530700684,0.01685379445552826,-0.03647041320800781
1374,86000000,imu1_frame,-0.008596290536896855,-0.0667488210506897,-0.04085481795886848,0.9968959737740424,0.001953125,0.0,-0.001953125,-0.006781101226806641,0.0009247064590454102,-0.06577205657958984
1374,111000000,imu1_frame,-0.008487534388282338,-0.06923698906643315,-0.04089755417348219,0.9967254341932131,0.001953125,0.0,-0.001953125,-0.054956912994384766,-0.0032676681876182556,-0.05919456481933594
1374,136000000,imu1_frame,-0.00853301236221235,-0.06676687090741486,-0.040901118717882955,0.9968934101180952,0.001953125,0.0,-0.001953125,-0.0070912837982177734,-0.00038323551416397095,-0.03058910369873047
1374,161000000,imu1_frame,-0.009083755352850127,-0.06433033546584238,-0.04085666481304486,0.9970505635462508,-0.00390625,0.001953125,0.0,0.039757370948791504,0.0123806893825531,-0.03664398193359375
1374,186000000,imu1_frame,-0.008582950521410908,-0.06672020296102738,-0.040911035746814955,0.9968956989732222,-0.00390625,0.001953125,0.0,-0.0062220096588134766,0.0006142333149909973,-0.030694007873535156
1374,211000000,imu1_frame,-0.008233846959328136,-0.06427152356081207,-0.04092685264448489,0.9970588587220108,-0.00390625,0.001953125,0.0,0.04156029224395752,-0.004223495721817017,-0.037078857421875
1374,236000000,imu1_frame,-0.008720200755459807,-0.06683679130948338,-0.032420305418023064,0.9971989396418546,0.033203125,-0.013671875,0.6796875,-0.007552027702331543,0.014340057969093323,-0.030344009399414062
1374,261000000,imu1_frame,-0.006334759226074423,-0.06669828401702348,-0.03451252745739332,0.997156003433382,-0.013671875,-0.029296875,-0.154296875,-0.0035475492477416992,-0.034802936017513275,-0.03140735626220703
1374,286000000,imu1_frame,-0.003941561367508042,-0.06658144862218204,-0.036606924190450724,0.9971014531604457,-0.013671875,-0.029296875,-0.154296875,-0.07396435737609863,0.2596486546099186,-0.032192230224609375
1374,311000000,imu1_frame,-0.0006814627568414917,-0.06584328284296087,-0.03913558816627243,0.9970619857620954,0.052734375,0.017578125,-0.193359375,-0.057227134704589844,0.19338082894682884,-0.034397125244140625
1374,336000000,imu1_frame,-0.0012694376755675797,-0.06360898219548385,-0.041413317689165514,0.9971144483107336,0.052734375,0.017578125,-0.193359375,-0.20565998554229736,-0.1790937650948763,0.03809642791748047
1374,361000000,imu1_frame,0.00012372930661857474,-0.05913830798112446,-0.0441964809440842,0.9972709342462295,0.2109375,0.2109375,-0.244140625,-0.11756932735443115,-0.20584627240896225,0.02733898162841797
1374,386000000,imu1_frame,0.00429989561135644,-0.0587697303790708,-0.047150408809163755,0.9971481678456976,0.2109375,0.2109375,-0.244140625,0.3897097110748291,0.16671118140220642,-0.12940025329589844
1374,411000000,imu1_frame,0.004960527055343186,-0.05727983349044608,-0.04988620199988608,0.9970986815238834,0.2109375,0.2109375,-0.244140625,0.1149907112121582,-0.19160078465938568,-0.050628662109375
1374,436000000,imu1_frame,0.005926888111319045,-0.05629340329660313,-0.052640036488778116,0.9970079996173862,0.2109375,0.2109375,-0.244140625,0.17464077472686768,-0.21249336004257202,-0.0916757583618164
1374,461000000,imu1_frame,0.003922904728046083,-0.0567033213846715,-0.05293016966801322,0.9969793083616917,-0.009765625,0.08984375,-0.033203125,0.1646440029144287,-0.17417961359024048,-0.091156005859375
1374,486000000,imu1_frame,0.0011443285532360895,-0.05807846798344835,-0.05294002690474954,0.9969066835066271,-0.076171875,0.01953125,-0.005859375,0.13505315780639648,-0.12146276235580444,-0.08834648132324219
1374,511000000,imu1_frame,-0.0022015417271485107,-0.05843018078683098,-0.05292493249102761,0.9968851582344186,-0.076171875,0.01953125,-0.005859375,0.08569896221160889,-0.24801679700613022,-0.05232048034667969
1374,536000000,imu1_frame,-0.004567558803168011,-0.05767741020362574,-0.05425638886640444,0.99684938582815,-0.01171875,0.119140625,-0.1171875,0.09784162044525146,-0.20263752155005932,-0.05371570587158203
1374,561000000,imu1_frame,-0.006701655911186218,-0.05759649342515161,-0.05393033570478387,0.9968596945628527,0.0078125,0.087890625,0.015625,0.09718644618988037,-0.16059920191764832,-0.05342674255371094
1374,586000000,imu1_frame,-0.00872502221686245,-0.05772882532392733,-0.05361595784065673,0.9968533421616559,0.0078125,0.087890625,0.015625,0.09253561496734619,-0.12095821648836136,-0.05251884460449219
1374,611000000,imu1_frame,-0.00637402034069243,-0.05547486395652486,-0.053546774521823486,0.9970028356389016,0.0078125,0.087890625,0.015625,0.021576642990112305,-0.011969223618507385,-0.05819988250732422
1374,636000000,imu1_frame,-0.007160123197946657,-0.056948094569505794,-0.05316225460367805,0.9969350138530326,0.025390625,0.060546875,0.025390625,-0.007825613021850586,0.0022271648049354553,-0.054755210876464844
1374,661000000,imu1_frame,-0.004567979818031026,-0.05416827917731539,-0.0528544236609683,0.9971215276940005,0.046875,0.103515625,0.03125,0.04886579513549805,-0.04505511000752449,-0.0613861083984375
1374,686000000,imu1_frame,-0.0014934423521620916,-0.05239914187927579,-0.052570801331841235,0.9972403975008155,0.046875,0.103515625,0.03125,0.01219320297241211,0.014328612014651299,-0.061530113220214844
1374,711000000,imu1_frame,-0.003077005332660436,-0.05228648719730002,-0.052034749157948645,0.9972707958096529,0.046875,0.103515625,0.03125,0.012764334678649902,0.006800323259085417,-0.02255725860595703
1374,736000000,imu1_frame,-0.0017400426253093302,-0.05341225654227952,-0.0516564045744105,0.9972340342011842,0.046875,0.103515625,0.03125,-0.007769346237182617,-0.020013440400362015,-0.05941963195800781
1374,761000000,imu1_frame,-0.004190180277356257,-0.05293822709784117,-0.0519379959279746,0.997237399559386,0.0,0.013671875,-0.033203125,-0.0010311603546142578,0.027934830635786057,-0.060120582580566406
1374,786000000,imu1_frame,-0.002955668907138317,-0.0549480485068993,-0.052419470547043656,0.9971079054416139,0.0,0.013671875,-0.033203125,0.0002199411392211914,0.0013052282156422734,-0.05996131896972656
1374,811000000,imu1_frame,-0.004688992316099684,-0.056534578473949215,-0.052736424593628047,0.9969958496949288,0.0,0.013671875,-0.033203125,0.002772212028503418,-0.0059599243104457855,-0.056244850158691406
1374,836000000,imu1_frame,-0.007139263217362106,-0.05832389291351272,-0.05297794538380122,0.9968654331147396,-0.078125,0.01171875,-0.021484375,-0.03450942039489746,0.039653897285461426,-0.05166149139404297
1374,861000000,imu1_frame,-0.006029948285288708,-0.05698171923279599,-0.05466688457352895,0.9968591952367076,-0.0859375,-0.00390625,-0.12109375,-0.00740206241607666,0.017546072602272034,-0.05497169494628906
1374,886000000,imu1_frame,-0.008377990369414789,-0.05906072498101106,-0.056164014635870875,0.9966379701286063,-0.0859375,-0.00390625,-0.12109375,-0.011346578598022461,0.020250536501407623,-0.04959392547607422
1374,911000000,imu1_frame,-0.011207492729112666,-0.057383203891739315,-0.05761716542672319,0.9966252165513552,-0.0859375,-0.00390625,-0.12109375,-0.021141409873962402,0.0013637244701385498,-0.052329063415527344
1374,936000000,imu1_frame,-0.010682984878983727,-0.05378608662931994,-0.05778125325872075,0.9968220791550669,0.017578125,0.091796875,-0.013671875,0.04928326606750488,-0.004934325814247131,-0.060370445251464844
1374,961000000,imu1_frame,-0.01095974124390173,-0.055685050291368214,-0.058120567783427245,0.99669506813591,0.005859375,0.044921875,-0.02734375,0.012038111686706543,-0.002083525061607361,-0.05619049072265625
1374,988000000,imu1_frame,-0.008316846765477951,-0.054104678630080234,-0.05862417711174641,0.9967781697389776,0.005859375,0.044921875,-0.02734375,0.010501861572265625,-0.013234719634056091,-0.060577392578125
1375,11000000,imu1_frame,-0.01026296502609553,-0.05258216867030679,-0.0588204348048627,0.9968299471505495,0.005859375,0.044921875,-0.02734375,-0.001217961311340332,-0.012825354933738708,-0.05914020538330078
1375,36000000,imu1_frame,-0.012154253496238993,-0.05349083431323638,-0.059066159521001575,0.9967458018802301,0.005859375,0.044921875,-0.02734375,0.053151845932006836,-0.05542014539241791,-0.017364501953125
1375,61000000,imu1_frame,-0.014889003529199384,-0.05488848876652396,-0.06002838381951252,0.9965752176884853,-0.07421875,0.015625,-0.080078125,0.022666335105895996,-0.004833340644836426,-0.012957572937011719
1375,86000000,imu1_frame,-0.013250005732010193,-0.054591417260649894,-0.06121827564470587,0.9965422907416746,-0.07421875,0.015625,-0.080078125,-0.005054593086242676,0.040434300899505615,-0.057463645935058594
1375,111000000,imu1_frame,-0.014246714914101998,-0.05682985139123403,-0.06228531719675,0.9963372613561668,-0.07421875,0.015625,-0.080078125,0.024300694465637207,0.016865774989128113,-0.04814624786376953
1375,136000000,imu1_frame,-0.012872108200765512,-0.05548530358049441,-0.0634550457677445,0.9963579412458463,-0.07421875,0.015625,-0.080078125,0.01277768611907959,-0.009531378746032715,-0.05182647705078125
1375,161000000,imu1_frame,-0.014756826985326597,-0.05750939300171765,-0.06359797394390174,0.9962079117755138,-0.04296875,0.001953125,-0.013671875,-0.028850674629211426,0.024460241198539734,-0.04633903503417969
1375,186000000,imu1_frame,-0.013807326811923417,-0.05545578998835226,-0.06386331925659539,0.9963209771637886,-0.04296875,0.001953125,-0.013671875,-0.06209671497344971,0.04732957482337952,-0.051403045654296875
1375,211000000,imu1_frame,-0.013861141319496655,-0.052962151591560674,-0.0640650821589389,0.9964429459372384,-0.04296875,0.001953125,-0.013671875,-0.013780593872070312,0.01225222647190094,-0.06056499481201172
1375,236000000,imu1_frame,-0.012270334308751074,-0.05169634674672162,-0.0643700159467218,0.9965106259724545,-0.046875,0.0,-0.013671875,0.012725234031677246,-0.01743978261947632,-0.06396675109863281
1375,261000000,imu1_frame,-0.015379356553179842,-0.053713195426646716,-0.06473787125236595,0.9963369791665776,-0.1015625,-0.033203125,-0.03125,-0.03039836883544922,0.04014405608177185,-0.05813121795654297
1375,286000000,imu1_frame,-0.015796314337822293,-0.0563850085312236,-0.06526293743035523,0.9961485613422507,-0.1015625,-0.033203125,-0.03125,0.030365943908691406,0.044246599078178406,-0.04822063446044922
1375,311000000,imu1_frame,-0.013560566083973267,-0.05760835952201717,-0.06495878231575235,0.9961313892056203,0.033203125,0.041015625,0.033203125,0.009496331214904785,-0.000510096549987793,-0.04677867889404297
1375,336000000,imu1_frame,-0.014413514296971339,-0.05497985321656765,-0.06443247752052725,0.9963021239495893,0.033203125,0.041015625,0.033203125,-0.014661550521850586,-0.019012734293937683,-0.05209636688232422
1375,361000000,imu1_frame,-0.016431283106019625,-0.0533536029725813,-0.06385420552180453,0.9963965307158155,0.015625,0.0390625,0.03515625,0.014555931091308594,0.02296462655067444,-0.05432319641113281
1375,386000000,imu1_frame,-0.01379906732483867,-0.05231587693765158,-0.06353851639268049,0.9965116615955009,0.015625,0.0390625,0.03515625,-0.0010422468185424805,0.01240934431552887,-0.061928749084472656
1375,411000000,imu1_frame,-0.011436471737998263,-0.05308635196913376,-0.06322485633123799,0.9965207794575534,0.015625,0.0390625,0.03515625,-0.013054251670837402,-0.034241169691085815,-0.06150627136230469
1375,436000000,imu1_frame,-0.013702390151896103,-0.052233559558913324,-0.06264620469601813,0.9965738069993187,0.015625,0.0390625,0.03515625,0.0008575916290283203,-0.02750656008720398,-0.0621490478515625
1375,461000000,imu1_frame,-0.016907026468046073,-0.05260293393699225,-0.06248794727246954,0.9965150978499534,-0.060546875,0.00390625,0.005859375,-0.010148882865905762,0.03461116552352905,-0.059474945068359375
1375,486000000,imu1_frame,-0.016057699123737376,-0.05441271377902455,-0.06256746620357458,0.9964269762761937,-0.060546875,0.00390625,0.005859375,-0.0052329301834106445,0.015744313597679138,-0.052329063415527344
1375,511000000,imu1_frame,-0.016208090375314052,-0.051907097693243025,-0.06253932164162755,0.9965599752468763,-0.060546875,0.00390625,0.005859375,-0.03486752510070801,0.02180922031402588,-0.06134796142578125
1375,536000000,imu1_frame,-0.016279394660817972,-0.05064804378133752,-0.06196015221699247,0.9966597696846442,-0.125,-0.0625,0.056640625,-0.010342717170715332,0.025342434644699097,-0.0638265609741211
1375,561000000,imu1_frame,-0.01545485151904677,-0.05113697566210914,-0.061641151844899815,0.9966677107661767,-0.126953125,-0.06640625,0.041015625,-0.018780231475830078,0.00900772213935852,-0.06336498260498047
1375,586000000,imu1_frame,-0.018952906225015748,-0.05352984870961397,-0.061122786896061466,0.9965135962769449,-0.126953125,-0.06640625,0.041015625,0.008867502212524414,0.000539630651473999,-0.09517955780029297
1375,611000000,imu1_frame,-0.01979396262716799,-0.05549415907451,-0.060360986040178206,0.9964362241088913,-0.029296875,0.03515625,0.064453125,-0.03002142906188965,0.01537206768989563,-0.09035682678222656
1375,636000000,imu1_frame,-0.01787861855266305,-0.05405677400089238,-0.05970137505454161,0.996591172948999,-0.029296875,0.03515625,0.064453125,0.0002988576889038086,0.01567015051841736,-0.055782318115234375
1375,661000000,imu1_frame,-0.015677377591111527,-0.05467080023440437,-0.05833823754129318,0.9966754604554939,0.00390625,0.04296875,0.12109375,-0.00876462459564209,-0.026445597410202026,-0.05592155456542969
1375,686000000,imu1_frame,-0.016290319895690138,-0.05170345700169256,-0.05677064772092282,0.9969144755540051,0.00390625,0.04296875,0.12109375,-0.029522299766540527,-0.00945955514907837,-0.018739700317382812
1375,711000000,imu1_frame,-0.01700718221924721,-0.04876450110372311,-0.05519765269500403,0.9971389062322399,0.00390625,0.04296875,0.12109375,0.027262389659881592,0.009345203638076782,-0.024044036865234375
1375,736000000,imu1_frame,-0.019105483806695082,-0.04953947789798977,-0.05360973641821164,0.9971493452734533,0.00390625,0.04296875,0.12109375,0.049540817737579346,-0.062332868576049805,-0.10310554504394531
1375,761000000,imu1_frame,-0.02081562547524799,-0.05087375224454304,-0.0532639508853394,0.9970664584694038,0.017578125,0.01953125,0.021484375,0.0219651460647583,-0.03008788824081421,-0.099151611328125
1375,786000000,imu1_frame,-0.018120395644069545,-0.05031894180755216,-0.053112870274475435,0.9971552930051955,0.017578125,0.01953125,0.021484375,-0.0035137534141540527,0.03142213821411133,-0.020270347595214844
1375,811000000,imu1_frame,-0.020171762646235047,-0.05111149663568006,-0.05273783798004852,0.9970954996130486,0.017578125,0.01953125,0.021484375,-0.020882368087768555,0.0357779860496521,-0.06013202667236328
1375,836000000,imu1_frame,-0.01744169418369116,-0.05012256047079354,-0.052754429218825845,0.9971963128861088,0.03125,0.01171875,0.005859375,0.0011001825332641602,-0.016393840312957764,-0.06409549713134766
1375,861000000,imu1_frame,-0.01907205012120482,-0.05040263424137185,-0.05230493476764104,0.9971760251653954,0.056640625,0.046875,0.025390625,-0.005850672721862793,0.015531420707702637,-0.062381744384765625
1375,886000000,imu1_frame,-0.016489075160188764,-0.05150865727788288,-0.05208676380829365,0.9971769841215603,0.056640625,0.046875,0.025390625,0.014362931251525879,-0.0005701780319213867,-0.058068275451660156
1375,911000000,imu1_frame,-0.01657649645923961,-0.05384615683915987,-0.05120831798196436,0.9970975475490085,0.02734375,0.009765625,0.0703125,-0.03091907501220703,-0.00034749507904052734,-0.05319786071777344
1375,936000000,imu1_frame,-0.01619692683607925,-0.05124494006101229,-0.050285211722762145,0.997287828643871,0.02734375,0.009765625,0.0703125,-0.05786693096160889,-0.004155963659286499,-0.05878448486328125
1375,961000000,imu1_frame,-0.016439280725339303,-0.048773456308387864,-0.04951467871264268,0.9974463377049168,-0.00390625,-0.001953125,0.05859375,-0.00982898473739624,0.003783315420150757,-0.0634613037109375
1375,986000000,imu1_frame,-0.015192690365917484,-0.046689117752288276,-0.04882245167654019,0.9975999582273698,-0.00390625,-0.001953125,0.05859375,0.03208160400390625,-0.017826974391937256,-0.06812191009521484
1376,11000000,imu1_frame,-0.016513325768273995,-0.048859565854300735,-0.04806292066806502,0.9975119089782616,-0.00390625,-0.001953125,0.05859375,-0.01117098331451416,0.006550580263137817,-0.06324958801269531
1376,36000000,imu1_frame,-0.014775959347290004,-0.04717624115342399,-0.047400532094137686,0.9976518745801031,-0.00390625,-0.001953125,0.05859375,0.023343265056610107,-0.025092050433158875,-0.06747245788574219
1376,61000000,imu1_frame,-0.017730032162863795,-0.05020394321056417,-0.04344207713462323,0.9976362042246881,-0.076171875,-0.109375,0.314453125,-0.03704780340194702,0.033589184284210205,-0.05983257293701172
1376,86000000,imu1_frame,-0.0191104764243981,-0.053932431001909274,-0.03957426497901392,0.9975770447080403,-0.076171875,-0.109375,0.314453125,0.042922139167785645,0.02624213695526123,-0.05124855041503906
1376,111000000,imu1_frame,-0.019669622320669728,-0.05279031105975383,-0.03567224882493422,0.9977744132216202,-0.076171875,-0.109375,0.314453125,-0.08628976345062256,0.04213231801986694,-0.0922689437866211
1376,136000000,imu1_frame,-0.01930290354622774,-0.05172821391262066,-0.03261345035345576,0.9979418583545525,-0.05078125,-0.095703125,0.248046875,-0.06433451175689697,0.03887665271759033,-0.09471893310546875
1376,161000000,imu1_frame,-0.01810720993480731,-0.05140013925104305,-0.029609037598342724,0.9980748767130901,-0.05078125,-0.095703125,0.248046875,-0.05624222755432129,0.05398324131965637,-0.10016059875488281
1376,186000000,imu1_frame,-0.019532840131235022,-0.05492870372993087,-0.026534828576394175,0.9979464958279971,-0.05078125,-0.095703125,0.248046875,0.027750015258789062,0.008786529302597046,-0.052715301513671875
1376,211000000,imu1_frame,-0.01918368334870882,-0.056646442684133,-0.025499578438427775,0.9978842309225415,-0.00390625,0.056640625,0.08984375,-0.005119681358337402,0.002207547426223755,-0.049233436584472656
1376,236000000,imu1_frame,-0.018441182389851984,-0.053583712385120046,-0.02440123022554482,0.9980948294238243,-0.00390625,0.056640625,0.08984375,-0.17139899730682373,0.06469717621803284,-0.013409614562988281
1376,261000000,imu1_frame,-0.016672033845377302,-0.05033150306054855,-0.02313955449907,0.9983252696915514,0.0703125,0.076171875,0.099609375,-0.10692024230957031,0.033048778772354126,-0.02122974395751953
1376,286000000,imu1_frame,-0.015937925370460574,-0.04689590506609031,-0.021823898345313248,0.9985341627024742,0.0703125,0.076171875,0.099609375,-0.004169464111328125,-0.013608187437057495,-0.07119560241699219
1376,311000000,imu1_frame,-0.017071136360555277,-0.04746510683888569,-0.02048417658580447,0.9985169194589214,0.0703125,0.076171875,0.099609375,0.02376502752304077,-0.02955847978591919,-0.10847759246826172
1376,336000000,imu1_frame,-0.01812313380965038,-0.047904497403451124,-0.018535933670553204,0.9985154632314919,0.0625,0.103515625,0.150390625,0.015459418296813965,-0.007377594709396362,-0.1069345474243164
1376,361000000,imu1_frame,-0.01927399448541717,-0.05027729572292683,-0.01642804564667261,0.9984141555424765,-0.001953125,-0.01171875,0.16796875,-0.03037625551223755,0.016258686780929565,-0.10153961181640625
1376,386000000,imu1_frame,-0.017406632502758604,-0.04889808796300002,-0.014403510608449029,0.9985482086612687,-0.001953125,-0.01171875,0.16796875,-0.07652056217193604,0.09552076458930969,-0.06649017333984375
1376,411000000,imu1_frame,-0.01664673085711461,-0.046684806949806854,-0.012309900682753833,0.9986950893526068,-0.001953125,-0.01171875,0.16796875,-0.1106838583946228,0.04420739412307739,-0.07113075256347656
1376,436000000,imu1_frame,-0.01567695411332271,-0.044246390203725665,-0.012515483029027542,0.9988192292643442,0.0,0.01171875,-0.015625,-0.0630190372467041,0.02572271227836609,-0.07607746124267578
1376,461000000,imu1_frame,-0.014581761996753038,-0.041748233713646575,-0.012743340499795832,0.9989404709349636,0.0078125,0.017578125,-0.017578125,-0.01414036750793457,0.0047997236251831055,-0.08092498779296875
1376,486000000,imu1_frame,-0.01363421339307558,-0.03919142554309283,-0.012964207793350571,0.9990545879507,0.0078125,0.017578125,-0.017578125,0.03587466478347778,-0.013204425573348999,-0.08549308776855469
1376,511000000,imu1_frame,-0.013939034773693812,-0.0408804183095913,-0.013704045957482841,0.9989728193663758,0.04296875,0.052734375,-0.060546875,0.0026793479919433594,-0.008293777704238892,-0.08268451690673828
1376,536000000,imu1_frame,-0.015239400261242491,-0.041880264673239354,-0.014391995694790676,0.9989027352903276,0.04296875,0.052734375,-0.060546875,-0.01734071969985962,0.016246646642684937,-0.08032608032226562
1376,561000000,imu1_frame,-0.012581076883628379,-0.039982996754648024,-0.015216593422309665,0.9990052711370377,0.048828125,0.03515625,-0.0625,0.020168066024780273,-0.03574393689632416,-0.0848073959350586
1376,586000000,imu1_frame,-0.01043170876003097,-0.03757425648817959,-0.016014796596167762,0.9991110453756828,0.048828125,0.03515625,-0.0625,-0.698020875453949,0.49665431678295135,-0.16364479064941406
1376,611000000,imu1_frame,-0.009906613917351299,-0.03466169197133671,-0.0167479942701298,0.9992096530750214,0.048828125,0.03515625,-0.0625,0.046316444873809814,-0.00926034152507782,-0.05468463897705078
1376,636000000,imu1_frame,-0.011636714609764065,-0.035019870886556635,-0.017436252776512944,0.9991667391408171,0.048828125,0.03515625,-0.0625,0.003471970558166504,-0.015129491686820984,-0.08862495422363281
1376,661000000,imu1_frame,-0.012973282063759202,-0.035597205028369,-0.01991418724325693,0.9990835591146033,0.060546875,0.052734375,-0.205078125,-0.008829712867736816,0.009032666683197021,-0.08718490600585938
1376,686000000,imu1_frame,-0.011920618239011622,-0.03747448253343616,-0.022493783067329,0.9989732687829895,0.060546875,0.052734375,-0.205078125,0.02861696481704712,-0.014171183109283447,-0.08501529693603516
1376,711000000,imu1_frame,-0.01332152918753488,-0.03581065011315097,-0.024936757840682354,0.9989586039005692,0.060546875,0.052734375,-0.205078125,0.02080172300338745,0.012202456593513489,-0.051550865173339844
1376,736000000,imu1_frame,-0.012257644196531518,-0.038266897650132414,-0.025214128016702135,0.9988741874987774,0.0078125,-0.01171875,-0.017578125,-0.026645183563232422,-0.009996965527534485,-0.048526763916015625
1376,761000000,imu1_frame,-0.013104766424460875,-0.035883037491966745,-0.02548490778029776,0.9989450396256742,0.013671875,0.009765625,-0.02734375,0.019362330436706543,0.007546737790107727,-0.05156135559082031
1376,786000000,imu1_frame,-0.010720924117713505,-0.03695927358158108,-0.02591584405313671,0.998923141642738,0.013671875,0.009765625,-0.02734375,-0.0005391836166381836,-0.0007912218570709229,-0.05113983154296875
1376,811000000,imu1_frame,-0.011685399295537363,-0.03878246493289021,-0.026249562061386858,0.9988344869639907,0.021484375,0.02734375,-0.029296875,-0.03663593530654907,0.01684419810771942,-0.048018455505371094
1376,836000000,imu1_frame,-0.01050261100956704,-0.03657244868806433,-0.02673289836528501,0.9989181664700727,0.001953125,0.0,-0.037109375,0.006959497928619385,-0.005442947149276733,-0.05178642272949219
1376,861000000,imu1_frame,-0.011672763364091867,-0.03871048693932396,-0.02723444847525263,0.9988110580147854,0.01171875,-0.001953125,-0.04296875,-0.035431087017059326,0.015883833169937134,-0.048132896423339844
1376,886000000,imu1_frame,-0.013099864117699473,-0.03682444764769171,-0.027682319944017646,0.9988523628535186,0.01171875,-0.001953125,-0.04296875,0.00048619508743286133,0.00537659227848053,-0.08928871154785156
1376,911000000,imu1_frame,-0.011966076512374187,-0.03915848897368297,-0.028276730148361594,0.9987611587793725,0.01171875,-0.001953125,-0.04296875,-0.04453974962234497,-0.018499955534934998,-0.08637809753417969
1376,936000000,imu1_frame,-0.011112801756699939,-0.03679983814965626,-0.028808290574697203,0.9988455135522406,0.01171875,-0.001953125,-0.04296875,-0.03335416316986084,0.004844143986701965,-0.08635902404785156
1376,961000000,imu1_frame,-0.010502907786475248,-0.03400290968137109,-0.02945082377577267,0.9989325002422125,0.017578125,0.02734375,-0.052734375,0.021408498287200928,-0.005897998809814453,-0.09048748016357422
1376,989000000,imu1_frame,-0.00818046894789175,-0.03555491292378593,-0.03027203763375583,0.9988756338164801,0.017578125,0.02734375,-0.052734375,-0.007650017738342285,-0.013657689094543457,-0.09313106536865234
1377,11000000,imu1_frame,-0.008659828023622841,-0.033182560334269834,-0.03080709091658314,0.9989368589743404,0.017578125,0.02734375,-0.052734375,-0.0008067488670349121,-0.003230839967727661,-0.092254638671875
1377,36000000,imu1_frame,-0.010375573962432312,-0.03509528907386536,-0.031618790627308546,0.9988297754017141,-0.00390625,-0.005859375,-0.068359375,-0.03927868604660034,0.028540819883346558,-0.08906364440917969
1377,61000000,imu1_frame,-0.008564776325184266,-0.033249030053549296,-0.032361249991330866,0.9988863279202476,0.01171875,-0.001953125,-0.056640625,-0.0022749900817871094,-0.006145372986793518,-0.09220123291015625
1377,86000000,imu1_frame,-0.010652553408807301,-0.0343586739086587,-0.0329955962597267,0.9988079371233372,0.01171875,-0.001953125,-0.056640625,-0.025340259075164795,0.03347475826740265,-0.0899496078491211
1377,111000000,imu1_frame,-0.008024543827037647,-0.03284998048876707,-0.03368282417774868,0.998860326989548,0.033203125,0.025390625,-0.05078125,0.00566786527633667,-0.01729394495487213,-0.09289169311523438
1377,136000000,imu1_frame,-0.00955991872645504,-0.03375056314114069,-0.0342136620753295,0.9987987448775628,0.046875,0.03125,-0.048828125,-0.01298445463180542,0.011729210615158081,-0.09119129180908203
1377,161000000,imu1_frame,-0.006730046825470937,-0.03206035077954108,-0.03518338076989054,0.9988438166676613,0.052734375,0.033203125,-0.07421875,0.021750688552856445,-0.0429915115237236,-0.09426689147949219
1377,186000000,imu1_frame,-0.0074725483610902504,-0.033712315764002465,-0.03605623042874252,0.9987530170337854,0.052734375,0.033203125,-0.07421875,0.027981996536254883,-0.030219249427318573,-0.09584331512451172
1377,211000000,imu1_frame,-0.009082931024986517,-0.03494425350772057,-0.037301755921126056,0.9986515801399327,0.005859375,0.044921875,-0.103515625,0.0026442408561706543,-0.0005171447992324829,-0.09366893768310547
1377,236000000,imu1_frame,-0.007477900738180478,-0.0323792035724734,-0.0386325169854306,0.9987007543843816,0.005859375,0.044921875,-0.103515625,-0.06352794170379639,0.04340556263923645,-0.0975637435913086
1377,261000000,imu1_frame,-0.005560074567011805,-0.030090658668290658,-0.04093304498170145,0.9986932079774267,0.021484375,0.029296875,-0.181640625,-0.017648696899414062,0.006340421736240387,-0.10084724426269531
1377,286000000,imu1_frame,-0.006581227696605124,-0.03183413352105816,-0.043161447320978624,0.9985391153330586,0.021484375,0.029296875,-0.181640625,0.1387152075767517,-0.0898079052567482,-0.0945882797241211
1377,311000000,imu1_frame,-0.007295513338456665,-0.03374699597424976,-0.045399287295298095,0.9983720851771255,0.021484375,0.029296875,-0.181640625,-0.012713968753814697,-0.0008549466729164124,-0.05287933349609375
1377,336000000,imu1_frame,-0.007375662399948425,-0.031108846598238846,-0.045418584263189815,0.9984563042372043,0.015625,0.013671875,-0.00390625,0.03864419460296631,0.003050975501537323,-0.05620098114013672
1377,361000000,imu1_frame,-0.007136887685960342,-0.03329849897987268,-0.04545488988086681,0.998385761009122,0.015625,0.025390625,-0.001953125,-0.0038371682167053223,-0.0035868436098098755,-0.0535125732421875
1377,386000000,imu1_frame,-0.006968432637587054,-0.03049741257961208,-0.045459436948319734,0.9984762332498787,0.015625,0.025390625,-0.001953125,-0.027203381061553955,-0.004375733435153961,-0.10001945495605469
1377,411000000,imu1_frame,-0.004656120720446954,-0.028839855976043178,-0.04553710008405983,0.9985354053628004,0.015625,0.025390625,-0.001953125,0.0071623921394348145,-0.012915290892124176,-0.10246849060058594
1377,436000000,imu1_frame,-0.006304583954681665,-0.03025222454849623,-0.04538531523321723,0.9984914763242634,0.017578125,0.01953125,0.0078125,-0.021826982498168945,0.018087349832057953,-0.10048389434814453
1377,461000000,imu1_frame,-0.004264885689612369,-0.028582359091025786,-0.04540810821953213,0.9985504309782102,0.009765625,0.005859375,0.001953125,0.012538731098175049,-0.020249083638191223,-0.10282516479492188
1377,486000000,imu1_frame,-0.005718242380820603,-0.02657915275705062,-0.0453292974230775,0.9986020754724685,0.009765625,0.005859375,0.001953125,0.01126861572265625,0.00994350016117096,-0.061733245849609375
1377,511000000,imu1_frame,-0.004456398329253762,-0.028740497077228356,-0.04547018153810763,0.9985422309209444,0.0,0.0,-0.0078125,-0.02978038787841797,-0.016687016934156418,-0.0596466064453125
1377,536000000,imu1_frame,-0.005716115617646497,-0.026586910269884835,-0.04552426914730829,0.9985930117636264,0.0,0.0,-0.0078125,0.011101961135864258,0.009792767465114594,-0.061725616455078125
1377,561000000,imu1_frame,-0.004645111500045442,-0.028522382771710264,-0.045647120717271505,0.9985395520410791,-0.015625,0.017578125,-0.005859375,-0.025705337524414062,-0.012908637523651123,-0.05985736846923828
1377,586000000,imu1_frame,-0.005949744810167773,-0.026780739916327782,-0.04553315684473326,0.9985860624573031,-0.0078125,-0.037109375,0.005859375,0.007113277912139893,0.014175169169902802,-0.06147003173828125
1377,611000000,imu1_frame,-0.005522130038029852,-0.02967518912273832,-0.04548601995275521,0.9985088438362628,-0.0078125,-0.037109375,0.005859375,-0.009891271591186523,0.003271043300628662,-0.062277793884277344
1377,636000000,imu1_frame,-0.004486904253554965,-0.02775675672047699,-0.04555933024183086,0.9985658604090646,-0.005859375,-0.025390625,-0.00390625,0.028434932231903076,-0.01526343822479248,-0.06463432312011719
1377,661000000,imu1_frame,-0.005807194006198139,-0.029967773626821233,-0.04565783823597838,0.998490646350402,-0.009765625,-0.001953125,-0.009765625,-0.015864312648773193,0.008472077548503876,-0.0618743896484375
1377,686000000,imu1_frame,-0.005431795242245964,-0.02754178205738021,-0.04578722685703259,0.9985566962863416,-0.009765625,-0.001953125,-0.009765625,-0.00729215145111084,0.003247790038585663,-0.0998392105102539
1377,711000000,imu1_frame,-0.0034659498416298863,-0.02618806385834239,-0.04596443227199901,0.998593732940959,-0.009765625,-0.001953125,-0.009765625,0.020859479904174805,-0.03400007262825966,-0.10160255432128906
1377,736000000,imu1_frame,-0.00542275288264214,-0.027464864974212713,-0.04583811462928057,0.9985565292913342,0.0078125,0.01171875,0.005859375,-0.005787253379821777,0.00311269611120224,-0.09992504119873047
1377,761000000,imu1_frame,-0.0026460141208623296,-0.026524428090273604,-0.046074420248664295,0.9985822956183961,0.01953125,0.0625,-0.013671875,0.015030860900878906,-0.050364792346954346,-0.10135555267333984
1377,786000000,imu1_frame,-0.004750715703089603,-0.026498933310700187,-0.046177998710488194,0.9985703929462347,0.01953125,0.0625,-0.013671875,0.01362985372543335,-0.009314015507698059,-0.06201457977294922
1377,811000000,imu1_frame,-0.006115245015142393,-0.028529350644833605,-0.046247830999027836,0.9985037897064158,-0.001953125,0.005859375,-0.0078125,-0.02720487117767334,0.015440806746482849,-0.059539794921875
1377,836000000,imu1_frame,-0.004643086791927803,-0.026451308937153105,-0.04637965904824589,0.9985628158644413,-0.001953125,0.005859375,-0.0078125,0.014641642570495605,-0.011476747691631317,-0.10114574432373047
1377,861000000,imu1_frame,-0.006006703615568225,-0.02842560247318896,-0.0464467239283813,0.9984981754975978,0.001953125,0.0078125,-0.0078125,-0.02510201930999756,0.013304919004440308,-0.09874439239501953
1377,886000000,imu1_frame,-0.004460146775586824,-0.026268592354720306,-0.04664689254864423,0.9985560252494582,0.0078125,0.009765625,-0.013671875,0.018354058265686035,-0.015019714832305908,-0.10136699676513672
1377,911000000,imu1_frame,-0.0058971438886127985,-0.028116459190757094,-0.0467808530040182,0.9984919830468083,0.0078125,0.009765625,-0.013671875,-0.01900392770767212,0.011262893676757812,-0.06004905700683594
1377,936000000,imu1_frame,-0.004486952392500594,-0.02622195664806669,-0.04693850574538122,0.9985434657170239,-0.0078125,-0.0078125,-0.009765625,0.019220948219299316,-0.014604561030864716,-0.062347412109375
1377,961000000,imu1_frame,-0.0060008130568614,-0.02840317464786898,-0.047003058488653625,0.9984728150557186,-0.001953125,-0.013671875,-0.0078125,-0.024710237979888916,0.012898482382297516,-0.059708595275878906
1377,986000000,imu1_frame,-0.004677485226563153,-0.02647596200036856,-0.0471291272036758,0.9985269099714488,-0.001953125,-0.013671875,-0.0078125,0.01407933235168457,-0.011218823492527008,-0.062050819396972656
1378,11000000,imu1_frame,-0.006110901101630144,-0.028711276567182396,-0.04719593985995665,0.998454236681053,-0.001953125,-0.013671875,-0.0078125,-0.030837178230285645,0.014653541147708893,-0.09840011596679688
1378,36000000,imu1_frame,-0.004688679343381467,-0.026072156189395252,-0.04727233580134632,0.9985307132109335,0.0078125,0.041015625,-0.00390625,0.021935582160949707,-0.01070096343755722,-0.10152721405029297
1378,61000000,imu1_frame,-0.005675377009729253,-0.02813510721342942,-0.04734834352361669,0.998465993513778,0.005859375,0.015625,-0.0078125,-0.01921379566192627,0.006602488458156586,-0.09914112091064453
1378,86000000,imu1_frame,-0.0052021775339270255,-0.025476191986708793,-0.047445046991930515,0.9985353616706297,0.005859375,0.015625,-0.0078125,-0.005989015102386475,-0.00021310895681381226,-0.10202789306640625
1378,111000000,imu1_frame,-0.007329671784590924,-0.02428077459414414,-0.047512935833924616,0.9985485670837847,-0.013671875,-0.03125,-0.009765625,0.01535499095916748,0.042390719056129456,-0.10266876220703125
1378,136000000,imu1_frame,-0.006146689778251884,-0.026757256036256116,-0.047682537524711986,0.9984851741860691,-0.013671875,-0.03125,-0.009765625,0.007191359996795654,0.016903959214687347,-0.061448097229003906
1378,161000000,imu1_frame,-0.004016792799894652,-0.02784763849599482,-0.0478910252059162,0.9984562204275785,0.005859375,0.029296875,-0.01171875,-0.012105762958526611,-0.02579844370484352,-0.06070709228515625
1378,186000000,imu1_frame,-0.0067050527975881,-0.02695270217257083,-0.04824755171457477,0.9984491814139204,-0.029296875,-0.001953125,-0.033203125,0.0028010010719299316,0.027317315340042114,-0.061102867126464844
1378,211000000,imu1_frame,-0.008974255725591383,-0.028565575201973198,-0.048627915048594386,0.9983680666595756,-0.029296875,-0.001953125,-0.033203125,-0.030838429927825928,0.034700945019721985,-0.09771919250488281
1378,236000000,imu1_frame,-0.0068776089698902336,-0.02735687008211629,-0.04925952338937643,0.9983875998376678,0.001953125,-0.015625,-0.046875,-0.005353212356567383,-0.005401745438575745,-0.09969043731689453
1378,261000000,imu1_frame,-0.009376309306401726,-0.02741502435193446,-0.04945709650200168,0.9983558968970762,0.0,-0.009765625,-0.021484375,-0.008913040161132812,0.04319426417350769,-0.09883403778076172
1378,286000000,imu1_frame,-0.006875388796957727,-0.027484206741305566,-0.04979310906545909,0.9983576481894086,0.0,-0.009765625,-0.021484375,-0.007891416549682617,0.029297851026058197,-0.06049156188964844
1378,311000000,imu1_frame,-0.005366908610729783,-0.02561756169998493,-0.05009123001174585,0.9984016253494492,0.0,-0.009765625,-0.021484375,-0.009111642837524414,0.0015319734811782837,-0.1018533706665039
1378,336000000,imu1_frame,-0.004933351316124925,-0.0232564436688057,-0.05061122882076346,0.9984354277518018,-0.01171875,-0.005859375,-0.041015625,0.03732672333717346,-0.004850566387176514,-0.10419559478759766
1378,361000000,imu1_frame,-0.005356390373636305,-0.02527798430641795,-0.051050519423660325,0.9983617465919578,0.0,0.03515625,-0.03515625,-0.0025543272495269775,0.0011809319257736206,-0.10219287872314453
1378,386000000,imu1_frame,-0.007825217394922247,-0.0249032052685978,-0.05142780142798943,0.998335503515905,0.0,0.03515625,-0.03515625,0.0022507905960083008,0.014390513300895691,-0.10192394256591797
1378,411000000,imu1_frame,-0.00575255457203758,-0.026046788421667764,-0.05158996816684321,0.9983120494681794,-0.00390625,0.015625,-0.0078125,-0.017988502979278564,-0.027291521430015564,-0.10133552551269531
1378,436000000,imu1_frame,-0.008012366987915003,-0.02470984620294554,-0.05162613793147697,0.9983285868681503,-0.00390625,0.015625,-0.0078125,0.005808144807815552,0.01814018189907074,-0.10205459594726562
1378,461000000,imu1_frame,-0.00579756081054144,-0.026362975609607715,-0.051851058251409086,0.998289962668094,0.015625,-0.013671875,-0.013671875,-0.024222195148468018,-0.026869185268878937,-0.10100173950195312
1378,486000000,imu1_frame,-0.007977754817409083,-0.025741236680934265,-0.05194868502295234,0.9982860703659023,0.015625,-0.013671875,-0.013671875,-0.01431286334991455,-0.022807493805885315,-0.10104751586914062
1378,511000000,imu1_frame,-0.005582654570678978,-0.024740915058960658,-0.05216250416587221,0.9983164800047803,0.015625,-0.013671875,-0.013671875,0.007600903511047363,-0.029566437005996704,-0.10266971588134766
1378,536000000,imu1_frame,-0.007935923029999506,-0.025557560129813608,-0.05210720357394384,0.9982828615084887,0.0,0.001953125,0.0,-0.010709047317504883,0.015545472502708435,-0.10124492645263672
1378,561000000,imu1_frame,-0.005437969838245214,-0.02479161187483867,-0.05218481761035637,0.9983148547806245,0.009765625,0.0,-0.001953125,0.006757527589797974,-0.0324525311589241,-0.10265159606933594
1378,586000000,imu1_frame,-0.007290224726319921,-0.023260354129723246,-0.052150185133179504,0.9983417084043794,0.009765625,0.0,-0.001953125,-0.0004140138626098633,0.0052743107080459595,-0.10362911224365234
1378,611000000,imu1_frame,-0.005503864040383437,-0.02513351137899404,-0.05222216631305105,0.9983039914935525,0.009765625,0.0,-0.001953125,2.0176172256469727e-05,0.003621228039264679,-0.10230350494384766
1378,636000000,imu1_frame,-0.004350608538694129,-0.027475008515337098,-0.05235292690948403,0.9982411367783015,0.0078125,-0.005859375,-0.0078125,-0.0444718599319458,-0.02134915068745613,-0.10011863708496094
1378,661000000,imu1_frame,-0.005325843621053082,-0.025049326446145624,-0.05248357845003421,0.9982933640104985,0.009765625,0.015625,-0.013671875,0.0018221139907836914,0.00010427087545394897,-0.10242462158203125
1378,686000000,imu1_frame,-0.0055731539310010245,-0.02732979794310629,-0.052652183352048305,0.9982233065241026,0.009765625,0.015625,-0.013671875,-0.042912423610687256,0.002492859959602356,-0.10003662109375
1378,711000000,imu1_frame,-0.005227214223653575,-0.02472924695269364,-0.052646439749376085,0.9982932900497369,0.0078125,0.009765625,0.0,0.008152633905410767,-0.0015707165002822876,-0.10275554656982422
1378,736000000,imu1_frame,-0.0055563959539491285,-0.026784550462793023,-0.0526382570809249,0.9982389133929771,0.017578125,0.03125,0.0,-0.03226280212402344,0.002736039459705353,-0.1006174087524414
1378,761000000,imu1_frame,-0.0051389528214795645,-0.024090195537174612,-0.05265909664097036,0.9983087063548212,0.0078125,0.017578125,-0.001953125,0.020705312490463257,-0.0026398226618766785,-0.10338401794433594
1378,786000000,imu1_frame,-0.005489984848002714,-0.026331195910861454,-0.05268038365097555,0.9982491198927542,0.0078125,0.017578125,-0.001953125,-0.02335798740386963,0.0018860474228858948,-0.10110187530517578
1378,811000000,imu1_frame,-0.007527494521642948,-0.024836221152310885,-0.052640873454894536,0.9982762330071803,0.0078125,0.017578125,-0.001953125,0.0037072300910949707,0.008050315082073212,-0.10207843780517578
1378,836000000,imu1_frame,-0.00606064695920657,-0.02687410021720674,-0.052688185066831573,0.9982309384357485,0.00390625,0.001953125,0.0,-0.034530818462371826,-0.022700190544128418,-0.10040855407714844
1378,861000000,imu1_frame,-0.007581938021438994,-0.024902856558861,-0.05271281172899935,0.99827036489654,-0.00390625,-0.00390625,-0.005859375,0.0023430585861206055,0.009008266031742096,-0.10199832916259766
1378,886000000,imu1_frame,-0.00592721184354252,-0.02678095250181018,-0.05284114430754114,0.9982261578475728,-0.00390625,-0.00390625,-0.005859375,-0.032591044902801514,-0.02528855949640274,-0.10053730010986328
1378,911000000,imu1_frame,-0.005491194862978901,-0.02437926984277565,-0.05291723551299807,0.9982861634654524,-0.00390625,-0.00390625,-0.005859375,-0.0204714834690094,0.003810875117778778,-0.10303688049316406
1378,936000000,imu1_frame,-0.004870985162853569,-0.022030233824626603,-0.05296941582216552,0.9983412158619087,0.001953125,-0.005859375,-0.00390625,0.025979697704315186,-0.005879119038581848,-0.10529327392578125
1378,961000000,imu1_frame,-0.005526448769766546,-0.024414531853189664,-0.053036733084241804,0.9982787656472193,0.0,0.001953125,-0.005859375,-0.02120479941368103,0.004404403269290924,-0.1029958724975586
1378,990000000,imu1_frame,-0.005144018599693622,-0.02725941468525935,-0.05314296027915253,0.9982015273262366,0.0,0.001953125,-0.005859375,-0.04113507270812988,-0.0060718730092048645,-0.10020160675048828
1379,11000000,imu1_frame,-0.005428588839657792,-0.02522205122282732,-0.053209032243982546,0.9982500575722406,0.0,-0.00390625,-0.0078125,-0.0017094016075134277,0.0015697404742240906,-0.10223197937011719
1379,36000000,imu1_frame,-0.005064252809730413,-0.027688818538575022,-0.05330251397092689,0.998181609065102,-0.001953125,0.0,-0.005859375,-0.04943603277206421,-0.008162625133991241,-0.09975624084472656
1379,61000000,imu1_frame,-0.005402973682352919,-0.025244072504983096,-0.05340436499324873,0.998239209046819,0.001953125,-0.001953125,-0.009765625,-0.00212782621383667,0.0009494870901107788,-0.10221672058105469
1379,86000000,imu1_frame,-0.005409092326566268,-0.027766755759165877,-0.05353456979824572,0.9981652161998684,0.001953125,-0.001953125,-0.009765625,-0.051331520080566406,-0.001643151044845581,-0.09960174560546875
1379,111000000,imu1_frame,-0.006809125031474645,-0.025743416625716595,-0.0536074479725489,0.9982069694400109,0.001953125,-0.001953125,-0.009765625,-0.013349950313568115,-0.0073966458439826965,-0.06232166290283203
1379,136000000,imu1_frame,-0.00822379731853487,-0.02390844746374355,-0.05360451505795159,0.9982421105437995,0.00390625,-0.015625,-0.00390625,0.02095574140548706,0.022136464715003967,-0.06368541717529297
1379,161000000,imu1_frame,-0.006678637226408944,-0.026061573427989506,-0.05375154695502459,0.9981918459871315,0.0,-0.015625,-0.0078125,-0.019431710243225098,-0.010351613163948059,-0.06203269958496094
1379,186000000,imu1_frame,-0.00815353359204789,-0.024233249441531036,-0.053798200328620406,0.9982244352613642,0.0,-0.015625,-0.0078125,0.014669090509414673,0.0203305184841156,-0.10246562957763672
1379,211000000,imu1_frame,-0.005861935317263556,-0.025409796450754644,-0.05395729559926583,0.9982026799254152,0.0,-0.015625,-0.0078125,-0.00588536262512207,0.00945320725440979,-0.10195159912109375
1379,236000000,imu1_frame,-0.0033077120020959874,-0.02530743492116369,-0.05404458455780602,0.998212289875754,0.00390625,0.00390625,-0.001953125,-0.001204758882522583,-0.04031943902373314,-0.10251045227050781
1379,261000000,imu1_frame,-0.005807393651416932,-0.025441355678941752,-0.054078359971836285,0.9981956434401783,0.0,-0.001953125,-0.0078125,-0.0064539313316345215,0.00829470157623291,-0.10193252563476562
1379,286000000,imu1_frame,-0.003322309303306586,-0.025194113844438596,-0.05423823290508974,0.9982046047678903,0.0,-0.001953125,-0.0078125,0.0009821057319641113,-0.040010761469602585,-0.10262012481689453
1379,311000000,imu1_frame,-0.005787468833390421,-0.02543801876823306,-0.05424788757907652,0.998186645422016,0.001953125,0.0,-0.005859375,-0.006382346153259277,0.007824122905731201,-0.10194015502929688
1379,336000000,imu1_frame,-0.0032772936894355158,-0.025140735577042342,-0.05426122827359477,0.998204849651092,0.001953125,0.001953125,0.00390625,0.002069830894470215,-0.04084381088614464,-0.10267925262451172
1379,361000000,imu1_frame,-0.005760547710357337,-0.025414672589540773,-0.05422322761555596,0.9981887357079294,0.0,0.001953125,-0.001953125,-0.005896627902984619,0.0073361024260520935,-0.10196971893310547
1379,386000000,imu1_frame,-0.003260692954297772,-0.025268869816251587,-0.05431122924073721,0.9981989493472867,0.0,0.001953125,-0.001953125,-0.00041285157203674316,-0.04132871329784393,-0.1025543212890625
1379,411000000,imu1_frame,-0.0057034205105271855,-0.025323542074878802,-0.054320033842000764,0.9981861164806219,0.00390625,0.0078125,-0.005859375,-0.004067480564117432,0.006269834935665131,-0.10207271575927734
1379,436000000,imu1_frame,-0.0033614574091916398,-0.025972538791464484,-0.05438638621506163,0.998176461767797,-0.005859375,0.0,0.0,-0.01424330472946167,-0.0401492640376091,-0.101837158203125
1379,461000000,imu1_frame,-0.005821348765886568,-0.02527490299219495,-0.05429887321227169,0.9981878197739934,-0.00390625,0.001953125,0.001953125,-0.003242313861846924,0.008633136749267578,-0.10209465026855469
1379,486000000,imu1_frame,-0.0035075890531500184,-0.02604230048355228,-0.054462198705245754,0.9981700077225066,-0.005859375,-0.001953125,-0.0078125,-0.01576167345046997,-0.037411224097013474,-0.1017465591430664
1379,511000000,imu1_frame,-0.005951537633811131,-0.025267555806495895,-0.05449750641069676,0.9981764130745501,-0.005859375,-0.001953125,-0.0078125,-0.003254503011703491,0.011081688106060028,-0.10207080841064453
1379,536000000,imu1_frame,-0.0035939508489295936,-0.025894566112267058,-0.054685754304635965,0.9981613212498698,-0.005859375,-0.001953125,-0.009765625,-0.012982487678527832,-0.03568267449736595,-0.10188484191894531
1379,561000000,imu1_frame,-0.006101954193938352,-0.025261473713026398,-0.054745572932160105,0.9981620842053612,-0.0078125,-0.001953125,-0.009765625,-0.003318607807159424,0.01389884203672409,-0.10204219818115234
1379,586000000,imu1_frame,-0.00750743633342238,-0.02740657295846069,-0.05484606715160199,0.9980903902334568,-0.0078125,-0.001953125,-0.009765625,-0.007589519023895264,0.003805309534072876,-0.09945964813232422
1379,611000000,imu1_frame,-0.005813425520539866,-0.0256828309209361,-0.05500952538846525,0.9981385416845397,-0.0078125,-0.001953125,-0.009765625,-0.0112496018409729,0.007683262228965759,-0.10169029235839844
1379,636000000,imu1_frame,-0.00390186476174723,-0.02423325593824911,-0.055078677397124055,0.9981802763299804,-0.00390625,-0.0078125,-0.001953125,0.01906338334083557,-0.028083693236112595,-0.10346794128417969
1379,661000000,imu1_frame,-0.0060201329023389484,-0.02577591153813842,-0.05515817825900117,0.9981267132761072,-0.009765625,-0.00390625,-0.009765625,-0.01329869031906128,0.011539779603481293,-0.1015481948852539
1379,686000000,imu1_frame,-0.007798517322014044,-0.02768976252209919,-0.05524804646887755,0.9980581714210953,-0.009765625,-0.00390625,-0.009765625,-0.01347041130065918,0.008958153426647186,-0.09906768798828125
1379,711000000,imu1_frame,-0.006005966697245046,-0.026048050784465968,-0.05536313709279221,0.9981083861312889,-0.00390625,-0.00390625,-0.005859375,0.020454049110412598,-0.024292677640914917,-0.10127639770507812
1379,736000000,imu1_frame,-0.005285250007902225,-0.028471675365764126,-0.05546815892336934,0.9980404366456663,-0.00390625,-0.00390625,-0.005859375,-0.026023507118225098,-0.005886159837245941,-0.09885215759277344
1379,761000000,imu1_frame,-0.005950611047689627,-0.026079095915285695,-0.055489938245140764,0.9981008655130758,-0.001953125,-0.001953125,-0.00390625,0.0198972225189209,0.009684480726718903,-0.10125732421875
1379,786000000,imu1_frame,-0.005281311058170125,-0.028455961633542654,-0.055592655285389106,0.9980339787198313,-0.001953125,0.001953125,-0.005859375,-0.025722026824951172,-0.006015874445438385,-0.09887027740478516
1379,811000000,imu1_frame,-0.005447709274459205,-0.02593937050845043,-0.055653034686274354,0.9980982973893376,-0.001953125,0.001953125,-0.005859375,-0.015909790992736816,-5.857646465301514e-05,-0.10151195526123047
1379,836000000,imu1_frame,-0.005537774738406648,-0.023414451044889345,-0.055593170048245676,0.998163561735851,-0.001953125,0.001953125,0.00390625,0.03323006629943848,0.004479825496673584,-0.1039276123046875
1379,861000000,imu1_frame,-0.005441148271900728,-0.0258848898806453,-0.05553288449518048,0.9981064397753354,0.0,0.001953125,0.005859375,-0.014830172061920166,-6.57886266708374e-05,-0.10156822204589844
1379,886000000,imu1_frame,-0.005532498624877078,-0.023365026574358322,-0.055447381292062795,0.9981728582264687,0.0,0.001953125,0.005859375,0.034211665391922,0.004498176276683807,-0.1039743423461914
1379,911000000,imu1_frame,-0.0054401295598031155,-0.0258376725907436,-0.05538700120377484,0.9981157747291238,0.0,0.001953125,0.005859375,-0.013897120952606201,4.028528928756714e-05,-0.10161590576171875
1379,936000000,imu1_frame,-0.005468310151915879,-0.02319564350905369,-0.05539847884972327,0.9981798777011185,0.00390625,0.01171875,-0.001953125,0.03758823871612549,0.0034522637724876404,-0.1041421890258789
1379,961000000,imu1_frame,-0.0053968681478124,-0.025552328177073133,-0.055433128619254625,0.9981207945887148,0.00390625,0.01171875,-0.001953125,-0.008290469646453857,-0.0005173534154891968,-0.10191154479980469
1379,986000000,imu1_frame,-0.007814905947531248,-0.025063308232812935,-0.055391576757589316,0.9981194973798309,0.00390625,0.01171875,-0.001953125,-0.0013629496097564697,0.012053444981575012,-0.10177135467529297
1380,11000000,imu1_frame,-0.005373595853897763,-0.025789987368648497,-0.055406450709594476,0.9981162889357579,0.009765625,0.01953125,0.00390625,-0.012897372245788574,-0.03637214004993439,-0.10167789459228516
1380,36000000,imu1_frame,-0.005744831500837735,-0.023107862339819884,-0.05533287397027987,0.9981839994045686,0.009765625,0.01953125,0.00390625,0.0390070378780365,0.008972801268100739,-0.10416126251220703
1380,61000000,imu1_frame,-0.005198912673435204,-0.025379358769871924,-0.05532296292882679,0.9981323705943114,0.017578125,0.017578125,0.001953125,-0.004695892333984375,-0.00413629412651062,-0.10212516784667969
1380,86000000,imu1_frame,-0.0075271945185417235,-0.025077690345332932,-0.05525780412645307,0.9981287621708665,0.01171875,0.03515625,0.0,-0.0013169348239898682,0.04164770245552063,-0.10184288024902344
1380,111000000,imu1_frame,-0.005332905638698867,-0.023179653705569053,-0.055299741570722816,0.9981864567072376,0.01171875,0.03515625,0.0,0.00289800763130188,0.0008730366826057434,-0.06512260437011719
1380,136000000,imu1_frame,-0.005220810648907653,-0.025535356553932666,-0.055235293586467955,0.9981331329257878,0.0078125,0.01171875,0.005859375,-0.04291093349456787,-0.0038338974118232727,-0.06290245056152344
1380,161000000,imu1_frame,-0.005283707847049578,-0.02290336297014826,-0.05514648785461878,0.9982015744694781,0.0078125,0.01171875,0.005859375,0.008351057767868042,0.0002819374203681946,-0.10444450378417969
1380,186000000,imu1_frame,-0.005422092682312745,-0.02524951642005136,-0.05507614139891985,0.9981481260214359,0.0078125,0.01171875,0.005859375,-0.03754177689552307,0.0004820004105567932,-0.10220718383789062
1380,211000000,imu1_frame,-0.005207440272651391,-0.02261326727210182,-0.05499395192636161,0.9982170044437274,0.0078125,0.01171875,0.005859375,0.014102369546890259,-0.0008244961500167847,-0.10471820831298828
1380,236000000,imu1_frame,-0.0054798478795096955,-0.02486830491072483,-0.05482441073273287,0.9981712391498232,0.005859375,0.017578125,0.013671875,-0.03015044331550598,0.0021441057324409485,-0.1025686264038086
1380,261000000,imu1_frame,-0.005132761429165954,-0.022169277787964112,-0.054649471640165995,0.9982462687793638,0.005859375,0.017578125,0.013671875,0.02286776900291443,-0.0016521662473678589,-0.10512161254882812
1380,286000000,imu1_frame,-0.002651429453863767,-0.021248670418128175,-0.054529232755354186,0.9982825385142351,0.005859375,0.017578125,0.013671875,0.004410982131958008,-0.00997237116098404,-0.07112503051757812
1380,311000000,imu1_frame,-0.004670524692798194,-0.022540964785737336,-0.05446059299481511,0.9982505371480023,0.005859375,0.005859375,0.001953125,-0.0229378342628479,0.02807725965976715,-0.06972980499267578
1380,336000000,imu1_frame,-0.002483223401649254,-0.021128941591074177,-0.054478168787398785,0.9982883003192767,0.005859375,0.005859375,0.001953125,0.006926596164703369,-0.01310567557811737,-0.07124137878417969
1380,361000000,imu1_frame,-0.004488252101364059,-0.022445394075311115,-0.05440990791925855,0.9982562906378784,0.005859375,0.005859375,0.001953125,-0.02087700366973877,0.02464507520198822,-0.06984519958496094
1380,386000000,imu1_frame,-0.002395280507321471,-0.02108197587939188,-0.054428363101462936,0.9982922248592379,0.0,0.0,0.001953125,0.007937520742416382,-0.014751056209206581,-0.0712881088256836
1380,411000000,imu1_frame,-0.0043216764685717465,-0.022673645600785507,-0.05436500158580377,0.9982543140453972,0.0,0.0,0.001953125,0.013913542032241821,-0.01789085566997528,-0.06576728820800781
1380,436000000,imu1_frame,-0.006171488309989235,-0.024221270502496475,-0.054275531156994086,0.9982131082614127,0.005859375,0.00390625,0.00390625,-0.018220633268356323,0.01659730076789856,-0.06396865844726562
1380,461000000,imu1_frame,-0.004220121974404477,-0.022526973675989836,-0.054263168446463,0.9982636097633095,0.005859375,0.00390625,0.00390625,-0.022175133228302002,0.019391529262065887,-0.06982040405273438
1380,486000000,imu1_frame,-0.0058671697127966015,-0.020667508129267712,-0.05416824870930644,0.9983006717713129,0.005859375,0.00390625,0.00390625,0.012358009815216064,0.014483138918876648,-0.07106590270996094
1380,511000000,imu1_frame,-0.003456634527523243,-0.021519250331184295,-0.05417130827076771,0.9982937658340657,0.005859375,0.00390625,0.00390625,-0.001707613468170166,0.0056029558181762695,-0.1098642349243164
1380,536000000,imu1_frame,-0.0013161338419605398,-0.023014649841737015,-0.054144253141446545,0.9982669951150982,0.005859375,-0.0078125,0.005859375,-0.028609246015548706,-0.037738334154710174,-0.10876274108886719
1380,561000000,imu1_frame,-0.003296294069808483,-0.02167809837714821,-0.0540218825327768,0.9982989685979701,0.005859375,-0.0078125,0.005859375,-0.004630416631698608,0.0023695863783359528,-0.10975265502929688
1380,586000000,imu1_frame,-0.0050833939531446425,-0.023457257829030898,-0.05390978972221374,0.9982573068769226,0.005859375,-0.0078125,0.005859375,-0.0021427273750305176,-0.003651157021522522,-0.06492042541503906
1380,611000000,imu1_frame,-0.007526934799558223,-0.023872013037168384,-0.05385212780437197,0.998235152945947,0.001953125,0.0,0.0,-0.012792110443115234,0.04361646622419357,-0.063934326171875
1380,636000000,imu1_frame,-0.005270988718546651,-0.022749659303239765,-0.053898487662338256,0.9982733206428129,0.001953125,0.0,0.0,-0.02760186791419983,0.03982429951429367,-0.1084909439086914
1380,661000000,imu1_frame,-0.002993789156645953,-0.021591768899411282,-0.053943981495499685,0.9983060049918027,0.00390625,0.001953125,0.0,-0.002624720335006714,-0.0034090280532836914,-0.1098623275756836
1380,686000000,imu1_frame,-0.005189091597350064,-0.022649715635218767,-0.05387175440471786,0.9982774653308546,0.00390625,0.00390625,0.001953125,-0.02556416392326355,0.03834369778633118,-0.1085958480834961
1380,711000000,imu1_frame,-0.002883217146380528,-0.02151935972760969,-0.053893701434674944,0.9983106095607072,0.00390625,0.00390625,0.001953125,-0.0010942518711090088,-0.00546896830201149,-0.10993576049804688
1380,736000000,imu1_frame,-0.004998735358375673,-0.022707216637407452,-0.05384670522752993,0.9982784818343718,0.005859375,0.001953125,0.0,-0.026483625173568726,0.03457983583211899,-0.1085824966430664
1380,761000000,imu1_frame,-0.002744122578039243,-0.021459016416069714,-0.05389039139963506,0.9983124791970325,0.005859375,0.001953125,0.0,0.00022917985916137695,-0.008118215948343277,-0.1100015640258789
1380,786000000,imu1_frame,-0.0032744823438977306,-0.023863236533589394,-0.05387951175495539,0.9982568917470939,0.005859375,0.001953125,0.0,-0.008156180381774902,-0.00029982998967170715,-0.10390281677246094
1380,811000000,imu1_frame,-0.0036142224823125253,-0.02137869294620113,-0.05386283956135358,0.9983129185772105,0.005859375,0.001953125,0.0,0.03994432091712952,0.00895722582936287,-0.10605430603027344
1380,836000000,imu1_frame,-0.003209797903695492,-0.023883190557798212,-0.05384990650707353,0.9982582220925491,0.005859375,-0.001953125,0.001953125,-0.008476167917251587,-0.0015691295266151428,-0.10389232635498047
1380,861000000,imu1_frame,-0.004245786387612701,-0.021672094769952646,-0.05379264148054286,0.9983078910480369,0.005859375,-0.001953125,0.001953125,0.033561766147613525,0.02100210264325142,-0.10571002960205078
1380,886000000,imu1_frame,-0.0030623609879953445,-0.023941256259275262,-0.053797621013090095,0.99826011348107,0.005859375,-0.001953125,0.001953125,-0.009451836347579956,-0.004482623189687729,-0.06479358673095703
1380,911000000,imu1_frame,-0.004445012615543991,-0.021884360906039728,-0.05376043643542968,0.9983041280515943,0.0,-0.001953125,0.0,0.029214590787887573,0.024680063128471375,-0.06643295288085938
1380,936000000,imu1_frame,-0.0030683932318334287,-0.023933631304367195,-0.05387168921802082,0.9982562834043964,-0.001953125,0.001953125,-0.005859375,-0.00931212306022644,-0.004391767084598541,-0.06480026245117188
1380,961000000,imu1_frame,-0.00432845595648428,-0.021836717972481375,-0.05385605418184268,0.9983005297229816,0.009765625,0.001953125,-0.001953125,0.03026023507118225,0.022414516657590866,-0.06649398803710938
1380,986000000,imu1_frame,-0.0029350683288682047,-0.02392546715893443,-0.05383954327958289,0.9982586142751674,0.009765625,0.005859375,0.00390625,-0.009011626243591309,-0.006969582289457321,-0.06482315063476562
1381,11000000,imu1_frame,-0.004825876413742668,-0.022236474128561615,-0.05384217405047477,0.998290173460947,-0.00390625,0.0,-0.00390625,0.02194160223007202,0.03170536458492279,-0.06606101989746094
1381,36000000,imu1_frame,-0.002953908693953727,-0.023874483315877205,-0.05391453828454451,0.9982557317798844,0.0,0.001953125,-0.001953125,-0.008039623498916626,-0.006583455950021744,-0.06486892700195312
1381,61000000,imu1_frame,-0.0032273277722616785,-0.021364721966799546,-0.05392807122089261,0.9983110217487966,0.0,0.001953125,-0.001953125,0.0015584826469421387,0.0013946369290351868,-0.11002445220947266
1381,86000000,imu1_frame,-0.002775660280387434,-0.023796883751236158,-0.05396711881956326,0.9982552549924558,0.0,0.001953125,-0.001953125,-0.0454026460647583,-0.010004330426454544,-0.06886672973632812
1381,111000000,imu1_frame,-0.0032643026819151456,-0.021319963925994945,-0.05397600734007814,0.9983092677611579,0.0,0.001953125,-0.001953125,0.002390533685684204,0.002143271267414093,-0.11005687713623047
1381,136000000,imu1_frame,-0.002771529139021159,-0.023780693204637698,-0.05401387278129719,0.9982531236134973,0.00390625,0.0,-0.001953125,-0.0450839102268219,-0.010089712217450142,-0.10794544219970703
1381,161000000,imu1_frame,-0.003196052295861642,-0.021334167012597556,-0.05409387542185347,0.9983028053699166,0.005859375,0.0,-0.0078125,0.002180635929107666,0.0007468946278095245,-0.11005306243896484
1381,186000000,imu1_frame,-0.0032385951814819327,-0.023833705843470773,-0.054192178476017656,0.9982407894686737,0.005859375,0.0,-0.0078125,-0.007554471492767334,-0.0011156797409057617,-0.10393524169921875
1381,211000000,imu1_frame,-0.00443809290283708,-0.02163785530684189,-0.05413686172058241,0.9982891899405465,-0.00390625,-0.001953125,0.001953125,0.03400588035583496,0.024643562734127045,-0.10570716857910156
1381,236000000,imu1_frame,-0.003238771892617748,-0.023853366940078443,-0.054121245640614886,0.9982441675324518,0.0,-0.001953125,0.00390625,-0.007935494184494019,-0.001099761575460434,-0.10391616821289062
1381,261000000,imu1_frame,-0.004251984319274836,-0.02159086328166143,-0.054043550402896205,0.9982960732728295,0.0,-0.001953125,0.00390625,0.035124510526657104,0.02110159769654274,-0.10577774047851562
1381,286000000,imu1_frame,-0.003230895914089545,-0.02389553939731755,-0.054023862655810516,0.9982484594389563,0.0,-0.001953125,0.00390625,-0.00874587893486023,-0.0012523047626018524,-0.10387802124023438
1381,311000000,imu1_frame,-0.004163570517126595,-0.02160323097046104,-0.05399899219599657,0.9982985895682728,-0.00390625,-0.00390625,0.0,0.03497910499572754,0.019382257014513016,-0.10578250885009766
1381,336000000,imu1_frame,-0.0032935152244998834,-0.024010508400523052,-0.054051948063635565,0.998243975766616,-0.005859375,-0.0078125,-0.001953125,-0.011055141687393188,-0.00016529858112335205,-0.10376262664794922
1381,361000000,imu1_frame,-0.003474222185452988,-0.021609513342486,-0.05407014959220313,0.9982972391208863,-0.005859375,-0.0078125,-0.001953125,0.03557989001274109,0.005893591791391373,-0.1058797836303711
1381,386000000,imu1_frame,-0.0010509553341790645,-0.02165491684576505,-0.054149948392005084,0.9982974221936225,-0.005859375,-0.0078125,-0.001953125,-0.0018088817596435547,-0.041475531877949834,-0.07089996337890625
1381,411000000,imu1_frame,-0.0029814319771207065,-0.023424598908323897,-0.05413523536716742,0.9982543641382647,-0.005859375,-0.0078125,-0.001953125,0.0006978213787078857,-0.00567341223359108,-0.10434436798095703
1381,436000000,imu1_frame,-0.004852215902481308,-0.024977221071743362,-0.054067170725176854,0.998213071181771,0.00390625,0.00390625,0.001953125,-0.03155156970024109,0.029217593371868134,-0.10258865356445312
1381,461000000,imu1_frame,-0.0028771847880066704,-0.02333559858823603,-0.05408457309832243,0.9982595006304708,0.00390625,0.00390625,0.001953125,0.0025447607040405273,-0.0075899697840213776,-0.10443782806396484
1381,486000000,imu1_frame,-0.004741200674559108,-0.024898003432442518,-0.05401670725433567,0.9982183156898299,0.00390625,0.00390625,0.001953125,-0.029886513948440552,0.027160227298736572,-0.10268688201904297
1381,511000000,imu1_frame,-0.002304150067829443,-0.02409681295238239,-0.05404857107320633,0.9982448529609091,0.00390625,0.00390625,0.001953125,-0.011694461107254028,0.01950235478579998,-0.1037893295288086
1381,536000000,imu1_frame,0.00018382352297269903,-0.02326517314209282,-0.05412885878227317,0.9982628734829869,0.005859375,0.01171875,-0.001953125,0.007153809070587158,-0.028203070163726807,-0.10466289520263672
1381,561000000,imu1_frame,-0.002218500342073628,-0.023430125801470466,-0.054093203310771186,0.9982584999972397,0.005859375,0.01171875,-0.001953125,0.0013969838619232178,-0.020546922460198402,-0.1044168472290039
1381,586000000,imu1_frame,-0.0045671816058037275,-0.023883231047067667,-0.05405942604652924,0.9982416093223383,0.005859375,0.01171875,-0.001953125,-0.009917020797729492,0.024818338453769684,-0.10368633270263672
1381,611000000,imu1_frame,-0.0020386931524381167,-0.02337335684769569,-0.05409277039865377,0.9982602376687649,0.00390625,0.01171875,0.001953125,0.0026939213275909424,-0.02399521693587303,-0.10448360443115234
1381,636000000,imu1_frame,-0.004379857444267875,-0.023824376430089934,-0.05398616899564713,0.9982478196788905,0.005859375,0.013671875,0.00390625,-0.00856730341911316,0.021259959787130356,-0.1037740707397461
1381,661000000,imu1_frame,-0.0030883321487704543,-0.02147298948936776,-0.053958572884802644,0.9983074903751669,0.005859375,0.013671875,0.00390625,-0.0004082322120666504,-0.0014448799192905426,-0.10995101928710938
1381,686000000,imu1_frame,-0.004118379473744182,-0.02354254633190877,-0.05388892905403698,0.9982608731128998,0.005859375,0.013671875,0.00390625,-0.04185250401496887,0.016500938683748245,-0.10798454284667969
1381,711000000,imu1_frame,-0.002921591222783676,-0.021137540581454957,-0.05385908073039484,0.9983205237326191,0.005859375,0.013671875,0.00390625,0.006314009428024292,-0.004303019493818283,-0.11025047302246094
1381,736000000,imu1_frame,-0.003998669711299713,-0.02335488997072975,-0.05388772219573892,0.9982658329080234,0.001953125,0.001953125,-0.00390625,-0.0380668044090271,0.01436363160610199,-0.10817527770996094
1381,761000000,imu1_frame,-0.001611577916816048,-0.024155770933309773,-0.05399364150913839,0.9982477589375385,0.001953125,0.001953125,-0.00390625,-0.012112587690353394,-0.03311046864837408,-0.06472492218017578
1381,786000000,imu1_frame,-0.0029367622471498066,-0.02203087719502481,-0.054008288813377145,0.998293103560759,0.001953125,0.001953125,-0.00390625,-0.01113167405128479,-0.005013294517993927,-0.10949420928955078
1381,811000000,imu1_frame,-0.0044338188112800865,-0.020025172064042498,-0.05401917414676437,0.9983292355526086,0.001953125,0.001953125,-0.00390625,0.026411890983581543,0.02631627768278122,-0.11092758178710938
1381,836000000,imu1_frame,-0.002871240364564441,-0.022088398384154027,-0.05415168190757549,0.9982842551008069,0.005859375,-0.00390625,-0.0078125,-0.012188762426376343,-0.006415039300918579,-0.1094522476196289
1381,861000000,imu1_frame,-0.004395518105649058,-0.020215175901664148,-0.05420856441732989,0.9983153097231655,0.005859375,-0.00390625,-0.0078125,0.022733718156814575,0.025292202830314636,-0.11078453063964844
1381,886000000,imu1_frame,-0.0026825144568386064,-0.022157741020737958,-0.05434390909387299,0.9982727974724362,0.005859375,-0.00390625,-0.0078125,-0.013347208499908447,-0.01025502011179924,-0.07034969329833984
1381,911000000,imu1_frame,-0.004397308751060358,-0.020316353784833912,-0.054328269907067156,0.998306740703248,-0.001953125,0.0,-0.001953125,0.020750582218170166,0.025171637535095215,-0.0716409683227539
1381,936000000,imu1_frame,-0.0027128412757567878,-0.02216611164211771,-0.054369602941752755,0.9982711306367813,-0.001953125,-0.001953125,0.0,-0.013543397188186646,-0.009683357551693916,-0.07033920288085938
1381,961000000,imu1_frame,-0.0036848567141322865,-0.02449957702386663,-0.05435228816192476,0.9982144165099053,-0.001953125,-0.001953125,0.0,-0.021019071340560913,0.00680818036198616,-0.06418323516845703
1381,986000000,imu1_frame,-0.0026021534145466967,-0.02211156621219891,-0.05429577749037516,0.9982766530295929,0.0078125,0.0078125,0.005859375,0.02670198678970337,-0.011753056198358536,-0.06649208068847656
1382,11000000,imu1_frame,-9.362564186620899e-05,-0.021343231023556612,-0.054273126723922274,0.9982979943079738,0.0078125,0.0078125,0.005859375,0.005286127328872681,-0.02081572636961937,-0.0711832046508789
1382,36000000,imu1_frame,-0.0025582322828903332,-0.022143599590008577,-0.054272420275084825,0.998277326619346,-0.0078125,0.0,-0.00390625,-0.012937694787979126,0.02642850950360298,-0.0703744888305664
1382,61000000,imu1_frame,-0.004699311371476761,-0.02070202620069417,-0.05427570066666824,0.9983003009620711,-0.0078125,0.0,-0.00390625,0.012911170721054077,0.030676059424877167,-0.11034107208251953
1382,86000000,imu1_frame,-0.0027076205821889828,-0.02207740703258042,-0.05437494149136719,0.9982728197378266,-0.0078125,0.0,-0.00390625,-0.011807948350906372,-0.009693168103694916,-0.10947895050048828
1382,111000000,imu1_frame,-0.001222749396433205,-0.0240103503103499,-0.05446368909153345,0.9982262842324022,-0.0078125,0.0,-0.00390625,-0.00886574387550354,-0.001702783047221601,-0.10394573211669922
1382,136000000,imu1_frame,-0.0021460180805447683,-0.0217126828629834,-0.054395153173033436,0.9982810833230145,-0.00390625,-0.00390625,0.00390625,0.03496384620666504,0.018789999186992645,-0.10593795776367188
1382,161000000,imu1_frame,-0.004701481352299621,-0.021705098275693366,-0.054292563713844784,0.9982780686298354,-0.00390625,-0.00390625,0.00390625,-0.006656914949417114,0.029644981026649475,-0.10950946807861328
1382,186000000,imu1_frame,-0.0022539273256336565,-0.021726014475262748,-0.05429923309997384,0.9982857774161596,-0.00390625,-0.00390625,0.00390625,-0.004471123218536377,-0.018140051513910294,-0.10982418060302734
1382,211000000,imu1_frame,-0.004801208007800177,-0.021629385935406652,-0.05419677378792429,0.9982844423192738,-0.00390625,0.0,0.00390625,-0.0052790045738220215,0.03171243518590927,-0.10955429077148438
1382,236000000,imu1_frame,-0.0022804312018962812,-0.021725908624063893,-0.0542022762038874,0.9982909885310544,0.001953125,0.0,0.00390625,-0.004495143890380859,-0.017581339925527573,-0.10982131958007812
1382,261000000,imu1_frame,-0.0047582561242736805,-0.021631317039947796,-0.05409814740472731,0.9982899556587502,0.001953125,0.0,0.00390625,-0.005264401435852051,0.030914470553398132,-0.10956096649169922
1382,286000000,imu1_frame,-0.00221128037927208,-0.021704808654479532,-0.05412760048614689,0.9982956547966984,0.00390625,0.001953125,0.001953125,-0.004008889198303223,-0.018876487389206886,-0.10984611511230469
1382,311000000,imu1_frame,-0.003367271382788387,-0.023872926355576602,-0.05407804593998717,0.9982456159773346,0.00390625,0.001953125,0.001953125,-0.008450806140899658,0.001407179981470108,-0.1038818359375
1382,336000000,imu1_frame,-0.002554685568703644,-0.021412094140835256,-0.054117054462588195,0.9983017280474086,0.0,0.0078125,-0.001953125,0.040400028228759766,-0.011860903352499008,-0.1061544418334961
1382,361000000,imu1_frame,-0.004845661963617107,-0.022306815490120646,-0.054093456741749715,0.998274923796322,0.0,0.0078125,-0.001953125,-0.018531084060668945,0.031906358897686005,-0.10896492004394531
1382,386000000,imu1_frame,-0.00249639807567931,-0.0213319350423901,-0.05416776677746907,0.9983008412228934,0.0,0.0078125,-0.001953125,0.0029614269733428955,-0.012934722006320953,-0.11013317108154297
1382,411000000,imu1_frame,-0.004717071329854518,-0.022368034760026773,-0.05414599713203546,0.9982713214620667,0.0,0.0078125,-0.001953125,-0.019593089818954468,0.02930907905101776,-0.10893535614013672
1382,436000000,imu1_frame,-0.0023508897854614104,-0.021157097286933466,-0.05421745632991863,0.9983022177580902,0.005859375,0.015625,-0.001953125,0.006524503231048584,-0.015609534457325935,-0.11029243469238281
1382,461000000,imu1_frame,-0.004385515157002752,-0.022294032509593064,-0.05419714055968988,0.9982717131755374,0.005859375,0.015625,-0.001953125,-0.01780259609222412,0.022895365953445435,-0.10905933380126953
1382,486000000,imu1_frame,-0.002053969997722993,-0.02320227736521077,-0.05427462621886563,0.998254326552667,0.005859375,0.015625,-0.001953125,0.006011635065078735,0.015463549643754959,-0.10463809967041016
1382,511000000,imu1_frame,-0.0001464834380192514,-0.024754438033430252,-0.05434673441905282,0.9982152216822964,-0.00390625,0.0,-0.001953125,-0.022233188152313232,-0.02343900315463543,-0.10326576232910156
1382,536000000,imu1_frame,-0.002025619586227147,-0.023190289190591344,-0.05432397582596294,0.9982519787122932,0.00390625,-0.001953125,-0.001953125,0.00627446174621582,0.014900613576173782,-0.10465145111083984
1382,561000000,imu1_frame,-0.003520952901204811,-0.021253101158983857,-0.05430958963015606,0.9982917294338353,0.00390625,-0.001953125,-0.001953125,0.0034089386463165283,0.007082317024469376,-0.11007881164550781
1382,586000000,imu1_frame,-0.0019136983685229684,-0.022994910675941043,-0.05446593187467173,0.998248984024819,0.009765625,0.0234375,-0.009765625,-0.028860390186309814,-0.026202267035841942,-0.10874271392822266
1382,611000000,imu1_frame,-0.00047720718331599574,-0.020570340000774293,-0.05461382600617905,0.9982955290867147,0.009765625,0.0234375,-0.009765625,0.01995903253555298,-0.012647626921534538,-0.11087417602539062
1382,636000000,imu1_frame,-0.0016047986587006285,-0.022298576974042472,-0.05497457287464557,0.9982374439097383,0.0078125,0.03515625,-0.03125,-0.014954805374145508,0.007351981941610575,-0.10938072204589844
1382,661000000,imu1_frame,-0.0009743569287538088,-0.01941859926032911,-0.05537309523186355,0.9982764090950887,0.0078125,0.03515625,-0.03125,0.0028334856033325195,-0.0020053519401699305,-0.10785484313964844
1382,686000000,imu1_frame,-0.0018245128094773267,-0.02128415263503724,-0.05574213922219505,0.9982166447793533,0.0078125,0.03515625,-0.03125,-0.03447797894477844,0.012409210205078125,-0.0672616958618164
1382,711000000,imu1_frame,-0.0008172586113745796,-0.01910459679363791,-0.055738662155677736,0.9982622641424496,-0.001953125,-0.0078125,0.001953125,0.009130239486694336,-0.004867759067565203,-0.06903362274169922
1382,736000000,imu1_frame,-0.0020312979217012414,-0.021791664635659395,-0.05496328733537898,0.9982484832076874,-0.0078125,-0.03515625,0.060546875,-0.044588714838027954,0.016224104911088943,-0.0668182373046875
1382,761000000,imu1_frame,-0.0032533900810303913,-0.019972603953159276,-0.05418321320027793,0.9983259437436273,-0.0078125,-0.03515625,0.060546875,-0.010387450456619263,0.00327204167842865,-0.0681772232055664
1382,786000000,imu1_frame,-0.0008965731734935702,-0.02017891805639824,-0.0534776690158228,0.9983647361256567,-0.0078125,-0.03515625,0.060546875,-0.01192021369934082,-0.003596959402784705,-0.1072683334350586
1382,811000000,imu1_frame,-0.001888047011425741,-0.017906807550903712,-0.05338678123875598,0.9984115549765953,-0.00390625,-0.00390625,0.005859375,0.03137090802192688,0.018160508945584297,-0.10890674591064453
1382,836000000,imu1_frame,-0.0008087817818524624,-0.020367715074723434,-0.05342970412135561,0.998363545394246,0.005859375,-0.013671875,-0.001953125,-0.015511363744735718,-0.0054885009303689,-0.10712242126464844
1382,861000000,imu1_frame,-0.002928673284634228,-0.021761090384834755,-0.05340740171325674,0.9983313714695605,0.005859375,-0.013671875,-0.001953125,-0.005839914083480835,-0.004628568887710571,-0.1097259521484375
1382,886000000,imu1_frame,-0.00519364076230736,-0.021005277095995523,-0.053447807664697096,0.9983361840009556,0.01171875,0.009765625,-0.0078125,0.006538510322570801,0.04034420847892761,-0.10999870300292969
1382,911000000,imu1_frame,-0.0029262577964931143,-0.019557460458017328,-0.05358215723122004,0.9983676152511111,0.01171875,0.009765625,-0.0078125,-0.001921325922012329,-0.0024399012327194214,-0.10760021209716797
1382,936000000,imu1_frame,-0.0047913512680595695,-0.02081292810874748,-0.05354271453202096,0.9983371387948606,0.01171875,0.017578125,0.0,-0.02835908532142639,0.03265606611967087,-0.10632801055908203
1382,961000000,imu1_frame,-0.0025532187696536658,-0.019210955899306322,-0.05357918647410321,0.998375526054261,0.01171875,0.017578125,0.0,0.0052287280559539795,-0.009355427697300911,-0.10790252685546875
1382,986000000,imu1_frame,-5.854813231084426e-05,-0.019886195776623906,-0.05362325561690076,0.998363201568795,0.01171875,0.017578125,0.0,-0.005331188440322876,-0.019701778888702393,-0.107513427734375
1383,11000000,imu1_frame,-0.002420204180997515,-0.01959744134455505,-0.05369341372799836,0.9983622089335629,0.009765625,0.001953125,-0.009765625,-0.0021746158599853516,0.026662074029445648,-0.10762214660644531
1383,36000000,imu1_frame,0.00017343029590451142,-0.02012723874685882,-0.05381280928695859,0.9983481585794632,0.009765625,-0.015625,-0.005859375,-0.009785473346710205,-0.024556057527661324,-0.10732460021972656
1383,61000000,imu1_frame,-0.0020750466786397855,-0.01950675446989924,-0.0538369509517767,0.9983570320399152,0.009765625,-0.015625,-0.005859375,-4.6372413635253906e-05,0.019966507330536842,-0.06865882873535156
1383,86000000,imu1_frame,-0.0010152660483001188,-0.022020800029841192,-0.05392799776847062,0.9983014698264151,0.009765625,-0.015625,-0.005859375,-0.008907884359359741,-0.003401125082746148,-0.07058906555175781
1383,111000000,imu1_frame,-0.0021295102908765197,-0.019771816684458668,-0.053926931204255464,0.9983468468131749,0.001953125,0.001953125,-0.001953125,0.03378614783287048,0.02071523480117321,-0.072357177734375
1383,136000000,imu1_frame,-0.0008857278257887496,-0.02217042377090154,-0.053947862108561444,0.9982972082350791,0.01171875,-0.01171875,0.0,-0.011689692735671997,-0.006095332559198141,-0.070465087890625
1383,161000000,imu1_frame,-0.0022967969740081795,-0.020363783329396277,-0.053910570670167246,0.998335460364997,0.01171875,-0.01171875,0.0,0.02206292748451233,0.023361811414361,-0.11094093322753906
1383,186000000,imu1_frame,-0.0007090703420242004,-0.022267245921000493,-0.05382154251064327,0.9983020126896063,0.00390625,0.005859375,0.009765625,-0.013393104076385498,-0.009589656256139278,-0.10944843292236328
1383,211000000,imu1_frame,-0.0022592754096065417,-0.020275349206467563,-0.05366375497036437,0.9983506434573275,0.00390625,0.005859375,0.009765625,0.023833125829696655,0.022821273654699326,-0.07195186614990234
1383,236000000,imu1_frame,-0.0007445360228009166,-0.02224427519213943,-0.05372116527399015,0.9983079055526366,0.0,0.001953125,-0.001953125,-0.012983322143554688,-0.008829685859382153,-0.070404052734375
1383,261000000,imu1_frame,-0.0010634128586306658,-0.019743092406592708,-0.05373936851503062,0.9983592338066106,0.0,0.001953125,-0.001953125,-0.003592848777770996,1.342345422017388e-05,-0.10760211944580078
1383,286000000,imu1_frame,-0.0008898991957798349,-0.01722639427283348,-0.05376699450664537,0.9984045120698828,0.0,0.001953125,-0.001953125,0.04568716883659363,-0.0007375559071078897,-0.07036495208740234
1383,311000000,imu1_frame,-0.0010593091351237963,-0.019694453565273193,-0.053788177915847016,0.9983575703521332,0.0,0.001953125,-0.001953125,-0.00263938307762146,-3.439317879383452e-05,-0.10764026641845703
1383,336000000,imu1_frame,-0.0012465867300173502,-0.02216215369964445,-0.05373558944645334,0.9983084550336935,0.0,0.001953125,0.00390625,-0.05097106099128723,0.0010473696747794747,-0.10561275482177734
1383,361000000,imu1_frame,-0.000750938216613886,-0.019688883089965362,-0.05369756609599452,0.9983628375344461,0.0,0.001953125,0.00390625,0.03685492277145386,-0.006011464167386293,-0.11156177520751953
1383,386000000,imu1_frame,-0.0032493922056162842,-0.01973437541472802,-0.05359940904486822,0.9983622084330545,0.0,0.001953125,0.00390625,-0.0057111382484436035,0.04273633286356926,-0.06836223602294922
1383,411000000,imu1_frame,-0.0007689664611036889,-0.019666730508214977,-0.05367385774446721,0.9983645353259127,-0.001953125,0.001953125,-0.001953125,-0.0017943382263183594,-0.005627246107906103,-0.06860923767089844
1383,436000000,imu1_frame,-0.0032300101303059554,-0.01990805981246835,-0.053648573006936075,0.9983561823334297,0.001953125,0.001953125,-0.001953125,-0.009080946445465088,0.04215659573674202,-0.06823062896728516
1383,461000000,imu1_frame,-0.0007049004396632066,-0.01973369302738373,-0.05372216221635589,0.9983606631682113,0.001953125,0.001953125,-0.001953125,-0.003033071756362915,-0.0069664460606873035,-0.10762214660644531
1383,486000000,imu1_frame,-0.0032116883013534538,-0.020006027366270485,-0.05367333811257589,0.998352951967954,-0.001953125,0.001953125,0.0,-0.010973960161209106,0.04168642684817314,-0.10721874237060547
1383,511000000,imu1_frame,-0.0006710604966733795,-0.019669568142916673,-0.0536489008571655,0.998365891446467,0.00390625,0.005859375,0.005859375,-0.0017471611499786377,-0.007531264331191778,-0.10767269134521484
1383,536000000,imu1_frame,-0.0031366469394971826,-0.02032735910056835,-0.053285130415294035,0.9983674948607846,-0.00390625,0.0,0.025390625,-0.017147928476333618,0.04004000499844551,-0.10697460174560547
1383,561000000,imu1_frame,-0.0007716299766657985,-0.01968371533374395,-0.053017314133998746,0.9983992790160939,-0.00390625,0.0,0.025390625,-0.002131909132003784,-0.0053399489261209965,-0.10765838623046875
1383,586000000,imu1_frame,-0.0012882276644521494,-0.02213896709929353,-0.05269149655985425,0.998364569080626,-0.00390625,0.0,0.025390625,-0.01149776577949524,0.002337557962164283,-0.07047462463378906
1383,611000000,imu1_frame,-0.0003996113755943036,-0.019822132693705963,-0.05239618692312095,0.9984295483218328,-0.00390625,0.0,0.025390625,0.03460758924484253,-0.012502769008278847,-0.1114664077758789
1383,636000000,imu1_frame,-0.001285142154759898,-0.022285776594586054,-0.05242576333723647,0.99837529612352,0.0,-0.009765625,-0.00390625,-0.014357596635818481,0.002242162125185132,-0.10940933227539062
1383,661000000,imu1_frame,-0.0010495097441484609,-0.01992136977134437,-0.052479306840148884,0.9984227360739076,0.0,-0.009765625,-0.00390625,-0.007056295871734619,4.6811983338557184e-05,-0.06840229034423828
1383,686000000,imu1_frame,-0.0008821353794798908,-0.017549541536920576,-0.05253122851957742,0.9984646741168363,0.0,-0.009765625,-0.00390625,0.03938949108123779,-0.0008037392981350422,-0.10920906066894531
1383,711000000,imu1_frame,-0.0009688307840132283,-0.01970696976936651,-0.05250252849753888,0.9984258516338539,0.005859375,0.02734375,0.001953125,-0.0027903616428375244,-0.0013166948920115829,-0.1076345443725586
1383,736000000,imu1_frame,-0.002680177070033053,-0.02135380032669611,-0.052515285507642846,0.9983881893584937,0.00390625,0.009765625,-0.00390625,-0.03667190670967102,0.030385183170437813,-0.10619068145751953
1383,761000000,imu1_frame,-0.0008209656425577054,-0.019501418283996274,-0.052599157361489575,0.9984249342565458,0.00390625,0.009765625,-0.00390625,0.0013713240623474121,-0.004028390161693096,-0.10779666900634766
1383,786000000,imu1_frame,-0.0026137671484424783,-0.021064935990304606,-0.05261046411272349,0.9983894910098272,0.00390625,0.009765625,-0.00390625,-0.03097173571586609,0.029346557334065437,-0.06737422943115234
1383,811000000,imu1_frame,-0.0006841457607621563,-0.01918300517547379,-0.05274547360275053,0.998423486939003,0.001953125,0.01953125,-0.0078125,0.007724881172180176,-0.006426122039556503,-0.06897926330566406
1383,836000000,imu1_frame,-0.0020435193881497464,-0.021021267874444336,-0.05276535009300211,0.9983835676507421,0.00390625,0.017578125,-0.00390625,-0.029536783695220947,0.018198812380433083,-0.06746196746826172
1383,861000000,imu1_frame,0.00035633203371897434,-0.01992286313908169,-0.05286187111993696,0.9984030123820352,0.00390625,0.017578125,-0.00390625,-0.005632758140563965,0.01152205653488636,-0.10748291015625
1383,886000000,imu1_frame,0.0028022056439791915,-0.019788583362087993,-0.052961263672338235,0.998396546549656,-0.00390625,-0.001953125,-0.00390625,-0.0004768073558807373,-0.03611079603433609,-0.1074361801147461
1383,911000000,imu1_frame,0.0002536388993435509,-0.019803188290512187,-0.052961873080825665,0.9984001249001374,-0.00390625,-0.001953125,-0.00390625,-0.003401637077331543,-0.02545131929218769,-0.10757637023925781
1383,936000000,imu1_frame,-0.0022018430508098613,-0.019829806466256365,-0.052887041750987976,0.9984011676062482,0.00390625,-0.005859375,0.001953125,-0.006460368633270264,0.022471081465482712,-0.10746288299560547
1383,961000000,imu1_frame,0.00034160997213363074,-0.019792455975613226,-0.052911023183767045,0.9984030076150249,0.00390625,-0.005859375,0.001953125,-0.003102630376815796,-0.027137391269207,-0.10758399963378906
1383,986000000,imu1_frame,0.0028593124735369216,-0.020230522674194742,-0.05293388020280799,0.9983889796122464,0.00390625,-0.005859375,0.001953125,-0.009041070938110352,-0.03767155110836029,-0.10708427429199219
1384,11000000,imu1_frame,0.00039848669524750153,-0.019853068814636488,-0.052959516889757044,0.9983992119577211,0.0,-0.005859375,-0.005859375,-0.004224866628646851,0.010733628645539284,-0.10753631591796875
1384,36000000,imu1_frame,0.0029212387759389277,-0.02001650862816073,-0.053081281421997535,0.9983852880070656,0.001953125,-0.001953125,-0.005859375,-0.004790544509887695,-0.038716115057468414,-0.10724544525146484
1384,61000000,imu1_frame,0.0004519968801591537,-0.019873607356889953,-0.053105027233571835,0.9983910513981815,0.001953125,-0.001953125,-0.005859375,-0.00456586480140686,0.009611610323190689,-0.10751914978027344
1384,86000000,imu1_frame,0.0029789513944993157,-0.0199530964506822,-0.053227037358599634,0.9983786267166608,0.001953125,-0.001953125,-0.005859375,-0.0034819841384887695,-0.039833053946495056,-0.10728836059570312
1384,111000000,imu1_frame,0.0004952880076330053,-0.020039960466186765,-0.05325092849737813,0.9983799343378603,0.001953125,-0.013671875,-0.005859375,-0.007761657238006592,0.00853702612221241,-0.10738945007324219
1384,136000000,imu1_frame,0.002896170014728852,-0.019181123647253103,-0.053298885609063346,0.9983901669626493,0.001953125,0.005859375,0.0,0.011496901512145996,-0.03744197636842728,-0.10788822174072266
1384,161000000,imu1_frame,0.0005725001443743282,-0.0199654475891179,-0.05324999858125669,0.9983814355231407,0.001953125,0.005859375,0.0,-0.0062275230884552,0.007108114659786224,-0.10744571685791016
1384,186000000,imu1_frame,0.0030129452038977944,-0.019606383689443098,-0.05332385787388745,0.998380227198669,0.0,-0.01171875,-0.001953125,0.0033246278762817383,-0.04017294943332672,-0.10755252838134766
1384,211000000,imu1_frame,0.0005053011085520772,-0.019857653752474176,-0.05329951827348317,0.9983809791908352,0.0,-0.01171875,-0.001953125,-0.004193395376205444,-0.030549993738532066,-0.10753059387207031
1384,236000000,imu1_frame,-0.0019696693592946976,-0.019827806017799654,-0.053347180839718546,0.9983772116828337,0.001953125,-0.0078125,-0.0078125,-0.0061897337436676025,0.01776280626654625,-0.10748291015625
1384,261000000,imu1_frame,0.0004831868745568689,-0.019686657712880775,-0.05349512528566044,0.9983739147279498,-0.00390625,0.0,-0.0078125,-0.0008746981620788574,-0.03001546673476696,-0.10766315460205078
1384,286000000,imu1_frame,-0.002058865151794456,-0.019830243984638767,-0.05354418795791204,0.9983664369527474,-0.00390625,0.0,-0.0078125,-0.006334036588668823,0.019424153491854668,-0.10747432708740234
1384,311000000,imu1_frame,0.0005237889365503346,-0.019505910371630703,-0.0536656893013416,0.9983682882070803,0.005859375,0.015625,-0.005859375,0.0026990175247192383,-0.03068380616605282,-0.10780143737792969
1384,336000000,imu1_frame,-0.0019336632841738238,-0.01985358574333795,-0.05373876518989712,0.9983557688496123,0.0,0.005859375,-0.009765625,-0.006661713123321533,0.016880465671420097,-0.1074666976928711
1384,361000000,imu1_frame,8.342652178989109e-05,-0.021269038829679367,-0.053901971129816754,0.9983196875428219,0.0,0.005859375,-0.009765625,0.0069123804569244385,0.015024792402982712,-0.11030769348144531
1384,386000000,imu1_frame,0.0014159782981620767,-0.019078408302151177,-0.05405443034547967,0.9983547104622391,0.0,0.005859375,-0.009765625,0.011993348598480225,-0.008728787302970886,-0.10809040069580078
1384,411000000,imu1_frame,0.00013187624514329432,-0.021337072237861004,-0.054074482432254524,0.9983089012458298,-0.001953125,-0.0078125,-0.00390625,-0.03342163562774658,0.01393573172390461,-0.10634422302246094
1384,436000000,imu1_frame,0.001437776311928157,-0.018991118470149053,-0.0541259339622045,0.9983524695673611,0.005859375,0.013671875,-0.001953125,0.013722717761993408,-0.009088415652513504,-0.1081533432006836
1384,461000000,imu1_frame,0.0003156119713033215,-0.021016313021351242,-0.05412036194531979,0.9983131780152857,0.005859375,0.013671875,-0.001953125,-0.02696964144706726,0.010670462623238564,-0.10660839080810547
1384,486000000,imu1_frame,0.0015816746295903958,-0.01878747660467136,-0.054074696572006316,0.9983588814744128,0.00390625,0.00390625,0.005859375,0.0178450345993042,-0.011662524193525314,-0.10829544067382812
1384,511000000,imu1_frame,0.0003815926033869408,-0.020904688140708623,-0.053971460965708165,0.998323559674944,0.00390625,0.00390625,0.005859375,-0.024726897478103638,0.009561760351061821,-0.10669898986816406
1384,536000000,imu1_frame,0.0017035475749343327,-0.01860354950161625,-0.054119705841792896,0.9983596863411496,0.0078125,0.009765625,-0.009765625,0.021564453840255737,-0.013862863183021545,-0.10842227935791016
1384,561000000,imu1_frame,0.0004918631439057904,-0.020587289196881846,-0.054162150101858264,0.9983197799755924,0.00390625,0.013671875,-0.005859375,-0.018413454294204712,0.007668044418096542,-0.10695457458496094
1384,586000000,imu1_frame,0.0019071179704340927,-0.018319497706087182,-0.054265205647359725,0.9983566729184982,0.00390625,0.013671875,-0.005859375,0.02732965350151062,-0.017587047070264816,-0.108612060546875
1384,611000000,imu1_frame,0.0005388650861523621,-0.020618336690790138,-0.054284945803859716,0.9983124453173947,-0.00390625,-0.013671875,-0.00390625,-0.018965303897857666,0.006668552756309509,-0.10692882537841797
1384,636000000,imu1_frame,0.0018322977244452914,-0.01862951327550191,-0.05433568852199802,0.9983472426330465,0.0078125,-0.015625,-0.001953125,0.021206289529800415,-0.016481101512908936,-0.10839462280273438
1384,661000000,imu1_frame,0.00047505632020269136,-0.020868198394733407,-0.054325885756199344,0.9983050589644706,0.0078125,-0.015625,-0.001953125,-0.023905396461486816,0.007631968706846237,-0.10672664642333984
1384,686000000,imu1_frame,0.001373254004235331,-0.02343430673702781,-0.054361182271383736,0.998245365280126,0.0078125,-0.015625,-0.001953125,-0.03393584489822388,-0.01263502612709999,-0.10837841033935547
1384,711000000,imu1_frame,0.0007951486926662777,-0.0209478865605347,-0.054609912636852914,0.9982876896110654,0.01953125,0.01171875,-0.021484375,0.013953059911727905,0.0011849813163280487,-0.11056041717529297
1384,736000000,imu1_frame,0.0010431053452332362,-0.023574619544951516,-0.05479802698207214,0.9982185760059876,0.013671875,-0.009765625,-0.015625,-0.03700324892997742,-0.006542738527059555,-0.10826587677001953
1384,761000000,imu1_frame,-0.0007480889161449264,-0.022151905105247144,-0.054946556490056864,0.998243261631686,0.013671875,-0.009765625,-0.015625,-0.011174768209457397,-0.009194912388920784,-0.10954666137695312
1384,786000000,imu1_frame,-0.0025825454466487964,-0.020767227641555582,-0.05485133538763081,0.998275204400717,0.01171875,-0.01171875,0.00390625,0.013865828514099121,0.028127998113632202,-0.11058998107910156
1384,811000000,imu1_frame,-7.230823802697375e-05,-0.021718865496536358,-0.054849677389441846,0.9982583826561819,0.01171875,-0.01171875,0.00390625,-0.0020051896572113037,0.017187464982271194,-0.10992908477783203
1384,836000000,imu1_frame,0.0024720123702617934,-0.022273559898777287,-0.05492425391954425,0.9982390014498823,0.0078125,-0.001953125,-0.001953125,-0.010089010000228882,-0.033086396753787994,-0.10933303833007812
1384,861000000,imu1_frame,4.7640222291835255e-06,-0.021759456190286398,-0.05492140489036833,0.9982535576337683,-0.001953125,-0.001953125,-0.00390625,-0.0027126967906951904,0.015609508380293846,-0.1098947525024414
1384,886000000,imu1_frame,0.0024383067518972575,-0.022238208445648912,-0.055023381870855904,0.9982344134484672,-0.001953125,-0.001953125,-0.00390625,-0.009428679943084717,-0.03243362158536911,-0.10936737060546875
1384,911000000,imu1_frame,-1.068651248654076e-05,-0.02176666321563896,-0.05509284859316253,0.9982439532960601,0.0,-0.001953125,-0.009765625,-0.0028657615184783936,0.01583031378686428,-0.10988903045654297
1384,936000000,imu1_frame,0.002453310782619892,-0.022244580458832385,-0.05529194205320273,0.9982193952485594,0.0,-0.00390625,-0.01171875,-0.009517461061477661,-0.032849304378032684,-0.1093606948852539
1384,961000000,imu1_frame,0.0010924076277772938,-0.02019517836316607,-0.0554157916061548,0.9982585093336885,0.0,-0.00390625,-0.01171875,-0.010075211524963379,-0.004129644483327866,-0.10724830627441406
1384,986000000,imu1_frame,0.0006586172729723936,-0.02270378742126656,-0.05554771361970353,0.9981976536596553,0.0,-0.00390625,-0.01171875,-0.020404309034347534,0.0015598572790622711,-0.07000255584716797
1385,11000000,imu1_frame,0.0012469220056544024,-0.020440827630696358,-0.05565458452636417,0.9982400437632633,0.015625,-0.015625,-0.0078125,0.024374425411224365,-0.007505767047405243,-0.07188987731933594
1385,36000000,imu1_frame,0.0006858342085735975,-0.02307473089916883,-0.05572636199845084,0.998179171794216,0.017578125,-0.01953125,-0.0078125,-0.027601808309555054,0.0005457028746604919,-0.0696706771850586
1385,61000000,imu1_frame,0.0011406031007776631,-0.020844237495942,-0.05582938275091244,0.9982220678834101,0.017578125,-0.01953125,-0.0078125,0.016398340463638306,-0.005940873175859451,-0.11063098907470703
1385,86000000,imu1_frame,0.00035191277694402736,-0.023297548860005714,-0.05588160007315791,0.9981654908619995,-0.001953125,-0.005859375,-0.005859375,-0.032305777072906494,0.006747715175151825,-0.10853862762451172
1385,111000000,imu1_frame,0.0025480154740864323,-0.022219867382065068,-0.05600871607829189,0.9981797477578519,-0.001953125,-0.005859375,-0.005859375,-0.00888022780418396,0.004082612693309784,-0.10937213897705078
1385,136000000,imu1_frame,0.004622015307972572,-0.020886189287729454,-0.055935417140504935,0.9982052059475786,0.005859375,-0.01171875,0.009765625,0.019395649433135986,-0.034896641969680786,-0.11020565032958984
1385,161000000,imu1_frame,0.002566285381329178,-0.022371262876957516,-0.05576118738752758,0.9981901776504137,0.005859375,-0.01171875,0.009765625,-0.01183086633682251,0.003668159246444702,-0.1092386245727539
1385,186000000,imu1_frame,0.00020628724018377205,-0.021890178567520565,-0.055586544913523044,0.9982138616310803,0.005859375,-0.01171875,0.009765625,-0.005027413368225098,0.011252399533987045,-0.10978317260742188
1385,211000000,imu1_frame,0.002756773553115137,-0.02195509150976158,-0.055712875973954704,0.9982016076961036,0.00390625,0.001953125,-0.005859375,-0.0035106241703033447,-0.03863739222288132,-0.10957908630371094
1385,236000000,imu1_frame,0.00021005760641270115,-0.021920035561186994,-0.055757136213378924,0.9982036914768853,-0.00390625,-0.001953125,-0.0078125,-0.0056008100509643555,0.011073339730501175,-0.1097574234008789
1385,261000000,imu1_frame,0.002629189357256059,-0.021534700705619154,-0.05591008777610877,0.998200083206624,-0.00390625,-0.001953125,-0.0078125,0.004563778638839722,-0.035773105919361115,-0.07088756561279297
1385,286000000,imu1_frame,0.001001584307883264,-0.023491429494924058,-0.05596734324189022,0.9981557023128224,-0.00390625,-0.001953125,-0.0078125,0.003689676523208618,-0.0061791762709617615,-0.10443687438964844
1385,311000000,imu1_frame,-0.0005222594445664369,-0.025467205593062533,-0.05592795558353079,0.9981098198437885,-0.001953125,0.001953125,0.0,-0.03650367259979248,0.021410323679447174,-0.10256099700927734
1385,336000000,imu1_frame,0.0010121674807401142,-0.023470896104992305,-0.05599296632058882,0.9981547376412341,0.0,0.001953125,-0.001953125,0.004102349281311035,-0.006374984979629517,-0.10445594787597656
1385,361000000,imu1_frame,0.002963506300033059,-0.021880283567475036,-0.05606636162111018,0.9981828659699522,0.0,0.001953125,-0.001953125,-0.001797497272491455,-0.0036773234605789185,-0.1096200942993164
1385,386000000,imu1_frame,0.0012560932785646121,-0.023511986186973803,-0.05601730453694627,0.9981521278480722,0.0078125,0.0078125,0.0,-0.03549262881278992,0.027872208505868912,-0.10831356048583984
1385,411000000,imu1_frame,0.0031779239400398854,-0.021544411238648722,-0.05613439908980368,0.9981856883278972,0.0078125,0.01953125,-0.005859375,0.004994004964828491,-0.007521688938140869,-0.1098794937133789
1385,436000000,imu1_frame,0.0016697702520202347,-0.023407237256395673,-0.056214605606787565,0.9981428911873297,0.0,0.009765625,-0.009765625,-0.032985299825668335,0.019825663417577744,-0.10838603973388672
1385,461000000,imu1_frame,0.0032702009956699584,-0.021353606474863077,-0.056378864190945316,0.9981757124617405,0.0,0.009765625,-0.009765625,0.008837878704071045,-0.009214222431182861,-0.11002826690673828
1385,486000000,imu1_frame,0.0016999107760692837,-0.02316744815322868,-0.0564580897411189,0.9981346921894884,0.0,0.009765625,-0.009765625,-0.028261810541152954,0.019391100853681564,-0.06953907012939453
1385,511000000,imu1_frame,0.0034124886031736633,-0.021227995925626877,-0.05654921897574481,0.9981682788707262,0.00390625,0.005859375,-0.00390625,0.01146000623703003,-0.011922232806682587,-0.07105159759521484
1385,536000000,imu1_frame,0.0018698093823868221,-0.02299087428502572,-0.05652767208316698,0.9981345329169519,0.0078125,0.009765625,-0.001953125,-0.02462667226791382,0.01623985916376114,-0.0696868896484375
1385,561000000,imu1_frame,0.002799018151372691,-0.020517168424239694,-0.05657567698486176,0.9981835522943385,0.0078125,0.009765625,-0.001953125,-0.01441618800163269,0.0008216798305511475,-0.10686206817626953
1385,586000000,imu1_frame,0.0029073949795740796,-0.022898404551808707,-0.056587727824436475,0.9981307725859782,0.0078125,0.009765625,-0.001953125,-0.02167084813117981,-0.003928624093532562,-0.10873603820800781
1385,611000000,imu1_frame,0.0026272470744806604,-0.02046619439150671,-0.056663790354122986,0.9981800675843224,0.001953125,-0.00390625,-0.005859375,0.025456875562667847,0.00419452041387558,-0.11082744598388672
1385,636000000,imu1_frame,0.0028833924288890122,-0.022849037863807563,-0.056733129304545354,0.9981237195639192,-0.001953125,0.0078125,-0.005859375,-0.02072286605834961,-0.0034702494740486145,-0.10878276824951172
1385,661000000,imu1_frame,0.0026069280330143045,-0.020265674302989797,-0.056810827907065334,0.9981758543482153,-0.001953125,0.0078125,-0.005859375,0.0293559730052948,0.004755042493343353,-0.11098957061767578
1385,686000000,imu1_frame,0.0028716160880784413,-0.022825236317205923,-0.05690432161002053,0.9981145528396076,0.0,-0.005859375,-0.0078125,-0.020257890224456787,-0.0032899677753448486,-0.10880470275878906
1385,711000000,imu1_frame,0.0026281076557695044,-0.02038861891849702,-0.056982273849462646,0.9981635225431206,0.0,-0.00390625,-0.005859375,0.026994407176971436,0.004137575626373291,-0.11088943481445312
1385,736000000,imu1_frame,0.0028220962966281154,-0.02296863581475889,-0.056954585349096885,0.998108537559425,-0.00390625,-0.0078125,0.001953125,-0.023105233907699585,-0.002505555748939514,-0.10868263244628906
1385,761000000,imu1_frame,0.0026889723580812027,-0.020566743124304156,-0.05693996857616948,0.9981621203409098,-0.00390625,-0.0078125,0.001953125,0.023585110902786255,0.002768702805042267,-0.11074066162109375
1385,786000000,imu1_frame,0.002811836750948424,-0.023153803778783916,-0.0569106867764782,0.998106792219795,-0.00390625,-0.0078125,0.001953125,-0.026730895042419434,-0.002491563558578491,-0.10851669311523438
1385,811000000,imu1_frame,0.002747410905882178,-0.02065277035246482,-0.05694482606940801,0.9981599078274018,-0.001953125,0.0,-0.001953125,0.021972835063934326,0.0015309080481529236,-0.11066532135009766
1385,836000000,imu1_frame,0.00278151042048973,-0.02314881937968855,-0.05693755643975369,0.9981054603736909,-0.00390625,0.0,0.0,-0.026665300130844116,-0.0019064396619796753,-0.10852432250976562
1385,861000000,imu1_frame,0.0006049693937414956,-0.021833908509728293,-0.05689502535693458,0.9981412077160501,-0.00390625,0.0,0.0,-0.0034497976303100586,0.002976763993501663,-0.10982513427734375
1385,886000000,imu1_frame,0.0030497261961479343,-0.022050846643298528,-0.05694979569248063,0.9981288394305752,-0.00390625,0.0,0.0,-0.00495484471321106,-0.00592406839132309,-0.10946369171142578
1385,911000000,imu1_frame,0.0006915903907514336,-0.021604405604557914,-0.056868466536808764,0.9981476588536171,0.009765625,0.017578125,0.001953125,0.0011211633682250977,0.04061558097600937,-0.1100168228149414
1385,936000000,imu1_frame,0.003219050618358244,-0.021710216416553674,-0.05701634091701693,0.9981319757851149,0.00390625,0.03125,-0.0078125,0.0018824338912963867,-0.00887693464756012,-0.10973453521728516
1385,961000000,imu1_frame,0.0028408759062153177,-0.018863429488707912,-0.05711252158526415,0.9981854839308086,0.00390625,0.03125,-0.0078125,0.017926424741744995,0.0016357675194740295,-0.10813045501708984
1385,986000000,imu1_frame,0.002931169733908833,-0.021332537770572223,-0.05708163876416292,0.998137273921907,-0.00390625,0.001953125,0.001953125,-0.030130445957183838,-0.0028667598962783813,-0.10618114471435547
1386,11000000,imu1_frame,0.0029088810853399225,-0.01876233745802553,-0.05706563711451641,0.9981898748057189,0.001953125,0.005859375,0.001953125,0.019970595836639404,0.000438690185546875,-0.10819721221923828
1386,36000000,imu1_frame,0.0029735676251711873,-0.021240186065914497,-0.05695646761142001,0.998146268433987,0.005859375,0.001953125,0.0078125,-0.028292357921600342,-0.0035394951701164246,-0.10625267028808594
1386,61000000,imu1_frame,0.002911665089102295,-0.01872622319832459,-0.056864771226787174,0.9982020078944245,0.005859375,0.001953125,0.0078125,0.02066245675086975,0.000497475266456604,-0.10822296142578125
1386,86000000,imu1_frame,0.002931641111877345,-0.0212012269412398,-0.056829678677817845,0.9981544475069742,0.001953125,0.001953125,0.001953125,-0.027589529752731323,-0.0026260167360305786,-0.10628986358642578
1386,111000000,imu1_frame,0.002837705153465476,-0.018700461709880205,-0.056888631429582795,0.9982013443065323,-0.00390625,0.0,-0.00390625,0.021084517240524292,0.001960538327693939,-0.10825061798095703
1386,136000000,imu1_frame,0.0028330110594828634,-0.021089336440774008,-0.05690808302388979,0.9981526356341351,-0.01171875,0.0078125,-0.001953125,-0.02551090717315674,-0.000609569251537323,-0.10639381408691406
1386,161000000,imu1_frame,0.0005656424495755869,-0.019667677126028103,-0.056895908735993025,0.998186214137518,-0.01171875,0.0078125,-0.001953125,-0.0003083944320678711,0.006152372807264328,-0.10767650604248047
1386,186000000,imu1_frame,0.0029008853851101696,-0.019916292989819052,-0.05697088629369842,0.9981729530759871,-0.01171875,0.0078125,-0.001953125,-0.002552628517150879,-0.0006546154618263245,-0.10732555389404297
1386,211000000,imu1_frame,0.003056973106964186,-0.02219125593693318,-0.05696383690958926,0.9981249041877989,-0.001953125,0.017578125,0.0,-0.04674598574638367,-0.0062275901436805725,-0.10543537139892578
1386,236000000,imu1_frame,0.002897875255106532,-0.01950097922596071,-0.057018780907691156,0.9981784273124896,0.0,0.015625,-0.00390625,0.00554773211479187,-0.00015200674533843994,-0.10764598846435547
1386,261000000,imu1_frame,0.002949369790059466,-0.021805172705961155,-0.057057546355080396,0.9981283845603444,0.0,0.015625,-0.00390625,-0.03932914137840271,-0.0037384256720542908,-0.10577964782714844
1386,286000000,imu1_frame,0.002899793097302813,-0.019109285896523415,-0.05711464781535208,0.9981805164385077,0.0,0.015625,-0.00390625,0.013197064399719238,0.00021120905876159668,-0.1079416275024414
1386,311000000,imu1_frame,0.0029486790144368632,-0.021392886521306383,-0.05712800511644392,0.998133278039447,0.001953125,0.017578125,-0.001953125,-0.03128403425216675,-0.0032948851585388184,-0.10612773895263672
1386,336000000,imu1_frame,0.003026477753792826,-0.018658043492431258,-0.05708388783052918,0.998190436537834,0.01171875,0.01953125,0.00390625,0.02213752269744873,-0.0017462000250816345,-0.1082601547241211
1386,361000000,imu1_frame,0.003162210151537969,-0.015922904219136568,-0.05704124132959921,0.9982398300687888,0.01171875,0.01953125,0.00390625,0.03657600283622742,-0.0013324171304702759,-0.1100921630859375
1386,386000000,imu1_frame,0.0028902184644078025,-0.01851065583852414,-0.05712755861821285,0.998191086067181,-0.0078125,-0.0078125,-0.0078125,-0.01419857144355774,0.001061178743839264,-0.1083831787109375
1386,411000000,imu1_frame,0.0033891504966674472,-0.01617289905533229,-0.05724754867955323,0.9982232561733067,-0.0078125,-0.0078125,-0.0078125,0.031969815492630005,-0.006103515625,-0.10990619659423828
1386,436000000,imu1_frame,0.0029100316356537657,-0.01864940722067483,-0.05720411851929722,0.9981840612585574,0.001953125,-0.001953125,0.001953125,-0.01687687635421753,0.0004921257495880127,-0.10828018188476562
1386,461000000,imu1_frame,0.0033170137702360153,-0.016108811893183802,-0.05722095293302949,0.9982260596400369,0.0,0.005859375,0.0,0.03313708305358887,-0.0046160221099853516,-0.10995674133300781
1386,486000000,imu1_frame,0.0029286509635266652,-0.018502807516075935,-0.05720385628909325,0.9981867500338868,0.0,0.005859375,0.0,-0.01399657130241394,0.0002926960587501526,-0.1083841323852539
1386,511000000,imu1_frame,0.003467604161380158,-0.015823547206745555,-0.05726759130109031,0.9982274360393762,0.0078125,0.017578125,-0.00390625,0.03887444734573364,-0.007249869406223297,-0.11011505126953125
1386,536000000,imu1_frame,0.003068788161002481,-0.018059195732281437,-0.05729522184236546,0.9981892132971384,0.0078125,0.017578125,-0.00390625,-0.005179703235626221,-0.001977987587451935,-0.10868453979492188
1386,561000000,imu1_frame,0.0016917371159850794,-0.015834818450951613,-0.057323002298820494,0.9982286661670287,0.0078125,0.017578125,-0.00390625,0.036668092012405396,0.02737196534872055,-0.11028671264648438
1386,586000000,imu1_frame,0.0031110729391110015,-0.01774969635140432,-0.05738469229134258,0.9981894943322276,0.0078125,0.017578125,-0.00390625,0.0009118914604187012,-0.00248747318983078,-0.10889625549316406
1386,611000000,imu1_frame,0.0021766960351381997,-0.020070602870051267,-0.057358544642385045,0.9981495029560005,0.0,0.0,0.0,-0.04540655016899109,0.013152457773685455,-0.10727787017822266
1386,636000000,imu1_frame,0.0031108466908585704,-0.017750262850924323,-0.0573846859873623,0.9981894853261684,0.0,0.0,0.0,0.0009002983570098877,-0.002483762800693512,-0.10889625549316406
1386,661000000,imu1_frame,0.0021764161189237632,-0.02007104181553082,-0.05735853784506782,0.9981494951306604,0.0,0.0,0.0,-0.045415401458740234,0.0131574347615242,-0.10727691650390625
1386,686000000,imu1_frame,0.003160245931086118,-0.01770501773601635,-0.05728610142792229,0.9981957963124329,0.00390625,0.00390625,0.0078125,0.0018302202224731445,-0.0033631399273872375,-0.10892105102539062
1386,711000000,imu1_frame,0.00208052447920413,-0.019888264697230734,-0.05715838028878902,0.9981648400479683,0.00390625,0.00390625,0.0078125,-0.0419708788394928,0.015310488641262054,-0.10742759704589844
1386,736000000,imu1_frame,0.0031071770314163283,-0.017786221305955943,-0.05721343651177306,0.9981986868680324,-0.005859375,-0.01171875,-0.001953125,0.00018098950386047363,-0.0023935064673423767,-0.1088714599609375
1386,761000000,imu1_frame,0.002132281865427321,-0.020321038284822953,-0.057283375441069935,0.9981488484565568,0.00390625,-0.01953125,-0.0078125,-0.05034548044204712,0.013768114149570465,-0.10708332061767578
1386,786000000,imu1_frame,0.003054292375193036,-0.01823116237001264,-0.05740578838092219,0.9981797791365491,0.00390625,-0.01953125,-0.0078125,-0.008541613817214966,-0.0019266530871391296,-0.10856437683105469
1386,811000000,imu1_frame,0.002659494669142149,-0.016035441582626063,-0.05750629481072485,0.9982128118585221,0.001953125,-0.021484375,-0.0078125,0.03385215997695923,0.008207105100154877,-0.11007881164550781
1386,836000000,imu1_frame,0.003114543084846149,-0.018763994358145724,-0.0576021211976731,0.9981584081550525,0.001953125,-0.021484375,-0.0078125,-0.018850237131118774,-0.003770768642425537,-0.10817241668701172
1386,861000000,imu1_frame,0.0027938899298944847,-0.016557419604314064,-0.057704068429476646,0.998192509750395,0.001953125,-0.021484375,-0.0078125,0.023835718631744385,0.004935115575790405,-0.10973262786865234
1386,886000000,imu1_frame,0.003175824705261625,-0.019298874945793205,-0.05779848567795893,0.9981366653001996,0.001953125,-0.021484375,-0.0078125,-0.02919703722000122,-0.005641423165798187,-0.10776710510253906
1386,911000000,imu1_frame,0.002846804173917572,-0.01699073335197994,-0.057803406250683156,0.9981793310382537,0.0,-0.013671875,0.0,0.015450537204742432,0.0033816397190093994,-0.10944271087646484
1386,936000000,imu1_frame,0.002872932938070783,-0.019659523322073127,-0.05779473625599201,0.9981307619045624,0.0,-0.013671875,0.0,0.0024888813495635986,-0.00013747811317443848,-0.1075277328491211
1386,961000000,imu1_frame,0.0030381896031691264,-0.017335030246686867,-0.05780847285604838,0.998172553517844,0.0,-0.013671875,0.0,0.008951574563980103,-0.0007429346442222595,-0.07012653350830078
1386,986000000,imu1_frame,0.002859572158002385,-0.02017023884442805,-0.057844374486629886,0.9981177348651222,0.001953125,-0.02734375,-0.00390625,-0.04654523730278015,-0.0004726126790046692,-0.0680694580078125
1387,11000000,imu1_frame,0.0033076956907144507,-0.018052667144363183,-0.05791220050778689,0.9981529629222857,0.001953125,-0.02734375,-0.00390625,0.03433007001876831,-0.006847642362117767,-0.10865974426269531
1387,36000000,imu1_frame,0.0027882020097443386,-0.020838880342644934,-0.05794140226127407,0.9980985727369892,0.001953125,-0.02734375,-0.00390625,-0.0205957293510437,0.00012534856796264648,-0.10660362243652344
1387,61000000,imu1_frame,0.003087252176993008,-0.0182842022855675,-0.05795699967617946,0.9981468544304049,0.0,0.005859375,0.0,0.029567956924438477,-0.0028242990374565125,-0.10852241516113281
1387,86000000,imu1_frame,0.0028028185211069205,-0.020695103856449,-0.057941093708584794,0.9981015411993719,0.0,0.005859375,0.0,-0.017775297164916992,2.9802322387695312e-06,-0.1067190170288086
1387,111000000,imu1_frame,0.003155866482046187,-0.01819098975056553,-0.057907246368480825,0.9981512306342473,0.00390625,0.001953125,0.00390625,0.03145977854728699,-0.004039980471134186,-0.1085805892944336
1387,136000000,imu1_frame,0.0028400939541329794,-0.020644465162164765,-0.05784040032845463,0.9981083247896212,0.00390625,0.001953125,0.00390625,-0.016753435134887695,-0.0006266459822654724,-0.10675525665283203
1387,161000000,imu1_frame,0.0030195789248900072,-0.01812659502723035,-0.057803125285826595,0.9981588588010559,0.00390625,0.001953125,0.00390625,0.03255298733711243,-0.001271568238735199,-0.069580078125
1387,186000000,imu1_frame,0.002844035493070608,-0.015613593147533942,-0.05775933395561714,0.9982043811325118,0.00390625,0.001953125,0.00390625,0.04230746626853943,0.005003742873668671,-0.110321044921875
1387,211000000,imu1_frame,0.003011371684001852,-0.01820421123310204,-0.057801480642696614,0.9981575663037742,0.0,-0.0078125,-0.00390625,-0.008032411336898804,-0.0011983811855316162,-0.10858917236328125
1387,236000000,imu1_frame,0.0029588137022801483,-0.01580155931568393,-0.057859638348312,0.9981952806915441,0.0,-0.0078125,-0.00390625,0.03877803683280945,0.0025214925408363342,-0.11019229888916016
1387,261000000,imu1_frame,0.0029125487424776033,-0.01840086606035085,-0.05789814220517236,0.9981486514128249,0.0,-0.0078125,-0.00390625,0.027090251445770264,0.0004733279347419739,-0.10845947265625
1387,286000000,imu1_frame,0.0028504071441965563,-0.02089676484290177,-0.05788779904684758,0.9981002971243544,-0.001953125,0.0,0.0,-0.021658271551132202,-0.0011320337653160095,-0.10654926300048828
1387,311000000,imu1_frame,0.005128960818702009,-0.01991826797927525,-0.05793976801079457,0.9981081803314114,-0.001953125,0.0,0.0,1.2308359146118164e-05,-0.009344302117824554,-0.10697460174560547
1387,336000000,imu1_frame,0.002824790949623647,-0.020946930071849168,-0.05788893972623129,0.998099252246002,-0.001953125,0.0,0.0,-0.022665739059448242,0.03446677327156067,-0.10651111602783203
1387,361000000,imu1_frame,0.005032371769896346,-0.02009475129796503,-0.05813729689504917,0.998093648368919,-0.005859375,-0.013671875,-0.015625,-0.0035151243209838867,-0.007735855877399445,-0.10685539245605469
1387,386000000,imu1_frame,0.002451819655608619,-0.020157095979273384,-0.05828555827971638,0.9980934193541607,-0.005859375,-0.013671875,-0.015625,-0.00765681266784668,0.0073249489068984985,-0.10718441009521484
1387,411000000,imu1_frame,0.004791989981589157,-0.01932697367874011,-0.05843355770807486,0.9980926932174259,-0.001953125,0.0,-0.0078125,0.011219054460525513,-0.03744161128997803,-0.10749340057373047
1387,436000000,imu1_frame,0.0024116778679573662,-0.020163096115063273,-0.05848151534546016,0.9980819333741168,-0.001953125,0.0,-0.0078125,-0.0078057944774627686,0.008024588227272034,-0.10718250274658203
1387,461000000,imu1_frame,0.004759252983578009,-0.019367418467249615,-0.05862952647592207,0.9980805735200751,-0.001953125,0.0,-0.0078125,0.010415345430374146,-0.03692217171192169,-0.10746955871582031
1387,486000000,imu1_frame,0.002368865516860254,-0.02016987759456166,-0.05867741494788503,0.9980704010684903,-0.001953125,0.0,-0.0078125,-0.007973402738571167,0.008775390684604645,-0.10718154907226562
1387,511000000,imu1_frame,0.004723687964689594,-0.01947523890812215,-0.05872829398828819,0.9980728376860624,-0.001953125,-0.005859375,0.0,0.008283168077468872,-0.03638875484466553,-0.10739421844482422
1387,536000000,imu1_frame,0.002293011627285723,-0.02023812263549138,-0.05867883202365125,0.9980691134196108,-0.001953125,-0.005859375,0.0,-0.009391307830810547,0.01017647236585617,-0.10713481903076172
1387,561000000,imu1_frame,0.004587376219700054,-0.019386968281426314,-0.05872915717616645,0.9980751412281799,-0.001953125,-0.005859375,0.0,0.009847968816757202,-0.033628612756729126,-0.10748577117919922
1387,586000000,imu1_frame,0.0021813261431444654,-0.02030932940094431,-0.05872917124066752,0.9980649565037965,-0.00390625,-0.005859375,-0.00390625,-0.010904818773269653,0.012253910303115845,-0.10708904266357422
1387,611000000,imu1_frame,0.004395102971488264,-0.019377925348666582,-0.05878018901919619,0.9980731779072711,-0.005859375,-0.005859375,0.0,0.00980880856513977,-0.02988622337579727,-0.10752677917480469
1387,636000000,imu1_frame,0.00200741258846582,-0.020402141617813428,-0.058732347364296555,0.9980632416260934,-0.005859375,-0.005859375,0.0,-0.012914389371871948,0.015539102256298065,-0.10702800750732422
1387,661000000,imu1_frame,0.004278832014468666,-0.01941362396883081,-0.05880600639787818,0.9980714685895602,0.0,-0.00390625,-0.001953125,0.008981585502624512,-0.027668476104736328,-0.10751914978027344
1387,686000000,imu1_frame,0.001973696635736636,-0.020434561287138865,-0.05878107412814163,0.9980597770429054,0.0,-0.00390625,-0.001953125,-0.013582199811935425,0.01614033430814743,-0.10700607299804688
1387,711000000,imu1_frame,0.0042800362170162705,-0.019363734949945314,-0.058804736154070926,0.9980725074184837,0.00390625,0.0,0.001953125,0.00995570421218872,-0.027634263038635254,-0.10755634307861328
1387,736000000,imu1_frame,0.0020553433780612883,-0.020406083960174213,-0.058730247817050656,0.998063187023926,0.00390625,0.0,0.001953125,-0.012936264276504517,0.014600321650505066,-0.10702228546142578
1387,761000000,imu1_frame,0.0043536791468803725,-0.019311485088089973,-0.05875383595516686,0.9980761988857022,0.00390625,0.0,0.001953125,0.011054039001464844,-0.02899203449487686,-0.10758399963378906
1387,786000000,imu1_frame,0.003097739765744765,-0.0214453379320248,-0.05869185214599787,0.9980409650815928,0.00390625,0.0,0.001953125,0.007054924964904785,-0.0069116950035095215,-0.07091045379638672
1387,811000000,imu1_frame,0.0016941447923034055,-0.023556864016404708,-0.05867559273578954,0.9979976847910215,0.00390625,-0.005859375,-0.001953125,-0.035729438066482544,0.018057283014059067,-0.0691843032836914
1387,836000000,imu1_frame,0.0031662126155093534,-0.021579103350930735,-0.05873849613671733,0.998035122862838,0.00390625,-0.005859375,-0.001953125,0.004528820514678955,-0.008420392870903015,-0.10985183715820312
1387,861000000,imu1_frame,0.0027503795401411114,-0.0192006290359491,-0.05876290054072377,0.9980835099214144,0.00390625,-0.005859375,-0.001953125,0.011373013257980347,0.0024111196398735046,-0.10788917541503906
1387,886000000,imu1_frame,0.0030394403822207035,-0.022204062657361762,-0.05881120777116847,0.9980175265215373,-0.00390625,-0.04296875,-0.00390625,-0.046859025955200195,-0.006695203483104706,-0.10542583465576172
1387,911000000,imu1_frame,0.002848445937600971,-0.020077710569461227,-0.05876949434959567,0.9980655882395317,0.001953125,-0.029296875,0.00390625,-0.005618572235107422,-0.0005111768841743469,-0.10720539093017578
1387,936000000,imu1_frame,0.0027282175781433394,-0.022938969151891156,-0.0587086120237812,0.9980078453586103,0.001953125,-0.029296875,0.00390625,-0.022492200136184692,-0.0014220550656318665,-0.1087188720703125
1387,961000000,imu1_frame,0.0027173475376516586,-0.020604889156806246,-0.0587954882690364,0.9980536784784678,-0.005859375,-0.013671875,-0.005859375,0.023014694452285767,0.0014310330152511597,-0.11070632934570312
1387,986000000,imu1_frame,0.0027247728479490923,-0.02319824835411137,-0.05883672376687746,0.9979943170292146,-0.00390625,-0.0078125,-0.00390625,-0.027541279792785645,-0.001709774136543274,-0.10848522186279297
1388,11000000,imu1_frame,0.0027542366769510236,-0.020747472021568337,-0.05887311358462878,0.9980460475759088,-0.001953125,-0.00390625,-0.001953125,0.020282655954360962,0.0005164220929145813,-0.11058712005615234
1388,36000000,imu1_frame,0.0026964812890728925,-0.023292418130431168,-0.05888736861746552,0.9979892134004282,-0.001953125,-0.00390625,-0.001953125,-0.02940589189529419,-0.0012889653444290161,-0.06934070587158203
1388,61000000,imu1_frame,0.0027482203438603248,-0.020841641794387963,-0.05892422516645034,0.9980410857979694,-0.001953125,-0.00390625,-0.001953125,0.01844334602355957,0.0005048587918281555,-0.07144927978515625
1388,86000000,imu1_frame,0.0026988545926304847,-0.02338947607730801,-0.058938638803159936,0.997983910415768,-0.001953125,-0.00390625,-0.001953125,-0.031291425228118896,-0.001470133662223816,-0.06925106048583984
1388,111000000,imu1_frame,0.002859402722923829,-0.02094602403575727,-0.058899308102388935,0.998040059014778,0.0078125,-0.00390625,0.00390625,0.016533970832824707,-0.0017741695046424866,-0.07135200500488281
1388,136000000,imu1_frame,0.0027678082955000247,-0.02349071601125215,-0.058834460069882744,0.9979874908067753,0.0078125,-0.00390625,0.00390625,0.005868285894393921,-0.0028842613101005554,-0.1043081283569336
1388,161000000,imu1_frame,0.002253229608571075,-0.025969921349613533,-0.05875917138149148,0.997931784201699,0.0078125,-0.00390625,0.00390625,-0.04306238889694214,0.004343502223491669,-0.10196113586425781
1388,186000000,imu1_frame,0.002826769309836588,-0.023574354899761937,-0.0587294778832499,0.9979915368348019,0.0078125,-0.00390625,0.00390625,0.0042961835861206055,-0.004082620143890381,-0.10422420501708984
1388,211000000,imu1_frame,0.0018852613742978577,-0.025905546679727567,-0.058696541619660744,0.9979379061057189,0.001953125,-0.001953125,0.0,-0.042234718799591064,0.011626794934272766,-0.10205650329589844
1388,236000000,imu1_frame,0.0028369761504186395,-0.023611235654895438,-0.05872759636501174,0.9979907467218115,0.001953125,-0.001953125,0.0,0.0035888254642486572,-0.004323132336139679,-0.10418987274169922
1388,261000000,imu1_frame,0.0027280025306084814,-0.021143879140494967,-0.05873434366820287,0.9980459765215982,0.001953125,-0.001953125,0.0,0.012511640787124634,0.0006293952465057373,-0.11026573181152344
1388,286000000,imu1_frame,0.002894575027689292,-0.023673997154717272,-0.0586750135022724,0.9979921873865726,0.0078125,-0.001953125,0.00390625,-0.03663507103919983,-0.005494475364685059,-0.1080312728881836
1388,311000000,imu1_frame,0.0027759388494329727,-0.021240179687160073,-0.05862960589711767,0.9980499577890428,0.0078125,-0.00390625,0.00390625,0.010680586099624634,-0.0003730952739715576,-0.11018085479736328
1388,336000000,imu1_frame,0.002730370618125292,-0.02379019365102679,-0.05856579503305782,0.9979963023050136,0.0078125,-0.00390625,0.00390625,-3.534555435180664e-05,-0.0023738741874694824,-0.0649728775024414
1388,361000000,imu1_frame,0.0012829717487161782,-0.025843697639240236,-0.05852414512704081,0.9979505908174876,-0.001953125,0.0,0.0,-0.04173004627227783,0.023533284664154053,-0.0630941390991211
1388,386000000,imu1_frame,0.0027578825639816926,-0.023841249854631107,-0.058568767863796896,0.9979948338143084,-0.001953125,0.0,0.0,-0.0009995698928833008,-0.0029704347252845764,-0.10398483276367188
1388,411000000,imu1_frame,0.0014060715865748205,-0.0261614792525437,-0.05855407984513865,0.9979403888507076,-0.001953125,-0.015625,-0.001953125,-0.04778212308883667,0.0207534097135067,-0.10182666778564453
1388,436000000,imu1_frame,0.0026222683999600777,-0.024193717703901822,-0.058618139765423835,0.9979838182167803,-0.001953125,-0.015625,-0.001953125,-0.00802302360534668,-0.0007511898875236511,-0.103668212890625
1388,461000000,imu1_frame,0.0028023056456981344,-0.021900002331852228,-0.058658664954457596,0.9980339162607117,-0.001953125,-0.015625,-0.001953125,0.03690919280052185,-0.0016552358865737915,-0.10571479797363281
1388,486000000,imu1_frame,0.002572037534685375,-0.024586729557968874,-0.05866948367891995,0.9979713267611513,-0.001953125,-0.015625,-0.001953125,-0.015738248825073242,-0.0002455785870552063,-0.10329818725585938
1388,511000000,imu1_frame,0.0028249399260895087,-0.02219861337419582,-0.05871138967469812,0.9980241550188766,-0.001953125,-0.0078125,-0.001953125,0.03111681342124939,-0.0024615302681922913,-0.10545539855957031
1388,536000000,imu1_frame,0.0025369810096045305,-0.024781244482440058,-0.05872043029595497,0.9979636089132291,-0.001953125,-0.0078125,-0.001953125,-0.019566714763641357,0.00019091367721557617,-0.10311412811279297
1388,561000000,imu1_frame,0.0027610355623166566,-0.022391835642248403,-0.05876163308759253,0.9980170604033145,-0.001953125,-0.0078125,-0.001953125,0.027279764413833618,-0.0014582052826881409,-0.06623172760009766
1388,586000000,imu1_frame,0.0025379941443194635,-0.024878402425455345,-0.05874637021279505,0.9979596623437752,0.0,0.0,0.0,-0.021457642316818237,4.72143292427063e-05,-0.06395721435546875
1388,611000000,imu1_frame,0.0028106976409768307,-0.022369445870226275,-0.058735991271241884,0.9980189332871471,0.00390625,0.001953125,0.001953125,0.02777138352394104,-0.0023902133107185364,-0.06624603271484375
1388,636000000,imu1_frame,0.0025960468925986377,-0.02483202628035735,-0.058694191896515355,0.9979637382435087,0.00390625,0.001953125,0.001953125,-0.020490944385528564,-0.0010068640112876892,-0.1030588150024414
1388,661000000,imu1_frame,0.0027151252294823403,-0.02238694222848745,-0.058829009961819376,0.9980133268146065,0.0,-0.00390625,-0.009765625,0.027327746152877808,-0.0005862265825271606,-0.10530281066894531
1388,686000000,imu1_frame,0.002565483952092843,-0.024928951759019838,-0.05893740090626586,0.9979470669482936,0.0,-0.00390625,-0.009765625,0.012759864330291748,-0.0006395280361175537,-0.06390571594238281
1388,711000000,imu1_frame,0.0025525694139094837,-0.02698772350270917,-0.0591868920382471,0.9978787797024153,0.009765625,0.03515625,-0.021484375,-0.027366995811462402,-0.002887636423110962,-0.061817169189453125
1388,736000000,imu1_frame,0.002796334557736961,-0.024061115306884675,-0.05946296022924446,0.997936570932244,0.009765625,0.03515625,-0.021484375,-0.04423108696937561,-0.004389680922031403,-0.0686187744140625
1388,761000000,imu1_frame,0.002877783518656805,-0.02113051069042501,-0.05973537964942435,0.9979864249067323,0.009765625,0.03515625,-0.021484375,0.01302531361579895,-0.0026874542236328125,-0.1102609634399414
1388,786000000,imu1_frame,0.0052123219557911995,-0.02191853226902813,-0.060039935967261183,0.9979416895450596,0.009765625,0.03515625,-0.021484375,0.000429302453994751,-0.014118880033493042,-0.07016563415527344
1388,811000000,imu1_frame,0.0028240755483385765,-0.02250648508750834,-0.05995816830658336,0.9979431350430856,0.005859375,-0.0078125,0.001953125,-0.013848036527633667,0.03181428462266922,-0.07003021240234375
1388,836000000,imu1_frame,0.002383916986926179,-0.02016338341688091,-0.05993114973505966,0.9979959980883776,0.005859375,-0.0078125,0.001953125,0.0313204824924469,0.007998466491699219,-0.11109161376953125
1388,861000000,imu1_frame,0.0025925459068307753,-0.022758400428282387,-0.05989922812547477,0.9979415896662686,0.005859375,-0.0078125,0.001953125,0.02002692222595215,0.0009055659174919128,-0.10498809814453125
1388,886000000,imu1_frame,0.0025664051818692166,-0.02527668853680442,-0.059866537968503886,0.9978830092815097,-0.00390625,-0.001953125,0.001953125,-0.02910032868385315,-0.0015139728784561157,-0.10262680053710938
1388,911000000,imu1_frame,0.002590698631178212,-0.02285172768653322,-0.05980684904475728,0.9979450023070813,-0.00390625,-0.005859375,0.005859375,0.018197566270828247,0.0008733347058296204,-0.1049051284790039
1388,936000000,imu1_frame,0.0025709989986039596,-0.025419346897261514,-0.059725794017893935,0.9978878074695561,-0.00390625,-0.005859375,0.005859375,-0.03188708424568176,-0.0017008334398269653,-0.10248470306396484
1388,961000000,imu1_frame,0.002103698158250327,-0.023647189158276308,-0.05960580919909062,0.9979396436702438,-0.0390625,-0.060546875,0.01171875,0.0021052658557891846,0.009536445140838623,-0.10422706604003906
1388,986000000,imu1_frame,0.0035464435167817244,-0.02589901162812961,-0.05951367590400066,0.9978851568770134,-0.0390625,-0.060546875,0.01171875,-0.04011791944503784,-0.02118014544248581,-0.10188674926757812
1389,11000000,imu1_frame,0.000328046941131941,-0.02508520328217136,-0.05826126041198937,0.9979860973464023,-0.158203125,-0.123046875,0.103515625,-0.028046220541000366,0.043157417327165604,-0.10294055938720703
1389,36000000,imu1_frame,-0.003322186721624258,-0.028458783426228495,-0.056976983726811745,0.9979642699248708,-0.158203125,-0.123046875,0.103515625,-0.02369934320449829,0.033111460506916046,-0.0601348876953125
1389,61000000,imu1_frame,-0.003402248569667816,-0.031353072949127515,-0.055796892599598795,0.9979439444665946,-0.158203125,-0.123046875,0.103515625,-0.04109501838684082,0.03217165917158127,-0.09970855712890625
1389,86000000,imu1_frame,-0.002783382271870661,-0.03042283108192469,-0.05517509084843581,0.9980092251487238,-0.087890625,-0.0703125,0.056640625,-0.02227950096130371,0.02148739993572235,-0.1009063720703125
1389,111000000,imu1_frame,-0.001831299769705153,-0.029794026600711773,-0.05434049799138173,0.9980761857684605,-0.083984375,-0.06640625,0.07421875,-0.008994996547698975,0.0040805586613714695,-0.10173320770263672
1389,136000000,imu1_frame,-0.005431089204895882,-0.030251632649241206,-0.05336981672645828,0.9981017005569562,-0.083984375,-0.06640625,0.07421875,-0.02165806293487549,-0.00372353196144104,-0.06162261962890625
1389,161000000,imu1_frame,-0.008829752780223715,-0.029984306386008294,-0.05239726373322434,0.99813701644096,-0.083984375,-0.06640625,0.07421875,-0.01984107494354248,0.028283387422561646,-0.1000518798828125
1389,186000000,imu1_frame,-0.006480142628248745,-0.028893617771450875,-0.05223814442250142,0.9981955434036404,0.005859375,0.005859375,0.017578125,0.003832519054412842,-0.016344867646694183,-0.10201072692871094
1389,211000000,imu1_frame,-0.005671153025248981,-0.031208365734675496,-0.05205044912864382,0.9981405846257537,0.005859375,0.005859375,0.017578125,-0.001388847827911377,0.0007711425423622131,-0.09557628631591797
1389,236000000,imu1_frame,-0.008095770876169844,-0.03133264984439932,-0.05175137580661243,0.9981355211842586,0.005859375,0.005859375,0.017578125,-0.006230473518371582,0.012977108359336853,-0.0947723388671875
1389,261000000,imu1_frame,-0.0053666736262297865,-0.03113269466368174,-0.051728962740549174,0.9981613439474374,0.017578125,0.0234375,0.0078125,0.00041794776916503906,-0.04005086421966553,-0.0957345962524414
1389,286000000,imu1_frame,-0.005436802903139134,-0.028372800228574205,-0.05160724512441686,0.9982495267377042,0.017578125,0.0234375,0.0078125,0.01509702205657959,-0.0006586983799934387,-0.10283660888671875
1389,311000000,imu1_frame,-0.005408088657119094,-0.030791489265215428,-0.050282355026670306,0.9982456218480894,0.029296875,0.005859375,0.10546875,-0.03192645311355591,-0.002862013876438141,-0.10004520416259766
1389,336000000,imu1_frame,-0.0037749110816307943,-0.028602875447503364,-0.04898730433608022,0.9983826268402033,0.029296875,0.005859375,0.10546875,-0.02665954828262329,0.007217936217784882,-0.09897327423095703
1389,361000000,imu1_frame,-0.0025617776954941036,-0.026205428355864945,-0.04768029743625958,0.9985155492310143,0.029296875,0.005859375,0.10546875,0.021287083625793457,-0.013485182076692581,-0.10169219970703125
1389,386000000,imu1_frame,-0.0037114380053143116,-0.02822335839283056,-0.047526029757716456,0.9984642926837349,0.0078125,0.01171875,0.009765625,-0.019130468368530273,0.0071546584367752075,-0.09940433502197266
1389,411000000,imu1_frame,-0.0024457029829007305,-0.025947346058860437,-0.04750537734154108,0.9985309173446052,0.00390625,0.0078125,0.00390625,0.026432931423187256,-0.01542074978351593,-0.10196685791015625
1389,436000000,imu1_frame,-0.0036067434181640537,-0.028037960175625994,-0.04742651378132633,0.998474631616475,0.00390625,0.0078125,0.00390625,-0.015413463115692139,0.0053388141095638275,-0.09962272644042969
1389,461000000,imu1_frame,-0.005523721363226855,-0.029480588180362238,-0.04732460445739282,0.9984291488311989,0.00390625,0.0078125,0.00390625,-0.006247162818908691,0.0024070292711257935,-0.10156536102294922
1389,486000000,imu1_frame,-0.003882730520077449,-0.02916089742951787,-0.04754489226405817,0.9984358014837073,-0.068359375,0.00390625,-0.009765625,0.0014889836311340332,-0.02944854274392128,-0.10223388671875
1389,511000000,imu1_frame,-0.007761532383177042,-0.029969106575087213,-0.046806065285636085,0.9984241601236584,-0.111328125,-0.03125,0.056640625,-0.017769992351531982,0.045932285487651825,-0.10041618347167969
1389,536000000,imu1_frame,-0.007526738863821984,-0.028429233895770917,-0.04617631515926842,0.9985003128594838,-0.111328125,-0.03125,0.056640625,0.01254725456237793,0.007963873445987701,-0.10224437713623047
1389,561000000,imu1_frame,-0.00801756235730117,-0.03168434479441803,-0.04623935289536675,0.9983955845418252,-0.095703125,-0.07421875,0.0,-0.0513727068901062,0.01454991102218628,-0.09826946258544922
1389,586000000,imu1_frame,-0.011730620678950865,-0.03220829615720359,-0.04618789920925187,0.9983444777048514,-0.095703125,-0.07421875,0.0,-0.025847911834716797,0.00843539834022522,-0.09618282318115234
1389,611000000,imu1_frame,-0.012524719811634381,-0.03116931851362892,-0.04652240560918049,0.9983522778825973,-0.130859375,-0.109375,-0.0234375,-0.00637662410736084,0.02466842532157898,-0.09709358215332031
1389,636000000,imu1_frame,-0.013355247404152457,-0.03480913984578569,-0.04690155093988052,0.9982034891090115,-0.130859375,-0.109375,-0.0234375,0.07418417930603027,0.07633146643638611,-0.052916526794433594
1389,661000000,imu1_frame,-0.013180289800913587,-0.0344422543787487,-0.04727924071804718,0.9982007235377054,-0.130859375,-0.109375,-0.0234375,-0.03187459707260132,0.03393693268299103,-0.053503990173339844
1389,686000000,imu1_frame,-0.011195799277360719,-0.03276418312659628,-0.04755170929200707,0.9982684996162087,0.0,0.01171875,-0.017578125,0.0025989413261413574,-0.0033932775259017944,-0.05665397644042969
1389,711000000,imu1_frame,-0.012657653179787443,-0.03449298344756226,-0.0478374364190343,0.9981791410291648,0.00390625,0.01953125,-0.025390625,-0.032503724098205566,0.02331027388572693,-0.053699493408203125
1389,736000000,imu1_frame,-0.011699050588941006,-0.03192264531209714,-0.04816098740652422,0.9982607856785841,0.00390625,0.01953125,-0.025390625,-0.020644724369049072,0.006827101111412048,-0.05749225616455078
1389,761000000,imu1_frame,-0.0112808388432517,-0.02921224382001368,-0.048465163415402066,0.9983338697154932,0.00390625,0.01953125,-0.025390625,-0.006533682346343994,0.0010604411363601685,-0.09607601165771484
1389,786000000,imu1_frame,-0.012765663985425302,-0.027546792720492815,-0.04860867851759384,0.9983563534162532,0.015625,-0.013671875,-0.017578125,0.024512410163879395,0.03154231607913971,-0.09722518920898438
1389,811000000,imu1_frame,-0.010954003473551766,-0.029425706427207328,-0.048794473725559506,0.9983151991946265,0.01171875,0.0,-0.009765625,-0.010448753833770752,-0.005713462829589844,-0.09597301483154297
1389,836000000,imu1_frame,-0.012858970654287481,-0.02800614153470575,-0.04883679456976378,0.9983312428278506,0.01171875,0.0,-0.009765625,0.015416145324707031,0.032795488834381104,-0.0966796875
1389,861000000,imu1_frame,-0.010897691232228108,-0.02924818911675339,-0.049135130684401215,0.9983043236868328,-0.00390625,0.021484375,-0.017578125,-0.006997287273406982,-0.006840124726295471,-0.09620094299316406
1389,886000000,imu1_frame,-0.013151599297350568,-0.027833481213767764,-0.04928161651884468,0.998310400142528,-0.00390625,0.021484375,-0.017578125,0.018403291702270508,0.03842341899871826,-0.05765724182128906
1389,911000000,imu1_frame,-0.010974070167207086,-0.029109191610353573,-0.04950267518355678,0.9982893918586074,0.005859375,0.0078125,-0.01171875,-0.0044286251068115234,-0.005428478121757507,-0.05726432800292969
1389,936000000,imu1_frame,-0.013339110598774642,-0.028499935034110784,-0.049570259222231364,0.9982748174887144,0.005859375,0.0078125,-0.01171875,0.005162179470062256,0.04127034544944763,-0.05682659149169922
1389,961000000,imu1_frame,-0.010800360654784449,-0.02887998072329316,-0.04979275788162455,0.9982835169357904,0.005859375,0.0078125,-0.01171875,0.00015395879745483398,0.030301183462142944,-0.10056686401367188
1389,986000000,imu1_frame,-0.00831428704453055,-0.029549695898578976,-0.049818484030853795,0.9982864352239342,0.005859375,-0.001953125,0.00390625,-0.010500669479370117,-0.018877312541007996,-0.10073089599609375
1390,11000000,imu1_frame,-0.010680652717360642,-0.028914501957166373,-0.04973988846678587,0.9982864412228646,0.00390625,-0.001953125,0.0,-0.0003936290740966797,0.02796211838722229,-0.10057735443115234
1390,36000000,imu1_frame,-0.011447494884174975,-0.03129914540998769,-0.049735867570388954,0.9982062220976695,0.00390625,-0.001953125,0.0,-0.00855928659439087,0.0015293210744857788,-0.09743976593017578
1390,61000000,imu1_frame,-0.009606520771082221,-0.029589776120209486,-0.04977386374254286,0.9982758748942946,0.00390625,-0.001953125,0.0,-0.012527048587799072,0.00632379949092865,-0.10023117065429688
1390,86000000,imu1_frame,-0.008044625126842874,-0.027642449788781706,-0.049877870771010885,0.9983403112083544,0.0,0.0,-0.005859375,0.026940464973449707,-0.022305652499198914,-0.10294914245605469
1390,111000000,imu1_frame,-0.009610404019909657,-0.02961484311720492,-0.04989534543760012,0.9982690297236411,0.0,-0.001953125,-0.00390625,-0.013037919998168945,0.006303310394287109,-0.10020160675048828
1390,136000000,imu1_frame,-0.008270122100578342,-0.027531609101784718,-0.0499668807765634,0.99833708055254,0.0,-0.001953125,-0.00390625,0.02887094020843506,-0.01784546673297882,-0.063934326171875
1390,161000000,imu1_frame,-0.009525337566912201,-0.0296320685498145,-0.050013753192954945,0.9982634085997791,0.0078125,0.0,-0.005859375,-0.013309836387634277,0.0045569539070129395,-0.061150550842285156
1390,186000000,imu1_frame,-0.00840776459989884,-0.02717235710659388,-0.05007154293810881,0.9983405296247877,0.009765625,0.013671875,-0.00390625,0.03572821617126465,-0.014863580465316772,-0.06427383422851562
1390,211000000,imu1_frame,-0.00939067402684379,-0.02920087424888102,-0.05015673919269725,0.9982702167739848,0.00390625,0.01953125,-0.0078125,-0.004794299602508545,0.0022704005241394043,-0.06169605255126953
1390,236000000,imu1_frame,-0.008179303556974363,-0.03118286006108861,-0.050306568825411783,0.9982133926995508,0.00390625,0.01953125,-0.0078125,-0.042271316051483154,-0.023410990834236145,-0.09883594512939453
1390,261000000,imu1_frame,-0.009425285638606633,-0.028813739531983844,-0.05034893954172877,0.9982714644283072,0.00390625,0.01953125,-0.0078125,0.002689063549041748,0.0032175779342651367,-0.10118484497070312
1390,286000000,imu1_frame,-0.00902433442738725,-0.03104989421971598,-0.05047676963937496,0.9982016635849996,0.00390625,0.01953125,-0.0078125,-0.040530622005462646,-0.0068972110748291016,-0.09871292114257812
1390,311000000,imu1_frame,-0.009500507205655529,-0.02874228401956233,-0.05049096737960883,0.9982656378365657,0.0,-0.01171875,-0.00390625,0.0039861202239990234,0.004674866795539856,-0.10123825073242188
1390,336000000,imu1_frame,-0.00853217360651675,-0.03119059933807899,-0.05058509320347241,0.9981961214471211,0.0,-0.01171875,-0.00390625,-0.042805254459381104,-0.016706034541130066,-0.05964851379394531
1390,361000000,imu1_frame,-0.011031455394685542,-0.03151756114971001,-0.050554883869456356,0.9981628895365703,0.0,-0.01171875,-0.00390625,-0.012566864490509033,0.03174787759780884,-0.09344768524169922
1390,386000000,imu1_frame,-0.008612495317921654,-0.031131855171603367,-0.050801701796852866,0.998186264988913,-0.00390625,-0.001953125,-0.013671875,-0.0027070045471191406,-0.01521405577659607,-0.0948486328125
1390,411000000,imu1_frame,-0.010987796417477855,-0.03151927762908886,-0.05084456619357082,0.9981486029425759,0.0078125,-0.001953125,-0.009765625,-0.01261049509048462,0.03071272373199463,-0.09346485137939453
1390,436000000,imu1_frame,-0.012620553078385569,-0.029748952649960983,-0.05089049387552591,0.9981812856837836,0.0078125,-0.001953125,-0.009765625,0.02027672529220581,0.025247901678085327,-0.05967521667480469
1390,461000000,imu1_frame,-0.01082220257680576,-0.03160782370501737,-0.05088513410087164,0.9981455447676734,0.009765625,0.0,0.005859375,-0.014180302619934082,-0.011694356799125671,-0.058269500732421875
1390,486000000,imu1_frame,-0.012629396731999913,-0.02995650925148017,-0.050759439050773424,0.9981816394018188,0.00390625,-0.001953125,0.00390625,0.016250193119049072,0.025290831923484802,-0.05942821502685547
1390,511000000,imu1_frame,-0.01071641848395915,-0.03164860966376663,-0.05080772862565918,0.9981493368194604,0.005859375,0.0,0.001953125,-0.014856934547424316,-0.013750165700912476,-0.05826377868652344
1390,536000000,imu1_frame,-0.009425169890917356,-0.029473054011126446,-0.050800260776260056,0.9982293517848735,0.005859375,0.0,0.001953125,-0.010235369205474854,0.002298697829246521,-0.100433349609375
1390,561000000,imu1_frame,-0.008849225895930032,-0.027231251406981093,-0.05076925120085684,0.9982998714215869,0.00390625,-0.015625,0.001953125,0.034047603607177734,-0.006684616208076477,-0.10312461853027344
1390,586000000,imu1_frame,-0.00944052820229523,-0.029846473341324457,-0.05074226582851249,0.9982210611457444,0.00390625,-0.015625,0.001953125,-0.017520487308502197,0.0022596269845962524,-0.09999561309814453
1390,611000000,imu1_frame,-0.009334228663781986,-0.027773272802720912,-0.05075561645333474,0.9982812153353983,-0.01171875,-0.033203125,-0.001953125,0.023002207279205322,0.0022457540035247803,-0.10236930847167969
1390,636000000,imu1_frame,-0.009601004589393808,-0.03067617844661792,-0.05079689121932589,0.9981915991578157,-0.01171875,-0.033203125,-0.001953125,0.005200982093811035,0.004529610276222229,-0.0950479507446289
1390,661000000,imu1_frame,-0.01132243155868278,-0.03303281125504788,-0.0507887914751451,0.9980987599354492,-0.01171875,-0.033203125,-0.001953125,-0.0033662915229797363,-0.0033000409603118896,-0.09531497955322266
1390,686000000,imu1_frame,-0.013461394248979698,-0.03416566756217032,-0.050723277708553574,0.9980373976577259,0.005859375,0.001953125,0.0,-0.02753359079360962,0.03733402490615845,-0.09279060363769531
1390,711000000,imu1_frame,-0.011251208413497587,-0.03297033701415953,-0.050835331878444905,0.9980992617065785,0.0,0.001953125,-0.00390625,-0.0020884275436401367,-0.004657134413719177,-0.0954275131225586
1390,736000000,imu1_frame,-0.00945508715067377,-0.031212753798375962,-0.05092771522613722,0.9981696915600778,0.0,0.001953125,-0.00390625,-0.005135595798492432,0.0010661482810974121,-0.0944528579711914
1390,761000000,imu1_frame,-0.010676533089371467,-0.03336499661167272,-0.050954849215532415,0.9980863649923872,0.0,0.001953125,-0.00390625,-0.04829519987106323,0.022720351815223694,-0.09125518798828125
1390,786000000,imu1_frame,-0.00947971229841374,-0.0313899270913833,-0.051024397033255765,0.9981589645138341,-0.001953125,-0.015625,-0.00390625,-0.008628427982330322,0.0013089179992675781,-0.09422683715820312
1390,811000000,imu1_frame,-0.009576827499563265,-0.029134884665738287,-0.051002697833818805,0.9982275129870094,-0.00390625,-0.01953125,0.0,0.03523832559585571,0.005478069186210632,-0.09685897827148438
1390,836000000,imu1_frame,-0.009641983590621172,-0.03187394766284055,-0.051021659732079255,0.9981422112359584,-0.00390625,-0.01953125,0.0,0.02084052562713623,0.003990545868873596,-0.0935678482055664
1390,861000000,imu1_frame,-0.009508148231440456,-0.03427214737426662,-0.05102068923384254,0.9980640782543317,0.001953125,0.0078125,0.001953125,-0.025764286518096924,-0.0010263770818710327,-0.09051704406738281
1390,886000000,imu1_frame,-0.009457123755957138,-0.03168231415143654,-0.05097769432103172,0.9981523272837598,0.001953125,0.0078125,0.001953125,-0.014297902584075928,0.0006042569875717163,-0.09387493133544922
1390,911000000,imu1_frame,-0.009486501293210273,-0.029072913757686763,-0.05097612481114781,0.9982315396129748,0.0078125,0.009765625,-0.001953125,0.03654026985168457,0.003793194890022278,-0.09696197509765625
1390,936000000,imu1_frame,-0.009551587359779875,-0.03156781795742081,-0.05104699743807056,0.9981515135994502,-0.005859375,0.0,-0.00390625,-0.01216953992843628,0.00251828134059906,-0.09398174285888672
1390,961000000,imu1_frame,-0.009031566007083157,-0.029138205665415248,-0.05109760455451396,0.9982276446757274,-0.005859375,0.0,-0.00390625,0.035700201988220215,-0.005218669772148132,-0.057990074157714844
1390,986000000,imu1_frame,-0.009517012383551791,-0.031608439780693345,-0.05112423075936205,0.9981466054839766,0.001953125,-0.001953125,-0.001953125,-0.012938976287841797,0.0017545074224472046,-0.05488109588623047
1391,11000000,imu1_frame,-0.00910477283041779,-0.0290951902562542,-0.051139440095174085,0.9982260919663495,0.00390625,0.00390625,-0.001953125,0.03645986318588257,-0.0037713199853897095,-0.058013916015625
1391,36000000,imu1_frame,-0.009486871004575537,-0.03150890026579979,-0.05116857115102199,0.998147767521896,0.00390625,0.00390625,-0.001953125,-0.01097559928894043,0.001238793134689331,-0.09407806396484375
1391,61000000,imu1_frame,-0.009428061411913902,-0.028966043715187465,-0.05117228097964238,0.9982251637926404,0.00390625,0.00390625,-0.001953125,0.03865128755569458,0.0026471465826034546,-0.0971059799194336
1391,86000000,imu1_frame,-0.009437967746932204,-0.031342293194759625,-0.051165425118385545,0.9981536378206296,0.00390625,0.009765625,0.001953125,-0.007679104804992676,0.00045430660247802734,-0.0943002700805664
1391,111000000,imu1_frame,-0.010529455384673647,-0.028903088722514552,-0.05113495417065985,0.9982178912910572,0.005859375,0.01953125,-0.001953125,0.03878980875015259,0.024220630526542664,-0.09674739837646484
1391,136000000,imu1_frame,-0.009430334478658287,-0.030945340130091977,-0.051210064618473806,0.9981638061949679,0.005859375,0.01953125,-0.001953125,5.894899368286133e-05,0.0006773024797439575,-0.0947866439819336
1391,161000000,imu1_frame,-0.009888233472114974,-0.03342157654818929,-0.05123888501012222,0.9980780519191642,0.0,-0.001953125,-0.001953125,-0.048663198947906494,0.0070972740650177,-0.09149837493896484
1391,186000000,imu1_frame,-0.009421107741939602,-0.030995891300152532,-0.0512587001530652,0.9981598284393347,0.0,-0.001953125,-0.001953125,-0.000925600528717041,0.00041669607162475586,-0.05566596984863281
1391,211000000,imu1_frame,-0.009928197693421377,-0.033360560545721576,-0.05123483659056195,0.9980799043213796,0.00390625,0.005859375,0.001953125,-0.04751330614089966,0.007941082119941711,-0.05249977111816406
1391,236000000,imu1_frame,-0.009389531442389873,-0.03067791989787343,-0.051356562384522915,0.9981649189538152,0.0,0.01953125,-0.009765625,0.005288958549499512,6.148219108581543e-05,-0.056061744689941406
1391,261000000,imu1_frame,-0.009813368298746178,-0.03289159583651995,-0.05148601717517006,0.9980836792380678,0.0,0.01953125,-0.009765625,-0.038299620151519775,0.006009697914123535,-0.09221458435058594
1391,286000000,imu1_frame,-0.009340171547913582,-0.03044245787110407,-0.051481784565964306,0.9981661403855198,0.0,0.0,0.0,0.00990915298461914,-0.0007395446300506592,-0.09542369842529297
1391,311000000,imu1_frame,-0.009719822832693768,-0.03294458326508558,-0.051433853211081286,0.9980855365255283,0.0078125,-0.00390625,0.00390625,-0.039230406284332275,0.004165276885032654,-0.09218215942382812
1391,336000000,imu1_frame,-0.009268689345969016,-0.0305268783653236,-0.051373410765769734,0.9981698120867851,0.0078125,-0.00390625,0.00390625,0.008351445198059082,-0.0021539032459259033,-0.056285858154296875
1391,361000000,imu1_frame,-0.00941893316547856,-0.02809694278474497,-0.051294427960771535,0.9982438215007153,0.0078125,-0.00390625,0.00390625,0.01652348041534424,0.0032747238874435425,-0.10198497772216797
1391,386000000,imu1_frame,-0.009457816894822975,-0.03063791713732263,-0.05143991989790296,0.9981612106137806,-0.0078125,-0.00390625,-0.009765625,-0.033073604106903076,0.0013830363750457764,-0.09905338287353516
1391,411000000,imu1_frame,-0.009524981176202724,-0.028329487314478707,-0.05150010598987767,0.9982256528286192,-0.013671875,-0.015625,-0.005859375,0.011851310729980469,0.0049935877323150635,-0.10168838500976562
1391,436000000,imu1_frame,-0.009679916894081642,-0.031012386235640645,-0.05159679097292832,0.9981394202566047,-0.013671875,-0.015625,-0.005859375,-0.0015572905540466309,0.0052407532930374146,-0.09461307525634766
1391,461000000,imu1_frame,-0.008223036643979003,-0.03319062780224929,-0.05165998841830369,0.9980791599322495,-0.00390625,-0.015625,0.0,-0.042558252811431885,-0.025431692600250244,-0.09238910675048828
1391,486000000,imu1_frame,-0.009654025686200942,-0.03129572742422305,-0.05160019678848394,0.998130651229802,-0.00390625,-0.015625,0.0,-0.007055521011352539,0.0044463276863098145,-0.09427738189697266
1391,511000000,imu1_frame,-0.0073410568584837054,-0.030606084206117965,-0.05174488748604761,0.9981642365426767,-0.005859375,-0.00390625,-0.005859375,0.008691906929016113,-0.040067292749881744,-0.09587955474853516
1391,536000000,imu1_frame,-0.009796129867550366,-0.03151004380461038,-0.05169901654523135,0.9981174102615913,-0.00390625,-0.015625,-0.001953125,-0.011390268802642822,0.006939113140106201,-0.09396076202392578
1391,561000000,imu1_frame,-0.009504652446873166,-0.03417226295852774,-0.05175414844620322,0.9980297721735387,-0.00390625,-0.015625,-0.001953125,-0.023925483226776123,-0.001491248607635498,-0.051589012145996094
1391,586000000,imu1_frame,-0.009655687498001043,-0.03167987664229134,-0.05175383529207743,0.9981105618354263,0.0,0.0,-0.001953125,0.02449357509613037,0.003992363810539246,-0.05474090576171875
1391,611000000,imu1_frame,-0.009524915002374963,-0.0340973192943614,-0.05185299317448451,0.9980270116134046,-0.001953125,0.005859375,-0.005859375,-0.022500574588775635,-0.0010865181684494019,-0.0516815185546875
1391,636000000,imu1_frame,-0.009496102558847199,-0.031530141022793425,-0.05190976382486165,0.9981087368933917,-0.001953125,0.005859375,-0.005859375,-0.011513888835906982,0.0009338557720184326,-0.05498504638671875
1391,661000000,imu1_frame,-0.009363627097145208,-0.028966942476602656,-0.05196945446580463,0.998184559354466,-0.001953125,0.005859375,-0.005859375,0.03857529163360596,0.0009301602840423584,-0.058066368103027344
1391,686000000,imu1_frame,-0.00954505402767851,-0.031241400385928,-0.052257352116793124,0.9980992114991759,-0.005859375,0.017578125,-0.021484375,-0.005988061428070068,0.0019675791263580322,-0.055321693420410156
1391,711000000,imu1_frame,-0.00857871919614815,-0.02890940657948527,-0.05250087851987929,0.9981654720249628,-0.013671875,0.0078125,-0.017578125,0.040416836738586426,-0.014629751443862915,-0.05840587615966797
1391,736000000,imu1_frame,-0.009678374522996455,-0.03111492539673185,-0.052714484690097235,0.9980778394434003,-0.013671875,0.0078125,-0.017578125,-0.003730177879333496,0.004415780305862427,-0.09448909759521484
1391,761000000,imu1_frame,-0.00780063830115579,-0.03271320183582959,-0.0528371003980487,0.9980366913542152,-0.001953125,0.001953125,-0.00390625,-0.032969892024993896,-0.03394952416419983,-0.09313583374023438
1391,786000000,imu1_frame,-0.009726762512756032,-0.03106822320412709,-0.05281379334181312,0.9980735738565606,-0.001953125,0.001953125,-0.00390625,-0.002886056900024414,0.005347028374671936,-0.09452629089355469
1391,811000000,imu1_frame,-0.007905563376022641,-0.03273133889906137,-0.05300930576730016,0.9980261394490884,-0.00390625,0.0,-0.009765625,-0.033451735973358154,-0.03203314542770386,-0.09308052062988281
1391,836000000,imu1_frame,-0.009796219128522117,-0.03104221802993878,-0.05306103142685477,0.9980605902120804,-0.00390625,0.0,-0.009765625,-0.002489924430847168,0.006576448678970337,-0.09453201293945312
1391,861000000,imu1_frame,-0.00740618062390087,-0.0316063625321973,-0.053265612632392094,0.9980525842093418,-0.00390625,0.0,-0.009765625,-0.011041343212127686,-0.040764182806015015,-0.05558204650878906
1391,886000000,imu1_frame,-0.009841686740829638,-0.031029930203644127,-0.05318428114249991,0.9980539649102186,0.0,0.0,0.0,-0.0023168325424194336,0.007400155067443848,-0.055466651916503906
1391,911000000,imu1_frame,-0.007431872360331422,-0.03162949268911436,-0.05331481429823536,0.9980490333855315,-0.001953125,-0.001953125,-0.00390625,-0.011524498462677002,-0.040317945182323456,-0.05554676055908203
1391,936000000,imu1_frame,-0.009930335479785142,-0.031279520567531006,-0.05328265163500158,0.9980400488282358,-0.001953125,-0.001953125,-0.00390625,-0.007288753986358643,-0.030255258083343506,-0.059035301208496094
1391,961000000,imu1_frame,-0.011316844491345691,-0.029207492458503466,-0.053271151287284386,0.9980886913774608,-0.001953125,-0.001953125,-0.00390625,-0.007398128509521484,-0.0010305345058441162,-0.057003021240234375
1391,986000000,imu1_frame,-0.012305532696334663,-0.026972995495296363,-0.05319058462815159,0.9981441744988476,0.005859375,-0.001953125,0.001953125,0.035157084465026855,0.02064119279384613,-0.05900001525878906
1392,11000000,imu1_frame,-0.01132919788647444,-0.02940698574089588,-0.05329063698925609,0.998081653209878,-0.001953125,-0.01171875,-0.00390625,-0.011302530765533447,-0.0010102540254592896,-0.05676841735839844
1392,36000000,imu1_frame,-0.011708817014216442,-0.03202499349902618,-0.05335188211555857,0.9979934268672529,-0.001953125,-0.01171875,-0.00390625,-0.023670673370361328,0.0036102980375289917,-0.09642314910888672
1392,61000000,imu1_frame,-0.0111245827264921,-0.029663820945999692,-0.0532579194237738,0.9980781008541846,0.017578125,-0.0078125,0.005859375,0.02297055721282959,-0.005251273512840271,-0.09953022003173828
1392,86000000,imu1_frame,-0.009049862192746857,-0.03144255710479493,-0.053249254907934834,0.998045080368995,0.017578125,-0.0078125,0.005859375,-0.009549260139465332,-0.008518218994140625,-0.055255889892578125
1392,111000000,imu1_frame,-0.010940439308814935,-0.030129851801184406,-0.05307029213020346,0.998076170896482,0.01171875,-0.01171875,0.0078125,0.014111816883087158,0.029843494296073914,-0.05609703063964844
1392,136000000,imu1_frame,-0.008843942314348333,-0.03183670567112088,-0.05304128912322446,0.9980455052273407,0.01171875,-0.01171875,0.0078125,-0.016988933086395264,-0.01281622052192688,-0.093902587890625
1392,161000000,imu1_frame,-0.010390001592357695,-0.030143246830275822,-0.05287024647971978,0.9980922650610081,0.01171875,-0.01171875,0.0078125,0.014452457427978516,0.01921197772026062,-0.05631065368652344
1392,186000000,imu1_frame,-0.008534669848900181,-0.03201681959445147,-0.052835166372985666,0.9980533692483412,0.013671875,-0.001953125,0.0078125,-0.020152568817138672,-0.018906235694885254,-0.05471992492675781
1392,211000000,imu1_frame,-0.010180208247711514,-0.030169226965474208,-0.05271124222437875,0.9981020519202943,0.013671875,0.01171875,0.00390625,0.014188230037689209,0.01518779993057251,-0.05636405944824219
1392,236000000,imu1_frame,-0.008537962360164231,-0.03205530865816355,-0.05272100369323393,0.9980581426726324,0.013671875,0.01171875,0.00390625,-0.02089059352874756,-0.0188094824552536,-0.054671287536621094
1392,261000000,imu1_frame,-0.009116839627386495,-0.029538488208641623,-0.052627046140053334,0.9981356395621434,0.013671875,0.01171875,0.00390625,-0.011477291584014893,-0.004854083061218262,-0.10046958923339844
1392,286000000,imu1_frame,-0.010638387956826012,-0.027828412636519067,-0.052453427845640374,0.9981788627591018,0.0234375,0.0,0.0078125,0.020334959030151367,0.02669498324394226,-0.10179996490478516
1392,311000000,imu1_frame,-0.008896673195942405,-0.029829410019202054,-0.05241490095089274,0.9981401372864729,0.009765625,-0.0078125,0.0078125,-0.016891896724700928,-0.00932466983795166,-0.10021018981933594
1392,336000000,imu1_frame,-0.010209367471929031,-0.027879872840075422,-0.052254548191008277,0.9981923380288981,0.009765625,-0.0078125,0.0078125,0.019803285598754883,0.018382400274276733,-0.06285667419433594
1392,361000000,imu1_frame,-0.00883269726870374,-0.03005974564610487,-0.05235949921782594,0.9981367030584085,0.0,-0.0078125,-0.00390625,-0.021308720111846924,-0.010776937007904053,-0.06089973449707031
1392,386000000,imu1_frame,-0.010127504000020358,-0.027905771723512975,-0.052354412813669884,0.998187215419122,-0.001953125,0.0,-0.00390625,0.019364535808563232,0.01670314371585846,-0.06286048889160156
1392,411000000,imu1_frame,-0.008873344175717971,-0.0300403633888955,-0.052557204160578394,0.9981265353758638,-0.00390625,0.0,-0.01171875,-0.02100062370300293,-0.010081872344017029,-0.060909271240234375
1392,436000000,imu1_frame,-0.010161461366788282,-0.032200898216930854,-0.052682529072258046,0.9980402787400241,-0.00390625,0.0,-0.01171875,-0.025384902954101562,0.01273423433303833,-0.053894996643066406
1392,461000000,imu1_frame,-0.008843040369669281,-0.030108683759384997,-0.05285704657708244,0.9981089121065125,-0.00390625,0.0,-0.01171875,0.016717731952667236,-0.010922640562057495,-0.09599494934082031
1392,486000000,imu1_frame,-0.01022531344120696,-0.03225367373682586,-0.05290731414572692,0.9980260315269301,-0.005859375,-0.001953125,-0.005859375,-0.026516258716583252,0.01378101110458374,-0.092864990234375
1392,511000000,imu1_frame,-0.008856367656798982,-0.03015840984412967,-0.05296053267135384,0.9981018069549658,-0.001953125,0.001953125,-0.001953125,0.0157201886177063,-0.010776236653327942,-0.0959320068359375
1392,536000000,imu1_frame,-0.01021807345777561,-0.03223716755571516,-0.052959954307368856,0.9980238470310003,-0.001953125,0.001953125,-0.001953125,-0.026195764541625977,0.013623237609863281,-0.09288883209228516
1392,561000000,imu1_frame,-0.007900832125653713,-0.03133455673694394,-0.0530543629506479,0.998068613361688,-0.001953125,0.001953125,-0.001953125,-0.006231248378753662,0.008363455533981323,-0.05576896667480469
1392,586000000,imu1_frame,-0.0055183795025268885,-0.03048646998161912,-0.05315220761728203,0.9981056885225809,-0.001953125,0.01171875,-0.001953125,0.012752413749694824,-0.03729157894849777,-0.0574188232421875
1392,611000000,imu1_frame,-0.0078570185118687,-0.031205618588644894,-0.053108410109440764,0.9980701244923884,0.0,0.01171875,-0.001953125,-0.0036788582801818848,0.007609538733959198,-0.055939674377441406
1392,636000000,imu1_frame,-0.010343440580461948,-0.03091416912268317,-0.05305403074439401,0.9980594156693205,0.0,0.01171875,-0.001953125,-0.0005567669868469238,0.017388999462127686,-0.05540943145751953
1392,661000000,imu1_frame,-0.007861301124190785,-0.0314844391316945,-0.053060757433251324,0.99806386872675,0.00390625,0.0,0.005859375,-0.009112119674682617,-0.03163042664527893,-0.05559730529785156
1392,686000000,imu1_frame,-0.010347613619802356,-0.03095126041786135,-0.053029527804880634,0.9980595250543488,-0.00390625,-0.001953125,-0.00390625,-0.0012800097465515137,0.01744683086872101,-0.055362701416015625
1392,711000000,imu1_frame,-0.007936830496880175,-0.0314364677306053,-0.053209470217494614,0.9980568658635939,-0.00390625,-0.001953125,-0.0078125,-0.008273422718048096,-0.030199609696865082,-0.055632591247558594
1392,736000000,imu1_frame,-0.010462960240517424,-0.03114665909458919,-0.05322723501193837,0.9980417193400457,-0.00390625,-0.001953125,-0.0078125,-0.005241096019744873,0.01937057077884674,-0.09414100646972656
1392,761000000,imu1_frame,-0.007972140863906914,-0.031405861055692694,-0.05333216049385255,0.9980509994576703,0.0,-0.001953125,-0.001953125,-0.00772857666015625,-0.029555119574069977,-0.09472179412841797
1392,786000000,imu1_frame,-0.0104535299941574,-0.031108814649357885,-0.05327585638078332,0.9980404042365555,0.0,0.001953125,-0.001953125,-0.004502236843109131,0.019196167588233948,-0.0941915512084961
1392,811000000,imu1_frame,-0.008047599686017782,-0.031468778492220344,-0.05338351970759448,0.9980456662613841,-0.005859375,-0.001953125,-0.001953125,-0.009039461612701416,-0.02818102389574051,-0.0946207046508789
1392,836000000,imu1_frame,-0.01054770945447802,-0.03089108916337991,-0.05332868066149006,0.9980433548972052,-0.005859375,-0.001953125,-0.001953125,-0.00036537647247314453,0.021228954195976257,-0.05535411834716797
1392,861000000,imu1_frame,-0.008171463830362338,-0.03142360755745635,-0.05343643527546575,0.9980432512932468,-0.005859375,-0.001953125,-0.001953125,-0.008294343948364258,-0.0257502943277359,-0.05557441711425781
1392,886000000,imu1_frame,-0.010634506194160636,-0.03089660273638098,-0.05333102317291669,0.9980421379804996,-0.001953125,-0.00390625,0.001953125,-0.000563204288482666,0.0229148268699646,-0.05531120300292969
1392,911000000,imu1_frame,-0.008224142823363948,-0.03135577873545764,-0.05343816252162968,0.9980448594131557,-0.00390625,0.0,-0.001953125,-0.007027566432952881,-0.024652525782585144,-0.05564117431640625
1392,936000000,imu1_frame,-0.010761597080288976,-0.031120364588191094,-0.05338327728961752,0.998031029899371,-0.00390625,0.0,-0.001953125,-0.005065262317657471,0.025126859545707703,-0.09404945373535156
1392,961000000,imu1_frame,-0.008316908125804273,-0.03128786932238991,-0.05348948434121147,0.9980434726691033,-0.00390625,0.0,-0.001953125,-0.005807161331176758,0.016259044408798218,-0.0947561264038086
1392,986000000,imu1_frame,-0.005850375865157525,-0.031476890698614486,-0.05354565546782065,0.9980520233107618,-0.001953125,-0.001953125,0.001953125,-0.006927490234375,-0.032091543078422546,-0.09520721435546875
1393,11000000,imu1_frame,-0.008369206058929619,-0.031297619337318436,-0.053441741458244284,0.9980452873911433,-0.001953125,-0.001953125,0.001953125,-0.006045103073120117,0.017298594117164612,-0.0947275161743164
1393,36000000,imu1_frame,-0.010891206337477671,-0.031180537209064125,-0.05333767722718066,0.9980301838681421,-0.001953125,-0.001953125,0.001953125,-0.006364047527313232,0.02762015163898468,-0.09392070770263672
1393,61000000,imu1_frame,-0.00847955173939753,-0.031539862169960325,-0.05344140238073199,0.9980367482253243,-0.005859375,-0.021484375,-0.001953125,-0.010881185531616211,-0.019865408539772034,-0.09439373016357422
1393,86000000,imu1_frame,-0.010937895975182412,-0.030920327787374316,-0.05333622884053584,0.9980378462033529,-0.00390625,-0.005859375,0.001953125,-0.0013409852981567383,0.028804883360862732,-0.09421730041503906
1393,111000000,imu1_frame,-0.00851146953821426,-0.031315165216896444,-0.05339347769514062,0.9980461170974801,-0.00390625,-0.005859375,0.001953125,-0.006528735160827637,-0.018977090716362,-0.055596351623535156
1393,136000000,imu1_frame,-0.01088715445154446,-0.030761311735128253,-0.053261470930921644,0.998047307136569,0.005859375,0.00390625,0.00390625,0.001824498176574707,0.02802768349647522,-0.055367469787597656
1393,161000000,imu1_frame,-0.009704259729723453,-0.03295584104397075,-0.05326626587873852,0.9979892007449369,0.005859375,0.00390625,0.00390625,-0.0006576180458068848,0.0026516318321228027,-0.09217357635498047
1393,186000000,imu1_frame,-0.009253335409791823,-0.03534862157666934,-0.053249420637848155,0.9979124961328808,0.00390625,0.005859375,0.00390625,-0.0468098521232605,-0.008638530969619751,-0.08914566040039062
1393,211000000,imu1_frame,-0.009354400356283966,-0.032785278843253496,-0.05317567096760926,0.9980029903273283,0.00390625,0.005859375,0.00390625,-0.03602194786071777,-0.003934904932975769,-0.053460121154785156
1393,236000000,imu1_frame,-0.007347366325991523,-0.03116235003068189,-0.05317909225907875,0.998071594774211,0.00390625,0.005859375,0.00390625,-0.0023175477981567383,-0.002331256866455078,-0.09520626068115234
1393,261000000,imu1_frame,-0.009796964543151898,-0.03117278734949594,-0.05305084332370499,0.9980570549007942,0.00390625,0.005859375,0.00390625,-0.0050334930419921875,0.006460979580879211,-0.09437274932861328
1393,286000000,imu1_frame,-0.007344028972526224,-0.03179331313794667,-0.053107113347080744,0.9980555520561487,0.001953125,-0.001953125,0.001953125,-0.014603018760681152,-0.042072415351867676,-0.09443092346191406
1393,311000000,imu1_frame,-0.009706827939876882,-0.031064699660380564,-0.05300067506312043,0.9980639710806165,0.001953125,-0.001953125,0.001953125,-0.0028260350227355957,0.004846349358558655,-0.05547618865966797
1393,336000000,imu1_frame,-0.007188367809730047,-0.03126275666882515,-0.05305529175467985,0.9980762012143781,0.001953125,-0.001953125,0.001953125,-0.00409621000289917,-0.005461364984512329,-0.05606651306152344
1393,361000000,imu1_frame,-0.009664322781199643,-0.030975961352074588,-0.052998796638059044,0.9980672413411901,0.0,-0.005859375,-0.001953125,-0.0010524392127990723,0.04317331314086914,-0.05560016632080078
1393,386000000,imu1_frame,-0.009604866798897401,-0.03354630413148292,-0.053044252382508573,0.9979823141228877,0.0,-0.005859375,-0.001953125,-0.012026488780975342,0.0002421736717224121,-0.05238056182861328
1393,411000000,imu1_frame,-0.00969375740874971,-0.03104741184573538,-0.052976169335344686,0.9980659370840859,-0.00390625,0.0,0.00390625,0.036589980125427246,0.004624709486961365,-0.055502891540527344
1393,436000000,imu1_frame,-0.009620054695910782,-0.03361477624872975,-0.053023655430256104,0.9979809584006144,-0.001953125,-0.005859375,-0.001953125,-0.013373196125030518,0.00048075616359710693,-0.052285194396972656
1393,461000000,imu1_frame,-0.009567613834055346,-0.03119397296217481,-0.053031194574736484,0.9980596621536879,-0.001953125,-0.005859375,-0.001953125,-0.005207657814025879,0.0019772350788116455,-0.09443378448486328
1393,486000000,imu1_frame,-0.008391473209506648,-0.03351078992865957,-0.053063015836267914,0.9979934501218389,-0.00390625,-0.01171875,0.001953125,-0.0491487979888916,-0.023401916027069092,-0.09191608428955078
1393,511000000,imu1_frame,-0.01089351738433955,-0.033136183420027325,-0.0529525187925451,0.9979876529200532,-0.00390625,-0.01171875,0.001953125,-0.00534665584564209,0.02586674690246582,-0.091461181640625
1393,536000000,imu1_frame,-0.008461766767687832,-0.0334960276621146,-0.0530138404665047,0.9979959655995712,-0.00390625,-0.01171875,0.001953125,-0.009865045547485352,-0.021982640027999878,-0.09191226959228516
1393,561000000,imu1_frame,-0.010963838159168644,-0.03312136183339439,-0.05290332099745363,0.9979899840532276,-0.00390625,-0.01171875,0.001953125,-0.005121171474456787,0.027286216616630554,-0.09145069122314453
1393,586000000,imu1_frame,-0.008287299647614998,-0.033437231273586665,-0.0528843507099992,0.9980062713627048,0.015625,-0.005859375,0.0078125,-0.00852292776107788,-0.025238901376724243,-0.09204673767089844
1393,611000000,imu1_frame,-0.00571628656152333,-0.032767341474518596,-0.05285532525169959,0.99804806497141,0.015625,-0.005859375,0.0078125,0.00717926025390625,-0.0356164276599884,-0.05455493927001953
1393,636000000,imu1_frame,-0.007820557783685927,-0.03184698610087197,-0.05267116922739245,0.998073322098363,0.015625,-0.005859375,0.0078125,-0.016089200973510742,-0.03255734592676163,-0.0551605224609375
1393,661000000,imu1_frame,-0.010134352095656387,-0.03079210314034141,-0.05259211731952181,0.9980897807750791,-0.001953125,0.00390625,0.0,0.002114415168762207,0.013720571994781494,-0.055640220642089844
1393,686000000,imu1_frame,-0.008148107281837859,-0.032229317665476126,-0.052668703682047686,0.9980585589448117,-0.001953125,0.00390625,0.0,-0.023875653743743896,-0.02656152844429016,-0.0936422348022461
1393,711000000,imu1_frame,-0.010206400661478088,-0.030796790904388374,-0.05259341972505687,0.9980888333495935,-0.001953125,-0.001953125,0.0,0.0019491314888000488,0.01512041687965393,-0.09466838836669922
1393,736000000,imu1_frame,-0.008137961389169803,-0.03211520314819385,-0.05267168778212623,0.9980621627019837,-0.001953125,0.00390625,0.0,-0.021641790866851807,-0.02664324641227722,-0.09378814697265625
1393,761000000,imu1_frame,-0.01022176444983767,-0.0334772414249171,-0.05261474480300734,0.9980012417163739,-0.001953125,0.00390625,0.0,-0.011245429515838623,0.012632876634597778,-0.05223274230957031
1393,786000000,imu1_frame,-0.007979540412302057,-0.03203162294926057,-0.052652540523415246,0.9980671380435661,0.005859375,0.015625,0.001953125,0.01921367645263672,-0.029634974896907806,-0.05488109588623047
1393,811000000,imu1_frame,-0.01012454588787133,-0.030701871870791538,-0.05254783168229068,0.9980949924830218,0.005859375,0.015625,0.001953125,0.003890514373779297,0.013649597764015198,-0.09481525421142578
1393,836000000,imu1_frame,-0.008325704682355117,-0.032330265547712574,-0.05259206920671764,0.9980578694783746,0.005859375,0.015625,0.001953125,0.013047516345977783,0.01591014862060547,-0.09345722198486328
1393,861000000,imu1_frame,-0.006829120721802813,-0.03419610736538744,-0.05262672110087471,0.9980052192135033,0.005859375,0.015625,0.001953125,-0.02178424596786499,-0.015235327184200287,-0.09147453308105469
1393,886000000,imu1_frame,-0.008511395261585107,-0.03228058000425469,-0.05258247664428976,0.998058416855067,0.001953125,0.0078125,-0.001953125,0.01382666826248169,0.019590169191360474,-0.0934591293334961
1393,911000000,imu1_frame,-0.006857557254249666,-0.03401337417616895,-0.05264766663914518,0.9980101640179373,0.00390625,0.015625,0.0,-0.01825493574142456,-0.014505870640277863,-0.09171009063720703
1393,936000000,imu1_frame,-0.008477327538688269,-0.03197302398875733,-0.05258015343510421,0.9980687291562426,0.00390625,0.015625,0.0,-0.019206762313842773,-0.01981768012046814,-0.0547943115234375
1393,961000000,imu1_frame,-0.010383906183551873,-0.03033293862697826,-0.05248308512618152,0.9981070148547505,0.0,0.001953125,0.001953125,0.010827958583831787,0.019129514694213867,-0.05608844757080078
1393,986000000,imu1_frame,-0.008695988453488346,-0.032153898120226856,-0.052527076566253265,0.9980638320507831,0.0,0.001953125,0.001953125,0.01611506938934326,0.023357242345809937,-0.09355640411376953
1394,11000000,imu1_frame,-0.007029573191129354,-0.03398915178610218,-0.05257006084419608,0.9980138833525561,0.0,0.001953125,0.001953125,-0.017951250076293945,-0.011073119938373566,-0.09169673919677734
1394,36000000,imu1_frame,-0.008650344674351673,-0.03196766501291734,-0.05245199988301977,0.9980741593884237,0.005859375,0.015625,0.00390625,0.019800662994384766,0.022706806659698486,-0.09380531311035156
1394,61000000,imu1_frame,-0.006461613557841433,-0.03043144466863706,-0.05246130994383808,0.998138259804014,0.005859375,0.015625,0.00390625,0.012913882732391357,-0.018416672945022583,-0.05726337432861328
1394,86000000,imu1_frame,-0.008425896108624906,-0.031791506748102896,-0.05236035056519128,0.9980865183250108,0.0,0.013671875,0.00390625,-0.0155867338180542,0.01856735348701477,-0.055037498474121094
1394,111000000,imu1_frame,-0.010651999087372585,-0.030499943887325735,-0.05223337996243217,0.9981121992822313,0.0,0.013671875,0.00390625,0.007343471050262451,0.024338677525520325,-0.09484195709228516
1394,136000000,imu1_frame,-0.008231834465890077,-0.030979688892713277,-0.052267063444806146,0.9981185550105225,0.0,0.013671875,0.00390625,0.00044548511505126953,0.01567387580871582,-0.09515953063964844
1394,161000000,imu1_frame,-0.0070930472304721525,-0.02858142634075704,-0.05224034015265616,0.9982002492536501,0.0,0.013671875,0.00390625,0.009295046329498291,-0.004067711532115936,-0.10219860076904297
1394,186000000,imu1_frame,-0.008001179001652972,-0.030922007603240494,-0.05224965881543168,0.998123130547549,0.001953125,-0.001953125,-0.001953125,-0.03725564479827881,0.011243782937526703,-0.09920787811279297
1394,211000000,imu1_frame,-0.007090026616663997,-0.028615260866875665,-0.05228582941571544,0.9981969196558396,0.001953125,-0.001953125,-0.001953125,0.008633553981781006,-0.004187107086181641,-0.10216140747070312
1394,236000000,imu1_frame,-0.008792358014196056,-0.030447100825511927,-0.05226926159162293,0.9981300480320877,0.001953125,-0.001953125,-0.001953125,0.010257124900817871,-0.011907890439033508,-0.056550025939941406
1394,261000000,imu1_frame,-0.010604920434824475,-0.03215971327331687,-0.05222729731273038,0.9980609189424043,-0.001953125,0.001953125,0.0,-0.02495676279067993,0.02171848714351654,-0.05376625061035156
1394,286000000,imu1_frame,-0.008212366637144376,-0.031501609641901886,-0.05230150633058308,0.9981005751224364,-0.001953125,0.001953125,0.0,-0.00971221923828125,0.014736771583557129,-0.0945281982421875
1394,311000000,imu1_frame,-0.005900416622414868,-0.030591679727514014,-0.052371016544061955,0.9981415785555037,-0.001953125,0.001953125,0.0,0.010371625423431396,-0.029476024210453033,-0.05720806121826172
1394,336000000,imu1_frame,-0.008148046438627949,-0.0315245255266263,-0.052276614778526936,0.9981016827843006,0.005859375,0.0,0.001953125,-0.01008981466293335,0.013473883271217346,-0.05545806884765625
1394,361000000,imu1_frame,-0.0056652866823995686,-0.03086802934119628,-0.05232242950690056,0.998136980910883,0.005859375,0.0,0.001953125,0.005228698253631592,-0.03431770205497742,-0.09599113464355469
1394,386000000,imu1_frame,-0.008106603504239447,-0.03152282229130502,-0.05227455636791257,0.998102181848609,-0.001953125,-0.001953125,-0.001953125,-0.010014116764068604,0.012668415904045105,-0.09453582763671875
1394,411000000,imu1_frame,-0.00737180215162867,-0.029170072803620783,-0.05230826409077237,0.9981776439559638,-0.001953125,-0.001953125,-0.001953125,-0.002472102642059326,0.0007282644510269165,-0.0623931884765625
1394,436000000,imu1_frame,-0.007845944355646893,-0.03164912691498228,-0.052334067027130095,0.9980971492550648,-0.001953125,-0.001953125,-0.001953125,-0.051280319690704346,0.007416240870952606,-0.09836673736572266
1394,461000000,imu1_frame,-0.006002036065917853,-0.030012909500385904,-0.05240846583021369,0.9981565776649015,-0.001953125,-0.001953125,-0.001953125,0.02154642343521118,-0.026921026408672333,-0.09693241119384766
1394,486000000,imu1_frame,-0.007942758749527157,-0.03166647777487747,-0.05240991889238576,0.9980918530728891,-0.005859375,0.0,-0.00390625,-0.012663841247558594,0.009239554405212402,-0.09440898895263672
1394,511000000,imu1_frame,-0.010427540780145529,-0.03101358017911224,-0.05237936545128092,0.9980910911899141,-0.005859375,0.0,-0.00390625,-0.0024653077125549316,0.019342154264450073,-0.09431743621826172
1394,536000000,imu1_frame,-0.008073238348549928,-0.03162039947458075,-0.05251208072518833,0.9980868972877797,-0.005859375,0.0,-0.00390625,-0.011912047863006592,-0.02729390561580658,-0.09442520141601562
1394,561000000,imu1_frame,-0.010536817796495412,-0.030985907799854814,-0.05252945474328317,0.998082915079161,-0.00390625,0.0,-0.0078125,-0.002063274383544922,0.021409854292869568,-0.09430599212646484
1394,586000000,imu1_frame,-0.008050909251530902,-0.03147815563045481,-0.05273280934567926,0.9980799363762607,0.00390625,0.009765625,-0.009765625,-0.00914454460144043,-0.027720458805561066,-0.09460830688476562
1394,611000000,imu1_frame,-0.01045901777507342,-0.030960187286870333,-0.05277273629976622,0.9980716978523027,0.00390625,0.009765625,-0.009765625,-0.0015244483947753906,0.019768863916397095,-0.09436893463134766
1394,636000000,imu1_frame,-0.00807013112341454,-0.031701834193818106,-0.05275653093135211,0.9980714479116652,0.0,-0.001953125,0.0078125,-0.013526737689971924,-0.02759205549955368,-0.09432601928710938
1394,661000000,imu1_frame,-0.005980287108439395,-0.03036556152422313,-0.05271722983655169,0.9981297824019576,0.0,-0.001953125,0.0078125,0.014667987823486328,-0.027893058955669403,-0.09652137756347656
1394,686000000,imu1_frame,-0.00807078915807425,-0.03180824755795742,-0.052608255480274854,0.9980758834903185,0.001953125,-0.0078125,0.00390625,-0.015582501888275146,0.011466354131698608,-0.0941934585571289
1394,711000000,imu1_frame,-0.00558358690641198,-0.031524925745977914,-0.05263488418804412,0.9981004817053645,0.001953125,-0.0078125,0.00390625,-0.007515847682952881,-0.0016238391399383545,-0.09520721435546875
1394,736000000,imu1_frame,-0.00803327528362452,-0.031228934492631873,-0.052504686167808776,0.9980999339089711,0.001953125,-0.0078125,0.00390625,-0.0042403340339660645,0.01139724999666214,-0.05585670471191406
1394,761000000,imu1_frame,-0.00944844934054463,-0.029281990482139038,-0.052395872635676334,0.9981522751410272,0.001953125,-0.0078125,0.00390625,-0.006780683994293213,0.0020150691270828247,-0.10064506530761719
1394,786000000,imu1_frame,-0.008219980259479032,-0.027216978442245663,-0.052344638745379576,0.9982242768053798,-0.00390625,-0.005859375,0.005859375,0.03473770618438721,-0.019799768924713135,-0.10334968566894531
1394,811000000,imu1_frame,-0.00785040517792179,-0.029750167156567277,-0.052300522344306634,0.998157279217665,-0.00390625,-0.005859375,0.005859375,0.02479642629623413,0.009474605321884155,-0.09673881530761719
1394,836000000,imu1_frame,-0.009768345295692397,-0.03148460636177358,-0.05218244294533522,0.9980933281215164,-0.00390625,-0.005859375,0.005859375,-0.010943353176116943,0.006120577454566956,-0.09400177001953125
1394,861000000,imu1_frame,-0.008063107880938952,-0.030061127504389423,-0.05220046399488251,0.9981515047642738,-0.005859375,-0.025390625,0.001953125,0.01853001117706299,-0.025697633624076843,-0.09630870819091797
1394,886000000,imu1_frame,-0.010055938019448506,-0.03177994758734273,-0.05220049291818723,0.9980801679128751,-0.00390625,-0.01171875,-0.00390625,-0.016994237899780273,0.011416420340538025,-0.09352493286132812
1394,911000000,imu1_frame,-0.007668144466118743,-0.03139727865817367,-0.052323585599132375,0.9981070347629847,-0.00390625,-0.01171875,-0.00390625,-0.007127523422241211,0.0042130425572395325,-0.05576324462890625
1394,936000000,imu1_frame,-0.005846028430355183,-0.029762864857793014,-0.052421140524580606,0.9981643250753607,-0.001953125,-0.00390625,-0.00390625,0.026579082012176514,-0.029715262353420258,-0.058197975158691406
1394,961000000,imu1_frame,-0.007714430487754091,-0.03150186898264781,-0.052322966156488154,0.9981034149953786,0.0,-0.005859375,0.00390625,-0.0092124342918396,0.0050088390707969666,-0.05562019348144531
1394,986000000,imu1_frame,-0.006025484406203484,-0.0296548363238077,-0.052335857256904546,0.9981709484178868,0.005859375,-0.00390625,0.001953125,0.028509199619293213,-0.02605292946100235,-0.058281898498535156
1395,11000000,imu1_frame,-0.007599582256595866,-0.031588233928055584,-0.05226803924730089,0.9981044443844914,0.005859375,-0.00390625,0.001953125,-0.010772347450256348,0.0027138665318489075,-0.09461116790771484
1395,36000000,imu1_frame,-0.009953775686576507,-0.031034043906738456,-0.052159761686349664,0.9981067927477496,0.005859375,-0.00390625,0.001953125,-0.0023462772369384766,0.010214388370513916,-0.055418968200683594
1395,61000000,imu1_frame,-0.0074055322231947876,-0.03140500862484672,-0.052213253886477705,0.9981145523657846,0.005859375,-0.00390625,0.001953125,-0.006998181343078613,-0.0008496716618537903,-0.0948934555053711
1395,86000000,imu1_frame,-0.009534113940642706,-0.030262035486164754,-0.052110341075968486,0.9981371760597574,0.00390625,-0.0078125,0.001953125,0.013134539127349854,0.041911303997039795,-0.0955657958984375
1395,111000000,imu1_frame,-0.007286363492974001,-0.03154167801776234,-0.052160529239125356,0.998113876591427,0.00390625,-0.0078125,0.001953125,-0.009535074234008789,-0.0032817795872688293,-0.09475898742675781
1395,136000000,imu1_frame,-0.009723130103385626,-0.03130992713319195,-0.052052795600518786,0.998106034283972,0.00390625,-0.0078125,0.001953125,-0.007472693920135498,0.005498453974723816,-0.09423351287841797
1395,161000000,imu1_frame,-0.007357311683459286,-0.030848652390371795,-0.05202202210556333,0.9981422442851212,0.0,-0.0234375,0.0078125,0.0039160847663879395,-0.040165774524211884,-0.09558391571044922
1395,186000000,imu1_frame,-0.009829599532280565,-0.03154515302675218,-0.051970245416063626,0.9981018865250921,0.0,-0.01953125,-0.001953125,-0.012151837348937988,0.007386431097984314,-0.09390449523925781
1395,211000000,imu1_frame,-0.007350546605558066,-0.03158116508606187,-0.052070142158667246,0.9981168768095162,0.0,-0.01953125,-0.001953125,-0.010360002517700195,-0.002013564109802246,-0.09469223022460938
1395,236000000,imu1_frame,-0.008145934694004896,-0.029455807874876134,-0.052054062335888,0.9981765243306071,0.0,-0.01953125,-0.001953125,0.030264854431152344,0.015686824917793274,-0.05792427062988281
1395,261000000,imu1_frame,-0.007133281913404877,-0.03174306513207365,-0.05197088636256184,0.9981184904989258,0.009765625,0.00390625,0.009765625,-0.013284146785736084,-0.006355538964271545,-0.05549049377441406
1395,286000000,imu1_frame,-0.008432066388585893,-0.0296440396966352,-0.05191443005057542,0.9981758477940682,0.00390625,0.0,0.0,0.02632451057434082,0.021158933639526367,-0.05761432647705078
1395,311000000,imu1_frame,-0.007182108059558867,-0.0318347016165767,-0.05196398529572983,0.9981155811472885,0.00390625,0.0,0.0,-0.015118896961212158,-0.005492106080055237,-0.09442520141601562
1395,336000000,imu1_frame,-0.008552279324640115,-0.02961483344547228,-0.052056442198840494,0.99816829592206,-0.001953125,0.009765625,-0.01171875,0.02675306797027588,0.02345062792301178,-0.09667110443115234
1395,361000000,imu1_frame,-0.007912662414600459,-0.03190301061418911,-0.05224075267550054,0.9980934282155959,-0.001953125,0.009765625,-0.01171875,0.02183997631072998,0.008515797555446625,-0.055062294006347656
1395,386000000,imu1_frame,-0.007325208432476637,-0.034347071226726436,-0.052300408724014286,0.9980136708817511,-0.001953125,-0.001953125,-0.001953125,-0.025198519229888916,-0.005492590367794037,-0.05207252502441406
1395,411000000,imu1_frame,-0.007499358698155566,-0.0318810114767622,-0.052306351258775155,0.9980938865378992,-0.001953125,-0.001953125,-0.001953125,-0.01638239622116089,0.0004341602325439453,-0.09427642822265625
1395,436000000,imu1_frame,-0.007711216993367754,-0.03439144365314149,-0.05233959807011,0.9980071804399973,-0.001953125,-0.001953125,-0.001953125,-0.02646017074584961,0.001965075731277466,-0.09096145629882812
1395,461000000,imu1_frame,-0.007571844807654618,-0.031999209026645124,-0.05238447812208173,0.998085459386998,-0.0078125,-0.0078125,-0.00390625,0.020293712615966797,0.00167740136384964,-0.09410858154296875
1395,486000000,imu1_frame,-0.007727767669964924,-0.03468570283729382,-0.05249484193221012,0.9979887149642696,-0.005859375,-0.015625,-0.0078125,-0.03222858905792236,0.0018788650631904602,-0.0905599594116211
1395,511000000,imu1_frame,-0.007599485628785151,-0.03239184323295837,-0.052585850949592616,0.9980619943621021,-0.005859375,-0.015625,-0.0078125,0.012590289115905762,0.0016836151480674744,-0.09360504150390625
1395,536000000,imu1_frame,-0.007732079276640319,-0.0350761705021408,-0.052696958458502446,0.997964382020815,-0.005859375,-0.015625,-0.0078125,-0.03986388444900513,0.0014200285077095032,-0.0900259017944336
1395,561000000,imu1_frame,-0.0076650045406521,-0.03258217088643337,-0.052886127944845734,0.9980394317444177,-0.0078125,0.0,-0.015625,0.008778989315032959,0.002571612596511841,-0.09334468841552734
1395,586000000,imu1_frame,-0.007705631756724084,-0.03496893763485277,-0.053251884431131845,0.9979388926404524,-0.013671875,0.0078125,-0.02734375,-0.037811219692230225,0.0006314292550086975,-0.0901803970336914
1395,611000000,imu1_frame,-0.007760499921384394,-0.03237415542101033,-0.05358853339540546,0.9980079948528848,-0.013671875,0.0078125,-0.02734375,0.012651920318603516,0.004200346767902374,-0.09358024597167969
1395,636000000,imu1_frame,-0.007513164570638407,-0.03485118100485672,-0.05358863564736913,0.9979264530365726,-0.001953125,0.0,0.001953125,-0.035354673862457275,-0.0032316595315933228,-0.09039783477783203
1395,661000000,imu1_frame,-0.007703965538257594,-0.03236172042235689,-0.05354509373517434,0.9980111677246815,-0.001953125,0.0,0.001953125,0.012958168983459473,0.0031384527683258057,-0.0545501708984375
1395,686000000,imu1_frame,-0.007614141937629597,-0.0349851585607096,-0.05366866063745721,0.9979166991229362,-0.01171875,-0.01171875,-0.0078125,-0.038079023361206055,-0.0014584735035896301,-0.05112266540527344
1395,711000000,imu1_frame,-0.00782763905276088,-0.03263178525433042,-0.053753490570274017,0.9979902088244584,-0.01171875,-0.01171875,-0.0078125,0.0075417160987854,0.005132332444190979,-0.0932321548461914
1395,736000000,imu1_frame,-0.010350650223911656,-0.0335500819169454,-0.05378076842012653,0.9979353110254439,-0.01171875,-0.01171875,-0.0078125,-0.012991726398468018,0.01429431140422821,-0.09114742279052734
1395,761000000,imu1_frame,-0.00811446248073037,-0.032620115528279855,-0.053921470858382455,0.9979792375305406,-0.001953125,-0.009765625,-0.005859375,0.0074484944343566895,-0.0284314826130867,-0.09315681457519531
1395,786000000,imu1_frame,-0.010519837411962281,-0.03372708956516038,-0.05392421795062035,0.9979198340391393,-0.005859375,-0.015625,-0.005859375,-0.016641855239868164,0.017310768365859985,-0.09084510803222656
1395,811000000,imu1_frame,-0.009528513546625617,-0.036173423803039256,-0.0540538681579719,0.9978370960117277,-0.005859375,-0.015625,-0.005859375,-0.024219214916229248,-0.0047121793031692505,-0.0917978286743164
1395,836000000,imu1_frame,-0.007405481007776339,-0.03518987991521165,-0.054199515942212936,0.9978823796792015,-0.005859375,-0.015625,-0.005859375,-0.002845466136932373,-0.006113395094871521,-0.0548095703125
1395,861000000,imu1_frame,-0.009867860088838021,-0.03546543966508052,-0.05420861186492589,0.9978508176708117,0.001953125,-0.001953125,-0.0078125,-0.010808467864990234,0.04161274433135986,-0.05359840393066406
1395,886000000,imu1_frame,-0.007380653647875719,-0.035231115020892094,-0.05441693164866544,0.9978692760257024,0.0,-0.00390625,-0.009765625,-0.003645658493041992,-0.006793014705181122,-0.054759979248046875
1395,911000000,imu1_frame,-0.009877448656081504,-0.03530413447986013,-0.054449380294099986,0.9978433339368775,0.0,-0.00390625,-0.009765625,-0.007713735103607178,0.002740606665611267,-0.0928792953491211
1395,936000000,imu1_frame,-0.007909451932344887,-0.033801222659773054,-0.0545338332383893,0.9979083018740559,-0.001953125,0.0,-0.001953125,0.023638367652893066,-0.03409116715192795,-0.09559440612792969
1395,961000000,imu1_frame,-0.009916425107006079,-0.0353144334070847,-0.05450017800240641,0.9978398097409923,-0.001953125,0.0,-0.001953125,-0.007962942123413086,0.0034539997577667236,-0.0928506851196289
1395,986000000,imu1_frame,-0.00781816912888529,-0.03406849664581973,-0.054617012702766254,0.9978953831395312,-0.00390625,-0.001953125,-0.00390625,0.018518149852752686,-0.03621406853199005,-0.09526729583740234
1396,11000000,imu1_frame,-0.007830993872527036,-0.03658345882272021,-0.05468308293415048,0.9978026290386048,-0.00390625,-0.001953125,-0.00390625,-0.0304948091506958,0.000351928174495697,-0.09179019927978516
1396,36000000,imu1_frame,-0.009094481939045164,-0.0344268467592203,-0.0546756093287279,0.9978690597292861,-0.00390625,-0.001953125,-0.00390625,-0.02888953685760498,-0.011744961142539978,-0.09045982360839844
1396,61000000,imu1_frame,-0.01024004512432979,-0.03210313230152702,-0.054767825909488664,0.9979303661165094,-0.001953125,0.0078125,-0.01171875,0.015154480934143066,0.013037696480751038,-0.093048095703125
1396,86000000,imu1_frame,-0.00918807367712283,-0.03428647211926581,-0.05499364536052601,0.9978555587366738,-0.001953125,0.005859375,-0.013671875,-0.026298463344573975,-0.009985193610191345,-0.09061527252197266
1396,111000000,imu1_frame,-0.010311714738169286,-0.03197727340829314,-0.05511066401557441,0.9979147945773186,-0.001953125,0.005859375,-0.013671875,0.017473459243774414,0.014353036880493164,-0.09317779541015625
1396,136000000,imu1_frame,-0.00879072531679931,-0.03387724206382632,-0.055349340900419666,0.9978534492000528,-0.001953125,0.005859375,-0.013671875,0.021113455295562744,0.021530956029891968,-0.056143760681152344
1396,161000000,imu1_frame,-0.007327384720658417,-0.035953010189338185,-0.05546305802051234,0.9977863196529075,-0.001953125,-0.005859375,-0.00390625,-0.01776069402694702,-0.009347118437290192,-0.053771018981933594
1396,186000000,imu1_frame,-0.007674787503253262,-0.03354950440230081,-0.05548713108878807,0.9978660765226341,-0.001953125,-0.005859375,-0.00390625,-0.010379135608673096,3.0703842639923096e-05,-0.053028106689453125
1396,211000000,imu1_frame,-0.009670285928223296,-0.03515897230413032,-0.055478019148080385,0.9977938272148155,-0.001953125,-0.005859375,-0.00390625,-0.004821896553039551,-0.0018619894981384277,-0.09315872192382812
1396,236000000,imu1_frame,-0.011947617212092887,-0.036283319000760435,-0.05545492235064122,0.9977301873714791,-0.001953125,-0.00390625,-0.00390625,-0.029170334339141846,0.04133738577365875,-0.09062576293945312
1396,261000000,imu1_frame,-0.01051251211357004,-0.03431196677467404,-0.05553766236751299,0.9978114772259677,-0.001953125,-0.00390625,-0.00390625,-0.028302907943725586,0.015447258949279785,-0.09007072448730469
1396,286000000,imu1_frame,-0.008993516052310344,-0.032748290937188305,-0.055537964015127964,0.9978788506941934,0.0078125,-0.037109375,0.001953125,0.003801405429840088,-0.012470677495002747,-0.09269905090332031
1396,311000000,imu1_frame,-0.00946237383757072,-0.03565332862723372,-0.05550552691637323,0.9977767486371351,0.0078125,-0.037109375,0.001953125,0.020925045013427734,-0.006475582718849182,-0.08864593505859375
1396,336000000,imu1_frame,-0.011096895981947375,-0.034294103969268006,-0.05539786640564421,0.9978135345495236,0.0078125,-0.037109375,0.001953125,0.010502815246582031,0.026958748698234558,-0.09375381469726562
1396,361000000,imu1_frame,-0.00912880174965189,-0.035801204735545045,-0.05553053764130828,0.9977731696670172,-0.001953125,0.0,-0.00390625,-0.01675593852996826,-0.013159945607185364,-0.09246635437011719
1396,386000000,imu1_frame,-0.011149165777944154,-0.03431105991073082,-0.0555709243230232,0.9978027458571873,-0.00390625,-0.00390625,-0.009765625,0.010085046291351318,0.0278414785861969,-0.09370803833007812
1396,411000000,imu1_frame,-0.009320539080834083,-0.03601306866193064,-0.055774414848481106,0.9977501696743043,-0.00390625,-0.00390625,-0.009765625,0.01403188705444336,0.029236257076263428,-0.0881948471069336
1396,436000000,imu1_frame,-0.010787277465322353,-0.03400638089658526,-0.05583053922484512,0.9978026616486176,-0.00390625,-0.00390625,-0.009765625,0.016365885734558105,0.020941510796546936,-0.09427070617675781
1396,461000000,imu1_frame,-0.009322092674867229,-0.036243067480911016,-0.05594686939878748,0.997732171703514,-0.001953125,-0.01953125,-0.00390625,-0.02563035488128662,-0.010172143578529358,-0.09177494049072266
1396,486000000,imu1_frame,-0.01048265958504156,-0.03419084050353262,-0.0559825266571342,0.9977910888471441,0.001953125,-0.01171875,-0.0078125,0.013077080249786377,0.014694944024085999,-0.09415149688720703
1396,511000000,imu1_frame,-0.00919342350474743,-0.036488007766621124,-0.05613989374335683,0.9977135954691456,0.001953125,-0.01171875,-0.0078125,-0.03028804063796997,-0.013090461492538452,-0.09147357940673828
1396,536000000,imu1_frame,-0.010318232951372911,-0.03424534324581925,-0.05629816501246618,0.997773174198909,0.00390625,0.00390625,-0.017578125,0.012142419815063477,0.011213406920433044,-0.0941457748413086
1396,561000000,imu1_frame,-0.009237667132644482,-0.036481858746156115,-0.056570677504711474,0.9976890787890936,0.00390625,0.00390625,-0.017578125,-0.030276834964752197,-0.012532487511634827,-0.09146595001220703
1396,586000000,imu1_frame,-0.010378363656790986,-0.0341896321702745,-0.05653727227012922,0.9977609410395467,0.0,0.005859375,-0.001953125,0.013122200965881348,0.012285277247428894,-0.09419536590576172
1396,611000000,imu1_frame,-0.009302806273152367,-0.03637244394220613,-0.056618438579084725,0.9976897591586181,0.0,0.005859375,-0.001953125,-0.02822422981262207,-0.011175006628036499,-0.0915985107421875
1396,636000000,imu1_frame,-0.007132563755935999,-0.037544795712811684,-0.05673213381005631,0.9976577468463365,0.0,0.005859375,-0.001953125,-0.013522028923034668,-0.01582186669111252,-0.08669567108154297
1396,661000000,imu1_frame,-0.009303171719985943,-0.03636161897926608,-0.05666350356611287,0.9976875918967663,0.005859375,0.0078125,-0.001953125,0.007135212421417236,0.02787436544895172,-0.08770751953125
1396,686000000,imu1_frame,-0.007119762264915626,-0.03762219032184722,-0.05679976009987659,0.9976510747918202,0.001953125,0.0,-0.00390625,-0.01502162218093872,-0.016207993030548096,-0.08658504486083984
1396,711000000,imu1_frame,-0.008985774972503073,-0.03598924914548389,-0.05676736223000497,0.9976980988152353,0.001953125,0.0,-0.00390625,-0.020433485507965088,-0.017036736011505127,-0.0922536849975586
1396,736000000,imu1_frame,-0.010696733783040166,-0.03778217951926816,-0.0567640869643943,0.9976151187849185,0.001953125,0.0,-0.00390625,-0.022078514099121094,0.014325946569442749,-0.08510398864746094
1396,761000000,imu1_frame,-0.009019427929395718,-0.03592889149961136,-0.056814706199916555,0.9976972756477052,-0.001953125,0.001953125,0.0,0.01585465669631958,-0.016346827149391174,-0.08842086791992188
1396,786000000,imu1_frame,-0.010624633756572285,-0.03779754972674871,-0.056814202972880666,0.9976124541788505,0.00390625,0.0,-0.00390625,-0.022306740283966064,0.012865334749221802,-0.08511161804199219
1396,811000000,imu1_frame,-0.008996942995768809,-0.035868760412003015,-0.05690505534024778,0.9976944931791298,0.00390625,0.0,-0.00390625,0.017038166522979736,-0.016782358288764954,-0.08851242065429688
1396,836000000,imu1_frame,-0.010674131839086332,-0.03780174020070937,-0.056981796381946545,0.9976022084119333,-0.00390625,-0.00390625,-0.009765625,-0.02247065305709839,0.013699918985366821,-0.0850839614868164
1396,861000000,imu1_frame,-0.009199117768404343,-0.0358743114682726,-0.05714636068375116,0.9976786574190925,-0.00390625,-0.00390625,-0.009765625,0.016672849655151367,-0.01301775872707367,-0.049370765686035156
1396,886000000,imu1_frame,-0.010790538831555518,-0.03794704820005868,-0.0571799672369866,0.9975841002899978,-0.005859375,-0.0078125,-0.005859375,-0.02546250820159912,0.015657246112823486,-0.045757293701171875
1396,911000000,imu1_frame,-0.010095688049489434,-0.03567001196059971,-0.05726389783033752,0.9976705735536228,-0.005859375,-0.0078125,-0.005859375,-0.015518248081207275,0.004611656069755554,-0.09228706359863281
1396,936000000,imu1_frame,-0.008122337008835839,-0.037191944118194396,-0.05742411281293688,0.9976238059518584,-0.005859375,-0.0078125,-0.005859375,-0.007823646068572998,0.003362901508808136,-0.08691596984863281
1396,961000000,imu1_frame,-0.0058673002808204274,-0.03603577955987473,-0.05750273677233977,0.9976775193631546,0.0,0.005859375,0.0,0.017205774784088135,-0.039363257586956024,-0.0891876220703125
1396,986000000,imu1_frame,-0.008009452892039371,-0.03708459896250683,-0.05739980828612732,0.9976301134152257,0.005859375,0.0078125,0.001953125,-0.0056043267250061035,0.0013006404042243958,-0.08710765838623047
1397,11000000,imu1_frame,-0.010429952647677296,-0.036905532425184885,-0.057279135408709804,0.9976213201465832,0.005859375,0.0078125,0.001953125,-0.004797458648681641,0.009726092219352722,-0.08649349212646484
1397,36000000,imu1_frame,-0.007864621672296686,-0.037044529298073274,-0.057348044895751606,0.9976357312775394,0.005859375,0.0078125,0.001953125,-0.004657149314880371,-0.001440294086933136,-0.08721065521240234
1397,61000000,imu1_frame,-0.009885048815469501,-0.03844530216528938,-0.05722792163700603,0.9975716563417607,0.00390625,0.0,0.00390625,-0.03416639566421509,0.03646746277809143,-0.084442138671875
1397,86000000,imu1_frame,-0.0076808795743438015,-0.0368599706246308,-0.057219725589439226,0.9976513667900151,0.01171875,0.013671875,0.005859375,-0.0008445978164672852,-0.004721648991107941,-0.08753299713134766
1397,111000000,imu1_frame,-0.009542475499189606,-0.03521636930336486,-0.057059064987154184,0.997703869691417,0.01171875,0.013671875,0.005859375,-0.006036639213562012,-0.005521982908248901,-0.09312820434570312
1397,136000000,imu1_frame,-0.011986207980000234,-0.03522080644384329,-0.05704221086515718,0.9976783107752323,0.00390625,0.005859375,-0.005859375,-0.008826673030853271,0.04213686287403107,-0.09209346771240234
1397,161000000,imu1_frame,-0.009480050663186803,-0.035179285601501444,-0.05718113991921713,0.9976987840733949,0.0,0.00390625,-0.00390625,-0.005262851715087891,-0.006782963871955872,-0.09320259094238281
1397,186000000,imu1_frame,-0.011988872872783354,-0.03542525502324159,-0.0570710350242109,0.997669391730068,-0.001953125,0.001953125,0.001953125,-0.01281726360321045,0.041938841342926025,-0.09180927276611328
1397,211000000,imu1_frame,-0.00951221245407548,-0.0353487126228272,-0.05713736693489211,0.9976949972962101,-0.001953125,0.001953125,0.001953125,-0.008592069149017334,0.032746896147727966,-0.09295654296875
1397,236000000,imu1_frame,-0.01153785082455894,-0.033823529376450424,-0.05703092098394221,0.9977325898809731,-0.001953125,0.001953125,0.001953125,0.018888890743255615,0.034970954060554504,-0.05512237548828125
1397,261000000,imu1_frame,-0.009500506416106618,-0.03511215682996451,-0.057188809924866774,0.9977005146034369,0.001953125,0.017578125,-0.005859375,-0.003978431224822998,-0.006314098834991455,-0.05422401428222656
1397,286000000,imu1_frame,-0.011985136744078825,-0.034829006887122656,-0.05717243831331726,0.9976846240540106,0.0,0.0078125,-0.005859375,-0.0012193918228149414,0.0424656867980957,-0.05356788635253906
1397,311000000,imu1_frame,-0.009494688868580453,-0.03504361837530463,-0.05733768644679604,0.9976944348884501,0.0,0.0078125,-0.005859375,-0.0026592016220092773,0.03260856866836548,-0.0933828353881836
1397,336000000,imu1_frame,-0.007030192558580449,-0.03540424036286572,-0.05750225975841794,0.9976926411874517,0.0,0.0078125,-0.005859375,-0.0069512128829956055,-0.015972621738910675,-0.09368228912353516
1397,361000000,imu1_frame,-0.00951737146602768,-0.03514871680069187,-0.05750986151573417,0.9976806118072474,0.0,0.005859375,-0.0078125,-0.004756569862365723,0.0328122079372406,-0.0932302474975586
1397,386000000,imu1_frame,-0.0070543217806899915,-0.03539306119553923,-0.057699118965281626,0.99768150200054,-0.001953125,0.00390625,-0.0078125,-0.006779670715332031,-0.015627212822437286,-0.09369087219238281
1397,411000000,imu1_frame,-0.00955833473493768,-0.03506887042755558,-0.05770728872990735,0.9976716300424069,-0.001953125,0.00390625,-0.0078125,-0.003276228904724121,-0.0054986923933029175,-0.05426216125488281
1397,436000000,imu1_frame,-0.01207273658881915,-0.03505338599406011,-0.05766935954319363,0.997647109017756,-0.001953125,0.0078125,-0.00390625,-0.005784749984741211,0.043573930859565735,-0.05321979522705078
1397,461000000,imu1_frame,-0.009642330420548535,-0.03510419799967231,-0.05785853168011046,0.9976608196469793,-0.005859375,-0.001953125,-0.0078125,-0.004081428050994873,-0.004006236791610718,-0.05418205261230469
1397,486000000,imu1_frame,-0.012203342289344398,-0.034936195598587634,-0.05786684553883205,0.9976381953701711,-0.005859375,-0.0078125,-0.0078125,-0.003687739372253418,0.046116024255752563,-0.05331897735595703
1397,511000000,imu1_frame,-0.00978110773033552,-0.03518026370268285,-0.05805592626991825,0.9976453219467923,-0.005859375,-0.0078125,-0.0078125,-0.0057486891746521,0.03753788769245148,-0.054024696350097656
1397,536000000,imu1_frame,-0.007326193910950231,-0.03512253149037952,-0.0581719104908357,0.9976616478016646,-0.00390625,0.005859375,-0.001953125,-0.001864790916442871,-0.01034749299287796,-0.054924964904785156
1397,561000000,imu1_frame,-0.009722877467684266,-0.035882009256974406,-0.05811917249895825,0.9976172155959756,-0.00390625,0.005859375,-0.001953125,-0.019359171390533447,0.035556137561798096,-0.09213542938232422
1397,586000000,imu1_frame,-0.007388700841406618,-0.035298143980540535,-0.0582495116523428,0.997650461095302,-0.00390625,-0.01171875,-0.00390625,-0.00536423921585083,-0.009383343160152435,-0.09372806549072266
1397,611000000,imu1_frame,-0.009940626053189773,-0.035609398375682506,-0.05821046154741625,0.9976195150794863,-0.00390625,-0.01171875,-0.00390625,-0.014310061931610107,0.04004901647567749,-0.09243202209472656
1397,636000000,imu1_frame,-0.007545549242126537,-0.03525327342818866,-0.05834395705021963,0.9976453548606108,-0.00390625,-0.01171875,-0.00390625,-0.004678130149841309,-0.00633934885263443,-0.05468177795410156
1397,661000000,imu1_frame,-0.01015706327219218,-0.034942148660114095,-0.05842829395335222,0.9976281946589121,-0.01171875,-0.009765625,-0.013671875,-0.00159376859664917,0.04488188028335571,-0.05420494079589844
1397,686000000,imu1_frame,-0.007746483793172825,-0.035310825961958246,-0.05861758857971215,0.9976257393771604,-0.005859375,-0.0078125,-0.0078125,-0.006057322025299072,-0.002678416669368744,-0.05454254150390625
1397,711000000,imu1_frame,-0.010308903518360493,-0.035129834141279785,-0.05862623199786231,0.9976084332959441,-0.005859375,-0.0078125,-0.0078125,-0.005453526973724365,0.008426114916801453,-0.053887367248535156
1397,736000000,imu1_frame,-0.007948066313336923,-0.035787069100307246,-0.05881665064726918,0.9975954668770931,-0.005859375,-0.0078125,-0.0078125,-0.015585184097290039,-0.038499534130096436,-0.0928802490234375
1397,761000000,imu1_frame,-0.010437806039869964,-0.03531276706813621,-0.05877490549870726,0.9975918860790136,-0.005859375,-0.017578125,-0.00390625,-0.009187579154968262,0.010624155402183533,-0.09264564514160156
1397,786000000,imu1_frame,-0.008050563639463212,-0.03487849755431268,-0.05890730300122033,0.9976214755540115,-0.00390625,-0.0078125,-0.00390625,0.001981973648071289,-0.035513900220394135,-0.09410381317138672
1397,811000000,imu1_frame,-0.009869023643018449,-0.03673871350271291,-0.05890493284527997,0.997538509627068,-0.00390625,-0.0078125,-0.00390625,-0.001170039176940918,-0.002209201455116272,-0.04789447784423828
1397,836000000,imu1_frame,-0.01196420698119915,-0.03816602785418219,-0.058916374589307666,0.9974613139738288,-0.005859375,0.001953125,-0.005859375,-0.03135883808135986,0.03697480261325836,-0.044910430908203125
1397,861000000,imu1_frame,-0.0099978769091885,-0.03669717907231437,-0.05905741038988804,0.9975297397990115,-0.005859375,0.001953125,-0.005859375,-0.03568953275680542,0.03930279612541199,-0.09087181091308594
1397,886000000,imu1_frame,-0.007955325776175307,-0.03535285493786962,-0.05909954238408183,0.9975941722612102,-0.001953125,-0.00390625,0.001953125,-0.007169902324676514,0.0010081157088279724,-0.09348297119140625
1397,911000000,imu1_frame,-0.008160445370402914,-0.032870582276472195,-0.05904820866582955,0.9976804303009652,0.005859375,0.001953125,0.001953125,0.04095005989074707,0.007922455668449402,-0.09672832489013672
1397,936000000,imu1_frame,-0.009653120902232226,-0.0347943096023322,-0.05898135612917647,0.9976058204046863,0.005859375,0.001953125,0.001953125,0.0017761588096618652,-0.004219546914100647,-0.05460166931152344
1397,961000000,imu1_frame,-0.011520480136378734,-0.03654258804724499,-0.05903262386156718,0.9975204594975761,-0.0078125,0.0,-0.0078125,-0.03441929817199707,0.03012312948703766,-0.0513916015625
1397,986000000,imu1_frame,-0.009717165821248284,-0.03484040968678621,-0.059061078207557585,0.9975988730858812,-0.001953125,0.0,0.001953125,0.0007916688919067383,-0.003079161047935486,-0.05451393127441406
1398,11000000,imu1_frame,-0.007330673619398647,-0.03550648281351824,-0.059127815948154396,0.9975918264920279,-0.001953125,0.0,0.001953125,-0.009445905685424805,-0.01137019693851471,-0.09345626831054688
1398,36000000,imu1_frame,-0.009839838741065605,-0.03522334196115807,-0.0590134915783613,0.997587039594224,-0.001953125,0.0,0.001953125,-0.006799221038818359,-0.001098722219467163,-0.09300613403320312
1398,61000000,imu1_frame,-0.012351999618211004,-0.03496777077849755,-0.058898135355347,0.9975749058410989,-0.001953125,-0.00390625,0.001953125,-0.004677414894104004,0.04825910925865173,-0.09226703643798828
1398,86000000,imu1_frame,-0.009891236327991385,-0.035266012730284256,-0.05903814870713802,0.9975835648141187,-0.001953125,-0.00390625,-0.00390625,-0.007693350315093994,-0.00016328692436218262,-0.0929269790649414
1398,111000000,imu1_frame,-0.010405109453694496,-0.0328696783442067,-0.05905052522135915,0.9976594375907475,-0.001953125,-0.00390625,-0.00390625,0.03839033842086792,0.012630194425582886,-0.05685138702392578
1398,136000000,imu1_frame,-0.009801566938241461,-0.0351926987959089,-0.05903869256405106,0.9975870067404362,0.005859375,0.009765625,0.00390625,-0.006161749362945557,-0.0018271803855895996,-0.053999900817871094
1398,161000000,imu1_frame,-0.012214388290958788,-0.03528899028338858,-0.05890105497264479,0.9975651164743915,0.005859375,0.009765625,0.00390625,-0.01077646017074585,0.04520152509212494,-0.09189128875732422
1398,186000000,imu1_frame,-0.009606179399458856,-0.0349598577482814,-0.05891629835502704,0.9976043301087395,0.0078125,0.01953125,0.005859375,-0.0013856887817382812,-0.005281433463096619,-0.09345531463623047
1398,211000000,imu1_frame,-0.01160948626770539,-0.03628376030930271,-0.05880437653375265,0.997542356928714,0.00390625,0.0078125,0.00390625,-0.029439032077789307,0.03232415020465851,-0.09078121185302734
1398,236000000,imu1_frame,-0.009531243533073552,-0.03472710914940003,-0.05881580226491679,0.9976191080220813,0.00390625,0.0078125,0.00390625,0.003247678279876709,-0.006403610110282898,-0.05473899841308594
1398,261000000,imu1_frame,-0.011300331685417836,-0.03608179648959343,-0.05873660233216979,0.9975572254323838,0.0078125,0.0234375,0.001953125,-0.025141239166259766,0.02657918632030487,-0.052143096923828125
1398,286000000,imu1_frame,-0.009237530400189117,-0.03453278035848004,-0.05874704901420283,0.997632667540985,0.00390625,0.005859375,0.00390625,0.007378220558166504,-0.011858955025672913,-0.05510902404785156
1398,311000000,imu1_frame,-0.010205851470356929,-0.0321837086352677,-0.05864500663007269,0.9977077792077216,0.00390625,0.005859375,0.00390625,0.012985706329345703,0.009800925850868225,-0.09296131134033203
1398,336000000,imu1_frame,-0.007894271042829214,-0.03318067178636489,-0.058678158174050345,0.9976941401340438,0.00390625,0.005859375,0.00390625,-0.0038031339645385742,0.0026155412197113037,-0.09250545501708984
1398,361000000,imu1_frame,-0.006681963209165624,-0.03534089365531757,-0.05873183131444652,0.9976256535363185,0.0,0.001953125,0.0,-0.044500768184661865,-0.023550815880298615,-0.08995723724365234
1398,386000000,imu1_frame,-0.007851533535749047,-0.03309386802017311,-0.058676759325592166,0.9976974427328392,0.00390625,0.005859375,0.0,-0.002063751220703125,0.0018831416964530945,-0.09263038635253906
1398,411000000,imu1_frame,-0.0063255850739682255,-0.035040464572015595,-0.058736803329167774,0.9976382815182666,0.00390625,0.005859375,0.0,-0.038242340087890625,-0.030157364904880524,-0.05139923095703125
1398,436000000,imu1_frame,-0.007819954313226341,-0.03310504591958851,-0.05872052713556422,0.9976947448704552,0.00390625,-0.001953125,-0.00390625,-0.0022502541542053223,0.0012257024645805359,-0.05356311798095703
1398,461000000,imu1_frame,-0.007827385260644524,-0.03562603871316122,-0.058779975956357956,0.9976043463378453,0.00390625,-0.001953125,-0.00390625,-0.051368653774261475,-0.00157841295003891,-0.08923721313476562
1398,486000000,imu1_frame,-0.007705905723148344,-0.03313851341336903,-0.05871250197482731,0.9976949935013174,0.009765625,0.0,0.00390625,-0.002771317958831787,-0.001031622290611267,-0.09261703491210938
1398,511000000,imu1_frame,-0.008773256888762822,-0.03484073199783171,-0.05849739189574292,0.9976408213875446,0.02734375,0.029296875,0.013671875,-0.03711819648742676,0.017967402935028076,-0.0900115966796875
1398,536000000,imu1_frame,-0.007094455175793861,-0.03237544022287672,-0.05835036665841282,0.9977458264943846,0.02734375,0.029296875,0.013671875,0.012830197811126709,-0.011844247579574585,-0.09377193450927734
1398,561000000,imu1_frame,-0.00837357683378007,-0.034393974514831935,-0.05818094097179864,0.997678262685781,0.01953125,-0.001953125,0.009765625,-0.02792203426361084,0.010902926325798035,-0.09074974060058594
1398,586000000,imu1_frame,-0.007175232579138871,-0.03233480735509822,-0.058228509151957195,0.9977536855319976,0.00390625,-0.01171875,-0.001953125,0.013542354106903076,-0.010144323110580444,-0.09380054473876953
1398,611000000,imu1_frame,-0.008489389011092124,-0.034579172415732794,-0.05821677066465857,0.9976687920961747,0.00390625,-0.01171875,-0.001953125,-0.031665146350860596,0.01292508840560913,-0.09046268463134766
1398,636000000,imu1_frame,-0.0073179232675049145,-0.032506832954891894,-0.05826327942774496,0.9977450295945444,0.00390625,-0.01171875,-0.001953125,0.010025441646575928,-0.007580526173114777,-0.05447959899902344
1398,661000000,imu1_frame,-0.008656294732440901,-0.03464285184697537,-0.058249359499045354,0.9976632465393144,0.005859375,-0.005859375,-0.001953125,-0.033098697662353516,0.016084536910057068,-0.05125713348388672
1398,686000000,imu1_frame,-0.007396954861215739,-0.03252629000783603,-0.05832942113567039,0.9977399481563743,-0.001953125,-0.001953125,-0.00390625,0.00954967737197876,-0.006104111671447754,-0.05443096160888672
1398,711000000,imu1_frame,-0.00531493602471451,-0.03389399143383052,-0.05845528582556188,0.9977003199151478,-0.001953125,-0.001953125,-0.00390625,-0.014736771583557129,-0.013200491666793823,-0.09223556518554688
1398,736000000,imu1_frame,-0.00741725021019939,-0.03251622144519576,-0.05845468807148505,0.9977327944819252,-0.00390625,-0.00390625,-0.005859375,0.009709537029266357,0.029378734529018402,-0.09350109100341797
1398,761000000,imu1_frame,-0.008585156366571943,-0.034795184078216336,-0.05850425750999672,0.9976436448493663,-0.00390625,-0.00390625,-0.005859375,-0.03601783514022827,0.014347091317176819,-0.09013748168945312
1398,786000000,imu1_frame,-0.007464435937112514,-0.032602772554857995,-0.05857932207949448,0.9977223082815099,-0.001953125,-0.001953125,-0.00390625,0.007955849170684814,-0.005037061870098114,-0.09337711334228516
1398,811000000,imu1_frame,-0.008574568283679944,-0.03485721702935508,-0.05887097936752277,0.9976199972875571,0.0,-0.001953125,-0.025390625,-0.03726071119308472,0.01381586492061615,-0.0900564193725586
1398,836000000,imu1_frame,-0.007484535219281674,-0.03263498823041241,-0.05921078940851078,0.9976838285215278,0.0,-0.001953125,-0.025390625,0.007236838340759277,-0.005090445280075073,-0.09333038330078125
1398,861000000,imu1_frame,-0.008604942724302378,-0.03481524108382817,-0.05918272555773781,0.9976027560830732,0.00390625,0.001953125,0.0,-0.0365179181098938,0.014241456985473633,-0.0901031494140625
1398,886000000,imu1_frame,-0.007501142607212092,-0.032588426731877944,-0.05925732116152568,0.9976824631071186,-0.001953125,0.0,-0.00390625,0.008119583129882812,-0.0047425031661987305,-0.0933847427368164
1398,911000000,imu1_frame,-0.007939837897136386,-0.03504860819049889,-0.05930659627866665,0.9975927433957785,-0.001953125,0.0,-0.00390625,-0.0012490153312683105,0.0009152889251708984,-0.09390640258789062
1398,936000000,imu1_frame,-0.008193336955262228,-0.037532755389335155,-0.05936231534939832,0.9974970060199582,-0.001953125,0.0,-0.00390625,-0.04992246627807617,0.002922527492046356,-0.090301513671875
1398,961000000,imu1_frame,-0.007938738370598586,-0.035026386165415126,-0.059332842949612656,0.9975919719267948,0.0,0.001953125,0.001953125,-0.0008193850517272949,0.0009017586708068848,-0.09393692016601562
1398,986000000,imu1_frame,-0.008194093540436447,-0.0375320207223485,-0.05936401679900287,0.9974969261912717,-0.001953125,-0.001953125,-0.001953125,-0.04990941286087036,0.0029368847608566284,-0.0903024673461914
1399,11000000,imu1_frame,-0.008014001196190994,-0.03506789863605607,-0.05938188462701065,0.9975869937244686,-0.001953125,-0.001953125,-0.001953125,-0.040782928466796875,0.002286866307258606,-0.0899496078491211
1399,36000000,imu1_frame,-0.007807561311211544,-0.032654093138787345,-0.059351286640117254,0.9976723795724817,-0.001953125,-0.005859375,0.001953125,0.006476283073425293,0.0010956376791000366,-0.09320926666259766
1399,61000000,imu1_frame,-0.007986151982786138,-0.035215758335542184,-0.05933661849713892,0.9975847018908649,-0.001953125,-0.005859375,0.001953125,-0.004561185836791992,0.0016027092933654785,-0.09366226196289062
1399,86000000,imu1_frame,-0.007653522135722092,-0.03779225704175037,-0.05939327117139524,0.997489653202563,-0.0078125,-0.009765625,-0.001953125,-0.0543554425239563,-0.007927946746349335,-0.0900869369506836
1399,111000000,imu1_frame,-0.008005280826999592,-0.03551331178982367,-0.05934280816449604,0.9975736320110669,-0.001953125,-0.015625,0.001953125,-0.01038050651550293,0.0016248524188995361,-0.09324455261230469
1399,136000000,imu1_frame,-0.007542770999770229,-0.033266392854200896,-0.05932118282767208,0.9976559782710878,-0.001953125,-0.015625,0.001953125,0.03392016887664795,-0.004761405289173126,-0.0964059829711914
1399,161000000,imu1_frame,-0.0080674058933662,-0.03568617469270879,-0.05934301810669005,0.9975669501842682,-0.001953125,0.001953125,-0.001953125,-0.013817250728607178,0.0026343166828155518,-0.09298419952392578
1399,186000000,imu1_frame,-0.00783936086897347,-0.033180653655271966,-0.059362566168969844,0.997654085533663,-0.001953125,0.001953125,-0.001953125,-0.0038193464279174805,0.0010947957634925842,-0.053460121154785156
1399,211000000,imu1_frame,-0.00801073061449124,-0.035647259170672595,-0.059397321068582205,0.9975655664458937,-0.001953125,0.001953125,-0.001953125,-0.013000130653381348,0.0015362203121185303,-0.09305667877197266
1399,236000000,imu1_frame,-0.007640533608109166,-0.033159858173715744,-0.059422232070296885,0.9976527674435962,-0.001953125,0.001953125,-0.001953125,0.035871148109436035,-0.002797335386276245,-0.057453155517578125
1399,261000000,imu1_frame,-0.008053889120383191,-0.03569987484710095,-0.05949794632424873,0.99755734080259,-0.00390625,-0.005859375,-0.005859375,-0.014086544513702393,0.0022452324628829956,-0.05390739440917969
1399,286000000,imu1_frame,-0.00756945537015247,-0.033332801605030285,-0.059576906548022626,0.9976383211809413,-0.00390625,-0.005859375,-0.005859375,0.03256767988204956,-0.004487238824367523,-0.05724906921386719
1399,311000000,imu1_frame,-0.008113737398449901,-0.035846916295950285,-0.059647795539428734,0.9975426338481914,-0.00390625,-0.005859375,-0.005859375,-0.017036795616149902,0.0031338855624198914,-0.05368232727050781
1399,336000000,imu1_frame,-0.007527919642762491,-0.03345104334812594,-0.0596803889951959,0.9976284926234595,-0.001953125,-0.001953125,-0.001953125,0.03030151128768921,-0.0055040717124938965,-0.057106971740722656
1399,361000000,imu1_frame,-0.008142359906990334,-0.03592463077343512,-0.059674155344224246,0.9975380283793147,-0.001953125,-0.00390625,0.0,-0.018586337566375732,0.0035821348428726196,-0.05356407165527344
1399,386000000,imu1_frame,-0.007461634866103702,-0.03354204827191544,-0.05965630600158216,0.9976273754048127,0.00390625,-0.001953125,0.001953125,0.028608381748199463,-0.00688721239566803,-0.0570068359375
1399,411000000,imu1_frame,-0.00810960723351814,-0.035965762762667816,-0.05961943299002453,0.9975400851040351,0.00390625,-0.001953125,0.001953125,-0.01934283971786499,0.002934291958808899,-0.09257984161376953
1399,436000000,imu1_frame,-0.007529401625445837,-0.033480080579735935,-0.05959649844543567,0.9976325223691238,0.005859375,0.00390625,0.001953125,0.029743194580078125,-0.005453541874885559,-0.0961313247680664
1399,461000000,imu1_frame,-0.008115746600595155,-0.03590226612394779,-0.05958981921774927,0.9975440919527697,0.0,0.0,0.0,-0.01811009645462036,0.0031494274735450745,-0.0926666259765625
1399,486000000,imu1_frame,-0.007529298572089607,-0.033479684688600034,-0.0595964997650318,0.9976325363539027,0.0,0.0,0.0,0.0297510027885437,-0.0054550692439079285,-0.0961313247680664
1399,511000000,imu1_frame,-0.008115652014882572,-0.0359018716907835,-0.05958982030233318,0.9975441068533297,0.0,0.0,0.0,-0.01810222864151001,0.003148026764392853,-0.0926675796508789
1399,536000000,imu1_frame,-0.00752919668977134,-0.03347927134151497,-0.059596500934194385,0.9976325509244618,0.0,0.0,0.0,0.02975916862487793,-0.005456589162349701,-0.09613227844238281
1399,561000000,imu1_frame,-0.008117188234106317,-0.03590109335184178,-0.059541117198445466,0.9975470305274211,0.0,0.0,0.00390625,-0.01808321475982666,0.003213532269001007,-0.09266853332519531
1399,586000000,imu1_frame,-0.00746539991526235,-0.033411335057931,-0.05949843022065655,0.9976411615881884,0.00390625,0.005859375,0.00390625,0.03116697072982788,-0.0065562427043914795,-0.09624004364013672
1399,611000000,imu1_frame,-0.008060138484246065,-0.03575181293168272,-0.059439795280014175,0.9975588968962098,0.00390625,0.005859375,0.00390625,-0.0150984525680542,0.0023475587368011475,-0.0538330078125
1399,636000000,imu1_frame,-0.007540640544212983,-0.03331309659641101,-0.05937098751009622,0.997651473299878,0.0,0.0,0.005859375,0.03300744295120239,-0.004890210926532745,-0.05728340148925781
1399,661000000,imu1_frame,-0.007961588502194972,-0.03575666153406431,-0.05926630857576639,0.9975698366191023,0.0078125,0.0,0.0078125,-0.015059053897857666,0.0005432143807411194,-0.053856849670410156
1399,686000000,imu1_frame,-0.007786524061611744,-0.033268302575202705,-0.059205770549758584,0.9976608977104456,0.00390625,0.0,0.00390625,0.033614516258239746,6.571412086486816e-05,-0.05726814270019531
1399,711000000,imu1_frame,-0.007951713474330966,-0.035757990064168924,-0.059162543493280345,0.9975760271010919,0.00390625,0.0,0.00390625,-0.015061616897583008,0.00042259693145751953,-0.09292125701904297
1399,736000000,imu1_frame,-0.007803727705633525,-0.033268370227929236,-0.059101033614644374,0.9976669710890275,0.00390625,0.0,0.00390625,0.033605337142944336,0.0004701539874076843,-0.057262420654296875
1399,761000000,imu1_frame,-0.007961564291567788,-0.03575615234476802,-0.059158674881213666,0.9975762438279231,0.0,0.0,-0.00390625,-0.015036702156066895,0.000619545578956604,-0.053856849670410156
1399,786000000,imu1_frame,-0.007952090865373152,-0.03326211873091027,-0.05919293436126598,0.9976605596244158,0.0,0.0,-0.00390625,0.033545732498168945,0.0033099353313446045,-0.09628772735595703
1399,811000000,imu1_frame,-0.007921946831040893,-0.035755035480278106,-0.05925730094095723,0.997570745602237,0.0,0.0,-0.00390625,-0.014980733394622803,-0.00022145360708236694,-0.05387115478515625
1399,836000000,imu1_frame,-0.008161824350260376,-0.033272181115738104,-0.059282708757614655,0.9976531997790801,0.0,0.0,-0.00390625,0.03309732675552368,0.007328853011131287,-0.09620857238769531
1399,861000000,imu1_frame,-0.00792326466507028,-0.035757694823167485,-0.05933024542048796,0.9975663041203452,0.0,0.0,-0.001953125,-0.015042245388031006,-0.0002505183219909668,-0.09292984008789062
1399,886000000,imu1_frame,-0.008169454995749914,-0.033274794063781345,-0.059331100571410486,0.9976501734526337,0.0,0.0,-0.001953125,0.03303176164627075,0.007442668080329895,-0.09620285034179688
1399,911000000,imu1_frame,-0.007865064377826553,-0.035749508647004435,-0.059380805979609416,0.9975640497106151,0.0,0.0,-0.001953125,-0.014821290969848633,-0.0014115795493125916,-0.05389595031738281
1399,936000000,imu1_frame,-0.008053585185053254,-0.03325674646273216,-0.059326654601978356,0.9976519817221425,0.009765625,0.001953125,0.001953125,0.03351759910583496,0.005207180976867676,-0.05720043182373047
1399,961000000,imu1_frame,-0.00777510397549272,-0.03567889089620939,-0.05931891765731345,0.9975709651501248,0.009765625,0.005859375,0.001953125,-0.013335347175598145,-0.0030395761132240295,-0.054022789001464844
1399,986000000,imu1_frame,-0.00841307769232898,-0.033235104200929025,-0.059249600436948886,0.9976543152919043,0.009765625,0.005859375,0.001953125,0.03353393077850342,0.012293264269828796,-0.057112693786621094
1400,11000000,imu1_frame,-0.007763891661233726,-0.035611164540884956,-0.05925498659401754,0.9975772719494251,0.009765625,0.005859375,0.001953125,-0.011996448040008545,-0.0031342357397079468,-0.09318256378173828
1400,36000000,imu1_frame,-0.009069085007977718,-0.03344986751221751,-0.059163844057532576,0.9976464792785414,0.009765625,0.009765625,0.001953125,0.02860647439956665,0.02489219605922699,-0.0956716537475586
1400,61000000,imu1_frame,-0.007762905104002148,-0.035384649216251535,-0.05919884273605097,0.9975886732130138,0.001953125,0.017578125,0.001953125,-0.007577657699584961,-0.0028505250811576843,-0.09349822998046875
1400,86000000,imu1_frame,-0.00781888659217624,-0.032671734473405385,-0.059157681639130495,0.9976832119876736,0.001953125,0.017578125,0.001953125,0.006141781806945801,0.001421324908733368,-0.09318351745605469
1400,111000000,imu1_frame,-0.007862296585839739,-0.03494590816884379,-0.059146088609595436,0.9976064895522867,0.001953125,0.017578125,0.001953125,-0.03820359706878662,-0.00036594271659851074,-0.0901641845703125
1400,136000000,imu1_frame,-0.007789536671059419,-0.032234938663329646,-0.05910924826912057,0.9977005205054676,0.001953125,0.017578125,0.001953125,0.014690399169921875,0.0013872161507606506,-0.09374618530273438
1400,161000000,imu1_frame,-0.007950221666266176,-0.03475150592923313,-0.059170140895273116,0.9976111573341294,-0.00390625,-0.001953125,-0.00390625,-0.03452134132385254,0.001557774841785431,-0.09040164947509766
1400,186000000,imu1_frame,-0.008044666944814422,-0.03726738560730252,-0.05923321120413837,0.9975158404728165,-0.00390625,-0.001953125,-0.00390625,-0.044569313526153564,0.0004286840558052063,-0.09073734283447266
1400,211000000,imu1_frame,-0.007987837217211377,-0.03479986639131167,-0.059272833068338714,0.9976030748828869,-0.00390625,-0.001953125,-0.00390625,0.003542780876159668,0.0021644756197929382,-0.09423065185546875
1400,236000000,imu1_frame,-0.005621251084385817,-0.03546162002490091,-0.0594117460243014,0.997587650021691,-0.00390625,-0.001953125,-0.00390625,-0.006623506546020508,-0.009693264961242676,-0.05488872528076172
1400,261000000,imu1_frame,-0.007845779738795152,-0.0346317321385108,-0.05934334414720663,0.9976058612371937,0.01171875,0.00390625,-0.001953125,0.006973862648010254,0.034697964787483215,-0.05543994903564453
1400,286000000,imu1_frame,-0.0056225091144719574,-0.03319630129861969,-0.05942742830247904,0.9976646599618042,0.01171875,0.00390625,-0.001953125,-0.0015659332275390625,-0.007039599120616913,-0.09308528900146484
1400,311000000,imu1_frame,-0.0073195256852986125,-0.03483339127683545,-0.05939128165044802,0.9975999874999067,0.01171875,0.00390625,-0.001953125,0.003649592399597168,-0.010987944900989532,-0.09438514709472656
1400,336000000,imu1_frame,-0.009254363913229766,-0.03624655527068209,-0.059279298935110365,0.9975402291122563,0.00390625,0.0078125,0.00390625,-0.026090919971466064,0.025169789791107178,-0.09179496765136719
1400,361000000,imu1_frame,-0.007099322937870419,-0.03470543152868998,-0.059291155500444934,0.9976119944726273,0.009765625,0.0078125,0.00390625,0.006405234336853027,-0.015063650906085968,-0.09462165832519531
1400,386000000,imu1_frame,-0.005384124143351692,-0.03269112100598523,-0.05928477110234981,0.9976911434556905,0.009765625,0.0078125,0.00390625,0.008560597896575928,-0.011007674038410187,-0.09378719329833984
1400,411000000,imu1_frame,-0.0071416663316811214,-0.03454548574848043,-0.05931240990379357,0.9976159802488195,-0.0078125,0.0,-0.005859375,-0.029591858386993408,0.021089740097522736,-0.09091949462890625
1400,436000000,imu1_frame,-0.005491348121165939,-0.0327582503568515,-0.05944059112964677,0.9976790858064171,-0.0078125,0.0,-0.005859375,0.007118284702301025,-0.009095460176467896,-0.09367847442626953
1400,461000000,imu1_frame,-0.0070405761527853284,-0.03470519785261575,-0.05936837701365058,0.9976078264228948,0.00390625,-0.001953125,0.001953125,-0.03259134292602539,0.018894165754318237,-0.09073162078857422
1400,486000000,imu1_frame,-0.005531446878285702,-0.03270812220750992,-0.059383222891006344,0.9976839252369301,0.00390625,-0.001953125,0.001953125,0.008052468299865723,-0.00821802020072937,-0.054671287536621094
1400,511000000,imu1_frame,-0.006933182357872642,-0.03476925249630516,-0.05931644811589089,0.9976094371276544,0.00390625,-0.001953125,0.001953125,-0.03370976448059082,0.016761116683483124,-0.09067440032958984
1400,536000000,imu1_frame,-0.00820481997379109,-0.032674177027110896,-0.05923341034214485,0.9976755395337895,0.00390625,-0.001953125,0.001953125,0.005640506744384766,0.008895352482795715,-0.09305953979492188
1400,561000000,imu1_frame,-0.006857571482168748,-0.03474667428796658,-0.059236933301729564,0.9976154710469858,0.0078125,0.0078125,0.00390625,-0.03317540884017944,-0.019788578152656555,-0.09072399139404297
1400,586000000,imu1_frame,-0.00544051620157407,-0.0325368357668027,-0.05922133629282753,0.99769964840599,0.0078125,0.0078125,0.00390625,0.011505365371704102,-0.009687855839729309,-0.09397125244140625
1400,611000000,imu1_frame,-0.0032889903376639136,-0.033877086138806314,-0.059242084916458264,0.9976632202061244,0.0078125,0.0078125,0.00390625,-0.012117862701416016,-0.014152487739920616,-0.09259891510009766
1400,636000000,imu1_frame,-0.00510754824477454,-0.03305202274699888,-0.05951357338911026,0.9976670844152964,0.03515625,-0.017578125,-0.029296875,0.0018360018730163574,0.022092532366514206,-0.09338092803955078
1400,661000000,imu1_frame,-0.0025643173326278714,-0.03442280021807341,-0.059898630054397724,0.9976074624918212,0.021484375,-0.02734375,-0.025390625,-0.021916508674621582,-0.02936118096113205,-0.09195327758789062
1400,686000000,imu1_frame,-0.004299075428377697,-0.03628555421844425,-0.06013681676076604,0.997521147532925,0.021484375,-0.02734375,-0.025390625,0.013988196849822998,-0.036952435970306396,-0.08914661407470703
1400,711000000,imu1_frame,-0.0069511048847052176,-0.03867382342524501,-0.060915032149296354,0.9973692277089788,-0.02734375,-0.107421875,-0.068359375,-0.03568840026855469,0.01134229451417923,-0.08506298065185547
1400,736000000,imu1_frame,-0.0053492872417375175,-0.04150704887369094,-0.06185542996604834,0.9972073283944107,-0.02734375,-0.107421875,-0.068359375,-0.04992145299911499,-0.02403976023197174,-0.045851707458496094
1400,761000000,imu1_frame,-0.006109749768044666,-0.03974378266222513,-0.06308383996225668,0.9971978398658343,0.01953125,-0.0390625,-0.103515625,-0.01661062240600586,-0.008039802312850952,-0.04848194122314453
1400,786000000,imu1_frame,-0.007287827993823092,-0.04228992252273966,-0.06431045019743556,0.9970068284678678,0.01953125,-0.0390625,-0.103515625,0.010415911674499512,-0.024413511157035828,-0.12221527099609375
1400,811000000,imu1_frame,-0.009168392763036323,-0.04406934236783071,-0.06550026217512625,0.996836771639369,0.01953125,-0.0390625,-0.103515625,-0.02669346332550049,0.008943848311901093,-0.0756387710571289
1400,836000000,imu1_frame,-0.008404349327344438,-0.04214594630751978,-0.06678180546390469,0.9968416507054714,0.01953125,-0.0390625,-0.103515625,-0.02751600742340088,-0.0045359134674072266,-0.04398536682128906
1400,861000000,imu1_frame,-0.009344901845444339,-0.039500562817705476,-0.07221630643869155,0.9965626841453259,-0.06640625,0.013671875,-0.435546875,0.022025465965270996,0.012997344136238098,-0.047882080078125
1400,886000000,imu1_frame,-0.008696792318200263,-0.041481756110805214,-0.07773817449731582,0.9960724903033729,-0.06640625,0.013671875,-0.435546875,0.13615089654922485,0.10629576444625854,-0.12309837341308594
1400,911000000,imu1_frame,-0.010092422411217633,-0.04364786674354138,-0.0831732129176809,0.9955276105621391,-0.06640625,0.013671875,-0.435546875,0.13031059503555298,-0.02691073715686798,-0.07601356506347656
1400,936000000,imu1_frame,-0.010735912650560588,-0.046638957906892535,-0.08441264154453434,0.9952808918754507,0.00390625,-0.046875,-0.1015625,0.07102352380752563,-0.020433232188224792,-0.07047271728515625
1400,961000000,imu1_frame,-0.011325011507281917,-0.04483387498324332,-0.08562067550240963,0.9952541221692367,0.00390625,-0.046875,-0.1015625,-0.23882687091827393,-0.08518321812152863,0.004679679870605469
1400,986000000,imu1_frame,-0.008967218238725554,-0.0464013982257249,-0.08698727215100724,0.995087791967866,0.00390625,-0.046875,-0.1015625,0.15641146898269653,0.5173987746238708,0.0026330947875976562
1401,11000000,imu1_frame,-0.00597000363392938,-0.04732677100960605,-0.08996682067107317,0.9948017425501194,0.04296875,0.005859375,-0.232421875,0.14342528581619263,0.4547363184392452,0.0034542083740234375
1401,36000000,imu1_frame,-0.007783059430169338,-0.047479388016128735,-0.09271273702316536,0.9945297783843348,0.04296875,0.005859375,-0.232421875,0.019916296005249023,-0.2042722851037979,-0.11296367645263672
1401,61000000,imu1_frame,-0.009926913058717983,-0.04845669433392536,-0.09232313362578856,0.9944997959622054,0.03515625,-0.064453125,0.01953125,-0.002864062786102295,-0.16400324553251266,-0.11038875579833984
1401,86000000,imu1_frame,-0.0070952244762929875,-0.04899006276678985,-0.09217110580413941,0.9945120003270848,0.03515625,-0.064453125,0.01953125,-0.08233225345611572,0.28013452515006065,-0.032189369201660156
1401,111000000,imu1_frame,-0.004317849919682165,-0.04923500482181327,-0.09201926359309018,0.9945299018129382,0.03515625,-0.064453125,0.01953125,-0.04693835973739624,0.07350524934008718,-0.028432846069335938
1401,136000000,imu1_frame,-0.006343309751463276,-0.05084647250958919,-0.09163328170530399,0.9944735996187354,0.03515625,-0.064453125,0.01953125,0.03538346290588379,-0.15917250514030457,-0.1420459747314453
1401,161000000,imu1_frame,-0.009410448371984768,-0.051822671364550495,-0.09119372269449694,0.9944393189809014,-0.044921875,-0.041015625,0.02734375,0.011028885841369629,-0.1008596271276474,-0.1391429901123047
1401,186000000,imu1_frame,-0.00935057758469859,-0.04988874799242609,-0.09090262240689007,0.9945654291006354,-0.044921875,-0.041015625,0.02734375,-0.0294685959815979,0.015012338757514954,-0.025821685791015625
1401,211000000,imu1_frame,-0.011015796652655108,-0.052601096656473265,-0.09054350810297832,0.9944413758462838,-0.044921875,-0.041015625,0.02734375,0.10645604133605957,-0.03131034970283508,-0.06269359588623047
1401,236000000,imu1_frame,-0.012267276406370094,-0.05521704743581946,-0.08891677447695491,0.9944316964068747,-0.01953125,-0.02734375,0.12890625,0.05379152297973633,-0.009859949350357056,-0.056611061096191406
1401,261000000,imu1_frame,-0.012656972340258772,-0.057700130329006415,-0.0880052399722546,0.99436692108528,0.025390625,-0.005859375,0.0703125,0.005146145820617676,-0.005588620901107788,-0.050940513610839844
1401,286000000,imu1_frame,-0.012774119069428077,-0.055336576170448015,-0.08707098289577167,0.9945819871470107,0.025390625,-0.005859375,0.0703125,-0.14052414894104004,-0.03724345564842224,-0.017042160034179688
1401,311000000,imu1_frame,-0.013648402065279253,-0.052781947291370285,-0.08749010790378603,0.9946724426564654,-0.037109375,0.005859375,-0.03515625,-0.09255170822143555,-0.01630668342113495,-0.021989822387695312
1401,336000000,imu1_frame,-0.012033544272067842,-0.051253329336129104,-0.08805002621520838,0.9947238224390303,-0.037109375,0.005859375,-0.03515625,-0.02118968963623047,0.03248588740825653,-0.022002220153808594
1401,361000000,imu1_frame,-0.010224331952043603,-0.04988564932136905,-0.08852778305420146,0.9947711880907226,-0.0390625,0.021484375,-0.02734375,0.008376002311706543,-0.0007949769496917725,-0.025493621826171875
1401,386000000,imu1_frame,-0.012846559364867338,-0.050788985882245716,-0.08879116264304193,0.9946715911606379,-0.0390625,0.021484375,-0.02734375,0.025370001792907715,-0.029780790209770203,-0.06550216674804688
1401,411000000,imu1_frame,-0.010795421632048288,-0.05055483204891635,-0.08928908184121771,0.9946633237896351,-0.0390625,0.021484375,-0.02734375,-0.005677938461303711,0.008376702666282654,-0.10597610473632812
1401,436000000,imu1_frame,-0.013733576837834952,-0.050064534708449245,-0.08952693680541951,0.994630513717483,-0.0390625,0.021484375,-0.02734375,-0.001304328441619873,-0.012008145451545715,-0.06646919250488281
1401,461000000,imu1_frame,-0.015814670676053143,-0.05201022987137824,-0.08971579710572916,0.9944827338520351,0.03125,-0.09375,-0.02734375,-0.04268240928649902,0.024810105562210083,-0.061385154724121094
1401,486000000,imu1_frame,-0.01305124176647625,-0.05279654697820033,-0.09014309759086442,0.9944427644023841,0.03125,-0.09375,-0.02734375,-0.05319106578826904,0.08254234492778778,-0.057427406311035156
1401,511000000,imu1_frame,-0.013967907359365395,-0.051828988645293214,-0.09036358912511498,0.9944611984690169,0.03125,-0.09375,-0.02734375,-0.03607761859893799,-0.011433601379394531,-0.06282806396484375
1401,536000000,imu1_frame,-0.014843487960635737,-0.05013200586709781,-0.09457886720874518,0.9941434960459251,-0.021484375,-0.05078125,-0.34375,-0.005548596382141113,0.004361271858215332,-0.06571769714355469
1401,561000000,imu1_frame,-0.012292636936749068,-0.05168236100805519,-0.09650549700500478,0.9939137355352281,0.021484375,-0.029296875,-0.146484375,-0.031189918518066406,-0.050076574087142944,-0.06398487091064453
1401,586000000,imu1_frame,-0.013905337066633607,-0.053652752275748616,-0.09821529968900197,0.9936205405894646,0.021484375,-0.029296875,-0.146484375,0.04061233997344971,-0.06339730322360992,-0.05519580841064453
1401,611000000,imu1_frame,-0.015267296268828614,-0.05497506514379208,-0.10013270511131632,0.9933368478236202,0.0546875,0.001953125,-0.166015625,0.012047410011291504,-0.041628435254096985,-0.05161094665527344
1401,636000000,imu1_frame,-0.012119148057673678,-0.05588532659122093,-0.1022966251233018,0.9931089351176595,0.0546875,0.001953125,-0.166015625,0.0002701282501220703,0.010232418775558472,-0.055230140686035156
1401,661000000,imu1_frame,-0.008483524354457893,-0.05731607223242105,-0.10358796096563418,0.9929312322720832,0.130859375,0.029296875,-0.1015625,-0.0202486515045166,-0.06468115746974945,-0.05352783203125
1401,686000000,imu1_frame,-0.0046536541123154435,-0.05578753100245318,-0.10487521596385103,0.9929084972768583,0.130859375,0.029296875,-0.1015625,-0.13526427745819092,0.16736173070967197,0.1803903579711914
1401,711000000,imu1_frame,-0.005248994330547242,-0.05649126984690126,-0.10591432656058337,0.9927554280480267,0.130859375,0.029296875,-0.1015625,0.08038949966430664,-0.20650185644626617,-0.13045024871826172
1401,736000000,imu1_frame,-0.005972804948620316,-0.05673534922455331,-0.10694400150907662,0.9926270227485451,0.130859375,0.029296875,-0.1015625,0.07417666912078857,-0.27224317588843405,-0.012563705444335938
1401,761000000,imu1_frame,-0.011462288219429547,-0.05798835911858914,-0.10627924829072048,0.9925777992370509,-0.23046875,-0.09375,0.0546875,0.03859388828277588,-0.16760747879743576,-0.007883071899414062
1401,786000000,imu1_frame,-0.016975561944262096,-0.05861755569213758,-0.10560470831437548,0.9925338573787754,-0.23046875,-0.09375,0.0546875,-0.023856282234191895,-0.17446857690811157,-0.046352386474609375
1401,811000000,imu1_frame,-0.02195829908143891,-0.06099108609318323,-0.10497201819676555,0.9923602147981961,-0.23046875,-0.09375,0.0546875,0.037476539611816406,-0.0038927197456359863,0.0059566497802734375
1401,836000000,imu1_frame,-0.02218190600814968,-0.06337259546275177,-0.10505950508335685,0.9921967433839923,0.021484375,0.005859375,-0.0078125,-0.009013533592224121,-0.004621177911758423,0.011939048767089844
1401,861000000,imu1_frame,-0.022362195637034985,-0.06089936765678897,-0.10507083201219801,0.9923463707222185,0.0390625,0.01171875,-0.009765625,0.03839600086212158,0.004007577896118164,0.006089210510253906
1401,886000000,imu1_frame,-0.02193818039148903,-0.06328648079245792,-0.10519922654832338,0.9921928544006204,0.0390625,0.01171875,-0.009765625,-0.006898164749145508,-0.009345799684524536,-0.027545928955078125
1401,911000000,imu1_frame,-0.026600595030993306,-0.06274710626183638,-0.10774342739430223,0.9918399885329747,-0.19921875,-0.0546875,-0.20703125,-0.006917476654052734,0.07888549566268921,-0.024451255798339844
1401,936000000,imu1_frame,-0.026506162629403432,-0.06295438326629865,-0.11060485380806809,0.9915143646384148,-0.19921875,-0.0546875,-0.20703125,-0.08994483947753906,0.29949086904525757,-0.13341522216796875
1401,961000000,imu1_frame,-0.02337697983012483,-0.062496057671616166,-0.11082304252380633,0.9915977071551219,0.05078125,0.017578125,-0.0078125,-0.07449817657470703,0.23960569500923157,-0.1375904083251953
1401,986000000,imu1_frame,-0.025094347525305444,-0.06307944229917473,-0.11074288724083702,0.9915277457575594,0.05078125,0.017578125,-0.0078125,-0.011272788047790527,0.006068319082260132,-0.06421852111816406
1402,11000000,imu1_frame,-0.02197899581491336,-0.06252729571756245,-0.11095845929730284,0.9916125661484858,0.05078125,0.017578125,-0.0078125,0.005973458290100098,-0.014280647039413452,0.009684562683105469
1402,36000000,imu1_frame,-0.023551130805579683,-0.06348056366724172,-0.11089216267976819,0.9915233181980501,0.05078125,0.017578125,-0.0078125,-0.015769600868225098,0.014165312051773071,-0.02563190460205078
1402,61000000,imu1_frame,-0.021196483496063685,-0.061930700549417565,-0.11102891101768189,0.9916591543141662,0.02734375,0.009765625,-0.00390625,0.01914823055267334,-0.02822011709213257,-0.031490325927734375
1402,86000000,imu1_frame,-0.022947955424864813,-0.06316041520628236,-0.11094219020803055,0.9915523101302491,0.02734375,0.009765625,-0.00390625,-0.008315324783325195,0.0031200647354125977,-0.02697277069091797
1402,111000000,imu1_frame,-0.021288131749621707,-0.06098013303540133,-0.11102359987185209,0.9917166929587755,0.02734375,0.009765625,-0.00390625,0.037308335304260254,-0.02435016632080078,-0.033698081970214844
1402,136000000,imu1_frame,-0.022707647465450842,-0.06292182790325324,-0.11097424723362427,0.991569424080245,0.0078125,0.001953125,-0.001953125,-0.003204822540283203,-0.0010521113872528076,-0.02777385711669922
1402,161000000,imu1_frame,-0.025036439556304215,-0.06314812896879887,-0.11083229633665605,0.9915148473879891,0.01171875,0.00390625,-0.001953125,-0.012507915496826172,0.04374346137046814,-0.025043487548828125
1402,186000000,imu1_frame,-0.023032109935675553,-0.061471627921772666,-0.11094030577075868,0.9916566993814184,0.01171875,0.00390625,-0.001953125,-0.01495659351348877,0.008463680744171143,-0.03491687774658203
1402,211000000,imu1_frame,-0.021315677492907595,-0.059627122446917015,-0.11105871972314409,0.9917944388507,0.005859375,0.0,-0.00390625,0.024309754371643066,-0.020888477563858032,-0.040771484375
1402,236000000,imu1_frame,-0.02289755390716832,-0.061415285001931316,-0.11099664842692593,0.9916570016044809,0.009765625,0.001953125,-0.001953125,-0.013593912124633789,0.0059090256690979,-0.03517341613769531
1402,261000000,imu1_frame,-0.021376405153828448,-0.05935872696724287,-0.11111807122094516,0.9918025837250398,0.009765625,0.001953125,-0.005859375,0.029346704483032227,-0.019193917512893677,-0.041344642639160156
1402,286000000,imu1_frame,-0.022173104609646197,-0.06164538070029996,-0.11116043642977379,0.9916408411532005,0.009765625,0.001953125,-0.005859375,0.022528648376464844,-0.008837342262268066,-0.03135204315185547
1402,311000000,imu1_frame,-0.023157680088102893,-0.06384837661335023,-0.11118828467837334,0.9914758050537884,0.009765625,0.001953125,-0.005859375,-0.022119522094726562,0.005351126194000244,-0.02507495880126953
1402,336000000,imu1_frame,-0.02256864860685724,-0.06140885210561139,-0.11124509431577856,0.9916370999381804,0.009765625,0.001953125,-0.005859375,-0.012845993041992188,-0.0007583498954772949,-0.035480499267578125
1402,361000000,imu1_frame,-0.02295109868221246,-0.05898328783967132,-0.11116923711361987,0.9917840589283927,-0.0078125,-0.00390625,0.001953125,0.033203959465026855,0.012082666158676147,-0.040848731994628906
1402,386000000,imu1_frame,-0.02297551482609804,-0.061498064279676946,-0.11119448849995395,0.9916279037701401,-0.0078125,-0.00390625,0.001953125,0.023640751838684082,0.0069897472858428955,-0.03099822998046875
1402,411000000,imu1_frame,-0.022817797771225678,-0.0640011772820855,-0.11123099211240142,0.9914690432913523,-0.0078125,-0.00390625,0.001953125,-0.02435290813446045,-0.001624464988708496,-0.02499866485595703
1402,436000000,imu1_frame,-0.022880002847967575,-0.061543158898669695,-0.11121801088505524,0.9916246765370564,-0.00390625,-0.001953125,-0.001953125,0.022963404655456543,0.00501173734664917,-0.030975341796875
1402,461000000,imu1_frame,-0.022706204527182687,-0.06400544596899363,-0.11125944490600577,0.991468137199319,0.005859375,0.001953125,0.0,-0.024204373359680176,-0.0038324594497680664,-0.025087356567382812
1402,486000000,imu1_frame,-0.02290114576557725,-0.061525245362427136,-0.11119894211251943,0.9916274385971646,0.005859375,0.001953125,0.0,0.0232698917388916,0.005484670400619507,-0.030999183654785156
1402,511000000,imu1_frame,-0.02168225899276802,-0.059317555478986095,-0.11123270297667641,0.9917855579940003,0.005859375,0.001953125,0.0,0.029451727867126465,-0.013315051794052124,-0.041182518005371094
1402,536000000,imu1_frame,-0.022792347728239664,-0.06146384269542128,-0.1112332760630785,0.9916299023438242,0.0078125,0.001953125,-0.00390625,-0.01437985897064209,0.0034679770469665527,-0.03515052795410156
1402,561000000,imu1_frame,-0.02185528072003904,-0.05912156244233231,-0.11124399433189444,0.9917921966239254,0.0078125,0.001953125,0.0,0.03286242485046387,-0.00954475998878479,-0.0414886474609375
1402,586000000,imu1_frame,-0.022367341060169466,-0.061507560438566915,-0.11123729625332161,0.9916364182426162,0.0078125,0.001953125,0.0,0.024749755859375,-0.004867196083068848,-0.03151416778564453
1402,611000000,imu1_frame,-0.02300651739448695,-0.06387592349904678,-0.11119316333651347,0.991477002749807,0.009765625,0.0,0.001953125,-0.02232837677001953,0.0023560822010040283,-0.025142669677734375
1402,636000000,imu1_frame,-0.022414766369411497,-0.0614633586448109,-0.11115378527758547,0.9916474523797096,0.009765625,0.0,0.001953125,0.02552199363708496,-0.0037454962730407715,-0.03157806396484375
1402,661000000,imu1_frame,-0.022997752836993048,-0.06385743832978186,-0.11119226174327385,0.9914784979326693,0.005859375,0.0,-0.00390625,-0.02195262908935547,0.0022282302379608154,-0.02519702911376953
1402,686000000,imu1_frame,-0.022462551716583325,-0.06143871420839766,-0.11122777185266067,0.9916396023432562,0.005859375,0.0,-0.00390625,0.02587306499481201,-0.002857983112335205,-0.03159618377685547
1402,711000000,imu1_frame,-0.022971318648040515,-0.06385205627495409,-0.11127139570288729,0.991470579456275,0.005859375,0.0,-0.00390625,-0.021816492080688477,0.0016252100467681885,-0.025234222412109375
1402,736000000,imu1_frame,-0.022542791898861846,-0.06144066229387175,-0.1112783821784343,0.9916319827486633,0.00390625,-0.001953125,-0.001953125,0.025647759437561035,-0.0013710260391235352,-0.031520843505859375
1402,761000000,imu1_frame,-0.023004972862996256,-0.06384729276550234,-0.11131095745630389,0.9914656651544973,0.0,0.001953125,-0.001953125,-0.02180922031402588,0.002236276865005493,-0.025216102600097656
1402,786000000,imu1_frame,-0.02144030485866477,-0.06189877216414463,-0.11140826582329504,0.9916133589451006,0.0,0.001953125,-0.001953125,-0.0199282169342041,0.011253565549850464,-0.031363487243652344
1402,811000000,imu1_frame,-0.023401150862948833,-0.06034100566600379,-0.11128466855806114,0.991678915636219,0.0,0.001953125,-0.001953125,0.0059767961502075195,0.017672687768936157,-0.037273406982421875
1402,836000000,imu1_frame,-0.02139288223747652,-0.061902844895807524,-0.11142779441546749,0.9916119346877,0.005859375,0.001953125,0.0,-0.019907355308532715,-0.024855613708496094,-0.035300254821777344
1402,861000000,imu1_frame,-0.02333373510495157,-0.06040893554872369,-0.11129958807617032,0.9916746941442022,0.00390625,0.0,-0.001953125,0.004804730415344238,0.016198575496673584,-0.03717517852783203
1402,886000000,imu1_frame,-0.021332355453564007,-0.06197319115661216,-0.11146866051181273,0.9916042516611006,0.00390625,0.0,-0.001953125,-0.02114701271057129,-0.02623477578163147,-0.03518104553222656
1402,911000000,imu1_frame,-0.023234582558707844,-0.06045763330216855,-0.11129128031139864,0.9916749869163146,0.005859375,0.0,0.001953125,0.004079937934875488,0.014180481433868408,-0.03715038299560547
1402,936000000,imu1_frame,-0.021595305997430692,-0.06240256579277371,-0.11139250433350385,0.9915801896567248,0.005859375,0.0,0.001953125,0.00908207893371582,0.013165295124053955,-0.03391551971435547
1402,961000000,imu1_frame,-0.020060411550008837,-0.06445253454416505,-0.11155912844875851,0.9914625618443849,0.005859375,-0.001953125,-0.00390625,-0.027226805686950684,-0.021304503083229065,-0.03008270263671875
1402,986000000,imu1_frame,-0.02151864125389354,-0.06248243563630185,-0.11147853403761056,0.9915671584740828,0.00390625,0.0,-0.00390625,0.007678031921386719,0.011395454406738281,-0.03378582000732422
1403,11000000,imu1_frame,-0.02005221714858322,-0.0645354692273392,-0.1116445326591928,0.9914477193106773,0.00390625,0.0,-0.00390625,-0.028830647468566895,-0.021757736802101135,-0.029880523681640625
1403,36000000,imu1_frame,-0.021513947716162864,-0.06252287430420637,-0.11154541238024081,0.9915571900900767,0.0,0.0,-0.001953125,0.0068885087966918945,0.011130452156066895,-0.033690452575683594
1403,61000000,imu1_frame,-0.019963139442034275,-0.06457339643632744,-0.11163759545671283,0.9914478285905607,0.0078125,-0.001953125,0.001953125,-0.02936863899230957,-0.02355806529521942,-0.02985382080078125
1403,86000000,imu1_frame,-0.021352349571513513,-0.0626071752044824,-0.11148235413508426,0.9915624556714473,0.0078125,-0.001953125,0.001953125,-0.033435821533203125,-0.02726227045059204,-0.03361988067626953
1403,111000000,imu1_frame,-0.02042131597268829,-0.06031548422257952,-0.11147227701923806,0.9917252359767225,0.0078125,-0.001953125,0.001953125,0.012822628021240234,-0.005080580711364746,-0.035980224609375
1403,136000000,imu1_frame,-0.021470759525564174,-0.0625505541982549,-0.11148206139666725,0.9915635050976999,0.001953125,0.0,-0.00390625,-0.03259384632110596,0.01031234860420227,-0.029753684997558594
1403,161000000,imu1_frame,-0.020386785277733386,-0.06030986883753362,-0.1115615784330993,0.9917162461734478,0.00390625,0.0,-0.00390625,0.012981534004211426,-0.005846560001373291,-0.03602027893066406
1403,186000000,imu1_frame,-0.021490957972902854,-0.06250646481481416,-0.1115643359180664,0.9915565942158431,0.00390625,0.0,-0.00390625,-0.031809210777282715,0.010696440935134888,-0.029844284057617188
1403,211000000,imu1_frame,-0.020340559840784582,-0.0602884781089881,-0.11157292715800718,0.9917172192505581,0.005859375,0.0,0.001953125,0.013491392135620117,-0.006709039211273193,-0.03610801696777344
1403,236000000,imu1_frame,-0.02087222980091802,-0.0626973863544118,-0.11153882170341642,0.9915606280104493,0.005859375,0.0,0.001953125,0.0049076080322265625,-0.0016792118549346924,-0.03379535675048828
1403,261000000,imu1_frame,-0.021781179929531224,-0.06501932853025363,-0.11155593525631372,0.991389600725891,0.001953125,-0.001953125,-0.00390625,-0.04186856746673584,0.010781168937683105,-0.027240753173828125
1403,286000000,imu1_frame,-0.020865672497221883,-0.06273943826572997,-0.11162851687432525,0.9915480123613671,0.001953125,-0.001953125,-0.00390625,0.004080772399902344,-0.0020121335983276367,-0.03369712829589844
1403,311000000,imu1_frame,-0.021914938887112555,-0.06500309365200017,-0.1116356527713666,0.9913787441233317,0.001953125,-0.001953125,-0.00390625,-0.04186606407165527,0.013302773237228394,-0.027167320251464844
1403,336000000,imu1_frame,-0.020836912834406446,-0.06278319030472362,-0.11169237115678418,0.991538656989261,0.00390625,-0.001953125,-0.001953125,0.003281235694885254,-0.0027472078800201416,-0.03361320495605469
1403,361000000,imu1_frame,-0.022108100359819183,-0.06486353862614348,-0.11160839114641415,0.991386665373851,0.00390625,0.001953125,0.001953125,-0.0395815372467041,0.017388522624969482,-0.02735614776611328
1403,386000000,imu1_frame,-0.02125782282714692,-0.06250482218527123,-0.11160041355745697,0.991557663409467,0.00390625,0.001953125,0.001953125,-0.03129017353057861,0.006138831377029419,-0.030042648315429688
1403,411000000,imu1_frame,-0.020470891864924772,-0.06012253845371314,-0.11158749118073369,0.9917229727943818,0.00390625,0.001953125,0.001953125,0.016411304473876953,-0.0038354098796844482,-0.03639507293701172
1403,436000000,imu1_frame,-0.02124801733227591,-0.062465918362426126,-0.11154069885908025,0.9915670442792125,0.00390625,0.0,0.001953125,-0.030496835708618164,0.006109446287155151,-0.03014659881591797
1403,461000000,imu1_frame,-0.020476929852202834,-0.06013269317047692,-0.11157741467945302,0.9917233662112346,0.001953125,-0.001953125,-0.001953125,0.01620495319366455,-0.003728508949279785,-0.03636646270751953
1403,486000000,imu1_frame,-0.021267597066037824,-0.06250131537937978,-0.11158068254844551,0.991559895403655,0.001953125,-0.001953125,-0.001953125,-0.03123331069946289,0.006359905004501343,-0.0730123519897461
1403,511000000,imu1_frame,-0.02014161897144546,-0.060062210481023025,-0.11162317164658549,0.9917293550202592,0.029296875,0.009765625,-0.00390625,0.018277406692504883,-0.010126262903213501,-0.07976627349853516
1403,536000000,imu1_frame,-0.021415386779926746,-0.06183411573512714,-0.11157383248941659,0.9915993158750892,0.029296875,0.009765625,-0.00390625,0.02039361000061035,-0.02445182204246521,-0.07451057434082031
1403,561000000,imu1_frame,-0.023340907900217322,-0.06350347758538506,-0.11150700342476269,0.9914578652369378,-0.005859375,-0.001953125,-0.001953125,-0.015957117080688477,0.009248077869415283,-0.06873607635498047
1403,586000000,imu1_frame,-0.021606820350208923,-0.062008706405549625,-0.11159984945001869,0.9915813326434687,-0.017578125,-0.00390625,0.001953125,0.01659870147705078,-0.021160244941711426,-0.07392597198486328
1403,611000000,imu1_frame,-0.020764264491516436,-0.06427557467927288,-0.1116890632165214,0.9914449298763857,-0.017578125,-0.00390625,0.001953125,-0.025362014770507812,-0.007448285818099976,-0.029966354370117188
1403,636000000,imu1_frame,-0.021503757916561343,-0.06191800145649775,-0.11164354951370324,0.9915843218521965,-0.0078125,-0.00390625,-0.001953125,0.018559694290161133,0.012144625186920166,-0.035170555114746094
1403,661000000,imu1_frame,-0.020544609057607865,-0.0642236697776022,-0.1117480138010173,0.9914462268275045,0.009765625,0.00390625,-0.001953125,-0.023901820182800293,-0.011665314435958862,-0.030274391174316406
1403,686000000,imu1_frame,-0.02185144233024659,-0.062154876631570294,-0.11164299301364303,0.9915619637168209,0.009765625,0.00390625,-0.001953125,0.013237714767456055,0.01835772395133972,-0.0694580078125
1403,711000000,imu1_frame,-0.019965056563260097,-0.060372638613295115,-0.1117475984232953,0.9917000631591794,0.009765625,0.00390625,-0.001953125,0.01263117790222168,-0.014384686946868896,-0.036205291748046875
1403,736000000,imu1_frame,-0.02189701015517279,-0.062035492108862056,-0.11165698044157771,0.9915668597647586,-0.005859375,-0.001953125,0.0,-0.02361881732940674,0.019485771656036377,-0.030646324157714844
1403,761000000,imu1_frame,-0.019943169885311057,-0.06042158858850795,-0.11177676500353678,0.9916942353430874,0.00390625,0.001953125,-0.001953125,0.011725664138793945,-0.014952629804611206,-0.03610706329345703
1403,786000000,imu1_frame,-0.020836706877298498,-0.06269115495423576,-0.11176904710013782,0.9915358444591605,0.00390625,0.001953125,-0.001953125,0.005042433738708496,-0.0026463568210601807,-0.033840179443359375
1403,811000000,imu1_frame,-0.022025450563881097,-0.06491370291509813,-0.11170368190708972,0.9913744893579359,-0.00390625,-0.001953125,0.001953125,-0.04039883613586426,0.01555129885673523,-0.027299880981445312
1403,836000000,imu1_frame,-0.020901275857950447,-0.06275509581287922,-0.11172887715156829,0.9915349679297629,-0.00390625,-0.001953125,0.001953125,0.003674626350402832,-0.0014846622943878174,-0.03363037109375
1403,861000000,imu1_frame,-0.022024432124392975,-0.06504207686717504,-0.1117053452514334,0.9913659104834405,-0.01171875,-0.001953125,0.0,-0.04287397861480713,0.015245407819747925,-0.02697467803955078
1403,886000000,imu1_frame,-0.021448768894923725,-0.06268260805455297,-0.11172802552251686,0.991527956879286,-0.01171875,-0.001953125,0.0,-0.03516983985900879,0.009283125400543213,0.009614944458007812
1403,911000000,imu1_frame,-0.024055145262968907,-0.06310065343907661,-0.11158278085663013,0.9914579872784525,-0.01171875,-0.001953125,0.0,-0.009743332862854004,0.02387484908103943,-0.026102066040039062
1403,936000000,imu1_frame,-0.022184879433008727,-0.06292630127890246,-0.11171802644485702,0.9914974504753736,-0.044921875,-0.021484375,0.00390625,-0.002395153045654297,-0.012139558792114258,-0.028222084045410156
1403,961000000,imu1_frame,-0.024932506521785327,-0.06293110077577736,-0.11151980543689254,0.9914541742657639,-0.01953125,-0.005859375,0.00390625,-0.008336424827575684,0.04132390022277832,-0.025679588317871094
