timestamp_sec,timestamp_nsec,frame_id,orientation_x,orientation_y,orientation_z,orientation_w,angular_velocity_x,angular_velocity_y,angular_velocity_z,linear_acceleration_x,linear_acceleration_y,linear_acceleration_z
639,616000000,imu1_frame,0.6958643083939557,0.03654128830826958,-0.6932755705624489,0.18386566241004507,0.025390625,0.01171875,0.0,-0.07138538360595703,-0.04094576835632324,0.04022800922393799
639,641000000,imu1_frame,0.6948298529357106,0.03780774237954924,-0.6945506889172199,0.1827057487057139,0.009765625,0.0,0.0,-0.06439685821533203,-0.003367781639099121,0.013940781354904175
639,666000000,imu1_frame,0.695358928106969,0.036146144916767126,-0.6937628650964806,0.1840176739411342,0.009765625,0.0,0.0,-0.037865638732910156,0.06709599494934082,-0.013238221406936646
639,690000000,imu1_frame,0.696293674988519,0.035166234516772144,-0.692718465040978,0.18460656085893912,0.009765625,0.0,0.0,-0.03865814208984375,0.04172086715698242,-0.028279244899749756
639,716000000,imu1_frame,0.69720309543791,0.03455778867687288,-0.6915756974172224,0.18557116612082664,-0.03125,0.009765625,0.001953125,-0.04328155517578125,0.016243457794189453,-0.004155963659286499
639,741000000,imu1_frame,0.6977090423236769,0.03417392117763204,-0.6909485032523162,0.18607633171498852,-0.01171875,0.013671875,0.005859375,-0.04565715789794922,0.0018246173858642578,0.00951734185218811
639,766000000,imu1_frame,0.6982605499918585,0.035765219574193145,-0.6906834806996143,0.1846872569576546,-0.01171875,0.013671875,0.005859375,-0.037558555603027344,-0.037920236587524414,-0.012871384620666504
639,791000000,imu1_frame,0.6987011395323346,0.037101050175820424,-0.6905582632620494,0.1832198535436876,0.0078125,0.0078125,0.005859375,-0.02957630157470703,-0.0015230178833007812,0.0010490119457244873
639,816000000,imu1_frame,0.6987294332749602,0.03788797431428845,-0.6906502992889899,0.1826029697722387,-0.005859375,0.013671875,-0.001953125,-0.02505207061767578,0.01738297939300537,0.0034987330436706543
639,841000000,imu1_frame,0.6987009533378971,0.036782951260093254,-0.6905013573260815,0.1834989586677553,0.013671875,0.017578125,-0.009765625,-0.031075477600097656,-0.009715080261230469,0.0008035600185394287
639,865000000,imu1_frame,0.6989422350396638,0.03546069490159832,-0.6900446198815184,0.1845554490320611,0.013671875,0.017578125,-0.009765625,-0.038292884826660156,-0.0040683746337890625,0.005304098129272461
639,891000000,imu1_frame,0.6986860598728587,0.03655035968303179,-0.6905602201481555,0.18338059683432234,0.015625,0.0234375,-0.001953125,-0.03143787384033203,0.02792978286743164,1.7002224922180176e-05
639,916000000,imu1_frame,0.6975583154183382,0.037006072254670515,-0.6917778565888253,0.18299274395555318,0.015625,0.0234375,-0.001953125,-0.10684394836425781,0.005233645439147949,0.04800403118133545
639,941000000,imu1_frame,0.6962927843362751,0.037465256761204116,-0.6931260466725087,0.18261707598467825,0.015625,0.021484375,-0.009765625,-0.1042490005493164,0.0220719575881958,0.01418215036392212
639,965000000,imu1_frame,0.6969797771853818,0.03883631149012999,-0.6927859290021191,0.1809933360130368,0.015625,0.021484375,-0.009765625,-0.056990623474121094,-0.01413106918334961,-0.00426444411277771
639,991000000,imu1_frame,0.6957661139097936,0.039833784185926695,-0.6941869501104926,0.18007571371116507,0.015625,0.021484375,-0.009765625,-0.0553436279296875,0.017217159271240234,0.0034108757972717285
640,16000000,imu1_frame,0.6956598253602614,0.03901832332773395,-0.6942181030054972,0.18054418651363982,0.01953125,-0.001953125,0.0,-0.05845451354980469,9.489059448242188e-05,-0.00032135844230651855
640,41000000,imu1_frame,0.6958731949124918,0.03974464878984284,-0.6942310860656054,0.1795106086977122,0.01953125,0.005859375,0.00390625,-0.053765296936035156,0.023296713829040527,0.006459355354309082
640,66000000,imu1_frame,0.6960280965254907,0.03776533887263287,-0.6937824187911371,0.18106524626017192,0.01953125,0.005859375,0.00390625,-0.06389904022216797,0.12682104110717773,0.007343560457229614
640,90000000,imu1_frame,0.6961830750118088,0.035524810658589326,-0.6933667860954468,0.18250921575209458,0.04296875,0.00390625,0.021484375,-0.07438373565673828,0.07594990730285645,0.008348733186721802
640,116000000,imu1_frame,0.6962173988408055,0.03349624209131185,-0.6929100083105617,0.18448592276962525,0.0,0.01171875,0.025390625,-0.0860910415649414,0.02113628387451172,0.006533026695251465
640,141000000,imu1_frame,0.6958958195760557,0.03305545023332089,-0.6931277180512045,0.18496029837663022,0.00390625,0.013671875,0.01171875,-0.0882406234741211,0.009899139404296875,-0.0022669434547424316
640,165000000,imu1_frame,0.6970233567319938,0.03255316513471125,-0.6919547796565753,0.18519534151861547,0.00390625,0.013671875,0.01171875,-0.13009166717529297,0.03422117233276367,-0.01168811321258545
640,190000000,imu1_frame,0.6977587104247409,0.0323825005161117,-0.6911028845697005,0.18563663061520422,-0.025390625,0.001953125,0.017578125,-0.13180160522460938,0.022626399993896484,0.008445441722869873
640,216000000,imu1_frame,0.697138984721078,0.0330290447884394,-0.6918133436969566,0.18520425390704304,-0.001953125,0.00390625,0.015625,-0.12845134735107422,0.039966583251953125,-0.007652729749679565
640,240000000,imu1_frame,0.6976480961258875,0.03235292721236396,-0.6911379543288815,0.185926733308593,-0.013671875,-0.01171875,0.021484375,-0.13286495208740234,0.018721342086791992,0.005267709493637085
640,266000000,imu1_frame,0.6969689891637475,0.03401140188836723,-0.6920753253966125,0.18468675280816657,-0.013671875,-0.01171875,0.021484375,-0.12430477142333984,-0.09117937088012695,0.027729064226150513
640,291000000,imu1_frame,0.6970583483925578,0.035573719560358485,-0.6922561567524284,0.1833727974679942,-0.013671875,-0.01171875,0.021484375,-0.11597919464111328,-0.0171661376953125,-0.00684589147567749
640,315000000,imu1_frame,0.697305241427689,0.03679309338925621,-0.6923085628239001,0.1819904458949095,0.009765625,-0.005859375,0.01171875,-0.10857200622558594,0.017333626747131348,0.0015833675861358643
640,341000000,imu1_frame,0.6973935952553767,0.03706431435086093,-0.6923726533764483,0.18135191963399971,0.01953125,-0.0078125,0.001953125,-0.10530757904052734,0.029297828674316406,0.005074262619018555
640,366000000,imu1_frame,0.6983921470119647,0.03604554542409262,-0.6913068084111433,0.18178015373383494,0.01953125,-0.0078125,0.001953125,-0.02829742431640625,0.04457437992095947,-0.04402817785739899
640,391000000,imu1_frame,0.6994073870088011,0.0349670973292226,-0.6902274748624504,0.18218847945711347,0.025390625,-0.001953125,0.013671875,-0.03280448913574219,0.020056724548339844,-0.017704635858535767
640,415000000,imu1_frame,0.7001734745259951,0.034038516136836984,-0.6894302024178236,0.18244034911037801,0.029296875,-0.0078125,0.0234375,-0.036322593688964844,0.0007803440093994141,0.0021994858980178833
640,441000000,imu1_frame,0.7000187435107488,0.034109266465735553,-0.6898229658403364,0.18153399812168577,0.048828125,-0.009765625,0.017578125,-0.03306865692138672,0.014882802963256836,-0.0016223937273025513
640,466000000,imu1_frame,0.7001747048843797,0.03174286634706482,-0.6894067878657424,0.18293729505156553,0.048828125,-0.009765625,0.017578125,-0.08770942687988281,0.1544795036315918,-0.0009551644325256348
640,490000000,imu1_frame,0.700299744810841,0.030149724768660565,-0.6888173685409926,0.18493754164719323,-0.029296875,0.0078125,0.01953125,-0.0986185073852539,0.10483670234680176,0.0005333572626113892
640,516000000,imu1_frame,0.7003481269401927,0.028429061041429463,-0.6882909522249576,0.18697554563345373,-0.0234375,-0.001953125,0.013671875,-0.11027240753173828,0.053304195404052734,-0.00012464821338653564
640,541000000,imu1_frame,0.7002721166068909,0.027578249147313064,-0.6877487858385342,0.1893673954367431,-0.095703125,-0.005859375,0.02734375,-0.1205902099609375,0.009114980697631836,-0.003190860152244568
640,565000000,imu1_frame,0.6995381703891301,0.02973987114629277,-0.6885171483984394,0.18896037837100052,-0.095703125,-0.005859375,0.02734375,-0.11207389831542969,-0.21874713897705078,0.05347977578639984
640,591000000,imu1_frame,0.698318732035162,0.03173640930655869,-0.6896695068102027,0.18894369581783307,-0.095703125,-0.005859375,0.02734375,-0.1405172348022461,-0.15128087997436523,0.10071554780006409
640,616000000,imu1_frame,0.6971151006076666,0.03327879468542511,-0.6908743852018498,0.18872106983856973,-0.064453125,-0.0234375,0.04296875,-0.1347799301147461,-0.1222231388092041,0.06983727216720581
640,640000000,imu1_frame,0.6960554170909087,0.034765027696263065,-0.6919858496495562,0.18829188265153887,-0.052734375,-0.025390625,0.04296875,-0.12878704071044922,-0.09164547920227051,0.042945653200149536
640,666000000,imu1_frame,0.6966617427751772,0.03547890174619203,-0.6913333371375436,0.18831325138344365,-0.052734375,-0.025390625,0.04296875,-0.04854393005371094,-0.006875038146972656,-0.017532259225845337
640,691000000,imu1_frame,0.6958011061502672,0.03378886611815204,-0.6915772566850864,0.1908927218163233,-0.052734375,-0.025390625,0.04296875,-0.10453987121582031,0.01670074462890625,-0.00438082218170166
640,716000000,imu1_frame,0.6960708599272155,0.03392198194123486,-0.6912876672890241,0.1909345913014838,-0.017578125,-0.0234375,0.048828125,-0.10385990142822266,0.01663064956665039,0.0035839974880218506
640,741000000,imu1_frame,0.6958775347072907,0.03415088427576378,-0.6914457861252724,0.1910259109191495,-0.017578125,-0.013671875,0.0625,-0.10337257385253906,0.019301414489746094,-0.001339256763458252
640,766000000,imu1_frame,0.6966845229014808,0.03436167314563656,-0.690650861443469,0.19092233645009266,-0.017578125,-0.013671875,0.0625,-0.024794578552246094,-0.018970966339111328,-0.018498271703720093
640,791000000,imu1_frame,0.6971695874451336,0.034926580822434286,-0.6903470322414965,0.1901464576819521,0.00390625,-0.0234375,0.03125,-0.020832061767578125,-0.002783060073852539,-0.004539966583251953
640,815000000,imu1_frame,0.6974711522606715,0.03525028237437252,-0.6902113240304317,0.18947226059995298,0.017578125,-0.0078125,0.00390625,-0.01759815216064453,0.009501457214355469,0.004400819540023804
640,841000000,imu1_frame,0.6967280161470053,0.03346485334966228,-0.6906295839411473,0.19099987667907478,0.017578125,-0.0078125,0.00390625,-0.02397632598876953,0.19817805290222168,0.09859773516654968
640,865000000,imu1_frame,0.6960492418721669,0.0317596266061392,-0.69098893914822,0.19246055435293183,0.017578125,-0.0078125,0.00390625,0.005339622497558594,0.07991886138916016,0.038868606090545654
640,890000000,imu1_frame,0.6966694270229785,0.03286797755101861,-0.6907280831179654,0.19096104496823854,0.017578125,-0.0078125,0.00390625,0.009342193603515625,-0.039507150650024414,-0.021094173192977905
640,915000000,imu1_frame,0.6971057756625892,0.03409895340790523,-0.6904426714654204,0.19018337554591544,-0.03125,-0.009765625,0.021484375,0.015415191650390625,-0.014107704162597656,-0.0076018571853637695
640,941000000,imu1_frame,0.6972966454416373,0.03476317048115233,-0.6903306135182922,0.18976974014156361,-0.01953125,-0.021484375,0.017578125,0.019207000732421875,-0.0004146099090576172,-0.0009506344795227051
640,965000000,imu1_frame,0.6959529876768746,0.03559144436872509,-0.6917157425232494,0.18950466901079113,-0.01953125,-0.021484375,0.017578125,-0.055713653564453125,-0.09678339958190918,0.11554384231567383
640,990000000,imu1_frame,0.6943452155686842,0.03599115253337507,-0.6932523842698441,0.1897115975905872,-0.01953125,-0.021484375,0.017578125,-0.05105781555175781,-0.00902700424194336,0.03725916147232056
641,16000000,imu1_frame,0.6923579239868155,0.035853449142246537,-0.6956006864290379,0.18840042546852814,0.091796875,-0.07421875,-0.013671875,-0.04765605926513672,0.015871763229370117,-0.016821950674057007
641,41000000,imu1_frame,0.692749025877578,0.03466014444515237,-0.6955047634836528,0.1875382241151284,0.099609375,-0.078125,-0.005859375,-0.048317909240722656,0.009751558303833008,-0.007585108280181885
641,66000000,imu1_frame,0.6926004298077213,0.031902866798375694,-0.695591893273615,0.18825187842949256,0.099609375,-0.078125,-0.005859375,-0.020132064819335938,0.3851592540740967,-0.05462580919265747
641,91000000,imu1_frame,0.6925816358684502,0.02946554834519517,-0.6951466156172429,0.19035136436178085,0.00390625,-0.046875,0.064453125,-0.0341796875,0.3234107494354248,-0.058063387870788574
641,115000000,imu1_frame,0.6926103096443158,0.026989000848346614,-0.6946228957846121,0.19251385783733332,0.001953125,-0.048828125,0.0859375,-0.048961639404296875,0.2601006031036377,-0.060027092695236206
641,140000000,imu1_frame,0.6926550484054531,0.02446658195245849,-0.6940707978004932,0.1946692012789641,0.001953125,-0.056640625,0.083984375,-0.0643014907836914,0.19623970985412598,-0.06136298179626465
641,166000000,imu1_frame,0.6917681056206854,0.02174588328084329,-0.6943308562554997,0.1972020959772197,0.001953125,-0.056640625,0.083984375,-0.0039033889770507812,0.12854695320129395,0.02552393078804016
641,191000000,imu1_frame,0.6900202430254021,0.020012676985532094,-0.6956031329828365,0.19901718106610844,0.001953125,-0.056640625,0.083984375,-0.05545616149902344,0.009641170501708984,0.01600310206413269
641,215000000,imu1_frame,0.6878529364036963,0.02070940281384349,-0.6973939633308335,0.20017771710562288,-0.091796875,-0.041015625,0.0546875,-0.05776405334472656,0.012691974639892578,-0.041912078857421875
641,241000000,imu1_frame,0.6872687985562205,0.022822149280787875,-0.698018629221843,0.19977672860609652,-0.091796875,-0.041015625,0.0546875,-0.12735557556152344,-0.1419665813446045,-0.01673567295074463
641,265000000,imu1_frame,0.6869382939711112,0.024699085624895995,-0.6983795209038516,0.1994286344220912,-0.091796875,-0.041015625,0.0546875,-0.08081722259521484,-0.07114982604980469,-0.023891568183898926
641,291000000,imu1_frame,0.6867984706815601,0.026562946538689576,-0.6985253527744324,0.19915974008822163,-0.091796875,-0.041015625,0.0546875,-0.03460979461669922,-0.041467905044555664,-0.02580815553665161
641,316000000,imu1_frame,0.6869999979625874,0.028033719999992785,-0.6985922801751903,0.1980250979598179,-0.02734375,-0.04296875,-0.0078125,-0.025876998901367188,-0.006891727447509766,-0.018848180770874023
641,340000000,imu1_frame,0.6872820185159517,0.02949105127005384,-0.6985796230527099,0.19687614171138068,-0.02734375,-0.04296875,-0.0078125,-0.056267738342285156,-0.05078268051147461,-0.04868370294570923
641,366000000,imu1_frame,0.6880414930824437,0.029580650775671815,-0.6978187470800957,0.19690831653369772,-0.02734375,-0.04296875,-0.0078125,-0.05944633483886719,0.024716615676879883,-0.06700402498245239
641,390000000,imu1_frame,0.6888366802135246,0.029099372149344358,-0.6971601733023503,0.19653230598036833,0.03125,-0.044921875,0.0,-0.059627532958984375,0.019802093505859375,-0.046246886253356934
641,415000000,imu1_frame,0.6897180208060635,0.028603516496652003,-0.6964191019945806,0.19614108441745334,0.033203125,-0.033203125,0.005859375,-0.059609413146972656,0.014490127563476562,-0.022936463356018066
641,440000000,imu1_frame,0.6893988676701722,0.026377272737433018,-0.696405659862693,0.19761730098659505,0.033203125,-0.033203125,0.005859375,-0.06818389892578125,0.08273839950561523,0.004951298236846924
641,465000000,imu1_frame,0.6878493429199414,0.026569114977893136,-0.6980679857305078,0.1971254698714707,0.033203125,-0.033203125,0.005859375,-0.031208038330078125,-0.01839447021484375,0.04163479804992676
641,490000000,imu1_frame,0.6864040319904445,0.027082557547643125,-0.6996979657622223,0.1963130068338502,0.033203125,-0.033203125,0.005859375,-0.023613929748535156,-0.03311586380004883,0.03849738836288452
641,516000000,imu1_frame,0.684914141147189,0.02814033486118009,-0.7013893470488807,0.19532978435674853,0.013671875,-0.025390625,-0.005859375,-0.017844200134277344,0.0011663436889648438,-0.0003140568733215332
641,541000000,imu1_frame,0.6857906452072947,0.027211271539034035,-0.7004736978270841,0.19567150099041525,0.013671875,-0.025390625,-0.005859375,-0.06066322326660156,0.05817079544067383,-0.05218249559402466
641,566000000,imu1_frame,0.6841132566716456,0.027139683874003836,-0.7020849106351902,0.19577861952652337,0.013671875,-0.025390625,-0.005859375,-0.10120677947998047,0.02392864227294922,0.01625847816467285
641,591000000,imu1_frame,0.6837630578373229,0.025192179291040496,-0.7020694674437249,0.19731167660026228,0.013671875,-0.025390625,-0.005859375,-0.07393550872802734,0.05618858337402344,0.004823803901672363
641,616000000,imu1_frame,0.6838457678129485,0.023116963951837242,-0.7017408014285083,0.1984450035461804,0.04296875,-0.013671875,0.0,-0.08473587036132812,0.012104988098144531,0.005026876926422119
641,641000000,imu1_frame,0.6836700116486899,0.02441502074924561,-0.7023980374824726,0.19656098004147463,0.04296875,-0.013671875,0.0,-0.03906059265136719,0.017017841339111328,0.0015450119972229004
641,666000000,imu1_frame,0.682998075679783,0.02235060182207151,-0.7027588237922293,0.19784871694824588,0.04296875,-0.013671875,0.0,-0.05076408386230469,0.052327632904052734,0.020842313766479492
641,691000000,imu1_frame,0.6821748690639913,0.0206708664907595,-0.7031483196071372,0.1994808359961102,0.0,-0.017578125,-0.0078125,-0.06273937225341797,0.010836601257324219,-0.0025600194931030273
641,716000000,imu1_frame,0.6824238158339082,0.0212530775680947,-0.7030088363930103,0.1990593334408568,-0.017578125,-0.025390625,-0.013671875,-0.05861854553222656,0.023316621780395508,0.005004286766052246
641,741000000,imu1_frame,0.6807891752430296,0.022358103195559458,-0.7046900488702994,0.19859040539912054,-0.017578125,-0.025390625,-0.013671875,-0.05111885070800781,0.012877702713012695,0.0010541081428527832
641,766000000,imu1_frame,0.680184898977248,0.02405957669858006,-0.7055652502214758,0.19735074778754302,-0.017578125,-0.025390625,-0.013671875,0.03620433807373047,0.0165252685546875,-0.013608098030090332
641,791000000,imu1_frame,0.6804831286873568,0.023116495654202523,-0.7050422953606537,0.19830204475273594,-0.017578125,-0.025390625,-0.013671875,0.030210494995117188,-0.010535955429077148,-0.006491422653198242
641,815000000,imu1_frame,0.6805727794390874,0.02340666927698181,-0.7050102262215292,0.1980742301335065,-0.009765625,-0.025390625,0.0,0.03252410888671875,-0.0039865970611572266,-0.0033791065216064453
641,841000000,imu1_frame,0.6807763429650779,0.021651826267518264,-0.7044186805594367,0.1996724611890132,-0.009765625,-0.025390625,0.0,-0.09634876251220703,0.21917724609375,-0.03904980421066284
641,866000000,imu1_frame,0.6816582498724643,0.022174057983334015,-0.7037235157407193,0.19905666260359717,-0.009765625,-0.025390625,0.0,-0.09162235260009766,0.00034236907958984375,-0.054106295108795166
641,891000000,imu1_frame,0.6823108160019234,0.021626316308402078,-0.7029933526926068,0.19946077027758294,-0.009765625,-0.025390625,0.0,-0.09808540344238281,0.02359151840209961,0.0020453333854675293
641,916000000,imu1_frame,0.6822772140943405,0.021555262576650656,-0.7028365649183963,0.20013479656627928,-0.044921875,-0.04296875,0.052734375,-0.1002798080444336,0.013602495193481445,0.0014268755912780762
641,941000000,imu1_frame,0.6802391145671096,0.02181614162214763,-0.7045654432921495,0.20096352678089086,-0.044921875,-0.04296875,0.052734375,-0.10050582885742188,0.015001535415649414,-0.014046192169189453
641,966000000,imu1_frame,0.6807573174746272,0.02251469014041001,-0.7040833557926515,0.20082129251747535,-0.044921875,-0.04296875,0.052734375,-0.10111808776855469,-0.014767885208129883,-0.03882277011871338
641,990000000,imu1_frame,0.6815500098333751,0.023448727116685254,-0.7034419881442068,0.20027259075684686,-0.03125,-0.005859375,0.017578125,-0.095367431640625,0.001998424530029297,-0.016903460025787354
642,15000000,imu1_frame,0.6821982531332441,0.02440328444071621,-0.702927380981353,0.19975765366351136,-0.033203125,-0.01171875,0.01171875,-0.08962440490722656,0.019158124923706055,0.0014622211456298828
642,40000000,imu1_frame,0.6818883378880117,0.02607384899612801,-0.7034376052371404,0.1988063997689437,-0.033203125,-0.01171875,0.01171875,-0.00312042236328125,0.017247915267944336,-0.0053460001945495605
642,66000000,imu1_frame,0.6823072594394062,0.025712567493746587,-0.7028314296584336,0.19955863567745868,-0.033203125,-0.01171875,0.01171875,-0.04106616973876953,0.0001785755157470703,0.005998790264129639
642,91000000,imu1_frame,0.681945853690271,0.024120864791398654,-0.7026619140737012,0.20157944098207262,-0.033203125,-0.01171875,0.01171875,-0.015003204345703125,-0.008107185363769531,-0.005688011646270752
642,115000000,imu1_frame,0.6823193308858773,0.02496618841245188,-0.7024812797396471,0.20084091154680256,-0.0078125,-0.001953125,0.0,-0.009037017822265625,0.011725425720214844,0.005346775054931641
642,140000000,imu1_frame,0.6811004495524652,0.026073358870048247,-0.7037984044365674,0.20022528184324126,-0.0078125,-0.001953125,0.0,-0.04734611511230469,-0.03750109672546387,0.0519258975982666
642,166000000,imu1_frame,0.6797294943417002,0.02699689512729568,-0.7052049215500599,0.19981241402134314,-0.0078125,-0.001953125,0.0,-0.08317375183105469,-0.013204574584960938,0.05158358812332153
642,191000000,imu1_frame,0.6807969568251888,0.02642116766792128,-0.7040816866200218,0.2002158935822305,-0.0078125,-0.001953125,0.0,-0.08552837371826172,0.046885013580322266,-0.03398817777633667
642,216000000,imu1_frame,0.6817707893275264,0.025782075156378932,-0.7031660444885036,0.20020336984862191,0.01953125,-0.01171875,-0.017578125,-0.08674335479736328,0.033960819244384766,-0.008614420890808105
642,240000000,imu1_frame,0.6802636621497887,0.026527330942688086,-0.7047964687546744,0.1994983416035248,0.01953125,-0.01171875,-0.017578125,-0.04420661926269531,0.0212705135345459,-0.008955895900726318
642,266000000,imu1_frame,0.6793889767929013,0.02478478744278038,-0.705313813307066,0.2008700009507542,0.01953125,-0.01171875,-0.017578125,-0.051629066467285156,0.021776437759399414,0.005094170570373535
642,291000000,imu1_frame,0.6792132462953188,0.023623838259256246,-0.7053551397498051,0.20145820199586773,0.025390625,-0.021484375,-0.0078125,-0.05752086639404297,-0.0013966560363769531,-0.0004131197929382324
642,316000000,imu1_frame,0.679470112412257,0.024569220997261224,-0.7054960710480632,0.19998003263778225,0.03125,-0.013671875,-0.017578125,-0.049246788024902344,0.030365467071533203,0.007152557373046875
642,340000000,imu1_frame,0.6803753048187399,0.02531668400357795,-0.704998450875586,0.1985590450392379,0.03125,-0.013671875,-0.017578125,-0.08046340942382812,-0.02228069305419922,-0.04640763998031616
642,366000000,imu1_frame,0.6800842949483192,0.023264687126599213,-0.7049763124946877,0.19988122702980748,0.03125,-0.013671875,-0.017578125,-0.05687141418457031,0.12436532974243164,0.022128582000732422
642,390000000,imu1_frame,0.6793769154482875,0.021487744745564447,-0.7053706078043532,0.20109099738038289,0.03125,-0.013671875,-0.017578125,-0.028751373291015625,0.01252293586730957,0.0017794370651245117
642,415000000,imu1_frame,0.6794635268932844,0.020749522239721686,-0.705310982988192,0.2010850323241211,0.037109375,-0.009765625,-0.01953125,-0.03075885772705078,0.0019338130950927734,0.003942131996154785
642,441000000,imu1_frame,0.6798069647141985,0.022351170029047025,-0.7055536222526098,0.19888942166596613,0.037109375,-0.009765625,-0.01953125,-0.053170204162597656,-0.10416364669799805,-0.025171339511871338
642,465000000,imu1_frame,0.67946407214048,0.020470384544184202,-0.7056175733634636,0.2000334426728361,0.037109375,-0.009765625,-0.01953125,-0.06388282775878906,0.01230621337890625,0.0032269954681396484
642,491000000,imu1_frame,0.6803585705789986,0.021404618902434187,-0.7052131116545257,0.19831420745847933,0.037109375,-0.009765625,-0.01953125,-0.09311389923095703,0.005342245101928711,-0.01135331392288208
642,516000000,imu1_frame,0.6812488560935297,0.022022249618206684,-0.7047438842076839,0.19685292546690158,0.04296875,0.001953125,-0.025390625,-0.08506584167480469,0.029598236083984375,0.01311558485031128
642,540000000,imu1_frame,0.6819288991574475,0.020401224928977894,-0.7039562121217596,0.19749029831992618,0.04296875,0.001953125,-0.025390625,-0.05726051330566406,0.07011747360229492,-0.009398043155670166
642,566000000,imu1_frame,0.6818542473209671,0.018345881737775776,-0.703763543740781,0.19863304995654324,0.04296875,0.001953125,-0.025390625,-0.06831169128417969,0.14399361610412598,0.02618354558944702
642,591000000,imu1_frame,0.6814732638713051,0.01653864229490432,-0.7037212678285032,0.2002424559015289,0.001953125,-0.017578125,-0.0078125,-0.08061695098876953,0.09916043281555176,0.014793455600738525
642,616000000,imu1_frame,0.6812353193297682,0.014884622738967058,-0.7035273010487959,0.20185694038745483,-0.0078125,-0.009765625,-0.013671875,-0.09249496459960938,0.055788516998291016,0.007424294948577881
642,640000000,imu1_frame,0.6813528130694134,0.016744156845859674,-0.7038399738355932,0.20021805254529293,-0.0078125,-0.009765625,-0.013671875,-0.1150827407836914,-0.1667006015777588,-0.02737194299697876
642,666000000,imu1_frame,0.6810959484890864,0.018809132095969648,-0.7045269951973651,0.1984848572050773,-0.0078125,-0.009765625,-0.013671875,-0.06684684753417969,-0.11396360397338867,0.006306111812591553
642,690000000,imu1_frame,0.6805698269367174,0.02065205550514823,-0.7053983102335836,0.1970061602751139,-0.0078125,-0.009765625,-0.013671875,-0.052018165588378906,-0.14465022087097168,0.03280842304229736
642,715000000,imu1_frame,0.6801339669426791,0.022153156783747182,-0.7063907498803549,0.19477970412442747,0.0546875,-0.015625,-0.029296875,-0.04002189636230469,-0.09224271774291992,0.02246689796447754
642,741000000,imu1_frame,0.678274959621988,0.02228826619154548,-0.708370675074231,0.19405488665540938,0.0546875,-0.015625,-0.029296875,-0.117401123046875,0.04436898231506348,-0.026810765266418457
642,765000000,imu1_frame,0.6792768315617004,0.021211495695604123,-0.7074912273583992,0.19387940005260704,0.0546875,-0.015625,-0.029296875,-0.08037567138671875,0.06670475006103516,-0.04027271270751953
642,791000000,imu1_frame,0.680421932719473,0.020227180177691272,-0.7065195239570954,0.1935123172405197,0.0546875,-0.015625,-0.029296875,-0.046067237854003906,0.0532231330871582,-0.049588799476623535
642,815000000,imu1_frame,0.6814460667820348,0.019198178202916676,-0.7056240143056012,0.19328072448185918,0.056640625,-0.01171875,-0.0234375,-0.047926902770996094,0.03791022300720215,-0.023209750652313232
642,840000000,imu1_frame,0.6800723578039141,0.019191219334952082,-0.7071311527218102,0.19261053476325496,0.056640625,-0.01171875,-0.0234375,-0.0860280990600586,0.013379335403442383,0.05365180969238281
642,865000000,imu1_frame,0.6785559587448707,0.01975351109038171,-0.7088835749960044,0.19145674903830345,0.056640625,-0.01171875,-0.0234375,-0.08218193054199219,0.04286766052246094,-0.021452903747558594
642,891000000,imu1_frame,0.679391466732464,0.01902190614433196,-0.7080722010724231,0.19157024843696824,0.015625,-0.01953125,-0.021484375,-0.08387470245361328,0.027745723724365234,0.0003629922866821289
642,916000000,imu1_frame,0.67989375837361,0.01856538831563935,-0.7076035116323411,0.19156480367456882,0.015625,-0.005859375,-0.029296875,-0.0846109390258789,0.019387483596801758,0.01361382007598877
642,940000000,imu1_frame,0.6793772961155637,0.020323245640626507,-0.7085275705785746,0.18979498660227934,0.015625,-0.005859375,-0.029296875,-0.10915851593017578,-0.08274149894714355,0.03600263595581055
642,965000000,imu1_frame,0.6793555875540189,0.02155856002562872,-0.7091153789835443,0.18752758047225795,0.080078125,0.037109375,-0.013671875,-0.09803104400634766,-0.035193681716918945,0.03643357753753662
642,990000000,imu1_frame,0.6791813350705235,0.019402469594936127,-0.7091273361950757,0.18834723073704773,0.080078125,0.037109375,-0.013671875,0.009321212768554688,0.03796029090881348,0.03009188175201416
643,15000000,imu1_frame,0.6781973923758439,0.017992125942490198,-0.7098678218075798,0.1892412638428448,0.033203125,-0.001953125,-0.037109375,0.0006275177001953125,0.010439872741699219,0.0029602646827697754
643,41000000,imu1_frame,0.6794362878045827,0.01867060217123332,-0.7090589677655335,0.1877581413951689,0.033203125,-0.001953125,-0.037109375,-0.14721965789794922,-0.004385471343994141,-0.07696998119354248
643,66000000,imu1_frame,0.6802058243354614,0.01723417834221579,-0.7082118644882558,0.18830553532770325,0.033203125,-0.001953125,-0.037109375,-0.15690040588378906,0.12158918380737305,-0.018549203872680664
643,91000000,imu1_frame,0.6807197529443462,0.015447210804892279,-0.7075526378901207,0.18908005247637644,0.0390625,-0.0234375,-0.01171875,-0.1649007797241211,0.08445477485656738,-0.006018161773681641
643,115000000,imu1_frame,0.681334824043581,0.014081757111044793,-0.7067192789437371,0.19008530303895682,0.005859375,-0.001953125,0.00390625,-0.17227840423583984,0.0496830940246582,0.009553849697113037
643,141000000,imu1_frame,0.6812627424897072,0.01588844114437883,-0.7072105353239648,0.18836637667109163,0.005859375,-0.001953125,0.00390625,-0.12141704559326172,-0.09737849235534668,0.008762836456298828
643,166000000,imu1_frame,0.6807534847948881,0.01753440326448559,-0.7080531746306306,0.18689018041957153,0.005859375,-0.001953125,0.00390625,-0.10775184631347656,-0.0879812240600586,0.035373151302337646
643,190000000,imu1_frame,0.6802723298810809,0.019157144970402357,-0.7089551125571811,0.1850546118684519,0.02734375,-0.005859375,-0.0234375,-0.0971841812133789,-0.0390162467956543,0.02372950315475464
643,215000000,imu1_frame,0.6796614574529538,0.020630083755228023,-0.7100222252836234,0.18303863663300857,0.044921875,-0.017578125,-0.01953125,-0.08696842193603516,0.010821342468261719,0.008625924587249756
643,240000000,imu1_frame,0.6794427392809451,0.01861865314067724,-0.7100144849098222,0.18409329431533467,0.044921875,-0.017578125,-0.01953125,-0.05790424346923828,0.0048449039459228516,0.001226961612701416
643,265000000,imu1_frame,0.6797209691336147,0.01931091119249439,-0.71007833931663,0.1827436588840021,0.037109375,-0.0078125,-0.03515625,-0.050772666931152344,0.03130698204040527,0.009550929069519043
643,290000000,imu1_frame,0.6791663223266968,0.02075073047088202,-0.711043098381696,0.18088732969976704,0.037109375,-0.0078125,-0.03515625,-0.045650482177734375,0.0432591438293457,-0.004502534866333008
643,315000000,imu1_frame,0.6795647022199168,0.01913779393557006,-0.7105897080914385,0.18135001266765738,0.05078125,-0.015625,-0.03515625,-0.05167961120605469,0.013120174407958984,0.004807412624359131
643,340000000,imu1_frame,0.6796518079329572,0.017148406016477262,-0.7103359765845162,0.18221457821557122,0.05078125,-0.015625,-0.03515625,-0.09569549560546875,0.08687496185302734,0.005770742893218994
643,366000000,imu1_frame,0.6796130802698506,0.018755719351502137,-0.7109431917701801,0.1798167461427392,0.05078125,-0.015625,-0.03515625,-0.08334636688232422,0.02813124656677246,0.005845427513122559
643,391000000,imu1_frame,0.67964037987139,0.017876203935595296,-0.7108504478222449,0.1801694652599032,0.021484375,-0.015625,-0.029296875,-0.08680152893066406,0.011012077331542969,0.006290256977081299
643,416000000,imu1_frame,0.6796429298213449,0.018758839104501573,-0.7111207437504351,0.1789996695727057,0.01953125,-0.0078125,-0.0234375,-0.08045101165771484,0.03889822959899902,0.007031738758087158
643,440000000,imu1_frame,0.6782797807346334,0.018358815614459036,-0.712361352072827,0.17927854586867298,0.01953125,-0.0078125,-0.0234375,-0.08453845977783203,0.03491926193237305,0.04450279474258423
643,465000000,imu1_frame,0.6784374583541574,0.017125839385157642,-0.7120633165135607,0.17998653839388534,0.01953125,-0.0078125,-0.0234375,-0.09043121337890625,0.0077207088470458984,0.00871819257736206
643,491000000,imu1_frame,0.6782724169776553,0.018710210878203997,-0.7125789495924152,0.17840318655773277,0.0078125,0.0,-0.04296875,-0.08081722259521484,0.051517486572265625,0.00552600622177124
643,515000000,imu1_frame,0.6784370653981561,0.017578845175891287,-0.7122409534154465,0.17923994190491097,0.005859375,0.00390625,-0.05859375,-0.08682823181152344,0.02400827407836914,0.008934855461120605
643,540000000,imu1_frame,0.6792306322283268,0.019447736735256002,-0.7119372108366191,0.17723696455524987,0.005859375,0.00390625,-0.05859375,-0.1560649871826172,-0.11767959594726562,-0.08194047212600708
643,566000000,imu1_frame,0.6801272046653541,0.020382361636385203,-0.7118591833690808,0.1739771475261053,0.123046875,-0.01953125,-0.080078125,-0.14269447326660156,-0.06447100639343262,-0.05739879608154297
643,591000000,imu1_frame,0.678879736914473,0.020463318242343667,-0.7135295391817493,0.17198590677299375,0.123046875,-0.01953125,-0.080078125,0.018001556396484375,-0.0320436954498291,0.10108590126037598
643,616000000,imu1_frame,0.677590932160765,0.020472794289219956,-0.7152073887297683,0.17008757877588548,0.12109375,-0.015625,-0.09375,0.02151966094970703,-0.001763463020324707,0.06691879034042358
643,640000000,imu1_frame,0.6771296364955373,0.018490688518638432,-0.7157391192116417,0.16991487000163263,0.12109375,-0.015625,-0.09375,-0.09789466857910156,0.04877126216888428,0.014064610004425049
643,665000000,imu1_frame,0.6778822647011881,0.01667017470200487,-0.715221025887862,0.1692826766296763,0.12109375,-0.015625,-0.09375,-0.14352703094482422,0.10715031623840332,-0.006384730339050293
643,691000000,imu1_frame,0.6781818142723621,0.015032634867768492,-0.7148947430847004,0.16961412968570738,0.052734375,-0.03125,-0.068359375,-0.14897823333740234,0.07877397537231445,0.000548243522644043
643,715000000,imu1_frame,0.6784301075953774,0.013488808371312585,-0.7146237451153523,0.16989274285311623,0.056640625,-0.03515625,-0.05859375,-0.1541585922241211,0.05261397361755371,0.006259322166442871
643,740000000,imu1_frame,0.6781559582341624,0.01522947580172462,-0.7154694684104166,0.16726027367795812,0.056640625,-0.03515625,-0.05859375,-0.06360149383544922,-0.039368629455566406,1.8775463104248047e-05
643,766000000,imu1_frame,0.6779398896289303,0.017035102693884197,-0.7162702706495967,0.16451203819075416,0.056640625,-0.03515625,-0.05859375,-0.05102729797363281,-0.0548480749130249,-0.004574835300445557
643,790000000,imu1_frame,0.6779191422687798,0.018549384205798155,-0.7168178109819019,0.16203019086041304,0.060546875,-0.033203125,-0.0546875,-0.04011726379394531,-0.0004886388778686523,-0.004094421863555908
643,816000000,imu1_frame,0.6783250520298805,0.01905613649809318,-0.7167892908609422,0.16039046093048417,0.056640625,-0.025390625,-0.05078125,-0.03329753875732422,0.026956915855407715,0.007524728775024414
643,840000000,imu1_frame,0.6786128207605936,0.01729124445064575,-0.7164438342048057,0.16091576925402662,0.056640625,-0.025390625,-0.05078125,-0.07487106323242188,0.14668488502502441,-0.021734237670898438
643,865000000,imu1_frame,0.6790651302149436,0.01528474064748801,-0.7158425237392941,0.16188393013532545,0.044921875,-0.0078125,-0.01171875,-0.08254718780517578,0.10413265228271484,-0.011013984680175781
643,890000000,imu1_frame,0.6779306446299628,0.013831989674733482,-0.7167757068936766,0.16263856596856477,0.044921875,-0.0078125,-0.01171875,-0.05127716064453125,0.03856205940246582,0.032389044761657715
643,915000000,imu1_frame,0.6766479700574471,0.01271544065967372,-0.7177513914087746,0.16376441102002018,0.00390625,-0.0078125,-0.0234375,-0.05963706970214844,0.012352466583251953,-0.002176821231842041
643,941000000,imu1_frame,0.6776115097105262,0.013691208292618618,-0.7170937666675681,0.16257835812256485,0.00390625,-0.0078125,-0.0234375,-0.0558929443359375,0.003328084945678711,-0.015194356441497803
643,966000000,imu1_frame,0.6781159404223055,0.015308530131793112,-0.7169620947466773,0.16090299856383333,0.00390625,-0.0078125,-0.0234375,-0.12420463562011719,0.007531166076660156,-0.0010516643524169922
643,991000000,imu1_frame,0.6786969853420597,0.016380324733128178,-0.7166346612856107,0.15980253218674365,0.0,-0.001953125,-0.013671875,-0.11716938018798828,0.03517580032348633,0.015227258205413818
644,16000000,imu1_frame,0.6781831337847041,0.015153837151778215,-0.7169095886227466,0.16086839344725265,0.0078125,0.005859375,-0.0234375,-0.1244649887084961,0.0055969953536987305,0.000629127025604248
644,41000000,imu1_frame,0.6783069809160224,0.017107547934920617,-0.7171790320604345,0.15893774698636992,0.0078125,0.005859375,-0.0234375,-0.11359691619873047,-0.058925628662109375,0.005202829837799072
644,65000000,imu1_frame,0.6783480608475673,0.01884194035118596,-0.7174744520367964,0.15722372690737946,0.0078125,0.005859375,-0.0234375,-0.06532001495361328,0.027166128158569336,0.007477879524230957
644,91000000,imu1_frame,0.6782488315713309,0.017454831438836412,-0.7174510674618811,0.15791712107739822,0.03125,-0.001953125,-0.03515625,-0.07103252410888672,-0.0011858940124511719,0.003876805305480957
644,115000000,imu1_frame,0.6784122721105608,0.018654679513590375,-0.717628403238565,0.15626345333218306,0.03125,0.0,-0.0390625,-0.06323814392089844,0.037120819091796875,0.009104728698730469
644,141000000,imu1_frame,0.6782724859838128,0.016986920185870225,-0.7175932089341904,0.15721916483517062,0.03125,0.0,-0.0390625,-0.07051277160644531,0.0014836788177490234,0.0041697025299072266
644,165000000,imu1_frame,0.6785345553077989,0.018087424221056584,-0.7177072887173312,0.1554347131766666,0.044921875,0.009765625,-0.0546875,-0.062378883361816406,0.039786458015441895,0.012057840824127197
644,190000000,imu1_frame,0.6772922600706163,0.01742733792423495,-0.7188879090683484,0.15547236582958746,0.044921875,0.009765625,-0.0546875,-0.10139083862304688,0.03421640396118164,0.017676353454589844
644,216000000,imu1_frame,0.6764914494172806,0.015910724725632708,-0.7195154705371831,0.1562166936075267,0.041015625,0.0,-0.05078125,-0.10883808135986328,0.00571286678314209,-0.004611492156982422
644,241000000,imu1_frame,0.6774939645416185,0.016978319957311652,-0.7189520431626878,0.15434255503037464,0.041015625,0.0,-0.05078125,-0.1035165786743164,0.0032453536987304688,-0.016498923301696777
644,265000000,imu1_frame,0.6781733936482184,0.018477099792525764,-0.7187393169327311,0.15216188493176244,0.041015625,0.0,-0.05078125,-0.0891122817993164,-0.06219840049743652,-0.032579779624938965
644,291000000,imu1_frame,0.6787882243460042,0.019858539258001233,-0.7185821060922472,0.14997313663375708,0.04296875,-0.015625,-0.0390625,-0.07931900024414062,-0.01563572883605957,-0.015253424644470215
644,316000000,imu1_frame,0.679527431387435,0.020888197255808566,-0.7181829145863569,0.14838953603149613,0.029296875,-0.00390625,-0.02734375,-0.07181453704833984,0.017521977424621582,0.00524294376373291
644,340000000,imu1_frame,0.6785001213737877,0.019542745530700397,-0.719007854355704,0.14927615940827352,0.029296875,-0.00390625,-0.02734375,-0.11785316467285156,0.02922046184539795,0.012128710746765137
644,366000000,imu1_frame,0.677393128923749,0.018140766800400835,-0.719899082169996,0.1501824655463621,0.029296875,-0.00390625,-0.02734375,-0.1253662109375,0.04012179374694824,0.0208318829536438
644,390000000,imu1_frame,0.6765854644342764,0.016416565512837898,-0.7204823555260248,0.15122096768863738,0.0390625,-0.0078125,-0.017578125,-0.13383197784423828,0.00469815731048584,-0.0017889142036437988
644,416000000,imu1_frame,0.6772685744969891,0.017398268000347328,-0.7200936919738569,0.14989880936439998,0.017578125,-0.001953125,-0.01171875,-0.12671852111816406,0.03384220600128174,0.017111241817474365
644,441000000,imu1_frame,0.6777941420262247,0.01566535604092683,-0.7193930746470064,0.15107382898759023,0.017578125,-0.001953125,-0.01171875,-0.02023792266845703,0.18356990814208984,-0.0444907546043396
644,465000000,imu1_frame,0.6780282751253279,0.014039175890566375,-0.7187460372462968,0.15324716510797584,-0.046875,-0.01953125,0.048828125,-0.029726028442382812,0.13102948665618896,-0.03922909498214722
644,490000000,imu1_frame,0.6779063083451561,0.012193909134147305,-0.7183660590392775,0.1557066180553918,-0.046875,-0.01953125,0.048828125,-0.03748607635498047,0.10794055461883545,-0.00822991132736206
644,515000000,imu1_frame,0.6779685934368194,0.010918931878228497,-0.717647202153717,0.15881390518742874,-0.115234375,0.001953125,0.06640625,-0.049373626708984375,0.04851937294006348,-0.007173299789428711
644,541000000,imu1_frame,0.6775593212505762,0.013313332802889214,-0.7180035464197941,0.1587672153964311,-0.115234375,0.001953125,0.06640625,-0.08199024200439453,-0.2987323999404907,0.02222311496734619
644,566000000,imu1_frame,0.6773680312673491,0.01562944448651877,-0.7181580890582995,0.1586733430736551,-0.115234375,0.001953125,0.06640625,-0.07938766479492188,-0.5299646854400635,-0.02060621976852417
644,590000000,imu1_frame,0.6774705383400753,0.01795039097950036,-0.7184378429683356,0.15671157881885026,-0.01171875,0.013671875,-0.052734375,-0.0677347183227539,-0.47162437438964844,-0.016368210315704346
644,615000000,imu1_frame,0.6775410480040485,0.02007153580507795,-0.7188690280694008,0.1541511667246031,0.033203125,0.001953125,-0.068359375,-0.055541038513183594,-0.4079725742340088,-0.012925386428833008
644,640000000,imu1_frame,0.6786099008456019,0.02116438422076686,-0.7182120928850785,0.15235504897611224,0.033203125,0.001953125,-0.068359375,-0.08576583862304688,0.010532259941101074,-0.01888298988342285
644,665000000,imu1_frame,0.6792081711102078,0.0198864769240852,-0.7175893905080172,0.15279481327259417,0.033203125,0.001953125,-0.068359375,-0.046341896057128906,0.05895578861236572,-0.004067897796630859
644,691000000,imu1_frame,0.6797659211963218,0.017939138399269465,-0.7169269018445344,0.15366293341338033,0.048828125,0.013671875,-0.01953125,-0.052834510803222656,0.018208026885986328,0.00930696725845337
644,716000000,imu1_frame,0.6793709041425581,0.01672492065066756,-0.7171561524058577,0.1544749322711554,0.025390625,0.01953125,-0.005859375,-0.058608055114746094,-0.00834798812866211,-0.0019178390502929688
644,740000000,imu1_frame,0.6782067694291409,0.016297447209406745,-0.7182148149097833,0.15471732533575663,0.025390625,0.01953125,-0.005859375,-0.10112953186035156,0.025353431701660156,0.041170358657836914
644,766000000,imu1_frame,0.6765592417460493,0.016037878768916956,-0.7195910201475485,0.15556073597027933,-0.017578125,0.00390625,0.009765625,-0.10659122467041016,0.01597130298614502,-0.0026340484619140625
644,790000000,imu1_frame,0.6770278841469408,0.017699910381280683,-0.7193876154761075,0.15427707528862317,-0.017578125,0.00390625,0.009765625,-0.1411609649658203,-0.0974808931350708,-0.02830517292022705
644,816000000,imu1_frame,0.6775787127221369,0.01935917143362085,-0.7191761065019967,0.15263694960213348,0.00390625,0.005859375,0.001953125,-0.13184165954589844,-0.054165005683898926,-0.012525796890258789
644,840000000,imu1_frame,0.6760248794083541,0.018663687902092028,-0.7204756617636029,0.15348240935401153,0.00390625,0.005859375,0.001953125,-0.0991373062133789,0.008106231689453125,-0.015018820762634277
644,865000000,imu1_frame,0.6771156219965556,0.019386128897039286,-0.7196181701575562,0.15260505114083064,0.00390625,0.005859375,0.001953125,-0.05035209655761719,-0.012761354446411133,-0.024721801280975342
644,891000000,imu1_frame,0.6780200812654439,0.019889214140202283,-0.7188913458106652,0.15194874622785254,0.00390625,-0.005859375,0.0234375,-0.045823097229003906,-2.0265579223632812e-06,-0.0001964569091796875
644,915000000,imu1_frame,0.6782947073452595,0.020330400493431308,-0.7187375268477117,0.15139132175927458,0.0078125,-0.005859375,0.021484375,-0.04276561737060547,0.012685298919677734,0.0075716376304626465
644,941000000,imu1_frame,0.678470707995098,0.020944433359232306,-0.7187025965971203,0.15068313358982244,0.0078125,-0.005859375,0.021484375,-0.11724853515625,0.030150890350341797,0.012833356857299805
644,966000000,imu1_frame,0.6779116649639707,0.019153969580682963,-0.7189422640702926,0.15228565555744628,0.0078125,-0.005859375,0.021484375,-0.09195423126220703,-0.014410734176635742,-0.003870368003845215
644,991000000,imu1_frame,0.6783034476008759,0.020490817490491885,-0.7187942968739974,0.15106064395716334,-0.00390625,-0.005859375,0.005859375,-0.08494281768798828,0.019396662712097168,0.007531523704528809
645,15000000,imu1_frame,0.6781988182674382,0.019999859519302506,-0.7187999833713455,0.1515683094357517,-0.00390625,-0.0078125,0.00390625,-0.08705425262451172,0.005983471870422363,0.004869580268859863
645,41000000,imu1_frame,0.6789620013403174,0.018678786466704175,-0.7178768047862488,0.152691181218721,-0.00390625,-0.0078125,0.00390625,-0.092620849609375,0.044236183166503906,-0.011538982391357422
645,65000000,imu1_frame,0.6797407454384587,0.01776047163425251,-0.7169815404934056,0.1535400769499629,-0.0078125,0.005859375,0.00390625,-0.0960092544555664,0.017431259155273438,0.008513033390045166
645,91000000,imu1_frame,0.6787871303892337,0.019332763192049292,-0.7180813703100728,0.15242513407872701,-0.0078125,0.005859375,0.00390625,-0.04740619659423828,-0.016701102256774902,0.019588947296142578
645,115000000,imu1_frame,0.6777855085557803,0.020700842842748163,-0.7192362102299323,0.1512532756387999,0.005859375,-0.001953125,0.00390625,-0.042603492736816406,0.021486639976501465,-0.005938589572906494
645,140000000,imu1_frame,0.6782173856183962,0.018975269483404632,-0.7185805363230414,0.15265362691619797,0.005859375,-0.001953125,0.00390625,-0.1279888153076172,0.051371097564697266,0.0041155219078063965
645,165000000,imu1_frame,0.6786112159013539,0.017484167038561545,-0.7179920442678244,0.15384585117566338,0.005859375,-0.001953125,0.00390625,-0.13434123992919922,0.013242959976196289,0.013463079929351807
645,190000000,imu1_frame,0.6783700471019494,0.018706539600361564,-0.7184199127692644,0.15276443796800912,0.001953125,0.005859375,0.001953125,-0.128692626953125,0.04560506343841553,0.008005678653717041
645,216000000,imu1_frame,0.6786044854292715,0.017336940512389508,-0.7179553656446366,0.15406322011115933,-0.005859375,0.0,-0.00390625,-0.1352987289428711,0.008302450180053711,0.013178825378417969
645,241000000,imu1_frame,0.6783242868730357,0.01920020965204077,-0.7185046288892641,0.15250774423682897,-0.005859375,0.0,-0.00390625,-0.09169578552246094,0.020956873893737793,0.007141053676605225
645,266000000,imu1_frame,0.6783803009871064,0.02097100156320807,-0.7187251173803931,0.15097877325180203,-0.005859375,0.0,-0.00390625,-0.11851787567138672,0.026967525482177734,0.009991705417633057
645,291000000,imu1_frame,0.6783429539694918,0.020120407397091217,-0.718648892175727,0.15162379688135733,0.0078125,-0.0078125,0.01171875,-0.12179088592529297,0.006451725959777832,0.008805036544799805
645,316000000,imu1_frame,0.6783608340005424,0.02115473614447574,-0.7188557714721764,0.15041753838528432,0.015625,-0.0078125,0.01171875,-0.11668777465820312,0.03709149360656738,0.009683549404144287
645,341000000,imu1_frame,0.6783484986499054,0.019081482988460702,-0.718583528297818,0.15204250802140606,0.015625,-0.0078125,0.01171875,-0.09082603454589844,0.06056976318359375,0.007704555988311768
645,366000000,imu1_frame,0.678397409252935,0.017208664824120787,-0.7182518419830675,0.15360699353156843,0.0078125,-0.00390625,0.0078125,-0.0996084213256836,0.013266324996948242,0.0076444149017333984
645,390000000,imu1_frame,0.6783385957955963,0.018721749250219473,-0.7185862530796554,0.15211851446819905,0.0078125,-0.00390625,0.0078125,-0.09200096130371094,0.019388675689697266,0.007147610187530518
645,416000000,imu1_frame,0.6783245578986884,0.018384097578871474,-0.7185485634828925,0.15240006897777714,0.0,-0.009765625,0.001953125,-0.09288311004638672,0.010809063911437988,0.0072054266929626465
645,441000000,imu1_frame,0.6783679801659072,0.019037232968394956,-0.7186378853438923,0.1517038463421192,0.005859375,0.0,0.0,-0.08959388732910156,0.02915477752685547,0.00865393877029419
645,466000000,imu1_frame,0.6791453372783739,0.017712539246566218,-0.7177295282935333,0.15268333577055798,0.005859375,0.0,0.0,-0.051918983459472656,0.030182957649230957,-0.007357239723205566
645,490000000,imu1_frame,0.6797921313496201,0.016662188146242405,-0.7169705095920841,0.15348719170206762,0.00390625,0.00390625,0.005859375,-0.05570220947265625,0.0025690793991088867,0.009213149547576904
645,515000000,imu1_frame,0.6791581748160831,0.017644672378698947,-0.7177118274365542,0.15271729396115322,0.0,0.00390625,0.00390625,-0.052008628845214844,0.028706908226013184,-0.006917178630828857
645,541000000,imu1_frame,0.6779187830654932,0.018995267439829162,-0.7190605908506973,0.15171410635579005,0.0,0.00390625,0.00390625,-0.09087467193603516,0.03000056743621826,-0.0037103891372680664
645,566000000,imu1_frame,0.678643002413796,0.018222715706442207,-0.7182705187763917,0.15231240843661997,0.0,0.00390625,0.00390625,-0.0930318832397461,0.008734703063964844,0.015141427516937256
645,591000000,imu1_frame,0.6776167917946845,0.019271083279725452,-0.7193936905508594,0.15144908987088507,0.005859375,0.00390625,0.001953125,-0.09009647369384766,0.03842771053314209,-0.011605679988861084
645,615000000,imu1_frame,0.678426635712158,0.01841395093158009,-0.7185281492003955,0.15203790702987874,0.00390625,0.001953125,0.0,-0.09241008758544922,0.01583874225616455,0.009324908256530762
645,641000000,imu1_frame,0.6777351141112676,0.01739484795577134,-0.718997728691653,0.1530189547128937,0.00390625,0.001953125,0.0,-0.055472373962402344,-0.009285569190979004,-0.009574592113494873
645,666000000,imu1_frame,0.678410976405369,0.018269193360553264,-0.718564607670281,0.15195291464899208,0.009765625,0.0,0.0,-0.04953575134277344,0.014973759651184082,0.008900821208953857
645,691000000,imu1_frame,0.6784368124911341,0.016494064607818236,-0.7182752210004586,0.15340190411570997,0.009765625,0.0,0.0,-0.10096549987792969,0.005843997001647949,0.008210599422454834
645,716000000,imu1_frame,0.6784088481855077,0.017618680036042594,-0.7185268300329181,0.15221764464163345,0.009765625,-0.001953125,-0.001953125,-0.09492301940917969,0.037483930587768555,0.008345067501068115
645,740000000,imu1_frame,0.6783991940358859,0.01610048741858199,-0.7183064463873216,0.15346386191792036,0.0078125,-0.005859375,0.00390625,-0.10226917266845703,-0.0003752708435058594,0.006935715675354004
645,765000000,imu1_frame,0.6785073317700068,0.014585238215156665,-0.7179756903527867,0.1546802496215741,0.0078125,-0.005859375,0.00390625,-0.1054391860961914,0.0008622407913208008,0.008886933326721191
645,790000000,imu1_frame,0.6783465987252615,0.016060253396024966,-0.7183628077078182,0.1534367516629081,-0.005859375,-0.009765625,0.001953125,-0.09848594665527344,0.03865766525268555,0.0055122971534729
645,816000000,imu1_frame,0.6785213215450833,0.01464896502254776,-0.7179650496417922,0.1546622498392566,0.0,-0.0078125,0.0,-0.10515785217285156,0.0019429922103881836,0.009328484535217285
645,840000000,imu1_frame,0.6783584387509763,0.016019243709010863,-0.7183553959378655,0.15342339304448246,0.0,-0.0078125,0.0,-0.0985422134399414,0.038220763206481934,0.005802810192108154
645,866000000,imu1_frame,0.6793633681264575,0.015485613808916481,-0.7173554456173777,0.1537100336865816,0.0,-0.0078125,0.0,-0.09894371032714844,0.023551344871520996,-0.002747178077697754
645,891000000,imu1_frame,0.6802860696460705,0.015319497705889168,-0.7164491517360149,0.15387264023303718,-0.005859375,0.025390625,-0.001953125,-0.09827518463134766,0.01597142219543457,0.021896302700042725
645,916000000,imu1_frame,0.6786907783000049,0.01558490704294045,-0.7179670013759254,0.1538158738825689,0.009765625,0.021484375,0.0,-0.1001291275024414,0.025784730911254883,-0.02072882652282715
645,941000000,imu1_frame,0.6785450523855953,0.017333165203812128,-0.7184174018174561,0.1521598174055914,0.009765625,0.021484375,0.0,-0.05245018005371094,-0.0013413429260253906,0.011679887771606445
645,965000000,imu1_frame,0.677722577814696,0.018485758245521157,-0.7193919795950018,0.15108131571003725,0.01171875,0.005859375,-0.001953125,-0.0481109619140625,0.03194129467010498,-0.009374260902404785
645,990000000,imu1_frame,0.6781185867777003,0.016683610975652196,-0.7187687076776054,0.15247420849078855,0.01171875,0.005859375,-0.001953125,-0.05954742431640625,0.060976624488830566,-8.881092071533203e-05
646,16000000,imu1_frame,0.6784016168739204,0.01509551165952965,-0.7182020791034439,0.1540426737046525,-0.009765625,0.005859375,-0.005859375,-0.06737232208251953,0.016857624053955078,0.006412982940673828
646,40000000,imu1_frame,0.6783269586108078,0.0147697644307878,-0.7181877921638024,0.1544690469555421,-0.0078125,0.001953125,-0.0078125,-0.06896114349365234,0.006754517555236816,0.0047190189361572266
646,66000000,imu1_frame,0.6789642484484593,0.016461592397664475,-0.7178737659388327,0.15295038895455695,-0.0078125,0.001953125,-0.0078125,-0.09914779663085938,-0.025483131408691406,-0.012987732887268066
646,91000000,imu1_frame,0.67953191658404,0.017874688829256875,-0.7175849252916725,0.15162039716681713,-0.00390625,-0.001953125,-0.00390625,-0.09127140045166016,0.010216355323791504,0.003022611141204834
646,116000000,imu1_frame,0.6798680216507945,0.018588551666380862,-0.7173727358678734,0.1510307806939481,-0.0078125,0.0,-0.0078125,-0.0869283676147461,0.02689194679260254,0.01297825574874878
646,141000000,imu1_frame,0.679172820479156,0.01739654199469062,-0.7177817128182722,0.1523517410228137,-0.0078125,0.0,-0.0078125,-0.0948629379272461,-0.0050688982009887695,-0.006843447685241699
646,166000000,imu1_frame,0.6797870046639323,0.018585181491771983,-0.7173964869747802,0.15128284699595274,-0.0078125,0.0,-0.0078125,-0.08808231353759766,0.023818492889404297,0.01043170690536499
646,191000000,imu1_frame,0.6794156658483718,0.017592121128157192,-0.7175813817685459,0.15219011404545993,0.00390625,0.001953125,-0.001953125,-0.09328746795654297,-0.001026153564453125,2.473592758178711e-05
646,216000000,imu1_frame,0.6797996543206777,0.018700537108851265,-0.7174188071247726,0.15110584065811633,0.0,-0.00390625,0.001953125,-0.08729743957519531,0.02775287628173828,0.01088404655456543
646,241000000,imu1_frame,0.6782610948362306,0.018179639016112643,-0.7187349812938315,0.15182692324274005,0.0,-0.00390625,0.001953125,-0.09272289276123047,0.01590287685394287,0.004806101322174072
646,266000000,imu1_frame,0.6785615705969041,0.018526651333767238,-0.7184733850729402,0.15168043064697034,-0.013671875,0.00390625,-0.01171875,-0.0904684066772461,0.021638870239257812,0.013517618179321289
646,291000000,imu1_frame,0.6790959936812393,0.02026138104251988,-0.7182257519859285,0.15023274273136267,-0.013671875,0.00390625,-0.01171875,-0.04327964782714844,-0.014468073844909668,-0.006761789321899414
646,316000000,imu1_frame,0.6796027764187669,0.021475158848770725,-0.7179735051000008,0.1489729163665085,0.00390625,0.001953125,-0.009765625,-0.0363922119140625,0.01769864559173584,0.007770121097564697
646,341000000,imu1_frame,0.6791427181309965,0.02015464817559024,-0.7181766584418301,0.15027057541610409,0.0,0.00390625,0.005859375,-0.043598175048828125,-0.016621112823486328,-0.005629181861877441
646,365000000,imu1_frame,0.6784767009668758,0.018524748874874913,-0.7185109792932604,0.15188210085216577,0.0,0.00390625,0.005859375,-0.048691749572753906,0.019306182861328125,0.010733544826507568
646,390000000,imu1_frame,0.6777594987692164,0.01724176756271221,-0.7189425855610541,0.153187277364017,0.0,0.005859375,0.001953125,-0.05652332305908203,-0.013709545135498047,-0.00927799940109253
646,415000000,imu1_frame,0.6783488360977288,0.018392867853824362,-0.7185802313625806,0.15214141471627124,-0.005859375,0.0,0.001953125,-0.04988384246826172,0.014422893524169922,0.007231712341308594
646,441000000,imu1_frame,0.6782823852280973,0.020226741518980372,-0.7189209646541165,0.15058728830018123,-0.005859375,0.0,0.001953125,-0.08448600769042969,0.022067546844482422,0.0067999958992004395
646,466000000,imu1_frame,0.6783562892480667,0.018531969452540993,-0.7185542282264376,0.15221409935913274,-0.005859375,0.0,0.001953125,-0.09270477294921875,0.015390872955322266,0.007481098175048828
646,490000000,imu1_frame,0.6784077157199851,0.018889340667992378,-0.7185336678029929,0.15203793044598726,-0.009765625,0.005859375,-0.009765625,-0.09069633483886719,0.02248358726501465,0.009633898735046387
646,516000000,imu1_frame,0.6782414464986601,0.018209191717322465,-0.7185606345104679,0.1527336901941431,-0.001953125,0.009765625,-0.009765625,-0.0944671630859375,0.004213094711303711,0.0047116875648498535
646,540000000,imu1_frame,0.6792028750969908,0.01938742637177623,-0.7178723757010005,0.1515481255709292,-0.001953125,0.009765625,-0.009765625,-0.048553466796875,-0.044646382331848145,-0.0436784029006958
646,566000000,imu1_frame,0.6802265540554556,0.020497269187526958,-0.7171514357108749,0.15021822583004218,0.009765625,0.009765625,-0.009765625,-0.041007041931152344,-0.014713644981384277,-0.015599489212036133
646,591000000,imu1_frame,0.6811497592710742,0.01978733503709994,-0.7162200397679284,0.15057330922814283,0.009765625,0.009765625,-0.009765625,-0.03825187683105469,0.00655210018157959,0.00865161418914795
646,616000000,imu1_frame,0.6804241388228219,0.019775350774163123,-0.7169403149412502,0.15042776213492204,0.01953125,0.01953125,-0.01171875,-0.03878593444824219,0.010709762573242188,-0.010542690753936768
646,640000000,imu1_frame,0.6813623999440314,0.01952055243679805,-0.7161157966976363,0.15014124581600377,0.025390625,0.017578125,-0.013671875,-0.03746318817138672,0.007879137992858887,0.014252245426177979
646,665000000,imu1_frame,0.6803959645100448,0.01843030368339245,-0.716899799652323,0.15091829790665837,0.025390625,0.017578125,-0.013671875,-0.0867156982421875,0.05966770648956299,0.06168705224990845
646,691000000,imu1_frame,0.6792467009549977,0.017578494593008184,-0.7178024786750516,0.15190298673017394,0.0,0.013671875,-0.021484375,-0.09301185607910156,0.03835761547088623,0.030540943145751953
646,716000000,imu1_frame,0.678075450684939,0.016534126218100437,-0.7186648958289339,0.15317007981916092,-0.005859375,0.013671875,-0.013671875,-0.1007394790649414,0.010671854019165039,-0.001260221004486084
646,741000000,imu1_frame,0.6790177102746837,0.01801124974552202,-0.7180327450076089,0.15178775020655674,-0.005859375,0.013671875,-0.013671875,-0.08816242218017578,-0.06653439998626709,-0.04959207773208618
646,766000000,imu1_frame,0.6801451351026888,0.019139226543903893,-0.7171670666207818,0.15069068902221408,-0.005859375,0.013671875,-0.013671875,-0.08483505249023438,-0.039783358573913574,-0.05789858102798462
646,791000000,imu1_frame,0.6811312018729887,0.019694539827581434,-0.7164437862524221,0.14960184516352498,0.025390625,-0.005859375,0.01171875,-0.07941055297851562,-0.020687460899353027,-0.031225621700286865
646,815000000,imu1_frame,0.6819635280165939,0.020427196254585937,-0.7158339219987762,0.14862796582133223,0.009765625,-0.005859375,0.00390625,-0.07411479949951172,-0.0001252889633178711,-0.008458971977233887
646,841000000,imu1_frame,0.6808107209634912,0.019096961356293126,-0.7167113097357369,0.1498564872970537,0.009765625,-0.005859375,0.00390625,-0.08184242248535156,0.08184647560119629,0.07321184873580933
646,866000000,imu1_frame,0.6795201174888721,0.018273312136998402,-0.7176123899858893,0.15149572182142018,-0.04296875,-0.01171875,0.001953125,-0.08978748321533203,0.052637338638305664,0.03828650712966919
646,890000000,imu1_frame,0.6804246678290329,0.0190593568540247,-0.7167819887521722,0.15126993398075417,-0.04296875,-0.01171875,0.001953125,-0.04691028594970703,-0.010526776313781738,-0.05044412612915039
646,915000000,imu1_frame,0.6814925015418501,0.019568900152323924,-0.7158178046814991,0.15096323721363047,-0.01953125,0.001953125,0.009765625,-0.04327583312988281,-0.0028513669967651367,-0.021511197090148926
646,940000000,imu1_frame,0.6823576780152217,0.019990772905813452,-0.715059672320028,0.15059227494754568,-0.009765625,-0.00390625,0.009765625,-0.040042877197265625,0.005124926567077637,0.0020130276679992676
646,965000000,imu1_frame,0.6809965706061493,0.02074913713882135,-0.716400031950453,0.1502801994676886,-0.009765625,-0.00390625,0.009765625,-0.07445907592773438,-0.014599919319152832,0.04429513216018677
646,990000000,imu1_frame,0.6795425506039723,0.021782786702315825,-0.7178472223190279,0.14980920375926673,-0.015625,-0.005859375,0.0,-0.07277584075927734,0.01102137565612793,0.006471395492553711
647,16000000,imu1_frame,0.6794482484530827,0.022131105690834818,-0.7179691525302443,0.14960142997291778,-0.005859375,0.001953125,-0.0078125,-0.07091712951660156,0.018887042999267578,0.004859626293182373
647,40000000,imu1_frame,0.6794862017737987,0.02050724715216961,-0.7176537796025053,0.1511654955189671,-0.005859375,0.001953125,-0.0078125,-0.040345191955566406,0.05333542823791504,0.0038445591926574707
647,66000000,imu1_frame,0.6795433354234584,0.01883010877014872,-0.7173034818242525,0.15278087985107888,-0.005859375,0.001953125,-0.0078125,-0.04858112335205078,0.008057475090026855,0.004050731658935547
647,90000000,imu1_frame,0.6794655386666253,0.019188735282851564,-0.7173806270700764,0.1527200383291642,-0.017578125,-0.001953125,-0.013671875,-0.04703044891357422,0.014051079750061035,0.002785623073577881
647,115000000,imu1_frame,0.6795926411106583,0.018877854558875775,-0.7171520782166975,0.15326566955768617,-0.017578125,0.00390625,-0.01171875,-0.049007415771484375,0.001978278160095215,0.005934536457061768
647,141000000,imu1_frame,0.6794765775687204,0.02104859955030992,-0.7175553686966086,0.15160088999456253,-0.017578125,0.00390625,-0.01171875,-0.039997100830078125,-0.06205487251281738,0.004038751125335693
647,165000000,imu1_frame,0.6793945577877061,0.022776738949613923,-0.7179146869747135,0.1500091905093404,0.001953125,0.001953125,-0.001953125,-0.03197765350341797,-0.01627182960510254,0.0033272504806518555
647,191000000,imu1_frame,0.6795959627698975,0.021008139968726157,-0.7174518642640684,0.15156123483900308,0.001953125,0.001953125,-0.001953125,-0.08284378051757812,0.0156404972076416,0.007137954235076904
647,216000000,imu1_frame,0.6795465264225792,0.021004287778818128,-0.7174529644127079,0.151778068828567,-0.01171875,0.00390625,0.001953125,-0.08278274536132812,0.012734413146972656,0.006445586681365967
647,241000000,imu1_frame,0.679606757813304,0.021371343305592205,-0.7173819082792929,0.15179301068680243,-0.01953125,0.009765625,0.009765625,-0.08177375793457031,0.01747310161590576,0.008362948894500732
647,266000000,imu1_frame,0.6794315634857746,0.02328727507401039,-0.7177746981624443,0.15043249661132066,-0.01953125,0.009765625,0.009765625,-0.03162097930908203,-0.014903068542480469,0.0047765374183654785
647,290000000,imu1_frame,0.679220543137537,0.024622139916680635,-0.7181860397847235,0.14920461207418598,0.00390625,0.001953125,0.01171875,-0.025844573974609375,0.02095651626586914,0.00036782026290893555
647,316000000,imu1_frame,0.679419667557958,0.023212698472254562,-0.7177787130749128,0.1504785865882319,0.0,0.0,0.013671875,-0.031833648681640625,-0.01654183864593506,0.0044855475425720215
647,340000000,imu1_frame,0.6796601830880928,0.02152542737955482,-0.7172835032145746,0.1519969325908097,0.0,0.0,0.013671875,-0.11762714385986328,0.016846656799316406,0.009268403053283691
647,365000000,imu1_frame,0.6796525733791724,0.021894946569885797,-0.7173470589116603,0.15167790836031989,0.0,0.0,0.013671875,-0.11533355712890625,0.02620995044708252,0.009939730167388916
647,391000000,imu1_frame,0.6796353811107042,0.02109062681811226,-0.717201430144361,0.15255504843108386,-0.005859375,0.005859375,0.017578125,-0.1195058822631836,0.00326383113861084,0.008832454681396484
647,415000000,imu1_frame,0.6796243253343242,0.022367025714434306,-0.7174102865196997,0.15143636739659502,-0.001953125,0.0,0.01171875,-0.11422157287597656,0.03626132011413574,0.009007275104522705
647,440000000,imu1_frame,0.6792798460043111,0.023713869923456542,-0.7179303501721341,0.15030820166354666,-0.001953125,0.0,0.01171875,-0.06961631774902344,0.03232550621032715,0.0010744333267211914
647,466000000,imu1_frame,0.6795741371801667,0.022459821019209146,-0.7174444357437322,0.15148607241583148,-0.005859375,-0.005859375,-0.001953125,-0.07501220703125,-0.002014756202697754,0.007851183414459229
647,490000000,imu1_frame,0.67947784477883,0.021013797803215467,-0.7172805969334451,0.15289481357914766,-0.005859375,-0.005859375,-0.001953125,-0.08623027801513672,-0.0017092227935791016,0.0039861202239990234
647,516000000,imu1_frame,0.679567902837878,0.02229277700086036,-0.7174121472247889,0.15169149132511203,0.0,-0.0078125,0.001953125,-0.07979202270507812,0.031972408294677734,0.007584750652313232
647,541000000,imu1_frame,0.679453512411846,0.020951674696184898,-0.7172904230117281,0.1529653583471981,-0.00390625,-0.0078125,-0.0078125,-0.08661842346191406,-0.0034366846084594727,0.003269374370574951
647,566000000,imu1_frame,0.679565350734695,0.02233701328221508,-0.717408483267913,0.1517137437864269,-0.00390625,-0.0078125,-0.0078125,-0.0798492431640625,0.032323479652404785,0.007447242736816406
647,591000000,imu1_frame,0.6794753983923417,0.021000815717201426,-0.717249432186975,0.15305358782544853,-0.0078125,-0.005859375,-0.00390625,-0.086669921875,-0.004002094268798828,0.0038930773735046387
647,616000000,imu1_frame,0.6795935047200466,0.022349772086802527,-0.7173799866844028,0.15172050202486756,0.00390625,-0.00390625,-0.005859375,-0.07983684539794922,0.03232443332672119,0.008165597915649414
647,640000000,imu1_frame,0.6794880954629808,0.0209601945221593,-0.7172656717016833,0.1529266313237075,0.00390625,-0.00390625,-0.005859375,-0.08644485473632812,-0.002917766571044922,0.00420224666595459
647,666000000,imu1_frame,0.6779193063082211,0.021767978212696253,-0.7188444877201094,0.15236197600951923,0.00390625,-0.00390625,-0.005859375,-0.08519935607910156,0.021225333213806152,-0.0014548301696777344
647,691000000,imu1_frame,0.6785010804445464,0.02142093504489601,-0.718279390640289,0.15248653828715705,0.00390625,-0.005859375,-0.01171875,-0.0851297378540039,0.012661337852478027,0.014024615287780762
647,715000000,imu1_frame,0.6772802105009067,0.021830885265814462,-0.7194597525034642,0.1522911469521872,0.0,-0.005859375,-0.00390625,-0.08598899841308594,0.025233149528503418,-0.01843726634979248
647,741000000,imu1_frame,0.6780929232365898,0.0206919749086378,-0.7185408975806173,0.15316921405712552,0.0,-0.005859375,-0.00390625,-0.12497711181640625,0.03385770320892334,0.0021036267280578613
647,765000000,imu1_frame,0.6785766079822657,0.020067626561143623,-0.7179556451245843,0.15385307633332165,-0.013671875,-0.0078125,0.00390625,-0.12722206115722656,0.014280319213867188,0.01474010944366455
647,791000000,imu1_frame,0.6782758065699065,0.022041923100680913,-0.7185086736198699,0.15231995857727174,-0.013671875,-0.0078125,0.00390625,-0.08391189575195312,-0.0536876916885376,0.008167028427124023
647,816000000,imu1_frame,0.6780743179008188,0.023775123411668445,-0.7189808288975522,0.150720040432213,0.001953125,-0.009765625,0.00390625,-0.07608318328857422,-0.0073168277740478516,0.004360973834991455
647,841000000,imu1_frame,0.6780673581446593,0.024835886161281684,-0.7192369827606442,0.14935193070955227,0.0234375,-0.013671875,0.013671875,-0.07039451599121094,0.025880813598632812,0.005120456218719482
647,865000000,imu1_frame,0.6780452909772658,0.022742208082716545,-0.7190094207609916,0.1508735504056975,0.0234375,-0.013671875,0.013671875,-0.03610801696777344,0.09341585636138916,0.0026619434356689453
647,890000000,imu1_frame,0.6780169049398169,0.02075578354660958,-0.718755213376793,0.15249005642624164,0.009765625,-0.015625,0.0078125,-0.04509162902832031,0.04405641555786133,0.00020891427993774414
647,915000000,imu1_frame,0.6781391819704157,0.019028233164190743,-0.7183847302873942,0.1539108687164509,0.005859375,-0.013671875,0.005859375,-0.05294609069824219,0.0004564523696899414,0.002068638801574707
647,941000000,imu1_frame,0.6774874126465686,0.020709227685068037,-0.7192834626463227,0.15235889851814452,0.005859375,-0.013671875,0.005859375,-0.08864784240722656,-0.07026469707489014,0.025249004364013672
647,965000000,imu1_frame,0.6776727935028904,0.022200493067428946,-0.7193818837812853,0.15085233952723803,0.005859375,-0.013671875,0.005859375,-0.038055419921875,-0.029837369918823242,-0.007721662521362305
647,990000000,imu1_frame,0.6779982174705145,0.02345697118195006,-0.7193706005777946,0.1492451896515166,0.0234375,-0.009765625,-0.001953125,-0.03069019317626953,0.0081709623336792,0.0019956231117248535
648,16000000,imu1_frame,0.6779490814982408,0.022797180021898258,-0.7194189686970814,0.14933746669060785,0.02734375,-0.01953125,0.00390625,-0.031876564025878906,-0.0022939443588256836,0.0007966756820678711
648,41000000,imu1_frame,0.6778932075025209,0.020655352115666253,-0.7192319286017597,0.15079651365570504,0.02734375,-0.01953125,0.00390625,-0.0024194717407226562,0.10080134868621826,-0.0031386613845825195
648,66000000,imu1_frame,0.6780526570186036,0.01876399446904606,-0.7187721059502041,0.15250956209197486,0.0,0.001953125,0.01171875,-0.011234283447265625,0.05087018013000488,-0.0003833770751953125
648,91000000,imu1_frame,0.6773335920037679,0.020312372740583628,-0.7196748225927221,0.15124404908311223,0.0,0.001953125,0.01171875,-0.08333873748779297,-0.021409273147583008,0.020863711833953857
648,115000000,imu1_frame,0.6766230696505612,0.021863234507593587,-0.7205803863791094,0.14989038447896194,0.00390625,-0.001953125,0.00390625,-0.07738113403320312,0.020804166793823242,0.0033101439476013184
648,141000000,imu1_frame,0.6770132794883749,0.021173311806829624,-0.7201376301403627,0.15035459394161785,0.005859375,0.001953125,-0.00390625,-0.0790567398071289,0.0035254955291748047,0.013537466526031494
648,165000000,imu1_frame,0.6781502080516656,0.02136350970978005,-0.7191545813300806,0.1499085852255266,0.005859375,0.001953125,-0.00390625,-0.07616329193115234,0.00844275951385498,-0.03082871437072754
648,190000000,imu1_frame,0.6791619355559539,0.021447751157989463,-0.7183063637997671,0.14938215083105374,0.015625,-0.0078125,-0.0078125,-0.07303333282470703,0.013270854949951172,-0.0037811994552612305
648,216000000,imu1_frame,0.6798637457250252,0.021322217591198057,-0.7176955093510771,0.149143575600929,0.013671875,-0.001953125,-0.001953125,-0.07140922546386719,0.012312650680541992,0.01509183645248413
648,240000000,imu1_frame,0.6785181381329003,0.021081963319013346,-0.7189309956945733,0.1493549814264241,0.013671875,-0.001953125,-0.001953125,-0.039839744567871094,0.010654926300048828,0.05292677879333496
648,265000000,imu1_frame,0.6772188677654782,0.02134768261547794,-0.7202023610468524,0.14908870088618936,0.013671875,-0.001953125,-0.001953125,-0.07593917846679688,0.02226877212524414,-0.020513951778411865
648,290000000,imu1_frame,0.6782078999371222,0.02103092136744945,-0.719296819288795,0.14900949825543797,0.01171875,-0.001953125,-0.009765625,-0.07464122772216797,0.015546679496765137,0.005740761756896973
648,316000000,imu1_frame,0.678171338333261,0.02053859819962747,-0.71933035846408,0.14908265237513707,0.01953125,-0.015625,-0.001953125,-0.07566165924072266,0.007694602012634277,0.004796326160430908
648,341000000,imu1_frame,0.6781179013545244,0.018527499429642463,-0.7191291296006429,0.15055277675035422,0.01953125,-0.015625,-0.001953125,-0.046050071716308594,0.0734180212020874,0.0011837482452392578
648,366000000,imu1_frame,0.6782939154170812,0.01676888388599411,-0.7187041012958891,0.15198876149851417,0.0078125,0.001953125,-0.0078125,-0.05393695831298828,0.029004573822021484,0.0046179890632629395
648,391000000,imu1_frame,0.6783636695752603,0.01857738634866945,-0.7189693863894956,0.15020197718922143,0.0078125,0.001953125,-0.0078125,-0.12673377990722656,-0.03529024124145508,0.007729232311248779
648,415000000,imu1_frame,0.6782551707341218,0.020292182922752245,-0.7193553371284586,0.148613759892746,0.0,-0.013671875,-0.005859375,-0.11874961853027344,0.01033937931060791,0.006142735481262207
648,441000000,imu1_frame,0.6784027018181829,0.021054353147275526,-0.7194238343172548,0.1474985931987113,0.01953125,-0.01953125,-0.005859375,-0.11358833312988281,0.03537118434906006,0.011067628860473633
648,466000000,imu1_frame,0.6776139893569418,0.019231482535529892,-0.7199295483818303,0.14889888137252716,0.01953125,-0.01953125,-0.005859375,-0.1191568374633789,0.07183897495269775,0.027459263801574707
648,491000000,imu1_frame,0.6770542038855394,0.017501825253463273,-0.7202108185257562,0.15029194253909978,0.013671875,-0.005859375,-0.01953125,-0.12789630889892578,0.03079211711883545,0.011368095874786377
648,515000000,imu1_frame,0.6767442344124568,0.01912207610157944,-0.7208079727574281,0.14861848406032818,0.013671875,-0.005859375,-0.01953125,-0.0851297378540039,0.037821412086486816,0.004269897937774658
648,541000000,imu1_frame,0.6766377483517924,0.020169276895693426,-0.7211276145007519,0.14740936666092894,0.013671875,-0.005859375,-0.01953125,-0.04036521911621094,0.029870033264160156,0.0026387572288513184
648,565000000,imu1_frame,0.6774907013210624,0.019171592355259306,-0.7202483029990214,0.14792289105168518,0.013671875,-0.005859375,-0.01953125,-0.08217716217041016,0.045358896255493164,-0.015029728412628174
648,591000000,imu1_frame,0.6782094808174315,0.018054369073321624,-0.7194451794025315,0.14867606976636585,0.005859375,-0.013671875,-0.00390625,-0.08555984497070312,0.01726365089416504,0.003306865692138672
648,615000000,imu1_frame,0.6769810161578866,0.019055275104820645,-0.7207495445185886,0.14782995071622515,0.005859375,-0.013671875,-0.00390625,-0.07903194427490234,-0.031540513038635254,0.04965740442276001
648,641000000,imu1_frame,0.675265206247946,0.01922461347444346,-0.7223583212446382,0.14780315015690784,0.005859375,-0.013671875,-0.00390625,-0.08538818359375,0.015822768211364746,0.004438638687133789
648,666000000,imu1_frame,0.6754470996219194,0.01918862051197706,-0.7222380527674161,0.14756424902365528,0.009765625,-0.01953125,-0.01953125,-0.0840902328491211,0.01780879497528076,0.009689629077911377
648,690000000,imu1_frame,0.6762471281834187,0.018735938691325695,-0.7214908333449022,0.14761356178993965,0.009765625,-0.01953125,-0.01953125,-0.006298065185546875,0.008265495300292969,-0.009000301361083984
648,715000000,imu1_frame,0.6767613045747412,0.018168269939338316,-0.7210217120347951,0.14762026071010317,0.021484375,-0.01953125,-0.013671875,-0.006600379943847656,-0.001530289649963379,0.004457592964172363
648,741000000,imu1_frame,0.6759703225498019,0.018524424941825938,-0.7218721858427091,0.14704256533113313,0.017578125,-0.01953125,-0.017578125,-0.00556182861328125,0.013690590858459473,-0.01608067750930786
648,766000000,imu1_frame,0.6751870161432663,0.016746345185340326,-0.7223695416178284,0.1484058573552078,0.017578125,-0.01953125,-0.017578125,-0.08946990966796875,0.012179017066955566,0.0005677938461303711
648,791000000,imu1_frame,0.6758310570072807,0.017163484897090478,-0.7218841603607886,0.14778719900860252,0.0078125,0.005859375,-0.01953125,-0.08531570434570312,0.02412700653076172,0.018290221691131592
648,815000000,imu1_frame,0.6746002248793498,0.016058795927981324,-0.7228760439214933,0.1486838148235555,0.017578125,0.001953125,-0.021484375,-0.09302425384521484,0.000674128532409668,-0.015394449234008789
648,840000000,imu1_frame,0.6742790857243747,0.01789356172528313,-0.7235229111430946,0.14677238178385799,0.017578125,0.001953125,-0.021484375,-0.08433151245117188,-0.025180339813232422,0.01645749807357788
648,865000000,imu1_frame,0.6736071248584311,0.01898095510379819,-0.72436007255334,0.1455872589680341,0.017578125,0.001953125,-0.021484375,-0.11919879913330078,0.04710495471954346,-0.0004668235778808594
648,890000000,imu1_frame,0.6740856011708602,0.01768021480595245,-0.7238278179733354,0.14618242789916763,0.025390625,-0.01953125,-0.021484375,-0.1230316162109375,0.019316911697387695,0.011114418506622314
648,915000000,imu1_frame,0.6750222658331827,0.0175089896605517,-0.7230581949915098,0.14568878668628674,0.025390625,-0.01953125,-0.021484375,-0.08513832092285156,0.02041614055633545,-0.003089010715484619
648,941000000,imu1_frame,0.6754254828507342,0.016500051101256352,-0.7226394358589879,0.14601510596822637,0.025390625,-0.01953125,-0.021484375,-0.044640541076660156,0.0005413293838500977,0.007003068923950195
648,966000000,imu1_frame,0.6749155361850524,0.017272686580902714,-0.7233016105697063,0.14500156365222447,0.021484375,-0.013671875,-0.005859375,-0.04131317138671875,0.02651846408843994,-0.006011486053466797
648,991000000,imu1_frame,0.6754228033043265,0.016047836212631297,-0.7227300064538211,0.14562912311992246,0.021484375,-0.013671875,-0.005859375,-0.045131683349609375,-0.0006722211837768555,0.006423532962799072
649,15000000,imu1_frame,0.6750611837431781,0.016963280204381793,-0.7232305718870234,0.14471415001973958,0.0078125,-0.0078125,-0.001953125,-0.04128265380859375,0.025520920753479004,-0.0024864673614501953
649,41000000,imu1_frame,0.6754185689039927,0.015734411267980815,-0.7227649171998505,0.14550965447978365,0.01171875,-0.013671875,-0.01171875,-0.045624732971191406,-0.003506302833557129,0.006148815155029297
649,66000000,imu1_frame,0.6740524377907018,0.016599120341242234,-0.7241822285903194,0.1446992747261286,0.01171875,-0.013671875,-0.01171875,-0.08707427978515625,-0.01531994342803955,0.048736572265625
649,91000000,imu1_frame,0.6725862285193629,0.01764395689972474,-0.7256870819172349,0.14385657833226975,0.00390625,-0.013671875,-0.01953125,-0.08539104461669922,0.015217781066894531,0.01083064079284668
649,115000000,imu1_frame,0.672164723464855,0.017581735786193774,-0.7261099317905857,0.14370050122122197,0.013671875,-0.01171875,-0.021484375,-0.08561325073242188,0.017642617225646973,0.00010472536087036133
649,141000000,imu1_frame,0.6732653688512875,0.017733757363854165,-0.7252053719705183,0.14309586094783416,0.013671875,-0.01171875,-0.021484375,-0.12099742889404297,0.024396657943725586,-0.010142385959625244
649,165000000,imu1_frame,0.6741275897815707,0.01675508194730308,-0.7243341000989324,0.14356660948179814,0.013671875,-0.01171875,-0.021484375,-0.16222190856933594,0.0798027515411377,-0.02745199203491211
649,190000000,imu1_frame,0.6749880494776459,0.015925106505759765,-0.7233194958895675,0.1447288185234911,-0.033203125,-0.001953125,0.009765625,-0.16540145874023438,0.04998815059661865,-0.0052980780601501465
649,215000000,imu1_frame,0.6750452589948311,0.014394909255454913,-0.7229115159403442,0.1466479628803686,-0.033203125,-0.001953125,0.009765625,0.02550506591796875,0.0027440786361694336,-0.004648327827453613
649,240000000,imu1_frame,0.6750421518235977,0.016394830090319137,-0.7231248825075589,0.14539500371782205,-0.033203125,-0.001953125,0.009765625,-0.009349822998046875,-0.030512094497680664,-0.0035172104835510254
649,266000000,imu1_frame,0.6754549854589418,0.018184105929615033,-0.7229000885594788,0.14437923282418005,-0.03125,0.033203125,0.0234375,-0.0018014907836914062,0.006944775581359863,0.008551418781280518
649,291000000,imu1_frame,0.6747721579130996,0.01974430524649011,-0.7236292039941239,0.14371316029669257,-0.03125,0.033203125,0.0234375,-0.11474418640136719,-0.07331812381744385,0.06993228197097778
649,316000000,imu1_frame,0.6739808307516212,0.02135875699621647,-0.7244942580999537,0.142834566051529,-0.0234375,0.025390625,0.00390625,-0.11037445068359375,-0.03632235527038574,0.050364911556243896
649,340000000,imu1_frame,0.6728764440677159,0.022840843726049123,-0.7256545684897642,0.141919111139419,-0.017578125,-0.00390625,-0.005859375,-0.10702991485595703,0.0003104209899902344,0.022563636302947998
649,366000000,imu1_frame,0.6734424466506466,0.02149966427210309,-0.7248947011068163,0.1433202979086955,-0.017578125,-0.00390625,-0.005859375,-0.06928634643554688,0.03518998622894287,-0.0028759241104125977
649,391000000,imu1_frame,0.6738910686952289,0.020298928841382947,-0.724318536599541,0.14429635670727892,0.0,-0.01171875,-0.00390625,-0.073486328125,0.0038319826126098633,0.007966160774230957
649,416000000,imu1_frame,0.6740478975463949,0.01886861968519101,-0.7239660294188544,0.14552180335591855,0.0,-0.01171875,-0.00390625,-0.12248706817626953,0.00592958927154541,0.010980308055877686
649,441000000,imu1_frame,0.6738648816601843,0.020706489154783608,-0.7244188222304478,0.14385663895086467,0.0,-0.01171875,-0.00390625,-0.11058425903320312,-0.01965475082397461,0.007643520832061768
649,466000000,imu1_frame,0.6739303269782806,0.0223917846139859,-0.7246170075194551,0.14229095113287613,0.0,-0.01171875,-0.00390625,-0.14209461212158203,0.02474391460418701,0.010750770568847656
649,491000000,imu1_frame,0.6741194313727603,0.02210710065252213,-0.7245071547700214,0.14199877123923973,0.02734375,-0.017578125,-0.01953125,-0.1411428451538086,0.02388477325439453,0.01607656478881836
649,515000000,imu1_frame,0.6736587444413824,0.020258613403110307,-0.7247471235027926,0.14323090307287548,0.02734375,-0.017578125,-0.01953125,-0.036452293395996094,0.01810622215270996,0.001869797706604004
649,541000000,imu1_frame,0.6725196455072584,0.01863755136759191,-0.7256329320412697,0.14431498890621855,0.02734375,-0.017578125,-0.01953125,-0.041131019592285156,0.02345561981201172,0.00977236032485962
649,566000000,imu1_frame,0.6720199924404417,0.017134489584054884,-0.7259244884270751,0.14535878414781805,0.01953125,-0.005859375,-0.029296875,-0.048392295837402344,-0.010048627853393555,-0.004514634609222412
649,590000000,imu1_frame,0.6715238542613636,0.01890093138722723,-0.7267112314656702,0.14348956063877039,0.01953125,-0.005859375,-0.029296875,-0.15788745880126953,0.0021774768829345703,0.022832751274108887
649,615000000,imu1_frame,0.6708333616975978,0.020626682310084955,-0.7276506862939744,0.1417096310992543,0.015625,-0.017578125,-0.0234375,-0.15130138397216797,0.052355051040649414,0.006005644798278809
649,641000000,imu1_frame,0.6711898891502116,0.019452883706134034,-0.7271505096706085,0.1427510220762596,-0.0078125,-0.01953125,-0.01953125,-0.15570735931396484,0.020829081535339355,0.014383316040039062
649,666000000,imu1_frame,0.6721388149857032,0.020038961364228555,-0.726379703632834,0.1421280393424673,-0.0078125,-0.01953125,-0.01953125,-0.033593177795410156,-0.0007905960083007812,-0.03821134567260742
649,690000000,imu1_frame,0.6729218561314432,0.02020416238971018,-0.7257378769404977,0.1416774552871507,0.005859375,-0.03125,-0.009765625,-0.030603408813476562,0.005047440528869629,-0.01746237277984619
649,716000000,imu1_frame,0.6733871078725624,0.018748641598639485,-0.7251420238175148,0.14271417828327512,0.005859375,-0.03125,-0.009765625,-0.11772346496582031,0.04349720478057861,-0.006506800651550293
649,741000000,imu1_frame,0.6739323239233023,0.01960213255428504,-0.7248178861979879,0.14166866632442765,0.005859375,-0.03125,-0.009765625,-0.1511850357055664,0.02863335609436035,0.008642196655273438
649,766000000,imu1_frame,0.672661761745676,0.018152619883629022,-0.7257801659335785,0.14296778453200848,0.005859375,-0.03125,-0.009765625,-0.11715126037597656,0.0339428186416626,0.013159871101379395
649,791000000,imu1_frame,0.6724007768996036,0.01666409111026983,-0.725764009901002,0.14445104784907703,-0.0078125,-0.017578125,0.01953125,-0.12488746643066406,-0.005921363830566406,0.005152344703674316
649,815000000,imu1_frame,0.6715586978124639,0.018138837186950748,-0.7267231624023487,0.14336437216359785,-0.0078125,-0.017578125,0.01953125,-0.08127212524414062,-0.04225802421569824,0.023214995861053467
649,841000000,imu1_frame,0.6711521579715559,0.01992466410460381,-0.7273307730079519,0.14194271818623702,-0.0078125,-0.017578125,0.01953125,-0.11762428283691406,-0.07498288154602051,0.01384580135345459
649,865000000,imu1_frame,0.6713422342036619,0.021660230603674793,-0.727425392221877,0.14029518072791977,0.009765625,0.033203125,0.0,-0.10957813262939453,-0.029172182083129883,0.02022916078567505
649,890000000,imu1_frame,0.6721418573765228,0.023231414916252264,-0.7269440971808669,0.13870077323981042,0.009765625,0.033203125,0.0,-0.10099315643310547,-0.027350306510925293,0.003502786159515381
649,915000000,imu1_frame,0.6726033024952563,0.024908592715477088,-0.7268449277273638,0.13667776160887568,0.029296875,0.02734375,-0.02734375,-0.09217548370361328,0.021779298782348633,0.0172121524810791
649,940000000,imu1_frame,0.6715830865405639,0.0234854066407686,-0.7277514480949251,0.13712192874703472,0.056640625,0.0,-0.03125,-0.09838008880615234,-0.0011278390884399414,-0.010950267314910889
649,966000000,imu1_frame,0.6715654856233876,0.021297231084348868,-0.7276552110093284,0.13807288060489412,0.056640625,0.0,-0.03125,-0.10138130187988281,0.14666271209716797,0.025803446769714355
649,990000000,imu1_frame,0.6713079196071934,0.019242860251344678,-0.7277160630897077,0.13930082886769077,0.037109375,-0.021484375,-0.009765625,-0.10933303833007812,0.10204744338989258,0.017411351203918457
650,15000000,imu1_frame,0.6716056825435844,0.01722338357843111,-0.7272828907446536,0.14038788787988973,0.037109375,-0.021484375,-0.009765625,-0.11595630645751953,0.1362248659133911,-0.01531064510345459
650,41000000,imu1_frame,0.6722786920497322,0.018001992413883804,-0.7269302949786142,0.13888712945171314,0.037109375,-0.021484375,-0.009765625,-0.07027149200439453,0.0126875638961792,0.002978026866912842
650,66000000,imu1_frame,0.672161599722273,0.019515333585307666,-0.7273821370798476,0.1368691428737787,0.037109375,-0.021484375,-0.009765625,-0.06273078918457031,-0.016917824745178223,0.0009447932243347168
650,91000000,imu1_frame,0.6721735077901129,0.021237785671178996,-0.7276464922610606,0.1351381300192303,0.00390625,-0.0234375,-0.037109375,-0.055253028869628906,0.030402421951293945,0.0025805234909057617
650,115000000,imu1_frame,0.6730314309116635,0.021135850053930323,-0.7268932435036858,0.13493769449708287,0.00390625,-0.0234375,-0.037109375,-0.09223747253417969,0.028991103172302246,-0.013881564140319824
650,141000000,imu1_frame,0.6712762808063483,0.020251948750085517,-0.7283815913909234,0.1357875941367488,0.00390625,-0.0234375,-0.037109375,-0.1426830291748047,0.010509610176086426,-0.02172142267227173
650,166000000,imu1_frame,0.6722289655191971,0.02042165107188978,-0.7276771601608139,0.13482256734234552,0.037109375,-0.017578125,-0.01953125,-0.1381244659423828,0.02276790142059326,0.0036031007766723633
650,190000000,imu1_frame,0.6715305687935432,0.018603246527915056,-0.7281707067388344,0.13589715317808698,0.037109375,-0.017578125,-0.01953125,-0.02892780303955078,0.06296300888061523,0.02281033992767334
650,215000000,imu1_frame,0.6703081501427717,0.017173417156801155,-0.7291872217785782,0.13666767426927529,0.037109375,-0.017578125,-0.01953125,-0.07167816162109375,0.03609967231750488,0.024927258491516113
650,241000000,imu1_frame,0.6691244642946562,0.01559328701760096,-0.7300344811375243,0.13812659784647402,0.00390625,-0.013671875,-0.009765625,-0.08128643035888672,-0.0020775794982910156,-0.007114768028259277
650,265000000,imu1_frame,0.6698968890655737,0.016683709705115884,-0.7295269238317909,0.136931659068553,0.00390625,-0.013671875,-0.009765625,-0.15649032592773438,-0.012166857719421387,-0.02145981788635254
650,291000000,imu1_frame,0.6707621921503629,0.017605994903799486,-0.7289250300383567,0.13578074645791147,0.009765625,-0.01171875,-0.00390625,-0.14988040924072266,0.013537406921386719,0.0019180774688720703
650,316000000,imu1_frame,0.6690343595525049,0.017338425443983098,-0.7304639856255366,0.13606899149089335,0.009765625,-0.01171875,-0.00390625,-0.07289409637451172,0.01105344295501709,-0.00830543041229248
650,341000000,imu1_frame,0.6672079157332214,0.017260675642972734,-0.7321099784493388,0.1362007551894895,0.009765625,-0.01171875,-0.00390625,-0.0776824951171875,0.013640284538269043,-0.017014741897583008
650,366000000,imu1_frame,0.6682919507864578,0.01708334898781145,-0.7311603619732212,0.13600938489890896,0.009765625,-0.01171875,-0.00390625,-0.03988456726074219,0.010388374328613281,-0.02783346176147461
650,391000000,imu1_frame,0.669293626078683,0.01692891886902727,-0.7302701670737897,0.13588574935729342,0.005859375,-0.0078125,-0.001953125,-0.03755950927734375,0.006824016571044922,-0.0016494989395141602
650,416000000,imu1_frame,0.67017154576079,0.01786016313054273,-0.7296414252911219,0.134812849256605,0.005859375,-0.0078125,-0.001953125,-0.0666208267211914,-0.007393956184387207,-0.013459920883178711
650,441000000,imu1_frame,0.670946444511157,0.01858661299990911,-0.7290722244266244,0.13393691793020465,0.005859375,-0.0078125,-0.001953125,-0.061214447021484375,0.012171149253845215,0.007577419281005859
650,465000000,imu1_frame,0.6708464142684499,0.01813170112213629,-0.7291302486167598,0.13418424061581516,0.01171875,0.00390625,0.0,-0.06264495849609375,0.0026742219924926758,0.004936337471008301
650,491000000,imu1_frame,0.6692553209306652,0.018326135289494835,-0.730611942379187,0.134043492286104,0.01171875,0.00390625,0.0,-0.06589794158935547,0.012056589126586914,-0.0018335580825805664
650,515000000,imu1_frame,0.6702792421645588,0.01739517969331473,-0.729600889857177,0.13455737351166377,0.01171875,0.00390625,0.0,-0.06695175170898438,0.02808976173400879,-0.0109788179397583
650,541000000,imu1_frame,0.6711740432046102,0.016539271991009828,-0.7286694859274324,0.135250273525174,-0.001953125,0.001953125,0.009765625,-0.0681161880493164,0.004087090492248535,0.012209773063659668
650,566000000,imu1_frame,0.6696442541226043,0.016698061501448026,-0.7300479596564441,0.13537992563204418,-0.001953125,0.001953125,0.009765625,-0.07155132293701172,0.009170293807983398,0.007235288619995117
650,591000000,imu1_frame,0.6698408640694045,0.017033313563272697,-0.7298995683924692,0.1351654656792782,-0.00390625,0.017578125,0.001953125,-0.0693502426147461,0.016109704971313477,0.013083219528198242
650,615000000,imu1_frame,0.6700280725653587,0.0187710805102628,-0.7299555993452382,0.13369686419419688,-0.00390625,0.017578125,0.001953125,-0.1445608139038086,0.020702242851257324,0.018619894981384277
650,641000000,imu1_frame,0.6699459231880033,0.01693049552783158,-0.7297498213216295,0.13546592415070946,-0.00390625,0.017578125,0.001953125,-0.11356735229492188,0.010478734970092773,0.015203714370727539
650,666000000,imu1_frame,0.6699984080134128,0.015235917384229039,-0.7294373014602011,0.13708108301079727,-0.00390625,0.017578125,0.001953125,-0.12094402313232422,0.003988146781921387,0.015488982200622559
650,690000000,imu1_frame,0.6697313637639369,0.016667549318663894,-0.7298675320140654,0.13592453384986905,-0.00390625,0.00390625,0.005859375,-0.11569023132324219,0.04040217399597168,0.009359955787658691
650,716000000,imu1_frame,0.6708317973228524,0.016855697558398892,-0.7288963622504222,0.1356859545366162,-0.00390625,0.00390625,0.005859375,-0.0337982177734375,0.003847479820251465,0.0035141706466674805
650,741000000,imu1_frame,0.6713552626447826,0.015523474859294062,-0.7282196072727627,0.13688439148036863,-0.00390625,0.00390625,0.005859375,-0.11691474914550781,0.0066721439361572266,0.016038715839385986
650,766000000,imu1_frame,0.6708685014164918,0.016974134461694074,-0.7288388516193809,0.13579860432496693,-0.0078125,0.00390625,0.001953125,-0.11219310760498047,0.04306638240814209,0.004196524620056152
650,790000000,imu1_frame,0.670171895659725,0.01863503921196089,-0.7296705556526727,0.13454830283188032,-0.0078125,0.00390625,0.001953125,-0.1462230682373047,0.007117629051208496,0.022347331047058105
650,816000000,imu1_frame,0.6687166072427448,0.01988776271703159,-0.731112963931735,0.13377746470470053,-0.0078125,0.00390625,0.001953125,-0.10611534118652344,0.03945648670196533,-0.014838933944702148
650,841000000,imu1_frame,0.6695846617878423,0.019096056650498558,-0.7302553071059048,0.13423452522552684,0.005859375,-0.009765625,-0.005859375,-0.10673904418945312,0.019555091857910156,0.007353663444519043
650,865000000,imu1_frame,0.6702697174583414,0.01785993305342172,-0.7294949110871766,0.13511736878564026,0.005859375,-0.009765625,-0.005859375,-0.03188800811767578,0.027367234230041504,-0.010896444320678711
650,890000000,imu1_frame,0.6709543816758445,0.016763394723555806,-0.7287803779739456,0.13571428438996522,0.015625,-0.005859375,-0.009765625,-0.034076690673828125,0.001840829849243164,0.0064220428466796875
650,916000000,imu1_frame,0.6692887167381335,0.017081591529044694,-0.730366804565985,0.13537046821936372,0.015625,-0.005859375,-0.009765625,-0.07144546508789062,0.015815258026123047,-0.0018199682235717773
650,940000000,imu1_frame,0.6701611193360268,0.016012336565233095,-0.7294876562249927,0.13592438568326295,0.015625,-0.005859375,-0.009765625,-0.03816699981689453,0.029798030853271484,-0.014971613883972168
650,966000000,imu1_frame,0.6710134433505804,0.016807129525977627,-0.7288954936164944,0.1347955437893297,0.015625,-0.005859375,-0.009765625,-0.06693649291992188,0.014374971389770508,0.00811910629272461
650,991000000,imu1_frame,0.6708604439219021,0.016290866126044447,-0.7289788753896244,0.13516904859267995,0.005859375,-0.001953125,-0.005859375,-0.06889533996582031,0.0024913549423217773,0.004110932350158691
651,15000000,imu1_frame,0.6696162954194175,0.015168832879416862,-0.7299462853066854,0.1362436933763278,0.005859375,-0.001953125,-0.005859375,-0.12006664276123047,0.015152215957641602,0.005526304244995117
651,40000000,imu1_frame,0.6702699055649388,0.01660345437932828,-0.7295903747393401,0.13476076611666743,0.005859375,-0.001953125,-0.005859375,-0.06921577453613281,-0.024911046028137207,-0.011728763580322266
651,65000000,imu1_frame,0.6708833899963452,0.017843607294723424,-0.7292223176180135,0.13353611568986176,0.001953125,-0.001953125,0.00390625,-0.062468528747558594,0.007092952728271484,0.005174756050109863
651,90000000,imu1_frame,0.6710000959707286,0.016102070110543817,-0.7288772226214149,0.13504661746641594,0.001953125,-0.001953125,0.00390625,-0.06936931610107422,0.0011011362075805664,0.007110714912414551
651,115000000,imu1_frame,0.671269111646599,0.017289763089412144,-0.7288110231772751,0.13391540739135083,0.001953125,-0.001953125,0.00390625,-0.10655498504638672,0.03212273120880127,0.015004217624664307
651,141000000,imu1_frame,0.670944805391866,0.015566108452308918,-0.7289041335095116,0.13523878340945844,0.015625,0.0,0.0,-0.11415290832519531,-0.008897185325622559,0.0053070783615112305
651,165000000,imu1_frame,0.669723471397112,0.016539765904259165,-0.7301783508167355,0.1342999776700888,0.015625,0.0,0.0,-0.11247444152832031,0.020885705947875977,0.009185314178466797
651,191000000,imu1_frame,0.6700872666728187,0.016172746770299028,-0.7298198561111182,0.13447852962760068,0.005859375,0.001953125,-0.001953125,-0.11229133605957031,0.012145400047302246,0.019020438194274902
651,216000000,imu1_frame,0.6695852854494715,0.014360017118749593,-0.7300230285461872,0.13607245573646357,0.005859375,0.001953125,-0.001953125,-0.043625831604003906,0.005964159965515137,0.004208922386169434
651,240000000,imu1_frame,0.6704529214056874,0.015368589596288498,-0.7294127609853969,0.13495818146396377,0.005859375,0.001953125,-0.001953125,-0.07214546203613281,-0.006578922271728516,-0.007721543312072754
651,266000000,imu1_frame,0.6711832567490448,0.016260300338140094,-0.7288869070425003,0.13406160984665552,0.0,-0.001953125,0.005859375,-0.06627464294433594,0.01575767993927002,0.0122489333152771
651,290000000,imu1_frame,0.6704236471659528,0.015389870329000993,-0.7294237029531083,0.13504201857990095,-0.00390625,0.005859375,0.01171875,-0.07220745086669922,-0.0073146820068359375,-0.008356928825378418
651,316000000,imu1_frame,0.6716396512075086,0.01566526274653951,-0.7283574136045577,0.13472288787068595,-0.00390625,0.005859375,0.01171875,-0.03291797637939453,-0.002761363983154297,-0.01519930362701416
651,340000000,imu1_frame,0.6707050183014305,0.01709580966871753,-0.729379761866728,0.1336700216813167,-0.00390625,0.005859375,0.01171875,-0.10773754119873047,0.03424537181854248,6.556510925292969e-05
651,365000000,imu1_frame,0.6714135362898973,0.01609714981437404,-0.7286008501450578,0.13448251270126943,0.0,0.00390625,0.005859375,-0.11008453369140625,0.007227301597595215,0.018121838569641113
651,391000000,imu1_frame,0.6696496585579806,0.016559212364061375,-0.7302380396291437,0.1343411059863922,0.0,0.00390625,0.005859375,-0.06979560852050781,0.02085089683532715,-0.027965664863586426
651,416000000,imu1_frame,0.670759450761362,0.01625195312699706,-0.7292004858714977,0.1344778221070124,0.0,0.00390625,0.005859375,-0.06810569763183594,0.011394262313842773,0.0011125802993774414
651,440000000,imu1_frame,0.6714195878822418,0.016233294368695615,-0.7285925845793025,0.1344807155618666,-0.001953125,0.017578125,0.00390625,-0.06645011901855469,0.009118437767028809,0.01867043972015381
651,465000000,imu1_frame,0.6704481427360066,0.017421844080420447,-0.7296138595730095,0.1336390031751717,-0.001953125,0.017578125,0.00390625,-0.10755443572998047,0.040061235427856445,-0.006507158279418945
651,491000000,imu1_frame,0.6713888007761717,0.016327903673563064,-0.7286432507463417,0.13434839372231008,0.009765625,0.009765625,0.001953125,-0.10933780670166016,0.012355685234069824,0.017600536346435547
651,516000000,imu1_frame,0.6697571406729135,0.01591108509906213,-0.73006504031662,0.13482302027511972,0.009765625,0.009765625,0.001953125,-0.07208538055419922,0.004955410957336426,-0.025569558143615723
651,540000000,imu1_frame,0.6708781043106006,0.01621571961275044,-0.7291310532694387,0.13426662560835623,0.009765625,0.009765625,0.001953125,-0.11055374145507812,0.013329029083251953,0.004111528396606445
651,566000000,imu1_frame,0.6714661770739083,0.016489465089548103,-0.7286761050690823,0.13376249283025068,0.009765625,-0.00390625,0.0,-0.10712146759033203,0.022083640098571777,0.020144224166870117
651,591000000,imu1_frame,0.6699810303155033,0.01554399885275491,-0.7299000580847677,0.1346466053225808,0.009765625,-0.00390625,-0.001953125,-0.11505699157714844,0.0013893842697143555,-0.019945979118347168
651,616000000,imu1_frame,0.670963027053652,0.01602764128763943,-0.7291240219861894,0.13390254517535452,0.009765625,-0.00390625,-0.001953125,-0.1099853515625,0.015189290046691895,0.0062732696533203125
651,640000000,imu1_frame,0.6710402258217463,0.015440753451571969,-0.7290015491096312,0.13425103298561808,0.009765625,-0.00390625,-0.001953125,-0.06865119934082031,0.0019658803939819336,0.008214831352233887
651,666000000,imu1_frame,0.6708338025856875,0.016467439196511443,-0.7293581682818412,0.13321972494827367,0.0078125,-0.00390625,0.0,-0.06470108032226562,0.030800461769104004,0.003306150436401367
651,691000000,imu1_frame,0.6711250207359086,0.01495781609148309,-0.7289244527394378,0.1343004559877246,0.013671875,-0.001953125,0.0,-0.07024669647216797,-0.0057228803634643555,0.009658336639404297
651,716000000,imu1_frame,0.6710134291077032,0.013217790481946297,-0.7288120010450686,0.13564414880332892,0.013671875,-0.001953125,0.0,-0.07750606536865234,-0.008817195892333984,0.005796074867248535
651,741000000,imu1_frame,0.6710756720400117,0.01474072829541654,-0.7289828501409217,0.1342540782463826,0.0,-0.00390625,-0.005859375,-0.07075881958007812,0.03100001811981201,0.008244633674621582
651,765000000,imu1_frame,0.6717820077404937,0.01600093242205141,-0.7285343649344356,0.13300595230046997,0.0,-0.00390625,-0.005859375,-0.06366157531738281,-0.014772772789001465,-0.011515498161315918
651,791000000,imu1_frame,0.6725264806019075,0.017014693634097078,-0.7280535238843809,0.13174482703045742,0.013671875,-0.001953125,-0.005859375,-0.0570068359375,0.014122366905212402,0.008847177028656006
651,816000000,imu1_frame,0.6729461974923011,0.01760301548047929,-0.7278003902121056,0.13092036179965985,0.013671875,-0.001953125,-0.005859375,-0.13482284545898438,0.03212010860443115,0.020596861839294434
651,840000000,imu1_frame,0.6719389831035614,0.016283061510471823,-0.7285631047463078,0.13201767796783334,0.013671875,-0.001953125,-0.005859375,-0.060492515563964844,0.04086732864379883,0.031974613666534424
651,866000000,imu1_frame,0.6708708530160791,0.014649832304600135,-0.7293536613235831,0.133270093047201,0.021484375,0.00390625,-0.00390625,-0.06920909881591797,0.0041692256927490234,0.0029352903366088867
651,891000000,imu1_frame,0.6712850588254458,0.015202272865943282,-0.7291154260033188,0.1324233977113791,0.017578125,0.001953125,-0.0078125,-0.06484222412109375,0.0219423770904541,0.014491677284240723
651,916000000,imu1_frame,0.6702643262767495,0.013779339359882988,-0.7298775856302417,0.13354614454243732,0.017578125,0.001953125,-0.0078125,-0.07317161560058594,0.028923630714416504,0.02171921730041504
651,940000000,imu1_frame,0.6711737831347514,0.0130353095276619,-0.7290091403107611,0.1337965129645334,0.017578125,0.001953125,-0.0078125,-0.07342720031738281,0.012421488761901855,0.010058999061584473
651,965000000,imu1_frame,0.6707952482975142,0.012990996765843251,-0.729308387033746,0.13406806281416142,-0.009765625,0.001953125,0.0078125,-0.074462890625,0.00921642780303955,0.0005481243133544922
651,991000000,imu1_frame,0.6714476707747236,0.01323218696866202,-0.7287573511542644,0.13377465297224525,0.0,0.00390625,0.00390625,-0.0718221664428711,0.014651179313659668,0.01780521869659424
652,16000000,imu1_frame,0.6697887352151731,0.012697376434443573,-0.7301564944402438,0.1345114137806706,0.0,0.00390625,0.00390625,-0.07898521423339844,0.0021756887435913086,-0.02654135227203369
652,40000000,imu1_frame,0.6708288659384267,0.012961329342991905,-0.7292506491838188,0.13421671740288457,-0.00390625,0.00390625,0.013671875,-0.07524967193603516,0.006818294525146484,0.000985860824584961
652,65000000,imu1_frame,0.6719857642658419,0.013192309820622758,-0.7282320834904448,0.1339370305808469,-0.00390625,0.00390625,0.013671875,-0.11454486846923828,0.010482311248779297,-0.007566928863525391
652,91000000,imu1_frame,0.6729132504659651,0.013628758113620697,-0.7274163286016749,0.13366936516371147,-0.013671875,0.001953125,0.013671875,-0.11077213287353516,0.017533540725708008,0.017255187034606934
652,115000000,imu1_frame,0.671612274364161,0.01443935558415744,-0.7286566703389572,0.13337134139033582,-0.013671875,0.001953125,0.013671875,-0.0682821273803711,-0.002293109893798828,0.022296547889709473
652,140000000,imu1_frame,0.6708773229122147,0.016086488551419566,-0.7295027006063535,0.13225222983474424,-0.013671875,0.001953125,0.013671875,-0.14577293395996094,-0.040094971656799316,0.03912174701690674
652,166000000,imu1_frame,0.6701316014886417,0.01762011790038859,-0.7304138372028635,0.13080059080154716,0.01171875,-0.001953125,0.01171875,-0.14101886749267578,0.0030329227447509766,0.020574212074279785
652,191000000,imu1_frame,0.669552407973991,0.019072231556693565,-0.7311391394061605,0.12950436976448737,0.005859375,-0.001953125,0.013671875,-0.1366443634033203,0.04249298572540283,0.006377816200256348
652,216000000,imu1_frame,0.6696961808854549,0.01707953291982897,-0.7307568586342272,0.13118585450311565,0.005859375,-0.001953125,0.013671875,-0.10498428344726562,0.06963133811950684,0.008761405944824219
652,241000000,imu1_frame,0.669813765855187,0.015088648548763123,-0.7303889918052936,0.1328674994327485,0.005859375,-0.001953125,0.013671875,-0.1127328872680664,0.057828307151794434,0.010585904121398926
652,266000000,imu1_frame,0.6696032040102696,0.013102238359029671,-0.7303279236984492,0.13446562533032896,0.0078125,-0.0390625,0.015625,-0.12131500244140625,0.0090867280960083,0.0039528608322143555
652,291000000,imu1_frame,0.6698138981851165,0.013584306233915464,-0.7302442690919317,0.133821208635224,0.005859375,-0.044921875,0.017578125,-0.11796283721923828,0.023773908615112305,0.010035157203674316
652,316000000,imu1_frame,0.6700749910304282,0.014741363040137418,-0.7302107700592743,0.13256858564807852,0.005859375,-0.044921875,0.017578125,-0.06940841674804688,-0.02206122875213623,-0.017978429794311523
652,342000000,imu1_frame,0.6705063858710786,0.015512365570754832,-0.7300185003704016,0.13135273936029399,0.021484375,-0.044921875,0.009765625,-0.06408023834228516,0.003693222999572754,-0.006162285804748535
652,366000000,imu1_frame,0.6711495526865036,0.014433170979361337,-0.7293692281965914,0.13179715650990004,0.021484375,-0.044921875,0.009765625,-0.03097248077392578,0.01970088481903076,-0.029046297073364258
652,390000000,imu1_frame,0.6719094238535565,0.01353958411397725,-0.7286839228094621,0.13181102547896417,0.0390625,-0.033203125,0.009765625,-0.031264305114746094,0.004612326622009277,-0.009427249431610107
652,416000000,imu1_frame,0.6719285577331321,0.01117715467950818,-0.72845598350271,0.13318770444392725,0.0390625,-0.033203125,0.009765625,-0.03599357604980469,0.06608343124389648,-0.010182857513427734
652,441000000,imu1_frame,0.6705559848921798,0.009507528627493999,-0.7295627055527509,0.13417353200697327,0.0390625,-0.033203125,0.009765625,-0.045101165771484375,0.03315091133117676,0.027428507804870605
652,466000000,imu1_frame,0.6693512461844097,0.007806842702649416,-0.7304523745520048,0.1354521721853568,0.025390625,-0.0078125,0.009765625,-0.05493640899658203,-0.004531502723693848,-0.0047293901443481445
652,491000000,imu1_frame,0.6699962171240218,0.008428059462037084,-0.730024832537492,0.1345279923726365,0.017578125,-0.001953125,0.009765625,-0.049653053283691406,0.014632821083068848,0.012520074844360352
652,515000000,imu1_frame,0.6686335524924918,0.008302788386960115,-0.7312644331808333,0.13458292964186072,0.017578125,-0.001953125,0.009765625,-0.13147449493408203,0.015934228897094727,0.05482602119445801
652,541000000,imu1_frame,0.6685378551914568,0.009918964021345355,-0.7316430833161717,0.13288020531424397,0.017578125,-0.001953125,0.009765625,-0.12408733367919922,0.022569656372070312,0.013733386993408203
652,566000000,imu1_frame,0.6684433050816663,0.009768919384763158,-0.7316756755686179,0.13318716862655638,-0.01171875,-0.009765625,-0.001953125,-0.12471294403076172,0.016559123992919922,0.01178133487701416
652,590000000,imu1_frame,0.6685630643344393,0.0104545279928445,-0.7316208429586843,0.13283476201889083,-0.01953125,-0.0078125,-0.005859375,-0.12213993072509766,0.030670881271362305,0.01505744457244873
652,616000000,imu1_frame,0.6671183883714774,0.01179943317956449,-0.7330416837040413,0.1321503659685737,-0.01953125,-0.0078125,-0.005859375,-0.16431045532226562,0.027818799018859863,0.016617417335510254
652,641000000,imu1_frame,0.6671218217739957,0.01152328624880935,-0.7330422401108663,0.13215431510251988,0.009765625,-0.03125,0.0,-0.16443347930908203,0.023714900016784668,0.017066121101379395
652,665000000,imu1_frame,0.6667706172612088,0.009606345319059335,-0.7331149302121038,0.13366810085738434,0.009765625,-0.03125,0.0,-0.09566211700439453,0.05175495147705078,0.006571173667907715
652,690000000,imu1_frame,0.6667410133306524,0.008017977039570807,-0.7328758600906005,0.13522243483782756,-0.013671875,-0.029296875,0.00390625,-0.1031646728515625,0.008785009384155273,0.005202174186706543
652,716000000,imu1_frame,0.6665223976963927,0.009955253698961731,-0.7333303309294811,0.13369896047351604,-0.013671875,-0.029296875,0.00390625,-0.09160900115966797,-0.01717209815979004,0.00021767616271972656
652,741000000,imu1_frame,0.6673273199864457,0.009321528673702072,-0.7324985109463305,0.13428808049972948,-0.013671875,-0.029296875,0.00390625,-0.1314992904663086,0.03801703453063965,-0.018067121505737305
652,765000000,imu1_frame,0.6680290566003262,0.008866249079697892,-0.7317965207328653,0.13465667977567383,-0.009765625,-0.033203125,0.00390625,-0.13167953491210938,0.024709224700927734,0.0001518726348876953
652,790000000,imu1_frame,0.6686110137426556,0.008641120148861942,-0.7312738424480086,0.13462247470580907,0.00390625,-0.03125,0.001953125,-0.1304941177368164,0.020266294479370117,0.015544772148132324
652,816000000,imu1_frame,0.6669673837493378,0.00955588631646327,-0.7328929436448817,0.13390715890799404,0.00390625,-0.03125,0.001953125,-0.0957479476928711,0.008284211158752441,0.011751174926757812
652,841000000,imu1_frame,0.6651489586646465,0.009449066966635356,-0.7345051996053041,0.13412564882813707,0.00390625,-0.03125,0.001953125,-0.05809783935546875,0.00896918773651123,0.0034312009811401367
652,866000000,imu1_frame,0.6652785316438168,0.009757166685237286,-0.7344006864998729,0.13403322237653964,-0.017578125,-0.0234375,-0.01171875,-0.056303977966308594,0.014150857925415039,0.0073708295822143555
652,891000000,imu1_frame,0.6648529093763721,0.009309944945812866,-0.7346652465051171,0.13472531089759898,-0.021484375,-0.03515625,-0.0078125,-0.060092926025390625,-8.916854858398438e-05,-0.003926396369934082
652,915000000,imu1_frame,0.6655707867263176,0.00892515130688477,-0.7339356951057898,0.13518233974984045,-0.021484375,-0.03515625,-0.0078125,-0.06071662902832031,0.025569558143615723,-0.02491581439971924
652,941000000,imu1_frame,0.6665651613417409,0.008679848218640429,-0.7329688866779468,0.13554393045227492,-0.01953125,-0.005859375,-0.0078125,-0.05941009521484375,0.014508843421936035,0.0010968446731567383
652,965000000,imu1_frame,0.6656988914926235,0.010451236387252495,-0.733945536618654,0.13438640854277692,-0.01953125,-0.005859375,-0.0078125,-0.058750152587890625,-0.016741037368774414,0.018091440200805664
652,991000000,imu1_frame,0.6647424247708745,0.01260546158150899,-0.7350253662194858,0.1330275237007967,-0.02734375,-0.009765625,-0.017578125,-0.05315971374511719,0.034607768058776855,-0.005851149559020996
653,15000000,imu1_frame,0.665527977352775,0.012438370436155059,-0.7342441309929337,0.133429211209723,-0.02734375,-0.009765625,-0.017578125,-0.13037109375,0.024727702140808105,0.0146101713180542
653,40000000,imu1_frame,0.6655252447411252,0.012370111948068167,-0.7341671529733363,0.13387203007978743,-0.02734375,-0.009765625,-0.017578125,-0.13104820251464844,0.01790487766265869,0.01489865779876709
653,66000000,imu1_frame,0.6654647508807368,0.013152947809610233,-0.7342973224574242,0.1333833105415149,-0.015625,-0.01171875,-0.01953125,-0.12819576263427734,0.03567242622375488,0.01380932331085205
653,90000000,imu1_frame,0.6655267931714115,0.012134686597443661,-0.7340628130243744,0.13445677181496463,-0.015625,-0.009765625,-0.017578125,-0.13350582122802734,0.0069959163665771484,0.014242172241210938
653,115000000,imu1_frame,0.6645044446129893,0.010881149739351264,-0.7347423841110503,0.13590096637162763,-0.015625,-0.009765625,-0.017578125,-0.14219951629638672,0.047278404235839844,0.02628469467163086
653,141000000,imu1_frame,0.6637560549213032,0.009359049093548276,-0.7351338149475257,0.13754483587568703,-0.015625,-0.009765625,-0.017578125,-0.15168190002441406,0.0061604976654052734,0.006188631057739258
653,165000000,imu1_frame,0.664226380852302,0.010725129333248987,-0.7348452145802622,0.13671429036178437,-0.03125,-0.01171875,-0.0078125,-0.14518356323242188,0.03525137901306152,0.018922090530395508
653,191000000,imu1_frame,0.663885296672448,0.009628925402014687,-0.7349325475118363,0.1379773433049814,-0.01953125,-0.0234375,-0.00390625,-0.15146732330322266,0.004012465476989746,0.009788990020751953
653,215000000,imu1_frame,0.6626820800533726,0.011102463168996742,-0.736160637039112,0.13710110343059012,-0.01953125,-0.0234375,-0.00390625,-0.14523696899414062,-0.03416097164154053,0.0533299446105957
653,241000000,imu1_frame,0.6612790156621149,0.012754105897880397,-0.7375961077830928,0.13601241859081178,-0.015625,-0.0390625,-0.001953125,-0.14272689819335938,0.007798194885253906,0.01778090000152588
653,266000000,imu1_frame,0.6609160902996771,0.01427965457631001,-0.7381012463439479,0.13487981017810352,-0.015625,-0.0390625,-0.001953125,-0.1378316879272461,0.04555404186248779,0.009083271026611328
653,291000000,imu1_frame,0.6610591032999278,0.012962616200966672,-0.7377671775200402,0.13613384700226178,-0.013671875,-0.04296875,0.009765625,-0.14324188232421875,0.009886503219604492,0.012075424194335938
653,316000000,imu1_frame,0.6618387620901294,0.012525943849145824,-0.7370024961122791,0.13652792553160353,-0.013671875,-0.04296875,0.009765625,-0.10376548767089844,0.0313640832901001,-0.04208481311798096
653,340000000,imu1_frame,0.6604796145515998,0.013938354430649643,-0.7383641086490156,0.13561284635490908,-0.013671875,-0.04296875,0.009765625,-0.024117469787597656,-0.006695270538330078,-0.0022628307342529297
653,366000000,imu1_frame,0.6605952457568909,0.015028343069793379,-0.7383017492340533,0.13527230783093178,-0.0390625,-0.02734375,0.021484375,-0.020147323608398438,0.01305842399597168,0.0016230344772338867
653,391000000,imu1_frame,0.6604300711226343,0.014035563860300786,-0.7382194456472275,0.13662786748089115,-0.03125,-0.029296875,0.021484375,-0.025953292846679688,-0.018338441848754883,-0.003300905227661133
653,416000000,imu1_frame,0.6607233215716991,0.01547118238144398,-0.7380796984415844,0.13580756089172974,-0.03125,-0.029296875,0.021484375,-0.10230636596679688,0.012201070785522461,0.0048018693923950195
653,441000000,imu1_frame,0.6607547396100522,0.015238043624249156,-0.737933206512504,0.1364754880391786,-0.03125,-0.029296875,0.021484375,-0.060563087463378906,-1.8596649169921875e-05,0.00603938102722168
653,466000000,imu1_frame,0.6608105766800958,0.016406636032888205,-0.7380314753414978,0.13553503402093445,-0.0078125,-0.009765625,-0.0078125,-0.055960655212402344,0.0289154052734375,0.007946372032165527
653,490000000,imu1_frame,0.660696233328662,0.015043983712966797,-0.7379302468954134,0.13679589371116485,-0.0078125,-0.013671875,-0.013671875,-0.06248950958251953,-0.0067005157470703125,0.0038591623306274414
653,516000000,imu1_frame,0.6607609419034227,0.01704626256157802,-0.7381394647037943,0.13510933807246345,-0.0078125,-0.013671875,-0.013671875,-0.09700298309326172,0.00479435920715332,0.006810307502746582
653,541000000,imu1_frame,0.6611253109993456,0.018070499012710486,-0.7379988385664963,0.1339570621354209,0.0078125,-0.01171875,-0.02734375,-0.0909423828125,0.0334019660949707,0.017217040061950684
653,566000000,imu1_frame,0.6595417741160402,0.01765033568343651,-0.7393580394184358,0.13432350275902927,0.0078125,-0.01171875,-0.02734375,-0.136505126953125,0.027263641357421875,0.014922261238098145
653,591000000,imu1_frame,0.6597353932059368,0.017147634550953392,-0.7391613232104338,0.1345202878770178,0.005859375,-0.0234375,-0.029296875,-0.13713550567626953,0.016830086708068848,0.019895553588867188
653,616000000,imu1_frame,0.6581102144042286,0.016096460723074132,-0.7404652188292165,0.13543673561191488,0.005859375,-0.0234375,-0.029296875,-0.029539108276367188,-0.005400300025939941,-0.02301478385925293
653,640000000,imu1_frame,0.6588849919297379,0.01663052064272154,-0.7399054813160145,0.13466206559910693,0.005859375,-0.0234375,-0.029296875,-0.024267196655273438,0.010057568550109863,-0.0026345252990722656
653,666000000,imu1_frame,0.6592830525696179,0.015908319515903314,-0.7395216149854021,0.13490946198858275,0.015625,-0.021484375,-0.00390625,-0.02490234375,-0.004803180694580078,0.007499575614929199
653,690000000,imu1_frame,0.6585861109475111,0.01701351089379834,-0.7402866622857159,0.13397959753624364,0.00390625,-0.0078125,0.005859375,-0.023126602172851562,0.025330662727355957,-0.010278463363647461
653,716000000,imu1_frame,0.6581644926475253,0.018837748568131068,-0.7409041871408492,0.13238438474407443,0.00390625,-0.0078125,0.005859375,-0.13027667999267578,-0.004557132720947266,0.01929616928100586
653,740000000,imu1_frame,0.6581642681153017,0.016986117842536765,-0.7406731296335348,0.1339200620361028,0.00390625,-0.0078125,0.005859375,-0.14147090911865234,0.026923060417175293,0.01796746253967285
653,766000000,imu1_frame,0.6581217051130539,0.01611148277397886,-0.7406541578832482,0.1343415787914025,0.015625,-0.033203125,0.001953125,-0.1439065933227539,0.008852124214172363,0.016820907592773438
653,790000000,imu1_frame,0.6581023348187897,0.01709029950325668,-0.7408624334045515,0.1331619064854252,0.017578125,-0.03125,0.00390625,-0.13990402221679688,0.03840839862823486,0.016449928283691406
653,815000000,imu1_frame,0.6582990008096488,0.015105997683270422,-0.7404887712121382,0.13450135343463485,0.017578125,-0.03125,0.00390625,-0.06462287902832031,0.10509860515594482,-0.018817543983459473
653,841000000,imu1_frame,0.6587016662959965,0.013242627614309097,-0.7399061900560743,0.13592489672407623,0.005859375,-0.01953125,0.0078125,-0.07084178924560547,0.058591604232788086,-0.009498238563537598
653,865000000,imu1_frame,0.6575280996930685,0.01439143860183522,-0.7411017042405623,0.13497388110566463,0.005859375,-0.01953125,0.0078125,-0.11252403259277344,-0.022414445877075195,0.03914976119995117
653,890000000,imu1_frame,0.6564013550417427,0.015803569707885178,-0.7422927694855227,0.13374958935774278,0.0078125,-0.017578125,0.00390625,-0.11023521423339844,0.017094731330871582,0.011027097702026367
653,915000000,imu1_frame,0.6546909275423448,0.015346490000847224,-0.7437282203891951,0.13421106077786268,0.0078125,-0.017578125,0.00390625,-0.074737548828125,0.009454131126403809,0.0020998716354370117
653,941000000,imu1_frame,0.6557599430421557,0.015454534268994086,-0.7428559112695812,0.13381012504185555,0.0078125,-0.017578125,0.00390625,-0.113067626953125,0.013077974319458008,-0.0055048465728759766
653,966000000,imu1_frame,0.6566777897136625,0.015659687232109826,-0.7421314049399388,0.13330428535663763,0.009765625,-0.01171875,-0.009765625,-0.10858154296875,0.01991581916809082,0.018234848976135254
653,991000000,imu1_frame,0.6561216896256862,0.015055414821653155,-0.7425786242969135,0.1336212918085513,0.013671875,-0.01171875,-0.013671875,-0.11220073699951172,0.008634328842163086,0.003771543502807617
654,16000000,imu1_frame,0.6563855481987227,0.013376934187655242,-0.7421735239104772,0.13474987997733284,0.013671875,-0.01171875,-0.013671875,-0.07520866394042969,0.008139371871948242,0.009149551391601562
654,40000000,imu1_frame,0.6552169367453431,0.01463594873856785,-0.7433963279920954,0.13356067660220852,0.013671875,-0.01171875,-0.013671875,-0.07341194152832031,0.005982637405395508,0.015133857727050781
654,65000000,imu1_frame,0.6542714939203232,0.015447099827803653,-0.7443867686872815,0.13258407880845258,0.021484375,-0.017578125,-0.009765625,-0.07264900207519531,0.033025264739990234,-0.008579134941101074
654,91000000,imu1_frame,0.6550569403357532,0.014362081181025924,-0.7436474818524456,0.13297578078968983,0.021484375,-0.017578125,-0.013671875,-0.07334423065185547,0.009971857070922852,0.010928988456726074
654,115000000,imu1_frame,0.656064995729746,0.013539696423750662,-0.7427434264414544,0.13314503549471465,0.021484375,-0.017578125,-0.013671875,-0.07648277282714844,0.0711437463760376,-0.07713973522186279
654,140000000,imu1_frame,0.657060547736993,0.012939594450279245,-0.7417811335008557,0.13365909428546494,-0.01171875,-0.015625,-0.005859375,-0.0758047103881836,0.05299210548400879,-0.05188322067260742
654,166000000,imu1_frame,0.6554770564279575,0.013745165118668242,-0.743226721055174,0.1333226913993843,-0.01171875,-0.015625,-0.005859375,-0.11322402954101562,-0.004642367362976074,0.06039607524871826
654,191000000,imu1_frame,0.6540072151458693,0.014395606362741868,-0.7445725877220087,0.13296236560600516,0.0,-0.00390625,0.00390625,-0.11579036712646484,0.01362466812133789,0.02312004566192627
654,216000000,imu1_frame,0.6550900199618354,0.014549077423410588,-0.7436664437031022,0.13268613568308765,0.0,-0.00390625,0.00390625,-0.11510848999023438,0.016306400299072266,0.01195061206817627
654,241000000,imu1_frame,0.6561140583870158,0.014120101954631516,-0.7427302489070876,0.13291629872264088,0.0,-0.00390625,0.00390625,-0.031241416931152344,0.0042035579681396484,0.002804279327392578
654,266000000,imu1_frame,0.6562631342845439,0.014230100608478914,-0.7425949433783704,0.13292461353930837,-0.0078125,-0.005859375,0.005859375,-0.030101776123046875,0.005202293395996094,0.007064104080200195
654,290000000,imu1_frame,0.6557303890162914,0.014037911166431586,-0.7430497980390481,0.13303229534498826,0.0078125,-0.005859375,0.001953125,-0.03261089324951172,0.0025626420974731445,-0.0068264007568359375
654,315000000,imu1_frame,0.6552140191817803,0.015768683942266454,-0.7437464271153981,0.1314807583924966,0.0078125,-0.005859375,0.001953125,-0.10966682434082031,0.010141372680664062,0.01569366455078125
654,343000000,imu1_frame,0.6537541183194271,0.015625167140723536,-0.7450042486631964,0.13164374807031004,0.0078125,-0.005859375,0.001953125,-0.07191753387451172,0.010070204734802246,-0.021529078483581543
654,366000000,imu1_frame,0.6547967965471936,0.015561972489881152,-0.7441694965455392,0.1311897124583942,0.0234375,-0.001953125,-0.01171875,-0.06791019439697266,0.012053251266479492,0.004935264587402344
654,391000000,imu1_frame,0.6556030276447423,0.014019834285153479,-0.743346416207249,0.13200083295761428,0.0234375,-0.001953125,-0.01171875,-0.07059764862060547,0.055079102516174316,-0.010579824447631836
654,416000000,imu1_frame,0.6566213910487304,0.013678135063469193,-0.7424973529441542,0.13175332371268617,0.0234375,-0.001953125,-0.01171875,-0.06731033325195312,0.011321425437927246,0.015651702880859375
654,441000000,imu1_frame,0.655420756831008,0.013421999016944478,-0.7435399181088284,0.13187824550006258,0.015625,0.005859375,-0.009765625,-0.07223987579345703,0.00940561294555664,-0.01548302173614502
654,465000000,imu1_frame,0.6565484009154257,0.013467331037196162,-0.7426253428060136,0.13141700221958683,0.017578125,0.009765625,-0.01171875,-0.0674581527709961,0.012815237045288086,0.013577461242675781
654,491000000,imu1_frame,0.6559399893808541,0.01292669464227269,-0.7431249733473286,0.13168486960999953,0.017578125,0.013671875,-0.009765625,-0.07091617584228516,0.0031763315200805664,-0.002055525779724121
654,515000000,imu1_frame,0.6545072655672036,0.013379062581700515,-0.7444592917124663,0.13123110525767012,0.017578125,0.013671875,-0.009765625,-0.07401180267333984,0.019652724266052246,-0.0037196874618530273
654,540000000,imu1_frame,0.6552158224647255,0.011765544108554984,-0.7436827938435406,0.1322486298786065,0.017578125,0.013671875,-0.009765625,-0.07767105102539062,0.020225882530212402,0.013522148132324219
654,566000000,imu1_frame,0.6550700589471381,0.010569299992554055,-0.7436412718802758,0.13330103722381964,0.001953125,0.01171875,0.00390625,-0.08289813995361328,-0.010319709777832031,0.0095289945602417
654,591000000,imu1_frame,0.6552917280160261,0.012224844739572601,-0.7436616467217307,0.1319494583542792,-0.00390625,0.01171875,0.001953125,-0.0757293701171875,0.03053438663482666,0.01567518711090088
654,616000000,imu1_frame,0.6554337388505929,0.013958709894989287,-0.7437547697389353,0.1305396908414582,-0.00390625,0.01171875,0.001953125,-0.11133956909179688,0.03439450263977051,0.020214080810546875
654,641000000,imu1_frame,0.6552327024095823,0.012334518828708696,-0.7436931492834127,0.1320547804784813,-0.00390625,0.01171875,0.001953125,-0.11883163452148438,-0.008124947547912598,0.014227986335754395
654,666000000,imu1_frame,0.6553787213951834,0.013972546940587662,-0.7437791143376992,0.13067566165677327,-0.001953125,0.001953125,0.00390625,-0.11176204681396484,0.03300201892852783,0.018805384635925293
654,690000000,imu1_frame,0.6552126964134606,0.012424527748850294,-0.7437130007110747,0.13203380681533522,0.0,0.0,0.00390625,-0.1186513900756836,-0.00648951530456543,0.01374828815460205
654,716000000,imu1_frame,0.6563041654025629,0.01313929304320578,-0.7428708653832746,0.1312824391084921,0.0,0.0,0.00390625,-0.11176013946533203,0.010479569435119629,0.007087111473083496
654,741000000,imu1_frame,0.6570059017411269,0.01362980832301617,-0.7423544785730942,0.13064188281281047,0.0078125,0.0,0.0,-0.1068582534790039,0.02385103702545166,0.025583267211914062
654,765000000,imu1_frame,0.6556123331035164,0.0131474342262579,-0.7435095549905008,0.13112267269110214,0.0078125,0.0,0.0,-0.07070255279541016,0.014589428901672363,0.024478554725646973
654,791000000,imu1_frame,0.6537243000748234,0.012631818312472513,-0.7450500294346496,0.1318538217012719,-0.001953125,0.0,0.001953125,-0.0796518325805664,0.0029807090759277344,-0.02414989471435547
654,816000000,imu1_frame,0.6549468709827625,0.012916310115091343,-0.7440364110775862,0.13148225779048925,-0.001953125,0.0,0.001953125,-0.11711406707763672,0.008467793464660645,-0.027855277061462402
654,840000000,imu1_frame,0.6558312392830495,0.013947056075416154,-0.743408905934884,0.13051461138120732,-0.001953125,0.0,0.001953125,-0.0670919418334961,-0.005619525909423828,-0.0047872066497802734
654,865000000,imu1_frame,0.6565954324535146,0.014794121285604936,-0.7428604957873631,0.12969909735661952,0.0,0.0,0.005859375,-0.06087684631347656,0.015014052391052246,0.01549065113067627
654,890000000,imu1_frame,0.655421902995215,0.013668952129742997,-0.7437314998843401,0.1307621692294664,0.00390625,-0.001953125,0.00390625,-0.06954097747802734,-0.01170361042022705,-0.015419602394104004
654,916000000,imu1_frame,0.6565946168742387,0.013474619711722044,-0.7427086133928821,0.1307128888343398,0.00390625,-0.001953125,0.00390625,-0.14394378662109375,0.021851301193237305,0.014825820922851562
654,941000000,imu1_frame,0.655007568658079,0.01314069646131529,-0.7440372067296702,0.1311527433912589,0.00390625,-0.001953125,0.00390625,-0.11571979522705078,0.0157928466796875,0.008977651596069336
654,965000000,imu1_frame,0.6556805295847171,0.013380568051398204,-0.7435062916686901,0.1307761360921766,0.00390625,0.0,-0.009765625,-0.11191558837890625,0.022197246551513672,0.026610851287841797
654,991000000,imu1_frame,0.6539355362791811,0.012483780278432166,-0.7449003749067972,0.13166586909648514,0.005859375,-0.001953125,-0.00390625,-0.12192726135253906,0.002652883529663086,-0.018859505653381348
655,16000000,imu1_frame,0.6551136328087651,0.011962450510824715,-0.7438412141081591,0.13184565248796887,0.005859375,-0.001953125,-0.00390625,-0.07661914825439453,0.028534889221191406,-0.024077892303466797
655,41000000,imu1_frame,0.656199435358364,0.011412619390924627,-0.7428450437969302,0.1321109157501334,0.00390625,-0.001953125,0.00390625,-0.07487678527832031,0.014102935791015625,0.0035818815231323242
655,66000000,imu1_frame,0.6572112567626758,0.012159906001380106,-0.7420871477793718,0.13127134405931346,0.00390625,-0.001953125,0.00390625,-0.033145904541015625,-0.006098270416259766,-0.009257197380065918
655,91000000,imu1_frame,0.6581324023830738,0.01271962244999824,-0.7413945233268694,0.13051479961727458,0.01171875,0.01171875,0.00390625,-0.0272064208984375,0.009179949760437012,0.01491081714630127
655,115000000,imu1_frame,0.6567730977550063,0.012845450137879752,-0.7426090284845317,0.13044509683889308,0.01171875,0.01171875,0.00390625,-0.10931205749511719,0.015698909759521484,0.018942713737487793
655,140000000,imu1_frame,0.6557377942724552,0.011495777400174847,-0.7433427261553577,0.13159553083817693,0.01171875,0.01171875,0.00390625,-0.07515716552734375,0.023229360580444336,0.026887893676757812
655,166000000,imu1_frame,0.6542751975030199,0.010207770529475043,-0.7444403146989881,0.13277192927751624,0.009765625,0.0078125,0.005859375,-0.08548641204833984,-0.0065441131591796875,-0.011142253875732422
655,191000000,imu1_frame,0.6552583150698178,0.011029131433427453,-0.7437153919776078,0.13191783248401512,0.001953125,0.005859375,0.0,-0.07846927642822266,0.01363217830657959,0.014406919479370117
655,216000000,imu1_frame,0.6559583300293295,0.012560039647013027,-0.743325202187969,0.1304935188483073,0.001953125,0.005859375,0.0,-0.11280632019042969,-0.02585315704345703,-0.0022249221801757812
655,241000000,imu1_frame,0.6572147766089229,0.0126536693034452,-0.7422595881529239,0.1302279764685547,0.001953125,0.005859375,0.0,-0.10398674011230469,0.014485597610473633,-0.008836507797241211
655,266000000,imu1_frame,0.6583703939471484,0.012551270206045987,-0.741297194025206,0.12988210084706536,0.01953125,0.009765625,0.00390625,-0.09979534149169922,0.014248967170715332,0.02096867561340332
655,291000000,imu1_frame,0.6569790051828873,0.012643894518088476,-0.7425552851119563,0.12973190522234804,0.017578125,0.009765625,0.0,-0.10395050048828125,0.02141737937927246,-0.015068292617797852
655,315000000,imu1_frame,0.6569769282259509,0.0106979907225538,-0.7423365885614545,0.13116119112083274,0.017578125,0.009765625,0.0,-0.11525440216064453,0.05289053916931152,0.02312159538269043
655,340000000,imu1_frame,0.6567092877324737,0.008739189596839987,-0.7423254811109022,0.13270048253327826,0.01171875,0.0,0.001953125,-0.1240530014038086,0.005394458770751953,0.015491604804992676
655,365000000,imu1_frame,0.6568884789158896,0.009979919614641229,-0.7423779679349534,0.13142632992221634,0.01171875,0.0,0.001953125,-0.11786556243896484,0.03931283950805664,0.02049732208251953
655,391000000,imu1_frame,0.6566059231703694,0.008244186658052597,-0.742359195181666,0.13305457667124163,-0.005859375,-0.001953125,0.001953125,-0.12638282775878906,-0.0060536861419677734,0.012643814086914062
655,416000000,imu1_frame,0.6564961664829851,0.010154308025164949,-0.7427056998000262,0.1315215454069336,-0.005859375,-0.001953125,0.001953125,-0.07584953308105469,-0.03644132614135742,0.010553598403930664
655,441000000,imu1_frame,0.6575935940516251,0.010497045815631996,-0.7417921457347757,0.13116741065374626,-0.005859375,-0.001953125,0.001953125,-0.07460403442382812,0.009115338325500488,-4.565715789794922e-05
655,466000000,imu1_frame,0.6583337960388859,0.010599189578821716,-0.7411702575280907,0.13096151926824395,0.001953125,-0.00390625,0.01171875,-0.07138633728027344,0.011176228523254395,0.019275784492492676
655,491000000,imu1_frame,0.6565168785911217,0.010479944827352369,-0.7427276940991587,0.1312681655982613,0.00390625,-0.00390625,0.01171875,-0.07842063903808594,0.010556578636169434,-0.02787482738494873
655,516000000,imu1_frame,0.6564055844815735,0.010554793587637341,-0.742841757217001,0.13117327749387372,0.00390625,-0.00390625,0.01171875,-0.0738525390625,0.013067483901977539,0.00892794132232666
655,541000000,imu1_frame,0.6563871100155392,0.012200707090329952,-0.7430889157535632,0.12971494839122522,0.00390625,-0.00390625,0.01171875,-0.06772136688232422,0.016824722290039062,0.00861823558807373
655,566000000,imu1_frame,0.6565683245087376,0.011372165192882693,-0.7428440888021351,0.13027420635851225,0.0078125,0.0,-0.001953125,-0.06975173950195312,-0.0029735565185546875,0.013289690017700195
655,590000000,imu1_frame,0.6561434588667255,0.01296328192334351,-0.7434086521715877,0.1290398798225148,-0.005859375,0.0,-0.005859375,-0.06542205810546875,0.03726184368133545,0.0027202367782592773
655,615000000,imu1_frame,0.6563874850722261,0.011279364609124097,-0.7429595010759399,0.13053514904255814,-0.005859375,0.0,-0.005859375,-0.07152557373046875,0.03195035457611084,0.008210539817810059
655,641000000,imu1_frame,0.6565153802149997,0.009790316034183587,-0.7426196062871314,0.13193871915041222,-0.009765625,-0.0078125,0.0,-0.07760810852050781,-0.00807046890258789,0.010837793350219727
655,666000000,imu1_frame,0.6576352183738435,0.010278029063594003,-0.741699694172001,0.13149846135265245,-0.009765625,-0.0078125,0.0,-0.11095619201660156,0.0015773773193359375,-0.038228511810302734
655,691000000,imu1_frame,0.6588267026593043,0.010552651259665159,-0.7407224227665438,0.13102026494142915,0.005859375,0.001953125,0.005859375,-0.10559368133544922,0.008442282676696777,-0.007397770881652832
655,716000000,imu1_frame,0.6571253549625047,0.010648161741143183,-0.7422172902377968,0.13109682905775663,0.005859375,0.001953125,0.005859375,-0.07565116882324219,0.013516902923583984,-0.012096881866455078
655,741000000,imu1_frame,0.6578791537136708,0.011836126386982495,-0.7417428207749335,0.12989423793987473,0.005859375,0.001953125,0.005859375,-0.0681924819946289,0.005135536193847656,0.007676362991333008
655,766000000,imu1_frame,0.65805488136955,0.012454733676073778,-0.7416667212484583,0.12937977936032719,-0.001953125,-0.001953125,0.0078125,-0.06463241577148438,0.020172834396362305,0.012972712516784668
655,791000000,imu1_frame,0.657590525467457,0.010973556068176961,-0.7418676512987131,0.13071598922543284,0.001953125,0.001953125,0.009765625,-0.07278728485107422,-0.0171736478805542,-0.0001308917999267578
655,816000000,imu1_frame,0.6580741063619944,0.012317410514732197,-0.7416334518799712,0.12948580998191483,0.001953125,0.001953125,0.009765625,-0.065643310546875,0.0168454647064209,0.012922883033752441
655,840000000,imu1_frame,0.6570091216106854,0.01099843788933753,-0.7423739981536633,0.13076274450199799,0.001953125,0.001953125,0.009765625,-0.070587158203125,0.023219943046569824,0.024133920669555664
655,866000000,imu1_frame,0.6556290489088954,0.009717574439499005,-0.7433930655963648,0.13199571582846598,0.00390625,0.0078125,-0.005859375,-0.08063888549804688,-0.007440090179443359,-0.011835336685180664
655,890000000,imu1_frame,0.6565482661456363,0.010552264612070473,-0.7427312905340344,0.1310849113909123,0.00390625,0.00390625,-0.0078125,-0.07381439208984375,0.013870596885681152,0.012067914009094238
655,915000000,imu1_frame,0.6575722048368305,0.009601671038335159,-0.7417304447421201,0.13169111846270284,0.00390625,0.00390625,-0.0078125,-0.07814598083496094,0.028545618057250977,-0.001160264015197754
655,941000000,imu1_frame,0.6583387515487937,0.008692023203531749,-0.7409293383085095,0.13243206777634778,-0.00390625,0.0,0.0,-0.07926273345947266,0.003664255142211914,0.0184934139251709
655,966000000,imu1_frame,0.6572497375178774,0.010000648916339559,-0.7420490642075318,0.13147606574072515,0.0,0.00390625,0.00390625,-0.07769775390625,0.037978172302246094,-0.009255051612854004
655,990000000,imu1_frame,0.6581109435192556,0.008927695475730324,-0.7411613237057246,0.1322504235020289,0.00390625,0.00390625,0.009765625,-0.07927799224853516,0.010090231895446777,0.012465596199035645
656,16000000,imu1_frame,0.6572557451580169,0.010441550691073772,-0.7421160136492644,0.13103313230351513,0.00390625,0.00390625,0.009765625,-0.07170486450195312,-0.028078436851501465,0.03022456169128418
656,40000000,imu1_frame,0.6564362130751507,0.011895181049711955,-0.7430244342942237,0.12986413235801025,0.00390625,0.00390625,0.009765625,-0.06850337982177734,0.010321617126464844,0.00979769229888916
656,65000000,imu1_frame,0.6564528600518625,0.01167342671117177,-0.7430247420558338,0.12979832946309594,0.017578125,-0.001953125,0.013671875,-0.06824493408203125,0.007810711860656738,0.010642647743225098
656,90000000,imu1_frame,0.6563222186185382,0.011864388250003237,-0.7431938242394613,0.12947324531121238,0.013671875,0.0,0.017578125,-0.06760978698730469,0.015133023262023926,0.007338404655456543
656,116000000,imu1_frame,0.6570686788588094,0.010000078625720981,-0.7423306283819773,0.130789861442839,0.013671875,0.0,0.017578125,-0.03779792785644531,0.04730641841888428,-0.013921380043029785
656,140000000,imu1_frame,0.6577771696815136,0.011021471354622893,-0.7418901894825907,0.12964053750444798,0.013671875,0.0,0.017578125,-0.06989288330078125,-0.0031244754791259766,0.0046961307525634766
656,165000000,imu1_frame,0.6583784679597152,0.011892024995315477,-0.7415203108430736,0.128623486485636,0.017578125,0.021484375,0.01953125,-0.06378841400146484,0.020952224731445312,0.02070915699005127
656,191000000,imu1_frame,0.657142324022,0.010115372373526072,-0.742406114758706,0.12998002150174,0.025390625,0.01171875,0.021484375,-0.07462596893310547,-0.018926143646240234,-0.011929631233215332
656,216000000,imu1_frame,0.6584383967729742,0.009041549122487353,-0.741197186424197,0.13039884539885782,0.025390625,0.01171875,0.021484375,-0.1092061996459961,0.03472137451171875,-0.018081307411193848
656,240000000,imu1_frame,0.6594945017174172,0.008260135143911064,-0.7402156512136888,0.13068879856435375,0.017578125,0.0,0.015625,-0.1084280014038086,0.016799330711364746,0.008928298950195312
656,266000000,imu1_frame,0.6599937504771571,0.00805936595097282,-0.7397999630151767,0.13053471061103894,0.015625,-0.01171875,0.015625,-0.10655403137207031,0.014451384544372559,0.022231221199035645
656,291000000,imu1_frame,0.6582715833835574,0.008509520013358215,-0.7413501102857248,0.1304075325975849,-0.001953125,-0.015625,0.013671875,-0.11104774475097656,0.027358174324035645,-0.022590994834899902
656,315000000,imu1_frame,0.6567173066947688,0.007886456820806914,-0.7425976779588791,0.1311825886940156,-0.001953125,-0.015625,0.013671875,-0.07982730865478516,0.012511730194091797,0.015502691268920898
656,344000000,imu1_frame,0.6578492392046569,0.007809058596644748,-0.7416082118061376,0.1311131467984479,-0.001953125,-0.015625,0.013671875,-0.07983875274658203,0.009162664413452148,0.0058536529541015625
656,366000000,imu1_frame,0.6581085424584777,0.00785928708107012,-0.7414294661646604,0.13081943530126577,0.013671875,-0.02734375,0.021484375,-0.07851123809814453,0.01301264762878418,0.01234900951385498
656,391000000,imu1_frame,0.6566346400418837,0.006383195205719547,-0.7425302449143183,0.13205695628596914,0.013671875,-0.02734375,0.021484375,-0.0895547866821289,0.014829754829406738,0.01295161247253418
656,415000000,imu1_frame,0.6573611991317342,0.0069408265927153,-0.7420269670397174,0.1312404624654172,0.013671875,-0.02734375,0.021484375,-0.0843048095703125,-0.003658890724182129,-0.007442116737365723
656,441000000,imu1_frame,0.6578328791647176,0.005348772235103505,-0.7414354700606507,0.13229035286587298,0.013671875,-0.02734375,0.021484375,-0.04599475860595703,-0.006379961967468262,0.004371523857116699
656,466000000,imu1_frame,0.6578373766107354,0.006310291730970876,-0.7416359988766645,0.13109619110556817,0.021484375,-0.01953125,0.013671875,-0.041001319885253906,0.02292180061340332,0.004716753959655762
656,490000000,imu1_frame,0.6578754816397892,0.004661597179245614,-0.7414174337550243,0.13220555621102995,0.01953125,-0.013671875,0.013671875,-0.04746818542480469,-0.015347957611083984,0.005267500877380371
656,516000000,imu1_frame,0.6562565668247426,0.004134076997298827,-0.7427897920573333,0.13256527721166683,0.01953125,-0.013671875,0.013671875,-0.09745502471923828,0.015719890594482422,0.037962913513183594
656,541000000,imu1_frame,0.6544388358451264,0.003989644191271546,-0.7443462354321633,0.13282535403630316,0.0078125,-0.013671875,0.013671875,-0.10431766510009766,0.015131711959838867,-0.008653998374938965
656,565000000,imu1_frame,0.655226991532724,0.003915375092677751,-0.7436785442851177,0.13268188337081768,0.00390625,-0.025390625,0.015625,-0.10148906707763672,0.013771533966064453,0.01161336898803711
656,591000000,imu1_frame,0.6554356233805418,0.004052821636686589,-0.7435507845891393,0.13236294412492117,0.009765625,-0.021484375,0.021484375,-0.099334716796875,0.019231200218200684,0.01735544204711914
656,616000000,imu1_frame,0.6563728755855901,0.0036831440885063426,-0.7427229614531193,0.13237705683174505,0.009765625,-0.021484375,0.021484375,-0.09767341613769531,0.011258482933044434,0.005838751792907715
656,641000000,imu1_frame,0.6565945053512101,0.0018069602493529856,-0.7422813291652368,0.13378646721528265,0.009765625,-0.021484375,0.021484375,-0.10130882263183594,0.004453897476196289,0.011072754859924316
656,665000000,imu1_frame,0.6567732238928188,0.0025837258674030125,-0.7422835227762066,0.1328812573428626,0.015625,-0.013671875,0.029296875,-0.09663581848144531,0.02686607837677002,0.015786409378051758
656,690000000,imu1_frame,0.6551334472680225,0.0017545853944170183,-0.7436018435086105,0.13361656346204606,0.015625,-0.013671875,0.029296875,-0.10560035705566406,0.00971078872680664,0.00888669490814209
656,715000000,imu1_frame,0.6551597725631239,0.001635308338750897,-0.7436005579938871,0.13349609856790925,0.015625,-0.013671875,0.029296875,-0.06596851348876953,0.009359478950500488,0.010009288787841797
656,740000000,imu1_frame,0.6550093339227624,0.001592868762006899,-0.7437617673793749,0.1333366739793467,0.015625,-0.013671875,0.029296875,-0.06619644165039062,0.011179327964782715,0.006163835525512695
656,765000000,imu1_frame,0.6552801057739167,0.001240558437696996,-0.743512993184947,0.133397424850887,0.013671875,-0.01953125,0.03125,-0.06637954711914062,0.004569888114929199,0.013065814971923828
656,790000000,imu1_frame,0.6545871431492261,0.0019325838666710228,-0.7442536062125287,0.13265936372144774,0.017578125,-0.017578125,0.033203125,-0.06572341918945312,0.025999784469604492,-0.005098581314086914
656,815000000,imu1_frame,0.6551478196622059,6.503263872332382e-05,-0.7435371022853919,0.1339175406272681,0.017578125,-0.017578125,0.033203125,-0.11468982696533203,0.020349979400634766,0.00906217098236084
656,841000000,imu1_frame,0.6557840906177133,-0.0003281666526809506,-0.742973049952238,0.13393343811018954,0.015625,-0.01171875,0.029296875,-0.11307907104492188,0.012656927108764648,0.025918245315551758
656,865000000,imu1_frame,0.6543445965364951,0.0003894156472583521,-0.7443588960605566,0.13327727186003882,0.01953125,-0.009765625,0.02734375,-0.11495018005371094,0.035352468490600586,-0.011444091796875
656,891000000,imu1_frame,0.6553090709345325,-0.0005548330446164373,-0.7434285036996247,0.13373022694271242,0.013671875,-0.015625,0.02734375,-0.11507129669189453,0.013267755508422852,0.013451457023620605
656,916000000,imu1_frame,0.6555533655465631,-0.00011895088688889549,-0.7433224961836136,0.13312188940449501,0.013671875,-0.015625,0.02734375,-0.11157894134521484,0.02673041820526123,0.019846796989440918
656,941000000,imu1_frame,0.6553368472079764,-0.002341869922271436,-0.7431973767570081,0.13485470521371556,0.013671875,-0.015625,0.02734375,-0.12258338928222656,0.011936664581298828,0.014058828353881836
656,965000000,imu1_frame,0.6555694155676353,-0.0017713276581585015,-0.7431464091050353,0.13401126223168033,0.021484375,-0.017578125,0.025390625,-0.1181631088256836,0.03039228916168213,0.020115971565246582
656,991000000,imu1_frame,0.6538550152819629,-0.0025751400808831618,-0.7445435838266933,0.13461738159202039,0.021484375,-0.017578125,0.025390625,-0.12349796295166016,0.015400171279907227,0.015314102172851562
657,16000000,imu1_frame,0.6532530683907656,-0.002969678443344858,-0.7450523926246119,0.1347165241992762,0.021484375,-0.017578125,0.025390625,-0.08727073669433594,0.009859204292297363,0.00039017200469970703
657,41000000,imu1_frame,0.651889099573729,-0.0047555672527869195,-0.7459831312269561,0.13611448990420896,0.021484375,-0.017578125,0.025390625,-0.13968372344970703,0.004792928695678711,0.004474997520446777
657,66000000,imu1_frame,0.6524597994818354,-0.0040471180041610644,-0.7456674597747492,0.13512908764975842,0.015625,-0.029296875,0.015625,-0.13346004486083984,0.02620410919189453,0.018872737884521484
657,90000000,imu1_frame,0.652530036813547,-0.004482173330541107,-0.7455817386304304,0.13524914860793186,0.013671875,-0.0234375,0.015625,-0.13419151306152344,0.018059730529785156,0.02117335796356201
657,115000000,imu1_frame,0.6535020386837738,-0.005411403447533336,-0.744653968342476,0.13563284845745271,0.013671875,-0.0234375,0.015625,-0.09580612182617188,0.036299705505371094,-0.03239035606384277
657,141000000,imu1_frame,0.6545639436579141,-0.0061289980764761935,-0.7436732906184377,0.13586212079281879,0.01171875,-0.015625,0.013671875,-0.09467792510986328,0.020194530487060547,-0.004945874214172363
657,166000000,imu1_frame,0.6554516545382266,-0.00651933256275849,-0.7429004342833131,0.13579238420361486,0.015625,-0.013671875,0.013671875,-0.09256267547607422,0.013127565383911133,0.01800715923309326
657,191000000,imu1_frame,0.6545297327236648,-0.005722608678933587,-0.7438232912386384,0.13522201056601438,0.001953125,-0.009765625,0.0078125,-0.09215259552001953,0.03437519073486328,-0.00595700740814209
657,215000000,imu1_frame,0.6530808360690251,-0.0052923509856217495,-0.7451300871513182,0.13505023436594635,0.001953125,-0.009765625,0.0078125,-0.09541511535644531,0.007462263107299805,0.03501307964324951
657,241000000,imu1_frame,0.6513422751921522,-0.004666508322189518,-0.7467293574831193,0.13463554850201293,0.009765625,-0.01171875,0.013671875,-0.09871101379394531,0.0263059139251709,-0.009461164474487305
657,266000000,imu1_frame,0.6523088661097114,-0.0051264874107664815,-0.7458452675406014,0.13483953132808854,0.001953125,-0.009765625,0.01171875,-0.09694576263427734,0.014505505561828613,0.015397906303405762
657,291000000,imu1_frame,0.6533306711473799,-0.005915274435966177,-0.7448589373894001,0.13531151856954052,0.001953125,-0.009765625,0.01171875,-0.1399221420288086,0.03349435329437256,0.002431511878967285
657,315000000,imu1_frame,0.6519916489638066,-0.0049223124201842145,-0.7461573065179243,0.13465487162301518,0.001953125,-0.009765625,0.01171875,-0.09719562530517578,0.020671606063842773,0.007131695747375488
657,341000000,imu1_frame,0.652865551029973,-0.006319644615712426,-0.7451993077861316,0.1356636504201883,0.001953125,-0.009765625,0.01171875,-0.14358234405517578,0.06338655948638916,-0.009452342987060547
657,365000000,imu1_frame,0.6537187341686268,-0.007483578717931095,-0.744299095538899,0.13643558563116148,0.005859375,-0.005859375,0.013671875,-0.14586448669433594,0.03443872928619385,0.012645721435546875
657,390000000,imu1_frame,0.6544259597276123,-0.00803204321075234,-0.7435926888327761,0.13686512569276524,-0.00390625,-0.00390625,0.013671875,-0.14569377899169922,0.01910114288330078,0.03129124641418457
657,415000000,imu1_frame,0.6530992703771632,-0.00715210045298352,-0.7448487371327617,0.1364204870378988,-0.00390625,-0.00390625,0.013671875,-0.10774898529052734,0.0019352436065673828,0.03593182563781738
657,440000000,imu1_frame,0.6516505809876711,-0.006041659593951579,-0.7462350125618907,0.1358246099738045,-0.005859375,-0.013671875,0.0234375,-0.10818195343017578,0.029398441314697266,-0.0013277530670166016
657,466000000,imu1_frame,0.6524953243007726,-0.006738156071680364,-0.7453995779605542,0.13632284546110007,-0.001953125,-0.015625,0.025390625,-0.10815811157226562,0.010698556900024414,0.020618557929992676
657,491000000,imu1_frame,0.6518122932673777,-0.005444896030069501,-0.7461657867492628,0.13545370477619798,-0.005859375,-0.01171875,0.0234375,-0.10520076751708984,0.04242992401123047,0.0025538206100463867
657,516000000,imu1_frame,0.6524219137747896,-0.006731310223492026,-0.7454212750319772,0.13655569786287797,-0.005859375,-0.01171875,0.0234375,-0.1093130111694336,0.008089303970336914,0.018437504768371582
657,541000000,imu1_frame,0.6521153192283802,-0.005401767855698761,-0.7458756715425174,0.13559466778859605,-0.005859375,-0.01171875,0.0234375,-0.10438728332519531,0.04049181938171387,0.01026153564453125
657,565000000,imu1_frame,0.6524318608619114,-0.006998798415995749,-0.7453527951421847,0.13686816476715283,0.00390625,-0.01171875,0.029296875,-0.11084842681884766,0.00019943714141845703,0.01871967315673828
657,591000000,imu1_frame,0.6533557074169769,-0.008168119326789097,-0.7443822381183645,0.13767601456397432,0.00390625,-0.01171875,0.029296875,-0.06990337371826172,0.009558439254760742,0.0037331581115722656
657,616000000,imu1_frame,0.6538927162303866,-0.009754929332562645,-0.7436637756848176,0.13890048865560298,0.00390625,-0.01171875,0.029296875,-0.11501216888427734,0.008607625961303711,0.017858147621154785
657,641000000,imu1_frame,0.6525144223192125,-0.00915963290029846,-0.7449366316345697,0.1386017483277081,0.00390625,-0.01171875,0.029296875,-0.120880126953125,-0.014510631561279297,0.060714006423950195
657,665000000,imu1_frame,0.6512683311067881,-0.008184938157430564,-0.7461296891890961,0.13810523015194223,-0.005859375,-0.005859375,0.01953125,-0.12113189697265625,0.009191274642944336,0.028613567352294922
657,690000000,imu1_frame,0.650175769846352,-0.006728896867885747,-0.7472655581869857,0.13718737478039902,-0.005859375,-0.005859375,0.021484375,-0.1186532974243164,0.044907212257385254,0.00033020973205566406
657,715000000,imu1_frame,0.6509720888794374,-0.007836230781593748,-0.7463901346239926,0.13811480703768703,-0.005859375,-0.005859375,0.021484375,-0.12124061584472656,0.014923453330993652,0.020926594734191895
657,741000000,imu1_frame,0.6505626829610016,-0.006688208588192101,-0.7469043988072323,0.13732182072369625,-0.005859375,-0.015625,0.0234375,-0.11739063262939453,0.04277956485748291,0.01025533676147461
657,766000000,imu1_frame,0.6510153100189383,-0.008067949442048104,-0.7462829068079772,0.13847670316332017,-0.00390625,-0.01171875,0.017578125,-0.12274169921875,0.006854653358459473,0.02202451229095459
657,791000000,imu1_frame,0.6506691789333294,-0.006588276257093482,-0.7468274288868326,0.13724068516467824,0.00390625,-0.009765625,0.017578125,-0.11669540405273438,0.04502546787261963,0.012798905372619629
657,816000000,imu1_frame,0.6507742216650854,-0.008591322364865914,-0.7464160708007148,0.1388601845261886,0.00390625,-0.009765625,0.017578125,-0.12211132049560547,0.03402853012084961,0.016086101531982422
657,841000000,imu1_frame,0.6510677716405509,-0.00976977012595558,-0.7459788331528345,0.1397529563573836,0.00390625,-0.009765625,0.017578125,-0.1264781951904297,0.004701972007751465,0.024227142333984375
657,865000000,imu1_frame,0.6505477381356543,-0.00823257884138619,-0.7466650251372837,0.1386044923115551,-0.00390625,-0.017578125,0.021484375,-0.12123489379882812,0.04308915138244629,0.010205864906311035
657,891000000,imu1_frame,0.650999879967972,-0.009645086174130145,-0.7460351076764717,0.13977748999225442,-0.00390625,-0.017578125,0.021484375,-0.12662506103515625,0.006425142288208008,0.022269606590270996
657,915000000,imu1_frame,0.6507453546313695,-0.011387911585252175,-0.7459379646664803,0.1413412599513974,-0.00390625,-0.017578125,0.021484375,-0.14069175720214844,0.0009191036224365234,0.01641833782196045
657,941000000,imu1_frame,0.6490662939957395,-0.010820176385430891,-0.7474315014704089,0.1412162185845339,-0.00390625,-0.017578125,0.021484375,-0.10152244567871094,0.015078306198120117,0.012694120407104492
657,966000000,imu1_frame,0.6494404813121081,-0.01045684653269531,-0.747205414833137,0.14071881053266777,0.009765625,-0.009765625,0.021484375,-0.0974740982055664,0.025643110275268555,0.022343754768371582
657,990000000,imu1_frame,0.6482099045299882,-0.011752181256130773,-0.7480329769126264,0.1418889402179778,0.009765625,-0.009765625,0.021484375,-0.1092844009399414,-0.004806876182556152,-0.008735895156860352
658,16000000,imu1_frame,0.6492622439637966,-0.012338437038150941,-0.7470776611512433,0.14206079594081822,0.009765625,-0.009765625,0.021484375,-0.11126708984375,0.016839027404785156,0.018515348434448242
658,41000000,imu1_frame,0.6491137658095787,-0.01152259990041132,-0.7473082768311351,0.14159409630250142,-0.009765625,-0.009765625,0.02734375,-0.10807323455810547,0.03502190113067627,0.014423727989196777
658,65000000,imu1_frame,0.6493493574603205,-0.01278546659478043,-0.7468420862367262,0.14285951853270842,-0.013671875,-0.0078125,0.029296875,-0.1146535873413086,3.7550926208496094e-05,0.02074730396270752
658,90000000,imu1_frame,0.649440342528864,-0.011186210531508749,-0.7469966567001904,0.1417677857225486,-0.013671875,-0.0078125,0.029296875,-0.14189910888671875,0.03697347640991211,0.022235393524169922
658,115000000,imu1_frame,0.6494988999777086,-0.012264663798293511,-0.7467090249814543,0.14292091855605746,-0.013671875,-0.0078125,0.029296875,-0.1476001739501953,0.0064171552658081055,0.024530887603759766
658,141000000,imu1_frame,0.6477997824389903,-0.011229089205529359,-0.7482560703797138,0.14262609357168893,-0.013671875,-0.0078125,0.029296875,-0.075927734375,0.02973484992980957,-0.019287705421447754
658,166000000,imu1_frame,0.6487759649033593,-0.01181154050598233,-0.7472641596021522,0.1433405408413115,-0.021484375,-0.0078125,0.03515625,-0.0758981704711914,0.009637713432312012,0.005818605422973633
658,191000000,imu1_frame,0.6490739088695479,-0.010223701717470215,-0.7472160669945878,0.14236111116852826,-0.021484375,-0.0078125,0.03515625,-0.10285472869873047,0.0093153715133667,0.01253056526184082
658,215000000,imu1_frame,0.6496563281769099,-0.011254278644796358,-0.7464761253685225,0.14350397460237244,-0.021484375,-0.0078125,0.03515625,-0.14583206176757812,0.013428211212158203,0.027831196784973145
658,240000000,imu1_frame,0.6489614674471189,-0.013155466203357256,-0.7466409262302377,0.1456134429093249,-0.021484375,-0.0078125,0.03515625,-0.12464618682861328,-9.298324584960938e-05,0.011058807373046875
658,266000000,imu1_frame,0.6493519862659757,-0.011658494643727297,-0.7465467232041443,0.14447860571112037,-0.01171875,-0.01171875,0.013671875,-0.11570072174072266,0.035085201263427734,0.020177245140075684
658,291000000,imu1_frame,0.6477748142711548,-0.01101938046653507,-0.747940047121622,0.14440238627464014,-0.01171875,-0.01171875,0.013671875,-0.0761260986328125,0.01043546199798584,0.015196919441223145
658,315000000,imu1_frame,0.6488511690790437,-0.010839244608868266,-0.7470414109556193,0.14423522967189661,-0.01171875,-0.01171875,0.013671875,-0.11429309844970703,0.012358546257019043,-0.03188931941986084
658,341000000,imu1_frame,0.6500164156025888,-0.010636347298637312,-0.7460979791379044,0.14388652852036063,-0.001953125,-0.0078125,0.0078125,-0.10844612121582031,0.016626358032226562,-0.002237558364868164
658,366000000,imu1_frame,0.6509510354209036,-0.010436456425439902,-0.745349729524352,0.14355351113681872,0.0,-0.0078125,0.009765625,-0.10361480712890625,0.021283626556396484,0.02152872085571289
658,390000000,imu1_frame,0.6496666723225436,-0.011578268471261564,-0.7462243345774316,0.14473562469906937,0.0,-0.0078125,0.009765625,-0.11488914489746094,0.03214573860168457,0.02825748920440674
658,415000000,imu1_frame,0.6480697430534507,-0.011931068037094896,-0.7474941847652783,0.14531242719127865,0.0,-0.0078125,0.009765625,-0.1193075180053711,0.023911237716674805,0.023079633712768555
658,441000000,imu1_frame,0.647406789217903,-0.011755766895890593,-0.7481035306113346,0.14514599100943612,0.009765625,-0.001953125,0.009765625,-0.12028694152832031,0.030223846435546875,0.006609201431274414
658,465000000,imu1_frame,0.6482131654964347,-0.012085639073427266,-0.747364834948615,0.1453252658263794,-0.00390625,-0.0078125,0.005859375,-0.11911392211914062,0.021074771881103516,0.02694237232208252
658,491000000,imu1_frame,0.648107946016085,-0.010163589323663421,-0.7477806672748217,0.1437945249753737,-0.00390625,-0.0078125,0.005859375,-0.15286636352539062,0.029759645462036133,0.02319657802581787
658,515000000,imu1_frame,0.6488577958760057,-0.011360971778152387,-0.7469360874968956,0.14470995213190402,-0.00390625,-0.0078125,0.005859375,-0.11718177795410156,0.037801504135131836,0.00750422477722168
658,540000000,imu1_frame,0.648969787907514,-0.013188479856076176,-0.7465058924359486,0.14626425038528723,-0.00390625,-0.0078125,0.005859375,-0.08747005462646484,0.030249834060668945,0.011258721351623535
658,566000000,imu1_frame,0.6492956134482545,-0.014405863673044821,-0.7460020725181147,0.1472704493351132,-0.001953125,-0.001953125,0.009765625,-0.0926065444946289,-0.0011332035064697266,0.020417451858520508
658,590000000,imu1_frame,0.6484751070752934,-0.01292518927637411,-0.7469465229143601,0.1462322361588028,-0.001953125,-0.001953125,0.009765625,-0.12341785430908203,-0.0032792091369628906,0.033805251121520996
658,616000000,imu1_frame,0.6471558168002222,-0.011860999444825503,-0.748224161783683,0.14563402485996205,-0.001953125,-0.001953125,0.009765625,-0.16627979278564453,0.023295164108276367,0.0389636754989624
658,640000000,imu1_frame,0.6457854311882982,-0.010623775413553777,-0.7495964632969098,0.14475308105069976,0.00390625,-0.01953125,0.009765625,-0.1653594970703125,0.056140780448913574,0.0037289857864379883
658,665000000,imu1_frame,0.6465990576645735,-0.011595767510004837,-0.7487490866099749,0.14543040295573642,-0.001953125,-0.017578125,0.015625,-0.16701889038085938,0.03122091293334961,0.024733304977416992
658,691000000,imu1_frame,0.6472297863169578,-0.013157253084535874,-0.7479444896183883,0.14662718317168655,-0.001953125,-0.017578125,0.015625,-0.09079933166503906,0.030727624893188477,0.002276778221130371
658,715000000,imu1_frame,0.6459037662019231,-0.012039267489746855,-0.7492411333112031,0.14594898080845162,-0.001953125,-0.017578125,0.015625,-0.09031963348388672,0.020040273666381836,0.007384538650512695
658,741000000,imu1_frame,0.6465266586070915,-0.01229241682807138,-0.748712387417514,0.14588329968313968,0.0078125,-0.017578125,0.0078125,-0.08811759948730469,0.015412092208862305,0.023647785186767578
658,766000000,imu1_frame,0.6447187869042363,-0.011776879450870244,-0.7503240429851767,0.14564622014150708,0.0078125,-0.013671875,0.013671875,-0.0932931900024414,0.030848026275634766,-0.022706151008605957
658,791000000,imu1_frame,0.645531455080079,-0.013151108294498002,-0.7494342143736771,0.14650783999135228,0.0078125,-0.013671875,0.013671875,-0.09679031372070312,0.036809682846069336,-0.0015857219696044922
658,816000000,imu1_frame,0.6464590235247138,-0.014352507569575722,-0.7484756119907767,0.147203922111372,0.0078125,-0.013671875,0.013671875,-0.0989542007446289,0.04709029197692871,-0.016581177711486816
658,841000000,imu1_frame,0.6474635622556384,-0.014130615473642529,-0.7477089439683182,0.1467058157243851,0.0078125,-0.013671875,0.013671875,-0.09296989440917969,0.014852285385131836,0.00888979434967041
658,865000000,imu1_frame,0.6480445807410266,-0.013815173178079725,-0.7472975475189101,0.14626598317609313,0.005859375,-0.005859375,0.013671875,-0.08846473693847656,0.023435592651367188,0.023605942726135254
658,890000000,imu1_frame,0.647910801593871,-0.01581741719456919,-0.7470563585467099,0.1478790033987578,0.005859375,-0.005859375,0.013671875,-0.13912105560302734,0.01335763931274414,0.021061420440673828
658,915000000,imu1_frame,0.6468803576001421,-0.01750261397385793,-0.7476103238569741,0.1493929888504294,0.005859375,-0.005859375,0.013671875,-0.15637493133544922,0.04659414291381836,0.03521561622619629
658,941000000,imu1_frame,0.6461978995277743,-0.01930700029355477,-0.7476946801513383,0.15168447402072896,-0.017578125,0.056640625,0.06640625,-0.1714944839477539,-0.0067403316497802734,0.019196748733520508
658,966000000,imu1_frame,0.646798158950407,-0.017774770226351398,-0.7473754390575719,0.1508845658616738,-0.021484375,0.029296875,0.0546875,-0.161956787109375,0.02410268783569336,0.03323936462402344
658,990000000,imu1_frame,0.647938896488745,-0.016811618944663886,-0.7465016622686947,0.15042547694949343,-0.021484375,0.029296875,0.0546875,-0.0713644027709961,-0.033301591873168945,-0.012786149978637695
659,15000000,imu1_frame,0.6492111015487527,-0.016581679258838074,-0.7453717379505468,0.15056880753792723,-0.021484375,0.029296875,0.0546875,-0.06624698638916016,0.003862619400024414,0.019551634788513184
659,41000000,imu1_frame,0.6479676961782791,-0.014970299309337885,-0.7466402526530949,0.1498068355120182,-0.01953125,-0.001953125,0.013671875,-0.06353759765625,0.040326833724975586,-0.013150930404663086
659,66000000,imu1_frame,0.648805707672449,-0.015733519534231365,-0.7457903368242106,0.15033423946110627,-0.0078125,-0.005859375,-0.01953125,-0.06447696685791016,0.020305633544921875,0.00855398178100586
659,91000000,imu1_frame,0.6476812844170499,-0.014209472487588966,-0.7469992787046111,0.14932890651945388,-0.0078125,-0.005859375,-0.01953125,-0.09978580474853516,-0.019923925399780273,0.05345714092254639
659,116000000,imu1_frame,0.6468569858543995,-0.012368551837783116,-0.7480095066146301,0.1480028269694027,-0.0078125,-0.005859375,-0.01953125,-0.1714916229248047,-0.052236080169677734,0.07069289684295654
659,140000000,imu1_frame,0.6469200385137966,-0.010379661065448555,-0.748302567047288,0.14638987176684448,-0.0078125,-0.005859375,-0.01953125,-0.20382976531982422,0.036078453063964844,0.03227269649505615
659,165000000,imu1_frame,0.6470688907582789,-0.009171426306273997,-0.7483890209902686,0.14536715176953308,-0.009765625,-0.017578125,-0.033203125,-0.1965646743774414,0.06617176532745361,0.03588223457336426
659,191000000,imu1_frame,0.6474664876172407,-0.010587563397775364,-0.7478087517947677,0.1464824960636698,-0.009765625,-0.017578125,-0.033203125,-0.08553695678710938,0.14759612083435059,-0.028055548667907715
659,216000000,imu1_frame,0.6476931673037267,-0.01204263208979025,-0.7473589923844544,0.14765863517759495,-0.009765625,-0.017578125,-0.033203125,-0.053282737731933594,0.14604616165161133,-0.021660208702087402
659,240000000,imu1_frame,0.648046973173667,-0.013704079623196213,-0.7467543809210438,0.14901413804521393,-0.00390625,-0.005859375,0.0,-0.06093597412109375,0.1037452220916748,-0.011865735054016113
659,266000000,imu1_frame,0.6484382661232024,-0.015536470695990607,-0.7460987041986051,0.15040996209895752,0.001953125,-0.0078125,0.001953125,-0.0693063735961914,0.05836772918701172,-0.0009107589721679688
659,291000000,imu1_frame,0.6472952389038263,-0.014328595702093758,-0.7472837461040517,0.14956793722699827,0.001953125,-0.0078125,0.001953125,-0.18035888671875,-0.023641347885131836,0.0828169584274292
659,316000000,imu1_frame,0.6461481055523176,-0.01306662943787364,-0.7484756771359676,0.14868103316206466,0.001953125,-0.0078125,0.001953125,-0.17815208435058594,0.00904536247253418,0.053131937980651855
659,341000000,imu1_frame,0.6449398539002681,-0.011529762646171225,-0.7497432974693709,0.14766393372851178,-0.005859375,-0.01171875,-0.005859375,-0.1751699447631836,0.04758262634277344,0.021885037422180176
659,366000000,imu1_frame,0.6455366952204958,-0.012245807943024009,-0.7491156469116137,0.1481828696706123,-0.005859375,-0.013671875,-0.00390625,-0.17634010314941406,0.02892589569091797,0.03744184970855713
659,390000000,imu1_frame,0.6463619077755454,-0.012583305860682426,-0.7483658371965546,0.14834594132457407,-0.005859375,-0.013671875,-0.00390625,-0.09668922424316406,0.019732236862182617,0.019324064254760742
659,415000000,imu1_frame,0.6461270310437699,-0.014362537007814622,-0.7482279954917179,0.14989477658580352,-0.005859375,-0.013671875,-0.00390625,-0.10766410827636719,0.013969898223876953,0.014150381088256836
659,440000000,imu1_frame,0.6460574218927435,-0.012411995434670298,-0.7486352005908379,0.148327632027709,-0.005859375,-0.013671875,-0.00390625,-0.0974273681640625,-0.01573491096496582,0.011386513710021973
659,465000000,imu1_frame,0.64619223513099,-0.010681510302823062,-0.7488252510493771,0.14690896495756567,-0.00390625,-0.009765625,0.00390625,-0.08777523040771484,0.027084827423095703,0.013980507850646973
659,491000000,imu1_frame,0.6461535404605463,-0.012649502209776195,-0.7484972048214366,0.14858508208646848,-0.00390625,-0.009765625,0.00390625,-0.09852218627929688,0.0554196834564209,0.013924717903137207
659,516000000,imu1_frame,0.6449667694334046,-0.011289804226026597,-0.7497142889875937,0.14771219155845755,-0.00390625,-0.009765625,0.00390625,-0.10022926330566406,0.011354923248291016,0.022466063499450684
659,541000000,imu1_frame,0.64413938869389,-0.00980165391838126,-0.7506866789055343,0.14648510377272353,0.005859375,-0.01171875,-0.005859375,-0.09569644927978516,0.050841331481933594,0.0009026527404785156
659,566000000,imu1_frame,0.6447727880402717,-0.011113508410211824,-0.7499554819948807,0.14734760520421522,0.00390625,-0.009765625,-0.005859375,-0.09958744049072266,0.01907205581665039,0.017374753952026367
659,591000000,imu1_frame,0.6447386142006926,-0.012923135112546055,-0.7496814717993953,0.14873736174252203,0.00390625,-0.009765625,-0.005859375,-0.10905933380126953,0.014249563217163086,0.017403841018676758
659,616000000,imu1_frame,0.6449075652388281,-0.01112231080248375,-0.7498855684961343,0.14711274812662892,0.00390625,-0.009765625,-0.005859375,-0.13747882843017578,0.02151966094970703,0.020819664001464844
659,641000000,imu1_frame,0.6452598674237237,-0.010338542805460071,-0.7497577961196394,0.14627393883668824,0.0078125,-0.005859375,0.00390625,-0.13116836547851562,0.04252958297729492,0.029664993286132812
659,666000000,imu1_frame,0.6445188060776446,-0.012068361880292445,-0.7500617653003719,0.14784184620148527,0.0,-0.001953125,0.005859375,-0.14385032653808594,-0.00045680999755859375,0.01145017147064209
659,691000000,imu1_frame,0.6453406860690989,-0.01344467798439447,-0.7491340719280487,0.14883810605574704,0.0,-0.001953125,0.005859375,-0.06965827941894531,0.04279971122741699,-0.006239175796508789
659,716000000,imu1_frame,0.6462830224850288,-0.012910151977931711,-0.7484505197265731,0.14823428194768407,0.0,-0.001953125,0.005859375,-0.06251907348632812,0.01656484603881836,0.0175093412399292
659,741000000,imu1_frame,0.6461578522593759,-0.01216757177214599,-0.7486862720669822,0.14765109609875898,0.0,-0.001953125,0.005859375,-0.0940084457397461,0.03505206108093262,0.014181375503540039
659,765000000,imu1_frame,0.646404885349142,-0.013529529526264305,-0.748252273963552,0.14864794157987546,0.005859375,0.001953125,-0.001953125,-0.10058307647705078,0.0020377635955810547,0.020664334297180176
659,791000000,imu1_frame,0.6452376222433103,-0.012002475497407565,-0.7495112091563295,0.14750355511902197,0.005859375,0.001953125,-0.001953125,-0.06183624267578125,0.0418848991394043,-0.009499192237854004
659,816000000,imu1_frame,0.6447709013605468,-0.013879727515268673,-0.7495751294438301,0.14904684915178518,0.005859375,0.001953125,-0.001953125,-0.06976604461669922,0.035315752029418945,0.018767118453979492
659,841000000,imu1_frame,0.6442435611638415,-0.015605199044366372,-0.7496921831453522,0.15056009495371944,0.0,0.001953125,-0.00390625,-0.08155632019042969,-0.007510662078857422,0.006432771682739258
659,866000000,imu1_frame,0.6446641658160251,-0.01408991651616228,-0.7496597226532383,0.1490633683933313,0.0078125,-0.005859375,-0.01171875,-0.07097244262695312,0.032335758209228516,0.01611316204071045
659,891000000,imu1_frame,0.6451176505292936,-0.015648325338369448,-0.7490332944267117,0.15009154116716927,0.0078125,-0.005859375,-0.01171875,-0.1591024398803711,0.03446483612060547,0.02846050262451172
659,915000000,imu1_frame,0.6436591193347362,-0.01603383566763611,-0.7501941790815783,0.15051427800422043,0.0078125,-0.005859375,-0.01171875,-0.08885002136230469,0.02738475799560547,0.03114032745361328
659,941000000,imu1_frame,0.6419158682613023,-0.016941407076487044,-0.7514658830323454,0.15151248608291218,0.005859375,0.001953125,0.005859375,-0.10149765014648438,0.0062677860260009766,-0.012116789817810059
659,966000000,imu1_frame,0.6430236484442253,-0.016515971050043668,-0.7506509417801998,0.15090054289581045,0.005859375,0.0,0.01171875,-0.09395027160644531,0.017177343368530273,0.015481352806091309
659,991000000,imu1_frame,0.6440551639501497,-0.015531947733748086,-0.7499990064472329,0.14984390116686527,0.005859375,0.0,0.01171875,-0.19725799560546875,0.0030515193939208984,0.0016008615493774414
660,15000000,imu1_frame,0.6449709339963967,-0.014535569963140734,-0.749442797765875,0.14878408645591176,0.005859375,0.0,0.005859375,-0.18762493133544922,0.02849578857421875,0.024089336395263672
660,41000000,imu1_frame,0.6448424381502968,-0.012661272114495794,-0.7499031535344455,0.14718417872827588,0.005859375,0.0,0.005859375,-0.10355949401855469,-0.0017633438110351562,0.019923090934753418
660,66000000,imu1_frame,0.6447335495758957,-0.010960882639819316,-0.7502919626576258,0.14580973861299545,0.001953125,0.00390625,0.009765625,-0.0951089859008789,0.040722012519836426,0.016357898712158203
660,91000000,imu1_frame,0.6446329867895315,-0.012956404913171486,-0.7500195948989062,0.14748237583594223,0.001953125,0.00390625,0.009765625,-0.024049758911132812,0.10791230201721191,0.014796137809753418
660,115000000,imu1_frame,0.6445811837636717,-0.014849002818201194,-0.7497171348381706,0.14905979465695324,0.001953125,0.00390625,0.009765625,-0.07361793518066406,0.021470069885253906,0.014500737190246582
660,140000000,imu1_frame,0.6444081900394545,-0.015625539690527886,-0.7497013983665641,0.1498056754821813,-0.00390625,0.005859375,-0.001953125,-0.07844924926757812,0.0011150836944580078,0.010943770408630371
660,166000000,imu1_frame,0.6447246201354967,-0.014070978977784364,-0.7497158898183891,0.14852022184055325,-0.001953125,0.005859375,0.0,-0.06918907165527344,0.03927016258239746,0.017613649368286133
660,191000000,imu1_frame,0.6456369171064145,-0.012708729405242394,-0.7491993509793344,0.14728133608293115,-0.001953125,0.005859375,0.0,-0.0971221923828125,-0.005780458450317383,0.0008623600006103516
660,216000000,imu1_frame,0.6467546188468082,-0.012871024834764275,-0.7482352430015597,0.1472644588840766,-0.001953125,0.005859375,0.0,-0.13216781616210938,0.028078317642211914,0.02944016456604004
660,240000000,imu1_frame,0.6452213806184731,-0.01268257633082004,-0.7495241094225796,0.1474521334016332,-0.00390625,0.0,0.00390625,-0.1381368637084961,0.03262591361999512,-0.009631514549255371
660,266000000,imu1_frame,0.6464172420105921,-0.012877441529621192,-0.7485263174004202,0.1472659936646482,0.0078125,-0.001953125,0.0,-0.1334362030029297,0.028861522674560547,0.020920634269714355
660,290000000,imu1_frame,0.6474222433607874,-0.013529594325137246,-0.7475991078927283,0.14750241610590384,0.0078125,-0.001953125,0.0,-0.05836009979248047,0.013717174530029297,0.0074617862701416016
660,316000000,imu1_frame,0.6460734744335827,-0.012689581623484825,-0.748894871178374,0.14691668412493708,0.0078125,-0.001953125,0.0,-0.09818172454833984,-0.002109050750732422,0.05106937885284424
660,340000000,imu1_frame,0.6445168970386524,-0.013143605536759565,-0.7501228027021619,0.1474482822260559,0.0078125,-0.001953125,0.0,-0.1460132598876953,0.027766942977905273,0.012021064758300781
660,366000000,imu1_frame,0.6455177550889959,-0.013066794039101185,-0.7493891338106693,0.14680603831211209,0.0234375,-0.001953125,-0.005859375,-0.13988494873046875,0.03422904014587402,0.03750145435333252
660,391000000,imu1_frame,0.645158611801152,-0.015111195456885117,-0.7493907819219235,0.14817379444801526,0.0234375,-0.001953125,-0.005859375,-0.11270999908447266,0.06627011299133301,0.029239892959594727
660,415000000,imu1_frame,0.6462576306879141,-0.015415980888284072,-0.748500036135867,0.14785505813296157,0.0234375,-0.001953125,-0.005859375,-0.10463905334472656,0.02383112907409668,0.018193721771240234
660,441000000,imu1_frame,0.646202355391565,-0.01559311255077989,-0.7485589795747073,0.14777964956463085,0.01171875,-0.0078125,-0.005859375,-0.10461044311523438,0.02220439910888672,0.0174100399017334
660,465000000,imu1_frame,0.646279786083709,-0.015473411194844322,-0.7485388751427541,0.14755529148631374,0.005859375,-0.005859375,-0.001953125,-0.10347652435302734,0.02660822868347168,0.019155144691467285
660,491000000,imu1_frame,0.646203354495906,-0.017445350990190584,-0.7482595160164337,0.14907911006549504,0.005859375,-0.005859375,-0.001953125,-0.11490631103515625,0.018013477325439453,0.01799321174621582
660,516000000,imu1_frame,0.644911922483947,-0.0163952480006699,-0.7495437948772107,0.1483371418159533,0.005859375,-0.005859375,-0.001953125,-0.07514476776123047,0.0069925785064697266,0.023855924606323242
660,541000000,imu1_frame,0.6435007976198022,-0.01511999925638362,-0.7509373942829998,0.14755046239379935,0.0,-0.001953125,0.00390625,-0.07442569732666016,0.03926682472229004,-0.01252591609954834
660,565000000,imu1_frame,0.6444191028587172,-0.015996702803913146,-0.7500205438853692,0.14811248806250085,0.0,-0.001953125,0.005859375,-0.07523727416992188,0.01696491241455078,0.011093616485595703
660,591000000,imu1_frame,0.6456546673655779,-0.01585952783152503,-0.749025444547421,0.1477816270939797,0.0,-0.001953125,0.005859375,-0.10803508758544922,0.0198361873626709,0.003284931182861328
660,615000000,imu1_frame,0.6446413899480241,-0.017382516030818754,-0.7495763533776357,0.14923343110511017,0.0,-0.001953125,0.005859375,-0.12486648559570312,0.021076440811157227,0.017660140991210938
660,640000000,imu1_frame,0.644438976151125,-0.01556193048709528,-0.750077887138869,0.14778158059140709,0.0,-0.001953125,0.005859375,-0.07284927368164062,0.027428627014160156,0.011339664459228516
660,666000000,imu1_frame,0.6446816262780639,-0.016857441475478945,-0.7496343325894245,0.1488280713090767,0.0,0.00390625,0.00390625,-0.07878589630126953,-0.005349159240722656,0.018431544303894043
660,691000000,imu1_frame,0.6458323353547282,-0.015963105543396573,-0.74884635526278,0.14790169059655325,0.0,0.00390625,0.00390625,-0.07314014434814453,-0.022656679153442383,-0.03145861625671387
660,716000000,imu1_frame,0.6467884064258231,-0.015171816224938845,-0.7481962121496002,0.14709521212660695,0.0,0.00390625,0.00390625,-0.1388683319091797,0.03557133674621582,0.03144383430480957
660,741000000,imu1_frame,0.6453912162276653,-0.016096290814410167,-0.7491736842013584,0.14815491331156103,0.0,0.009765625,0.001953125,-0.15010929107666016,0.012424468994140625,-0.003409743309020996
660,766000000,imu1_frame,0.6465320443217554,-0.015369704211068189,-0.7483500536412333,0.1474187405751361,-0.001953125,0.009765625,0.00390625,-0.1413869857788086,0.029289722442626953,0.02503979206085205
660,791000000,imu1_frame,0.6456938080167693,-0.013703907175682739,-0.749331467559591,0.1462670876920488,-0.001953125,0.009765625,0.00390625,-0.0619659423828125,0.03129005432128906,0.002892017364501953
660,816000000,imu1_frame,0.6462690116471195,-0.015318458755708206,-0.7485482362666842,0.14757116042113783,-0.001953125,0.009765625,0.00390625,-0.10367584228515625,0.028836965560913086,0.01826763153076172
660,841000000,imu1_frame,0.6462510974666141,-0.016132436032886072,-0.7484006689883762,0.14830948111497283,-0.00390625,0.001953125,-0.001953125,-0.1079549789428711,0.0076024532318115234,0.018685340881347656
660,866000000,imu1_frame,0.6462756892639548,-0.014534264244110078,-0.7486770779977072,0.14696639585326085,0.001953125,0.00390625,0.0,-0.09952926635742188,0.0478978157043457,0.0179673433303833
660,890000000,imu1_frame,0.6450410003408342,-0.013544368953760356,-0.7498792448332633,0.14635496615159727,0.001953125,0.00390625,0.0,-0.06426525115966797,0.034256935119628906,-0.01372981071472168
660,916000000,imu1_frame,0.6461230070425553,-0.014301361127963664,-0.7488563060725536,0.14674727832414244,0.001953125,0.005859375,-0.009765625,-0.0634145736694336,0.015356063842773438,0.014151334762573242
660,940000000,imu1_frame,0.6448930824869162,-0.015507476324583613,-0.7496588408529501,0.14793259502076334,0.001953125,0.005859375,-0.009765625,-0.036200523376464844,-0.013924598693847656,-0.016307950019836426
660,965000000,imu1_frame,0.6458878768494094,-0.01456924473672779,-0.7490371835665524,0.14683284810099723,0.0078125,0.00390625,-0.013671875,-0.026396751403808594,0.010998010635375977,0.008283019065856934
660,991000000,imu1_frame,0.6444953846491639,-0.015699013309242903,-0.7500093198243215,0.14786906479619447,0.0078125,0.00390625,-0.013671875,-0.15526676177978516,0.024158716201782227,0.012906551361083984
661,16000000,imu1_frame,0.645461201476956,-0.015036120025108655,-0.7493624657575835,0.147002202011498,0.0078125,0.00390625,-0.013671875,-0.14693450927734375,0.04217696189880371,0.03700268268585205
661,41000000,imu1_frame,0.6440165743448141,-0.01626861347034735,-0.7503419126408595,0.1482059321328938,0.00390625,0.0,-0.005859375,-0.15989971160888672,0.012856006622314453,0.0011627674102783203
661,65000000,imu1_frame,0.6449740215968727,-0.015463453131217615,-0.749696993825318,0.14738999467975022,-0.001953125,-0.001953125,0.0,-0.1514596939086914,0.032384395599365234,0.024743318557739258
661,91000000,imu1_frame,0.6460312274654004,-0.016102254676690575,-0.7487022392647844,0.14774751251297824,-0.001953125,-0.001953125,0.0,-0.07213306427001953,0.01572585105895996,0.012949109077453613
661,116000000,imu1_frame,0.6459395713389174,-0.016019137506668387,-0.7487886965748094,0.14771914328832222,-0.001953125,-0.001953125,0.0,-0.07169342041015625,0.017440080642700195,0.010962367057800293
661,141000000,imu1_frame,0.6461788629691323,-0.016180128571116423,-0.7485420142202189,0.1479051501418361,-0.005859375,0.001953125,0.0,-0.07184123992919922,0.012123346328735352,0.01709878444671631
661,166000000,imu1_frame,0.6451625059353248,-0.01517864602434554,-0.7495293336659598,0.14744737235495958,-0.01171875,0.001953125,-0.001953125,-0.07181835174560547,0.03532719612121582,-0.009680390357971191
661,190000000,imu1_frame,0.6461067348994656,-0.014163507297224329,-0.7488994058708582,0.14661228483612385,-0.01171875,0.001953125,-0.001953125,-0.09805011749267578,0.019161462783813477,0.013474345207214355
661,216000000,imu1_frame,0.6465881255386016,-0.01371819954341852,-0.7485592440217488,0.14626915294535855,-0.0078125,0.00390625,-0.009765625,-0.09323406219482422,0.028576374053955078,0.02600252628326416
661,241000000,imu1_frame,0.6455329804577206,-0.012025440536827662,-0.749713138069913,0.14516463249232206,-0.0078125,0.00390625,-0.009765625,-0.054436683654785156,0.03109145164489746,-0.002001166343688965
661,266000000,imu1_frame,0.6462601038113063,-0.01296542883897203,-0.7489176174532274,0.14595265720432357,-0.009765625,0.005859375,-0.01171875,-0.05672740936279297,0.0055065155029296875,0.01679205894470215
661,290000000,imu1_frame,0.6450928443200769,-0.011616993388108959,-0.7500956869676242,0.14517826305691228,-0.009765625,0.005859375,-0.01171875,-0.05498790740966797,0.03808450698852539,-0.013363122940063477
661,315000000,imu1_frame,0.6462197240291536,-0.012344277814345017,-0.7490082914543681,0.14571982162195807,-0.009765625,0.005859375,-0.01171875,-0.08959102630615234,0.05671572685241699,-0.023676037788391113
661,341000000,imu1_frame,0.6473252304230217,-0.013266579446755071,-0.7479268331590422,0.14628566631167703,0.0,0.005859375,-0.0078125,-0.08979511260986328,0.03316950798034668,0.004797697067260742
661,366000000,imu1_frame,0.6481258044194557,-0.014072372160534372,-0.7470942651113593,0.14691857957769197,-0.005859375,0.009765625,-0.005859375,-0.0909414291381836,0.011271953582763672,0.025653958320617676
661,391000000,imu1_frame,0.6467110457768586,-0.013660269783875533,-0.7483221440859054,0.14694280850149424,-0.005859375,0.009765625,-0.005859375,-0.09497356414794922,0.020734548568725586,0.028622031211853027
661,415000000,imu1_frame,0.6449617545949278,-0.013505303712235604,-0.7497759280313496,0.1472345055555966,-0.005859375,0.009765625,-0.005859375,-0.10193443298339844,0.02397942543029785,-0.015686869621276855
661,441000000,imu1_frame,0.6461776790653837,-0.01362045796902316,-0.7487471020846943,0.1471280643594561,0.0,0.001953125,0.00390625,-0.0971832275390625,0.020360708236694336,0.01526033878326416
661,466000000,imu1_frame,0.646440826891498,-0.013624410877663237,-0.7485330484666323,0.14706089932175415,0.00390625,0.001953125,0.01171875,-0.0956735610961914,0.020373821258544922,0.022220730781555176
661,491000000,imu1_frame,0.6450696483413269,-0.013594465397967954,-0.7496763434304452,0.14726071913479682,0.00390625,0.001953125,0.01171875,-0.10194778442382812,0.02207469940185547,-0.01298367977142334
661,515000000,imu1_frame,0.6460942536075203,-0.013658998442470408,-0.748798918973745,0.1472271244052564,-0.005859375,-0.005859375,0.01171875,-0.09801673889160156,0.018800020217895508,0.013060927391052246
661,541000000,imu1_frame,0.6472627646462324,-0.013662466987979356,-0.7478092990595643,0.147124106584753,-0.005859375,-0.005859375,0.01171875,-0.09331989288330078,0.016932964324951172,0.0036268234252929688
661,565000000,imu1_frame,0.648045288628548,-0.013539464128093166,-0.7472017598725438,0.14677709917027126,0.005859375,-0.0078125,0.00390625,-0.08905696868896484,0.021021127700805664,0.02343916893005371
661,591000000,imu1_frame,0.6464754188295779,-0.013625671612365638,-0.7485109465314311,0.1470212122275384,0.005859375,-0.0078125,0.00390625,-0.09985637664794922,0.020874977111816406,0.061715126037597656
661,616000000,imu1_frame,0.6449045768903338,-0.013938576805822715,-0.7497734972009198,0.1474567925788101,0.005859375,-0.0078125,0.00390625,-0.06498050689697266,0.014977693557739258,0.022225141525268555
661,640000000,imu1_frame,0.6430139963776762,-0.013922960150357636,-0.7513286531944992,0.14779853359218934,-0.00390625,-0.005859375,-0.009765625,-0.07327556610107422,0.015956401824951172,-0.02545309066772461
661,665000000,imu1_frame,0.6441429000733714,-0.013911507666031653,-0.7504171529399646,0.14751437493682582,0.001953125,-0.005859375,-0.0078125,-0.06791019439697266,0.01665520668029785,0.0030754804611206055
661,690000000,imu1_frame,0.6452375117107795,-0.014561074440820556,-0.7494114827743336,0.14778010041404516,0.001953125,-0.005859375,-0.0078125,-0.10569477081298828,0.039999961853027344,-0.008162975311279297
661,716000000,imu1_frame,0.6464586646991157,-0.014123100084474371,-0.7484963673385359,0.14712212940430108,0.001953125,-0.005859375,-0.0078125,-0.09781646728515625,0.012369632720947266,-0.016545772552490234
661,741000000,imu1_frame,0.6476553941762568,-0.013785002419829214,-0.747571244839132,0.14659364922244503,0.001953125,0.005859375,-0.0078125,-0.090850830078125,0.020802736282348633,0.01358950138092041
661,765000000,imu1_frame,0.6479454090858975,-0.013826435969822196,-0.7472971175342882,0.14670580982982828,-0.0078125,0.005859375,-0.001953125,-0.0898895263671875,0.0179443359375,0.02125692367553711
661,791000000,imu1_frame,0.6464181558033137,-0.013871435586100201,-0.7485281990410974,0.14716210912770628,-0.0078125,0.005859375,-0.001953125,-0.062164306640625,0.015659809112548828,0.02133333683013916
661,816000000,imu1_frame,0.644601522192143,-0.014103812097835991,-0.7499573727517967,0.1478306433967722,-0.0078125,0.0078125,0.0,-0.07168006896972656,0.008687734603881836,-0.024463176727294922
661,841000000,imu1_frame,0.6458369916196743,-0.013642204441289224,-0.7489924214000381,0.14737307487780368,-0.0078125,0.0078125,0.0,-0.09934329986572266,0.017895221710205078,0.006543159484863281
661,866000000,imu1_frame,0.6466666421192462,-0.01316976387404718,-0.7483523171520852,0.1470293191945918,-0.013671875,0.001953125,-0.0078125,-0.0935678482055664,0.026873111724853516,0.027492165565490723
661,891000000,imu1_frame,0.6455793243998308,-0.011458048879984847,-0.7495190328345593,0.14600434391506467,-0.013671875,0.001953125,-0.0078125,-0.05478191375732422,0.028721332550048828,-0.0010890960693359375
661,916000000,imu1_frame,0.6466406584564292,-0.012189510889648631,-0.7484719177977545,0.14661876729620366,-0.013671875,0.001953125,-0.0078125,-0.08998489379882812,0.04654860496520996,-0.013115525245666504
661,941000000,imu1_frame,0.6475556387669354,-0.012894559580644177,-0.7475599221190464,0.1471719670172709,-0.01171875,-0.00390625,-0.013671875,-0.0902242660522461,0.026821613311767578,0.010445117950439453
661,965000000,imu1_frame,0.6480510640540036,-0.013466015851382013,-0.7470307913192994,0.14762615491987094,-0.005859375,0.001953125,-0.009765625,-0.09115314483642578,0.011366844177246094,0.023545384407043457
661,991000000,imu1_frame,0.6469545731670662,-0.011992757648793378,-0.7481925739900006,0.14667592252450348,-0.005859375,0.001953125,-0.009765625,-0.1311788558959961,-0.030289888381958008,0.07299637794494629
662,16000000,imu1_frame,0.6455260041284453,-0.011282442244893326,-0.7494878403714006,0.14641332462029194,-0.005859375,0.001953125,-0.009765625,-0.13362503051757812,0.026282787322998047,0.03658902645111084
662,41000000,imu1_frame,0.6436127147499088,-0.011056017712924892,-0.7511391799572348,0.14639115484808887,0.009765625,-0.0078125,0.001953125,-0.14027690887451172,0.03500843048095703,-0.011766314506530762
662,65000000,imu1_frame,0.6446763559137152,-0.011387830443297406,-0.7502557610318151,0.14621561641008038,0.015625,-0.009765625,0.0,-0.1366558074951172,0.029491662979125977,0.0152052640914917
662,90000000,imu1_frame,0.6454408983082912,-0.012873739165630217,-0.7494142160915718,0.14703280705589697,0.015625,-0.009765625,0.0,-0.06254291534423828,0.03451275825500488,-0.004006624221801758
662,116000000,imu1_frame,0.6462119859869166,-0.014060202005377768,-0.7485994781912547,0.14768615757136536,0.009765625,-0.005859375,-0.00390625,-0.0649862289428711,0.006855964660644531,0.016210198402404785
662,141000000,imu1_frame,0.6459441771876382,-0.012246855829367001,-0.7491827693479539,0.14605243096850595,0.009765625,-0.005859375,-0.00390625,-0.05598640441894531,0.015605449676513672,0.008451104164123535
662,166000000,imu1_frame,0.6460880419447774,-0.012768526671484957,-0.7489883308170964,0.1463683267733254,0.00390625,-0.005859375,-0.00390625,-0.057369232177734375,0.0034990310668945312,0.0128021240234375
662,191000000,imu1_frame,0.6463087414573777,-0.011333804315088486,-0.7490773635747107,0.145050539383652,0.00390625,-0.005859375,-0.00390625,-0.08438777923583984,0.04063379764556885,0.017168045043945312
662,216000000,imu1_frame,0.6472274081404675,-0.012303003330732894,-0.7481613208043458,0.14560204776414845,0.00390625,-0.005859375,-0.00390625,-0.050202369689941406,0.017070531845092773,0.0018230676651000977
662,241000000,imu1_frame,0.6478962149374774,-0.012789788884735726,-0.7474989383074536,0.14598716792651267,-0.005859375,0.005859375,-0.00390625,-0.04986858367919922,0.0032448768615722656,0.019362688064575195
662,266000000,imu1_frame,0.6463693782311091,-0.01158950784404715,-0.7489546808318438,0.1453932469309821,-0.0078125,0.005859375,-0.00390625,-0.05060577392578125,0.03239607810974121,-0.020168423652648926
662,290000000,imu1_frame,0.6449585962168713,-0.011906423406681957,-0.750041355025683,0.14602949016846226,-0.0078125,0.005859375,-0.00390625,-0.09759807586669922,0.023476362228393555,0.022554516792297363
662,315000000,imu1_frame,0.6461456443888202,-0.011930253922253694,-0.7490304335862266,0.14596878036188562,-0.0078125,0.005859375,-0.00390625,-0.08900928497314453,0.020719528198242188,0.013549208641052246
662,341000000,imu1_frame,0.6464263445539006,-0.012108508965300217,-0.7487560952931911,0.14611870119396944,-0.00390625,0.0,-0.00390625,-0.08842086791992188,0.015373945236206055,0.0211489200592041
662,365000000,imu1_frame,0.6451652451490729,-0.011293045902465701,-0.7499235681511237,0.14577007751067614,-0.005859375,0.001953125,0.00390625,-0.09048843383789062,0.035208702087402344,-0.011704444885253906
662,391000000,imu1_frame,0.6464496943029203,-0.011589750331744168,-0.7487866006312627,0.14590098401993917,-0.005859375,0.001953125,0.00390625,-0.08670234680175781,0.025760173797607422,-0.018031835556030273
662,416000000,imu1_frame,0.6475916485932646,-0.011941956793967864,-0.7477918850835015,0.14591005086508638,0.005859375,0.0,0.00390625,-0.0835409164428711,0.0174558162689209,0.011055946350097656
662,440000000,imu1_frame,0.6460937260010515,-0.011549471476562392,-0.7491194332909188,0.14577236225218726,0.005859375,0.0,0.00390625,-0.12668323516845703,0.02892613410949707,0.01197052001953125
662,466000000,imu1_frame,0.6469643548719584,-0.011786927011620206,-0.7483501358839754,0.14584329260946127,0.0,0.001953125,0.0078125,-0.12395095825195312,0.02216172218322754,0.03443622589111328
662,491000000,imu1_frame,0.6455119287776689,-0.012094950950967756,-0.7494931722722475,0.14638321858912107,0.0,0.001953125,0.0078125,-0.054046630859375,0.014797210693359375,0.03660881519317627
662,516000000,imu1_frame,0.6438421420437134,-0.011609161077856154,-0.7509509885006435,0.14630494310698294,0.0,0.001953125,0.0078125,-0.10175323486328125,0.027352571487426758,-0.005725741386413574
662,540000000,imu1_frame,0.6448240179345138,-0.011938617037893723,-0.7500545142747836,0.1465526558409324,-0.0078125,-0.00390625,0.017578125,-0.0995473861694336,0.01677560806274414,0.01923835277557373
662,565000000,imu1_frame,0.6444400758420562,-0.011238792068753792,-0.7504776249156581,0.1461301225020812,-0.00390625,-0.0078125,0.01953125,-0.09752273559570312,0.03331780433654785,0.009440422058105469
662,591000000,imu1_frame,0.645586021243272,-0.01175238166094112,-0.749423095428983,0.14644314507076917,-0.00390625,-0.0078125,0.01953125,-0.09184741973876953,0.018843650817871094,-0.0006632804870605469
662,615000000,imu1_frame,0.6446512911747636,-0.010322264752795397,-0.750430058810808,0.14550907349815217,-0.00390625,-0.0078125,0.01953125,-0.09261512756347656,0.015004277229309082,0.01408684253692627
662,641000000,imu1_frame,0.6448819915360089,-0.009924657085221262,-0.7503543946927955,0.1449034179703842,0.013671875,-0.01171875,0.0078125,-0.08841609954833984,0.02772080898284912,0.020194292068481445
662,666000000,imu1_frame,0.6441172445278047,-0.011647996984923756,-0.7507456585702471,0.1461446393340288,0.01953125,-0.01171875,0.009765625,-0.10050296783447266,-0.010973691940307617,0.0011057853698730469
662,691000000,imu1_frame,0.6451177256473488,-0.012836768624891366,-0.7497711735708057,0.14663398210892228,0.01953125,-0.01171875,0.009765625,-0.09773921966552734,0.04092550277709961,-0.012188553810119629
662,716000000,imu1_frame,0.6461509804968983,-0.013665608322628711,-0.7488202754236382,0.1468685012742228,0.015625,-0.00390625,-0.00390625,-0.09688186645507812,0.023073196411132812,0.014461398124694824
662,741000000,imu1_frame,0.6456125368922414,-0.015178182411812156,-0.7490423028293101,0.14795169332725555,0.015625,-0.00390625,-0.00390625,-0.071624755859375,-0.011222362518310547,0.001583099365234375
662,765000000,imu1_frame,0.646200024654953,-0.013857318884602324,-0.7488116005313586,0.14667886609506367,0.005859375,0.00390625,0.0,-0.061763763427734375,0.022556066513061523,0.01567554473876953
662,791000000,imu1_frame,0.6454649923488999,-0.01535472866510396,-0.7491539645742642,0.14801186885624382,0.00390625,0.00390625,0.00390625,-0.07289695739746094,-0.014174938201904297,-0.0020291805267333984
662,816000000,imu1_frame,0.6436984255074092,-0.015371268494297066,-0.7506127139545351,0.14831255764083418,0.00390625,0.00390625,0.00390625,-0.11948585510253906,0.02550649642944336,-0.007363319396972656
662,840000000,imu1_frame,0.6447843506366772,-0.015434762163329323,-0.7497094309401299,0.14815761354188553,0.001953125,0.0,0.0078125,-0.11499977111816406,0.023635387420654297,0.020090222358703613
662,866000000,imu1_frame,0.6448400388296383,-0.01503086916697189,-0.7497030527864372,0.14798895207741788,-0.009765625,0.001953125,0.00390625,-0.11249923706054688,0.03139996528625488,0.021725058555603027
662,890000000,imu1_frame,0.6435917942690011,-0.014006042333331019,-0.7508843458330486,0.14753349555487205,-0.009765625,0.001953125,0.00390625,-0.10953712463378906,0.016506671905517578,0.028247475624084473
662,916000000,imu1_frame,0.6444776772746762,-0.012592576759649862,-0.7503739023169367,0.1463863286883141,-0.009765625,0.001953125,0.00390625,-0.1026620864868164,0.010245800018310547,0.010626077651977539
662,940000000,imu1_frame,0.6449938795756576,-0.011578463960987426,-0.7500828333898045,0.14568657294400525,-0.015625,-0.005859375,0.005859375,-0.09551620483398438,0.03249192237854004,0.023317575454711914
662,966000000,imu1_frame,0.6440465361713591,-0.013230008729025836,-0.7505470496666229,0.14733686691195905,-0.0078125,-0.0078125,0.0078125,-0.1088418960571289,-0.00988912582397461,0.00011909008026123047
662,991000000,imu1_frame,0.6451301519465458,-0.012685833731299667,-0.7497285945074265,0.14681005159690894,-0.0078125,-0.0078125,0.0078125,-0.06241798400878906,0.0018012523651123047,-0.01183772087097168
663,16000000,imu1_frame,0.6461116912292553,-0.012209782907988884,-0.7490186328275928,0.14615639341231282,0.00390625,-0.005859375,-0.001953125,-0.055335044860839844,0.014355659484863281,0.012827277183532715
663,41000000,imu1_frame,0.6464215115435996,-0.011608754351959476,-0.7488850525673134,0.14551853585483834,0.00390625,-0.005859375,-0.001953125,-0.08550548553466797,0.030301809310913086,0.020614981651306152
663,65000000,imu1_frame,0.6456916694866202,-0.013152537641584581,-0.7492277791761217,0.14685711974563775,0.00390625,-0.001953125,-0.001953125,-0.0971059799194336,-0.007095813751220703,0.0024896860122680664
663,90000000,imu1_frame,0.6459647746624564,-0.014940984085897292,-0.7486915384871398,0.14821355230742797,0.00390625,-0.001953125,-0.001953125,-0.07024288177490234,0.027080774307250977,0.01037442684173584
663,116000000,imu1_frame,0.6445494587809902,-0.01396344810387249,-0.7500522360962252,0.14758949972554045,0.00390625,-0.001953125,-0.001953125,-0.06678962707519531,0.013890743255615234,0.013279557228088379
663,141000000,imu1_frame,0.6442710809643889,-0.013790137346253473,-0.7502929300709149,0.14759785035884038,-0.005859375,0.0,0.00390625,-0.06682682037353516,0.016952037811279297,0.006617426872253418
663,166000000,imu1_frame,0.6448587671866902,-0.013989021296491273,-0.7497630831363598,0.14770510089867778,-0.00390625,0.0,-0.00390625,-0.0655670166015625,0.011148929595947266,0.021468281745910645
663,190000000,imu1_frame,0.643416664475212,-0.013493034543283782,-0.7510298106374245,0.1476047337598645,-0.00390625,0.0,-0.00390625,-0.10880851745605469,0.0236055850982666,0.023573756217956543
663,215000000,imu1_frame,0.6445806881767181,-0.013416863520898836,-0.7500760906839806,0.14738243581623595,-0.00390625,0.0,-0.00390625,-0.10727882385253906,0.02439737319946289,0.013852238655090332
663,240000000,imu1_frame,0.645065300458073,-0.013515237462826844,-0.7496395037761278,0.14747444144508617,-0.0078125,-0.009765625,0.00390625,-0.10564041137695312,0.020438432693481445,0.02641928195953369
663,265000000,imu1_frame,0.6432619895089233,-0.012865583929815223,-0.751215219764064,0.1473912588927713,-0.009765625,-0.009765625,0.00390625,-0.11090850830078125,0.03592634201049805,-0.019803762435913086
663,291000000,imu1_frame,0.6442844898096942,-0.01220949375244701,-0.7504646452018253,0.14680340852674037,-0.009765625,-0.009765625,0.00390625,-0.060146331787109375,0.011090993881225586,0.005782485008239746
663,315000000,imu1_frame,0.6447429805665708,-0.01195246842083612,-0.7501287854981716,0.1465279245598656,-0.00390625,-0.0078125,-0.005859375,-0.056578636169433594,0.017037630081176758,0.017449259757995605
663,340000000,imu1_frame,0.6443759864914991,-0.013760978868238728,-0.7501038688473467,0.14810269894211123,-0.00390625,-0.0078125,-0.005859375,-0.06832027435302734,0.010899782180786133,0.00872802734375
663,365000000,imu1_frame,0.644735891498799,-0.013197236583808069,-0.7498740148310598,0.14775122686782513,-0.01171875,-0.00390625,0.00390625,-0.06372356414794922,0.022504568099975586,0.01792621612548828
663,390000000,imu1_frame,0.643665961033451,-0.014653972120687518,-0.7505154137263713,0.14901679592282183,0.0078125,-0.001953125,0.0,-0.07644367218017578,-0.011747360229492188,-0.008690476417541504
663,415000000,imu1_frame,0.6442801158943343,-0.013109539927773924,-0.7503149470010987,0.14750848291811394,0.0078125,-0.001953125,0.0,-0.10804176330566406,-0.010894536972045898,0.0059326887130737305
663,441000000,imu1_frame,0.6448982072442594,-0.011606953815875048,-0.7500813258138946,0.14611497384432048,0.00390625,0.001953125,0.00390625,-0.09729290008544922,0.026984453201293945,0.02076554298400879
663,465000000,imu1_frame,0.6443096399148013,-0.012713212990375668,-0.7503741258729302,0.14711265529775616,0.001953125,0.0,0.00390625,-0.10556316375732422,-0.0002090930938720703,0.006527066230773926
663,491000000,imu1_frame,0.6442109064784558,-0.01466229781268987,-0.7501075337574616,0.14871453458675982,0.001953125,0.0,0.00390625,-0.034442901611328125,-0.009537458419799805,0.005047798156738281
