timestamp_sec,timestamp_nsec,frame_id,orientation_x,orientation_y,orientation_z,orientation_w,angular_velocity_x,angular_velocity_y,angular_velocity_z,linear_acceleration_x,linear_acceleration_y,linear_acceleration_z
553,466000000,imu1_frame,0.37612994575276826,-0.013127131887644573,-0.8941567792719061,0.24256462313889876,0.021484375,0.00390625,-0.0078125,0.01963663101196289,0.02622818946838379,-0.022254467010498047
553,491000000,imu1_frame,0.37668154217554,-0.01532244982085984,-0.8936159019376231,0.2435710535345952,-0.0078125,0.009765625,0.013671875,0.014589309692382812,-0.022007465362548828,-0.012914657592773438
553,516000000,imu1_frame,0.37614001340445113,-0.013444358219343644,-0.8940729173310444,0.24284060213095454,0.01953125,0.00390625,0.009765625,0.01766204833984375,0.018615245819091797,-0.021923542022705078
553,541000000,imu1_frame,0.37509703425072205,-0.015548214774718966,-0.8942393719151105,0.2437137945018714,0.01953125,0.00390625,0.009765625,0.029469966888427734,-0.01965641975402832,-0.036045074462890625
553,566000000,imu1_frame,0.3753668864690171,-0.013135381597456376,-0.8943693580316912,0.24296216517562086,-0.01171875,0.0078125,0.009765625,0.04680347442626953,0.026723384857177734,-0.033449649810791016
553,591000000,imu1_frame,0.3751932323282252,-0.015349071527659503,-0.8941568918888103,0.2438809076292769,-0.00390625,0.009765625,-0.001953125,0.031423091888427734,-0.017827510833740234,-0.03476428985595703
553,615000000,imu1_frame,0.375007533748919,-0.013272730002663524,-0.8945124380068352,0.2429828852427625,0.009765625,0.005859375,-0.005859375,0.04092979431152344,0.02583456039428711,-0.03864288330078125
553,640000000,imu1_frame,0.37670933734273726,-0.01456387287846173,-0.8937304323545268,0.24315403152933002,0.009765625,0.005859375,-0.005859375,0.01961231231689453,0.03322267532348633,-0.08327627182006836
553,665000000,imu1_frame,0.37667130034099,-0.012318885958468181,-0.8940493526927396,0.2421626137492396,0.009765625,0.005859375,-0.005859375,-0.08492565155029297,-0.15064024925231934,0.0634450912475586
553,690000000,imu1_frame,0.3765436207210123,-0.010337168946423518,-0.8944492645862309,0.24097418474524251,0.033203125,-0.005859375,-0.013671875,-0.07459306716918945,-0.10673642158508301,0.06068706512451172
553,715000000,imu1_frame,0.3764161361040881,-0.008267319249781782,-0.894813226037412,0.23989963405851647,0.0234375,-0.001953125,-0.0078125,-0.06422042846679688,-0.062099456787109375,0.058058738708496094
553,740000000,imu1_frame,0.37836000078299137,-0.00879678391411044,-0.8940677400042368,0.23960217587488597,0.0234375,-0.001953125,-0.0078125,0.0008325576782226562,-3.6954879760742188e-06,-0.030300140380859375
553,766000000,imu1_frame,0.3772856974360282,-0.007080917571997324,-0.8947628405940403,0.23875682651734248,0.0234375,-0.001953125,-0.0078125,-0.04363441467285156,-0.11121702194213867,0.11349344253540039
553,790000000,imu1_frame,0.3763611756369896,-0.00565381151758156,-0.8953897093483368,0.23790243437503436,0.0390625,0.0,-0.0078125,-0.048442840576171875,-0.07572424411773682,0.09951639175415039
553,816000000,imu1_frame,0.37543498433691813,-0.0034876634303109854,-0.8959457016597392,0.23731352346036325,-0.01171875,0.01953125,0.0,-0.05045652389526367,-0.0292208194732666,0.08551931381225586
553,841000000,imu1_frame,0.37608654693913995,-0.005545048168589668,-0.8954277750771433,0.2381958464637852,-0.01171875,0.01953125,0.0,0.025587081909179688,0.1518700122833252,-0.02565908432006836
553,866000000,imu1_frame,0.3765594006130468,-0.007969217298153721,-0.8950124158546157,0.23893991891620447,0.015625,0.001953125,-0.001953125,0.019403934478759766,0.10182559490203857,-0.018060684204101562
553,890000000,imu1_frame,0.3769431593407672,-0.010311850476782696,-0.894632555498485,0.23966666645196094,0.015625,0.001953125,-0.001953125,0.09035730361938477,0.28423917293548584,-0.07797718048095703
553,916000000,imu1_frame,0.3776205445621302,-0.012305643850814847,-0.8940098154724516,0.24082721044958763,-0.02734375,0.037109375,0.01171875,0.08798742294311523,0.23778283596038818,-0.06710529327392578
553,940000000,imu1_frame,0.37711713871244884,-0.009988747710200162,-0.8943632509198786,0.24041061543231432,-0.02734375,0.037109375,0.01171875,-0.02436685562133789,-0.09918057918548584,0.07291221618652344
553,965000000,imu1_frame,0.3769752146797809,-0.007392328003456035,-0.8945969632104909,0.23985686235417575,-0.02734375,0.037109375,0.01171875,-0.012854576110839844,-0.0490725040435791,0.02696514129638672
553,991000000,imu1_frame,0.3762718897032992,-0.005024776094829536,-0.8951605712594085,0.238917911230687,-0.005859375,0.009765625,-0.017578125,-0.009807586669921875,0.0024743080139160156,0.016037940979003906
554,16000000,imu1_frame,0.37460039330829653,-0.004673567609997096,-0.8958196034044543,0.2390814531814428,-0.017578125,0.0,-0.00390625,-0.03256702423095703,0.01515805721282959,-0.00854635238647461
554,40000000,imu1_frame,0.37565186621801866,-0.006244369406106708,-0.8952071287223509,0.23968913188195334,-0.017578125,0.0,-0.00390625,-0.06522464752197266,0.247908353805542,-0.06704854965209961
554,65000000,imu1_frame,0.37742712708075216,-0.00671092566141852,-0.8944298459334498,0.23978944497996982,-0.017578125,0.0,-0.00390625,-0.0772705078125,0.03938865661621094,0.033411502838134766
554,90000000,imu1_frame,0.37929482481090043,-0.007909737471633909,-0.893625121228848,0.2398062022415705,0.03125,-0.001953125,0.00390625,-0.056203365325927734,0.009674787521362305,0.061380863189697266
554,115000000,imu1_frame,0.3784900081599051,-0.006118476125788325,-0.8941693246109358,0.2391005999528989,0.01171875,-0.009765625,0.00390625,-0.05766487121582031,0.049866318702697754,0.04900646209716797
554,141000000,imu1_frame,0.37791924130168014,-0.008635236056193072,-0.8941332978207222,0.24005858759989446,0.01171875,-0.009765625,0.00390625,-0.005637168884277344,0.0756995677947998,0.045189857482910156
554,166000000,imu1_frame,0.3774017323026841,-0.010691994970487456,-0.8939529122797588,0.2414576656994394,-0.029296875,0.001953125,0.029296875,-0.025956153869628906,0.03189682960510254,0.03832578659057617
554,191000000,imu1_frame,0.37922658605621007,-0.010106122368464374,-0.8931629754706075,0.24154701812963103,-0.029296875,0.001953125,0.029296875,0.0027556419372558594,-0.0021206140518188477,-0.013077259063720703
554,216000000,imu1_frame,0.38127169713547016,-0.010272340468988917,-0.8923569429068529,0.24129952016252162,0.03125,-0.005859375,0.0234375,0.03172636032104492,-0.012674689292907715,0.017394065856933594
554,241000000,imu1_frame,0.3804586001507627,-0.012831836065667927,-0.8923910274444488,0.2423321103179414,0.03125,-0.005859375,0.0234375,0.08366060256958008,0.13021230697631836,0.04162931442260742
554,269000000,imu1_frame,0.3783792581242232,-0.01354960103692454,-0.8931413907353521,0.2427838575532231,0.03125,-0.005859375,0.0234375,0.08851480484008789,-0.03225874900817871,-0.02398538589477539
554,290000000,imu1_frame,0.37645680118879926,-0.012385514438844752,-0.8937503970332057,0.24359208458767587,-0.115234375,-0.005859375,0.025390625,0.06474876403808594,-0.008902788162231445,-0.0529475212097168
554,316000000,imu1_frame,0.37780897025567356,-0.010105153156263045,-0.893148404338986,0.24381180385854842,-0.115234375,-0.005859375,0.025390625,-0.09675884246826172,0.023022174835205078,0.04016590118408203
554,341000000,imu1_frame,0.37828125410858726,-0.011001302889020959,-0.8925216123335178,0.24533127734220175,-0.115234375,-0.005859375,0.025390625,-0.023501873016357422,0.033080101013183594,0.012369632720947266
554,366000000,imu1_frame,0.37702383363382547,-0.007794710707860137,-0.8930538301001285,0.24545290363025873,-0.115234375,-0.005859375,0.025390625,-0.026105880737304688,-0.01922154426574707,0.03171253204345703
554,391000000,imu1_frame,0.37607826216191076,-0.00542957632057113,-0.8935175943773591,0.24527936922691515,-0.0390625,-0.017578125,0.037109375,-0.02784252166748047,0.02783071994781494,0.01717853546142578
554,416000000,imu1_frame,0.3770070803150227,-0.007440014894638208,-0.8928518266025743,0.24622331998240124,-0.00390625,-0.0234375,0.03125,-0.026353836059570312,-0.01858055591583252,0.03133535385131836
554,441000000,imu1_frame,0.37760543966959775,-0.009666105734529657,-0.8922838042037744,0.24728588938210544,-0.00390625,-0.0234375,0.03125,0.04711103439331055,0.12335777282714844,-0.10753011703491211
554,465000000,imu1_frame,0.3783700400343699,-0.011470753223183448,-0.8916863613346953,0.24819340771779852,-0.01953125,-0.009765625,0.017578125,0.04709959030151367,0.08160829544067383,-0.09548664093017578
554,491000000,imu1_frame,0.37747932524162525,-0.009128247913607527,-0.8922265429937597,0.24770512728354965,-0.01953125,-0.009765625,0.017578125,-0.031063556671142578,-0.25256168842315674,0.07402467727661133
554,515000000,imu1_frame,0.3768506490500177,-0.0077859632381972795,-0.8927958874931692,0.24665455674347106,0.064453125,-0.017578125,-0.001953125,-0.031175613403320312,-0.21845495700836182,0.06431055068969727
554,540000000,imu1_frame,0.3770284873128158,-0.010854423820605037,-0.8925367147562566,0.2472041950498434,0.064453125,-0.017578125,-0.001953125,0.03320646286010742,0.18018126487731934,-0.0061798095703125
554,565000000,imu1_frame,0.37641235463646106,-0.009443006511523225,-0.8931169695379367,0.24610292080434623,0.064453125,-0.017578125,-0.001953125,-0.044350624084472656,-0.4326663017272949,0.10138416290283203
554,591000000,imu1_frame,0.3757165755262775,-0.009130997233658976,-0.8939835446457997,0.2440227482569151,0.169921875,-0.052734375,-0.037109375,-0.048261165618896484,-0.4087495803833008,0.09104061126708984
554,615000000,imu1_frame,0.37542441566062545,-0.008499955349838039,-0.8946042270601701,0.24221382250194645,0.1484375,-0.017578125,-0.03515625,-0.04550457000732422,-0.3831559419631958,0.0865325927734375
554,641000000,imu1_frame,0.37691198627670414,-0.0119934989794308,-0.8940856462971176,0.2416699560736612,0.1484375,-0.017578125,-0.03515625,0.03834724426269531,0.08801031112670898,-0.1167764663696289
554,665000000,imu1_frame,0.3766412566579476,-0.01135441244888372,-0.8946974480148636,0.23985186598555563,0.1484375,-0.017578125,-0.03515625,0.002532482147216797,-0.308182954788208,0.02349710464477539
554,691000000,imu1_frame,0.37605841676490054,-0.01095682068379299,-0.8953908204972189,0.2381917165438307,0.154296875,-0.04296875,-0.005859375,-0.00034046173095703125,-0.2864431142807007,0.014750957489013672
554,715000000,imu1_frame,0.3756077383884844,-0.010689739682201532,-0.8960256361124675,0.23652191390537705,0.16796875,-0.04296875,-0.01171875,-0.0019788742065429688,-0.267541766166687,0.008013725280761719
554,740000000,imu1_frame,0.3756925133657213,-0.014959726786994648,-0.8959381379250327,0.23648719835718518,0.16796875,-0.04296875,-0.01171875,0.057236671447753906,0.34897124767303467,0.015297889709472656
554,766000000,imu1_frame,0.37581203162839316,-0.016348546816700765,-0.8956461774464615,0.2373098538322075,-0.06640625,0.021484375,-0.037109375,0.050502777099609375,0.3181459903717041,0.01790332794189453
554,790000000,imu1_frame,0.37559137470000664,-0.013214051573053942,-0.8960319762593816,0.23639628933782109,-0.06640625,0.021484375,-0.037109375,-0.05292558670043945,-0.15841293334960938,0.04801321029663086
554,815000000,imu1_frame,0.375522039421783,-0.011444754894180101,-0.8964942608829404,0.23484091572353263,0.0625,0.005859375,-0.037109375,-0.0422210693359375,-0.11579024791717529,0.046142578125
554,840000000,imu1_frame,0.3775279684461207,-0.010991562497520029,-0.8959924857814512,0.23355788151544798,0.0625,0.005859375,-0.037109375,0.03058338165283203,-0.029337167739868164,-0.06908655166625977
554,866000000,imu1_frame,0.37616769160720415,-0.01289293873090192,-0.896543453506786,0.23354116531334268,0.0625,0.005859375,-0.037109375,-0.0368342399597168,0.05680990219116211,0.13836336135864258
554,890000000,imu1_frame,0.37452040702246253,-0.014376777789646506,-0.8972437117792983,0.2334127131426727,0.05078125,-0.01953125,-0.046875,-0.06731414794921875,0.03906905651092529,0.11498165130615234
554,915000000,imu1_frame,0.37277580861269327,-0.014787820885161163,-0.8977650583948551,0.2341739028839547,-0.0546875,0.005859375,-0.009765625,-0.0962057113647461,0.03412163257598877,0.08973264694213867
554,941000000,imu1_frame,0.3738284024190857,-0.01603644782621168,-0.8971050081899632,0.23494204001497315,-0.0546875,0.005859375,-0.009765625,-0.010470390319824219,0.19341659545898438,-0.09340620040893555
554,966000000,imu1_frame,0.3752650219331842,-0.016725665976326607,-0.8963636150462257,0.23543297354533138,-0.0546875,0.005859375,-0.009765625,-0.03311443328857422,0.09715890884399414,-0.06802701950073242
554,991000000,imu1_frame,0.3764700280776292,-0.019195421157500135,-0.895785270938306,0.23552197803135297,0.076171875,-0.04296875,0.005859375,-0.02765512466430664,0.04790186882019043,-0.04858589172363281
555,15000000,imu1_frame,0.3777345510592435,-0.020872560446153213,-0.8952555257860123,0.23536883546065318,0.05078125,-0.044921875,-0.01171875,-0.017086505889892578,0.014061450958251953,-0.028630733489990234
555,40000000,imu1_frame,0.3772240743678805,-0.023827491850595343,-0.895256308970469,0.23590334800078164,0.05078125,-0.044921875,-0.01171875,0.07347249984741211,0.03496074676513672,-0.06871747970581055
555,65000000,imu1_frame,0.3769406087066841,-0.026143226981233572,-0.8949495049367144,0.23727134846915643,-0.021484375,-0.02734375,0.03515625,0.05486774444580078,-0.014177322387695312,-0.07063722610473633
555,91000000,imu1_frame,0.3758666047635934,-0.02391640340756394,-0.8955346296856036,0.23700216898881807,-0.021484375,-0.02734375,0.03515625,0.05086040496826172,-0.08182740211486816,-0.057358741760253906
555,116000000,imu1_frame,0.37523018382401213,-0.023151745401447217,-0.8961109701645691,0.23590556369653365,0.109375,-0.0546875,0.0234375,0.04797649383544922,-0.057708024978637695,-0.06740999221801758
555,141000000,imu1_frame,0.3732945313279485,-0.023544421153856864,-0.8970361779154611,0.23542079055172294,0.109375,-0.0546875,0.0234375,-0.015891551971435547,-0.05255913734436035,0.06479644775390625
555,166000000,imu1_frame,0.371767587400387,-0.02684187716170057,-0.8974254933306691,0.23599970023103184,0.109375,-0.0546875,0.0234375,-0.020172595977783203,0.044585466384887695,0.08095550537109375
555,190000000,imu1_frame,0.37014640065805593,-0.02835611937955401,-0.8978360089454607,0.23680809448687584,0.001953125,-0.017578125,0.009765625,-0.05306863784790039,0.019422292709350586,0.059081077575683594
555,215000000,imu1_frame,0.3713119099784431,-0.02678978457992131,-0.897592783875053,0.2360867791422349,0.001953125,-0.017578125,0.009765625,-0.026822566986083984,-0.10543990135192871,-0.12105798721313477
555,241000000,imu1_frame,0.37109819851007725,-0.024505156666131626,-0.8979604057506236,0.23527161763272458,0.001953125,-0.017578125,0.009765625,-0.052086830139160156,-0.05864572525024414,0.033724308013916016
555,266000000,imu1_frame,0.37270884250131875,-0.02536202466564033,-0.8972309693883576,0.23541765863378794,0.001953125,-0.017578125,0.009765625,-0.03320169448852539,0.031505584716796875,-0.05923604965209961
555,291000000,imu1_frame,0.37438019327951144,-0.027060865055737897,-0.8965441334336135,0.23519310633647808,0.080078125,-0.03515625,0.013671875,-0.016614913940429688,-0.003973484039306641,-0.03308725357055664
555,315000000,imu1_frame,0.37602345689477407,-0.027392789772511455,-0.8959696834101464,0.23472179562900639,0.05078125,-0.03125,0.013671875,0.006689548492431641,-0.01357412338256836,-0.008629798889160156
555,340000000,imu1_frame,0.3751445275304624,-0.030301980571483006,-0.8960260305946508,0.23555408282215234,0.05078125,-0.03125,0.013671875,0.013091564178466797,0.05053591728210449,0.020836830139160156
555,366000000,imu1_frame,0.3743776254386182,-0.03310670906465027,-0.8959571816694235,0.23665601196849842,0.03125,-0.013671875,0.025390625,-0.01447153091430664,-0.0030765533447265625,0.013077735900878906
555,391000000,imu1_frame,0.3744080383968697,-0.031360785280274465,-0.8962093767810835,0.2358895396156317,0.03125,-0.021484375,0.025390625,-0.003547191619873047,0.032814979553222656,0.011322975158691406
555,415000000,imu1_frame,0.37420054454248247,-0.0340137601243637,-0.8959198554836565,0.23694857909777825,0.021484375,-0.0234375,0.029296875,-0.02225351333618164,-0.020251989364624023,0.011668682098388672
555,440000000,imu1_frame,0.37258475243397926,-0.032971645565390166,-0.8966730080674553,0.23679313639901317,0.021484375,-0.0234375,0.029296875,-0.0010333061218261719,-0.07201170921325684,0.06486129760742188
555,466000000,imu1_frame,0.371651054030348,-0.031226355933298835,-0.8972582895661437,0.23627943316779895,0.021484375,-0.0234375,0.029296875,-0.004772186279296875,-0.07278084754943848,0.010017871856689453
555,490000000,imu1_frame,0.37088502327811335,-0.029514635243479307,-0.8978346140268416,0.23551261467214507,0.025390625,-0.03515625,0.009765625,-0.005688190460205078,-0.03399205207824707,-0.003136157989501953
555,516000000,imu1_frame,0.3712993416889614,-0.02769599699974374,-0.8979779762452496,0.2345320549307069,0.025390625,-0.03515625,0.009765625,0.011494159698486328,-0.03208804130554199,-0.03823518753051758
555,541000000,imu1_frame,0.3722882677237641,-0.029802953012569026,-0.8973849034739629,0.23497566836588799,0.025390625,-0.03515625,0.009765625,-0.02446460723876953,-0.0022611618041992188,0.017560482025146484
555,565000000,imu1_frame,0.370161227692103,-0.03014031662272161,-0.8982035788645995,0.23516495857627825,0.025390625,-0.03515625,0.009765625,-0.018367290496826172,-0.0002906322479248047,0.06134033203125
555,591000000,imu1_frame,0.368123005495172,-0.03018823850384245,-0.8990833761218792,0.23499618265520816,0.044921875,-0.025390625,0.001953125,-0.04793882369995117,0.008931398391723633,0.03198432922363281
555,615000000,imu1_frame,0.3697164237729795,-0.02959557981014861,-0.89864512672141,0.234245178964436,0.01953125,-0.025390625,-0.009765625,-0.020038127899169922,0.017740964889526367,0.05423402786254883
555,640000000,imu1_frame,0.3692888652205153,-0.0275522413283803,-0.8991583467335988,0.23319707442682083,0.01953125,-0.025390625,-0.009765625,-0.01386880874633789,-0.011356353759765625,0.006735324859619141
555,666000000,imu1_frame,0.3693210401335339,-0.025530238331000068,-0.8995795675730154,0.2317472283557965,0.02734375,-0.05078125,-0.029296875,-0.000335693359375,0.03429698944091797,0.005096435546875
555,691000000,imu1_frame,0.36908887213531766,-0.028100213285339296,-0.8995083579973153,0.2320958775423877,0.025390625,-0.04296875,-0.033203125,-0.016768932342529297,-0.012317419052124023,0.0044384002685546875
555,716000000,imu1_frame,0.369821586310706,-0.026183210128966083,-0.899636769284767,0.23065150586294159,0.02734375,-0.021484375,-0.03515625,0.006470680236816406,0.028443098068237305,0.012983322143554688
555,741000000,imu1_frame,0.36876146413084426,-0.028458988172985904,-0.8999083065955661,0.23101971406039418,0.02734375,-0.021484375,-0.03515625,0.1356034278869629,0.1427292823791504,0.00012302398681640625
555,765000000,imu1_frame,0.36772298386342184,-0.03062875936092891,-0.9001725292700617,0.23136789705171182,0.02734375,-0.021484375,-0.03515625,-0.007958412170410156,0.028464794158935547,0.026741981506347656
555,791000000,imu1_frame,0.36643442549552724,-0.03344350266091427,-0.9005145586558438,0.23169133257505165,0.046875,-0.05859375,-0.03125,-0.04112577438354492,-0.017774581909179688,0.011774063110351562
555,815000000,imu1_frame,0.3655846789125715,-0.03616516109875563,-0.9006787267104897,0.23198654038168717,0.046875,-0.05859375,-0.03125,-0.028391361236572266,-0.024994373321533203,0.003315448760986328
555,840000000,imu1_frame,0.36412876927025334,-0.038777789641523494,-0.9010830476340297,0.2322840151340971,0.046875,-0.05859375,-0.03125,0.014916419982910156,0.011307954788208008,-0.013621330261230469
555,866000000,imu1_frame,0.3646550876858473,-0.04136952109289583,-0.900760369541737,0.23226275295967025,0.046875,-0.05859375,-0.03125,-0.02897930145263672,0.03791975975036621,-0.0020852088928222656
555,891000000,imu1_frame,0.3658177998815651,-0.04312426932835228,-0.9002410673002295,0.2321285321343561,0.02734375,-0.03515625,-0.029296875,-0.020082950592041016,0.003145933151245117,0.017411231994628906
555,916000000,imu1_frame,0.36693332041645427,-0.04179980837468235,-0.9002268460026753,0.23066066011366293,0.046875,-0.041015625,-0.03125,0.006687164306640625,0.03191804885864258,0.0312042236328125
555,941000000,imu1_frame,0.36517054754894146,-0.040874116078879266,-0.9012194319324938,0.22974619331960616,0.046875,-0.041015625,-0.03125,0.026769638061523438,-0.05141043663024902,0.008409976959228516
555,965000000,imu1_frame,0.363659272085554,-0.03963611676342203,-0.9021210601463934,0.22881980883321415,0.03515625,-0.037109375,-0.03125,0.012828826904296875,-0.016926050186157227,-0.015070915222167969
555,991000000,imu1_frame,0.3630424240022843,-0.037473969044887624,-0.9027637271475901,0.2276259057426461,0.015625,-0.029296875,-0.025390625,0.017043113708496094,0.0319671630859375,-0.02709817886352539
556,16000000,imu1_frame,0.3633814375236409,-0.039549742225266235,-0.9024075029576413,0.22814567135696867,-0.0078125,-0.025390625,-0.01953125,0.010815143585205078,-0.00957179069519043,-0.019176959991455078
556,41000000,imu1_frame,0.3644744352605586,-0.03761492945917662,-0.9023173913280714,0.227083307246882,-0.0078125,-0.025390625,-0.01953125,0.038867950439453125,0.027315616607666016,-0.006542682647705078
556,65000000,imu1_frame,0.3633278959628699,-0.039522770699763884,-0.9025294848541028,0.2277527597646093,-0.0078125,-0.025390625,-0.01953125,0.04635429382324219,0.03288722038269043,-0.02386951446533203
556,91000000,imu1_frame,0.3624299789907383,-0.04192086201997921,-0.9025961097375365,0.22848941844851356,0.005859375,-0.025390625,-0.013671875,0.019699573516845703,-0.01069331169128418,-0.03279304504394531
556,116000000,imu1_frame,0.36029157804607614,-0.041665258872484214,-0.9034777729787157,0.22843357617823454,0.005859375,-0.025390625,-0.013671875,-0.01059579849243164,0.003028392791748047,0.01862621307373047
556,141000000,imu1_frame,0.3604215668047266,-0.03944671452535472,-0.9037989791204258,0.22734919449177118,0.005859375,-0.025390625,-0.013671875,0.004654884338378906,-0.029085397720336914,-0.026049137115478516
556,165000000,imu1_frame,0.3589963188214363,-0.041275542261778896,-0.9041302698603599,0.2279614612294951,0.005859375,-0.025390625,-0.013671875,0.012270927429199219,-0.02057337760925293,-0.039287567138671875
556,191000000,imu1_frame,0.36066608537075606,-0.03972529737345129,-0.9038155543543431,0.22684646640200723,0.009765625,-0.001953125,-0.0234375,0.04727506637573242,0.007511615753173828,-0.01827859878540039
556,215000000,imu1_frame,0.3590528200585384,-0.04121250677888729,-0.9042713174302357,0.22732352752409268,0.005859375,-0.01953125,-0.01953125,0.015060901641845703,-0.015349864959716797,-0.03859424591064453
556,241000000,imu1_frame,0.36040518145255446,-0.042717607352658296,-0.9036499796963916,0.22737639587020983,0.005859375,-0.01953125,-0.01953125,-0.011286258697509766,0.10455703735351562,-0.13823270797729492
556,265000000,imu1_frame,0.36193894686158057,-0.0438141777369899,-0.9028343927034422,0.2279705593399467,-0.025390625,0.015625,0.017578125,0.004656791687011719,0.07486391067504883,-0.11472034454345703
556,291000000,imu1_frame,0.3635564566836671,-0.04525449983435135,-0.9019734928293835,0.2285225399857125,-0.0078125,0.009765625,0.015625,0.020174503326416016,0.0390779972076416,-0.08927536010742188
556,316000000,imu1_frame,0.36518847486363304,-0.04714039254467194,-0.901099033383656,0.22898841292202693,0.03125,0.0078125,0.025390625,0.033854007720947266,-0.0039825439453125,-0.0626211166381836
556,341000000,imu1_frame,0.36440062947674895,-0.04563452871380308,-0.9016051240479424,0.2285560572737302,0.03125,0.0078125,0.025390625,-0.04343605041503906,-0.12367653846740723,0.11875677108764648
556,365000000,imu1_frame,0.36286099364841057,-0.04701883416515023,-0.9019676566137494,0.22929342542894657,0.03125,0.0078125,0.025390625,0.03842878341674805,0.005581855773925781,0.025160789489746094
556,391000000,imu1_frame,0.36071032481916493,-0.04738411441915037,-0.9025677129997425,0.23024841089566725,-0.033203125,-0.0078125,0.025390625,0.0022268295288085938,0.0014884471893310547,-0.004580020904541016
556,416000000,imu1_frame,0.3600023214497794,-0.04493764103409407,-0.9030509121815125,0.22995214062321515,-0.033203125,-0.0078125,0.025390625,-0.03468179702758789,-0.22002243995666504,0.05914449691772461
556,441000000,imu1_frame,0.36023462135842677,-0.04241131990039616,-0.9031974186698496,0.22949231017003097,-0.033203125,-0.0078125,0.025390625,-0.05299186706542969,-0.13428378105163574,-0.02003335952758789
556,466000000,imu1_frame,0.3615391940311356,-0.04061248878218663,-0.9028464877979674,0.2291468009925261,-0.033203125,-0.0078125,0.025390625,-0.06318902969360352,-0.027521371841430664,-0.008465766906738281
556,491000000,imu1_frame,0.3627190017162977,-0.03878762248344819,-0.902593491336263,0.2285944783528886,-0.041015625,-0.025390625,0.001953125,-0.035572052001953125,0.003508329391479492,0.0054035186767578125
556,516000000,imu1_frame,0.36451288700822854,-0.03822067507810783,-0.9020008678236138,0.22817530463866564,-0.00390625,-0.01171875,0.00390625,-0.005308628082275391,0.008928537368774414,0.03004598617553711
556,541000000,imu1_frame,0.3624512764080316,-0.03819086655908294,-0.9027560342927226,0.22847772865146385,-0.00390625,-0.01171875,0.00390625,0.07697439193725586,-0.023154258728027344,0.004651546478271484
556,565000000,imu1_frame,0.3604722448376617,-0.03830836107556276,-0.9035364140651712,0.2285042201615816,0.015625,-0.017578125,-0.01171875,0.047003746032714844,-0.01715874671936035,-0.02313995361328125
556,591000000,imu1_frame,0.35832703343565414,-0.038207736595411705,-0.9044111870966647,0.22843447775644837,0.009765625,-0.01953125,-0.017578125,0.015750408172607422,-0.005967140197753906,-0.053429603576660156
556,616000000,imu1_frame,0.3602680129217331,-0.038530084611543086,-0.903756677566085,0.22791722006018966,0.017578125,-0.0078125,-0.021484375,0.044304847717285156,-0.016160011291503906,-0.025722980499267578
556,641000000,imu1_frame,0.3616491497804372,-0.036979158373130885,-0.9035532248276771,0.22679066165212208,0.017578125,-0.0078125,-0.021484375,-0.03827190399169922,-0.025873661041259766,-0.008514881134033203
556,666000000,imu1_frame,0.36012455897522766,-0.03863090035625627,-0.9039842048835331,0.22722348664178416,0.017578125,-0.0078125,-0.021484375,0.043532371520996094,0.026440858840942383,0.011506080627441406
556,690000000,imu1_frame,0.35857160817848366,-0.040325559138972886,-0.9044564094234936,0.22750572419433093,0.02734375,-0.01953125,-0.029296875,0.01164865493774414,0.001043558120727539,-0.007695198059082031
556,715000000,imu1_frame,0.3566408562140667,-0.04143107525663596,-0.9051455270833557,0.22760127522263662,0.02734375,-0.01953125,-0.029296875,0.01639556884765625,-0.01114344596862793,-0.03291797637939453
556,741000000,imu1_frame,0.35848095571017974,-0.040959182025851366,-0.9046929362587725,0.22659311746911037,0.02734375,-0.01953125,-0.029296875,-0.02952718734741211,-0.0035195350646972656,-0.011899948120117188
556,765000000,imu1_frame,0.3570748142214636,-0.03965779685478679,-0.9055127717268003,0.22576859045708544,0.02734375,-0.01953125,-0.029296875,-0.00312042236328125,-0.008252382278442383,0.00938558578491211
556,791000000,imu1_frame,0.35572528706534146,-0.03758237231009822,-0.9063649698409458,0.22483244178509265,-0.0078125,-0.025390625,-0.03515625,-0.01123189926147461,0.04032135009765625,-0.012549400329589844
556,815000000,imu1_frame,0.35659369171072836,-0.03916822713844571,-0.9059329564081855,0.22492724936847816,-0.0078125,-0.021484375,-0.0390625,-0.005971431732177734,0.008104562759399414,0.00189208984375
556,840000000,imu1_frame,0.3579532292941371,-0.0402548558421934,-0.9053903028594945,0.22476083223510213,-0.0078125,-0.021484375,-0.0390625,0.048709869384765625,-0.015519142150878906,-0.055562496185302734
556,865000000,imu1_frame,0.35699201505171924,-0.04181237991070651,-0.9056216758975049,0.22507289090450294,-0.013671875,-0.01953125,-0.044921875,0.02630329132080078,-0.041260719299316406,-0.06646060943603516
556,890000000,imu1_frame,0.3578424125858113,-0.039554507547441865,-0.9056666236276707,0.22394690338180642,-0.029296875,-0.03125,-0.03515625,0.05240774154663086,0.0028345584869384766,-0.058197021484375
556,915000000,imu1_frame,0.3576430349839405,-0.04135636212359611,-0.9054872166513513,0.22466421904781952,-0.041015625,-0.017578125,-0.025390625,0.03917694091796875,-0.03306841850280762,-0.05812788009643555
556,940000000,imu1_frame,0.3570690036345665,-0.04314599132079729,-0.9054411134085975,0.22542524309793496,-0.041015625,-0.017578125,-0.025390625,0.02020120620727539,0.01062631607055664,-0.02803182601928711
556,966000000,imu1_frame,0.35742804305447146,-0.04027265353432633,-0.9056923263715297,0.2243762852158882,-0.041015625,-0.017578125,-0.025390625,0.002724170684814453,-0.011091470718383789,-0.023800373077392578
556,990000000,imu1_frame,0.3590845131400854,-0.03929571198664421,-0.9052901993907158,0.22352586948612585,0.017578125,-0.009765625,-0.01171875,0.03413867950439453,0.005226612091064453,-0.0021309852600097656
557,15000000,imu1_frame,0.357602463313386,-0.041097996318283245,-0.905657028541264,0.22409100737117751,0.017578125,-0.009765625,-0.01171875,0.0022139549255371094,0.014602184295654297,0.019028663635253906
557,41000000,imu1_frame,0.355848951295025,-0.04006923298679441,-0.9065008470705745,0.22365642108021774,0.017578125,-0.009765625,-0.01171875,0.020963191986083984,-0.03527212142944336,0.028103351593017578
557,65000000,imu1_frame,0.3573532240021181,-0.04148739134746328,-0.9058363422706016,0.22369173135431733,0.017578125,-0.009765625,-0.01171875,0.036663055419921875,-0.027591228485107422,-0.022918701171875
557,91000000,imu1_frame,0.3559068375623296,-0.0400412787790055,-0.9065944750652918,0.22318932938474262,0.005859375,0.00390625,-0.013671875,0.023127079010009766,0.007209300994873047,-0.04535341262817383
557,116000000,imu1_frame,0.356847613852413,-0.03790487485550595,-0.9065775048161924,0.2221266051405688,0.005859375,0.00390625,-0.013671875,-0.02839374542236328,-0.02971363067626953,0.0035376548767089844
557,141000000,imu1_frame,0.3567103897367021,-0.040223902745630896,-0.9063628868895314,0.22281394204823607,0.005859375,0.00390625,-0.013671875,0.03520822525024414,0.003282308578491211,-0.03389120101928711
557,166000000,imu1_frame,0.3561736957697557,-0.04253515657626651,-0.9062854601310036,0.22355698077197422,0.00390625,-0.01171875,-0.009765625,0.014487743377685547,-0.040441036224365234,-0.037627220153808594
557,190000000,imu1_frame,0.3566779854699062,-0.04049737471449857,-0.9064505507081311,0.22245938155827186,0.015625,-0.009765625,-0.015625,0.034328460693359375,0.0009837150573730469,-0.03391456604003906
557,215000000,imu1_frame,0.355381166117745,-0.038909638640906824,-0.9072029033324454,0.2217502175304629,0.015625,-0.009765625,-0.015625,-0.015001296997070312,-0.03903079032897949,0.0549626350402832
557,241000000,imu1_frame,0.3552326421276556,-0.04147778441653662,-0.9069949037509535,0.22237267803554264,0.015625,-0.009765625,-0.015625,0.008310317993164062,-0.009943485260009766,-0.013392925262451172
557,265000000,imu1_frame,0.35657121008548387,-0.04305642089477923,-0.9063733989128759,0.22246433085109613,0.015625,-0.009765625,-0.015625,0.020733356475830078,-0.0047893524169921875,-0.03123760223388672
557,290000000,imu1_frame,0.35829256996000786,-0.04422127563619588,-0.905570029687207,0.22274163154846363,-0.009765625,-0.001953125,0.001953125,0.040305137634277344,-0.034162044525146484,-0.005194664001464844
557,316000000,imu1_frame,0.3574323218749523,-0.04195477874248592,-0.9061664199791339,0.22213588436348872,-0.009765625,-0.001953125,0.001953125,0.0006055831909179688,-0.17798185348510742,0.057102203369140625
557,341000000,imu1_frame,0.35550139546503223,-0.04142163289469366,-0.9069109553815005,0.22229603046335794,-0.009765625,-0.001953125,0.001953125,0.012845993041992188,-0.009533882141113281,0.05667591094970703
557,366000000,imu1_frame,0.3551455508971595,-0.0436391285063465,-0.9067164797292675,0.22323191870457196,-0.009765625,-0.001953125,0.001953125,0.03377246856689453,0.06357455253601074,-0.011003971099853516
557,390000000,imu1_frame,0.35482765823501417,-0.04552423778690732,-0.9065939736790067,0.22385764140248976,-0.021484375,-0.001953125,-0.02734375,0.018504619598388672,0.027320146560668945,-0.012131214141845703
557,416000000,imu1_frame,0.35491904896585386,-0.04272674206533793,-0.9069685645406657,0.22274406193813598,-0.021484375,-0.001953125,-0.02734375,-0.04222726821899414,-0.0723428726196289,0.01946878433227539
557,440000000,imu1_frame,0.3567262684164153,-0.0420109309737256,-0.9064383203539703,0.22215090027792692,-0.021484375,-0.001953125,-0.02734375,-0.04939556121826172,0.01519465446472168,0.004338264465332031
557,466000000,imu1_frame,0.3583639523979884,-0.042008581194762286,-0.9058239899168774,0.22202129631808804,-0.015625,-0.03125,0.005859375,-0.024570465087890625,0.009539127349853516,0.027224063873291016
557,491000000,imu1_frame,0.36009165072772975,-0.04297703011822088,-0.9050992736802521,0.22199613226783116,0.0078125,-0.025390625,0.0,-0.0031766891479492188,-0.014352798461914062,0.053132057189941406
557,516000000,imu1_frame,0.3586402931880068,-0.04136713914128735,-0.9058804685912171,0.2214643911021432,0.0078125,-0.025390625,0.0,0.023101329803466797,-0.09366393089294434,0.03008747100830078
557,541000000,imu1_frame,0.35713015919260777,-0.03945680449667981,-0.906674592488171,0.22100315226345232,-0.013671875,-0.033203125,0.001953125,0.01052713394165039,-0.05069088935852051,0.005939483642578125
557,565000000,imu1_frame,0.35595312378727556,-0.03753926525719275,-0.9073347630533959,0.22052620022316732,-0.0078125,-0.03125,0.009765625,0.0028896331787109375,-0.008786201477050781,-0.013354301452636719
557,590000000,imu1_frame,0.35675155090330113,-0.035767465417989336,-0.9072872259446306,0.21972462079466445,-0.01171875,-0.052734375,0.0,0.024869918823242188,0.024836063385009766,-0.004788875579833984
557,615000000,imu1_frame,0.35446133564622867,-0.03705280279428063,-0.9079631762949693,0.2204248666310822,-0.01171875,-0.052734375,0.0,0.061089515686035156,0.045578718185424805,0.035536766052246094
557,641000000,imu1_frame,0.3524479273469274,-0.0389155559348431,-0.9084582555031144,0.2212908403512782,-0.01171875,-0.052734375,0.0,0.020073890686035156,0.014853715896606445,-0.016866207122802734
557,666000000,imu1_frame,0.35010034984922095,-0.03819108722906843,-0.9093999596028913,0.22127561855291342,-0.01171875,-0.052734375,0.0,0.027058124542236328,-0.0017952919006347656,-0.09315776824951172
557,691000000,imu1_frame,0.35148654353421316,-0.038684239952674254,-0.9088304474947758,0.2213322321762044,-0.017578125,-0.041015625,0.00390625,0.045513153076171875,-0.016480445861816406,-0.07344579696655273
557,715000000,imu1_frame,0.3501095194282197,-0.03668648498246243,-0.909560207918507,0.22085663765577654,-0.017578125,-0.041015625,0.00390625,0.03510427474975586,-0.08560943603515625,-0.024930477142333984
557,740000000,imu1_frame,0.34939871532357597,-0.03894717617006015,-0.9095079510292307,0.22180834567983176,-0.017578125,-0.041015625,0.00390625,-0.027459144592285156,-0.01590561866760254,0.007746696472167969
557,766000000,imu1_frame,0.3500325115295106,-0.037081663978773494,-0.909577782044694,0.22084032575497548,0.0078125,-0.046875,-0.001953125,-0.006945133209228516,0.02109241485595703,0.013629913330078125
557,791000000,imu1_frame,0.34938086200323637,-0.039373897730874276,-0.9095538138791905,0.22157294307106432,-0.01171875,-0.048828125,-0.01171875,-0.029133319854736328,-0.021841764450073242,0.008155345916748047
557,815000000,imu1_frame,0.34776089903158325,-0.0375360533772435,-0.9103972383384968,0.22097572316262273,-0.01171875,-0.048828125,-0.01171875,-0.004714488983154297,-0.05293750762939453,0.026295185089111328
557,841000000,imu1_frame,0.3458688464714797,-0.035152807472997996,-0.9114059777808414,0.2201775756806374,-0.03125,-0.080078125,-0.021484375,-0.020725250244140625,0.0023508071899414062,-0.0027451515197753906
557,865000000,imu1_frame,0.34691563334100245,-0.03476140594207004,-0.9111374774476512,0.21970363035433138,-0.01953125,-0.078125,-0.015625,-0.0019598007202148438,0.008239269256591797,0.010868549346923828
557,891000000,imu1_frame,0.3448357194891261,-0.03650166596884238,-0.9116945893292078,0.2203835990580127,-0.021484375,-0.0703125,-0.015625,-0.04312849044799805,-0.018831491470336914,-0.014800548553466797
557,916000000,imu1_frame,0.3427436728675399,-0.03463054954500489,-0.912694808121513,0.21980829596608545,-0.021484375,-0.0703125,-0.015625,-0.030106544494628906,-0.012357711791992188,0.032604217529296875
557,941000000,imu1_frame,0.3432423791312368,-0.036176183299676846,-0.9123761918359392,0.22010369715464984,-0.021484375,-0.0703125,-0.015625,0.008795738220214844,0.0343174934387207,-0.07578468322753906
557,966000000,imu1_frame,0.3430606231874606,-0.03823737195269689,-0.9122266357138461,0.22065782854587335,-0.021484375,-0.0703125,-0.015625,0.0343475341796875,0.02988600730895996,-0.07912445068359375
557,990000000,imu1_frame,0.3436491200149936,-0.03979549577319577,-0.9118378854767107,0.22107300024753576,-0.0234375,-0.048828125,-0.009765625,0.03517484664916992,-0.0029180049896240234,-0.06885337829589844
558,16000000,imu1_frame,0.34211479421188046,-0.0374713681897253,-0.9126739079228806,0.22040803511698423,-0.0234375,-0.048828125,-0.009765625,-0.01505422592163086,-0.0643312931060791,0.028186321258544922
558,41000000,imu1_frame,0.3407523173820041,-0.035187814087506625,-0.9134356633377237,0.2197384010165487,-0.0234375,-0.048828125,-0.009765625,-0.023990154266357422,0.025277376174926758,0.006755828857421875
558,65000000,imu1_frame,0.34154242277863733,-0.03661882565786299,-0.9130363989406811,0.2199371938971923,-0.01171875,-0.05859375,-0.013671875,-0.018896102905273438,-0.004687309265136719,0.01927947998046875
558,91000000,imu1_frame,0.34119518372017904,-0.034075591851834765,-0.9134789556850934,0.2190454248930377,-0.01953125,-0.046875,-0.0078125,-0.010567665100097656,0.04783153533935547,0.011148929595947266
558,115000000,imu1_frame,0.34066799991445657,-0.036210482594339746,-0.9134137463215612,0.21979409185730903,-0.01953125,-0.046875,-0.0078125,0.00896310806274414,-0.032028913497924805,-0.0359187126159668
558,141000000,imu1_frame,0.3413433306445908,-0.03411822431671404,-0.9134870228166321,0.2187741678981727,0.0078125,-0.025390625,-0.0078125,0.031166553497314453,0.009186983108520508,-0.029797077178955078
558,166000000,imu1_frame,0.34062471579576,-0.036564287147626336,-0.9134975506054375,0.21945405198425913,0.0078125,-0.033203125,-0.009765625,0.007480144500732422,-0.03595852851867676,-0.03598833084106445
558,191000000,imu1_frame,0.34102645793526287,-0.034448973234545675,-0.9136699537747697,0.21845237192675185,0.0,-0.0390625,-0.01171875,0.025531768798828125,0.00665736198425293,-0.03357887268066406
558,216000000,imu1_frame,0.3388352735101569,-0.03566208233468142,-0.914329067747681,0.218909180210671,0.0,-0.0390625,-0.01171875,0.06343698501586914,0.029909133911132812,0.021013259887695312
558,241000000,imu1_frame,0.3364195828404652,-0.03573760094976293,-0.9151956311576462,0.21900147230043956,0.0,-0.0390625,-0.01171875,0.02557992935180664,-0.0013806819915771484,0.06345462799072266
558,266000000,imu1_frame,0.33399690510216645,-0.03603826148509999,-0.9160306700396583,0.21916916443240958,0.0,-0.0390625,-0.01171875,0.06050395965576172,0.0019290447235107422,0.07118940353393555
558,290000000,imu1_frame,0.3316707166272836,-0.036690155701626974,-0.9168085490584361,0.21934095053113012,0.025390625,-0.044921875,-0.001953125,0.020975589752197266,-0.0014486312866210938,0.04184722900390625
558,316000000,imu1_frame,0.3332287566073981,-0.03764556210201232,-0.9162569068518582,0.2191225412187811,0.025390625,-0.044921875,-0.001953125,-0.11106204986572266,0.05473446846008301,-0.08889150619506836
558,340000000,imu1_frame,0.3336631983529519,-0.0359774508662756,-0.9163893259019437,0.21818592178924948,0.025390625,-0.044921875,-0.001953125,-0.05551576614379883,-0.06749749183654785,-0.011396408081054688
558,366000000,imu1_frame,0.3344087070045039,-0.03454072107877261,-0.9164313863528194,0.2170973730250632,0.05078125,-0.0390625,0.0,-0.03502941131591797,-0.03785204887390137,-0.0036439895629882812
558,391000000,imu1_frame,0.3350749897385067,-0.0329371902861451,-0.9164857359593224,0.21608745574626292,0.03125,-0.041015625,-0.00390625,-0.015280723571777344,-0.00537562370300293,0.0029616355895996094
558,415000000,imu1_frame,0.33475815770585926,-0.035625261005172874,-0.9163661964860801,0.21665828062949108,0.03125,-0.041015625,-0.00390625,0.040738582611083984,0.1355571746826172,-0.03273725509643555
558,440000000,imu1_frame,0.33418278000044416,-0.03842807837753353,-0.9163160231939836,0.21727884844445322,0.03125,-0.041015625,-0.00390625,0.01777362823486328,0.0837709903717041,-0.0010447502136230469
558,466000000,imu1_frame,0.33420310262558806,-0.04130614098492346,-0.9159560855221291,0.21823505288413717,0.02734375,-0.00390625,0.021484375,0.0027866363525390625,0.026180267333984375,0.003704547882080078
558,491000000,imu1_frame,0.3341545939157493,-0.043970226449879815,-0.9156143105916525,0.21922080373614145,0.017578125,-0.00390625,0.0234375,-0.012522697448730469,-0.02745795249938965,0.007513999938964844
558,516000000,imu1_frame,0.3353655182167583,-0.04234134771668414,-0.9153947220206908,0.21860851392707126,0.017578125,-0.00390625,0.0234375,-0.019978046417236328,0.0007088184356689453,0.02451181411743164
558,541000000,imu1_frame,0.3337848944001342,-0.04131549660744199,-0.9160329797173467,0.2185503467865714,0.017578125,-0.00390625,0.0234375,-0.03960847854614258,-0.009494304656982422,0.0803065299987793
558,566000000,imu1_frame,0.33375068568939764,-0.03928442207640893,-0.9162747535359793,0.21796281796801942,0.017578125,-0.00390625,0.0234375,-0.02954387664794922,-0.00838470458984375,0.03368043899536133
558,591000000,imu1_frame,0.3336171530659782,-0.036847729956215505,-0.9165824618494094,0.21729802255727387,-0.013671875,-0.009765625,0.005859375,-0.019065380096435547,0.03993940353393555,0.028313636779785156
558,616000000,imu1_frame,0.3323040576002653,-0.03868971132728484,-0.9167669459768615,0.21820973008568859,-0.013671875,-0.009765625,0.005859375,0.024322032928466797,0.006449460983276367,-0.021211624145507812
558,640000000,imu1_frame,0.3338905399063882,-0.03952445807482214,-0.9161033599770344,0.2184251780672279,-0.013671875,-0.009765625,0.005859375,-0.029587745666503906,0.022916078567504883,-0.0032057762145996094
558,665000000,imu1_frame,0.3354840486040589,-0.040514989197147036,-0.915437407869451,0.21859400965224302,-0.00390625,-0.01953125,0.005859375,-0.009783267974853516,-0.00220489501953125,0.019193172454833984
558,691000000,imu1_frame,0.3338065974137786,-0.038930648043005806,-0.9161879241793688,0.21830540019405428,-0.0078125,-0.029296875,0.005859375,-0.027828693389892578,0.034594058990478516,-0.005179882049560547
558,716000000,imu1_frame,0.331712236816452,-0.03788301500789102,-0.9170062440777056,0.21824623122207024,-0.0078125,-0.029296875,0.005859375,-0.055520057678222656,-0.01605224609375,0.15740537643432617
558,741000000,imu1_frame,0.3300300993624588,-0.03619932926349568,-0.9177572891318444,0.217924987830783,-0.0078125,-0.029296875,0.005859375,-0.0734243392944336,-0.05527782440185547,0.16836261749267578
558,766000000,imu1_frame,0.3275171205188345,-0.03473203514005826,-0.9189063633382419,0.21711130076200116,0.009765625,-0.115234375,-0.0234375,-0.10434722900390625,-0.013820886611938477,0.13402795791625977
558,791000000,imu1_frame,0.32598984208000936,-0.03269610988740789,-0.9197438769672384,0.2161776770162792,0.001953125,-0.115234375,-0.01171875,-0.11722517013549805,0.03465080261230469,0.11182785034179688
558,815000000,imu1_frame,0.3252074091095735,-0.03515070260040838,-0.9198178403256175,0.2166557402554862,0.001953125,-0.115234375,-0.01171875,0.010793209075927734,0.22121596336364746,-0.07848072052001953
558,840000000,imu1_frame,0.3249391074513241,-0.03741938792985763,-0.9197446880169119,0.21698865113264568,0.001953125,-0.115234375,-0.01171875,-0.004357814788818359,0.0662236213684082,-0.08258199691772461
558,865000000,imu1_frame,0.32538597938492086,-0.03879866296775233,-0.9195407848639312,0.21694094390745108,0.001953125,-0.115234375,-0.01171875,-0.042511940002441406,0.03999447822570801,-0.07485246658325195
558,891000000,imu1_frame,0.3262170777536644,-0.040667863423185784,-0.9191910275657575,0.21683264954581746,0.060546875,-0.109375,0.015625,-0.03764915466308594,0.003843069076538086,-0.06136512756347656
558,915000000,imu1_frame,0.3237849144672741,-0.04332542191394571,-0.9197916432816308,0.21741566164532888,0.060546875,-0.109375,0.015625,0.024045944213867188,0.03639554977416992,0.021497249603271484
558,941000000,imu1_frame,0.32385111913042725,-0.04640027650286814,-0.9195335987781694,0.2177737993802186,0.060546875,-0.109375,0.015625,-0.024999141693115234,-0.02118206024169922,-0.0035414695739746094
558,965000000,imu1_frame,0.3240312957450335,-0.045116784609200565,-0.9197057868150833,0.21704713963369826,0.01953125,-0.1015625,0.013671875,-0.014554023742675781,0.005567312240600586,-0.003551959991455078
558,991000000,imu1_frame,0.32523611342440106,-0.04633557644825846,-0.9192991372649354,0.21671082368848898,0.052734375,-0.091796875,0.009765625,-0.00036907196044921875,-0.018939733505249023,0.013908863067626953
559,16000000,imu1_frame,0.32243815633321815,-0.04815350689887525,-0.9201013117601414,0.21709088237658,0.052734375,-0.091796875,0.009765625,0.0597071647644043,-0.003873586654663086,-0.014220714569091797
559,40000000,imu1_frame,0.31964497727220903,-0.0493782863420403,-0.9209609268946517,0.21730127582671085,0.052734375,-0.091796875,0.009765625,0.009443283081054688,-0.016193389892578125,-0.01959848403930664
559,65000000,imu1_frame,0.3191058336883843,-0.047598201123901514,-0.9214582041012545,0.216380813036417,0.025390625,-0.087890625,0.001953125,0.011227130889892578,0.02343297004699707,-0.029716014862060547
559,91000000,imu1_frame,0.31912699641085257,-0.050230443173017406,-0.9212054950542738,0.21683011465716695,0.01953125,-0.083984375,0.001953125,-0.0015740394592285156,-0.026610136032104492,-0.024429798126220703
559,115000000,imu1_frame,0.31666631022142805,-0.049527089705204426,-0.9221541610826705,0.21656689163857684,0.01953125,-0.083984375,0.001953125,0.0023474693298339844,-0.002829313278198242,-0.05635976791381836
559,141000000,imu1_frame,0.3179914174214509,-0.04988931722389652,-0.9217273393940757,0.21635902173643792,-0.00390625,-0.06640625,0.001953125,0.022168636322021484,-0.013227224349975586,-0.03924703598022461
559,166000000,imu1_frame,0.3151985809630059,-0.05000656715061019,-0.9226221483395628,0.21660463797898832,-0.00390625,-0.06640625,0.001953125,0.01577138900756836,-0.005949497222900391,0.008475780487060547
559,191000000,imu1_frame,0.3124589733510194,-0.05015768370530089,-0.9235636448815744,0.2165266509942995,0.021484375,-0.07421875,-0.009765625,-0.028447628021240234,0.002476930618286133,-0.024839401245117188
559,215000000,imu1_frame,0.31178882754747145,-0.052814537666588696,-0.9235358126313199,0.21697915663732534,0.021484375,-0.07421875,-0.009765625,-0.01732015609741211,0.07182741165161133,0.011375904083251953
559,241000000,imu1_frame,0.3088848284189154,-0.05300643193892119,-0.9245143328895924,0.21691871571497312,0.021484375,-0.07421875,-0.009765625,-0.025476455688476562,0.0018858909606933594,0.015620231628417969
559,266000000,imu1_frame,0.3100699529253014,-0.052261374512049666,-0.9243249588466417,0.2162145773997828,0.013671875,-0.0703125,-0.001953125,-0.0013957023620605469,0.014814615249633789,0.02840137481689453
559,291000000,imu1_frame,0.30767626460078945,-0.053935747535814926,-0.9248946606512931,0.21678588062368567,0.009765625,-0.06640625,0.001953125,-0.04883861541748047,-0.009382486343383789,0.0029935836791992188
559,315000000,imu1_frame,0.3089382790185933,-0.05390306136487795,-0.9245717234731204,0.21637635704130861,0.009765625,-0.06640625,0.001953125,-0.027471542358398438,-0.011296987533569336,-0.0639200210571289
559,341000000,imu1_frame,0.3101031954246909,-0.0530454544214396,-0.9243875047552172,0.21570797158436797,0.009765625,-0.06640625,0.001953125,-0.00321197509765625,-0.035546064376831055,-0.09067773818969727
559,366000000,imu1_frame,0.3115740450276875,-0.05245915327675259,-0.9240943583789879,0.21498667055121654,0.025390625,-0.044921875,-0.00390625,0.02479267120361328,-0.026460647583007812,-0.07401275634765625
559,391000000,imu1_frame,0.3130867358530027,-0.05190691477533666,-0.9238144770466876,0.21412421635670484,0.041015625,-0.04296875,-0.0078125,0.053603172302246094,-0.017281532287597656,-0.05666780471801758
559,415000000,imu1_frame,0.31106218281839065,-0.05373205914656738,-0.9243145732242952,0.2144662070474434,0.041015625,-0.04296875,-0.0078125,0.05120706558227539,-0.00533294677734375,-0.038515567779541016
559,441000000,imu1_frame,0.3091022927131124,-0.05534237943091084,-0.924823576607251,0.21469593808405976,0.037109375,-0.017578125,-0.017578125,0.011878013610839844,-0.0281527042388916,-0.058838844299316406
559,466000000,imu1_frame,0.30975925128561227,-0.05350276098815559,-0.9249759871816303,0.21355580991157724,0.037109375,-0.017578125,-0.017578125,-0.005510807037353516,-0.029955625534057617,-0.015757083892822266
559,490000000,imu1_frame,0.31031085473132497,-0.05182031260058938,-0.9251351042798763,0.21247792230477547,0.04296875,-0.0234375,-0.013671875,0.013544559478759766,0.004537343978881836,-0.012534618377685547
559,515000000,imu1_frame,0.3086126066940527,-0.05395554195148583,-0.9254997145686014,0.21283171008019683,0.04296875,-0.0234375,-0.013671875,0.014882087707519531,0.08763504028320312,0.1315011978149414
559,540000000,imu1_frame,0.3072725925233561,-0.056449988315743826,-0.9257009896093628,0.21324781485251879,0.04296875,-0.0234375,-0.013671875,0.020066261291503906,0.0844278335571289,0.07778024673461914
559,566000000,imu1_frame,0.3056447067611152,-0.05877529584756631,-0.9259895352952199,0.21370577519263628,0.021484375,-0.03515625,-0.017578125,-0.017883777618408203,0.04606890678405762,0.06351423263549805
559,591000000,imu1_frame,0.30397517856103823,-0.061199166578300324,-0.9262857242074609,0.21412265167040503,0.01953125,-0.0625,-0.01953125,-0.05697202682495117,0.006340742111206055,0.04930257797241211
559,616000000,imu1_frame,0.3052580521183984,-0.06055312556888472,-0.9261129600854724,0.21322670039759167,0.01953125,-0.0625,-0.01953125,-0.031055450439453125,-0.020823001861572266,-0.05025434494018555
559,640000000,imu1_frame,0.3063834996655593,-0.0618079630862703,-0.9257240826562853,0.21294095336968397,0.01953125,-0.0625,-0.01953125,-0.017899513244628906,0.02817225456237793,-0.11192464828491211
559,665000000,imu1_frame,0.30784247522160113,-0.06325180943573053,-0.9251645191774844,0.21284461822568623,0.041015625,-0.046875,0.009765625,-0.0007605552673339844,-0.0027544498443603516,-0.09087896347045898
559,691000000,imu1_frame,0.30942759156523736,-0.06476328128171395,-0.9245997645101369,0.21254542677639915,0.078125,-0.060546875,0.021484375,0.018578529357910156,-0.03415799140930176,-0.06797218322753906
559,716000000,imu1_frame,0.30689179723659965,-0.06583429127530299,-0.9253332598710702,0.21270079703082148,0.078125,-0.060546875,0.021484375,-0.10554885864257812,0.033233642578125,0.21674156188964844
559,740000000,imu1_frame,0.3039320860424133,-0.06517421283876713,-0.9263787853262797,0.212602810781421,0.00390625,-0.1171875,0.0078125,-0.15000343322753906,0.05672907829284668,0.17971229553222656
559,766000000,imu1_frame,0.3014109574865289,-0.0635653711971968,-0.9274200440002042,0.21213896454512027,0.00390625,-0.1171875,0.0078125,-0.1432042121887207,-0.015498876571655273,0.2161412239074707
559,790000000,imu1_frame,0.2995682576506828,-0.061936675769534204,-0.9283244185195207,0.21127347486882422,0.021484375,-0.14453125,-0.005859375,-0.16352510452270508,0.02564692497253418,0.19049358367919922
559,815000000,imu1_frame,0.2960198746659227,-0.06350092371232652,-0.9292941315986681,0.2115473551400015,0.021484375,-0.14453125,-0.005859375,0.0013813972473144531,0.009120464324951172,0.004586219787597656
559,840000000,imu1_frame,0.2963291176485164,-0.06494207353589405,-0.9291597507047635,0.2112669846160821,0.021484375,-0.14453125,-0.005859375,0.00054931640625,-0.016510963439941406,-0.06636333465576172
559,865000000,imu1_frame,0.2968238767442261,-0.06444955715101093,-0.9291433908601454,0.2107946868364528,-0.03125,-0.130859375,-0.005859375,0.012073516845703125,-0.006849527359008789,-0.061870574951171875
559,890000000,imu1_frame,0.2977049887878266,-0.06518743359780228,-0.9288829310308508,0.21047289277079784,0.009765625,-0.10546875,-0.001953125,0.02392721176147461,-0.021675825119018555,-0.049762725830078125
559,915000000,imu1_frame,0.29495656451585406,-0.06411786218753959,-0.9299144055790366,0.2101159753424083,0.009765625,-0.10546875,-0.001953125,0.06301116943359375,-0.06833934783935547,-0.08818912506103516
559,940000000,imu1_frame,0.2918468006727386,-0.06410809235079468,-0.9308962331296058,0.21011378007484205,0.009765625,-0.10546875,-0.001953125,0.012136459350585938,-0.017548561096191406,-0.11997413635253906
559,966000000,imu1_frame,0.29341593525232257,-0.06500527548100322,-0.9304409526514581,0.20966887401016635,0.0546875,-0.0625,0.0078125,0.0348811149597168,-0.03715229034423828,-0.09978580474853516
559,991000000,imu1_frame,0.294737866289959,-0.06445094818251677,-0.9302179705689799,0.20897414357701105,0.04296875,-0.056640625,0.009765625,0.06079912185668945,-0.028211355209350586,-0.08598518371582031
560,15000000,imu1_frame,0.2930349843153191,-0.06702471784292194,-0.9304349142585613,0.209592594082093,0.04296875,-0.056640625,0.009765625,0.054949283599853516,0.0023193359375,-0.0598602294921875
560,40000000,imu1_frame,0.29188690576924753,-0.06992684607400634,-0.9304528409386488,0.2101660801076002,0.05859375,-0.025390625,0.005859375,0.021495342254638672,-0.049054622650146484,-0.06521892547607422
560,65000000,imu1_frame,0.28997757934262947,-0.06960875113590016,-0.9311256029862693,0.20993507736285,0.05859375,-0.025390625,0.005859375,-0.04293060302734375,0.004020214080810547,0.06845569610595703
560,91000000,imu1_frame,0.2892725970099243,-0.06804345606042048,-0.9316466127502534,0.2091077273977866,0.0546875,-0.046875,0.00390625,-0.04530477523803711,0.03939485549926758,0.05625724792480469
560,116000000,imu1_frame,0.2880057747082719,-0.07103847284060584,-0.9316929443400072,0.2096532055042585,0.0546875,-0.046875,0.00390625,0.03215169906616211,0.10409021377563477,0.046192169189453125
560,141000000,imu1_frame,0.2871309589077829,-0.07415317950093152,-0.9316028062844602,0.2101745220751512,0.0546875,-0.046875,0.00390625,0.00218963623046875,-0.0299680233001709,-0.029023170471191406
560,165000000,imu1_frame,0.28786176364499577,-0.07245526849312486,-0.9316198393827037,0.2096909963907071,0.025390625,-0.015625,0.029296875,0.02325153350830078,0.0006468296051025391,-0.02567577362060547
560,190000000,imu1_frame,0.2865518038194535,-0.07521667396419307,-0.9315994992235767,0.21060125529531645,0.041015625,-0.03125,0.03125,-0.013356208801269531,-0.04934835433959961,-0.03240680694580078
560,215000000,imu1_frame,0.2845970142086274,-0.07463839229208986,-0.9322265732224415,0.21068285662941438,0.041015625,-0.03125,0.03125,-0.04318857192993164,0.006914854049682617,0.053455352783203125
560,241000000,imu1_frame,0.28606125989731723,-0.07371839240229079,-0.9319634521830893,0.21018724509960213,0.041015625,-0.03125,0.03125,-0.013525962829589844,-0.018236160278320312,-0.007115364074707031
560,266000000,imu1_frame,0.28693428875209764,-0.07199721366481725,-0.9319425976498362,0.20968574068950463,0.009765625,-0.033203125,0.025390625,0.010050296783447266,0.012368202209472656,-0.0022363662719726562
560,291000000,imu1_frame,0.28573168801087645,-0.07476655181137416,-0.931929696299719,0.21041484346738917,0.033203125,-0.041015625,0.013671875,-0.024326801300048828,-0.037214040756225586,-0.007746696472167969
560,315000000,imu1_frame,0.2862244947378194,-0.07317562075380223,-0.9320632347281973,0.2097116916325482,0.033203125,-0.041015625,0.013671875,0.03199434280395508,-0.045571327209472656,-0.08496761322021484
560,341000000,imu1_frame,0.2873700155337928,-0.07171142506685735,-0.9319855586014459,0.2089948904766304,0.046875,-0.015625,0.01953125,0.0594325065612793,-0.019454002380371094,-0.07627201080322266
560,366000000,imu1_frame,0.28894225805226514,-0.07381054092377769,-0.9312871323563655,0.20920959028604558,0.046875,-0.015625,0.01953125,-0.002902984619140625,-0.02524852752685547,0.0294342041015625
560,390000000,imu1_frame,0.2877634657044926,-0.07272012076472567,-0.931811840501425,0.20887954840780795,0.052734375,-0.01953125,0.01953125,-0.01642465591430664,0.0005037784576416016,0.013042449951171875
560,416000000,imu1_frame,0.2866257725168887,-0.07573228695678157,-0.9317458527757994,0.20966628979521407,0.052734375,-0.01953125,0.01953125,-0.011935234069824219,0.0241086483001709,0.044158935546875
560,441000000,imu1_frame,0.28809633631475723,-0.07473160693360253,-0.9315268546815498,0.20898183398141248,0.052734375,-0.01953125,0.01953125,-0.05943155288696289,0.04049253463745117,0.12804222106933594
560,466000000,imu1_frame,0.28591999622130143,-0.07570526529533052,-0.9319657297761984,0.20966245989707447,0.015625,-0.01953125,0.025390625,-0.10154533386230469,0.0271761417388916,0.10650157928466797
560,491000000,imu1_frame,0.28749098716146393,-0.07497651993096735,-0.9316032792797683,0.2093866848563928,0.009765625,-0.03515625,0.03125,-0.07163143157958984,0.03612518310546875,0.12194252014160156
560,516000000,imu1_frame,0.285812719730907,-0.07727219719332132,-0.9317017677017367,0.21040891816269955,0.009765625,-0.03515625,0.03125,0.004643440246582031,0.06952857971191406,0.07091808319091797
560,540000000,imu1_frame,0.2860960697292573,-0.07967692548572958,-0.9312403708226696,0.21116817511327338,0.009765625,-0.03515625,0.03125,-0.04294300079345703,0.0210573673248291,0.050202369689941406
560,565000000,imu1_frame,0.28774945519903006,-0.08017996083741129,-0.9307391592206106,0.21094085049151448,0.009765625,-0.046875,0.009765625,-0.017395973205566406,0.007145404815673828,0.07031726837158203
560,591000000,imu1_frame,0.2853400067675516,-0.07994303561947795,-0.9314806692051579,0.21103069561309695,0.02734375,-0.041015625,0.01171875,-0.05619478225708008,0.01969599723815918,0.042606353759765625
560,616000000,imu1_frame,0.2837563374744517,-0.07856494598888591,-0.9321571698690142,0.2106962288856596,0.02734375,-0.041015625,0.01171875,0.0030364990234375,-0.022076845169067383,-0.014439582824707031
560,641000000,imu1_frame,0.2837620788227961,-0.0767609486869286,-0.9324352428069856,0.2101222438256496,0.033203125,-0.029296875,0.021484375,0.012958526611328125,0.013545513153076172,-0.019858360290527344
560,665000000,imu1_frame,0.2821309451783029,-0.07905048676288212,-0.9325634168701709,0.21089955863107188,0.033203125,-0.029296875,0.021484375,0.008489608764648438,0.009184122085571289,0.008134841918945312
560,691000000,imu1_frame,0.2801343167876658,-0.08123905165641632,-0.9328176745414481,0.2116037974776417,0.03515625,-0.033203125,0.015625,-0.03664398193359375,-0.026746034622192383,-0.006947517395019531
560,716000000,imu1_frame,0.2813536906663553,-0.07999112148737497,-0.9326784365952543,0.21107452508970678,0.02734375,-0.033203125,0.025390625,-0.00922536849975586,-0.005885124206542969,0.0024890899658203125
560,740000000,imu1_frame,0.282790435062926,-0.08152991605793244,-0.932068262892657,0.2112609664201426,0.02734375,-0.033203125,0.025390625,-0.028223037719726562,-0.0008537769317626953,0.050528526306152344
560,766000000,imu1_frame,0.2819451154799558,-0.07984201336445088,-0.9325502270167125,0.21090822376091264,0.033203125,-0.029296875,0.02734375,-0.033392906188964844,0.034551382064819336,0.035892486572265625
560,790000000,imu1_frame,0.2828887150120643,-0.08218109519774174,-0.931962485390918,0.2113437208315068,0.037109375,-0.033203125,0.02734375,-0.02983379364013672,-0.013414621353149414,0.05370140075683594
560,816000000,imu1_frame,0.2830509170752346,-0.0851873328954382,-0.9314790348016744,0.21206627356081792,0.037109375,-0.033203125,0.02734375,-0.008011341094970703,0.006078243255615234,-0.004978179931640625
560,841000000,imu1_frame,0.2808817436482401,-0.08486645556002803,-0.932123389676437,0.2122477731895232,0.037109375,-0.033203125,0.02734375,-0.003829479217529297,-0.020242929458618164,0.04427909851074219
560,866000000,imu1_frame,0.2792145446465047,-0.08419596680155612,-0.932695750495699,0.21220017492797005,0.0625,-0.03515625,0.037109375,-0.02822589874267578,-0.0017898082733154297,0.02380847930908203
560,891000000,imu1_frame,0.2803988136092452,-0.0834095688396695,-0.9325230054461694,0.211707802090881,0.068359375,-0.0390625,0.04296875,-0.0035538673400878906,0.010636329650878906,0.03417491912841797
560,916000000,imu1_frame,0.2796608883952608,-0.08681300893606701,-0.9322270773068534,0.21261694503816397,0.068359375,-0.0390625,0.04296875,-0.034244537353515625,0.06046247482299805,0.07648468017578125
560,940000000,imu1_frame,0.2789911414048757,-0.08964156365451599,-0.9319396533177633,0.21358093467616734,0.02734375,-0.041015625,0.041015625,-0.06146240234375,0.006949901580810547,0.07892704010009766
560,966000000,imu1_frame,0.277555016133803,-0.08813308152122198,-0.9325243072214181,0.2135279592974936,0.02734375,-0.041015625,0.041015625,9.059906005859375e-05,-0.034529685974121094,-0.012241363525390625
560,990000000,imu1_frame,0.2773296498540518,-0.08675486481632205,-0.9328024929949882,0.21316980978756253,0.056640625,-0.0390625,0.04296875,0.0038366317749023438,-0.0069887638092041016,-0.019402503967285156
561,16000000,imu1_frame,0.2794147225224719,-0.08693168401495865,-0.9322289846600107,0.2128835721979945,0.068359375,-0.025390625,0.046875,0.038445472717285156,-0.016347885131835938,0.0038805007934570312
561,40000000,imu1_frame,0.2779845344762046,-0.08979029627445761,-0.9321662924081923,0.2138417746488212,0.068359375,-0.025390625,0.046875,0.07271242141723633,0.045680999755859375,-0.0018177032470703125
561,66000000,imu1_frame,0.2762654077953273,-0.0926152095645865,-0.932152889798134,0.2149205375341713,0.060546875,-0.021484375,0.048828125,0.027558326721191406,-0.0044100284576416016,-0.010369300842285156
561,90000000,imu1_frame,0.2740679529657499,-0.09405863096571546,-0.932500645917584,0.21559748714052188,0.060546875,-0.03125,0.041015625,-0.017913341522216797,-0.025753259658813477,-0.028736114501953125
561,116000000,imu1_frame,0.27534513573827313,-0.09666025658236613,-0.9317618505036279,0.2160132055425271,0.060546875,-0.03125,0.041015625,-0.04557514190673828,0.037825822830200195,-0.0053424835205078125
561,140000000,imu1_frame,0.2768606468562186,-0.09860621522937754,-0.9310608839014091,0.2162189330498623,0.060546875,-0.03125,0.041015625,-0.030379295349121094,-0.003777742385864258,0.04578685760498047
561,166000000,imu1_frame,0.2762245376477806,-0.09703956922480836,-0.9314795578917758,0.21593786151500902,0.041015625,-0.064453125,0.048828125,-0.03249502182006836,0.028116941452026367,0.032935142517089844
561,191000000,imu1_frame,0.27774326700024615,-0.09954696309246287,-0.9306725496520405,0.21632772614546641,0.07421875,-0.025390625,0.05078125,-0.020609378814697266,-0.02446579933166504,0.05900001525878906
561,215000000,imu1_frame,0.275629664255184,-0.10030768006384486,-0.9310938707999964,0.216865998398696,0.07421875,-0.025390625,0.05078125,0.013215065002441406,-0.03313159942626953,-0.02727508544921875
561,240000000,imu1_frame,0.275294345498891,-0.09888546582765115,-0.9314136795928802,0.21657157119907694,0.056640625,-0.025390625,0.04296875,0.01541757583618164,-0.004850149154663086,-0.036429405212402344
561,266000000,imu1_frame,0.2733904912153197,-0.10150256102400544,-0.9314588891174813,0.2175757507229194,0.056640625,-0.025390625,0.04296875,0.0069866180419921875,-0.014738321304321289,-0.007534980773925781
561,291000000,imu1_frame,0.27243262794573925,-0.10024128395940334,-0.9318746150213214,0.21758182391829609,0.044921875,-0.021484375,0.048828125,-0.00287628173828125,0.011446237564086914,-0.02272510528564453
561,316000000,imu1_frame,0.273837070828325,-0.10239257195300379,-0.9311689462676535,0.21783804386699668,0.044921875,-0.025390625,0.029296875,0.009212493896484375,-0.03363680839538574,0.0007734298706054688
561,341000000,imu1_frame,0.2753068672881822,-0.1014667861017152,-0.9309635370285195,0.21729591083475144,0.044921875,-0.025390625,0.029296875,-0.03823518753051758,-0.01972818374633789,0.012866020202636719
561,365000000,imu1_frame,0.2766080556061973,-0.10021048893924439,-0.9308808467378664,0.2165795250177388,0.046875,-0.01171875,0.013671875,-0.00825643539428711,0.001636505126953125,0.02195453643798828
561,390000000,imu1_frame,0.2753926782191365,-0.09913388249293872,-0.9313841129469236,0.2164601124346931,0.029296875,0.001953125,0.01171875,-0.022831439971923828,0.026012897491455078,0.0046596527099609375
561,416000000,imu1_frame,0.2744158654382964,-0.10176507187024317,-0.931204287305971,0.21725187742796068,0.029296875,0.001953125,0.01171875,0.02380657196044922,0.056497812271118164,0.03573322296142578
561,440000000,imu1_frame,0.27392460705983407,-0.10434628736258555,-0.9308996560371822,0.21795181199204527,0.029296875,0.001953125,0.01171875,0.0008368492126464844,0.04754042625427246,0.03695869445800781
561,466000000,imu1_frame,0.2731232980689469,-0.1073980993517549,-0.9306226945182329,0.21865660921910318,0.052734375,-0.0078125,0.013671875,-0.02969980239868164,-0.007761716842651367,0.041022300720214844
561,491000000,imu1_frame,0.2731161013703724,-0.10572555366087044,-0.9309730342172592,0.2179883300446629,0.044921875,-0.03125,0.013671875,-0.019418716430664062,0.025530338287353516,0.033982276916503906
561,515000000,imu1_frame,0.274870965748114,-0.1055988714619669,-0.9306045209117534,0.21741677992570888,0.044921875,-0.03125,0.013671875,-0.06590604782104492,0.02421426773071289,0.09130573272705078
561,541000000,imu1_frame,0.2760621748872747,-0.1038956076892912,-0.9305466035845256,0.21697556741874116,0.005859375,-0.025390625,0.03125,-0.03639507293701172,0.05262017250061035,0.09716606140136719
561,566000000,imu1_frame,0.2736427317368115,-0.1041439159799656,-0.931076695450799,0.21764624352465442,0.005859375,-0.025390625,0.03125,0.03723335266113281,-0.024448633193969727,-0.03327751159667969
561,591000000,imu1_frame,0.27143826592582304,-0.1042801724223507,-0.9316009206122284,0.2180977719858583,0.048828125,-0.03125,0.04296875,-0.0016045570373535156,-0.021015644073486328,-0.056209564208984375
561,615000000,imu1_frame,0.2735648048283294,-0.10460058510299931,-0.9310034974284932,0.21783824946795263,0.07421875,-0.00390625,0.044921875,0.033036231994628906,-0.03327012062072754,-0.03226757049560547
561,641000000,imu1_frame,0.27418583241408184,-0.10799485854483132,-0.9302516508371013,0.21861176991673326,0.07421875,-0.00390625,0.044921875,0.024225234985351562,0.01694202423095703,-0.054480552673339844
561,666000000,imu1_frame,0.27487773731353016,-0.1112799585116132,-0.9295089107675951,0.21925370046292614,0.080078125,-0.01171875,0.04296875,0.017382144927978516,-0.04758405685424805,-0.0329742431640625
561,691000000,imu1_frame,0.27454503623045434,-0.11007072999540927,-0.9298472868830768,0.21884579172485166,0.076171875,-0.01953125,0.03515625,0.019251346588134766,-0.022753000259399414,-0.041764259338378906
561,716000000,imu1_frame,0.27357073958902084,-0.11333576727494646,-0.9295442848134676,0.2196849491147139,0.076171875,-0.01953125,0.03515625,-0.054981231689453125,-0.007517099380493164,0.07142448425292969
561,741000000,imu1_frame,0.2748616753340976,-0.11243920104316178,-0.9294181913874198,0.21906690991440494,0.076171875,-0.01953125,0.03515625,-0.027002334594726562,0.006833791732788086,0.05395984649658203
561,766000000,imu1_frame,0.2739791282881769,-0.11135521048510527,-0.9299098217819126,0.21863937823228527,0.068359375,-0.02734375,0.01953125,-0.03479909896850586,0.03150343894958496,0.03976249694824219
561,790000000,imu1_frame,0.27548226981879653,-0.11383362283191927,-0.9291573464862468,0.21867338841084608,0.0859375,-0.0234375,0.025390625,-0.02225017547607422,-0.018441200256347656,0.06679534912109375
561,815000000,imu1_frame,0.275570680381717,-0.11729690838764395,-0.9285772995741123,0.21919496826411752,0.0859375,-0.0234375,0.025390625,-0.00069427490234375,0.033979177474975586,0.0013675689697265625
561,841000000,imu1_frame,0.27591269776731475,-0.12106423441701364,-0.9278741366378417,0.21969347034986014,0.1015625,-0.01953125,0.029296875,-0.015601158142089844,-0.036890506744384766,0.022606849670410156
561,866000000,imu1_frame,0.2774805973233459,-0.12381795169078483,-0.9270378653213097,0.21971442649195105,0.1015625,-0.01953125,0.029296875,-0.0035915374755859375,-0.017427682876586914,-0.025382041931152344
561,891000000,imu1_frame,0.2794139699689296,-0.12357270687000413,-0.9266664817281989,0.21896769429416646,0.09375,-0.009765625,0.02734375,0.032291412353515625,-0.016326904296875,-0.0055141448974609375
561,916000000,imu1_frame,0.2772300705831017,-0.12430923035777,-0.9271356256939063,0.21934045404693606,0.076171875,-0.029296875,0.033203125,-0.008738994598388672,-0.0235137939453125,-0.02569103240966797
561,941000000,imu1_frame,0.2754297347765586,-0.12707198740476114,-0.9271047178668719,0.22015452147731798,0.076171875,-0.029296875,0.033203125,0.018799304962158203,0.08609414100646973,0.12467765808105469
561,965000000,imu1_frame,0.273441988725601,-0.12894236237712928,-0.9271890263523915,0.22118737621776222,0.02734375,-0.0234375,0.04296875,-0.027420997619628906,0.05501699447631836,0.11271286010742188
561,990000000,imu1_frame,0.2710813083223212,-0.13039362642363625,-0.9274471094103134,0.22215824475541263,0.015625,-0.033203125,0.037109375,-0.07758092880249023,0.03311324119567871,0.09494590759277344
562,16000000,imu1_frame,0.2720276659371825,-0.12874083564090386,-0.927506671571325,0.22171630610745027,0.015625,-0.033203125,0.037109375,-0.08700084686279297,-0.05599856376647949,0.018485069274902344
562,41000000,imu1_frame,0.2730650267833359,-0.12725276899561092,-0.9275088164844085,0.2212908025076001,0.015625,-0.033203125,0.037109375,-0.02552032470703125,-0.031248807907104492,-0.016971588134765625
562,66000000,imu1_frame,0.2743003463243274,-0.1258044365728368,-0.9274645080880166,0.2207762441523059,0.01953125,-0.0234375,0.029296875,0.004168987274169922,-0.0074656009674072266,-0.010918617248535156
562,90000000,imu1_frame,0.27486057475042935,-0.1242790924422923,-0.9276159972723824,0.22030645300114862,0.025390625,-0.021484375,0.025390625,0.02289295196533203,0.019902706146240234,-0.012349128723144531
562,115000000,imu1_frame,0.2758290024691874,-0.12652295513474057,-0.9269311032423098,0.22070123031560093,0.025390625,-0.021484375,0.025390625,0.026070117950439453,-0.025348663330078125,-0.06906890869140625
562,141000000,imu1_frame,0.27817510907261095,-0.12700664628206504,-0.9262837129097714,0.22019628446164055,0.02734375,0.0,0.0,0.06422567367553711,-0.039881229400634766,-0.04126596450805664
562,166000000,imu1_frame,0.2761386982992087,-0.1276050540600156,-0.9267173484977141,0.22058858871964662,0.02734375,0.0,0.0,0.10431957244873047,-0.006130218505859375,0.060762882232666016
562,190000000,imu1_frame,0.27417484248040225,-0.12797166062638554,-0.927152323356905,0.22099769030753483,0.017578125,0.001953125,0.001953125,0.06847238540649414,-0.007584095001220703,0.04146862030029297
562,216000000,imu1_frame,0.2719667555916867,-0.12821025092906663,-0.9276677741583261,0.22142428999044889,0.01171875,-0.00390625,0.001953125,0.029096603393554688,-0.005930662155151367,0.01909160614013672
562,241000000,imu1_frame,0.274078897217983,-0.12780254045285194,-0.9272408730966009,0.22084300308731755,0.01171875,-0.00390625,0.001953125,-0.009852886199951172,-0.003455638885498047,-0.0033941268920898438
562,265000000,imu1_frame,0.2760968468032065,-0.12701415014143147,-0.9269086967824972,0.22017766616564247,0.0234375,0.0,0.005859375,0.029996871948242188,0.006528615951538086,0.014384269714355469
562,291000000,imu1_frame,0.27404033630161606,-0.12818637651252712,-0.9272063245889516,0.22081344750384557,0.03125,0.0,0.01171875,-0.01226806640625,-0.010042190551757812,-0.0018663406372070312
562,316000000,imu1_frame,0.27297831390707883,-0.13068786472682478,-0.9269860759474157,0.22158595882682536,0.03125,0.0,0.01171875,-0.0064220428466796875,0.023787736892700195,0.03849029541015625
562,341000000,imu1_frame,0.2710786035845427,-0.13051617042817923,-0.9275005381034698,0.22186633758457086,0.03125,0.0,0.01171875,0.0009989738464355469,-0.006755352020263672,0.02132701873779297
562,365000000,imu1_frame,0.26955543435734175,-0.12950938265321282,-0.9280842335069398,0.22187123096301664,0.01953125,-0.009765625,0.009765625,-0.019186973571777344,0.016600370407104492,0.0001125335693359375
562,391000000,imu1_frame,0.271360483889546,-0.1308829099462308,-0.9273839962035122,0.22179286564910672,0.01953125,-0.009765625,0.009765625,-0.03503751754760742,0.02517533302307129,-0.01680469512939453
562,415000000,imu1_frame,0.2731952068183895,-0.13005953213809535,-0.9271093170364425,0.22117235662645207,0.01953125,-0.009765625,0.009765625,0.0019197463989257812,-0.002917766571044922,0.0024385452270507812
562,440000000,imu1_frame,0.271944257024506,-0.12904345460662942,-0.9275880213198038,0.22130198959473335,0.009765625,0.009765625,0.013671875,-0.01408529281616211,0.01896357536315918,-0.016016006469726562
562,466000000,imu1_frame,0.27381677812560523,-0.13052009460580652,-0.9267994367293839,0.2214309847313629,0.009765625,0.009765625,0.013671875,0.008858680725097656,-0.014532327651977539,0.011424064636230469
562,490000000,imu1_frame,0.27235347771745017,-0.12922824106795824,-0.9273734969151409,0.22158980595928915,-0.00390625,0.001953125,0.015625,-0.009342670440673828,0.012859344482421875,-0.010732650756835938
562,515000000,imu1_frame,0.2741523069545605,-0.1305597943073021,-0.9266410123972388,0.22165533344665497,0.001953125,0.009765625,0.005859375,0.013346195220947266,-0.01750349998474121,0.015221595764160156
562,541000000,imu1_frame,0.2729414243664615,-0.12882947168793596,-0.9272615451881433,0.22156708443428852,0.001953125,0.009765625,0.005859375,0.002501964569091797,-0.021117210388183594,0.03258514404296875
562,566000000,imu1_frame,0.27172946001919374,-0.12736182754720513,-0.9278568890802296,0.22141286960759976,0.013671875,0.005859375,0.001953125,-0.009563922882080078,0.010071516036987305,0.012331962585449219
562,591000000,imu1_frame,0.27329328767366257,-0.1292667430669673,-0.9271285575767577,0.221435150269825,0.013671875,0.0,-0.005859375,0.006565570831298828,-0.029491662979125977,0.03853034973144531
562,616000000,imu1_frame,0.2714711932204738,-0.13072651793686338,-0.9273198595808898,0.22201767223902205,0.013671875,0.0,-0.005859375,0.044909000396728516,0.026459693908691406,0.026559829711914062
562,640000000,imu1_frame,0.27000196009304644,-0.12962680655528577,-0.9279293038003675,0.22190772793383445,0.013671875,0.0,-0.005859375,-0.012506484985351562,0.012734413146972656,0.0054168701171875
562,666000000,imu1_frame,0.27202813468386794,-0.13105686966107552,-0.9272206969499339,0.22155489162447767,0.017578125,0.0078125,-0.021484375,0.0151214599609375,-0.018256425857543945,0.034149169921875
562,691000000,imu1_frame,0.2704986252692338,-0.13007702258092724,-0.927847379969236,0.2213813483746082,0.017578125,0.009765625,-0.017578125,-0.004544734954833984,0.00540471076965332,0.012949943542480469
562,716000000,imu1_frame,0.2728320025086667,-0.12990208375343887,-0.9273659306299578,0.22063675521195045,0.017578125,0.009765625,-0.017578125,-0.04032754898071289,0.0037200450897216797,-0.0061492919921875
562,741000000,imu1_frame,0.27529914724207816,-0.12952224984470107,-0.9268695273561199,0.2198800709059243,0.01171875,0.021484375,-0.01953125,0.005280017852783203,0.005291938781738281,0.018359661102294922
562,765000000,imu1_frame,0.2757875585615942,-0.1273218261557715,-0.9272216016429716,0.21906728777623796,0.01171875,0.021484375,-0.01953125,0.02754688262939453,0.007470607757568359,-0.026473045349121094
562,791000000,imu1_frame,0.2755196562249649,-0.1297200508371971,-0.9268422965796992,0.21960187775914203,0.0234375,0.044921875,-0.017578125,0.00901174545288086,-0.03675651550292969,-0.01731586456298828
562,815000000,imu1_frame,0.2758838545508965,-0.12794877852830955,-0.9271695760990535,0.21880079073795602,0.048828125,0.041015625,-0.01953125,0.026998519897460938,-0.0027418136596679688,-0.022304058074951172
562,841000000,imu1_frame,0.2746604820179564,-0.12980994905359225,-0.9271806026030849,0.21919654856075643,0.048828125,0.041015625,-0.01953125,0.034981727600097656,0.005671262741088867,0.016875267028808594
562,866000000,imu1_frame,0.2730963815562529,-0.13062256137206568,-0.9274713180779474,0.2194380709545116,0.03125,0.033203125,-0.0234375,0.004096508026123047,-0.004393339157104492,0.004268646240234375
562,890000000,imu1_frame,0.2719264062553281,-0.1297261018207568,-0.927992421066205,0.2192196034371384,0.01953125,0.025390625,-0.0234375,-0.009936809539794922,0.016710519790649414,-0.012754440307617188
562,916000000,imu1_frame,0.27360218820616905,-0.13163931447208949,-0.9272562289659815,0.21910914937058576,0.01953125,0.025390625,-0.0234375,-0.06567192077636719,0.09064197540283203,0.08908271789550781
562,940000000,imu1_frame,0.27433931136780426,-0.1338876403698692,-0.9266738254292772,0.2192889948417317,0.01953125,0.025390625,-0.0234375,-0.030365467071533203,0.008219718933105469,0.07349681854248047
562,965000000,imu1_frame,0.2733263386514028,-0.13196994211004706,-0.9273716876317526,0.21876562791701187,-0.001953125,0.0,-0.025390625,-0.03537130355834961,0.04825901985168457,0.052704811096191406
562,990000000,imu1_frame,0.2750397466561273,-0.13308889942021138,-0.9267805637765469,0.21844511717242854,-0.001953125,0.0,-0.025390625,-0.046657562255859375,0.06302118301391602,-0.04034423828125
563,16000000,imu1_frame,0.2767680023568378,-0.13432896515006626,-0.926158483690486,0.21814138782280054,-0.001953125,0.0,-0.025390625,-0.023211956024169922,0.0364534854888916,-0.015221118927001953
563,41000000,imu1_frame,0.27896839394332845,-0.13636253840981505,-0.9251018691590706,0.21855988876622678,0.05078125,0.052734375,0.0390625,0.00107574462890625,-0.009211301803588867,0.01944255828857422
563,66000000,imu1_frame,0.2801806583991297,-0.13464988613493992,-0.9250630415180104,0.2182351393344467,0.05078125,0.052734375,0.0390625,-0.008066177368164062,-0.09485340118408203,-0.015426158905029297
563,91000000,imu1_frame,0.28094159001835906,-0.13279585074209535,-0.925136669610453,0.2180807822017311,0.0390625,0.0546875,0.04296875,0.014413833618164062,-0.06392288208007812,-0.0167694091796875
563,116000000,imu1_frame,0.28092427225132577,-0.13089970672788084,-0.925510437061012,0.21766315933054012,0.029296875,0.033203125,0.0078125,0.025311946868896484,-0.028227806091308594,-0.026731014251708984
563,140000000,imu1_frame,0.2801641924721393,-0.12954634370586526,-0.9259626418303767,0.21752920728809108,0.029296875,0.033203125,0.0078125,-0.0189208984375,-0.0009262561798095703,0.07132625579833984
563,166000000,imu1_frame,0.2788363848541655,-0.12799618764859172,-0.9266587392645138,0.21718846049822194,0.0078125,0.005859375,-0.017578125,-0.03171253204345703,0.03289008140563965,0.04901552200317383
563,191000000,imu1_frame,0.27960232421529035,-0.13014136793213124,-0.926083866891204,0.2173808550217703,0.0078125,0.005859375,-0.017578125,-0.030632972717285156,0.10451745986938477,0.03302145004272461
563,215000000,imu1_frame,0.2804734449808411,-0.13212557386062465,-0.9255069485169406,0.21751866043960663,0.0078125,0.005859375,-0.017578125,-0.026813983917236328,0.10469460487365723,0.009762287139892578
563,241000000,imu1_frame,0.27933464628510085,-0.13425594902184546,-0.9254116194252408,0.21808445650659,0.0078125,0.005859375,-0.017578125,-0.019386768341064453,0.02906966209411621,0.05137443542480469
563,265000000,imu1_frame,0.277725376982705,-0.13543429258227233,-0.9256576183358718,0.21836698694929882,-0.02734375,-0.01171875,-0.044921875,-0.05292177200317383,0.012420415878295898,0.04006767272949219
563,291000000,imu1_frame,0.2793389169070814,-0.13328231573048177,-0.9257784797867419,0.21711701955039803,-0.02734375,-0.01171875,-0.044921875,-0.04971599578857422,0.05100536346435547,0.08538436889648438
563,316000000,imu1_frame,0.278536743987508,-0.13512150063383221,-0.9256900248922421,0.2173877644447793,-0.02734375,-0.01171875,-0.044921875,-0.034163475036621094,0.019879817962646484,0.047226905822753906
563,341000000,imu1_frame,0.2802822880636029,-0.13311423902629743,-0.9257530408308163,0.21611049432819895,-0.052734375,-0.01953125,-0.060546875,0.009615421295166016,0.05562019348144531,0.05576801300048828
563,365000000,imu1_frame,0.278435602284324,-0.13124279755054027,-0.9266921559056152,0.21561677034655058,-0.052734375,-0.01953125,-0.060546875,-0.009480476379394531,0.0233154296875,0.02594470977783203
563,391000000,imu1_frame,0.2776739833762692,-0.13260113640994287,-0.9267263853765494,0.2156207416406464,-0.06640625,-0.01171875,-0.078125,-0.028856277465820312,0.0018341541290283203,0.024658679962158203
563,415000000,imu1_frame,0.27927716302417094,-0.12966634336252744,-0.9269394584230539,0.21441582504688753,-0.0859375,0.017578125,-0.0703125,0.016767024993896484,0.05428171157836914,0.027065277099609375
563,441000000,imu1_frame,0.2815300888232516,-0.12867445661891017,-0.9265917656901493,0.2135682398115692,-0.0859375,0.017578125,-0.0703125,0.0619349479675293,-0.009753227233886719,-0.07044601440429688
563,466000000,imu1_frame,0.2803816533129391,-0.12927010509335604,-0.9268164979214389,0.21374411710102073,-0.095703125,0.015625,-0.08203125,0.039473533630371094,-0.017308950424194336,-0.08004093170166016
563,490000000,imu1_frame,0.28140511924163647,-0.12990826676144854,-0.9265076725166645,0.21335072969031538,-0.083984375,0.013671875,-0.08984375,0.05462026596069336,-0.030175447463989258,-0.0655813217163086
563,515000000,imu1_frame,0.2811901844176816,-0.12634046722958267,-0.9273515814595169,0.2121066026598276,-0.083984375,0.013671875,-0.08984375,0.03429841995239258,-0.03806781768798828,-0.04673576354980469
563,540000000,imu1_frame,0.2811944139268565,-0.1227143257725003,-0.9281349486628645,0.21079946133022825,-0.083984375,0.013671875,-0.08984375,0.017784595489501953,-0.04126429557800293,-0.029187679290771484
563,566000000,imu1_frame,0.2815601190668936,-0.11963234048130077,-0.9286568390170576,0.20978197684465097,-0.033203125,0.060546875,-0.05859375,0.04237699508666992,0.017518281936645508,-0.039762020111083984
563,591000000,imu1_frame,0.2812942408604145,-0.11694550776686921,-0.9292591320632634,0.20898508020656117,-0.033203125,0.060546875,-0.05859375,0.01464223861694336,-0.0077402591705322266,0.026920318603515625
563,616000000,imu1_frame,0.2816185368911322,-0.11853478921914869,-0.9289133290098398,0.20919017809621784,-0.033203125,0.060546875,-0.05859375,-0.023527145385742188,0.0398867130279541,0.07294750213623047
563,641000000,imu1_frame,0.28012526430928597,-0.11896335148713752,-0.9291465447712723,0.20991487712452997,-0.0859375,0.02734375,-0.029296875,-0.05277729034423828,0.033683061599731445,0.05854940414428711
563,666000000,imu1_frame,0.2810678756519513,-0.11989459824379417,-0.9286525613998745,0.21031061502908177,-0.0859375,0.02734375,-0.029296875,-0.008003711700439453,0.011913776397705078,0.03416013717651367
563,691000000,imu1_frame,0.2790865996108333,-0.11877926602545925,-0.9291948456142685,0.21118497760018634,-0.109375,0.025390625,0.001953125,-0.038401126861572266,0.03423643112182617,0.0072841644287109375
563,716000000,imu1_frame,0.28109875154019737,-0.11855546374830796,-0.9285736570499392,0.211374211603184,-0.099609375,0.0390625,-0.013671875,-0.0048465728759765625,0.030442237854003906,0.02825307846069336
563,741000000,imu1_frame,0.28138900945596634,-0.11491774837464215,-0.9290278446304733,0.21100094873518876,-0.099609375,0.0390625,-0.013671875,0.018834590911865234,-0.13419771194458008,-0.0632638931274414
563,766000000,imu1_frame,0.28162446082390974,-0.11101980573669741,-0.9294726848977503,0.21081459586279921,-0.123046875,0.044921875,-0.005859375,0.04204130172729492,-0.06432294845581055,-0.07788753509521484
563,790000000,imu1_frame,0.28387157318710177,-0.1091809502867442,-0.9290171766805247,0.21076891484113572,-0.123046875,0.044921875,-0.005859375,0.05281686782836914,0.0001430511474609375,-0.06097888946533203
563,816000000,imu1_frame,0.28239595432822356,-0.10619906965678669,-0.92972401413875,0.21115761913038844,-0.123046875,0.044921875,-0.005859375,0.11567926406860352,-0.06046772003173828,-0.125
563,840000000,imu1_frame,0.28334205818107655,-0.10253164267147162,-0.9299145904036564,0.21086345077134935,-0.123046875,0.044921875,-0.005859375,0.07540702819824219,-0.03551816940307617,-0.12951183319091797
563,866000000,imu1_frame,0.28466240285111427,-0.10450234387182625,-0.9290998634796438,0.21170739290452703,-0.01953125,0.076171875,0.009765625,0.08500957489013672,-0.0798025131225586,-0.10688495635986328
563,891000000,imu1_frame,0.2848955566882033,-0.10641487350645543,-0.9285829948297696,0.2127064131353357,-0.01953125,0.076171875,0.009765625,0.03732156753540039,0.07140898704528809,0.02078866958618164
563,916000000,imu1_frame,0.2838900960673984,-0.10513223537382667,-0.9289525119149316,0.21307476867776826,-0.01953125,0.076171875,0.009765625,-0.013326644897460938,0.021823883056640625,0.04338264465332031
563,941000000,imu1_frame,0.28272609737400944,-0.10507372534977893,-0.9289810131248384,0.2145221278990355,-0.119140625,0.07421875,0.021484375,-0.03704404830932617,0.019683122634887695,0.03024578094482422
563,966000000,imu1_frame,0.2843607986712623,-0.10146758227086126,-0.9288791816673041,0.21453841565609502,-0.119140625,0.07421875,0.021484375,-0.07099056243896484,-0.03874492645263672,0.029890060424804688
563,991000000,imu1_frame,0.2859942153450737,-0.09836541215952138,-0.9287406345796723,0.21441172579966483,-0.0859375,0.056640625,0.021484375,-0.02885580062866211,0.011706829071044922,0.03598308563232422
564,16000000,imu1_frame,0.28849836648372434,-0.09622925772555863,-0.9282572945043209,0.21411916703865855,-0.06640625,0.05859375,0.005859375,0.023378849029541016,0.04255318641662598,0.05597686767578125
564,40000000,imu1_frame,0.28697887957093365,-0.09569919244955626,-0.9286009560081188,0.21490707700195083,-0.06640625,0.05859375,0.005859375,0.0375828742980957,0.01828742027282715,0.036910057067871094
564,65000000,imu1_frame,0.2855533623327295,-0.09565192139382275,-0.9288277080120346,0.2158450277936775,-0.064453125,0.064453125,0.005859375,0.011415481567382812,0.019475698471069336,0.02077960968017578
564,91000000,imu1_frame,0.285415531544503,-0.09256754391368767,-0.9291981327360974,0.21577778914129783,-0.064453125,0.064453125,0.005859375,0.02411508560180664,0.03670001029968262,-0.027263641357421875
564,116000000,imu1_frame,0.2880957345676651,-0.09157163371811206,-0.9284687738031291,0.21578048960605198,-0.064453125,0.064453125,0.005859375,-0.0013957023620605469,0.005748271942138672,-0.043792724609375
564,141000000,imu1_frame,0.29044305560627975,-0.09178129059590552,-0.927626414627676,0.21616720618919097,-0.064453125,0.064453125,0.005859375,-0.004218101501464844,0.03042149543762207,-0.01258993148803711
564,165000000,imu1_frame,0.2920480692659135,-0.09283352650004326,-0.9268152519814872,0.21703306266583114,-0.06640625,0.076171875,0.015625,0.014248371124267578,0.0010821819305419922,0.009486198425292969
564,190000000,imu1_frame,0.29138208307809094,-0.09026927645650897,-0.9272125464855374,0.21731275394899371,-0.06640625,0.076171875,0.015625,0.01488351821899414,-0.03008723258972168,0.06695127487182617
564,216000000,imu1_frame,0.2937539807286779,-0.09076295825757832,-0.9262607838752888,0.2179716597843036,-0.06640625,0.076171875,0.015625,0.010013103485107422,0.02695775032043457,-0.021384239196777344
564,240000000,imu1_frame,0.29502246931233306,-0.09221064870030025,-0.9254550279331812,0.21907060537716577,-0.052734375,0.083984375,0.02734375,0.02020263671875,-0.009553670883178711,-0.0016002655029296875
564,265000000,imu1_frame,0.2937566749681108,-0.09147853343111656,-0.9257044157900237,0.2200227906827439,-0.052734375,0.083984375,0.02734375,0.039282798767089844,0.003166675567626953,0.024190425872802734
564,291000000,imu1_frame,0.2924418056028844,-0.09106704147192834,-0.9258703514345943,0.22124347815846623,-0.0625,0.0859375,0.033203125,0.016035079956054688,0.008994340896606445,0.007655620574951172
564,316000000,imu1_frame,0.29152669147050864,-0.09157529136977108,-0.9257807900501904,0.22261195597911113,-0.056640625,0.091796875,0.03515625,-0.005692481994628906,-0.003879547119140625,-0.0009789466857910156
564,340000000,imu1_frame,0.2938204421895682,-0.08914305190526921,-0.9252969046911856,0.22259537779893834,-0.056640625,0.091796875,0.03515625,-0.0345158576965332,-0.04700922966003418,-0.026309490203857422
564,366000000,imu1_frame,0.29619535235788363,-0.08672347951841433,-0.9248505191009431,0.22225856262588578,-0.0234375,0.0859375,0.021484375,0.016956329345703125,-0.010874271392822266,-0.007236480712890625
564,391000000,imu1_frame,0.2966901691107947,-0.08863653443414807,-0.9242324520537706,0.22341191303774935,-0.0234375,0.0859375,0.021484375,0.012019157409667969,-0.014171361923217773,0.0050601959228515625
564,416000000,imu1_frame,0.2997150012930141,-0.08804108800022557,-0.9233046449510004,0.22344622940558317,-0.0234375,0.0859375,0.021484375,-0.010479927062988281,0.02385401725769043,0.0812234878540039
564,441000000,imu1_frame,0.2998222086964811,-0.08984844318121239,-0.9228049340943787,0.22464406077469692,-0.0234375,0.0859375,0.021484375,-0.021434307098388672,0.09788370132446289,0.12393474578857422
564,466000000,imu1_frame,0.29924669828355754,-0.09158535947411033,-0.9222838325967291,0.22683929912401846,-0.0390625,0.07421875,0.103515625,-0.04641151428222656,0.05716681480407715,0.12335872650146484
564,490000000,imu1_frame,0.3013936781131943,-0.09260758097560415,-0.9211199126505257,0.22830635833882318,-0.0390625,0.07421875,0.103515625,-0.06085968017578125,0.06177234649658203,0.03894758224487305
564,516000000,imu1_frame,0.3031880223967666,-0.09431947358197003,-0.9198959399640405,0.23015716286058108,-0.0390625,0.07421875,0.103515625,-0.04685211181640625,0.014226198196411133,0.10156583786010742
564,541000000,imu1_frame,0.3022095491627964,-0.0919210918044382,-0.9200683776596941,0.23171983451348732,-0.099609375,0.076171875,0.109375,-0.05538320541381836,0.05217576026916504,0.08128070831298828
564,565000000,imu1_frame,0.30222730538266124,-0.08885743134367437,-0.9200825283394598,0.23283288818508246,-0.099609375,0.076171875,0.109375,-0.00399017333984375,-0.16892743110656738,0.03159523010253906
564,591000000,imu1_frame,0.30213556567235167,-0.08637625904410334,-0.9201456393700295,0.23363485223252445,-0.033203125,0.056640625,0.09765625,0.004673480987548828,-0.12873029708862305,0.022014141082763672
564,616000000,imu1_frame,0.30194474174656133,-0.08351744638692607,-0.9203035249204483,0.23429816708546222,-0.068359375,0.0625,0.07421875,0.01414632797241211,-0.0806119441986084,0.010265827178955078
564,640000000,imu1_frame,0.3018927111777176,-0.08071690655993843,-0.9204187794087483,0.23489325755515306,-0.068359375,0.0625,0.07421875,0.060932159423828125,-0.06884217262268066,-0.07746458053588867
564,665000000,imu1_frame,0.3016767058025467,-0.07844880928053546,-0.920598799213227,0.23523350183542033,-0.021484375,0.068359375,0.0546875,0.06800603866577148,-0.029329776763916016,-0.087066650390625
564,690000000,imu1_frame,0.304108358498694,-0.07678876813056282,-0.9199157544385993,0.23532232387914945,-0.021484375,0.068359375,0.0546875,0.04093456268310547,-0.010114192962646484,-0.024265766143798828
564,716000000,imu1_frame,0.3062624430008061,-0.07822554384770922,-0.9188064478693113,0.23638695321588074,-0.021484375,0.068359375,0.0546875,0.025719165802001953,0.02368903160095215,-0.06843423843383789
564,741000000,imu1_frame,0.30518723468151754,-0.07935703502909658,-0.9186910942970609,0.23784424743539223,-0.021484375,0.068359375,0.0546875,0.037352561950683594,-0.00021219253540039062,-0.003558635711669922
564,765000000,imu1_frame,0.3040350981453888,-0.07985437846438309,-0.9187286870038248,0.23900530749759272,-0.01953125,0.07421875,0.044921875,0.012766838073730469,-0.01074838638305664,-0.015729427337646484
564,790000000,imu1_frame,0.306832175716568,-0.07905196011061573,-0.9178214361723371,0.2391832244331851,-0.01953125,0.07421875,0.044921875,-0.017160415649414062,-0.009033918380737305,-0.0239105224609375
564,815000000,imu1_frame,0.306799450678394,-0.07669732843794495,-0.9179845079626525,0.23936595416743062,-0.01953125,0.07421875,0.044921875,0.03308820724487305,-0.007073163986206055,-0.0275421142578125
564,841000000,imu1_frame,0.3057938348121115,-0.07755637473771945,-0.9180447715285239,0.2401435753826989,-0.005859375,0.07421875,0.00390625,0.010213851928710938,-0.022527456283569336,-0.03699064254760742
564,866000000,imu1_frame,0.3085167417706176,-0.0761518346830811,-0.9173805050744993,0.23964834034664004,-0.005859375,0.07421875,0.00390625,0.023276329040527344,-0.006094694137573242,-0.008537769317626953
564,891000000,imu1_frame,0.310045495400086,-0.07804240126135809,-0.9165324759745441,0.24031103776449392,-0.005859375,0.07421875,0.00390625,0.035691261291503906,-0.010821819305419922,-0.023415088653564453
564,916000000,imu1_frame,0.30915076158252386,-0.0782893391154466,-0.9166820407182625,0.24081242122949884,0.005859375,0.091796875,-0.001953125,0.018697261810302734,-0.01433420181274414,-0.03346729278564453
564,940000000,imu1_frame,0.3119236459269277,-0.07902950161870168,-0.9156689572604771,0.24084920115097483,0.005859375,0.091796875,-0.001953125,0.019527435302734375,-0.00020503997802734375,-0.0014624595642089844
564,966000000,imu1_frame,0.31099664392688575,-0.07966442651120531,-0.9157269739050421,0.24161700245961376,0.005859375,0.087890625,0.01171875,-0.0008234977722167969,-0.012003660202026367,-0.010751724243164062
564,991000000,imu1_frame,0.31393558328531945,-0.08021520291543245,-0.9146524280609833,0.24170417168656783,0.005859375,0.087890625,0.01171875,0.0033130645751953125,0.004511833190917969,0.030747413635253906
565,16000000,imu1_frame,0.3157033786507165,-0.08218479859704152,-0.9136816721701098,0.24241047322365872,0.005859375,0.087890625,0.01171875,-0.016651630401611328,0.03235650062561035,0.05485677719116211
565,40000000,imu1_frame,0.3173729598502714,-0.07988725433930363,-0.9134588981139394,0.24183728497994889,0.005859375,0.087890625,0.01171875,0.023597240447998047,0.034209489822387695,0.029189109802246094
565,66000000,imu1_frame,0.3169112302535279,-0.0814083987701351,-0.913142867049508,0.24312558299258188,-0.005859375,0.095703125,0.03125,0.004169940948486328,0.0017445087432861328,0.028265953063964844
565,91000000,imu1_frame,0.3196251957455883,-0.079673108176228,-0.9124192577722959,0.2428642174639684,-0.005859375,0.095703125,0.03125,0.017636775970458984,-0.01645636558532715,-0.009853839874267578
565,116000000,imu1_frame,0.31904974818060866,-0.07820092619955392,-0.9126494626682428,0.24323410866650608,-0.005859375,0.095703125,0.03125,0.015292167663574219,-0.029221773147583008,0.08391141891479492
565,141000000,imu1_frame,0.3183412161670325,-0.0774225534714837,-0.912856661463032,0.24363360590406527,0.025390625,0.08984375,0.03515625,0.007039070129394531,-0.014767169952392578,0.07271623611450195
565,165000000,imu1_frame,0.32045299608360306,-0.07937412194186742,-0.9117522598941049,0.24437152584741173,0.025390625,0.08984375,0.03515625,0.027298927307128906,-0.023457765579223633,-0.0004286766052246094
565,191000000,imu1_frame,0.3223212950401548,-0.0772001213360721,-0.9113983980264562,0.24393049031259406,0.025390625,0.08984375,0.03515625,0.030382156372070312,0.009660005569458008,0.0124969482421875
565,216000000,imu1_frame,0.3213019504593254,-0.07823283214221438,-0.9114049881568073,0.24491963614404513,0.009765625,0.072265625,0.029296875,0.005859851837158203,-0.010117769241333008,0.002823352813720703
565,241000000,imu1_frame,0.32268788317786473,-0.07594896815308066,-0.9112251536361989,0.2444851808747446,0.009765625,0.072265625,0.029296875,0.0019021034240722656,-0.01210331916809082,0.017281055450439453
565,266000000,imu1_frame,0.3220051108581312,-0.07467555149489087,-0.9115557065222135,0.2445454241996048,0.01953125,0.064453125,0.0234375,-0.0021457672119140625,0.012961149215698242,0.004940986633300781
565,291000000,imu1_frame,0.32293981737173083,-0.07714852883143292,-0.9107639970644213,0.24549321886010864,0.01953125,0.064453125,0.0234375,-0.0037813186645507812,-0.04033803939819336,0.0240478515625
565,316000000,imu1_frame,0.3249959116312287,-0.07534934666276141,-0.9103340339602727,0.24493280710043405,0.01953125,0.064453125,0.0234375,0.0004773139953613281,-0.053037166595458984,-0.033403873443603516
565,340000000,imu1_frame,0.3273178246184654,-0.07663570260925585,-0.9093030534673994,0.24527121259431425,0.01953125,0.064453125,0.0234375,-0.006647586822509766,0.029536008834838867,-0.03904867172241211
565,366000000,imu1_frame,0.3296620378714253,-0.07781242179382476,-0.9081852388900351,0.24590189032069026,-0.015625,0.0703125,0.025390625,0.021214008331298828,-0.0049817562103271484,-0.0053920745849609375
565,391000000,imu1_frame,0.32908062477980415,-0.07938983431557504,-0.9079241375610366,0.24713752656350493,-0.015625,0.0703125,0.025390625,0.034929752349853516,-0.002609729766845703,-0.011912822723388672
565,416000000,imu1_frame,0.32788826008436756,-0.07988997204680656,-0.9080378450909348,0.24814139748904918,-0.015625,0.0703125,0.025390625,0.0495905876159668,-0.01234579086303711,-0.021755695343017578
565,440000000,imu1_frame,0.32675976301985976,-0.08008884493539534,-0.9082689335939524,0.24871947743637537,-0.0078125,0.0703125,0.0,0.02916860580444336,-0.014456987380981445,-0.03557395935058594
565,466000000,imu1_frame,0.32948654366239566,-0.07862113668386958,-0.9075725464275146,0.24813183468273745,-0.0078125,0.0703125,0.0,-0.03221750259399414,-0.03191876411437988,-0.04423999786376953
565,491000000,imu1_frame,0.33169303195566796,-0.07652293923797078,-0.9071429337684361,0.2474180066940007,-0.0078125,0.0703125,0.0,0.05446434020996094,-0.00013589859008789062,-0.0220794677734375
565,515000000,imu1_frame,0.33098293703973164,-0.07770772776277207,-0.9070515956007538,0.24833285596679877,0.015625,0.0859375,0.021484375,0.034209251403808594,-0.023516178131103516,-0.02768564224243164
565,541000000,imu1_frame,0.3332055587769361,-0.07961293965022849,-0.9058874771337974,0.24900545016638176,0.015625,0.0859375,0.021484375,-0.022449016571044922,0.04266190528869629,0.042159080505371094
565,565000000,imu1_frame,0.3337568292309731,-0.08188759496307649,-0.905166704759528,0.2501480308290027,0.009765625,0.0703125,0.033203125,-0.030257701873779297,-0.00661778450012207,0.05654001235961914
565,590000000,imu1_frame,0.3335437642687881,-0.08006045018017029,-0.9054103546560731,0.2501419023592803,0.009765625,0.0703125,0.033203125,-0.02346038818359375,0.026391267776489258,0.047991275787353516
565,616000000,imu1_frame,0.3362116663496514,-0.08105222256213367,-0.9042236807591524,0.2505429858976287,0.009765625,0.0703125,0.033203125,-0.028668880462646484,0.03414487838745117,-0.027272701263427734
565,640000000,imu1_frame,0.3383466526312625,-0.08255755050537866,-0.9031191824801578,0.25116037853161266,0.009765625,0.0703125,0.033203125,-0.006595611572265625,-0.0052242279052734375,0.04476022720336914
565,666000000,imu1_frame,0.3372983198339076,-0.08154296031117891,-0.9033457448025952,0.25208541093835046,-0.0078125,0.068359375,0.0703125,-0.020023822784423828,0.011329889297485352,0.027693748474121094
565,690000000,imu1_frame,0.33723894095506457,-0.0795441215661187,-0.9034497374567363,0.2524305871267095,-0.0078125,0.068359375,0.0703125,-0.01109170913696289,-0.07269716262817383,0.05576515197753906
565,715000000,imu1_frame,0.33687469095671035,-0.07877226449931711,-0.9034194217199533,0.25326610787402176,-0.0078125,0.068359375,0.0703125,-0.015167713165283203,0.01538228988647461,0.00952911376953125
565,741000000,imu1_frame,0.3389075723547231,-0.08046328524430303,-0.9021667653530625,0.2544846648046094,-0.0078125,0.048828125,0.076171875,0.002051830291748047,-0.030595064163208008,0.041606903076171875
565,766000000,imu1_frame,0.3397626083679396,-0.07823353821605335,-0.9020081152496318,0.25460212779358,-0.0078125,0.048828125,0.076171875,-0.04719209671020508,-0.10936713218688965,0.010892391204833984
565,790000000,imu1_frame,0.3399868875414864,-0.07612461917372229,-0.9020401273148613,0.25482850580203364,-0.0078125,0.048828125,0.076171875,0.0023016929626464844,-0.03970193862915039,0.003608226776123047
565,816000000,imu1_frame,0.3399184449175234,-0.07390462783635464,-0.902236974100563,0.2548764393879559,-0.00390625,0.052734375,0.05078125,0.013402462005615234,-0.0008254051208496094,-0.00380706787109375
565,840000000,imu1_frame,0.3391414491997507,-0.07563459276914247,-0.9019886278216283,0.2562791468141622,-0.00390625,0.052734375,0.05078125,-0.01264333724975586,0.002668142318725586,0.02999734878540039
565,866000000,imu1_frame,0.33812189471776766,-0.07483474876568845,-0.9023354767841402,0.25663988783192176,0.021484375,0.05078125,0.0390625,-0.024824142456054688,0.018973350524902344,0.014156818389892578
565,891000000,imu1_frame,0.3406860341571945,-0.07533190654693611,-0.9012908595261955,0.25677405733597475,0.021484375,0.05078125,0.0390625,-0.024494647979736328,-0.001964092254638672,-0.09493112564086914
565,915000000,imu1_frame,0.3420269037158435,-0.07756031552170566,-0.9003374300839562,0.25767131501302964,0.021484375,0.05078125,0.0390625,0.015387535095214844,-0.013456106185913086,-0.003961086273193359
565,940000000,imu1_frame,0.3411132854804094,-0.07664693825742593,-0.9007535856416901,0.25770128303553586,0.021484375,0.056640625,0.009765625,0.00670623779296875,0.006360292434692383,-0.018886566162109375
565,966000000,imu1_frame,0.3431411057940267,-0.07863019141052732,-0.8997179659485999,0.2580291771534966,0.02734375,0.05078125,0.00390625,0.024893760681152344,-0.03934001922607422,0.014223098754882812
565,991000000,imu1_frame,0.34466551323843353,-0.07662141875115358,-0.8995653049852008,0.2571324643827193,0.02734375,0.05078125,0.00390625,0.02702045440673828,-0.005445241928100586,-0.006522178649902344
566,15000000,imu1_frame,0.34570180541157086,-0.07891971113955867,-0.898793372697459,0.25774486245889744,0.02734375,0.05078125,0.00390625,0.02751636505126953,0.02411794662475586,-0.01680612564086914
566,41000000,imu1_frame,0.3459180225864198,-0.0813742963362043,-0.8982129350117745,0.25871310156855676,0.015625,0.05078125,0.009765625,0.013503551483154297,-0.025730371475219727,-0.006183147430419922
566,66000000,imu1_frame,0.3454942747438074,-0.07957061736539572,-0.8986587449602661,0.2582918563907497,0.015625,0.046875,0.001953125,0.018885135650634766,0.010212898254394531,-0.017570018768310547
566,90000000,imu1_frame,0.34784821491364515,-0.07870928451439126,-0.8980064011672727,0.2576644550092744,0.015625,0.046875,0.001953125,0.021979331970214844,-0.020294666290283203,-0.03133201599121094
566,115000000,imu1_frame,0.3486898718370309,-0.0768159530916123,-0.898080641338753,0.25683816749361144,0.041015625,0.04296875,0.009765625,0.04809093475341797,0.014191150665283203,-0.025604248046875
566,141000000,imu1_frame,0.3494426612722054,-0.0795888489961639,-0.8973309155243981,0.25759011945843335,0.041015625,0.04296875,0.009765625,0.0019989013671875,0.11012554168701172,0.03610038757324219
566,166000000,imu1_frame,0.3499213376525253,-0.08200159148256769,-0.8966641962813112,0.2585036084022495,0.01953125,0.0546875,0.01171875,-0.007769107818603516,0.0602107048034668,0.05026960372924805
566,191000000,imu1_frame,0.3487096602063546,-0.08290151089218209,-0.8968438841488308,0.25922955046715035,0.01953125,0.0546875,0.01171875,0.0446619987487793,0.006234407424926758,0.036641597747802734
566,216000000,imu1_frame,0.35109566830781325,-0.0839518699479247,-0.8957869066901685,0.2593255348595585,0.01953125,0.0546875,0.01171875,-0.04351520538330078,0.05497884750366211,-0.048424720764160156
566,241000000,imu1_frame,0.35332925660186154,-0.0849056760403982,-0.8946230086434407,0.25999833655440435,-0.009765625,0.056640625,0.048828125,-0.01839447021484375,0.024240493774414062,-0.014521121978759766
566,266000000,imu1_frame,0.35565964627503766,-0.086114549333213,-0.8933982863590825,0.2606338472557002,0.005859375,0.064453125,0.046875,0.0066318511962890625,-0.01110076904296875,0.021816730499267578
566,290000000,imu1_frame,0.35485570458085525,-0.08496758701937532,-0.8937052408730789,0.26105340549114014,0.005859375,0.064453125,0.046875,0.07807683944702148,-0.10763049125671387,0.04591655731201172
566,315000000,imu1_frame,0.3539226258381365,-0.08393776327799339,-0.8940232833475904,0.26156375063857823,0.005859375,0.064453125,0.046875,0.029335498809814453,-0.049870967864990234,0.06865262985229492
566,340000000,imu1_frame,0.35280344688735993,-0.08315348735039739,-0.894353976357258,0.26219494728126636,0.013671875,0.048828125,0.060546875,0.015041351318359375,-0.03533291816711426,0.050629615783691406
566,366000000,imu1_frame,0.3518556843866235,-0.08231355241775791,-0.8946581647171954,0.2626953078340944,0.025390625,0.05859375,0.0546875,0.004065036773681641,-0.019723176956176758,0.03485918045043945
566,390000000,imu1_frame,0.3543039023944331,-0.08174513439872967,-0.8937746372606455,0.26258974759082193,0.025390625,0.05859375,0.0546875,0.0047054290771484375,-0.02016615867614746,-0.007424831390380859
566,416000000,imu1_frame,0.35469504947987834,-0.07959454636443263,-0.893892194145073,0.2623220831535425,0.013671875,0.0546875,0.041015625,0.023869037628173828,0.017037391662597656,-0.008759021759033203
566,440000000,imu1_frame,0.35596387583211647,-0.08174938222201944,-0.8929021564170884,0.26331064671716053,0.013671875,0.0546875,0.041015625,0.02647256851196289,0.0066738128662109375,-0.023421764373779297
566,465000000,imu1_frame,0.3560643555327503,-0.08414643381001209,-0.892252562969542,0.26461843524287537,0.005859375,0.04296875,0.0390625,0.009244441986083984,-0.04373049736022949,-0.01423788070678711
566,491000000,imu1_frame,0.3571622744741172,-0.0864834316703161,-0.8912591604171063,0.26573075605130086,0.005859375,0.04296875,0.0390625,0.007462024688720703,-0.018114805221557617,0.004944801330566406
566,515000000,imu1_frame,0.3571897632223945,-0.08447423584863895,-0.8915002088674144,0.2655314559826662,0.005859375,0.04296875,0.0390625,-0.018626689910888672,-0.06041240692138672,0.037697792053222656
566,541000000,imu1_frame,0.3570214505355161,-0.08224413855851394,-0.8918239002835795,0.2653709034790135,-0.00390625,0.046875,0.033203125,-0.007460117340087891,-0.020080089569091797,0.02808380126953125
566,566000000,imu1_frame,0.35646743344997667,-0.08047444642813435,-0.8921997288804403,0.26539494371095407,0.0,0.052734375,0.03125,-0.005349159240722656,0.012881040573120117,0.01473236083984375
566,590000000,imu1_frame,0.3587321151654531,-0.08115025116341253,-0.8911424967063775,0.2656895873928057,0.0,0.052734375,0.03125,0.022676467895507812,-0.010996103286743164,-0.02963542938232422
566,615000000,imu1_frame,0.35826514587514524,-0.08316546673500237,-0.8907541573890861,0.26699554582028007,0.0,0.052734375,0.03125,0.03835773468017578,0.025901317596435547,0.009383201599121094
566,640000000,imu1_frame,0.3572344353152522,-0.08433179958791402,-0.8905158553322425,0.2687995855747197,-0.052734375,0.056640625,0.05859375,0.009697437286376953,-0.0012378692626953125,-0.0012083053588867188
566,666000000,imu1_frame,0.35568052348499785,-0.08427053116397612,-0.8906281225716443,0.27050210733982705,-0.072265625,0.05078125,0.0625,-0.019031047821044922,-0.0040416717529296875,-0.02305459976196289
566,691000000,imu1_frame,0.35688664068561393,-0.08146554588768719,-0.8903561726106769,0.27066801884859826,-0.072265625,0.05078125,0.0625,-0.024483203887939453,-0.040402889251708984,-0.011462211608886719
566,716000000,imu1_frame,0.3582430879700586,-0.07879910628114253,-0.889976341594578,0.2709145661881272,-0.05859375,0.064453125,0.07421875,0.010193824768066406,-0.0023152828216552734,-0.0008530616760253906
566,741000000,imu1_frame,0.359813888572722,-0.08005156655054357,-0.8887578566665142,0.2724613449583707,-0.05859375,0.064453125,0.07421875,0.019867420196533203,-0.0023152828216552734,-0.017898082733154297
566,765000000,imu1_frame,0.3593801361312624,-0.0815881046505458,-0.8882475680184496,0.2742363156898016,-0.052734375,0.0546875,0.060546875,-0.0022101402282714844,-0.038385868072509766,-0.019115924835205078
566,791000000,imu1_frame,0.3600691576574447,-0.07867553028499194,-0.8881943612440464,0.27435586250800914,-0.052734375,0.0546875,0.060546875,-0.049424171447753906,-0.18366742134094238,-0.018557071685791016
566,816000000,imu1_frame,0.3609897163043978,-0.07591712289335902,-0.888037667181899,0.27443053190233047,-0.052734375,0.0546875,0.060546875,-0.019872188568115234,-0.14100408554077148,-0.052982330322265625
566,840000000,imu1_frame,0.36192154679325084,-0.074082553462451,-0.8880336730160431,0.27371657755587103,0.03515625,0.037109375,0.0234375,0.007152080535888672,-0.10910201072692871,-0.04519319534301758
566,865000000,imu1_frame,0.3625569295659942,-0.0722333990773539,-0.8881068641092263,0.2731318487534661,0.037109375,0.033203125,0.03515625,0.029426097869873047,-0.07636594772338867,-0.04148054122924805
566,891000000,imu1_frame,0.36350537684550305,-0.07500412706754499,-0.8871884479955178,0.2741074235962046,0.037109375,0.033203125,0.03515625,0.02311086654663086,0.09537124633789062,-0.020059585571289062
566,916000000,imu1_frame,0.36456598882324603,-0.07759602809828686,-0.8862566411780246,0.27499029470973124,0.037109375,0.033203125,0.03515625,0.019636154174804688,0.11408090591430664,-0.03239107131958008
566,940000000,imu1_frame,0.3654414050105452,-0.07951669130800926,-0.8853600723353833,0.27616519987433313,-0.017578125,0.046875,0.0390625,0.016249656677246094,0.06910157203674316,-0.013999462127685547
566,966000000,imu1_frame,0.36628323843493693,-0.08191397311029053,-0.8844222174192901,0.2773518191504209,0.005859375,0.048828125,0.03515625,0.009265899658203125,0.01607346534729004,0.00560760498046875
566,991000000,imu1_frame,0.3681007842818482,-0.08358143645623518,-0.8832870439098586,0.27806465822175946,0.005859375,0.048828125,0.03515625,0.022294044494628906,-0.02586984634399414,-0.001979827880859375
567,15000000,imu1_frame,0.3669938947807009,-0.08221403192649684,-0.8837583699950067,0.2784375650156592,-0.01953125,0.0390625,0.03515625,0.013478279113769531,0.00027632713317871094,-0.02227783203125
567,41000000,imu1_frame,0.36707888312714027,-0.07968763565735053,-0.884026016658412,0.27821030922044165,-0.01953125,0.0390625,0.03515625,0.030949115753173828,-0.029534578323364258,-0.029064178466796875
567,66000000,imu1_frame,0.3663480097188512,-0.07733139895751587,-0.8844487687400487,0.27849482218619803,-0.0546875,0.048828125,0.03515625,0.033750057220458984,0.012468576431274414,-0.04676532745361328
567,91000000,imu1_frame,0.3681492396404491,-0.07509222679177273,-0.8839510057954889,0.27831261951402025,-0.0546875,0.048828125,0.03515625,-0.004426002502441406,0.00439143180847168,0.007549285888671875
567,116000000,imu1_frame,0.3666829502315788,-0.07540519013286458,-0.8841029836061575,0.27967764603053774,-0.0546875,0.048828125,0.03515625,0.006741046905517578,-0.003083944320678711,-0.012560844421386719
567,141000000,imu1_frame,0.3691815569712604,-0.07540960899171807,-0.8828842294011895,0.2802388380268873,-0.064453125,0.064453125,0.029296875,0.040207862854003906,-0.01903557777404785,0.0233612060546875
567,166000000,imu1_frame,0.367687475427458,-0.07425531803090238,-0.8832642834357088,0.28131170214677464,-0.076171875,0.060546875,0.03515625,0.02199554443359375,0.0007650852203369141,-0.0015010833740234375
567,191000000,imu1_frame,0.36998288548943736,-0.07298034575566562,-0.8823232116596503,0.2815888558606207,-0.076171875,0.060546875,0.03515625,-0.016783714294433594,0.009546518325805664,-0.01117849349975586
567,216000000,imu1_frame,0.3722533283461518,-0.07249019016174389,-0.8812286205559926,0.2821502262598925,-0.076171875,0.060546875,0.03515625,0.016311168670654297,0.0029692649841308594,0.020368099212646484
567,241000000,imu1_frame,0.3709504341086909,-0.07251707346071475,-0.8813951717066044,0.2833365503840841,-0.033203125,0.064453125,0.041015625,-0.0066585540771484375,0.0008013248443603516,0.0015611648559570312
567,266000000,imu1_frame,0.37352514711157525,-0.07104648783445881,-0.8804645511733045,0.28321994133333156,-0.0390625,0.06640625,0.03515625,0.039144039154052734,0.014059305191040039,0.03487062454223633
567,291000000,imu1_frame,0.3740328482133989,-0.07284902946256584,-0.8796275757998973,0.2846889096121077,-0.0390625,0.06640625,0.03515625,0.029706954956054688,-0.029330730438232422,-0.022945880889892578
567,316000000,imu1_frame,0.37329496003731966,-0.07085048439499322,-0.8799978019861777,0.2850174559061722,-0.03515625,0.056640625,0.041015625,0.03043508529663086,0.0062029361724853516,-0.039316654205322266
567,341000000,imu1_frame,0.3736165272959151,-0.07275894089881224,-0.8792108422608931,0.28653991327826334,-0.03515625,0.056640625,0.041015625,-0.01778125762939453,0.0358278751373291,0.04102611541748047
567,366000000,imu1_frame,0.37302344075428445,-0.07406057235638325,-0.8787335675319318,0.2884369282229368,-0.072265625,0.05859375,0.052734375,-0.04146718978881836,0.0036249160766601562,0.0361170768737793
567,390000000,imu1_frame,0.3737761963923192,-0.07115087433842687,-0.8786338706077091,0.2884985780073853,-0.072265625,0.05859375,0.052734375,-0.052025794982910156,-0.1032857894897461,-0.00022363662719726562
567,415000000,imu1_frame,0.3730176527638142,-0.06861611555202404,-0.8789777626999751,0.2890462801906851,-0.072265625,0.05859375,0.052734375,-0.009888648986816406,-0.17322945594787598,0.14195013046264648
567,441000000,imu1_frame,0.3720622176042805,-0.06705946615805979,-0.8794415615491469,0.28923221475136407,0.005859375,0.0234375,0.052734375,-0.014379024505615234,-0.14304590225219727,0.12390708923339844
567,466000000,imu1_frame,0.371209319047833,-0.06444097557308605,-0.8796961636358019,0.29014765517523233,-0.091796875,0.0625,0.076171875,-0.013544082641601562,-0.1001729965209961,0.10478401184082031
567,490000000,imu1_frame,0.3728862567778478,-0.06492457636101641,-0.8784649792052519,0.29161604757019727,-0.091796875,0.0625,0.076171875,-0.0374298095703125,0.10337090492248535,-0.05713844299316406
567,516000000,imu1_frame,0.37513359405951896,-0.0643832423309253,-0.8771738538525023,0.29273813354685196,-0.091796875,0.0625,0.076171875,-0.08476877212524414,0.05419635772705078,0.0016918182373046875
567,541000000,imu1_frame,0.37741470875466987,-0.06432634057694123,-0.8757072342988683,0.2942058791394798,-0.076171875,0.07421875,0.111328125,-0.05799579620361328,0.03313469886779785,0.03510475158691406
567,566000000,imu1_frame,0.3795139213428285,-0.06429058895401636,-0.8743478845423955,0.29555317706831175,-0.07421875,0.052734375,0.10546875,-0.033631324768066406,0.013386249542236328,0.06607532501220703
567,591000000,imu1_frame,0.3779906859297679,-0.06304657005970402,-0.8745486730317606,0.29717467902302375,-0.07421875,0.052734375,0.10546875,0.06429243087768555,-0.04695749282836914,-0.025936126708984375
567,616000000,imu1_frame,0.3764715588084873,-0.06153920390422639,-0.8748842685472275,0.29842856505322113,-0.078125,0.048828125,0.07421875,0.04803943634033203,-0.02199530601501465,-0.052010536193847656
567,640000000,imu1_frame,0.3754500469259541,-0.05931843285749311,-0.8751917752891382,0.2992623301601404,-0.078125,0.048828125,0.07421875,0.005742549896240234,-0.136871337890625,0.11522340774536133
567,666000000,imu1_frame,0.37450099139500564,-0.05784159413617033,-0.8755661374498623,0.2996452842663688,0.001953125,0.037109375,0.0625,0.0004572868347167969,-0.109283447265625,0.097930908203125
567,691000000,imu1_frame,0.37671475021305884,-0.05727405910621954,-0.874626040456196,0.2997248212633156,0.001953125,0.037109375,0.0625,-0.004493236541748047,-0.03389859199523926,-0.0583806037902832
567,716000000,imu1_frame,0.37602576919643776,-0.05561909218575435,-0.8749493225816485,0.29995803106197066,0.001953125,0.037109375,0.0625,0.07375383377075195,-0.12086367607116699,-0.03697538375854492
567,741000000,imu1_frame,0.3751849925089349,-0.05426673797790285,-0.8755604448015546,0.29947495729060886,0.0390625,0.009765625,0.013671875,0.07229900360107422,-0.08991122245788574,-0.05222606658935547
567,766000000,imu1_frame,0.3744907614733607,-0.05285028368508308,-0.8761199901746198,0.2989603316527675,0.0390625,0.0234375,0.009765625,0.07333517074584961,-0.05841469764709473,-0.06536531448364258
567,790000000,imu1_frame,0.37559133383318094,-0.05521059706887663,-0.8753209467893728,0.2994932053193635,0.0390625,0.0234375,0.009765625,0.03282642364501953,0.23546266555786133,-0.08333301544189453
567,816000000,imu1_frame,0.3764684419976247,-0.057910467030170366,-0.8745340376253385,0.3001801242969824,0.0390625,0.0234375,0.009765625,0.06452798843383789,0.2580907344818115,-0.06056070327758789
567,840000000,imu1_frame,0.37723609724346857,-0.05994858374815899,-0.8738512925002533,0.3008039441874775,0.005859375,0.03515625,-0.0078125,0.05992841720581055,0.21494483947753906,-0.04455423355102539
567,865000000,imu1_frame,0.3780682072259589,-0.062279936365260885,-0.8731344520967319,0.3013666683178954,0.025390625,0.0390625,-0.009765625,0.05445289611816406,0.16694283485412598,-0.026699066162109375
567,890000000,imu1_frame,0.3800400065227413,-0.06376670424731896,-0.8721601609025614,0.3013968390777309,0.025390625,0.0390625,-0.009765625,-0.006081581115722656,0.017676591873168945,0.006171226501464844
567,915000000,imu1_frame,0.38096989061491127,-0.06570136497050133,-0.8713735832458563,0.3020816967430368,-0.0078125,0.0390625,-0.0078125,-0.008335113525390625,-0.024889469146728516,0.024913311004638672
567,940000000,imu1_frame,0.3796168617694784,-0.06602909010192878,-0.8717452787737521,0.3026406556566339,-0.0078125,0.0390625,-0.0078125,-0.031212806701660156,0.008009910583496094,0.005672454833984375
567,966000000,imu1_frame,0.3820701622627742,-0.0651154645701902,-0.8708934947596304,0.3022033887428519,-0.01953125,0.046875,0.001953125,0.01009225845336914,0.013469696044921875,0.0398101806640625
567,991000000,imu1_frame,0.38121448040490863,-0.06317844087202092,-0.8714663593000614,0.302043687480623,-0.01953125,0.046875,0.001953125,0.011523246765136719,-0.06134796142578125,0.06128978729248047
568,16000000,imu1_frame,0.3832148029051749,-0.06399117768015854,-0.8704334520077947,0.3023196150421745,-0.01953125,0.046875,0.001953125,0.03262901306152344,-0.009605169296264648,-0.024028778076171875
568,41000000,imu1_frame,0.38187263633357593,-0.06529678885704397,-0.8706567466452859,0.30309478468896384,0.005859375,0.015625,0.0,0.0028438568115234375,-0.030007600784301758,-0.04075908660888672
568,65000000,imu1_frame,0.3833962386397838,-0.06395895469764068,-0.8704100423614411,0.30216375439023996,0.015625,0.001953125,-0.001953125,0.03594398498535156,-0.008941173553466797,-0.02138233184814453
568,90000000,imu1_frame,0.38217429523453633,-0.06258558862659286,-0.8711847869915889,0.3017663319071037,0.015625,0.001953125,-0.001953125,-0.00945138931274414,-0.015437841415405273,0.031188011169433594
568,115000000,imu1_frame,0.383490233691855,-0.06442818049908638,-0.8703740260403326,0.3020485143398096,0.015625,0.001953125,-0.001953125,-0.004423618316650391,-0.01656651496887207,0.020263195037841797
568,141000000,imu1_frame,0.38234120241843034,-0.06270441195959196,-0.8710662932260136,0.30187228170125713,-0.005859375,0.01171875,0.013671875,-0.008324146270751953,0.01996898651123047,-0.0011820793151855469
568,165000000,imu1_frame,0.38352618040263936,-0.0644746510016915,-0.8702639562380604,0.3023099978446815,0.005859375,0.00390625,0.005859375,-0.005236625671386719,-0.019392967224121094,0.020920753479003906
568,191000000,imu1_frame,0.38287294118283705,-0.062410748215106136,-0.8709133108440654,0.3017005376393329,0.005859375,0.00390625,0.005859375,0.0015139579772949219,-0.015751361846923828,0.002140522003173828
568,215000000,imu1_frame,0.3823286889184749,-0.060634517153276314,-0.8714673805267782,0.301152508934036,0.013671875,0.013671875,0.005859375,0.0075168609619140625,0.021134376525878906,-0.010271549224853516
568,241000000,imu1_frame,0.3831143345609557,-0.06302102423899061,-0.8707005983130278,0.30188114425237006,0.013671875,0.013671875,0.005859375,0.00015783309936523438,-0.02862715721130371,0.007225990295410156
568,266000000,imu1_frame,0.38250725399140195,-0.060972987935789986,-0.8712601045545274,0.3014570045591462,-0.00390625,0.017578125,0.01171875,0.006654262542724609,0.012287139892578125,-0.00679779052734375
568,291000000,imu1_frame,0.3830653608405361,-0.06316216560691648,-0.8705427332497441,0.30236868182075227,-0.00390625,0.017578125,0.01171875,-0.003284454345703125,-0.034200429916381836,0.006844520568847656
568,315000000,imu1_frame,0.38167471189817975,-0.06382039373552947,-0.8708523578048034,0.3030965894672821,-0.00390625,0.017578125,0.01171875,-0.029373645782470703,-0.003971099853515625,-0.008373260498046875
568,341000000,imu1_frame,0.3836502968176893,-0.06272705513645502,-0.8703400159807534,0.30230121218451783,-0.001953125,0.009765625,-0.005859375,0.0077724456787109375,0.009580373764038086,0.0184326171875
568,365000000,imu1_frame,0.38217981933484635,-0.06354114851147943,-0.8706846191082169,0.3030006636748598,-0.005859375,0.017578125,-0.001953125,-0.020263671875,-0.001280069351196289,-0.0015306472778320312
568,391000000,imu1_frame,0.38244051784371513,-0.061009535358256504,-0.8710558195355211,0.3021238920709556,-0.005859375,0.017578125,-0.001953125,0.0029573440551757812,-0.03173422813415527,-0.007718086242675781
568,416000000,imu1_frame,0.38376466358820305,-0.05895720694177608,-0.8709327480688417,0.30120570889661635,-0.005859375,0.017578125,-0.001953125,-0.0013370513916015625,-0.03662514686584473,-0.031777381896972656
568,440000000,imu1_frame,0.3849895590113848,-0.05710337471382788,-0.8708950240798567,0.3001068161196233,0.015625,0.013671875,-0.01171875,0.031377315521240234,-0.003967761993408203,-0.017574310302734375
568,466000000,imu1_frame,0.383721589739429,-0.05878863284173661,-0.8711125783679337,0.30077319366196065,0.0234375,0.013671875,-0.0078125,0.0008306503295898438,-0.030497074127197266,-0.03278207778930664
568,490000000,imu1_frame,0.3835340207695904,-0.06111848354960064,-0.8707891908454628,0.30148361644973815,0.0234375,0.013671875,-0.0078125,0.01969146728515625,0.04320025444030762,0.012816905975341797
568,515000000,imu1_frame,0.38301253976722993,-0.06357382034630725,-0.8705589705585683,0.3023025678482361,0.02734375,0.005859375,0.0,-0.006387233734130859,-0.001369476318359375,0.010992050170898438
568,540000000,imu1_frame,0.38200717694681546,-0.06210634092596762,-0.8712346846422415,0.30193284593473063,0.0078125,0.0078125,0.0,-0.00929403305053711,0.031464338302612305,-0.007629871368408203
568,565000000,imu1_frame,0.3833504667180932,-0.06374686282147257,-0.8703714329546269,0.3023777866245303,-0.00390625,0.017578125,0.0,-0.003208637237548828,-0.006613969802856445,0.016460895538330078
568,590000000,imu1_frame,0.385102861082785,-0.06223160218048824,-0.8699875416271744,0.30157037568270567,-0.00390625,0.017578125,0.0,0.033655643463134766,-0.02371072769165039,-0.04297780990600586
568,616000000,imu1_frame,0.3834583467987331,-0.06292996301076782,-0.8704195944295977,0.30227346171779673,-0.00390625,0.017578125,0.0,-0.03503274917602539,0.007323026657104492,0.012189388275146484
568,640000000,imu1_frame,0.3853738904827763,-0.06232926380445945,-0.8698710817827161,0.3015399285101899,0.021484375,0.005859375,0.001953125,-0.0022182464599609375,0.012466669082641602,0.039464473724365234
568,666000000,imu1_frame,0.3836162605498063,-0.06262866326811371,-0.8703720303019152,0.30227263198502513,-0.013671875,0.017578125,0.0078125,-0.03091907501220703,0.011579513549804688,0.013819217681884766
568,691000000,imu1_frame,0.3842694363161481,-0.060206047498551456,-0.8705233605375965,0.3014984426430785,-0.013671875,0.017578125,0.0078125,-0.03865194320678711,-0.10164809226989746,-0.021280765533447266
568,716000000,imu1_frame,0.3848787110813759,-0.05777280207993573,-0.8706862526217622,0.3007260058452613,-0.013671875,0.017578125,0.0078125,-0.011845588684082031,-0.05820727348327637,-0.017731666564941406
568,741000000,imu1_frame,0.38541729093156923,-0.05591064810290014,-0.8710122065160855,0.29944155920590576,0.04296875,-0.001953125,-0.013671875,0.012128353118896484,-0.020360469818115234,-0.013759136199951172
568,765000000,imu1_frame,0.38533603751547163,-0.054340204676348494,-0.8716053161068795,0.2981064462265692,0.064453125,0.00390625,-0.03125,0.025847434997558594,0.016266345977783203,-0.018355846405029297
568,791000000,imu1_frame,0.38583155674832903,-0.05726432620753032,-0.8711367341891992,0.29828777565856585,0.064453125,0.00390625,-0.03125,0.1267552375793457,0.2322683334350586,-0.07874536514282227
568,815000000,imu1_frame,0.38607364507351294,-0.059595390311756945,-0.8707040475430196,0.29878084213256295,0.0234375,0.00390625,-0.01953125,0.1134486198425293,0.18794465065002441,-0.06976604461669922
568,841000000,imu1_frame,0.3863707359958299,-0.062362789486274564,-0.8702111542688554,0.29926757899845724,0.04296875,0.00390625,-0.015625,0.09802675247192383,0.1360337734222412,-0.058682918548583984
568,865000000,imu1_frame,0.38657716000296544,-0.06505109026206544,-0.8697894480449747,0.29965441943908744,0.0546875,0.0,-0.017578125,0.08213663101196289,0.08670949935913086,-0.04886770248413086
568,891000000,imu1_frame,0.38630708227693794,-0.06792008655714249,-0.8695171254810283,0.30015607360165,0.0546875,0.0,-0.017578125,0.01896810531616211,0.07514166831970215,0.03264045715332031
568,916000000,imu1_frame,0.3864209511775825,-0.070724917075028,-0.8690972564029209,0.3005774334654195,0.0546875,0.0,-0.017578125,0.000682830810546875,-0.014858245849609375,0.002895355224609375
568,941000000,imu1_frame,0.38564467433028704,-0.06871919789461013,-0.869796643501314,0.30001609282712827,-0.00390625,-0.001953125,0.0,0.005344390869140625,0.027047395706176758,-0.014269351959228516
568,966000000,imu1_frame,0.38642303742600664,-0.07072702385082685,-0.8690592580651354,0.3006841036951239,-0.00390625,0.0,0.005859375,0.000247955322265625,-0.015645742416381836,0.0029201507568359375
568,990000000,imu1_frame,0.386066729814863,-0.06859912152645328,-0.8696082740324619,0.3000468136643664,-0.00390625,0.0,0.005859375,-0.06246805191040039,-0.012421369552612305,0.06598901748657227
569,16000000,imu1_frame,0.38689775228897355,-0.07072386526570835,-0.8688249007806484,0.3007516515983149,-0.00390625,0.0,0.005859375,-0.032593727111816406,-0.01857161521911621,0.04524660110473633
569,41000000,imu1_frame,0.3859197794315595,-0.06873391690417928,-0.8695927239318064,0.30025000748603997,-0.0078125,-0.017578125,0.005859375,-0.030979633331298828,0.023693323135375977,0.025075912475585938
569,66000000,imu1_frame,0.3872805758240543,-0.07044329146607965,-0.8687782300241866,0.3004594570201698,0.017578125,-0.01953125,0.009765625,-0.02440929412841797,-0.013772010803222656,0.05025768280029297
569,90000000,imu1_frame,0.38689588607355724,-0.06859646225768767,-0.8693556844419356,0.2997111820296009,0.017578125,-0.01953125,0.009765625,-0.014667034149169922,-0.08857846260070801,0.0003819465637207031
569,116000000,imu1_frame,0.38655720878225985,-0.06691074821237264,-0.870010703994926,0.2986266080683072,0.046875,-0.03125,0.001953125,-0.004178524017333984,-0.05060982704162598,-0.00920248031616211
569,141000000,imu1_frame,0.3863848444281446,-0.06550075505051012,-0.8706340769281284,0.2973427436066965,0.068359375,-0.041015625,-0.005859375,0.007468223571777344,-0.0167238712310791,-0.015459060668945312
569,165000000,imu1_frame,0.38679621061890634,-0.06425346282934519,-0.8710536484755075,0.29584746989419963,0.078125,-0.04296875,-0.017578125,0.026758670806884766,0.012895822525024414,-0.012410163879394531
569,191000000,imu1_frame,0.3854857825123289,-0.06338859079373739,-0.8720657011782059,0.294760938502044,0.078125,-0.04296875,-0.017578125,0.018456459045410156,-0.0750741958618164,0.004729747772216797
569,215000000,imu1_frame,0.38409877771844925,-0.06277213712251527,-0.8730251663924219,0.29386195160610606,0.078125,-0.04296875,-0.017578125,0.04573345184326172,-0.12521958351135254,0.02531290054321289
569,241000000,imu1_frame,0.38258080120620286,-0.062154083111156444,-0.8743323225487488,0.29208182115212494,0.107421875,-0.06640625,-0.068359375,0.03531837463378906,-0.09422874450683594,0.0010547637939453125
569,265000000,imu1_frame,0.3811574884141285,-0.06125010626386874,-0.8756243440884234,0.2902574745776872,0.091796875,-0.078125,-0.083984375,0.02795886993408203,-0.05860424041748047,-0.022377490997314453
569,290000000,imu1_frame,0.3807680328964188,-0.06442677276001332,-0.8757582182759729,0.28967643880373617,0.091796875,-0.078125,-0.083984375,0.04401683807373047,0.15903663635253906,-0.020393848419189453
569,315000000,imu1_frame,0.3813026127775581,-0.06718987555161077,-0.8756215208358152,0.28875732087955935,0.091796875,-0.078125,-0.083984375,0.037685394287109375,0.1938788890838623,-0.16158485412597656
569,341000000,imu1_frame,0.38239958556391557,-0.07071854207113425,-0.8753149630654485,0.28739025766649007,0.162109375,-0.05859375,-0.087890625,0.03613853454589844,0.13793468475341797,-0.1356973648071289
569,365000000,imu1_frame,0.38330646957620507,-0.0741060210009532,-0.8750716087972683,0.28606664871912774,0.171875,-0.07421875,-0.0859375,0.03272199630737305,0.08514952659606934,-0.1125335693359375
569,391000000,imu1_frame,0.38159827471098406,-0.07745194420867696,-0.8758584352650428,0.28505430088137057,0.171875,-0.07421875,-0.0859375,0.03132820129394531,0.12191438674926758,0.1726541519165039
569,416000000,imu1_frame,0.3794104633617033,-0.07913440216297035,-0.8766794496082376,0.28498875297205045,0.037109375,-0.068359375,-0.05859375,-0.009311199188232422,0.10451555252075195,0.14525938034057617
569,441000000,imu1_frame,0.3772397930471024,-0.08017736597676604,-0.8773627459350725,0.28547563919199237,-0.033203125,-0.048828125,-0.04296875,-0.048046112060546875,0.09407448768615723,0.11640119552612305
569,466000000,imu1_frame,0.3752589700284554,-0.0815446250868071,-0.8779685023266557,0.28583647152685765,-0.04296875,-0.06640625,-0.064453125,-0.08578968048095703,0.07807397842407227,0.09158086776733398
569,490000000,imu1_frame,0.37558208713225655,-0.07916800993951129,-0.8785193265162775,0.2843840975951043,-0.04296875,-0.06640625,-0.064453125,-0.060713768005371094,-0.029361486434936523,-0.020535945892333984
569,515000000,imu1_frame,0.37577436855407576,-0.08047952581023513,-0.8783546575520169,0.2842705848655898,-0.04296875,-0.06640625,-0.064453125,-0.02668905258178711,0.0653390884399414,-0.009722709655761719
569,540000000,imu1_frame,0.37607311618809175,-0.08194223561095144,-0.8781986834856876,0.2839393485018628,-0.01953125,-0.080078125,-0.064453125,-0.03030681610107422,0.04125189781188965,-0.0006895065307617188
569,566000000,imu1_frame,0.376535149240273,-0.082596568325812,-0.878069315606643,0.28353723790268975,-0.0625,-0.078125,-0.072265625,-0.026317596435546875,0.030627727508544922,0.008208751678466797
569,590000000,imu1_frame,0.3758277557746463,-0.08402497336345663,-0.8781838064024018,0.2837014346337576,-0.0625,-0.078125,-0.072265625,-0.0106201171875,0.1609644889831543,-0.0014352798461914062
569,615000000,imu1_frame,0.375528382469311,-0.08534520152625044,-0.8781803464020436,0.2837144862879111,-0.0625,-0.078125,-0.072265625,-0.023136615753173828,0.0265963077545166,0.0024399757385253906
569,641000000,imu1_frame,0.3765228672687308,-0.0858368407261386,-0.8777224844087725,0.28366495652650014,-0.06640625,-0.03515625,-0.041015625,-0.01209878921508789,0.013786077499389648,0.018695831298828125
569,665000000,imu1_frame,0.37498316694102957,-0.08727822152375611,-0.878077929828624,0.28416418793789655,-0.044921875,-0.05859375,-0.048828125,-0.04468059539794922,-0.006715536117553711,0.0009903907775878906
569,691000000,imu1_frame,0.37419127139333913,-0.08437509973531035,-0.8791028755440938,0.2829131830929737,-0.044921875,-0.05859375,-0.048828125,-0.06775426864624023,-0.140333890914917,0.014803409576416016
569,716000000,imu1_frame,0.37357245803446537,-0.08106783179697512,-0.8800205057417236,0.2818431030199356,-0.087890625,-0.052734375,-0.05078125,-0.05170726776123047,-0.0737161636352539,-0.004939079284667969
569,740000000,imu1_frame,0.3734181121611104,-0.07794871961032257,-0.8807115697664923,0.28076688106075526,-0.091796875,-0.0546875,-0.05078125,-0.03050708770751953,-0.012401580810546875,-0.01689434051513672
569,766000000,imu1_frame,0.37455268306365774,-0.07580746919266497,-0.8807073814170838,0.2798535751815252,-0.080078125,-0.0390625,-0.041015625,0.0020627975463867188,0.024947404861450195,-0.006758213043212891
569,791000000,imu1_frame,0.3721948527983553,-0.07397928515829544,-0.8818929226322092,0.2797551249380405,-0.080078125,-0.0390625,-0.041015625,0.015482902526855469,-0.00594639778137207,0.023824691772460938
569,816000000,imu1_frame,0.37136512533130706,-0.07534599262826006,-0.8818911551790096,0.2804976212012444,-0.080078125,-0.0390625,-0.041015625,0.031609535217285156,0.008734941482543945,-0.05067586898803711
569,841000000,imu1_frame,0.3715773381659582,-0.0764011628483683,-0.8815266645631229,0.2810762952316218,-0.08203125,-0.046875,-0.021484375,0.025943756103515625,-0.014261484146118164,-0.04447746276855469
569,866000000,imu1_frame,0.373019834780436,-0.07632183823190057,-0.8809850521727166,0.2808852394084029,-0.05078125,-0.029296875,-0.015625,0.04755830764770508,-0.018611431121826172,-0.02372455596923828
569,891000000,imu1_frame,0.37129285094139003,-0.07417200401327427,-0.8819923061474553,0.2805881404428259,-0.05078125,-0.029296875,-0.015625,0.03744935989379883,-0.08864688873291016,0.015177249908447266
569,916000000,imu1_frame,0.3697034385514684,-0.07187327891226483,-0.88297056590035,0.2802080995532359,-0.05078125,-0.029296875,-0.015625,-0.008807182312011719,-0.0779871940612793,0.059810638427734375
569,941000000,imu1_frame,0.3681404927765684,-0.07001141061627862,-0.8838935954636948,0.27982689624124146,-0.017578125,-0.041015625,0.001953125,-0.018422603607177734,-0.035809993743896484,0.032103538513183594
569,965000000,imu1_frame,0.3668960543968529,-0.06772803225360187,-0.8847307206438287,0.2793774344218376,-0.041015625,-0.041015625,-0.001953125,-0.020842552185058594,0.012567281723022461,0.008072853088378906
569,991000000,imu1_frame,0.36544598935167466,-0.06529699386696697,-0.8856560293961667,0.2789245938473861,-0.041015625,-0.041015625,-0.001953125,-0.025451183319091797,-0.009638547897338867,0.02005767822265625
570,16000000,imu1_frame,0.365151283290265,-0.06251179646106049,-0.8863160258066535,0.277850171878628,-0.044921875,-0.044921875,-0.033203125,-0.00936746597290039,0.04706001281738281,0.008880138397216797
570,41000000,imu1_frame,0.3650864874915124,-0.0646681977244047,-0.8860805433374259,0.2781926519033874,-0.0078125,-0.05078125,-0.03125,-0.024344444274902344,0.007920980453491211,0.013302803039550781
570,66000000,imu1_frame,0.36642785978848524,-0.06387059793183678,-0.8858154939828791,0.27745644867353114,-0.03125,-0.052734375,-0.025390625,0.002227783203125,0.020055055618286133,0.030470848083496094
570,91000000,imu1_frame,0.36433935939991047,-0.06525415022626643,-0.8863655354587497,0.2781274251511969,-0.03125,-0.052734375,-0.025390625,0.03981494903564453,0.07612919807434082,0.047129154205322266
570,116000000,imu1_frame,0.3618962815661857,-0.06421355385464725,-0.8874812669670076,0.27800126199814135,-0.03125,-0.052734375,-0.025390625,0.050273895263671875,-0.04541969299316406,0.04497718811035156
570,141000000,imu1_frame,0.3594613742474106,-0.0633558944699708,-0.8886185350581162,0.2777240540738962,-0.015625,-0.056640625,-0.033203125,0.02102804183959961,-0.0167696475982666,0.008504867553710938
570,166000000,imu1_frame,0.3569020730420681,-0.0621729641627307,-0.8897651681111278,0.27762092572727765,-0.048828125,-0.05859375,-0.03125,-0.00887918472290039,0.016997098922729492,-0.030234813690185547
570,191000000,imu1_frame,0.3576065856427278,-0.06307090867340026,-0.8894084584644879,0.2776547935762775,-0.048828125,-0.05859375,-0.03125,-0.0041217803955078125,0.036867380142211914,-0.057297706604003906
570,216000000,imu1_frame,0.357275090855426,-0.060308698427410996,-0.8900603243689887,0.2766043913830893,-0.048828125,-0.05859375,-0.03125,0.010941505432128906,0.015107870101928711,-0.029509544372558594
570,241000000,imu1_frame,0.35785617063982056,-0.06184377767799292,-0.8897205958270353,0.2766072480227222,-0.021484375,-0.052734375,-0.041015625,0.010334968566894531,-0.014332056045532227,-0.017737388610839844
570,265000000,imu1_frame,0.3576245735608283,-0.05949945955446583,-0.8903803315954008,0.2752950123162901,-0.017578125,-0.064453125,-0.046875,0.025164127349853516,0.03607511520385742,-0.02651834487915039
570,291000000,imu1_frame,0.3564617548890331,-0.06170043219440174,-0.8905767542033257,0.27568300426599446,-0.017578125,-0.064453125,-0.046875,0.03303813934326172,0.040151357650756836,-0.03753805160522461
570,315000000,imu1_frame,0.35624165030702915,-0.06350582761685739,-0.8904344250790219,0.2760170847600094,-0.03125,-0.044921875,-0.04296875,0.01805591583251953,0.007767438888549805,-0.036192893981933594
570,341000000,imu1_frame,0.3570361346370744,-0.06514299895812288,-0.8900271077634795,0.27592269876966397,-0.01171875,-0.041015625,-0.044921875,0.020307540893554688,-0.02382636070251465,-0.021007537841796875
570,365000000,imu1_frame,0.3557743081611391,-0.06301521674662511,-0.8909996542667373,0.2749060570583942,-0.015625,-0.046875,-0.048828125,0.017913818359375,0.025835037231445312,-0.04389047622680664
570,390000000,imu1_frame,0.35461483485200457,-0.06064413619612035,-0.8919771449823927,0.2737651922304439,-0.015625,-0.046875,-0.048828125,0.018581867218017578,-0.07222890853881836,-0.026662826538085938
570,416000000,imu1_frame,0.3537044835001229,-0.05860058983479659,-0.892959487972543,0.2721809362588407,0.029296875,-0.060546875,-0.056640625,0.022246837615966797,-0.0218963623046875,-0.04403257369995117
570,441000000,imu1_frame,0.35506572066343595,-0.05726635869502463,-0.8929832461536502,0.27061008898497735,0.029296875,-0.03515625,-0.0546875,0.05498456954956055,0.005047798156738281,-0.02821493148803711
570,465000000,imu1_frame,0.3535010637554751,-0.05890628745751522,-0.8934344413373376,0.2708171823462453,0.009765625,-0.029296875,-0.048828125,0.02192831039428711,-0.017276525497436523,-0.046140193939208984
570,491000000,imu1_frame,0.35183598655926096,-0.06073803594513026,-0.893897762823088,0.271051875424757,0.009765625,-0.029296875,-0.048828125,0.021216392517089844,0.035509347915649414,0.017217636108398438
570,515000000,imu1_frame,0.3497546598314743,-0.06088905646497566,-0.8947704342539384,0.27083218182851343,0.009765625,-0.029296875,-0.048828125,-0.009706497192382812,0.005289793014526367,-0.014865398406982422
570,541000000,imu1_frame,0.3510724025810564,-0.06101199849118236,-0.8945281273555739,0.2698983763489643,-0.017578125,-0.0625,-0.064453125,0.012052059173583984,0.002905607223510742,0.003441333770751953
570,566000000,imu1_frame,0.34877954459086385,-0.06188886731176094,-0.8953514266474792,0.269941512513694,-0.0078125,-0.052734375,-0.052734375,-0.027017593383789062,-0.0016644001007080078,-0.02578115463256836
570,591000000,imu1_frame,0.34923830828662805,-0.06365185782364634,-0.8950883888501995,0.2698107135868522,-0.0078125,-0.052734375,-0.052734375,0.009065628051757812,0.11866068840026855,-0.09335136413574219
570,616000000,imu1_frame,0.35020954974818114,-0.06536810199746412,-0.8944838657081903,0.27014606510952155,-0.009765625,-0.009765625,-0.01171875,0.012438774108886719,0.08198761940002441,-0.0757451057434082
570,641000000,imu1_frame,0.3510460228883399,-0.06724299264337005,-0.8939728413132324,0.270291747467416,0.00390625,-0.02734375,-0.021484375,0.01346588134765625,0.04446148872375488,-0.059418678283691406
570,665000000,imu1_frame,0.35177437308131354,-0.06887760550174495,-0.8935642485860247,0.2702842939434104,-0.00390625,-0.041015625,-0.033203125,0.014755725860595703,0.012651205062866211,-0.04506397247314453
570,690000000,imu1_frame,0.3499620214126291,-0.06729147437153424,-0.8945971687725718,0.26961889152985985,-0.00390625,-0.041015625,-0.033203125,-0.0005054473876953125,-0.0992581844329834,0.11338567733764648
570,716000000,imu1_frame,0.34819991533312883,-0.0655117731257674,-0.8956538083256,0.2688294667177859,-0.005859375,-0.033203125,-0.041015625,-0.013737201690673828,-0.05482983589172363,0.0847177505493164
570,740000000,imu1_frame,0.346629955023113,-0.06386049042226946,-0.8965837790865874,0.26815487898323886,-0.005859375,-0.029296875,-0.03515625,-0.025404930114746094,-0.014259099960327148,0.05921792984008789
570,766000000,imu1_frame,0.3449488280796895,-0.062176225236555215,-0.8975774925747035,0.26739309610588313,0.00390625,-0.03515625,-0.03125,-0.03841066360473633,0.02799844741821289,0.03234291076660156
570,790000000,imu1_frame,0.346136634215047,-0.0634230864207771,-0.8971011476072929,0.26716375788047986,0.00390625,-0.03515625,-0.03125,-0.027105331420898438,0.041158437728881836,-0.026708602905273438
570,816000000,imu1_frame,0.3464900987738052,-0.06112838852859872,-0.8975140870318624,0.26585032470730213,0.00390625,-0.03515625,-0.03125,-0.004520893096923828,-0.029251813888549805,-0.027494430541992188
570,840000000,imu1_frame,0.3473151966531207,-0.05956932037830888,-0.8977154082566239,0.26444412646552296,0.03125,-0.04296875,-0.0390625,0.021049022674560547,0.0031309127807617188,-0.01998758316040039
570,865000000,imu1_frame,0.3464172793821369,-0.06219620532557805,-0.8978440903695591,0.26458021463638604,0.03125,-0.056640625,-0.046875,-0.007554531097412109,-0.039414405822753906,-0.025900840759277344
570,890000000,imu1_frame,0.34683162475150076,-0.06038939065034802,-0.8982714301845235,0.2630007286745887,0.03125,-0.056640625,-0.046875,0.013804435729980469,0.00036597251892089844,-0.024623394012451172
570,916000000,imu1_frame,0.3478280908279553,-0.0626984031935915,-0.8978014168824684,0.26274920611066693,0.041015625,-0.048828125,-0.03515625,0.016523361206054688,-0.04300379753112793,-0.005545616149902344
570,941000000,imu1_frame,0.3465985023624043,-0.06110211710338828,-0.8987115405995739,0.26163634349754,0.03515625,-0.041015625,-0.037109375,0.010698795318603516,-0.0022521018981933594,-0.026073455810546875
570,965000000,imu1_frame,0.34806585989252536,-0.062397960399977616,-0.8982336647605074,0.2610228633781112,0.0390625,-0.044921875,-0.0390625,0.02727794647216797,-0.027730226516723633,-0.0030488967895507812
570,990000000,imu1_frame,0.34640013847644635,-0.06461893361753941,-0.8986658773027008,0.26121060172473515,0.0390625,-0.044921875,-0.0390625,-0.010550498962402344,0.018050670623779297,0.022847652435302734
571,15000000,imu1_frame,0.3453344559921553,-0.06738756727520077,-0.8988129612347373,0.2614159329455172,0.0546875,-0.044921875,-0.033203125,-0.04268932342529297,-0.026720523834228516,0.015580177307128906
571,41000000,imu1_frame,0.3462455771253828,-0.06564492527018115,-0.8989907922121235,0.26003903481054796,0.044921875,-0.017578125,-0.021484375,-0.014833927154541016,0.008345365524291992,0.023354053497314453
571,65000000,imu1_frame,0.3447841877703649,-0.06765405809048983,-0.8993070185890287,0.2603721924552058,0.044921875,-0.017578125,-0.021484375,-0.009938716888427734,0.05200481414794922,0.0830831527709961
571,91000000,imu1_frame,0.34305585352518264,-0.06984264934214818,-0.8996388076878589,0.2609304531804324,0.048828125,-0.021484375,0.0,-0.049993038177490234,0.018129348754882812,0.06572866439819336
571,116000000,imu1_frame,0.3411347455078772,-0.06984033593432694,-0.9004027711629251,0.26081461340573203,0.048828125,-0.021484375,0.0,-0.07850027084350586,0.02769184112548828,0.12206602096557617
571,141000000,imu1_frame,0.33930548038829633,-0.06845976623837119,-0.9013037276766577,0.26045468293201424,-0.001953125,-0.041015625,-0.0078125,-0.09720277786254883,0.062499284744262695,0.09400177001953125
571,166000000,imu1_frame,0.3404951094927016,-0.06956390348415296,-0.9007660728738681,0.2604696252982102,-0.01171875,-0.044921875,-0.005859375,-0.08554506301879883,0.037664175033569336,0.11275482177734375
571,191000000,imu1_frame,0.34185508550059623,-0.06869450592986838,-0.900509468600092,0.2598054316868897,-0.01171875,-0.044921875,-0.005859375,-0.018931865692138672,-0.023389339447021484,-0.07067346572875977
571,215000000,imu1_frame,0.3430514523024041,-0.0675657834620446,-0.9003460764717771,0.2590897693083394,-0.01171875,-0.044921875,-0.005859375,-0.03134775161743164,-0.04364752769470215,-0.08891010284423828
571,241000000,imu1_frame,0.3446914938460979,-0.06699042504601803,-0.9001008871782487,0.2579117095504371,0.0390625,-0.037109375,-0.025390625,0.0003142356872558594,-0.03356647491455078,-0.06837844848632812
571,266000000,imu1_frame,0.34625414703846724,-0.06644799988447414,-0.8998977606715469,0.25666466314697817,0.048828125,-0.0390625,-0.029296875,0.030791282653808594,-0.02319812774658203,-0.04868650436401367
571,291000000,imu1_frame,0.34503915742546776,-0.06910001890913399,-0.9000804312983651,0.2569598887445856,0.048828125,-0.0390625,-0.029296875,0.036058902740478516,0.01210927963256836,-0.022901058197021484
571,315000000,imu1_frame,0.3439402187717334,-0.07145036408562687,-0.9001912173583242,0.2574019105877456,0.025390625,-0.03515625,-0.0234375,0.005045890808105469,-0.026849746704101562,-0.03124380111694336
571,340000000,imu1_frame,0.3448002551066648,-0.06996283837934227,-0.9003813101707149,0.25599117488607226,0.041015625,-0.044921875,-0.029296875,0.030846595764160156,0.00426030158996582,-0.0237884521484375
571,366000000,imu1_frame,0.34644007281241074,-0.06959151683169998,-0.9001219142856735,0.2547878257638884,0.041015625,-0.044921875,-0.029296875,-0.016705036163330078,0.011105060577392578,0.0325007438659668
571,391000000,imu1_frame,0.34457966474208707,-0.07167316746131205,-0.9006013398006744,0.25503928807445303,0.041015625,-0.044921875,-0.029296875,0.060324668884277344,0.09462594985961914,0.09127283096313477
571,415000000,imu1_frame,0.34244111228431146,-0.07292378316028385,-0.9013019679384598,0.2550901194819886,0.041015625,-0.044921875,-0.029296875,-0.017993927001953125,0.04286503791809082,0.10906076431274414
571,440000000,imu1_frame,0.3401951205925816,-0.07403938043747656,-0.9020405535761875,0.2551632610181149,0.03125,-0.04296875,-0.029296875,-0.05831718444824219,0.0328524112701416,0.08229732513427734
571,466000000,imu1_frame,0.34106690990121674,-0.07235814654972866,-0.9022472694536515,0.253746973108554,0.03125,-0.04296875,-0.029296875,-0.031230449676513672,0.028263330459594727,0.04610490798950195
571,490000000,imu1_frame,0.34144961408709007,-0.07471762134256085,-0.9018950336757601,0.2538006822916096,0.03125,-0.04296875,-0.029296875,0.00043773651123046875,0.023977041244506836,-0.020136356353759766
571,515000000,imu1_frame,0.33966983594118366,-0.0736685297680966,-0.9028554997107091,0.2530796256430418,0.03125,-0.04296875,-0.029296875,-0.01825571060180664,0.015609502792358398,-0.003879070281982422
571,540000000,imu1_frame,0.34108954149489584,-0.0749530077906012,-0.9023667155834542,0.2525357042342196,0.03125,-0.046875,-0.03125,-0.0020966529846191406,-0.009696722030639648,0.01871013641357422
571,565000000,imu1_frame,0.3426552721661862,-0.07451387539912765,-0.9021279370040849,0.25139656343409733,0.03125,-0.046875,-0.03125,0.027754783630371094,-0.0017063617706298828,-0.004612445831298828
571,591000000,imu1_frame,0.34020127284062485,-0.07528573226365325,-0.9030109839350192,0.2513290977341315,0.03125,-0.046875,-0.03125,0.021892070770263672,-0.004149675369262695,0.003987312316894531
571,615000000,imu1_frame,0.33803644644530706,-0.07598376551083877,-0.9038293464394486,0.25109826914628913,0.044921875,-0.044921875,-0.037109375,-0.013999462127685547,-0.005525350570678711,-0.02265024185180664
571,641000000,imu1_frame,0.339661001285331,-0.0762230996126718,-0.9035666206443984,0.24977550990548475,0.064453125,-0.060546875,-0.037109375,0.013672351837158203,-0.00850987434387207,-0.0004515647888183594
571,665000000,imu1_frame,0.3377011799425169,-0.07578111893437402,-0.9045692262435259,0.24893704025651722,0.064453125,-0.060546875,-0.037109375,-0.04600191116333008,-0.022283315658569336,0.1324753761291504
571,690000000,imu1_frame,0.3360986027121343,-0.07477877046413067,-0.9055578781112197,0.24781201369895084,0.064453125,-0.060546875,-0.037109375,-0.1394495964050293,0.044342994689941406,0.18654108047485352
571,716000000,imu1_frame,0.3336285332852093,-0.076224433750448,-0.9064119398531988,0.24758681864942766,0.064453125,-0.060546875,-0.037109375,-0.1452031135559082,0.06997299194335938,0.19363117218017578
571,741000000,imu1_frame,0.3326762427048353,-0.07515532781755387,-0.9072756051785535,0.24602676782886673,0.076171875,-0.1328125,-0.03125,-0.14900779724121094,0.10240817070007324,0.17805767059326172
571,766000000,imu1_frame,0.33114501553780545,-0.07862779387883302,-0.9075418922726859,0.24602512571753113,0.076171875,-0.1328125,-0.03125,-0.11694574356079102,0.1649928092956543,0.16861581802368164
571,791000000,imu1_frame,0.33119809890845936,-0.08144115274324096,-0.9074078198716745,0.24553249551741457,0.076171875,-0.1328125,-0.03125,-0.09058618545532227,0.07918643951416016,0.02184295654296875
571,816000000,imu1_frame,0.33011876462820217,-0.08490043958892916,-0.9075108648875277,0.24543338548177912,0.076171875,-0.1328125,-0.03125,-0.04735612869262695,-0.015598297119140625,0.019147396087646484
571,841000000,imu1_frame,0.33025862780974424,-0.08358557928723301,-0.9079381784783221,0.24411258417768808,0.029296875,-0.11328125,-0.021484375,-0.033652305603027344,0.01488494873046875,0.016622543334960938
571,866000000,imu1_frame,0.33125897363209234,-0.08424707993996315,-0.9077339239337598,0.2432879882970409,0.029296875,-0.103515625,-0.0234375,-0.019045352935791016,0.00406193733215332,0.031716346740722656
571,891000000,imu1_frame,0.3282886631852806,-0.08434189492705178,-0.9088848381963563,0.24298425726972225,0.029296875,-0.103515625,-0.0234375,0.08810949325561523,-0.06161332130432129,-0.15857553482055664
571,916000000,imu1_frame,0.3299416070753678,-0.08450976373871832,-0.9085812038448787,0.24181983329152376,0.060546875,-0.05078125,-0.029296875,0.11656522750854492,-0.0643911361694336,-0.13678646087646484
571,941000000,imu1_frame,0.3278049217585119,-0.08482255962980702,-0.90945408925763,0.24133446952583937,0.0625,-0.041015625,-0.03515625,0.08361673355102539,-0.058228492736816406,-0.16318988800048828
571,965000000,imu1_frame,0.3260837416846455,-0.08703725358081622,-0.9098431422160329,0.24141119787720264,0.0625,-0.041015625,-0.03515625,0.04489946365356445,0.026567697525024414,0.01364898681640625
571,991000000,imu1_frame,0.32781307632960893,-0.08849323914765181,-0.9093062410381565,0.24056120556218658,0.0625,-0.041015625,-0.03515625,-0.08559322357177734,0.037987709045410156,0.12275314331054688
572,16000000,imu1_frame,0.32561289400120497,-0.08966000694284336,-0.9100352860186757,0.24036036407044406,0.0625,-0.041015625,-0.03515625,-0.12511444091796875,0.06270551681518555,0.16905927658081055
572,40000000,imu1_frame,0.32576574434959704,-0.0877555545755033,-0.9104570864548731,0.2392562144931716,0.0078125,-0.0625,-0.01953125,-0.10889196395874023,0.1021871566772461,0.16439056396484375
572,65000000,imu1_frame,0.3234889400400661,-0.08948202080780561,-0.9109853656462791,0.23969467495591346,0.0078125,-0.0625,-0.01953125,-0.04161977767944336,0.04324960708618164,0.07116937637329102
572,91000000,imu1_frame,0.3243020075760144,-0.09128901253747472,-0.9105467587376754,0.2395811432989099,0.0078125,-0.0625,-0.01953125,-0.03824472427368164,0.00879979133605957,0.04485654830932617
572,116000000,imu1_frame,0.32309336609263717,-0.08931575733297889,-0.9114074156988872,0.23868367118016653,0.0078125,-0.0625,-0.01953125,-0.004390716552734375,-0.024413585662841797,-0.012536048889160156
572,140000000,imu1_frame,0.32331387454827826,-0.08755589721520421,-0.9117235313758432,0.237828311441222,0.01953125,-0.05078125,0.005859375,0.011187076568603516,0.0107879638671875,-0.01584339141845703
572,166000000,imu1_frame,0.32068554283996026,-0.08838505016210331,-0.9124608905135183,0.23825194396806007,0.01953125,-0.05078125,0.005859375,0.00347900390625,0.004280567169189453,0.03206062316894531
572,191000000,imu1_frame,0.32149557975168097,-0.08688844429835091,-0.9125495744741123,0.23736946849723423,0.01953125,-0.05078125,0.005859375,-0.01215982437133789,-0.006436824798583984,-0.005887508392333984
572,216000000,imu1_frame,0.3230209140610223,-0.085818222222783,-0.9123427886583291,0.23648119966890896,0.015625,-0.03125,-0.005859375,0.020189285278320312,0.011536598205566406,0.00971221923828125
572,241000000,imu1_frame,0.32108395590744865,-0.08743945114699452,-0.9127308805527174,0.23702695063514806,0.021484375,-0.025390625,-0.00390625,-0.02029275894165039,-0.012540340423583984,-0.009162425994873047
572,266000000,imu1_frame,0.32245078431326957,-0.0891043644279346,-0.9120931995372489,0.23700611657414147,0.021484375,-0.025390625,-0.00390625,-0.007669925689697266,-0.008234500885009766,0.017655372619628906
572,291000000,imu1_frame,0.3215099397114746,-0.08754062183262612,-0.912761685584015,0.2362924110624565,0.03125,-0.015625,-0.01171875,-0.011706352233886719,0.027304887771606445,0.0004420280456542969
572,316000000,imu1_frame,0.3209407809048506,-0.09020161254735384,-0.9125689008898032,0.2368093861628341,0.03125,-0.015625,-0.01171875,0.04181671142578125,0.01863551139831543,-0.03653717041015625
572,340000000,imu1_frame,0.320654303428266,-0.09288455870240972,-0.9122646378206374,0.23733206068623272,0.046875,0.005859375,-0.005859375,0.021432876586914062,-0.030621767044067383,-0.030527591705322266
572,366000000,imu1_frame,0.3211685375266005,-0.09098464355342849,-0.9125467645815007,0.23628577526443517,0.046875,0.005859375,-0.005859375,0.003996372222900391,0.0069332122802734375,0.00816202163696289
572,391000000,imu1_frame,0.32129881966621565,-0.0938200829955733,-0.912089031314656,0.23676667726538914,0.046875,0.005859375,-0.005859375,-0.010550975799560547,-0.007353067398071289,0.020033836364746094
572,416000000,imu1_frame,0.3205651355640008,-0.09239506172691507,-0.9126640771315745,0.2361046986887059,0.046875,0.005859375,-0.005859375,-0.051260948181152344,0.024534940719604492,0.07987594604492188
572,441000000,imu1_frame,0.31955868037693885,-0.09151380245537859,-0.913136024429047,0.23598744594961393,0.05078125,-0.001953125,0.033203125,-0.0619816780090332,0.044783592224121094,0.0641183853149414
572,465000000,imu1_frame,0.3180315472348979,-0.09359510192005165,-0.913231124312146,0.2368645297369905,0.05078125,-0.001953125,0.033203125,-0.09987020492553711,0.08328008651733398,0.20495367050170898
572,491000000,imu1_frame,0.3163166492721116,-0.09572923146243616,-0.9133649534427242,0.23779014584176064,0.05078125,-0.001953125,0.033203125,-0.1022028923034668,0.04714798927307129,0.1525259017944336
572,515000000,imu1_frame,0.31505884536113576,-0.09415663139831937,-0.913994829256057,0.23766763518960668,0.0078125,-0.0703125,0.046875,-0.11324501037597656,0.08066678047180176,0.1311655044555664
572,540000000,imu1_frame,0.3157166011790046,-0.09588137468658192,-0.913451760518989,0.23819250813774154,0.001953125,-0.083984375,0.048828125,-0.11390495300292969,0.04461407661437988,0.14565658569335938
572,565000000,imu1_frame,0.3159519247677711,-0.09810968225438556,-0.9129388277444779,0.23893841943066105,0.001953125,-0.083984375,0.048828125,-0.05045270919799805,0.00010514259338378906,0.047638893127441406
572,590000000,imu1_frame,0.3161449017273381,-0.09644033250116774,-0.9131077157876273,0.23871732812675658,0.001953125,-0.06640625,0.060546875,-0.03772306442260742,0.030023813247680664,0.043686866760253906
572,615000000,imu1_frame,0.3167699530257766,-0.09511003057109571,-0.913082167889828,0.238520090613819,0.001953125,-0.06640625,0.060546875,-0.02016448974609375,-0.06115245819091797,-0.0707545280456543
572,641000000,imu1_frame,0.31783775233580686,-0.0940840889233184,-0.9129561429530493,0.23798829476653444,0.029296875,-0.052734375,0.0390625,0.003867626190185547,-0.0442814826965332,-0.061304569244384766
572,665000000,imu1_frame,0.31658803097879407,-0.09685632949838559,-0.9128309274529283,0.2390200158197996,0.029296875,-0.052734375,0.0390625,0.04408979415893555,-0.01988387107849121,-0.07035207748413086
572,690000000,imu1_frame,0.31426678658287005,-0.09881215478582701,-0.9131662781285573,0.23999977792968213,0.029296875,-0.052734375,0.0390625,0.03278684616088867,-0.05061793327331543,-0.09148597717285156
572,716000000,imu1_frame,0.31579530886948276,-0.09964159687715224,-0.9125671073516484,0.23992946806852206,0.029296875,-0.052734375,0.0390625,0.01348733901977539,-0.03188776969909668,-0.06947183609008789
572,741000000,imu1_frame,0.317771686308926,-0.09933418076370838,-0.9120576509282965,0.2393840372613473,0.044921875,-0.0078125,0.025390625,0.04809093475341797,-0.03130388259887695,-0.046185970306396484
572,766000000,imu1_frame,0.3158135070091731,-0.09965332583449242,-0.9126042285252511,0.239759390887037,0.044921875,-0.0078125,0.025390625,0.05345726013183594,-0.03125357627868652,0.0831747055053711
572,791000000,imu1_frame,0.3138091720576331,-0.10068465515057641,-0.9130253459159378,0.24035623866418449,0.044921875,-0.0078125,0.025390625,0.014275550842285156,-0.0056841373443603516,0.031294822692871094
572,816000000,imu1_frame,0.31184774923448855,-0.10067630389334294,-0.9136287134512725,0.24061969389293858,0.029296875,-0.009765625,0.013671875,-0.01752758026123047,0.0008840560913085938,0.007275581359863281
572,841000000,imu1_frame,0.3138415782501735,-0.09989057644740783,-0.9132481854419127,0.23979801559958538,0.033203125,-0.00390625,0.001953125,0.020986557006835938,0.011359930038452148,0.028556346893310547
572,866000000,imu1_frame,0.3118775374583127,-0.10056476325265505,-0.9137564823867319,0.24014208485207747,0.033203125,-0.00390625,0.001953125,-0.01475667953491211,0.00539851188659668,0.034542083740234375
572,890000000,imu1_frame,0.31033521404458125,-0.09974759238167673,-0.9143842742401042,0.24009138210348302,0.021484375,-0.013671875,0.009765625,-0.03455686569213867,0.02631521224975586,0.012585639953613281
572,916000000,imu1_frame,0.31181243516157936,-0.10154531281988131,-0.9136463677332018,0.2402329483040273,0.021484375,-0.013671875,0.009765625,-0.060509681701660156,0.06602716445922852,0.0063419342041015625
572,940000000,imu1_frame,0.31336556209832744,-0.10316543777739927,-0.9129121364838572,0.24031302086960737,0.03125,-0.0078125,0.013671875,-0.04503583908081055,0.030788660049438477,0.031805992126464844
572,965000000,imu1_frame,0.3153679200350385,-0.1038223908510965,-0.912225434241347,0.24001821450448654,0.03125,-0.0078125,0.013671875,-0.05509138107299805,0.012872457504272461,-0.015147686004638672
572,991000000,imu1_frame,0.31325874547708416,-0.10429552872618383,-0.9127846527944203,0.24044870283039257,0.03125,-0.0078125,0.013671875,-0.014171600341796875,0.010505199432373047,0.0702667236328125
573,16000000,imu1_frame,0.3112471811027275,-0.1044177227152091,-0.9134036742968232,0.24065714038781058,0.046875,-0.021484375,0.01953125,-0.04729652404785156,0.015247821807861328,0.046210289001464844
573,40000000,imu1_frame,0.3128773817213307,-0.10358914763060134,-0.9131068385665991,0.24002694403604113,0.033203125,-0.017578125,0.021484375,-0.01488637924194336,0.026864051818847656,0.06270599365234375
573,66000000,imu1_frame,0.3147269908083489,-0.10481098483840186,-0.9123528321024291,0.23994559480974534,0.033203125,-0.017578125,0.021484375,-0.07022762298583984,0.03359508514404297,0.016145706176757812
573,90000000,imu1_frame,0.313947024254565,-0.10745853814592282,-0.9120905545377241,0.2407919202637656,0.033203125,-0.017578125,0.021484375,-0.06082868576049805,-0.014638900756835938,0.05662965774536133
573,115000000,imu1_frame,0.31450813991421234,-0.10591109346165334,-0.9122873841014565,0.23999833128332543,0.05078125,-0.01953125,0.01953125,-0.04069375991821289,0.014783620834350586,0.05706644058227539
573,141000000,imu1_frame,0.3143808628553695,-0.10426595372900324,-0.9126990585985614,0.2393192687532582,0.04296875,-0.03125,0.021484375,-0.03131389617919922,0.04804039001464844,0.048750877380371094
573,165000000,imu1_frame,0.3132698643024272,-0.10699679180044668,-0.9125513911981934,0.24013254066575995,0.04296875,-0.03125,0.021484375,0.05065488815307617,0.07798290252685547,0.011233329772949219
573,190000000,imu1_frame,0.31220645758485044,-0.10959684311353722,-0.9123613118493817,0.24106533650100084,0.025390625,-0.017578125,0.021484375,0.016323566436767578,0.03130984306335449,0.00924062728881836
573,216000000,imu1_frame,0.3141805487475452,-0.11003456057591894,-0.9117087380687392,0.24076992170257286,0.025390625,-0.017578125,0.021484375,0.006989002227783203,-0.02161407470703125,-0.04285287857055664
573,241000000,imu1_frame,0.31621964430459787,-0.10950491926556208,-0.9112184165653356,0.24019743238569172,0.037109375,0.0,0.0234375,0.04402971267700195,-0.017193317413330078,-0.019993305206298828
573,266000000,imu1_frame,0.31430054804296387,-0.1105831170815766,-0.9115723392720328,0.2408784132929483,0.037109375,0.0,0.0234375,0.04460716247558594,-0.03237509727478027,-0.04288911819458008
573,291000000,imu1_frame,0.3153157388743137,-0.1130555001411759,-0.9107841246252526,0.24138499753834464,0.037109375,0.0,0.0234375,0.005953788757324219,-0.0044231414794921875,-0.015706539154052734
573,316000000,imu1_frame,0.31796000261614904,-0.11442689448647796,-0.9097872026787568,0.24102939322099648,0.068359375,0.025390625,0.01171875,0.04116630554199219,-0.0368802547454834,0.02312755584716797
573,341000000,imu1_frame,0.3165435672373013,-0.11420095974391471,-0.9102837058230103,0.2411262858905677,0.056640625,0.017578125,0.017578125,0.019956588745117188,-0.027937889099121094,0.0045757293701171875
573,366000000,imu1_frame,0.31487562478141906,-0.11511193420835933,-0.910619284395703,0.2416094004958811,0.056640625,0.017578125,0.017578125,-0.05210256576538086,0.038112640380859375,0.13260269165039062
573,390000000,imu1_frame,0.31342406200274076,-0.1151785159537196,-0.9110585069083603,0.24180914749097063,0.056640625,0.017578125,0.017578125,-0.07601118087768555,0.04156827926635742,0.11507558822631836
573,415000000,imu1_frame,0.31278499286952993,-0.1133336959766147,-0.9115919678785958,0.2414976308188502,0.0078125,-0.02734375,0.02734375,-0.07472991943359375,0.07817220687866211,0.09900903701782227
573,440000000,imu1_frame,0.3134012907384616,-0.11563056373615212,-0.9109265503710418,0.24211985363170793,0.009765625,-0.0234375,0.025390625,-0.08012723922729492,0.032065391540527344,0.11680889129638672
573,466000000,imu1_frame,0.3152909602312433,-0.11589885748335504,-0.9103001031806661,0.24189416565883132,0.009765625,-0.0234375,0.025390625,0.027015209197998047,-0.017900466918945312,-0.007196903228759766
573,490000000,imu1_frame,0.31321695444401704,-0.1155158843138586,-0.9109555097045684,0.24230410491547985,0.001953125,-0.025390625,0.0234375,-0.004917621612548828,-0.005321025848388672,-0.034377098083496094
573,516000000,imu1_frame,0.31281032100817696,-0.11812783115813771,-0.9105083263407441,0.24324906215813652,0.001953125,-0.025390625,0.0234375,0.005660057067871094,-0.015552043914794922,-0.023540019989013672
573,540000000,imu1_frame,0.31435596548202166,-0.11672747295161583,-0.9102955980560862,0.24272813636640594,0.0078125,-0.001953125,0.02734375,0.03971433639526367,0.005704164505004883,-0.011017322540283203
573,566000000,imu1_frame,0.31229901127915255,-0.1165794741987045,-0.910862452449587,0.24332724152289478,0.0078125,-0.001953125,0.02734375,-0.02919912338256836,0.013115406036376953,0.03734922409057617
573,591000000,imu1_frame,0.313370820655462,-0.11470711575077529,-0.91087822601465,0.24277945491796651,0.0078125,-0.001953125,0.02734375,-0.03899049758911133,0.005642414093017578,0.04197502136230469
573,616000000,imu1_frame,0.3141755415356644,-0.11295303540125338,-0.9109710001516931,0.24221308341425146,0.021484375,-0.013671875,0.03125,-0.014508724212646484,0.03632235527038574,0.044043540954589844
573,640000000,imu1_frame,0.31313476564958426,-0.11525197684800641,-0.910762759744153,0.2432587014629096,0.013671875,-0.005859375,0.029296875,-0.047553062438964844,-0.005620718002319336,0.04153919219970703
573,666000000,imu1_frame,0.312680193555079,-0.11796257909518061,-0.9102887766801263,0.2443159215887719,0.013671875,-0.005859375,0.029296875,-0.034821510314941406,0.01714491844177246,0.04832744598388672
573,690000000,imu1_frame,0.31070194210295426,-0.11861497886921298,-0.9106759344321373,0.24507984904406574,0.013671875,-0.005859375,0.029296875,-0.03736114501953125,0.00941777229309082,0.02725696563720703
573,715000000,imu1_frame,0.3124162990365942,-0.11756388463008205,-0.9103053521725004,0.24478348582586573,-0.00390625,-0.01171875,0.0390625,-0.003444194793701172,0.022615909576416016,0.04326200485229492
573,741000000,imu1_frame,0.31040876880623397,-0.11875378511399383,-0.9105338550172102,0.24591062123624383,0.001953125,0.0,0.037109375,-0.04603767395019531,0.003641843795776367,0.02434062957763672
573,766000000,imu1_frame,0.31242552081137576,-0.11848613685563664,-0.9099160741197236,0.24577238937138035,0.001953125,0.0,0.037109375,-0.012372970581054688,0.0010328292846679688,0.012468814849853516
573,790000000,imu1_frame,0.31336142607966555,-0.116786097180928,-0.9099375858581211,0.24531452055118877,0.017578125,0.0,0.03515625,0.013662338256835938,0.02949690818786621,0.016117572784423828
573,816000000,imu1_frame,0.3114002288596059,-0.11821619031899246,-0.9101397611349648,0.24637460302116804,0.017578125,0.0,0.03515625,-0.029280662536621094,0.006532430648803711,0.033899784088134766
573,841000000,imu1_frame,0.31212547746195834,-0.11641428001438867,-0.9102627299339253,0.2458600500714047,0.017578125,-0.013671875,0.033203125,-0.005799293518066406,0.03797125816345215,0.03446626663208008
573,866000000,imu1_frame,0.3109477104108195,-0.11890424117255008,-0.9100439559374437,0.2469682187715193,0.017578125,-0.013671875,0.033203125,-0.003566741943359375,0.03216409683227539,0.03157472610473633
573,890000000,imu1_frame,0.3126009084338759,-0.11997369142150748,-0.9093081425476254,0.24707425464746363,0.017578125,-0.013671875,0.033203125,-0.023172378540039062,0.006268739700317383,-0.017519474029541016
573,915000000,imu1_frame,0.3145876667464513,-0.1204015622153262,-0.9086043317902917,0.24693365910513324,0.013671875,-0.005859375,0.02734375,0.0060787200927734375,-0.008411407470703125,0.008848190307617188
573,940000000,imu1_frame,0.31296089252378473,-0.1196523151224984,-0.9092317117840646,0.24705565673095173,0.021484375,-0.0078125,0.017578125,-0.01557016372680664,0.01047968864440918,-0.014589786529541016
573,966000000,imu1_frame,0.3108676320711742,-0.12076399036546595,-0.9095975284518015,0.24780982667328766,0.021484375,-0.0078125,0.017578125,-0.018644332885742188,-0.004610538482666016,0.004168510437011719
573,991000000,imu1_frame,0.3124057862125187,-0.12238420408297299,-0.9088168048310081,0.24794504751793814,0.021484375,-0.0078125,0.017578125,-0.004302978515625,-0.0007138252258300781,-0.01239013671875
574,16000000,imu1_frame,0.31458423144085373,-0.12267759393110714,-0.908114905097462,0.2476172215656045,0.009765625,0.00390625,0.009765625,0.029448986053466797,-0.012788057327270508,0.015715599060058594
574,40000000,imu1_frame,0.31280532146001744,-0.12261096476677251,-0.9086431207289256,0.2479658471186214,0.01953125,0.00390625,0.009765625,0.0006561279296875,-0.006443500518798828,-0.006389617919921875
574,66000000,imu1_frame,0.31234034557878426,-0.12065289185898424,-0.9091941186143484,0.24749230874285363,0.01953125,0.00390625,0.009765625,-0.03270292282104492,-0.006874799728393555,0.05673837661743164
574,90000000,imu1_frame,0.31175068625857416,-0.118907212939698,-0.9097512612217646,0.24703284606227954,0.01953125,-0.0078125,0.0078125,-0.03027486801147461,0.02850794792175293,0.04136991500854492
574,116000000,imu1_frame,0.31288016809725666,-0.12107054660337017,-0.908998303035747,0.24732571284588623,0.01953125,-0.0078125,0.0078125,-0.025992870330810547,0.023679733276367188,0.026220321655273438
574,140000000,imu1_frame,0.3144518938167279,-0.12280605816570951,-0.9081979590701712,0.24741694706234096,0.03125,-0.005859375,0.015625,-0.011590957641601562,-0.013398170471191406,0.05376863479614258
574,165000000,imu1_frame,0.31314321672921014,-0.12170383306057081,-0.9088300429854584,0.247300335223989,0.03125,-0.005859375,0.015625,-0.025281429290771484,0.011661052703857422,0.032474517822265625
574,191000000,imu1_frame,0.31107021306846055,-0.1228175262035898,-0.9092073327144987,0.24797823278860529,0.03125,-0.005859375,0.015625,0.011296272277832031,-0.003128528594970703,0.016408443450927734
574,215000000,imu1_frame,0.30928909923612424,-0.1230457962852202,-0.9096757404675323,0.24837478196284324,0.0390625,-0.001953125,0.021484375,-0.019582748413085938,-0.002079486846923828,-0.004090785980224609
574,240000000,imu1_frame,0.31159941633847893,-0.12273662845832531,-0.9090723174557219,0.24784883580094896,0.04296875,0.015625,0.025390625,0.020524024963378906,-0.003101348876953125,0.022436141967773438
574,265000000,imu1_frame,0.313955067210929,-0.12294366696883595,-0.9083407364771663,0.24745540402455632,0.04296875,0.015625,0.025390625,0.01876688003540039,-0.014015436172485352,0.009262561798095703
574,290000000,imu1_frame,0.31242326715316254,-0.12277283851321986,-0.9088034110983809,0.24777992703344254,0.04296875,0.015625,0.025390625,-0.005486965179443359,-0.006717205047607422,-0.010281562805175781
574,316000000,imu1_frame,0.31477815098000184,-0.12237557007043366,-0.9082594285561291,0.246989364051251,0.064453125,0.01171875,0.01953125,0.03675699234008789,-0.004857540130615234,0.016660213470458984
574,340000000,imu1_frame,0.31300276795926696,-0.1229270048517684,-0.9086865705709078,0.24740035406622396,0.033203125,0.005859375,0.005859375,0.004253864288330078,-0.009656429290771484,-0.0024580955505371094
574,365000000,imu1_frame,0.31281781055840846,-0.12562167022098253,-0.908196060198912,0.24808089327376423,0.033203125,0.005859375,0.005859375,-0.016774654388427734,0.05373024940490723,0.05132150650024414
574,391000000,imu1_frame,0.31195476844044273,-0.12798282209755646,-0.9079207005590781,0.24896710865399077,-0.00390625,-0.01171875,0.005859375,-0.047434329986572266,0.011277914047241211,0.0524897575378418
574,415000000,imu1_frame,0.3136539141013965,-0.1285277479534748,-0.9073112132170021,0.24877339597628473,-0.00390625,-0.01171875,0.005859375,-0.06228065490722656,0.03514742851257324,-0.04120349884033203
574,440000000,imu1_frame,0.31562654577062205,-0.1290072400815733,-0.9066368735438505,0.24848862175575137,-0.001953125,0.00390625,-0.001953125,-0.03307151794433594,0.020509958267211914,-0.0145263671875
574,465000000,imu1_frame,0.31396753385284504,-0.12797163763679126,-0.9073370532131255,0.24857015008532732,-0.001953125,0.00390625,-0.001953125,-0.014210700988769531,0.0055484771728515625,0.07707643508911133
574,491000000,imu1_frame,0.3130824941391426,-0.13019476392323784,-0.9070954350267647,0.2494124035892976,-0.001953125,0.00390625,-0.001953125,-0.005304813385009766,0.04403281211853027,0.03836870193481445
574,516000000,imu1_frame,0.3120037156146521,-0.13223793984063714,-0.9069299339157251,0.25028963957178413,-0.013671875,-0.009765625,0.001953125,-0.03766775131225586,0.00813913345336914,0.03567028045654297
574,540000000,imu1_frame,0.31321301678767993,-0.13040879591279764,-0.9070226444152178,0.24940143259684772,-0.001953125,-0.01171875,-0.005859375,-0.004456520080566406,0.03985762596130371,0.041054725646972656
574,566000000,imu1_frame,0.31476363824710923,-0.12870983512965548,-0.906985508605251,0.2484651234246247,-0.001953125,-0.01171875,-0.005859375,-0.04469156265258789,-0.009841442108154297,0.008509635925292969
574,591000000,imu1_frame,0.3131299480158303,-0.1274159869901392,-0.9077649083794799,0.2483499004020874,-0.001953125,-0.01171875,-0.005859375,-0.023198604583740234,0.019755840301513672,0.02497386932373047
574,615000000,imu1_frame,0.31476765309431365,-0.12863688982876167,-0.9070009310292559,0.24844151475295664,0.0,-0.005859375,0.013671875,-0.005062580108642578,-0.008450984954833984,0.05115461349487305
574,641000000,imu1_frame,0.3130289915825124,-0.12737225091760732,-0.907737215720551,0.24860069855275888,-0.005859375,-0.0078125,0.013671875,-0.02557086944580078,0.019555330276489258,0.023520469665527344
574,665000000,imu1_frame,0.3147321821873419,-0.12627136259027041,-0.907454562769846,0.24804316760067735,-0.005859375,-0.0078125,0.013671875,0.009577274322509766,-0.0001704692840576172,-0.0040340423583984375
574,691000000,imu1_frame,0.31294348190797117,-0.1275266791399041,-0.9076815789701098,0.24883222146095094,-0.005859375,-0.00390625,0.001953125,-0.028760433197021484,-0.019199848175048828,-0.019727230072021484
574,716000000,imu1_frame,0.3117211560883292,-0.1294940602200125,-0.9075862124719446,0.24969676839222754,-0.005859375,-0.00390625,0.001953125,0.015316963195800781,-0.05317044258117676,-0.06384134292602539
574,741000000,imu1_frame,0.31312713979429985,-0.1274095902834444,-0.907615474224598,0.24890227314370555,-0.005859375,0.013671875,0.0,0.05257463455200195,-0.018250703811645508,-0.0571436882019043
574,765000000,imu1_frame,0.313468573555402,-0.12509707888598723,-0.9079926332128531,0.2482691126147665,-0.005859375,0.013671875,0.0,-0.043425559997558594,-0.015003681182861328,0.05282020568847656
574,791000000,imu1_frame,0.3117537382023464,-0.1263427854002385,-0.9081816745664242,0.24910470343993432,-0.005859375,0.013671875,0.0,-0.04174518585205078,0.039859771728515625,0.07705354690551758
574,816000000,imu1_frame,0.3101654350691098,-0.12744102707480426,-0.9083531662761037,0.24990140620389906,-0.00390625,0.01171875,0.005859375,-0.07622671127319336,0.022833824157714844,0.06319570541381836
574,840000000,imu1_frame,0.31198985933806933,-0.1262051917493235,-0.9080810702277772,0.24924555590762904,0.001953125,0.005859375,0.0078125,-0.0378875732421875,0.040575265884399414,0.07923316955566406
574,865000000,imu1_frame,0.3108030855015077,-0.12462072681819793,-0.9087339191180284,0.24914610318934416,0.001953125,0.005859375,0.0078125,-0.00791168212890625,-0.0007617473602294922,0.021883487701416016
574,891000000,imu1_frame,0.31289935174384387,-0.12518621097935062,-0.907989587388852,0.24895244014136078,0.001953125,0.005859375,0.0078125,0.02241992950439453,-0.017955303192138672,-0.031861305236816406
574,916000000,imu1_frame,0.31200912211725396,-0.12433306280775593,-0.9084354957283196,0.24887054327361688,0.01953125,0.015625,0.001953125,0.013778209686279297,0.0008680820465087891,-0.046857357025146484
574,941000000,imu1_frame,0.3136330948277528,-0.12600122141320994,-0.9076526132130028,0.24884675557208344,0.021484375,0.005859375,-0.00390625,0.029675960540771484,-0.03451681137084961,-0.018871784210205078
574,966000000,imu1_frame,0.3117728488625032,-0.12674008301791861,-0.9080628056035669,0.24931222021422939,0.021484375,0.005859375,-0.00390625,-0.0055084228515625,-0.003418445587158203,0.0011296272277832031
574,991000000,imu1_frame,0.3132873142027163,-0.1247917430595156,-0.9081013555262143,0.24825391782461032,0.013671875,0.017578125,-0.017578125,0.0336613655090332,0.03018951416015625,0.010043621063232422
575,16000000,imu1_frame,0.3155806565666099,-0.12412387119693745,-0.9076341901255872,0.247390967327311,0.013671875,0.017578125,-0.017578125,-0.0013403892517089844,-0.0016608238220214844,-0.0001888275146484375
575,40000000,imu1_frame,0.31682718874524035,-0.12254795584957963,-0.9077128586246564,0.2462923004812207,0.03125,0.021484375,-0.029296875,0.031579017639160156,0.02683854103088379,0.007650852203369141
575,66000000,imu1_frame,0.31578440518456513,-0.12465238875176092,-0.9076735136631808,0.24672005191116014,0.03125,0.021484375,-0.029296875,0.00164031982421875,0.0662083625793457,0.08304119110107422
575,90000000,imu1_frame,0.31439171082269596,-0.1259361546522855,-0.9078987362149565,0.2470178574448797,0.03125,0.021484375,-0.029296875,-0.06375408172607422,0.04775428771972656,0.10733509063720703
575,116000000,imu1_frame,0.3128743208199042,-0.12533358459511637,-0.9086289683089801,0.24656550832138052,0.02734375,0.0,-0.041015625,-0.08218050003051758,0.06673789024353027,0.08577919006347656
575,140000000,imu1_frame,0.31455225213987886,-0.1264071122666369,-0.9080457881646224,0.2460304234005008,0.017578125,-0.01171875,-0.033203125,-0.05989646911621094,0.04437518119812012,0.11160469055175781
575,165000000,imu1_frame,0.313904859299044,-0.12877686944612676,-0.9078498388606583,0.24635122748786772,0.017578125,-0.01171875,-0.033203125,-0.010543346405029297,0.04298877716064453,0.03736162185668945
575,190000000,imu1_frame,0.3156870112292356,-0.12973796458170198,-0.9072619297044097,0.24573473990541175,0.017578125,-0.01171875,-0.033203125,-0.024709224700927734,0.022675037384033203,-0.01008462905883789
575,216000000,imu1_frame,0.3174419116529703,-0.130764399696201,-0.9066148003109104,0.24531797397542648,0.0078125,-0.013671875,-0.01953125,-0.0014662742614746094,0.0002818107604980469,0.016860485076904297
575,241000000,imu1_frame,0.31572620462687845,-0.13003210666989706,-0.9073402868887429,0.24523910523313533,0.009765625,-0.009765625,-0.013671875,-0.023602008819580078,0.020067691802978516,-0.00807046890258789
575,266000000,imu1_frame,0.31417306927711514,-0.1318613577146267,-0.9074469907183735,0.2458613916799878,0.009765625,-0.009765625,-0.013671875,0.017233848571777344,-0.009007930755615234,-0.021747112274169922
575,290000000,imu1_frame,0.3130691944248037,-0.13345337805773627,-0.9074130696279102,0.2465347773756003,0.0,0.005859375,-0.005859375,-0.01194906234741211,-0.03598475456237793,-0.02701854705810547
575,316000000,imu1_frame,0.31470837485273057,-0.13157999699686895,-0.9073717827146267,0.24560494930098087,0.0,0.005859375,-0.005859375,-0.04987478256225586,-0.04385948181152344,-0.016628265380859375
575,341000000,imu1_frame,0.3163336219209111,-0.12964461114763307,-0.9073431640724368,0.2446501523682259,-0.005859375,0.01171875,-0.013671875,-0.009514331817626953,-0.01135873794555664,-0.006463527679443359
575,366000000,imu1_frame,0.3146234060300439,-0.13065149139379464,-0.907623053585781,0.24528084469492112,-0.005859375,0.01171875,-0.013671875,-0.005452156066894531,0.013402700424194336,0.020552635192871094
575,391000000,imu1_frame,0.3168201810646771,-0.12987543545947752,-0.9071718913800653,0.2445332362364498,-0.005859375,0.01171875,-0.013671875,-0.002768993377685547,0.022455215454101562,0.04369068145751953
575,415000000,imu1_frame,0.31534655225429387,-0.13011106427229172,-0.9075317232247978,0.24497721174813436,-0.029296875,0.037109375,-0.033203125,-0.028878211975097656,0.021622419357299805,0.02670574188232422
575,440000000,imu1_frame,0.3178095843362776,-0.1302213394833649,-0.9067949790016214,0.2444633651584825,-0.02734375,0.044921875,-0.041015625,0.010952472686767578,0.012989282608032227,0.05772066116333008
575,465000000,imu1_frame,0.31839635458193827,-0.12732361725894628,-0.907261594635643,0.2434930322950134,-0.02734375,0.044921875,-0.041015625,-0.033648014068603516,-0.04689431190490723,0.04654693603515625
575,491000000,imu1_frame,0.31857307965925985,-0.12442168685573969,-0.9078396039879946,0.24260603905778644,-0.02734375,0.044921875,-0.041015625,-0.010936737060546875,0.046903133392333984,0.03837776184082031
575,515000000,imu1_frame,0.3181826580629777,-0.125886060158287,-0.9077633868928545,0.24264815965223419,-0.033203125,0.015625,-0.080078125,-0.025413036346435547,0.022713184356689453,0.04067087173461914
575,540000000,imu1_frame,0.3166203869849202,-0.12648196984933255,-0.9082209398334943,0.2426696649697196,-0.033203125,0.015625,-0.080078125,-0.014094829559326172,0.05342221260070801,0.06329870223999023
575,566000000,imu1_frame,0.31887714353815727,-0.12612978523547086,-0.9077749204636557,0.24156435660627368,-0.033203125,0.015625,-0.080078125,-0.05060625076293945,0.05700802803039551,0.046595096588134766
575,591000000,imu1_frame,0.32017777426803307,-0.12636600542714216,-0.9074889800800162,0.2407936389743052,-0.08203125,0.005859375,-0.115234375,-0.02852010726928711,0.05219864845275879,0.06401205062866211
575,615000000,imu1_frame,0.3201298716169386,-0.12282473609449375,-0.9084063998587809,0.23922533769951926,-0.08203125,0.005859375,-0.115234375,-0.0031442642211914062,-0.22093415260314941,-0.03193950653076172
575,641000000,imu1_frame,0.3204159282278311,-0.11988194624012269,-0.9091080808523484,0.23766457294375604,-0.013671875,0.0234375,-0.08203125,0.023749828338623047,-0.16188669204711914,-0.04231882095336914
575,666000000,imu1_frame,0.32012564240801816,-0.12158667703935909,-0.9089934932440044,0.23762803344606143,-0.013671875,0.0234375,-0.08203125,0.04908275604248047,0.07921481132507324,0.0011463165283203125
575,690000000,imu1_frame,0.3214609166330022,-0.11903659870763376,-0.909281819961943,0.23600792175747923,-0.013671875,0.0234375,-0.08203125,0.01210927963256836,-0.024511337280273438,-0.029258251190185547
575,716000000,imu1_frame,0.32357296789331463,-0.11674733333866362,-0.9093511707656254,0.2339894075256594,0.048828125,0.076171875,-0.08984375,0.06526374816894531,0.01903676986694336,-0.013175487518310547
575,740000000,imu1_frame,0.32305264597059,-0.11829668503235877,-0.9093712407359871,0.2338521515061325,0.046875,0.0703125,-0.076171875,0.04938554763793945,-0.005311489105224609,-0.012628555297851562
575,765000000,imu1_frame,0.3238673538169661,-0.12064752784132153,-0.90882374916392,0.23365252858252952,0.046875,0.0703125,-0.076171875,-0.06317996978759766,0.02596759796142578,0.12192440032958984
575,791000000,imu1_frame,0.3234241261528387,-0.11927377289906989,-0.909441382740307,0.23256606175470304,0.046875,0.0703125,-0.076171875,-0.023140907287597656,0.01873183250427246,0.109893798828125
575,816000000,imu1_frame,0.3220458166187967,-0.11820360470446495,-0.9100377321294529,0.2326923418032597,-0.0234375,0.044921875,-0.021484375,-0.03931617736816406,0.04184913635253906,0.08753585815429688
575,840000000,imu1_frame,0.320462222529243,-0.11845192774322456,-0.9103920019792849,0.23336560902944012,-0.03515625,0.029296875,-0.009765625,-0.0679621696472168,0.03960156440734863,0.06879281997680664
575,866000000,imu1_frame,0.3228091528792858,-0.11803112031467888,-0.9096993084122399,0.2330452182064937,-0.03515625,0.029296875,-0.009765625,-0.0631403923034668,0.04005575180053711,0.022106170654296875
575,891000000,imu1_frame,0.32500776722084407,-0.11784282547197818,-0.9089253888382344,0.23310439132750582,-0.056640625,0.0390625,0.0,-0.028236865997314453,0.03479290008544922,0.04907989501953125
575,915000000,imu1_frame,0.3258318749743759,-0.11493714166247684,-0.9091313970557895,0.23260082889906247,-0.056640625,0.0390625,0.0,-0.07599020004272461,-0.06696820259094238,0.04636383056640625
575,941000000,imu1_frame,0.3262207904039055,-0.11201678223243365,-0.9095073254433304,0.23201004584168866,-0.048828125,-0.001953125,0.00390625,-0.0521087646484375,-0.013895511627197266,0.03836631774902344
575,966000000,imu1_frame,0.32407309099332465,-0.1113554970447526,-0.9102028107464176,0.23261003478197026,-0.048828125,-0.001953125,0.00390625,-0.006037235260009766,0.041329145431518555,0.16053485870361328
575,990000000,imu1_frame,0.32584230390615987,-0.11090935812671086,-0.9096606340555423,0.23247244592578162,-0.048828125,-0.001953125,0.00390625,-0.014825820922851562,0.004262447357177734,-0.049429893493652344
576,16000000,imu1_frame,0.32739358700512455,-0.1102586716467412,-0.9090227416777583,0.23309680312536607,-0.109375,-0.0078125,0.037109375,0.010282516479492188,0.0061647891998291016,-0.03243684768676758
576,41000000,imu1_frame,0.32857475125130525,-0.11086599966953802,-0.9082671241728902,0.23409014098018846,-0.09765625,0.015625,0.029296875,0.021506309509277344,-0.014756441116333008,-0.01466226577758789
576,66000000,imu1_frame,0.3264471942223926,-0.1103994755324543,-0.9087469820102373,0.2354211287751633,-0.09765625,0.015625,0.029296875,0.06034517288208008,-0.006312131881713867,-0.043890953063964844
576,90000000,imu1_frame,0.324818297428158,-0.11096446168324005,-0.9088719742597297,0.2369212871492194,-0.09765625,0.015625,0.029296875,0.026337623596191406,-0.01864004135131836,-0.06218767166137695
576,116000000,imu1_frame,0.32678761464213124,-0.1107085856092085,-0.9080212429432021,0.23759395268566205,-0.080078125,0.01953125,0.046875,0.055556297302246094,-0.025629043579101562,-0.03824138641357422
576,141000000,imu1_frame,0.32471794666764897,-0.11015764964355719,-0.9084686864335154,0.23897320583428644,-0.076171875,0.017578125,0.052734375,0.021330833435058594,-0.016009092330932617,-0.06694173812866211
576,165000000,imu1_frame,0.32423744327607734,-0.1073797008526867,-0.908885468958277,0.2393050031634793,-0.076171875,0.017578125,0.052734375,0.027704238891601562,-0.006463289260864258,-0.04579353332519531
576,191000000,imu1_frame,0.32591263074544413,-0.10823368417098181,-0.9076058382495041,0.24149134375123005,-0.11328125,0.103515625,0.09375,0.04064321517944336,-0.04066014289855957,-0.020926952362060547
576,216000000,imu1_frame,0.32520167255020577,-0.10555480840555846,-0.9077751001806774,0.2429946955902038,-0.11328125,0.103515625,0.09375,0.1559009552001953,-0.1520686149597168,-0.08020591735839844
576,241000000,imu1_frame,0.32469490983830185,-0.1045432506258086,-0.9079708987568964,0.24337783646889463,0.03125,0.08984375,0.041015625,0.15217304229736328,-0.13454389572143555,-0.09079790115356445
576,265000000,imu1_frame,0.3276218115804852,-0.10494227359931045,-0.9068434892818704,0.24348707098244626,0.03125,0.08984375,0.041015625,0.0032939910888671875,-0.04060530662536621,-0.20031452178955078
576,290000000,imu1_frame,0.32808180587466884,-0.10745996599611023,-0.9060397208882519,0.244758469791894,0.03125,0.08984375,0.041015625,0.03074359893798828,0.062334537506103516,0.03870868682861328
576,316000000,imu1_frame,0.32805065508133696,-0.10901637472183395,-0.9053965569623385,0.24648584621425446,-0.0234375,0.12109375,0.048828125,0.014954090118408203,0.02520298957824707,0.04490089416503906
576,340000000,imu1_frame,0.3272714328121513,-0.10963100487215433,-0.9052073180238766,0.24793983833144642,-0.021484375,0.10546875,0.052734375,-0.006107330322265625,0.009172677993774414,0.03755378723144531
576,366000000,imu1_frame,0.330487625900005,-0.10887542883696752,-0.9040451722039782,0.2482466449667034,-0.021484375,0.10546875,0.052734375,-0.11001825332641602,0.0817112922668457,0.19283485412597656
576,390000000,imu1_frame,0.3305618340947545,-0.1105702179810791,-0.903367047717416,0.24986211764460897,-0.021484375,0.10546875,0.052734375,-0.08569574356079102,0.08146047592163086,0.16592788696289062
576,416000000,imu1_frame,0.3289073915877765,-0.11057456720285923,-0.9032910677810401,0.2523062419240039,-0.1015625,0.064453125,0.103515625,-0.12067461013793945,0.07389545440673828,0.14463186264038086
576,441000000,imu1_frame,0.33129705617271193,-0.10967276346680252,-0.9022152250811456,0.2534202698219454,-0.078125,0.060546875,0.109375,-0.08345651626586914,0.07317137718200684,0.17155790328979492
576,466000000,imu1_frame,0.33149298533341093,-0.1067764950269207,-0.9022217230216906,0.2543759880418768,-0.078125,0.060546875,0.109375,-0.06755590438842773,-0.03530573844909668,0.0837407112121582
576,490000000,imu1_frame,0.3314140961894988,-0.10425154253528275,-0.9022412637843423,0.25545452560239523,-0.068359375,0.041015625,0.12890625,-0.05846214294433594,0.002588987350463867,0.07230329513549805
576,516000000,imu1_frame,0.3294357412826241,-0.10383219831884521,-0.9023684586310198,0.25772491502709094,-0.068359375,0.041015625,0.12890625,0.057317256927490234,-0.03409218788146973,-0.03307390213012695
576,540000000,imu1_frame,0.32780250313222825,-0.10280456427017659,-0.902586070993252,0.2594515849911671,-0.08203125,0.052734375,0.099609375,0.03160858154296875,-0.019237995147705078,-0.05820798873901367
576,566000000,imu1_frame,0.3292249877373517,-0.09999467061302524,-0.902181617300019,0.26015438244291694,-0.08203125,0.052734375,0.099609375,-0.04635190963745117,-0.2110452651977539,-0.1643815040588379
576,591000000,imu1_frame,0.33144097456578936,-0.09913950005143303,-0.9011548090435367,0.2612245203768945,-0.08203125,0.052734375,0.099609375,-0.01167917251586914,-0.020750999450683594,-0.10394859313964844
576,616000000,imu1_frame,0.33441399075792794,-0.09910601372600826,-0.8998456783849851,0.26195998915972385,0.0,0.095703125,0.09375,0.030878543853759766,-0.0376131534576416,-0.0653834342956543
576,641000000,imu1_frame,0.3369662107845786,-0.09749287908503625,-0.899056672902097,0.26200383628375606,0.005859375,0.09375,0.0703125,0.07877349853515625,-0.02110886573791504,-0.03807783126831055
576,666000000,imu1_frame,0.33707872783689785,-0.09558316397653502,-0.899092913096968,0.26243803768299523,0.005859375,0.09375,0.0703125,0.05094480514526367,-0.10436415672302246,-0.008625030517578125
576,690000000,imu1_frame,0.3361739837456133,-0.09629013754238491,-0.8989408484331636,0.26385718311794504,0.005859375,0.09375,0.0703125,0.027751445770263672,-0.007908344268798828,0.02118396759033203
576,716000000,imu1_frame,0.3353601038119791,-0.09653153380798839,-0.8989791327335448,0.2646729730470023,0.041015625,0.095703125,0.04296875,0.010924816131591797,-0.013377666473388672,0.011414051055908203
576,741000000,imu1_frame,0.33468972508542727,-0.09538200778069095,-0.8992433624341425,0.2650404415029957,0.00390625,0.087890625,0.0234375,0.006132602691650391,0.007395744323730469,-0.0016798973083496094
576,766000000,imu1_frame,0.33641360959887456,-0.09729764268760559,-0.8981436460962541,0.2658891554407919,0.00390625,0.087890625,0.0234375,0.017597198486328125,0.039470672607421875,-0.007036685943603516
576,791000000,imu1_frame,0.33733972889785874,-0.0997383830300649,-0.8972643777778313,0.26677855728792793,0.03125,0.087890625,0.013671875,0.013657569885253906,-0.012355566024780273,0.014569282531738281
576,815000000,imu1_frame,0.3395937971526929,-0.10142745913844407,-0.8961136972007405,0.2671493311939122,0.03125,0.087890625,0.013671875,0.035982608795166016,-0.014833450317382812,-0.023194313049316406
576,840000000,imu1_frame,0.3386801271987426,-0.10217922017820792,-0.8961658700630364,0.26784680647448056,0.044921875,0.078125,0.0234375,0.015081405639648438,-0.02800273895263672,-0.03228187561035156
576,865000000,imu1_frame,0.34166491008052435,-0.10236542135126718,-0.8950985354233064,0.2675537733135095,0.044921875,0.078125,0.0234375,-0.13163995742797852,0.031475067138671875,0.00811910629272461
576,891000000,imu1_frame,0.34070339267509625,-0.10251797495226152,-0.8952885882835463,0.2680850736624872,0.044921875,0.078125,0.0234375,0.0033693313598632812,-0.005297183990478516,0.031099796295166016
576,916000000,imu1_frame,0.34006386278506495,-0.10206636667520026,-0.8954393049902821,0.2685655918019734,0.0390625,0.091796875,0.03515625,-0.005414009094238281,0.002463102340698242,0.02078390121459961
576,941000000,imu1_frame,0.3394103509388847,-0.10141560630803782,-0.8955681472181123,0.26920843627389063,0.015625,0.091796875,0.041015625,-0.013853073120117188,0.012762069702148438,0.009516239166259766
576,965000000,imu1_frame,0.34218698255282554,-0.10201845338528791,-0.8943543512317895,0.2695006467024357,0.015625,0.091796875,0.041015625,-0.09048843383789062,0.06233978271484375,-0.06050729751586914
576,990000000,imu1_frame,0.3451540097270458,-0.1013685661548219,-0.8933243418404717,0.26937843944968215,0.015625,0.091796875,0.041015625,-0.12002229690551758,-0.013286113739013672,-0.02322530746459961
577,15000000,imu1_frame,0.34784119177803513,-0.10110572368512014,-0.8924683872167664,0.26885742645359173,0.0625,0.056640625,0.033203125,-0.07650279998779297,-0.01761317253112793,0.012136459350585938
577,40000000,imu1_frame,0.3502591554847967,-0.10013800797903936,-0.8918186143167072,0.268235833764423,0.056640625,0.060546875,0.03515625,-0.032454490661621094,-0.007919073104858398,0.041330814361572266
577,65000000,imu1_frame,0.34915311129407883,-0.10115488775725172,-0.8919057077562705,0.26900557992032154,0.056640625,0.060546875,0.03515625,0.020193099975585938,-0.025313377380371094,-0.008822917938232422
577,91000000,imu1_frame,0.348207678397029,-0.09986430619848193,-0.8923830069788318,0.2691302694017629,0.017578125,0.03515625,0.03125,0.013504505157470703,0.00037670135498046875,-0.02678060531616211
577,116000000,imu1_frame,0.350325847732913,-0.10103704008957438,-0.8913402799263924,0.26939900207850415,0.017578125,0.03515625,0.03125,-0.04160118103027344,0.04327130317687988,-0.03626251220703125
577,141000000,imu1_frame,0.3526807929327099,-0.10223541016110368,-0.8902787749029715,0.2693842648760503,0.03515625,0.046875,0.013671875,-0.01416921615600586,0.012214183807373047,0.0008602142333984375
577,166000000,imu1_frame,0.35316304027633505,-0.10482937063942577,-0.8895287831566492,0.27023177823854955,0.03515625,0.046875,0.013671875,0.01274728775024414,0.03832221031188965,0.01802968978881836
577,190000000,imu1_frame,0.3520945621172368,-0.10437058129329586,-0.8899531056207292,0.2704064919412809,0.03515625,0.046875,0.013671875,0.03827190399169922,-0.028284788131713867,-0.033707618713378906
577,215000000,imu1_frame,0.35065979621001453,-0.10328011515201065,-0.8905582961686678,0.2706969638937565,-0.015625,0.0234375,0.01171875,0.022640228271484375,-0.004945278167724609,-0.057842254638671875
577,240000000,imu1_frame,0.3527253783434645,-0.10446426062960194,-0.8895188239689057,0.27097654424054046,0.005859375,0.041015625,0.01953125,0.04450559616088867,-0.03623533248901367,-0.024675369262695312
577,265000000,imu1_frame,0.35512247127032553,-0.10458138784135387,-0.8885954087827204,0.27083013718252064,0.005859375,0.041015625,0.01953125,0.0013270378112792969,-0.009000778198242188,-0.03399944305419922
577,290000000,imu1_frame,0.3545115754963259,-0.10294887072397282,-0.8890514150783915,0.27075940279680244,0.005859375,0.041015625,0.01953125,0.0027480125427246094,0.022104740142822266,-0.009992122650146484
577,316000000,imu1_frame,0.3557943283001091,-0.10562744945334354,-0.8880052827956203,0.271477173255001,0.044921875,0.037109375,0.02734375,0.00203704833984375,-0.03402066230773926,0.018706321716308594
577,341000000,imu1_frame,0.35533179679929827,-0.10411959579632045,-0.888375115221008,0.2714554818209676,0.025390625,0.044921875,0.037109375,0.0046863555908203125,-0.006036520004272461,0.0061244964599609375
577,366000000,imu1_frame,0.3575809799600896,-0.10533261345066207,-0.887241175392421,0.27174248840163145,0.025390625,0.044921875,0.037109375,-0.006447315216064453,0.0004093647003173828,0.0072383880615234375
577,390000000,imu1_frame,0.35800582665679237,-0.1038825946976416,-0.8873899563009193,0.2712550461372556,0.04296875,0.029296875,0.029296875,0.010736942291259766,0.02635478973388672,0.0072917938232421875
577,416000000,imu1_frame,0.3568078300171973,-0.1033732550155031,-0.8878735137056933,0.27144569667951024,0.04296875,0.029296875,0.029296875,-0.004345417022705078,0.00016641616821289062,-0.01150655746459961
577,441000000,imu1_frame,0.35936716047374856,-0.10400438728648119,-0.8868697464413161,0.2711095428886894,0.046875,0.037109375,0.01953125,0.030266761779785156,-0.01990675926208496,0.026837825775146484
577,465000000,imu1_frame,0.35811518050392654,-0.10423723718210999,-0.8872875956252781,0.27130948845698954,0.068359375,0.02734375,0.0234375,0.00993204116821289,-0.019615650177001953,0.010268688201904297
577,490000000,imu1_frame,0.3585324879611889,-0.10729771663797023,-0.8865159262915148,0.2720866911705446,0.068359375,0.02734375,0.0234375,0.02900218963623047,-0.0005769729614257812,-0.014226436614990234
577,516000000,imu1_frame,0.35736322749770083,-0.10939881006971164,-0.8863904724212138,0.2731947188154539,0.03515625,0.025390625,0.029296875,-0.005639076232910156,-0.038266897201538086,-0.02166891098022461
577,540000000,imu1_frame,0.35858524619513604,-0.10778088533559856,-0.8863027382545466,0.27252038112761534,0.0390625,0.029296875,0.03125,0.02494955062866211,-0.011828422546386719,-0.011449813842773438
577,565000000,imu1_frame,0.3602062021355515,-0.10989778670662924,-0.8852341535349545,0.27301000317812385,0.0390625,0.029296875,0.03125,-0.0410771369934082,0.05501723289489746,0.024219989776611328
577,591000000,imu1_frame,0.35978740296473,-0.1126385372457038,-0.8846988768960902,0.2741778288152419,0.0390625,0.029296875,0.03125,-0.030178070068359375,0.041823625564575195,0.06933259963989258
577,616000000,imu1_frame,0.35857990275683854,-0.11391384871886163,-0.8846191929717501,0.2754867906723702,0.005859375,0.048828125,0.04296875,-0.061339378356933594,0.01722431182861328,0.05803871154785156
577,640000000,imu1_frame,0.3597540179931643,-0.11175779664911503,-0.8845039786630818,0.2752089263724698,-0.021484375,0.033203125,0.044921875,-0.029664993286132812,0.050414085388183594,0.06499624252319336
577,666000000,imu1_frame,0.36177946984374393,-0.11249212928982706,-0.8834129303319532,0.27575846418511285,-0.021484375,0.033203125,0.044921875,-0.1247568130493164,0.09958672523498535,0.05769538879394531
577,691000000,imu1_frame,0.3637263214204984,-0.11323873261770326,-0.8824256659103684,0.2760527063509634,-0.01171875,0.02734375,0.029296875,-0.10283041000366211,0.07629179954528809,0.08860015869140625
577,715000000,imu1_frame,0.36282165556302115,-0.11158267044514292,-0.8829688035060933,0.27618082110432113,-0.01171875,0.02734375,0.029296875,0.046502113342285156,-0.04475665092468262,-0.040857791900634766
577,740000000,imu1_frame,0.3618528790136112,-0.11038336509777781,-0.88348308300496,0.2762890672887775,0.01953125,0.025390625,0.033203125,0.03966379165649414,-0.02070474624633789,-0.0597834587097168
577,766000000,imu1_frame,0.36416685987780406,-0.1100512172416166,-0.882681562185663,0.2759429062829047,0.01953125,0.025390625,0.033203125,0.0021543502807617188,-0.023220062255859375,-0.028417110443115234
577,791000000,imu1_frame,0.36525327284056636,-0.10815186000819241,-0.8826582855247834,0.2753317505310151,0.01953125,0.025390625,0.033203125,-0.08487462997436523,0.00807499885559082,0.08446216583251953
577,816000000,imu1_frame,0.36565378049121644,-0.10619208996852776,-0.8828710254538172,0.27488052905712107,0.013671875,0.0078125,0.041015625,-0.06494617462158203,0.042507171630859375,0.08197975158691406
577,840000000,imu1_frame,0.3645708314300218,-0.10580686927698442,-0.8832303308534245,0.27531290915025414,0.0078125,0.013671875,0.03515625,-0.07985544204711914,0.05112028121948242,0.06494665145874023
577,866000000,imu1_frame,0.3654946297169746,-0.1080948115799239,-0.8822845066995902,0.2762304049075932,0.0078125,0.013671875,0.03515625,-0.006880283355712891,0.0802767276763916,-0.017817020416259766
577,890000000,imu1_frame,0.36562588912074273,-0.11046760694998836,-0.8815909810118566,0.27733005466043753,0.0078125,0.013671875,0.03515625,0.014322280883789062,0.0322721004486084,-0.005794525146484375
577,916000000,imu1_frame,0.3654866888176098,-0.11266110349944955,-0.8808583346049285,0.27895438769171194,-0.033203125,0.015625,0.052734375,-0.008775711059570312,-0.01476597785949707,0.0017848014831542969
577,941000000,imu1_frame,0.3658579890974955,-0.11020954103929323,-0.8810697196670059,0.27877937148101295,-0.033203125,0.013671875,0.046875,0.012897491455078125,0.02620100975036621,-0.0035762786865234375
577,966000000,imu1_frame,0.3641201244339952,-0.10927633805086817,-0.8816411766467586,0.2796141136732609,-0.033203125,0.013671875,0.046875,-0.009630203247070312,0.005496501922607422,-0.005016803741455078
577,991000000,imu1_frame,0.36620114744553217,-0.10933241806478149,-0.8806463609375517,0.28000915866651727,-0.041015625,0.03125,0.04296875,0.017873287200927734,-0.007485866546630859,0.024886608123779297
578,16000000,imu1_frame,0.3650035734510549,-0.10752867900767052,-0.8811988366977307,0.28053268038036505,-0.041015625,0.03125,0.04296875,0.0491180419921875,-0.052959442138671875,-0.027178287506103516
578,40000000,imu1_frame,0.3637785297509666,-0.10620192747650836,-0.8817830612589387,0.28079345570955627,-0.009765625,0.017578125,0.03125,0.038904666900634766,-0.026455402374267578,-0.050173282623291016
578,65000000,imu1_frame,0.36624943870041515,-0.1066877676332486,-0.8808346846048506,0.28037354954798804,0.017578125,0.01171875,0.005859375,0.07286930084228516,-0.04337787628173828,-0.012912750244140625
578,91000000,imu1_frame,0.3684157257625633,-0.10712180324447516,-0.8799963048330447,0.28000227813480894,0.017578125,0.01171875,0.005859375,0.024357318878173828,-0.01920032501220703,-0.02298259735107422
578,116000000,imu1_frame,0.3672810920397394,-0.10597227477429147,-0.880524865119237,0.2802685111032057,-0.00390625,0.02734375,0.025390625,0.014474868774414062,0.0037107467651367188,-0.0440373420715332
578,140000000,imu1_frame,0.36885750789812854,-0.10688663147390964,-0.8795805259369681,0.28081574968614087,-0.033203125,0.02734375,0.025390625,0.028554916381835938,-0.022574663162231445,-0.017595291137695312
578,165000000,imu1_frame,0.3692094544392923,-0.10877357488227896,-0.878820110246797,0.282006918329634,-0.033203125,0.02734375,0.025390625,0.0553135871887207,0.20558595657348633,-0.03970813751220703
578,191000000,imu1_frame,0.3698465531625539,-0.11063933549878192,-0.877952209203454,0.2831472813024007,-0.033203125,0.02734375,0.025390625,0.008161544799804688,0.20272469520568848,-0.022506237030029297
578,216000000,imu1_frame,0.37019826168215497,-0.11297991218322297,-0.877041585341735,0.28458187586674927,-0.009765625,0.00390625,0.068359375,-0.008512496948242188,0.1522386074066162,-0.007186412811279297
578,241000000,imu1_frame,0.3705526098499538,-0.11552053742358907,-0.8761617443504391,0.2858082687809241,0.009765625,-0.009765625,0.0625,-0.02571582794189453,0.09981775283813477,0.009290695190429688
578,265000000,imu1_frame,0.36891573303601516,-0.11487144274006743,-0.8767429599911254,0.2864044616749445,0.009765625,-0.009765625,0.0625,-0.00813913345336914,-0.0418243408203125,0.0921177864074707
578,291000000,imu1_frame,0.36726098738954266,-0.11304459967654838,-0.8772867220166611,0.2875904953208442,-0.068359375,0.015625,0.083984375,-0.02498626708984375,-0.010968685150146484,0.06016731262207031
578,315000000,imu1_frame,0.36593369397434655,-0.1107731749190361,-0.8777790110869476,0.2886621607136382,-0.09765625,0.025390625,0.080078125,-0.033782005310058594,0.026715755462646484,0.031204700469970703
578,341000000,imu1_frame,0.36754237827536457,-0.11141574845695199,-0.8766380735911687,0.2898358485381526,-0.0703125,0.017578125,0.07421875,-0.020638465881347656,0.0007224082946777344,0.057019710540771484
578,366000000,imu1_frame,0.36589597991556333,-0.10943704186713257,-0.8771328365063894,0.2911728917177159,-0.09765625,0.02734375,0.08203125,-0.03687763214111328,0.033275604248046875,0.024916648864746094
578,390000000,imu1_frame,0.36669542451850695,-0.11041997379993633,-0.8761129787147732,0.29286164574887685,-0.09765625,0.02734375,0.08203125,-0.03979778289794922,0.08014941215515137,0.00929880142211914
578,415000000,imu1_frame,0.36758269240294034,-0.11159481338069607,-0.875120109159661,0.29426919039667765,-0.07421875,0.013671875,0.06640625,-0.04153585433959961,0.04700422286987305,0.027132034301757812
578,441000000,imu1_frame,0.3688543854333872,-0.11306936143960847,-0.8740794341152106,0.2952065458404174,-0.02734375,0.00390625,0.0546875,-0.03784370422363281,0.01001119613647461,0.051911354064941406
578,465000000,imu1_frame,0.3685959970177915,-0.11086862860017274,-0.8744691188993461,0.2952099223708083,-0.02734375,0.00390625,0.0546875,-0.06575918197631836,-0.18227863311767578,0.03858518600463867
578,491000000,imu1_frame,0.36805062827256846,-0.1085592681167362,-0.8749571658544447,0.29530251989118567,-0.02734375,0.00390625,0.0546875,-0.019373416900634766,-0.18042421340942383,0.016922473907470703
578,516000000,imu1_frame,0.3679693682494436,-0.10626669269888935,-0.8754830498708762,0.29467840681280716,-0.001953125,0.0234375,0.0,-0.0024504661560058594,-0.13734817504882812,0.00612640380859375
578,541000000,imu1_frame,0.36775413075152535,-0.10384300102455694,-0.8760511876353417,0.2941221635581228,-0.015625,0.0234375,-0.001953125,0.013041019439697266,-0.09178614616394043,-0.006923198699951172
578,566000000,imu1_frame,0.36762832523055256,-0.10138236422640463,-0.8765909756140725,0.29352903124565405,-0.015625,0.0234375,-0.001953125,-0.008977413177490234,-0.11995100975036621,0.012647151947021484
578,590000000,imu1_frame,0.36739792096345936,-0.09965207066321205,-0.8772470105923992,0.29244814051547846,0.04296875,-0.001953125,-0.025390625,0.0038199424743652344,-0.08249640464782715,0.002536296844482422
578,615000000,imu1_frame,0.3678102489622298,-0.10224328422799328,-0.8766993620342222,0.2926775703695182,0.04296875,-0.001953125,-0.025390625,0.030701637268066406,0.21393680572509766,-0.00867605209350586
578,640000000,imu1_frame,0.3680870756222513,-0.10411573572925244,-0.8760547513419233,0.29359817946413863,-0.029296875,0.017578125,0.00390625,0.01822185516357422,0.17495346069335938,0.0028586387634277344
578,665000000,imu1_frame,0.3685192394801403,-0.10646439650982607,-0.8753382709356818,0.2943498154307362,0.013671875,0.01953125,0.005859375,0.005418300628662109,0.12833023071289062,0.018748760223388672
578,691000000,imu1_frame,0.36753871281500594,-0.10857069381261514,-0.8751535752800026,0.29535388723015804,0.013671875,0.01953125,0.005859375,0.012163639068603516,0.012960195541381836,0.013512611389160156
578,715000000,imu1_frame,0.3660546918453731,-0.10992018133517509,-0.8752688984708753,0.2963543009352348,-0.001953125,0.0078125,0.015625,-0.022325515747070312,-0.008972644805908203,-0.0019969940185546875
578,740000000,imu1_frame,0.36641438725863573,-0.10766623541092721,-0.875618247107838,0.2957045212608603,-0.001953125,0.0078125,0.015625,-0.03832721710205078,-0.04277920722961426,0.020900249481201172
578,765000000,imu1_frame,0.3659018036884779,-0.10559740936173137,-0.8762133335168378,0.2953222838881621,-0.001953125,0.0078125,0.015625,0.008983612060546875,-0.1201009750366211,0.004947185516357422
578,791000000,imu1_frame,0.3666418787853616,-0.10330948948523591,-0.8764273422728596,0.294577656687625,-0.001953125,0.0078125,0.015625,-0.001186370849609375,-0.041201114654541016,-0.021155834197998047
578,816000000,imu1_frame,0.36735471053194113,-0.10094709141386894,-0.8766135757010651,0.2939538063738363,-0.01171875,0.01953125,0.017578125,0.027201175689697266,-0.0007245540618896484,-0.020359039306640625
578,840000000,imu1_frame,0.36665141059863493,-0.10276657049133558,-0.8763012617861349,0.29513026562436534,-0.017578125,0.0234375,0.017578125,0.0001010894775390625,-0.03567004203796387,-0.023200511932373047
578,866000000,imu1_frame,0.36754195467108813,-0.10468454682179056,-0.8754068800681881,0.29600143841298,-0.017578125,0.0234375,0.017578125,-0.0039615631103515625,0.07428383827209473,-0.006570339202880859
578,890000000,imu1_frame,0.3682227709993648,-0.10661167661952801,-0.8746439018878148,0.2967220689742865,-0.0078125,0.013671875,0.01171875,-0.010451316833496094,0.03376913070678711,0.011181831359863281
578,916000000,imu1_frame,0.3678895075781572,-0.10428988767246956,-0.8752223922428132,0.29625444074297347,-0.0078125,0.013671875,0.01171875,0.002483367919921875,-0.03573751449584961,0.0007486343383789062
578,941000000,imu1_frame,0.3675735020809432,-0.10219114078691414,-0.8757082552532812,0.2959421277781754,-0.001953125,0.0234375,0.021484375,0.013349056243896484,0.0032701492309570312,-0.012264251708984375
578,965000000,imu1_frame,0.36748520073704505,-0.10427979291153394,-0.875132776486331,0.29702352692826695,-0.015625,0.013671875,0.01953125,-0.00661468505859375,-0.038546085357666016,-0.005118370056152344
578,990000000,imu1_frame,0.36800554982627365,-0.10188780666964074,-0.8753902690832011,0.29645010869209126,-0.015625,0.013671875,0.01953125,-0.019883155822753906,0.0029566287994384766,0.02007150650024414
579,16000000,imu1_frame,0.368482526960618,-0.09928177612943696,-0.8757161338438075,0.295778648957217,-0.01953125,0.0234375,0.005859375,0.00704193115234375,0.048981428146362305,0.01669597625732422
579,41000000,imu1_frame,0.36824590612579067,-0.1012679225742611,-0.8751851842404929,0.2969691124764045,-0.0234375,0.02734375,0.015625,-0.014692306518554688,0.008847475051879883,0.021063804626464844
579,66000000,imu1_frame,0.3698986266895541,-0.10230273009332433,-0.8742229136279389,0.2973944429146447,-0.0234375,0.02734375,0.015625,-0.0002760887145996094,0.01949167251586914,-0.021305561065673828
579,91000000,imu1_frame,0.37138609308568304,-0.10357508293600148,-0.8732564239944363,0.2979392387883849,-0.0234375,0.02734375,0.015625,0.009631633758544922,-0.012899160385131836,0.005370616912841797
579,116000000,imu1_frame,0.37007564885991057,-0.10226722046469543,-0.873938611356149,0.29802136386545786,-0.013671875,0.0234375,0.0,-0.0002636909484863281,0.015040874481201172,-0.01884174346923828
579,141000000,imu1_frame,0.37167507925520976,-0.10346624070130817,-0.8729866395937141,0.29840693622408815,-0.01953125,0.029296875,0.005859375,0.01229095458984375,-0.01557612419128418,0.009126663208007812
579,166000000,imu1_frame,0.3712427909677531,-0.10114457417893558,-0.8735614817367997,0.29805855615036786,-0.01953125,0.029296875,0.005859375,-0.015674114227294922,-0.011156082153320312,0.03266191482543945
579,191000000,imu1_frame,0.37044305313877035,-0.09905493103882744,-0.8742259341060576,0.297807120724993,-0.021484375,0.02734375,-0.001953125,-0.01184844970703125,0.029713869094848633,0.0128936767578125
579,215000000,imu1_frame,0.3720518274439067,-0.10001435183152285,-0.8733548262861176,0.29803676707096965,-0.021484375,0.02734375,-0.001953125,0.003192901611328125,0.004040956497192383,0.004779338836669922
579,241000000,imu1_frame,0.37050155199865376,-0.10115467923543071,-0.8735849639532446,0.2989074130733031,-0.01171875,0.0078125,-0.001953125,-0.029887676239013672,-0.013211965560913086,-0.013195991516113281
579,265000000,imu1_frame,0.3723134895483346,-0.09968283723617855,-0.873227435736926,0.2981943039985848,-0.015625,0.021484375,0.0,0.008368968963623047,0.007269382476806641,0.007298469543457031
579,291000000,imu1_frame,0.3705391759458308,-0.09953825983863443,-0.8737937542100777,0.2987931207727844,-0.015625,0.021484375,0.0,-0.018060684204101562,0.01458883285522461,0.01616668701171875
579,315000000,imu1_frame,0.3722241962456638,-0.10064770493576915,-0.8729069651993703,0.29891908157034314,-0.009765625,0.009765625,0.001953125,-0.0025391578674316406,-0.013320684432983398,0.04493284225463867
579,341000000,imu1_frame,0.3709544523996999,-0.1024005208488027,-0.8728834258331234,0.29996908587479915,-0.009765625,0.009765625,0.001953125,0.002398967742919922,-0.004350900650024414,-0.0055904388427734375
579,365000000,imu1_frame,0.37089706273926126,-0.10011967303646474,-0.8733908140221855,0.2993324337657447,-0.009765625,0.009765625,0.001953125,-0.05841064453125,-0.0395970344543457,0.05876493453979492
579,390000000,imu1_frame,0.3707144198206623,-0.10227103558369988,-0.8729017076287777,0.3002566619351376,-0.009765625,0.009765625,0.001953125,-0.0014100074768066406,0.07138466835021973,0.02945852279663086
579,416000000,imu1_frame,0.37013007459776803,-0.10442226175486827,-0.8725016063665995,0.3013978533698473,-0.029296875,-0.013671875,0.01171875,-0.029228687286376953,0.030667543411254883,0.02968883514404297
579,441000000,imu1_frame,0.37103886538090175,-0.10643935434860954,-0.8717588292281518,0.301723992889969,0.0078125,-0.013671875,-0.001953125,-0.031702518463134766,-0.009891510009765625,0.05115652084350586
579,465000000,imu1_frame,0.3703987109560099,-0.10455408185388188,-0.8724781215165613,0.30108996390572473,0.0078125,-0.013671875,-0.001953125,-0.024931907653808594,-0.08418989181518555,0.03803873062133789
579,491000000,imu1_frame,0.36980635405335016,-0.1026687404590783,-0.8731698533453865,0.3004609749087408,0.01953125,-0.01171875,0.009765625,-0.017673492431640625,-0.04539322853088379,0.02183246612548828
579,515000000,imu1_frame,0.36847689392957456,-0.10468376036107238,-0.8731864304285996,0.30134954234582617,0.01953125,-0.01171875,0.009765625,-0.014843463897705078,-0.0002808570861816406,0.01080942153930664
579,540000000,imu1_frame,0.36920018494493234,-0.10235912502654766,-0.8734600367702302,0.30046862918743367,-0.017578125,-0.005859375,-0.001953125,0.01491546630859375,0.04095745086669922,0.011822700500488281
579,565000000,imu1_frame,0.36858277675394724,-0.1048604771689342,-0.8730909531620387,0.3014352409968949,0.01953125,-0.001953125,0.013671875,-0.014957427978515625,-0.004330873489379883,0.013050556182861328
579,591000000,imu1_frame,0.3701974691887283,-0.10349414787872256,-0.87287490457203,0.30055315025713364,0.01953125,-0.001953125,0.013671875,-0.018220901489257812,-0.022748231887817383,-0.012180328369140625
579,616000000,imu1_frame,0.37155154119716743,-0.10160613248716843,-0.872773560206695,0.2998198770581099,-0.005859375,0.009765625,0.015625,0.016704559326171875,0.00702977180480957,-0.00011110305786132812
579,641000000,imu1_frame,0.3702566392503655,-0.10307905336463317,-0.8727683815195056,0.300932022337767,-0.017578125,0.015625,0.009765625,-0.016255855560302734,-0.018576622009277344,-0.012973785400390625
579,665000000,imu1_frame,0.3704519213500328,-0.10069731751517373,-0.8731616808062157,0.3003566270036036,-0.017578125,0.015625,0.009765625,-0.03400707244873047,-0.053817033767700195,0.019423484802246094
579,690000000,imu1_frame,0.3698277604153395,-0.10268458793046638,-0.8728059761376428,0.30148471113166087,-0.017578125,0.015625,0.009765625,0.016951560974121094,-0.013380050659179688,-0.020775794982910156
579,716000000,imu1_frame,0.3699249343902265,-0.10094411434441782,-0.8731510910460417,0.30095348627439916,0.005859375,0.021484375,0.001953125,0.032459259033203125,0.01886749267578125,-0.026273250579833984
579,741000000,imu1_frame,0.3700412380020676,-0.1033549964834658,-0.8725912615801417,0.3016151804763427,0.01953125,0.015625,-0.0078125,0.014813899993896484,-0.026577234268188477,-0.014994144439697266
579,766000000,imu1_frame,0.36994796559572457,-0.10130180017473192,-0.8731534975635871,0.3007979682867191,0.01953125,0.015625,-0.0078125,-0.00801706314086914,0.013766288757324219,0.018428802490234375
579,790000000,imu1_frame,0.3687954448754168,-0.102758977329356,-0.8732095050050268,0.30155542241227273,-0.005859375,0.009765625,-0.01171875,-0.0373687744140625,-0.009903907775878906,0.007600307464599609
579,816000000,imu1_frame,0.37050549079456274,-0.10098499203951182,-0.8730447098855095,0.30053393687699625,-0.005859375,0.009765625,-0.01171875,-0.036020755767822266,-0.02100396156311035,-0.013844013214111328
579,841000000,imu1_frame,0.3722494313000531,-0.09963931146433888,-0.8728495018323887,0.299392911837689,0.0234375,0.005859375,-0.013671875,0.0024480819702148438,0.0003979206085205078,0.006198406219482422
579,866000000,imu1_frame,0.3705975047323828,-0.09977785144304221,-0.8734564424460183,0.29962595514589097,0.013671875,0.001953125,-0.01171875,-0.02252674102783203,0.004777193069458008,-0.017208576202392578
579,891000000,imu1_frame,0.3711032667461837,-0.10203877634607951,-0.872821756520185,0.30008771197289,0.013671875,0.001953125,-0.01171875,0.006328105926513672,0.03930544853210449,-0.004901409149169922
579,916000000,imu1_frame,0.37149674224692575,-0.10426523575828067,-0.8722151304953536,0.30059889761468617,0.0078125,0.00390625,-0.013671875,-0.005461692810058594,-0.003467082977294922,0.009791374206542969
579,940000000,imu1_frame,0.371625285162306,-0.1020944102062819,-0.8727380811266836,0.29966584821093684,0.0078125,0.00390625,-0.013671875,-0.023880958557128906,-0.07868838310241699,0.006824970245361328
579,966000000,imu1_frame,0.37201293493078247,-0.0997383901637286,-0.8732132317293563,0.29859216618074025,0.0078125,0.00390625,-0.013671875,0.0020775794982910156,0.005179643630981445,0.0031638145446777344
579,990000000,imu1_frame,0.3711812196389525,-0.09797403157116347,-0.8739629242459094,0.29801744641643185,0.0078125,0.00390625,-0.013671875,-0.03432178497314453,-0.07041168212890625,0.09364795684814453
580,16000000,imu1_frame,0.3697687280862897,-0.09686043804428608,-0.8752416298299276,0.29638021641797974,0.07421875,-0.06640625,-0.068359375,-0.03961896896362305,-0.03374934196472168,0.06895112991333008
580,40000000,imu1_frame,0.36867653202973016,-0.09606100328791344,-0.8764423189583351,0.29444653150748246,0.111328125,-0.076171875,-0.083984375,-0.04139518737792969,-0.0020596981048583984,0.05016803741455078
580,66000000,imu1_frame,0.3692550698139866,-0.0992213898127137,-0.8762158579646241,0.293345495059357,0.111328125,-0.076171875,-0.083984375,-0.010176658630371094,0.1012413501739502,-0.038831233978271484
580,91000000,imu1_frame,0.36996924547086146,-0.10133208909668939,-0.8760205634223728,0.2923055551750103,0.05078125,-0.052734375,-0.10546875,-0.009399890899658203,0.06890249252319336,-0.020236968994140625
580,115000000,imu1_frame,0.36878025684772997,-0.09983270548311853,-0.8772880417074002,0.2905172025069051,0.05078125,-0.052734375,-0.10546875,-0.0475611686706543,-0.11872482299804688,0.14423131942749023
580,140000000,imu1_frame,0.36665355221436113,-0.09991592688755696,-0.8785315930825033,0.2894204902191792,0.05078125,-0.052734375,-0.10546875,0.043750762939453125,-0.024526119232177734,-0.07351112365722656
580,165000000,imu1_frame,0.36748617287986635,-0.10050027068054229,-0.878681134205475,0.2877030982221545,-0.00390625,-0.095703125,-0.140625,0.05910015106201172,-0.02716803550720215,-0.05931806564331055
580,191000000,imu1_frame,0.3645915494648314,-0.10072768121698424,-0.8802087733402502,0.2866347006737587,-0.00390625,-0.095703125,-0.140625,-0.017879009246826172,0.06397080421447754,0.08379173278808594
580,215000000,imu1_frame,0.36222021540084104,-0.10164016314909809,-0.8814710731390141,0.2854374537602729,-0.015625,-0.10546875,-0.1875,-0.052492618560791016,0.06753778457641602,0.05370283126831055
580,241000000,imu1_frame,0.3614791429677309,-0.09859284097273462,-0.8831133850578164,0.2823526696172085,-0.015625,-0.10546875,-0.1875,-0.06978654861450195,-0.009523868560791016,0.03519153594970703
580,266000000,imu1_frame,0.3612482093361143,-0.09995954814845602,-0.8835680071685135,0.28074079983798117,-0.015625,-0.10546875,-0.1875,-0.0359344482421875,0.28336620330810547,-0.044817447662353516
580,291000000,imu1_frame,0.36106813177952707,-0.10129664540407796,-0.884007475735642,0.27910495639923893,-0.015625,-0.10546875,-0.1875,-0.000980377197265625,0.6195933818817139,-0.2296004295349121
580,316000000,imu1_frame,0.3608431316256257,-0.10034688352858656,-0.884221204804705,0.27906199723077196,-0.22265625,-0.0390625,-0.134765625,0.0019040107727050781,0.6371164321899414,-0.23651933670043945
580,341000000,imu1_frame,0.3602664836796223,-0.09514533307743793,-0.885474130778619,0.27765264279771024,-0.22265625,-0.0390625,-0.134765625,0.07085561752319336,-0.06695127487182617,-0.14731884002685547
580,365000000,imu1_frame,0.3592121379614736,-0.0901377233218498,-0.8868169163089309,0.276401135532797,-0.22265625,-0.0390625,-0.134765625,-0.025760173797607422,-0.1243886947631836,-0.027935028076171875
580,391000000,imu1_frame,0.3595179884508822,-0.0882496161534341,-0.8881535359145682,0.27229050271989413,0.115234375,-0.0625,-0.2265625,0.006219387054443359,-0.06672430038452148,-0.030225276947021484
580,415000000,imu1_frame,0.3594566277580455,-0.0857664951806017,-0.8894598228002404,0.26887964722048946,0.044921875,-0.060546875,-0.220703125,0.033270835876464844,-0.0015149116516113281,-0.03953266143798828
580,441000000,imu1_frame,0.35870739287747155,-0.08784135270685729,-0.8901390867788952,0.26695563159092817,0.044921875,-0.060546875,-0.220703125,0.0955190658569336,0.439617395401001,0.1093282699584961
580,465000000,imu1_frame,0.35728631276492195,-0.08744140615336729,-0.8907938535213703,0.2668085488310216,-0.193359375,-0.0546875,-0.1640625,0.07770395278930664,0.4539000988006592,0.08806943893432617
580,490000000,imu1_frame,0.3580498662562607,-0.08532860448080715,-0.8910478702712098,0.2656181759902227,-0.193359375,-0.0546875,-0.1640625,-0.011452198028564453,0.07276630401611328,-0.10372257232666016
580,516000000,imu1_frame,0.3585568511471691,-0.08509214638643746,-0.8913855669086508,0.2638713364989069,-0.087890625,-0.08203125,-0.193359375,0.003879547119140625,0.08593297004699707,-0.09740829467773438
580,540000000,imu1_frame,0.3593428832044605,-0.08259998646288295,-0.8920266977751351,0.2614159616072142,-0.087890625,-0.08203125,-0.193359375,0.07796955108642578,-0.010835886001586914,-0.1296987533569336
580,566000000,imu1_frame,0.3577292464780416,-0.08330763116079662,-0.8929004277949047,0.26041975894372066,-0.087890625,-0.08203125,-0.193359375,0.20633268356323242,0.37340426445007324,-0.032816410064697266
580,591000000,imu1_frame,0.35551683852791693,-0.08364415737824368,-0.8940309628141421,0.2594611145995038,-0.087890625,-0.08203125,-0.193359375,0.2145075798034668,0.27031564712524414,0.05463123321533203
580,616000000,imu1_frame,0.35335652273504975,-0.08506445665467997,-0.8949153366628311,0.25890103564931904,-0.03515625,-0.10546875,-0.134765625,0.17658519744873047,0.2588529586791992,0.02937793731689453
580,640000000,imu1_frame,0.3534689447155257,-0.08603539820797242,-0.895095628239311,0.25780114756098665,-0.03515625,-0.10546875,-0.134765625,-0.053784847259521484,0.05721735954284668,0.03415727615356445
580,666000000,imu1_frame,0.3519059574630075,-0.0877517507473674,-0.8957296116366852,0.2571581034694592,-0.03515625,-0.10546875,-0.134765625,0.032903194427490234,0.38213062286376953,0.09267044067382812
580,691000000,imu1_frame,0.34916190626810084,-0.08917680861545207,-0.8967167568023857,0.2569679320191528,-0.09765625,-0.2109375,-0.107421875,-0.015240669250488281,0.37055277824401855,0.05999279022216797
580,716000000,imu1_frame,0.34684239276064727,-0.0907194417220142,-0.8976054341849212,0.2564660250392128,-0.080078125,-0.212890625,-0.119140625,-0.05673980712890625,0.3569958209991455,0.033856868743896484
580,741000000,imu1_frame,0.34599038405686977,-0.08853194479070317,-0.8987315391272526,0.25442949803376824,-0.080078125,-0.212890625,-0.119140625,0.06368780136108398,-0.010396480560302734,-0.1376953125
580,766000000,imu1_frame,0.3453245489934721,-0.09010532309936961,-0.89907664300841,0.253560991890199,-0.005859375,-0.201171875,-0.072265625,0.04800987243652344,-0.029461145401000977,-0.1412053108215332
580,790000000,imu1_frame,0.3424446268962706,-0.08841673217780328,-0.9007566767393661,0.2520943638606892,-0.005859375,-0.201171875,-0.072265625,-0.019443988800048828,-0.2091081142425537,0.04077863693237305
580,816000000,imu1_frame,0.3398718913426164,-0.08676485621929575,-0.9024288331555731,0.2501622639206569,0.029296875,-0.1953125,-0.078125,-0.042223453521728516,-0.15734219551086426,0.0008063316345214844
580,841000000,imu1_frame,0.3362737888418754,-0.0861602551431069,-0.9041991420812039,0.24883782033931157,0.029296875,-0.1953125,-0.078125,-0.01072835922241211,-0.0061800479888916016,-0.048786163330078125
580,866000000,imu1_frame,0.3345807167423368,-0.089027331061458,-0.9047016874906492,0.24828357770869477,0.029296875,-0.1953125,-0.078125,-0.08946704864501953,0.06744551658630371,0.055993080139160156
580,891000000,imu1_frame,0.3314796305784215,-0.08779367992425725,-0.9064044144193429,0.24666690454553986,0.029296875,-0.1953125,-0.078125,-0.04633903503417969,-0.15769410133361816,0.12465667724609375
580,916000000,imu1_frame,0.32926454474905237,-0.08647798362055942,-0.9076821076246349,0.2453968406850878,0.041015625,-0.14453125,-0.037109375,-0.06887578964233398,-0.11768531799316406,0.09156370162963867
580,940000000,imu1_frame,0.32956517482067593,-0.0859934468321475,-0.9079976667031434,0.24399213083415452,0.041015625,-0.14453125,-0.037109375,-0.13500404357910156,0.015207290649414062,0.058621883392333984
580,965000000,imu1_frame,0.3271611430075561,-0.08889515886095445,-0.9085619290012613,0.24408698942504528,0.041015625,-0.14453125,-0.037109375,0.003376007080078125,0.04778099060058594,-0.00136566162109375
580,991000000,imu1_frame,0.326045799597175,-0.09120410612184576,-0.9085630628138636,0.24472251323048624,-0.033203125,-0.109375,-0.005859375,-0.02859973907470703,0.008058547973632812,-0.007488727569580078
581,15000000,imu1_frame,0.3269247221171813,-0.09120681203070856,-0.9083536374591761,0.24432603795437477,-0.0234375,-0.09375,-0.001953125,-0.013655662536621094,0.0067255496978759766,0.0037293434143066406
581,41000000,imu1_frame,0.32748671477012076,-0.0896923494227922,-0.9085246349090635,0.24349686213059565,-0.0234375,-0.09375,-0.001953125,-0.10716533660888672,-0.03828549385070801,-0.033493995666503906
581,66000000,imu1_frame,0.32895654406111624,-0.08902495846608338,-0.9080887581357323,0.24338643396250015,0.015625,-0.029296875,0.060546875,-0.08050060272216797,-0.031958580017089844,-0.016966819763183594
581,91000000,imu1_frame,0.32769823160051786,-0.09168448796867158,-0.9078957316359518,0.24481250815478292,0.015625,-0.029296875,0.060546875,-0.11923980712890625,0.03128814697265625,0.13254308700561523
581,115000000,imu1_frame,0.32855027109620855,-0.08998169287107939,-0.9078459153087991,0.24448682657311246,0.0078125,-0.01171875,0.048828125,-0.0957345962524414,0.05961871147155762,0.1374197006225586
581,141000000,imu1_frame,0.3263936494338579,-0.08979905655452779,-0.9084447659512224,0.24521709211837867,0.0078125,-0.01171875,0.048828125,0.060858726501464844,-0.045851707458496094,0.14824962615966797
581,165000000,imu1_frame,0.3273423893686993,-0.0881636667300151,-0.9083490522823217,0.24490023929942872,0.0078125,-0.01171875,0.048828125,-0.10597801208496094,-0.019137144088745117,0.0726318359375
581,191000000,imu1_frame,0.326977026430176,-0.08611833180115908,-0.9087245822637602,0.24472288553427055,0.0078125,-0.01171875,0.048828125,-0.06088590621948242,-0.09777402877807617,0.06100273132324219
581,215000000,imu1_frame,0.32669951443095496,-0.08426619861980347,-0.9092009849324181,0.24396762907948902,0.025390625,-0.0234375,0.00390625,-0.05267190933227539,-0.05950665473937988,0.05128622055053711
581,240000000,imu1_frame,0.3273205528636708,-0.08243669092487531,-0.9093907281311998,0.24305133460111533,0.025390625,-0.0234375,0.00390625,0.004920005798339844,-0.024387598037719727,-0.02486705780029297
581,266000000,imu1_frame,0.3271915310128675,-0.08523944542126102,-0.9090033577453057,0.24370645166981403,0.025390625,-0.0234375,0.00390625,0.10291814804077148,0.040053367614746094,-0.1306171417236328
581,291000000,imu1_frame,0.3273486941912406,-0.08777583021830758,-0.9086570738913936,0.24388636310361303,0.029296875,-0.01171875,-0.033203125,0.09110307693481445,-0.006319761276245117,-0.12002944946289062
581,316000000,imu1_frame,0.32744483478769365,-0.0906811344314146,-0.9083677158157586,0.24377223979106594,0.0625,-0.0234375,-0.046875,0.07731056213378906,-0.05713796615600586,-0.10866308212280273
581,341000000,imu1_frame,0.3256447808357692,-0.09250877434743335,-0.9088585968819131,0.24366709719820498,0.0625,-0.0234375,-0.046875,0.0009350776672363281,0.03202557563781738,0.06632566452026367
581,365000000,imu1_frame,0.32386132154459685,-0.09415391571434262,-0.90936028040256,0.24354212159136054,0.0625,-0.0234375,-0.046875,0.042944908142089844,0.05022382736206055,0.09265375137329102
581,391000000,imu1_frame,0.32178806051309033,-0.09461996337204005,-0.9101848672461454,0.2430288338424356,0.0625,-0.0234375,-0.046875,-0.029041290283203125,0.014443635940551758,0.06430625915527344
581,415000000,imu1_frame,0.3202377978579072,-0.09487646580707267,-0.9111888298147311,0.24120763976279608,0.130859375,-0.0390625,-0.12109375,-0.04818010330200195,0.026782989501953125,0.045800209045410156
581,440000000,imu1_frame,0.32165742221385946,-0.09762465268719242,-0.9108471729872495,0.23950648714299086,0.130859375,-0.0390625,-0.12109375,-0.03482961654663086,0.060660600662231445,-0.004202842712402344
581,465000000,imu1_frame,0.3220526273417809,-0.10101251240726948,-0.9106842135980074,0.23818656692350598,0.130859375,-0.0390625,-0.12109375,-0.0029931068420410156,0.007111310958862305,0.013931751251220703
581,490000000,imu1_frame,0.3237819951985816,-0.10054306945265896,-0.9108374382263716,0.23543889206221666,0.130859375,-0.0390625,-0.12109375,-0.041778564453125,0.024505615234375,0.07688331604003906
581,516000000,imu1_frame,0.3223202522961848,-0.10022139661724318,-0.911887040358435,0.23351092532501957,0.083984375,-0.009765625,-0.140625,-0.05587148666381836,0.0470118522644043,0.05718564987182617
581,541000000,imu1_frame,0.323830311997429,-0.10237566321238563,-0.9115333273152697,0.23186234236508835,0.083984375,-0.009765625,-0.140625,-0.11593103408813477,0.2824432849884033,-0.032431602478027344
581,566000000,imu1_frame,0.3225946508214085,-0.1015822232248947,-0.9125749992499873,0.22982735679197736,0.083984375,-0.009765625,-0.140625,-0.04554319381713867,0.04336738586425781,0.06601095199584961
581,590000000,imu1_frame,0.3233423330190412,-0.10344005860328688,-0.912032536484674,0.23010115677085122,-0.0078125,0.044921875,-0.041015625,-0.04458427429199219,0.006264925003051758,0.08287572860717773
581,616000000,imu1_frame,0.3229879266494797,-0.1014274295000404,-0.9124127758991198,0.22998739565408116,-0.001953125,0.06640625,0.01171875,-0.039177894592285156,0.04367566108703613,0.0703582763671875
581,641000000,imu1_frame,0.3254772888899766,-0.10222597760491371,-0.9113906725439538,0.23017694480427436,-0.001953125,0.06640625,0.01171875,-0.11861038208007812,0.13240790367126465,-0.1293168067932129
581,665000000,imu1_frame,0.32784373422348134,-0.10128912972240946,-0.9103412802739985,0.23138226284565822,-0.162109375,0.111328125,0.041015625,-0.08134698867797852,0.13280320167541504,-0.10282230377197266
581,690000000,imu1_frame,0.32865429212057706,-0.09697436296077225,-0.9103824598617809,0.23191831746347186,-0.162109375,0.111328125,0.041015625,-0.01294851303100586,-0.2546696662902832,-0.030994415283203125
581,716000000,imu1_frame,0.3291006455430745,-0.09311602369027747,-0.9103617452338767,0.23294562466372642,-0.134765625,0.0859375,0.091796875,0.010484695434570312,-0.19460463523864746,-0.039591312408447266
581,741000000,imu1_frame,0.33137084865710426,-0.09263417505995437,-0.9091607537736366,0.23460390889536614,-0.134765625,0.0859375,0.091796875,-0.0710453987121582,0.06072521209716797,0.10122489929199219
581,766000000,imu1_frame,0.33079890856688204,-0.08938707155963715,-0.9093552269058137,0.23591334177622925,-0.134765625,0.0859375,0.091796875,0.010851860046386719,-0.0010783672332763672,0.008082389831542969
581,790000000,imu1_frame,0.3296245222810958,-0.0870377594397797,-0.9095909442106423,0.23752140314644196,-0.134765625,0.0859375,0.091796875,0.07381677627563477,-0.08185482025146484,0.14107179641723633
581,815000000,imu1_frame,0.32902440594613763,-0.08508493907169554,-0.9093395265091103,0.24001066426961998,-0.11328125,0.1484375,0.16015625,0.06645917892456055,-0.05994009971618652,0.12677621841430664
581,840000000,imu1_frame,0.3309181293843133,-0.08177258160446556,-0.908529649429435,0.24162018262172472,-0.11328125,0.1484375,0.16015625,-0.044538021087646484,-0.13232159614562988,-0.015866756439208984
581,865000000,imu1_frame,0.33298165613054587,-0.07853257481075791,-0.9076360850730323,0.24321305155655337,-0.11328125,0.1484375,0.16015625,-0.0399165153503418,-0.1325840950012207,-0.03830432891845703
581,890000000,imu1_frame,0.3355773622284278,-0.07638875172766395,-0.9064713285548355,0.24466778103651354,-0.00390625,0.193359375,0.18359375,0.006521701812744141,-0.11469626426696777,-0.010871410369873047
581,916000000,imu1_frame,0.33753043179844106,-0.07448433617705144,-0.905510478991693,0.24612205043525975,0.02734375,0.203125,0.17578125,0.041799068450927734,-0.09849905967712402,0.00921773910522461
581,941000000,imu1_frame,0.3394359461566304,-0.07723332793458926,-0.9037811847259041,0.24899361768596165,0.02734375,0.203125,0.17578125,0.046468257904052734,0.13584017753601074,0.07773160934448242
581,966000000,imu1_frame,0.3414329430531237,-0.07980612444416481,-0.9017654540113272,0.2527322572427784,0.029296875,0.279296875,0.2421875,0.049956321716308594,0.0588526725769043,0.11221456527709961
581,991000000,imu1_frame,0.3456447098276512,-0.08200177551543873,-0.8990523311443163,0.25594989596490353,0.029296875,0.279296875,0.2421875,-0.02346944808959961,0.3257303237915039,-0.2071094512939453
582,16000000,imu1_frame,0.34863720605919496,-0.08408177564842947,-0.8968675353587888,0.2588647862775027,-0.001953125,0.1875,0.20703125,-0.0009646415710449219,0.2579307556152344,-0.1597447395324707
582,41000000,imu1_frame,0.34935378562282077,-0.08261770728470604,-0.8960957035471181,0.2610339767126459,-0.001953125,0.1875,0.20703125,0.12358570098876953,-0.26879239082336426,0.044512271881103516
582,66000000,imu1_frame,0.35234488344561515,-0.08468479423895886,-0.8938780442228687,0.26393864967204084,-0.001953125,0.1875,0.20703125,-0.0070667266845703125,0.04625749588012695,0.010235786437988281
582,90000000,imu1_frame,0.3550180137422698,-0.08680873077958287,-0.8917619606744448,0.2668090322178046,-0.001953125,0.1875,0.20703125,-0.029930591583251953,0.20949268341064453,-0.019900798797607422
582,116000000,imu1_frame,0.35784094628352253,-0.08964968095715864,-0.8893554875719563,0.2701103637272008,0.02734375,0.19140625,0.228515625,-0.018156051635742188,0.1263730525970459,0.029234886169433594
582,140000000,imu1_frame,0.3585561020250428,-0.0887238383837037,-0.8884794984842649,0.272341298697459,0.02734375,0.19140625,0.228515625,0.028284072875976562,-0.26218247413635254,0.22355222702026367
582,165000000,imu1_frame,0.36156549869398735,-0.08734755309009039,-0.8868687394698295,0.2740522469795457,0.02734375,0.19140625,0.228515625,-0.03975725173950195,-0.03314685821533203,0.0736546516418457
582,190000000,imu1_frame,0.3619939156648904,-0.08595913836204434,-0.8862225669985344,0.27600904567818646,0.005859375,0.13671875,0.208984375,-0.03271007537841797,-0.024158477783203125,0.07503080368041992
582,215000000,imu1_frame,0.36209527027799765,-0.08400046004446808,-0.885555030873566,0.27860944931774856,-0.06640625,0.154296875,0.224609375,-0.029375076293945312,-0.008087396621704102,0.0699610710144043
582,241000000,imu1_frame,0.36288663057795906,-0.08609656745069803,-0.8837671470814058,0.2825885775479541,-0.06640625,0.154296875,0.224609375,-0.0113525390625,0.08237433433532715,0.08812761306762695
582,266000000,imu1_frame,0.3624339381702892,-0.08856706297856584,-0.8826373172445597,0.2859176140517619,-0.00390625,0.091796875,0.208984375,-0.046567440032958984,0.020556211471557617,0.09015321731567383
582,291000000,imu1_frame,0.364975514430171,-0.08987806965127222,-0.8807087083071204,0.2882134236537158,-0.00390625,0.091796875,0.208984375,0.01115560531616211,-0.029214859008789062,-0.06838703155517578
582,315000000,imu1_frame,0.36775898061700474,-0.08797107805660004,-0.8787864235433466,0.29111654607217907,-0.16796875,0.169921875,0.24609375,0.051015377044677734,-0.029635906219482422,-0.03514575958251953
582,340000000,imu1_frame,0.3691060279295505,-0.0888490188360727,-0.8766808673311176,0.295461078407117,-0.16796875,0.169921875,0.24609375,0.12456607818603516,0.45507335662841797,-0.11816883087158203
582,366000000,imu1_frame,0.3707508882389673,-0.08964520284765269,-0.8744029921573144,0.2998781815717102,-0.16796875,0.169921875,0.24609375,0.04577493667602539,0.0953209400177002,-0.05644989013671875
582,390000000,imu1_frame,0.37037824972210187,-0.0869513247646886,-0.8736921853094571,0.303185396389145,-0.16796875,0.169921875,0.24609375,-0.029721736907958984,-0.07063555717468262,0.15935468673706055
582,416000000,imu1_frame,0.3689367992691132,-0.08405576972886011,-0.8724913975101167,0.3091585790354107,-0.2578125,0.1328125,0.419921875,-0.0556492805480957,-0.05374765396118164,0.12884521484375
582,441000000,imu1_frame,0.36823235392230236,-0.08061774793537532,-0.8711986632691617,0.31451327692276254,-0.2578125,0.1328125,0.419921875,-0.06464385986328125,-0.21875882148742676,0.1037149429321289
582,466000000,imu1_frame,0.3664568649330774,-0.078544152082994,-0.8699313327643843,0.32056147396679774,-0.2578125,0.1328125,0.419921875,0.012801170349121094,-0.057669878005981445,0.15380477905273438
582,491000000,imu1_frame,0.36558021584875866,-0.07634792858905574,-0.8684718391428918,0.32600423953669455,-0.2109375,0.1875,0.390625,-0.006898403167724609,-0.05154538154602051,0.13461017608642578
582,515000000,imu1_frame,0.3641965052947085,-0.07414506324358536,-0.8674558221283829,0.33073223577888144,-0.2109375,0.125,0.357421875,-0.030437946319580078,-0.03751659393310547,0.10838937759399414
582,541000000,imu1_frame,0.3636918042281963,-0.07073154658565545,-0.8662051301328502,0.33528195953014334,-0.2109375,0.125,0.357421875,-0.22353076934814453,-1.2726047039031982,0.3962225914001465
582,565000000,imu1_frame,0.3639613648674151,-0.0710409986383656,-0.8663501855896035,0.3345484379356325,0.201171875,0.01171875,0.06640625,-0.21894454956054688,-1.2745933532714844,0.40091419219970703
582,590000000,imu1_frame,0.36440838545680787,-0.06882009678491528,-0.8661969655886277,0.3349225876114224,-0.001953125,0.107421875,0.078125,-0.19844341278076172,-1.242366075515747,0.40120697021484375
582,615000000,imu1_frame,0.36392943327116384,-0.06454028866084524,-0.8662514880697927,0.3361521651802559,-0.1953125,0.099609375,0.076171875,-0.17969989776611328,-1.1755802631378174,0.38323068618774414
582,641000000,imu1_frame,0.36479560025129515,-0.059948000385561834,-0.8658534286157726,0.3370878927540725,-0.1953125,0.099609375,0.076171875,-0.02554178237915039,-0.19173073768615723,-0.11952590942382812
582,665000000,imu1_frame,0.3664849677763675,-0.05904680148144653,-0.8644905066921441,0.33890766805713524,-0.1953125,0.099609375,0.076171875,-0.03806877136230469,0.1837618350982666,-0.16780328750610352
582,691000000,imu1_frame,0.3684648987349218,-0.05775138198313427,-0.8630153100415757,0.34073886029207934,-0.1953125,0.099609375,0.076171875,0.026427745819091797,0.06773519515991211,-0.1774764060974121
582,716000000,imu1_frame,0.3702184855491068,-0.06001479530576919,-0.8622107455232426,0.3404836671653816,0.087890625,-0.017578125,0.005859375,0.0354151725769043,0.020661592483520508,-0.14694452285766602
582,741000000,imu1_frame,0.37096031145138514,-0.06322641652375231,-0.8615526646506966,0.340760727805803,0.087890625,-0.017578125,0.005859375,0.0995779037475586,0.4955422878265381,-0.128448486328125
582,765000000,imu1_frame,0.3720419867713619,-0.06608590141254027,-0.8608292000555884,0.340867279223697,0.087890625,-0.017578125,0.005859375,0.0542759895324707,0.28800320625305176,-0.1836409568786621
582,791000000,imu1_frame,0.3731085369655694,-0.06886721892306731,-0.8600172542076767,0.34120030519667305,0.05859375,-0.015625,0.013671875,0.047318458557128906,0.23276233673095703,-0.16076946258544922
582,816000000,imu1_frame,0.374276097926135,-0.07168536328046105,-0.8592481333860157,0.34127885443604955,0.080078125,-0.013671875,0.001953125,0.04241466522216797,0.17810297012329102,-0.1359696388244629
582,841000000,imu1_frame,0.37268947296378213,-0.07355124410705295,-0.8596399622278484,0.34163124355536667,0.080078125,-0.013671875,0.001953125,0.044800758361816406,-0.03723478317260742,-0.03661680221557617
582,865000000,imu1_frame,0.37137993217859,-0.07239815395786924,-0.8603637434041695,0.3414815987927946,0.001953125,0.015625,-0.01171875,0.035965919494628906,-0.009053707122802734,-0.058951377868652344
582,891000000,imu1_frame,0.37291780013116854,-0.07389334186388986,-0.859463637268507,0.3417518757617933,-0.00390625,0.009765625,0.001953125,0.04481220245361328,-0.04508042335510254,-0.03234243392944336
582,916000000,imu1_frame,0.371959952458324,-0.07298234761329465,-0.8601457480949716,0.3412750543743208,0.052734375,0.021484375,-0.009765625,0.04052925109863281,-0.020937204360961914,-0.04886341094970703
582,941000000,imu1_frame,0.3734319819351489,-0.07527551341291891,-0.8592753440130892,0.3413620294051398,0.052734375,0.021484375,-0.009765625,0.04342365264892578,0.2009134292602539,-0.14190053939819336
582,966000000,imu1_frame,0.37493181889019106,-0.07754069001214077,-0.8583928237283521,0.34143130018760764,0.052734375,0.021484375,-0.009765625,-0.03119659423828125,0.11462640762329102,0.003992557525634766
582,991000000,imu1_frame,0.3752436182656571,-0.08026767555548012,-0.8578075506395895,0.3419291348766965,0.052734375,0.021484375,-0.009765625,0.028913021087646484,0.2554445266723633,0.08730316162109375
583,15000000,imu1_frame,0.3752024914606615,-0.08168411042978503,-0.8571864834576552,0.3431940108488287,-0.0625,0.046875,0.01171875,0.012186050415039062,0.22368144989013672,0.0911855697631836
583,41000000,imu1_frame,0.37682773209277404,-0.08240235290590374,-0.8561245530955223,0.3438916430336449,-0.0625,0.046875,0.01171875,0.02561330795288086,0.005936622619628906,-0.03107738494873047
583,65000000,imu1_frame,0.3764521127439142,-0.08375198230700584,-0.8556258497587438,0.3452156101553314,-0.0625,0.046875,0.01171875,0.004467010498046875,0.01597881317138672,0.006862163543701172
583,91000000,imu1_frame,0.3761181691862287,-0.08648892630500374,-0.8551312286150348,0.34612912371244936,0.041015625,0.015625,0.013671875,-0.024763107299804688,-0.033426761627197266,0.011060237884521484
583,115000000,imu1_frame,0.3763914704556107,-0.08452749121801796,-0.855498942037532,0.34540718633131345,0.01953125,0.0078125,0.013671875,-0.0030241012573242188,0.0022127628326416016,0.008524417877197266
583,141000000,imu1_frame,0.37609594555555825,-0.0825216712201047,-0.8560679606244186,0.34480379972973096,0.01953125,0.0078125,0.013671875,-0.06738042831420898,-0.2282700538635254,0.0718526840209961
583,166000000,imu1_frame,0.37578358815259405,-0.08079686897006742,-0.8568607396383819,0.3435814804470118,0.05078125,-0.009765625,-0.03125,-0.05322837829589844,-0.1895761489868164,0.06175518035888672
583,191000000,imu1_frame,0.375280954835325,-0.07911119065054856,-0.8577336204492216,0.3423428994485063,0.048828125,-0.0234375,-0.033203125,-0.042006492614746094,-0.15023088455200195,0.04910755157470703
583,216000000,imu1_frame,0.37491993247520666,-0.0773341169797111,-0.8585170473981225,0.3411787770518042,0.044921875,-0.0078125,-0.029296875,-0.028666019439697266,-0.11067342758178711,0.038379669189453125
583,241000000,imu1_frame,0.37604083279584744,-0.07958159810455966,-0.8578649462665463,0.3410686078788625,0.044921875,-0.0078125,-0.029296875,0.009536266326904297,0.18974924087524414,-0.09064674377441406
583,265000000,imu1_frame,0.3769084176701981,-0.08188142816825217,-0.8572717767897601,0.3410580260457195,0.044921875,-0.0078125,-0.029296875,0.004405021667480469,0.1464228630065918,-0.03155374526977539
583,291000000,imu1_frame,0.37815128767566203,-0.08413706356252094,-0.8565717574243409,0.3408920394308015,0.044921875,-0.0078125,-0.029296875,0.04434490203857422,0.10272455215454102,-0.11917638778686523
583,316000000,imu1_frame,0.3790749532276904,-0.08591870700676117,-0.8558256187928979,0.3412955696159332,-0.005859375,-0.0078125,0.0,0.041735172271728516,0.06500005722045898,-0.09958076477050781
583,341000000,imu1_frame,0.37907242122757934,-0.08361131908760318,-0.8563734050835236,0.3404964579121831,-0.005859375,-0.0078125,0.0,-0.015625953674316406,-0.0046710968017578125,0.009946823120117188
583,366000000,imu1_frame,0.37972838713825025,-0.08141365294504584,-0.8566591342915871,0.3395781158295027,-0.005859375,-0.0078125,0.0,-0.021609783172607422,-0.004937171936035156,0.008672237396240234
583,391000000,imu1_frame,0.3809966452974723,-0.07951927525526295,-0.8567399261809151,0.3384005614984558,0.021484375,0.009765625,-0.01171875,0.014631271362304688,0.027012109756469727,0.021570205688476562
583,416000000,imu1_frame,0.3801259026266008,-0.0813161660866022,-0.8565963082275295,0.3393151102091614,0.013671875,0.033203125,0.001953125,-0.014324665069580078,-0.00390934944152832,0.014281272888183594
583,441000000,imu1_frame,0.3787185854428798,-0.08090783659429987,-0.8571526036295299,0.33958146166846614,0.013671875,0.033203125,0.001953125,0.042756080627441406,-0.029666662216186523,0.10540390014648438
583,466000000,imu1_frame,0.377335448951003,-0.08180574845823826,-0.8573934036205001,0.34029741390757956,0.013671875,0.033203125,0.001953125,0.014247894287109375,0.03693246841430664,0.08781623840332031
583,491000000,imu1_frame,0.3755918469951578,-0.0817650488596899,-0.8578220628997055,0.34115472979021116,-0.056640625,0.029296875,-0.01171875,-0.012926578521728516,0.04223346710205078,0.06202411651611328
583,515000000,imu1_frame,0.3742447218120876,-0.08284724629553225,-0.8579014921967184,0.3421728388748654,-0.021484375,0.0234375,0.0078125,-0.0438079833984375,0.025499820709228516,0.04575634002685547
583,540000000,imu1_frame,0.37589815085439043,-0.08382382793465502,-0.8569665094155189,0.34246539649256913,-0.021484375,0.0234375,0.0078125,-0.10425758361816406,0.1107797622680664,0.07314443588256836
583,566000000,imu1_frame,0.3773305199091926,-0.08520430508514935,-0.8560017361720716,0.34296199907630354,-0.021484375,0.0234375,0.0078125,-0.023226261138916016,0.26741528511047363,-0.16682910919189453
583,590000000,imu1_frame,0.37909918439426,-0.08576358116674437,-0.8551221976341752,0.3430662379925495,-0.021484375,0.0234375,0.0078125,-0.043141841888427734,0.05549931526184082,-0.025529861450195312
583,616000000,imu1_frame,0.3811109043529472,-0.08730921847245282,-0.8539950606868237,0.3432550294977721,0.037109375,0.015625,0.037109375,-0.02860260009765625,0.016692638397216797,0.009591102600097656
583,641000000,imu1_frame,0.38050164452829366,-0.08593678149751811,-0.8544870667642904,0.34305279597996396,0.037109375,0.015625,0.037109375,-0.02547931671142578,0.005246877670288086,0.03498029708862305
583,665000000,imu1_frame,0.3798844095937699,-0.08462380560937713,-0.8549671731349897,0.34286700006466597,0.037109375,0.015625,0.037109375,-0.023115158081054688,-0.08137750625610352,0.06439590454101562
583,690000000,imu1_frame,0.37891340151074104,-0.08280978820190799,-0.8556489804656245,0.3426835207033629,-0.00390625,0.0,0.021484375,-0.021836280822753906,-0.04429912567138672,0.044057369232177734
583,715000000,imu1_frame,0.3782436362491494,-0.08135632553741223,-0.8561971529938326,0.34240230013439943,0.033203125,0.0078125,0.03125,-0.018803119659423828,-0.014294147491455078,0.029479503631591797
583,741000000,imu1_frame,0.37952791781367945,-0.07974338865503704,-0.8560974319153776,0.34160904354791344,0.033203125,0.0078125,0.03125,-0.021220684051513672,-0.02888631820678711,0.000431060791015625
583,766000000,imu1_frame,0.3789335329783153,-0.0782249538298477,-0.8566318386464522,0.34128013009855807,0.033203125,0.0078125,0.03125,-0.016522884368896484,-0.18932318687438965,0.06507730484008789
583,791000000,imu1_frame,0.3782207627423416,-0.07733220136895085,-0.8575921517663768,0.3398595099313082,0.103515625,-0.037109375,-0.03515625,-0.013255596160888672,-0.1605679988861084,0.051813602447509766
583,816000000,imu1_frame,0.3775690184051589,-0.07659189776282163,-0.8586352392773804,0.33811365457302966,0.125,-0.04296875,-0.0546875,-0.008950233459472656,-0.13250494003295898,0.03995704650878906
583,840000000,imu1_frame,0.3771169716438845,-0.07578113253334251,-0.8595934877215831,0.33636148042954334,0.125,-0.04296875,-0.0546875,0.03363227844238281,-0.48722243309020996,-0.008190631866455078
583,866000000,imu1_frame,0.37647952061976186,-0.07497802933718205,-0.8606611789033146,0.3345202546922734,0.125,-0.04296875,-0.0546875,0.03876018524169922,-0.4184911251068115,0.023023128509521484
583,890000000,imu1_frame,0.37591950380069433,-0.07421562207037972,-0.8616364206958682,0.3328051180997057,0.125,-0.04296875,-0.0546875,0.0439753532409668,-0.19940614700317383,-0.026500701904296875
583,916000000,imu1_frame,0.37466832461103605,-0.07428030471208269,-0.863944842262076,0.32818499721010397,0.240234375,-0.16015625,-0.240234375,0.04609966278076172,-0.16187357902526855,-0.04466867446899414
583,941000000,imu1_frame,0.37461548211305973,-0.07858598092371029,-0.8647996437687814,0.32497547646068153,0.240234375,-0.16015625,-0.240234375,-0.006432056427001953,0.5535995960235596,0.006459712982177734
583,965000000,imu1_frame,0.37449778747935664,-0.08273524955018509,-0.8656124725331011,0.32190267636362746,0.240234375,-0.16015625,-0.240234375,-0.02385711669921875,0.5444471836090088,0.0490717887878418
583,991000000,imu1_frame,0.3734441383403752,-0.0847011458675752,-0.866455888857296,0.3203426042418452,-0.001953125,-0.1484375,-0.1875,-0.04531669616699219,0.5278058052062988,0.040101051330566406
584,15000000,imu1_frame,0.37260315747119876,-0.08660242934967871,-0.8672219489783269,0.3187365643967743,0.01171875,-0.150390625,-0.193359375,-0.06316804885864258,0.5112717151641846,0.034203529357910156
584,40000000,imu1_frame,0.37118826620312956,-0.08871441682286314,-0.8681697036795082,0.3172229324842841,0.01171875,-0.150390625,-0.193359375,0.06154489517211914,0.14986658096313477,-0.05334281921386719
584,66000000,imu1_frame,0.3701843482789327,-0.09070474402197116,-0.8690409065163197,0.31544270557821397,0.0078125,-0.138671875,-0.205078125,0.04161834716796875,0.13365840911865234,-0.06091594696044922
584,90000000,imu1_frame,0.3694351943325037,-0.09230932209820417,-0.8697287545133104,0.31395623869418626,-0.01171875,-0.13671875,-0.189453125,0.026642799377441406,0.12051677703857422,-0.0660090446472168
584,115000000,imu1_frame,0.36871848929365003,-0.09314127984392129,-0.8704891534693645,0.31244201275474115,-0.0703125,-0.130859375,-0.203125,0.01758432388305664,0.12030434608459473,-0.07333707809448242
584,141000000,imu1_frame,0.36581764596233024,-0.09035981994105706,-0.8728389691980907,0.31010431582293957,-0.0703125,-0.130859375,-0.203125,0.045278072357177734,0.006460905075073242,-0.08196067810058594
584,165000000,imu1_frame,0.36611238903919885,-0.08816452131046855,-0.8738949165457797,0.3074026847793479,-0.0703125,-0.130859375,-0.203125,-0.04143810272216797,0.020631790161132812,-0.05419206619262695
584,191000000,imu1_frame,0.363375732071035,-0.08516806866795563,-0.8761943350707966,0.3049392802035419,-0.0703125,-0.130859375,-0.203125,0.028451919555664062,0.023758649826049805,-0.0681757926940918
584,216000000,imu1_frame,0.36398265716261,-0.08516328932680149,-0.8768225408760592,0.30240051462842615,-0.060546875,-0.05859375,-0.28125,0.04749584197998047,0.03728747367858887,-0.05959796905517578
584,240000000,imu1_frame,0.3636556514484811,-0.08130199544859765,-0.878544106160757,0.2988390975689993,-0.060546875,-0.05859375,-0.28125,-0.03452920913696289,-0.024391651153564453,0.0052394866943359375
584,266000000,imu1_frame,0.3635977374721501,-0.08177788780173598,-0.8793111010906762,0.29651483920796046,-0.060546875,-0.05859375,-0.28125,-0.029166698455810547,0.06121087074279785,0.04107475280761719
584,292000000,imu1_frame,0.3631359861067267,-0.083206417216571,-0.8803016952117442,0.29373095365590357,0.009765625,-0.09375,-0.296875,-0.03381776809692383,0.0574798583984375,0.03912496566772461
584,316000000,imu1_frame,0.36233539585700736,-0.08412756117046821,-0.8814002565175025,0.29115151068049666,-0.033203125,-0.140625,-0.302734375,-0.04086494445800781,0.06269121170043945,0.030782699584960938
584,340000000,imu1_frame,0.35923870651249107,-0.08364515017448405,-0.8835642724289938,0.2885571296685342,-0.033203125,-0.140625,-0.302734375,-0.03291177749633789,0.10327005386352539,0.1027383804321289
584,366000000,imu1_frame,0.35615395804166755,-0.08360483464528871,-0.885199549319088,0.28737840503501927,-0.15625,-0.162109375,-0.232421875,-0.07267999649047852,0.12691664695739746,0.05945587158203125
584,391000000,imu1_frame,0.3545410300808617,-0.08344216583242968,-0.8862373519530312,0.2862191799192949,-0.173828125,-0.1875,-0.201171875,-0.09063291549682617,0.1451578140258789,0.0364995002746582
584,415000000,imu1_frame,0.353320922361304,-0.08328953778136133,-0.8870909671264426,0.28512592789958147,-0.158203125,-0.189453125,-0.177734375,-0.10324430465698242,0.16079187393188477,0.01911783218383789
584,440000000,imu1_frame,0.34966209867817755,-0.07970926983240202,-0.8894470837178682,0.28331384420203887,-0.158203125,-0.189453125,-0.177734375,-0.08867502212524414,0.021469831466674805,0.10980796813964844
584,466000000,imu1_frame,0.3450337918500398,-0.07782401270703225,-0.8917756785595655,0.282190086036674,-0.158203125,-0.189453125,-0.177734375,0.05012655258178711,0.044847965240478516,0.03725099563598633
584,490000000,imu1_frame,0.3439774337243341,-0.0774919446556138,-0.8925922500828869,0.2809868301075366,-0.158203125,-0.189453125,-0.177734375,-0.03734874725341797,0.17664527893066406,-0.16551971435546875
584,516000000,imu1_frame,0.34272211027667976,-0.07833696620682142,-0.8932177973554059,0.28029777262862426,-0.091796875,-0.21484375,-0.095703125,-0.05865049362182617,0.17245745658874512,-0.17979764938354492
584,541000000,imu1_frame,0.3395670943748155,-0.07546809084430728,-0.8951369453200374,0.2787985021575134,-0.091796875,-0.21484375,-0.095703125,0.03418302536010742,-0.1749575138092041,-0.11328601837158203
584,566000000,imu1_frame,0.33765012403985256,-0.07255284181628473,-0.8966410835329099,0.277061809351601,-0.091796875,-0.21484375,-0.095703125,-0.04923248291015625,-0.1041569709777832,-0.11585807800292969
584,591000000,imu1_frame,0.33686518822778816,-0.07187783288006488,-0.8978858081355121,0.27414685416681456,0.06640625,-0.23828125,-0.14453125,-0.04706287384033203,-0.0706186294555664,-0.12812137603759766
584,616000000,imu1_frame,0.33661705603299286,-0.07116802781056907,-0.898760932977482,0.2717588172602336,0.0234375,-0.201171875,-0.126953125,-0.0385432243347168,-0.042330265045166016,-0.1333765983581543
584,640000000,imu1_frame,0.33327027643840296,-0.0701103713566478,-0.9006521733482118,0.2698909433716626,0.0234375,-0.201171875,-0.126953125,0.04041433334350586,-0.14877557754516602,0.05428123474121094
584,666000000,imu1_frame,0.3302184182987822,-0.06893048137038654,-0.9025303969247159,0.2676626002661035,0.048828125,-0.177734375,-0.126953125,0.00803518295288086,-0.10004901885986328,0.011493682861328125
584,691000000,imu1_frame,0.3280282260424828,-0.06756676573549376,-0.9041441933520472,0.2652460983977753,0.06640625,-0.16015625,-0.12890625,-0.009938240051269531,-0.051163434982299805,-0.020329952239990234
584,716000000,imu1_frame,0.3271183751325516,-0.06599659881060442,-0.905215640990698,0.26310199714534865,0.052734375,-0.1484375,-0.087890625,-0.008283615112304688,-0.006356000900268555,-0.03608989715576172
584,741000000,imu1_frame,0.3262904176923548,-0.06890873357381085,-0.9055140213057814,0.26235568790867686,0.052734375,-0.1484375,-0.087890625,0.00013065338134765625,0.1812129020690918,-0.07415103912353516
584,766000000,imu1_frame,0.3266727120715052,-0.07063093434715698,-0.905417810799814,0.2617533155235431,-0.0078125,-0.048828125,-0.095703125,-0.0017209053039550781,0.15275073051452637,-0.0645756721496582
584,790000000,imu1_frame,0.3268840208144149,-0.06816880400981877,-0.9060601326247506,0.25991323006744316,-0.0078125,-0.048828125,-0.095703125,-0.013959407806396484,0.014727592468261719,0.005671977996826172
584,815000000,imu1_frame,0.32775320598038316,-0.07060636885901583,-0.9058958076017921,0.258738018883236,0.08984375,-0.09765625,-0.080078125,-0.010411739349365234,-0.02508711814880371,0.023394107818603516
584,840000000,imu1_frame,0.3269073753876538,-0.07395537250036469,-0.9061081062238775,0.2581283995047163,0.08984375,-0.09765625,-0.080078125,0.07321834564208984,0.3843994140625,0.022044658660888672
584,865000000,imu1_frame,0.3257765768113302,-0.07728687313803544,-0.906400535177812,0.25755471471322844,0.08984375,-0.09765625,-0.080078125,-0.039010047912597656,0.14290070533752441,0.09950017929077148
584,891000000,imu1_frame,0.32558141838665994,-0.08035535094357941,-0.9061409251347936,0.25777583550815103,0.056640625,-0.021484375,-0.025390625,-0.059922218322753906,0.08852076530456543,0.10646820068359375
584,915000000,imu1_frame,0.32546018997197507,-0.08351437848063914,-0.9058590112624002,0.2579156161326905,0.0859375,-0.01953125,-0.021484375,-0.08000612258911133,0.03274726867675781,0.11504602432250977
584,941000000,imu1_frame,0.32609239299706066,-0.08211364731143969,-0.906177865692477,0.25644253914608284,0.0859375,-0.01953125,-0.021484375,-0.05734539031982422,-0.05395150184631348,0.04044055938720703
584,966000000,imu1_frame,0.32715537191879007,-0.08088793951623646,-0.9064970812136829,0.254341395798186,0.12890625,0.021484375,-0.072265625,-0.027004241943359375,-0.024639368057250977,0.050110816955566406
584,990000000,imu1_frame,0.326634577850755,-0.08012225065615314,-0.9073224907811976,0.2523017543035627,0.13671875,-0.029296875,-0.08984375,-0.023941993713378906,0.0032367706298828125,0.04105329513549805
585,16000000,imu1_frame,0.32515418614952274,-0.07961771829960772,-0.9086060550131472,0.24974148825465797,0.13671875,-0.083984375,-0.126953125,-0.035558223724365234,0.03375601768493652,0.020619869232177734
585,41000000,imu1_frame,0.3242399701839384,-0.08321747296704782,-0.9089611821149334,0.24846098956641102,0.13671875,-0.083984375,-0.126953125,0.013054847717285156,0.1341867446899414,0.05952119827270508
585,66000000,imu1_frame,0.3230544858679884,-0.086217781462147,-0.9093688768867128,0.2474884624989899,0.078125,-0.09375,-0.119140625,-0.018367767333984375,0.09209084510803223,0.05445718765258789
585,90000000,imu1_frame,0.32272082622394455,-0.08905919431508728,-0.909510408981099,0.24639509772784873,0.078125,-0.09375,-0.119140625,0.003798961639404297,0.28032588958740234,-0.01815032958984375
585,116000000,imu1_frame,0.32333150152642604,-0.09242554749740947,-0.9093717882417551,0.2448616120188367,0.126953125,-0.033203125,-0.134765625,0.0003314018249511719,0.22748231887817383,0.0015015602111816406
585,140000000,imu1_frame,0.322445387951913,-0.09536621542384274,-0.9097060290843666,0.24365795162856302,0.126953125,-0.033203125,-0.134765625,0.08816862106323242,0.11217689514160156,0.040186405181884766
585,165000000,imu1_frame,0.32273526363795146,-0.09867419424645281,-0.9096255043769712,0.24225357537360698,0.126953125,-0.033203125,-0.134765625,0.04068183898925781,0.09615945816040039,-0.025652408599853516
585,191000000,imu1_frame,0.32320388735641686,-0.10074896147959134,-0.9092547994737583,0.24216647908498815,0.005859375,0.03515625,-0.072265625,0.037021636962890625,0.05832862854003906,-0.011646747589111328
585,215000000,imu1_frame,0.323673499384811,-0.10253018766627663,-0.908711422776051,0.24283034515775404,-0.009765625,0.083984375,-0.021484375,0.032176971435546875,0.02133011817932129,0.001373291015625
585,240000000,imu1_frame,0.32559573762890387,-0.09994237375634635,-0.9085627922291067,0.2418937579655288,-0.009765625,0.083984375,-0.021484375,-0.14707660675048828,-0.12698078155517578,0.05458831787109375
585,266000000,imu1_frame,0.32673081024894757,-0.09669639508524656,-0.9084437248849753,0.24212968328706758,-0.0859375,0.0546875,0.056640625,-0.11277198791503906,-0.07598376274108887,0.05658674240112305
585,290000000,imu1_frame,0.3278616047478162,-0.09402895808773164,-0.9082837534157969,0.24225182445966056,-0.056640625,0.0546875,0.05859375,-0.08131742477416992,-0.03445768356323242,0.0611109733581543
585,315000000,imu1_frame,0.32918377374854163,-0.09191100951237932,-0.9078467896581928,0.24290865760280564,-0.01171875,0.072265625,0.119140625,-0.05180215835571289,-0.006558656692504883,0.07039546966552734
585,340000000,imu1_frame,0.3315182222336755,-0.09313889919880042,-0.9064661425156206,0.24441756535877127,-0.01171875,0.072265625,0.119140625,-0.18419456481933594,0.18379759788513184,-0.05128288269042969
585,365000000,imu1_frame,0.33318667567565724,-0.09269814690538014,-0.9052535404926639,0.24679894679274872,-0.16796875,0.056640625,0.142578125,-0.16473913192749023,0.17032384872436523,-0.03120565414428711
585,390000000,imu1_frame,0.3314335145946427,-0.09020354374801685,-0.9054964484568694,0.249181315372438,-0.16796875,0.056640625,0.142578125,0.23560428619384766,-0.2890818119049072,0.3629159927368164
585,416000000,imu1_frame,0.3301213654326969,-0.08995477326506662,-0.905259491865568,0.2518596340007185,0.001953125,0.0625,0.220703125,0.2073535919189453,-0.295154333114624,0.34507226943969727
585,440000000,imu1_frame,0.3313779131090617,-0.09260098365079585,-0.9037184778070565,0.2547678343128994,0.001953125,0.0625,0.220703125,-0.0643777847290039,0.24910736083984375,-0.015984058380126953
585,465000000,imu1_frame,0.3314345337911232,-0.0956502381612413,-0.9024275542473501,0.2581214657588643,0.001953125,0.0625,0.220703125,0.13338947296142578,0.019382476806640625,-0.12120819091796875
585,491000000,imu1_frame,0.3320074630519121,-0.09780265462030552,-0.9008314217609394,0.2621229383232595,-0.05859375,0.1484375,0.23046875,0.11463308334350586,-0.044397592544555664,-0.1056361198425293
585,516000000,imu1_frame,0.3314808586544104,-0.09924423408389689,-0.8996861054015759,0.2661502096451922,-0.021484375,0.15234375,0.271484375,0.08277034759521484,-0.09097647666931152,-0.10690021514892578
585,541000000,imu1_frame,0.3345652634405929,-0.09836348000214189,-0.8978730138207061,0.2687280434813554,-0.021484375,0.15234375,0.271484375,-0.17996644973754883,-0.14002251625061035,-0.10142230987548828
585,565000000,imu1_frame,0.33763041351119494,-0.09740212480984967,-0.8962241555505897,0.2707411918464179,0.0078125,0.166015625,0.244140625,-0.13582849502563477,-0.14940190315246582,-0.06482362747192383
585,591000000,imu1_frame,0.3407178724957536,-0.09676441175305361,-0.8945653784400274,0.27258166423386443,0.068359375,0.154296875,0.244140625,-0.09288787841796875,-0.16369414329528809,-0.026301860809326172
585,615000000,imu1_frame,0.3438623048109004,-0.09566238164835594,-0.8928662559966751,0.2745856386812311,0.06640625,0.234375,0.263671875,-0.04718589782714844,-0.1714794635772705,0.011636734008789062
585,641000000,imu1_frame,0.3482884165901924,-0.09541656267242993,-0.8904821807362541,0.27682547611822167,0.06640625,0.234375,0.263671875,-0.18046331405639648,-0.04938483238220215,0.1057438850402832
585,666000000,imu1_frame,0.3511793816470256,-0.09420208499184088,-0.8886921107296774,0.27933016560342006,0.02734375,0.197265625,0.294921875,-0.14044523239135742,-0.05780172348022461,0.14078092575073242
585,691000000,imu1_frame,0.35251410607438416,-0.0934846764012535,-0.8876002012431914,0.28135440826434,0.07421875,0.12109375,0.267578125,-0.1245431900024414,-0.06459426879882812,0.15651845932006836
585,716000000,imu1_frame,0.353355999611441,-0.09288937885350007,-0.886718038710764,0.2832705785282792,0.080078125,0.109375,0.251953125,-0.11622762680053711,-0.07053446769714355,0.1659693717956543
585,740000000,imu1_frame,0.3560320496356744,-0.09556523794325061,-0.8845553798017177,0.28578006402285955,0.080078125,0.109375,0.251953125,0.008817672729492188,-0.03183341026306152,-0.05272102355957031
585,766000000,imu1_frame,0.35820503586510316,-0.09925535468115615,-0.8822543282930533,0.28890279862986973,0.080078125,0.109375,0.251953125,0.042676448822021484,-0.04705667495727539,-0.05129575729370117
585,791000000,imu1_frame,0.35920122354822026,-0.0966894549064024,-0.8809542662183687,0.2924811295503005,-0.1015625,0.2109375,0.310546875,0.05851888656616211,-0.031142473220825195,-0.04712343215942383
585,816000000,imu1_frame,0.35861290607117,-0.09653294839191731,-0.879605730355497,0.29727417075778073,-0.10546875,0.189453125,0.326171875,0.030799388885498047,-0.056146860122680664,-0.055962562561035156
585,841000000,imu1_frame,0.3583588492331788,-0.09493803934668628,-0.8784395899256306,0.3015121734069268,-0.10546875,0.189453125,0.326171875,0.09778881072998047,-0.20711374282836914,0.16888189315795898
585,865000000,imu1_frame,0.35786837879051214,-0.09393593627074869,-0.8772623019862441,0.30580568479442005,-0.10546875,0.189453125,0.326171875,0.19243383407592773,-0.1758253574371338,0.12315893173217773
585,890000000,imu1_frame,0.35735822719016375,-0.09375335016191924,-0.8762491963142951,0.3093424522296801,-0.013671875,0.150390625,0.287109375,0.17122173309326172,-0.19249534606933594,0.11535835266113281
585,916000000,imu1_frame,0.35662795187003576,-0.09267509362608864,-0.8752432985686368,0.3133320910425094,-0.078125,0.150390625,0.294921875,0.15099430084228516,-0.1956017017364502,0.10123634338378906
585,941000000,imu1_frame,0.3595734865750354,-0.09246962116739897,-0.872876543532463,0.3166114600962045,-0.078125,0.150390625,0.294921875,-0.01141214370727539,-0.037430763244628906,-0.05362558364868164
585,965000000,imu1_frame,0.3622737200660629,-0.09151054921031455,-0.8713485135005627,0.31801782835728243,-0.00390625,0.125,0.1953125,0.02727794647216797,-0.04501700401306152,-0.018965721130371094
585,990000000,imu1_frame,0.3628096028538671,-0.09037683749449581,-0.8707145670971459,0.31946417947297717,0.04296875,0.146484375,0.16796875,0.036464691162109375,-0.03821873664855957,-0.015370845794677734
586,16000000,imu1_frame,0.362378310689842,-0.08961150624360843,-0.8702073145311802,0.32154465883724437,0.0078125,0.119140625,0.177734375,0.02667379379272461,-0.036353349685668945,-0.024173259735107422
586,41000000,imu1_frame,0.36344040354547336,-0.09232529590989638,-0.8684365482093723,0.3243533174488035,0.0078125,0.119140625,0.177734375,-0.10329866409301758,0.04643130302429199,0.15286493301391602
586,66000000,imu1_frame,0.3630981710197246,-0.09438229256444737,-0.8672641305480911,0.3272684355648641,0.0078125,0.119140625,0.177734375,-0.022534847259521484,0.1474754810333252,0.23755979537963867
586,91000000,imu1_frame,0.3623299809281392,-0.09275813451971825,-0.8662600634373511,0.33121958863351136,-0.25390625,0.201171875,0.162109375,-0.03943681716918945,0.15375566482543945,0.22072839736938477
586,115000000,imu1_frame,0.36153237081417566,-0.09298651640901016,-0.8653206934195714,0.33446666524404256,-0.130859375,0.13671875,0.1640625,-0.06696557998657227,0.13381528854370117,0.21026945114135742
586,141000000,imu1_frame,0.362652831641897,-0.0893112632005814,-0.8645557753666234,0.33622869188670834,-0.130859375,0.13671875,0.1640625,-0.14578485488891602,-0.43576717376708984,-0.06041240692138672
586,166000000,imu1_frame,0.3634608008094265,-0.08577030290109208,-0.8638941188566309,0.33797433751714134,-0.130859375,0.13671875,0.1640625,-0.15554285049438477,-0.5839395523071289,-0.02590465545654297
586,191000000,imu1_frame,0.36488443314494856,-0.08571948941286757,-0.863842420065146,0.33658252016300355,0.21484375,0.048828125,0.02734375,-0.12920188903808594,-0.5824735164642334,-0.005805492401123047
586,216000000,imu1_frame,0.36568447254342196,-0.08518537015780497,-0.8641895591525669,0.3349548105392861,0.171875,0.015625,-0.01171875,-0.10698509216308594,-0.5676627159118652,0.0038361549377441406
586,241000000,imu1_frame,0.3658306202587412,-0.08490387825166368,-0.8646970155652576,0.33355413355476227,0.171875,0.015625,-0.01171875,-0.05764436721801758,-0.13282418251037598,0.12608957290649414
586,266000000,imu1_frame,0.3653274573180725,-0.08256270248046091,-0.86555384157908,0.3324692413086233,0.0,0.02734375,-0.060546875,-0.043012142181396484,-0.08360910415649414,0.1112360954284668
586,293000000,imu1_frame,0.36460069742766954,-0.0811576634636606,-0.866632781148848,0.3307981072113155,0.078125,-0.00390625,-0.07421875,-0.035831451416015625,-0.04491829872131348,0.09637308120727539
586,315000000,imu1_frame,0.3665836677309616,-0.08183577943462308,-0.8662359398300472,0.32947627578324734,0.078125,-0.00390625,-0.07421875,-0.04649496078491211,0.01905536651611328,-0.10363245010375977
586,341000000,imu1_frame,0.3677716889683705,-0.08447944947322482,-0.8657385777439746,0.3287916094061606,0.078125,-0.00390625,-0.07421875,-0.006775856018066406,0.5817515850067139,-0.11313486099243164
586,365000000,imu1_frame,0.3689917868083599,-0.08682396336330794,-0.8652503821978309,0.3280982120651807,0.078125,-0.00390625,-0.07421875,-0.04260444641113281,0.34865832328796387,-0.05255746841430664
586,391000000,imu1_frame,0.3701228828951756,-0.08908124614011032,-0.8646375091763815,0.32783465477089535,0.041015625,0.0,-0.048828125,-0.041927337646484375,0.3062021732330322,-0.028455257415771484
586,415000000,imu1_frame,0.37107362078526596,-0.09159242509582728,-0.8640438404483369,0.32763308350297415,0.068359375,-0.013671875,-0.033203125,-0.04589223861694336,0.2601897716522217,-0.005810260772705078
586,441000000,imu1_frame,0.37201857785128867,-0.09436283511075735,-0.8634089497393153,0.32744895570671406,0.068359375,-0.013671875,-0.033203125,0.026170730590820312,0.13564014434814453,-0.06014060974121094
586,465000000,imu1_frame,0.3731889453179586,-0.09669514032777239,-0.8627668526866156,0.3271290553202106,0.068359375,-0.013671875,-0.033203125,-0.012150287628173828,0.09233570098876953,-0.030477523803710938
586,491000000,imu1_frame,0.3743720837029782,-0.09890452435683908,-0.8619416182557531,0.3272920480614999,0.03125,-0.001953125,-0.005859375,-0.012682437896728516,0.047914981842041016,-0.004742622375488281
586,515000000,imu1_frame,0.37305404053974955,-0.09808387005140973,-0.8626974934824615,0.3270523994894141,0.03125,-0.001953125,-0.005859375,0.015475273132324219,-0.007709503173828125,-0.031024932861328125
586,540000000,imu1_frame,0.37485028715318075,-0.09931392074836426,-0.86189514995561,0.3267426477363525,0.03125,-0.001953125,-0.005859375,-0.006526947021484375,0.003017902374267578,-6.389617919921875e-05
586,566000000,imu1_frame,0.3770421575346538,-0.09951305430147572,-0.8610731738137979,0.32632706416023466,0.01171875,0.0,0.015625,0.02388906478881836,-0.00968170166015625,0.032929420471191406
586,590000000,imu1_frame,0.37542631313437286,-0.09964185070968057,-0.8615810789777872,0.3268097754672487,0.025390625,0.0078125,0.021484375,-0.0012621879577636719,-0.006131649017333984,0.009705543518066406
586,616000000,imu1_frame,0.37708746519624126,-0.09823211484191026,-0.8613379818202558,0.32596376528590987,0.025390625,0.0078125,0.021484375,-0.0035762786865234375,0.013748645782470703,0.028654098510742188
586,641000000,imu1_frame,0.37556376488786736,-0.09774337575286302,-0.8619659676523485,0.32620968963051333,0.025390625,0.0078125,0.021484375,0.05621623992919922,-0.08464813232421875,0.11768054962158203
586,666000000,imu1_frame,0.374315825449619,-0.09976836985346352,-0.8618819306301269,0.32725139090313726,0.025390625,0.0078125,0.021484375,0.01961231231689453,-0.004973411560058594,-0.002178192138671875
586,690000000,imu1_frame,0.37270092692188433,-0.10013900625822651,-0.8622685585989648,0.327962088279799,-0.01171875,0.017578125,0.001953125,-0.008524417877197266,-0.006833076477050781,-0.024302959442138672
586,715000000,imu1_frame,0.3744706696542628,-0.1009474720200953,-0.8613937430872894,0.32799717198706,-0.01171875,0.017578125,0.001953125,-0.029503345489501953,0.047853946685791016,-0.034386634826660156
586,740000000,imu1_frame,0.3740749372144856,-0.09865525329028116,-0.862016527377362,0.32750967752798227,-0.01171875,0.017578125,0.001953125,-0.015900611877441406,-0.06495380401611328,0.02904367446899414
586,766000000,imu1_frame,0.3754164024151744,-0.09642417310977876,-0.8620221401474013,0.32662322871075367,-0.01171875,0.017578125,0.001953125,0.022656917572021484,-0.029424190521240234,-0.03795766830444336
586,791000000,imu1_frame,0.3767658693999508,-0.09437546610732127,-0.8620415714345556,0.32561492621034255,0.013671875,0.02734375,-0.001953125,0.060488224029541016,0.0038640499114990234,-0.02575206756591797
586,815000000,imu1_frame,0.37625824479790404,-0.09257438582869945,-0.8626399806001648,0.3251337881244998,0.013671875,0.02734375,-0.001953125,0.029643535614013672,-0.07340598106384277,-0.00463104248046875
586,841000000,imu1_frame,0.37508476992454515,-0.0913045694292092,-0.8633387588862239,0.3249939666775248,0.013671875,0.02734375,-0.001953125,0.06237459182739258,-0.08382940292358398,0.012639045715332031
586,866000000,imu1_frame,0.37355840363219295,-0.09036823070451439,-0.8642984906472777,0.32446235686122504,0.029296875,-0.013671875,-0.03125,0.05050992965698242,-0.056143760681152344,-0.013023853302001953
586,890000000,imu1_frame,0.3720884290378328,-0.08905008226491777,-0.8650832763287005,0.3244244270106216,-0.015625,0.005859375,-0.0078125,0.03980827331542969,-0.025640249252319336,-0.03907299041748047
586,916000000,imu1_frame,0.3730651504876455,-0.09078641378120199,-0.8643140156868598,0.32487151745210485,-0.015625,0.005859375,-0.0078125,-0.00022983551025390625,0.4369618892669678,-0.17503070831298828
586,941000000,imu1_frame,0.3742108029371636,-0.09258627422295912,-0.8633313670470829,0.325657807311984,-0.009765625,0.02734375,0.025390625,-0.0009126663208007812,0.39530372619628906,-0.15184402465820312
586,966000000,imu1_frame,0.37513255470591717,-0.09453278232538267,-0.862384386922501,0.3265459977674449,-0.009765625,0.02734375,0.025390625,0.03273439407348633,0.0822901725769043,-0.053095340728759766
586,991000000,imu1_frame,0.3760364009355368,-0.09667032948856098,-0.8614515360992125,0.32734190614757586,0.005859375,0.025390625,0.021484375,0.025966644287109375,0.03639984130859375,-0.03183460235595703
587,15000000,imu1_frame,0.37449676089027784,-0.09671159080021868,-0.8618677240895506,0.3279985830156582,0.005859375,0.025390625,0.021484375,0.0016527175903320312,0.000850677490234375,0.027800559997558594
587,40000000,imu1_frame,0.3747232919042013,-0.09452078336990957,-0.8622120330069778,0.32747318386944535,0.005859375,0.025390625,0.021484375,0.022982120513916016,0.00047469139099121094,-0.01614665985107422
587,66000000,imu1_frame,0.37626447490504594,-0.09260388315521416,-0.8620294532655697,0.32673351136923295,0.005859375,0.025390625,0.021484375,0.022126197814941406,-0.08456993103027344,-0.08258295059204102
587,90000000,imu1_frame,0.37730621844560513,-0.09094205195654873,-0.8622356526612436,0.32545236208706324,0.03515625,-0.0078125,-0.01953125,0.05409955978393555,-0.05414438247680664,-0.0731964111328125
587,116000000,imu1_frame,0.3755307595343371,-0.09220771442633992,-0.862738849067207,0.3258159976950571,0.03515625,-0.0078125,-0.01953125,-0.01985025405883789,0.010333061218261719,0.026327133178710938
587,141000000,imu1_frame,0.3760353698849912,-0.09470242732266734,-0.8621482104986399,0.3260817596687154,0.03515625,-0.0078125,-0.01953125,-0.03212547302246094,0.07751297950744629,0.04282236099243164
587,165000000,imu1_frame,0.3763232173059647,-0.09670509427554082,-0.861551086595432,0.3267394773269321,-0.009765625,0.0,-0.00390625,-0.045671939849853516,0.038216590881347656,0.0545506477355957
587,190000000,imu1_frame,0.3767941085041295,-0.09891281636173299,-0.860816994796946,0.3274699314818427,-0.005859375,-0.001953125,0.005859375,-0.05864763259887695,-0.005940437316894531,0.0699315071105957
587,216000000,imu1_frame,0.3774603489503564,-0.09660110587425144,-0.8611190645505558,0.32659740963719014,-0.005859375,-0.001953125,0.005859375,-0.06781959533691406,0.03455543518066406,0.0709228515625
587,241000000,imu1_frame,0.378574629094562,-0.09478257861478363,-0.8611968531602493,0.32563398640794705,0.025390625,0.0078125,0.009765625,-0.03509235382080078,0.06503677368164062,0.08058738708496094
587,266000000,imu1_frame,0.37711686205892425,-0.09412238788781628,-0.8618864985420398,0.3256923580314227,0.025390625,0.0078125,0.009765625,-0.011348247528076172,-0.029581069946289062,0.12695026397705078
587,291000000,imu1_frame,0.3755462645267881,-0.0932029935981854,-0.8625665664718938,0.3259710471640081,0.0,0.005859375,0.021484375,-0.027471542358398438,-0.007376670837402344,0.10047626495361328
587,316000000,imu1_frame,0.37600065720948667,-0.09101550152682773,-0.8628451492716182,0.32532742374151774,0.0,0.005859375,0.021484375,0.036344051361083984,-0.04725241661071777,-0.053089141845703125
587,341000000,imu1_frame,0.37518854347654806,-0.08916027262129918,-0.8634792892036096,0.32509616999661956,0.0,0.005859375,0.021484375,0.039525508880615234,-0.08835029602050781,-0.028565406799316406
587,365000000,imu1_frame,0.37543109278310316,-0.0913910158673411,-0.8627908317269447,0.32602324683731926,0.0,0.005859375,0.021484375,0.02268695831298828,0.02316594123840332,-0.02106475830078125
587,390000000,imu1_frame,0.3757654663917444,-0.09380330716236653,-0.8622039111210118,0.32650523652834085,0.021484375,0.001953125,-0.013671875,0.007760047912597656,-0.022113323211669922,-0.007421970367431641
587,416000000,imu1_frame,0.37662658299263013,-0.09608492923312437,-0.8614636165180861,0.3268035201357858,0.021484375,0.001953125,-0.013671875,0.0016856193542480469,0.12454891204833984,-0.02145242691040039
587,441000000,imu1_frame,0.377862653590737,-0.09796142149684792,-0.8606815287475293,0.32688022422976215,0.021484375,0.001953125,-0.013671875,0.004580020904541016,0.04692888259887695,-0.035172462463378906
587,466000000,imu1_frame,0.3789785063806894,-0.10001207416114859,-0.8599047553153276,0.3270117559194675,0.02734375,-0.005859375,-0.0078125,0.004240512847900391,0.005842685699462891,-0.010727405548095703
587,491000000,imu1_frame,0.3801580131802283,-0.1020696634487949,-0.8590276813299266,0.32731194834170285,0.021484375,-0.001953125,0.005859375,0.003802776336669922,-0.03676605224609375,0.014904022216796875
587,515000000,imu1_frame,0.37927461167458787,-0.10059866648189868,-0.8597451709825333,0.3269081189162619,0.021484375,-0.001953125,0.005859375,-0.0345005989074707,-0.043942928314208984,0.07412481307983398
587,541000000,imu1_frame,0.37843745624448616,-0.09853826141623707,-0.8604915603845872,0.32654184610117953,-0.0078125,0.017578125,-0.001953125,-0.0291748046875,-0.0026955604553222656,0.053705692291259766
587,566000000,imu1_frame,0.3767738554043352,-0.0983462950814307,-0.8610624837489053,0.32701814507405486,-0.0078125,0.017578125,-0.001953125,-0.013569831848144531,0.006539344787597656,-0.014555931091308594
587,591000000,imu1_frame,0.3787599585078778,-0.09850735536547242,-0.8602648219004958,0.3267745874001215,-0.0078125,0.01171875,0.0078125,0.013297557830810547,-0.0054607391357421875,0.015346527099609375
587,615000000,imu1_frame,0.3792365313082737,-0.09625523276881132,-0.8605821027549814,0.3260567863175147,-0.0078125,0.01171875,0.0078125,0.0003952980041503906,0.034049034118652344,0.017770767211914062
587,641000000,imu1_frame,0.37845802263529066,-0.094163787950115,-0.8612858343966959,0.3257137049764086,-0.0078125,0.01171875,0.0078125,0.006491184234619141,-0.002706766128540039,-0.005437374114990234
587,665000000,imu1_frame,0.3781774748721587,-0.09625252318606155,-0.8608088300345709,0.326688548030303,-0.0078125,0.01171875,0.0078125,0.022136211395263672,-0.042369842529296875,-0.0369873046875
587,691000000,imu1_frame,0.37860012232314877,-0.09387999580673013,-0.8612497954709726,0.32572577970653904,0.005859375,0.01171875,-0.005859375,0.049442291259765625,0.0011584758758544922,-0.03954505920410156
587,716000000,imu1_frame,0.37901202731155115,-0.09609220848551564,-0.8605837213009578,0.3263615008749648,0.005859375,0.01171875,-0.005859375,0.03613138198852539,0.07504415512084961,-0.02524709701538086
587,740000000,imu1_frame,0.3794622564499214,-0.09820019788622159,-0.8599230945621754,0.3269516608057726,0.005859375,0.01171875,-0.005859375,-0.014839649200439453,0.03360319137573242,0.02458953857421875
587,765000000,imu1_frame,0.37954465809124166,-0.1001313361714728,-0.8593089364236515,0.3278836986087764,-0.0234375,0.0234375,-0.001953125,-0.03216409683227539,-0.005105495452880859,0.03330516815185547
587,791000000,imu1_frame,0.37947734385766485,-0.09783674906977605,-0.8599018557688746,0.32709893683018104,0.00390625,0.0078125,-0.001953125,-0.012660026550292969,0.03853416442871094,0.023442745208740234
587,816000000,imu1_frame,0.3815207582397476,-0.09741607784697646,-0.8592941480094788,0.32644384816648636,0.00390625,0.0078125,-0.001953125,0.021025657653808594,-0.0004334449768066406,0.01704263687133789
587,841000000,imu1_frame,0.3798137508120204,-0.09761797205969866,-0.8598540961896032,0.3268993415273526,-0.00390625,0.013671875,-0.015625,-0.005558013916015625,0.002555370330810547,-0.00754547119140625
587,865000000,imu1_frame,0.3792777322937784,-0.0955303254113115,-0.8605644376535011,0.3262686122798376,-0.00390625,0.013671875,-0.015625,-0.03386068344116211,0.005367279052734375,0.05083036422729492
587,891000000,imu1_frame,0.3783952025230793,-0.09370519160053169,-0.8613364096944724,0.325785200875149,0.005859375,0.013671875,-0.009765625,-0.030460834503173828,0.04385209083557129,0.031013965606689453
587,916000000,imu1_frame,0.38047871463589716,-0.0935955748953302,-0.8606568454182943,0.32518550168120697,0.005859375,0.013671875,-0.009765625,0.040332794189453125,-0.03602409362792969,-0.09087133407592773
587,941000000,imu1_frame,0.3793138179166343,-0.09529237372993363,-0.8606760276636648,0.32600178903115823,0.005859375,0.013671875,-0.009765625,0.00864553451538086,0.010913848876953125,0.011412620544433594
587,966000000,imu1_frame,0.37994427836254885,-0.09299728845614728,-0.8610321818441959,0.3249883559575472,0.005859375,0.013671875,-0.009765625,-0.0007166862487792969,0.01333761215209961,0.012313365936279297
587,991000000,imu1_frame,0.3788408604390394,-0.09487039192030632,-0.8610331605586843,0.3257316497011289,0.00390625,-0.001953125,-0.015625,-0.032540321350097656,-0.016696929931640625,0.002834796905517578
588,16000000,imu1_frame,0.38076838176120276,-0.09446502092235813,-0.8605242386210156,0.32494589398669843,0.00390625,-0.001953125,-0.015625,-0.035080909729003906,0.023752212524414062,0.03382539749145508
588,40000000,imu1_frame,0.38094791003292766,-0.09659282398315219,-0.8600072295330365,0.32547823482902066,0.00390625,-0.001953125,-0.015625,0.02381753921508789,0.1752181053161621,0.005397796630859375
588,65000000,imu1_frame,0.38122799714314926,-0.09904322476640648,-0.8594234444019084,0.3259555138887114,0.025390625,0.0,-0.013671875,0.007660388946533203,0.12981796264648438,0.018939971923828125
588,91000000,imu1_frame,0.3815339477561576,-0.10169269944773793,-0.8588293005285668,0.3263474745455314,0.037109375,0.001953125,-0.01953125,-0.009289741516113281,0.08161687850952148,0.033898353576660156
588,115000000,imu1_frame,0.38297708100701294,-0.1002205335142147,-0.8588521319334245,0.32504986626498633,0.037109375,0.001953125,-0.01953125,-0.01202249526977539,0.03257560729980469,0.04574728012084961
588,140000000,imu1_frame,0.38160679526521735,-0.10166331369403268,-0.8590718847404334,0.32563218714475806,0.01953125,0.009765625,-0.01953125,-0.043662071228027344,0.012244701385498047,0.030988216400146484
588,165000000,imu1_frame,0.3831657172361434,-0.09997097953024629,-0.8590486544881845,0.3243844102430245,0.01953125,0.009765625,-0.01953125,-0.0045013427734375,0.0011067390441894531,0.00853109359741211
588,191000000,imu1_frame,0.3821753807211651,-0.09884460449562692,-0.8597579568179267,0.3240184843816778,0.01953125,0.017578125,-0.017578125,-0.007907390594482422,0.02761077880859375,-0.010622024536132812
588,216000000,imu1_frame,0.38437599545848267,-0.09861883009711528,-0.8591159948528158,0.32318590293147625,0.01953125,0.017578125,-0.017578125,0.027184486389160156,-0.01403045654296875,-0.013730049133300781
588,240000000,imu1_frame,0.3835776561347807,-0.09706936597962987,-0.8598563365427824,0.32263415877691254,0.01953125,0.017578125,-0.017578125,0.03024911880493164,-0.05841827392578125,0.0035600662231445312
588,265000000,imu1_frame,0.3833316052602811,-0.09505530809477426,-0.8605142643873814,0.32177098936577175,0.01953125,0.017578125,-0.017578125,0.01018667221069336,0.021297454833984375,-0.0037894248962402344
588,294000000,imu1_frame,0.3835329321063466,-0.09780686562130338,-0.8599550578296737,0.3222011879872685,0.025390625,0.0078125,-0.03125,-0.008790016174316406,-0.028378963470458984,0.009579658508300781
588,316000000,imu1_frame,0.3837291014853697,-0.09987880113689702,-0.8595132215328214,0.322510811860561,0.025390625,0.0078125,-0.03125,0.012694835662841797,0.0864410400390625,0.01662158966064453
588,341000000,imu1_frame,0.3838944419452859,-0.09773376090044739,-0.8601441870312657,0.3212867052028368,0.025390625,0.0078125,-0.03125,0.0009446144104003906,0.016115188598632812,0.010833263397216797
588,366000000,imu1_frame,0.3833442745029109,-0.10011931903649068,-0.8599249432615071,0.3217955579528715,0.04296875,0.01171875,-0.0234375,-0.025931358337402344,-0.02391958236694336,0.011805534362792969
588,391000000,imu1_frame,0.38405659787643415,-0.09803622633069621,-0.8603704392942747,0.32039371895059404,0.037109375,0.015625,-0.033203125,0.0051708221435546875,0.016288280487060547,0.0144195556640625
588,416000000,imu1_frame,0.3837641295165235,-0.1004138231119181,-0.8600689759249632,0.3208169473015077,0.037109375,0.015625,-0.033203125,0.017421245574951172,-0.024445533752441406,-0.01590585708618164
588,440000000,imu1_frame,0.38320289101108873,-0.09874900754213427,-0.8607968917148847,0.3200513850058771,0.025390625,0.009765625,-0.021484375,0.025387287139892578,0.011370658874511719,-0.03078460693359375
588,466000000,imu1_frame,0.38390892512100144,-0.09654231515484035,-0.8612143374553891,0.31875285654917024,0.025390625,0.009765625,-0.021484375,-0.01759481430053711,-0.025063037872314453,0.010424613952636719
588,490000000,imu1_frame,0.3842126691144729,-0.09504899607402768,-0.8618008261794367,0.3172469845935379,0.078125,-0.005859375,-0.03515625,0.004037380218505859,0.00839543342590332,0.009398460388183594
588,516000000,imu1_frame,0.3842566785527805,-0.09813844214322243,-0.8613931743212431,0.3173601272908409,0.078125,-0.005859375,-0.03515625,0.056537628173828125,0.14743280410766602,0.017808914184570312
588,541000000,imu1_frame,0.3845683866797123,-0.10109469834631078,-0.8608984974462478,0.3173969045652849,0.078125,-0.005859375,-0.03515625,0.039647579193115234,0.09642839431762695,-0.005060672760009766
588,566000000,imu1_frame,0.38455221980491516,-0.10357797628987665,-0.8604358503268844,0.3178700057304206,0.029296875,0.0,-0.021484375,0.019536495208740234,0.05211830139160156,0.0046329498291015625
588,591000000,imu1_frame,0.3842832328344097,-0.10625988668368523,-0.8600890909840656,0.318248313451162,0.044921875,-0.013671875,-0.025390625,-0.005035400390625,0.006556510925292969,0.011594295501708984
588,615000000,imu1_frame,0.38500288869038013,-0.10859290833875625,-0.8594651989566837,0.31827649574063904,0.044921875,-0.013671875,-0.025390625,-0.012230873107910156,0.12023735046386719,-0.006863594055175781
588,640000000,imu1_frame,0.3862301025375734,-0.1106327251059477,-0.8587403791346944,0.3180435021707703,0.044921875,-0.013671875,-0.025390625,-0.00928497314453125,0.042606353759765625,-0.018689632415771484
588,665000000,imu1_frame,0.3874318836947913,-0.11253510180045212,-0.8579205229288549,0.31812696002845736,0.025390625,-0.005859375,-0.005859375,-0.007330894470214844,0.0043735504150390625,0.007782936096191406
588,690000000,imu1_frame,0.3878745900347554,-0.11150614364303865,-0.8582172905214279,0.31714785918446187,0.0390625,-0.017578125,-0.01171875,0.010974407196044922,0.025579452514648438,0.010040283203125
588,716000000,imu1_frame,0.3877345734739685,-0.10965036128890132,-0.8589405746498638,0.31600599364938453,0.0390625,-0.017578125,-0.01171875,-0.04619550704956055,-0.05247688293457031,0.038936614990234375
588,740000000,imu1_frame,0.38762604936949785,-0.10737340156585436,-0.8595280282963221,0.31532295675927297,-0.01171875,0.005859375,-0.001953125,-0.028068065643310547,-0.009634017944335938,0.027632713317871094
588,766000000,imu1_frame,0.3872983076696342,-0.10495960254442264,-0.8602191162287323,0.3146531022961846,-0.01171875,0.005859375,-0.001953125,-0.0902090072631836,-0.1548161506652832,0.09468460083007812
588,791000000,imu1_frame,0.3870767062528183,-0.10319483120404727,-0.8608849506272889,0.3136870288562921,0.0390625,-0.00390625,-0.0078125,-0.0760955810546875,-0.11781120300292969,0.08414840698242188
588,816000000,imu1_frame,0.3874653779713686,-0.10578872795439472,-0.8602343122863404,0.31412776680284477,0.0390625,-0.00390625,-0.0078125,0.06099748611450195,0.025602340698242188,-0.05955171585083008
588,840000000,imu1_frame,0.3892741501644986,-0.10517306087286009,-0.8598772569958153,0.3130740586214286,0.0390625,-0.00390625,-0.0078125,-0.05771636962890625,-0.0015454292297363281,0.00833272933959961
588,865000000,imu1_frame,0.3909750589119692,-0.10395697628909405,-0.8596151064466722,0.31207902710417346,0.01171875,0.0,-0.00390625,-0.02166271209716797,0.016620159149169922,0.02930593490600586
588,890000000,imu1_frame,0.3895728751421778,-0.10470036586100731,-0.8601362878071741,0.3121480013380236,0.056640625,-0.001953125,-0.01171875,-0.04584312438964844,0.011028766632080078,0.010990619659423828
588,915000000,imu1_frame,0.3880053404194595,-0.10616937557646024,-0.8605291402013134,0.31252122865506593,0.056640625,-0.001953125,-0.01171875,0.038214683532714844,0.027415752410888672,0.07133674621582031
588,940000000,imu1_frame,0.38685395417632845,-0.10841315010837027,-0.8605693578714675,0.31306706520234456,0.056640625,-0.001953125,-0.01171875,-0.03478813171386719,-0.007496356964111328,0.020333290100097656
588,965000000,imu1_frame,0.3876224478192867,-0.10614442047587841,-0.8608500895187957,0.3121206871130234,-0.005859375,0.005859375,-0.001953125,-0.003911495208740234,0.03257131576538086,0.022438526153564453
588,991000000,imu1_frame,0.3870883312773873,-0.10856293894736355,-0.8604951661063502,0.3129293549407011,0.0234375,0.01171875,-0.0078125,-0.032048702239990234,-0.010238170623779297,0.024505138397216797
589,15000000,imu1_frame,0.385922758777233,-0.10754861777681815,-0.8612331050019776,0.31268907547389324,0.0234375,0.01171875,-0.0078125,-0.0002799034118652344,-0.020967483520507812,0.04559516906738281
589,41000000,imu1_frame,0.38426391565671003,-0.10631868332107604,-0.862155034770454,0.3126120226750766,-0.00390625,-0.009765625,-0.00390625,-0.013599872589111328,0.00853729248046875,0.01548147201538086
589,66000000,imu1_frame,0.3860495266408017,-0.10600938958274894,-0.8616188359525995,0.31199479776495176,-0.00390625,-0.009765625,-0.00390625,-0.02354288101196289,0.008675575256347656,-0.0019354820251464844
589,90000000,imu1_frame,0.3878634097266709,-0.10592515658675507,-0.861029468895154,0.31140020920256506,0.005859375,-0.005859375,-0.00390625,0.004287242889404297,0.004756927490234375,0.025157928466796875
589,116000000,imu1_frame,0.3865752777580142,-0.10439248301521077,-0.861918806559647,0.3110590539029959,0.005859375,-0.005859375,-0.00390625,-0.0005588531494140625,3.2901763916015625e-05,-0.0005955696105957031
589,141000000,imu1_frame,0.3851189459061331,-0.10608849183252932,-0.862052857178367,0.3119190613532013,0.005859375,-0.005859375,-0.00390625,-0.03619813919067383,0.012634754180908203,0.027373790740966797
589,166000000,imu1_frame,0.3865665893105277,-0.10436587318005022,-0.8619400789808721,0.31101983343613215,-0.005859375,0.0,0.00390625,-0.0003647804260253906,0.03989219665527344,0.042099952697753906
589,190000000,imu1_frame,0.38516608551727355,-0.1060615915296924,-0.8620387013899239,0.31190912566877954,0.005859375,-0.0078125,0.001953125,-0.03532743453979492,0.012906074523925781,0.02797222137451172
589,216000000,imu1_frame,0.3861343583787999,-0.10806462463075424,-0.8612134538797787,0.31230382808936136,0.005859375,-0.0078125,0.001953125,-0.038350582122802734,0.007216453552246094,0.050919532775878906
589,240000000,imu1_frame,0.3870226687828944,-0.10988695487125928,-0.8604553664986944,0.3126577573975822,0.005859375,-0.0078125,0.001953125,-0.041015625,0.048191070556640625,0.03304624557495117
589,266000000,imu1_frame,0.3882561719461258,-0.11160499707255363,-0.859501747619275,0.31314248420421636,-0.005859375,0.009765625,0.009765625,-0.03906726837158203,0.01016092300415039,0.05917549133300781
589,290000000,imu1_frame,0.3873441406787114,-0.11026469917897466,-0.8601458967648713,0.3129780328959146,0.015625,0.01171875,0.015625,-0.040871620178222656,0.03805828094482422,0.0395808219909668
589,316000000,imu1_frame,0.38689380979703136,-0.10834888967453193,-0.8607676561363995,0.3124943842639158,0.015625,0.01171875,0.015625,-0.03100728988647461,-0.11603260040283203,0.059728145599365234
589,340000000,imu1_frame,0.3864988473781486,-0.10658170356420069,-0.8614365617502773,0.3117467425981807,0.025390625,0.009765625,-0.009765625,-0.02024698257446289,-0.07963085174560547,0.04633283615112305
589,365000000,imu1_frame,0.3848781341123081,-0.10746428137780542,-0.8618724096718703,0.31224381428073794,0.025390625,0.009765625,-0.009765625,0.023549556732177734,0.0630640983581543,0.14668846130371094
589,390000000,imu1_frame,0.38309242983732394,-0.1074132750009273,-0.8623542750607299,0.313125666209899,-0.05078125,0.0234375,-0.0078125,-0.004467487335205078,0.06720733642578125,0.11966705322265625
589,416000000,imu1_frame,0.38482735882310143,-0.10524246398602849,-0.8621187026550439,0.3123832105087746,-0.05078125,0.0234375,-0.0078125,-0.07553482055664062,-0.05304098129272461,-0.06257200241088867
589,440000000,imu1_frame,0.3865837017637858,-0.10359688985677369,-0.8617484809301895,0.31178563398130194,-0.05078125,0.0234375,-0.0078125,-0.11560583114624023,0.008296489715576172,-0.00374603271484375
589,465000000,imu1_frame,0.38799862631370485,-0.10250060348279226,-0.861537294967541,0.31097295966748256,-0.02734375,-0.029296875,-0.013671875,-0.08506917953491211,0.02472972869873047,0.013257980346679688
589,491000000,imu1_frame,0.38961927401542656,-0.10154271041386062,-0.8610793910933267,0.31052887387784783,-0.04296875,-0.013671875,0.00390625,-0.0545654296875,0.03530454635620117,0.034069061279296875
589,515000000,imu1_frame,0.3879625314861959,-0.09991855317982973,-0.8619785315449644,0.3106354262618136,-0.04296875,-0.013671875,0.00390625,0.012233257293701172,-0.047115325927734375,0.04550790786743164
589,541000000,imu1_frame,0.38574677203323054,-0.10034746609287833,-0.8625592351548498,0.3116430325930009,-0.04296875,-0.013671875,0.00390625,0.05282306671142578,-0.010562896728515625,-0.029292583465576172
589,565000000,imu1_frame,0.38397558961032985,-0.10230778945190099,-0.8627673622370748,0.3126153250551626,0.025390625,-0.037109375,0.025390625,0.010622024536132812,-0.04053020477294922,-0.04818248748779297
589,591000000,imu1_frame,0.3851555670172486,-0.10066058466048818,-0.8627259786487563,0.3118116765869683,-0.0078125,-0.0234375,0.015625,0.04180335998535156,-0.013792037963867188,-0.03700685501098633
589,616000000,imu1_frame,0.3846343346887585,-0.10301314637993451,-0.8623039390022855,0.31285242053176604,-0.0078125,-0.0234375,0.015625,0.04857778549194336,0.05991315841674805,-0.03156852722167969
589,640000000,imu1_frame,0.3845036445646432,-0.10537131502627123,-0.8618557925596094,0.31346200107443345,0.015625,-0.015625,-0.0078125,0.027326583862304688,0.017307758331298828,-0.02393054962158203
589,666000000,imu1_frame,0.3858594087266021,-0.10695990775762597,-0.8610759625461338,0.3134011511703277,0.015625,-0.015625,-0.0078125,-0.0005145072937011719,0.019510269165039062,-0.03600358963012695
589,691000000,imu1_frame,0.38726742389608027,-0.10844801294128743,-0.8602827022481587,0.31333152265705033,0.01953125,-0.013671875,-0.001953125,0.008212089538574219,-0.011954307556152344,-0.008458137512207031
589,716000000,imu1_frame,0.38625632357692985,-0.10689281624336242,-0.8611277982455846,0.31279209296449373,0.01953125,-0.013671875,-0.001953125,0.008327007293701172,-0.12970638275146484,0.04787778854370117
589,740000000,imu1_frame,0.3879231618071961,-0.10766857562799534,-0.8604189907859877,0.31241360189749884,0.01953125,-0.013671875,-0.001953125,-0.012084007263183594,0.0038099288940429688,0.03334188461303711
589,765000000,imu1_frame,0.3863073662876551,-0.10673826423853422,-0.861238314220938,0.3124774036904386,-0.00390625,-0.001953125,-0.00390625,-0.027428150177001953,0.027063846588134766,0.0050411224365234375
589,790000000,imu1_frame,0.3879164843920158,-0.10785927714406433,-0.8604107194776702,0.3123788905781195,0.009765625,-0.005859375,0.001953125,-0.013351917266845703,0.0009245872497558594,0.034043312072753906
589,816000000,imu1_frame,0.38596803024218573,-0.1079018918365055,-0.8611295503016858,0.3127966735217731,0.009765625,-0.005859375,0.001953125,-0.0026807785034179688,0.007367610931396484,0.04776906967163086
589,841000000,imu1_frame,0.384143394656156,-0.10767917017073604,-0.8618660136074591,0.313091078189356,0.009765625,-0.005859375,0.001953125,-0.027122974395751953,0.018513202667236328,0.0584254264831543
589,866000000,imu1_frame,0.3823838186422786,-0.10728656561942038,-0.862661715421296,0.3131883982917081,0.013671875,-0.009765625,-0.005859375,-0.04861879348754883,0.03349924087524414,0.030411720275878906
589,891000000,imu1_frame,0.3842643431778521,-0.10793952711838109,-0.8619657053175045,0.31257814367618775,0.025390625,-0.009765625,-0.013671875,-0.02494335174560547,0.01709747314453125,0.061287879943847656
589,915000000,imu1_frame,0.3828003636307767,-0.1071769675736254,-0.8628030193805046,0.31232663827114016,0.025390625,-0.009765625,-0.013671875,-0.0029091835021972656,0.003796100616455078,-0.006789207458496094
589,940000000,imu1_frame,0.3845471387251285,-0.10861617266967138,-0.8620560405178609,0.3117457427769902,0.052734375,-0.0234375,-0.013671875,0.013293743133544922,-0.02512502670288086,0.02543497085571289
589,965000000,imu1_frame,0.38424426829006864,-0.11147374498074399,-0.8616679160886116,0.31218319757749147,0.052734375,-0.0234375,-0.013671875,0.02600860595703125,0.0393829345703125,-0.005864620208740234
589,990000000,imu1_frame,0.384112569293363,-0.1138621632940476,-0.8612150829859068,0.3127323499710716,0.025390625,0.009765625,-0.021484375,0.004596233367919922,-0.0031585693359375,0.0026788711547851562
590,16000000,imu1_frame,0.38240805255061533,-0.11421346480223425,-0.8618441501660561,0.3129601038900371,0.025390625,0.009765625,-0.021484375,0.01706075668334961,-0.0017971992492675781,0.017795085906982422
590,41000000,imu1_frame,0.3840107959135609,-0.11259901435149824,-0.8618169684770823,0.31165475037912743,0.025390625,0.009765625,-0.021484375,-0.09580326080322266,-0.013559341430664062,0.03461313247680664
590,66000000,imu1_frame,0.38557895323600627,-0.11114173923104075,-0.8617164626364703,0.3105175077888748,0.041015625,0.013671875,0.001953125,-0.05879068374633789,0.010223388671875,0.05183267593383789
590,90000000,imu1_frame,0.3862152415747236,-0.10894530892216414,-0.8620482738264339,0.3095827521553776,0.001953125,0.013671875,-0.005859375,-0.030222415924072266,0.049691200256347656,0.051995277404785156
590,116000000,imu1_frame,0.3883485502275094,-0.10844772882638963,-0.8614077943969412,0.3088706936580202,0.001953125,0.013671875,-0.005859375,-0.03373575210571289,0.012907028198242188,0.007929801940917969
590,141000000,imu1_frame,0.390426453256528,-0.10801114937278895,-0.8607660742699853,0.3081923775737089,0.001953125,0.013671875,-0.005859375,0.0004267692565917969,0.014242172241210938,0.037715911865234375
590,166000000,imu1_frame,0.38837953536131625,-0.10875605334795113,-0.8613223582185389,0.30896157140583125,0.013671875,-0.021484375,0.0234375,-0.035822391510009766,0.006952762603759766,0.009760856628417969
590,191000000,imu1_frame,0.38999056402539867,-0.10819573552198425,-0.8609623516783264,0.30813125738641645,0.025390625,-0.025390625,0.013671875,-0.006386280059814453,0.013807296752929688,0.031851768493652344
