timestamp_sec,timestamp_nsec,frame_id,orientation_x,orientation_y,orientation_z,orientation_w,angular_velocity_x,angular_velocity_y,angular_velocity_z,linear_acceleration_x,linear_acceleration_y,linear_acceleration_z
639,616000000,imu2_frame,0.5701263893352475,0.11926130065713274,-0.7792165352441535,0.2314178764728852,0.01171875,0.00390625,-0.00390625,0.039737701416015625,0.018774211406707764,-0.014793157577514648
639,641000000,imu2_frame,0.5684966655706751,0.11947287349652157,-0.7804430049648204,0.23118496866143648,0.01171875,0.00390625,-0.00390625,0.1110696792602539,-0.004247546195983887,-0.05002021789550781
639,666000000,imu2_frame,0.5697277472802696,0.11901620703869031,-0.7795749290642455,0.23131875500172724,0.013671875,0.00390625,0.013671875,0.11858558654785156,-0.02030014991760254,-0.024646282196044922
639,690000000,imu2_frame,0.5681465599718137,0.11955592315861997,-0.7807245746598024,0.231051955525494,0.00390625,0.005859375,0.015625,0.1089029312133789,0.0007381439208984375,-0.05742311477661133
639,716000000,imu2_frame,0.5695103627013153,0.1190965760074459,-0.7796808717464158,0.23145559097128732,-0.00390625,0.001953125,0.01953125,0.1170654296875,-0.01936328411102295,-0.029163360595703125
639,741000000,imu2_frame,0.5698336899343687,0.12088173619256502,-0.7795084370099603,0.23031232772290225,-0.00390625,0.001953125,0.01953125,0.047122955322265625,-0.09455752372741699,-0.052794456481933594
639,766000000,imu2_frame,0.5702520171261951,0.12238301042164348,-0.7795648849177105,0.2282840903936991,0.05859375,0.00390625,-0.025390625,0.056031227111816406,-0.050822436809539795,-0.03633379936218262
639,791000000,imu2_frame,0.5706627293932726,0.12364266683592037,-0.7796226809283021,0.22637361949063056,0.068359375,0.00390625,-0.0078125,0.06393241882324219,-0.012009143829345703,-0.021120548248291016
639,816000000,imu2_frame,0.5719678735741249,0.12153472993955017,-0.7788641047977453,0.22683202435992394,0.068359375,0.00390625,-0.0078125,0.14132022857666016,0.05644625425338745,-0.07629251480102539
639,841000000,imu2_frame,0.5731405846188625,0.120172558694424,-0.777842165660908,0.2281008367357132,-0.01953125,0.015625,0.013671875,0.14466190338134766,0.013893365859985352,-0.05648207664489746
639,865000000,imu2_frame,0.5734393397058257,0.12212607852591949,-0.7776350726004054,0.22701594323613006,-0.01953125,0.015625,0.013671875,0.07489299774169922,-0.05935263633728027,-0.04052281379699707
639,891000000,imu2_frame,0.5736750437801885,0.12406756485786248,-0.777630102572386,0.22537880793743462,0.013671875,0.013671875,-0.0078125,0.08306312561035156,-0.012540757656097412,-0.02589583396911621
639,916000000,imu2_frame,0.572881388581082,0.12263672900595479,-0.7781926261166091,0.2262374504229274,0.013671875,0.013671875,-0.0078125,0.11613750457763672,0.11327517032623291,0.10184454917907715
639,941000000,imu2_frame,0.5715689136327001,0.12226210317346507,-0.7791801784388647,0.22636078420149294,0.013671875,0.013671875,-0.0078125,0.06679630279541016,-0.0028256773948669434,0.07070064544677734
639,965000000,imu2_frame,0.5702340115808758,0.12245237204007617,-0.78020723458313,0.22608684110820135,0.013671875,0.013671875,-0.0078125,0.054184913635253906,-0.02366483211517334,0.04181027412414551
639,991000000,imu2_frame,0.5686951802937054,0.1224191005986813,-0.7813782998765126,0.22593651365242068,0.01953125,0.00390625,0.005859375,0.043231964111328125,-0.01289820671081543,0.00739598274230957
640,16000000,imu2_frame,0.567088955047397,0.12254125949570835,-0.7825206917628817,0.22595380888004105,0.0078125,0.00390625,0.02734375,0.03192901611328125,-0.0013931989669799805,-0.02769017219543457
640,41000000,imu2_frame,0.5682100234331064,0.12064276259878094,-0.7816195936225594,0.22727407236195726,0.0078125,0.00390625,0.02734375,0.03368949890136719,0.21345949172973633,-0.09003829956054688
640,66000000,imu2_frame,0.5693878158128837,0.1182980904459942,-0.7807109332642822,0.2286777551102834,0.033203125,-0.001953125,0.0546875,0.03439807891845703,0.15468084812164307,-0.07480168342590332
640,90000000,imu2_frame,0.5705462153129119,0.11626712520318258,-0.779818663481282,0.22987349537379664,0.02734375,0.001953125,0.0390625,0.03576087951660156,0.10314559936523438,-0.058303117752075195
640,116000000,imu2_frame,0.571685246880014,0.1145208664411208,-0.7788016993515435,0.23136305395732593,-0.009765625,0.0,0.03515625,0.03723716735839844,0.05248826742172241,-0.0407567024230957
640,141000000,imu2_frame,0.5701785291618087,0.11428239642714724,-0.779770995161615,0.2319335548263969,-0.009765625,0.0,0.03515625,0.0684051513671875,-0.022752761840820312,0.04183340072631836
640,165000000,imu2_frame,0.5686051999337173,0.11437114459855464,-0.7807499281657342,0.23245842114398574,-0.025390625,-0.00390625,0.033203125,0.05687522888183594,-0.017911314964294434,0.007203102111816406
640,190000000,imu2_frame,0.5668604910270795,0.11479654175925906,-0.7818969809651596,0.23265435493500194,-0.01953125,-0.005859375,0.025390625,0.045322418212890625,-0.0030879974365234375,-0.029621362686157227
640,216000000,imu2_frame,0.5679843790901364,0.11475363744528001,-0.7810717186725437,0.23270650633918233,0.0,-0.01171875,0.021484375,0.05347251892089844,-0.011304199695587158,-0.004730224609375
640,240000000,imu2_frame,0.5660777599154048,0.11505225526795694,-0.7823945106785296,0.2327612036981647,-0.005859375,-0.01953125,0.01953125,0.04025077819824219,0.004318177700042725,-0.04581880569458008
640,266000000,imu2_frame,0.5667862400072402,0.11639536934829157,-0.7819303507049417,0.2319275808936414,-0.005859375,-0.01953125,0.01953125,0.050024986267089844,-0.048298001289367676,-0.06321048736572266
640,291000000,imu2_frame,0.5675133055093841,0.11743820242631524,-0.781440010390955,0.23127565120624405,0.001953125,-0.01953125,0.037109375,0.058929443359375,-0.029548704624176025,-0.042324066162109375
640,315000000,imu2_frame,0.568139166830768,0.11834779866853397,-0.7810527883202043,0.2305823660221805,0.013671875,-0.017578125,0.041015625,0.06669807434082031,-0.01168060302734375,-0.024237632751464844
640,341000000,imu2_frame,0.5693194660611202,0.11643594549100283,-0.7801026854459757,0.23185731888701333,0.013671875,-0.017578125,0.041015625,0.18563461303710938,0.12886494398117065,-0.15910029411315918
640,366000000,imu2_frame,0.5704449047180433,0.1145745120269416,-0.779186678223754,0.23309528599618431,0.013671875,-0.017578125,0.041015625,0.10879802703857422,0.1576489806175232,-0.14242863655090332
640,391000000,imu2_frame,0.5718660057630995,0.112601169782692,-0.7780209842981712,0.23446448773286124,0.01953125,0.00390625,0.068359375,0.11143016815185547,0.10324764251708984,-0.11946296691894531
640,415000000,imu2_frame,0.5735367818058084,0.110035891748581,-0.7769840387188207,0.2350392861185581,0.107421875,0.0078125,0.0625,0.11469173431396484,0.047903358936309814,-0.09321951866149902
640,441000000,imu2_frame,0.5743946224323945,0.10642781604206454,-0.7764650336657859,0.2363175600492978,0.107421875,0.0078125,0.0625,0.10413837432861328,0.27841198444366455,-0.014970064163208008
640,466000000,imu2_frame,0.5748230798424756,0.10403596197666906,-0.7755192853248649,0.23942594593153554,-0.056640625,0.01171875,0.134765625,0.09528827667236328,0.20327997207641602,-0.015184164047241211
640,490000000,imu2_frame,0.575142786825145,0.10181500170300703,-0.7746267600895984,0.24248270607264852,-0.06640625,0.0078125,0.134765625,0.08578872680664062,0.13197457790374756,-0.016935348510742188
640,516000000,imu2_frame,0.5753914765832954,0.09922088228738954,-0.7737453558144018,0.24576002431040694,-0.0546875,-0.00390625,0.138671875,0.0737009048461914,0.05294597148895264,-0.021536827087402344
640,541000000,imu2_frame,0.5739920594748309,0.09807093350539986,-0.7741809483974404,0.24811099693415725,-0.0546875,-0.00390625,0.138671875,0.09554862976074219,0.01672208309173584,0.17311525344848633
640,565000000,imu2_frame,0.5722812481466353,0.09720792927411732,-0.7748078957389062,0.25043465456405073,-0.072265625,-0.03125,0.142578125,0.07689762115478516,-0.012842774391174316,0.1314840316772461
640,591000000,imu2_frame,0.570430632650035,0.09530129829483161,-0.775819374724803,0.2522515682397553,0.02734375,-0.05859375,0.16015625,0.05420398712158203,-0.05103588104248047,0.08297586441040039
640,616000000,imu2_frame,0.5685365172396512,0.09416427866434983,-0.7767433665538018,0.2541044267683989,-0.00390625,-0.05859375,0.19140625,0.033545494079589844,-0.07782900333404541,0.0365900993347168
640,640000000,imu2_frame,0.5689146878093295,0.09427180999894542,-0.7762191485286773,0.25481902851190485,-0.00390625,-0.05859375,0.19140625,-0.0038938522338867188,-0.16118502616882324,-0.10704898834228516
640,666000000,imu2_frame,0.5694535710525633,0.0942706643843056,-0.7755482076916802,0.25565728974204427,-0.00390625,-0.05859375,0.19140625,0.0022487640380859375,-0.2525770664215088,-0.20835065841674805
640,691000000,imu2_frame,0.5700703773683303,0.09328282207296096,-0.7749029451110059,0.25659989402087335,0.056640625,-0.068359375,0.25390625,0.00119781494140625,-0.282315731048584,-0.19822907447814941
640,716000000,imu2_frame,0.5705451882478308,0.09278525329891346,-0.7742929923361292,0.2575644520438844,0.02734375,-0.060546875,0.2421875,0.0008497238159179688,-0.30409884452819824,-0.18944644927978516
640,741000000,imu2_frame,0.571185350773762,0.09210054832187298,-0.7735455023545778,0.25863514812814753,0.02734375,-0.060546875,0.2421875,0.07878398895263672,-0.17863905429840088,-0.1424875259399414
640,766000000,imu2_frame,0.5719942980389154,0.09116672213306577,-0.7726497784082015,0.25985278854043076,0.02734375,-0.060546875,0.2421875,0.11359500885009766,-0.13393187522888184,-0.12776494026184082
640,791000000,imu2_frame,0.5728543878073449,0.09044432097717585,-0.7718277927928087,0.2606521310970447,0.05078125,-0.033203125,0.2421875,0.11514091491699219,-0.15961766242980957,-0.11107015609741211
640,815000000,imu2_frame,0.5728045469817682,0.08629379335523173,-0.7712231505671019,0.26393784157397593,0.05078125,-0.033203125,0.2421875,0.13507652282714844,0.19722306728363037,0.029793262481689453
640,841000000,imu2_frame,0.5724538477293075,0.08189435671420393,-0.770750554023949,0.267457454616717,0.05078125,-0.033203125,0.2421875,0.146514892578125,0.057410240173339844,0.0074880123138427734
640,865000000,imu2_frame,0.5712769103146036,0.07876456186838272,-0.7710042301230599,0.270169044613608,0.05078125,-0.033203125,0.2421875,0.11945915222167969,-0.052548766136169434,0.01043248176574707
640,890000000,imu2_frame,0.5706324424392267,0.07829367297567962,-0.7712415356301918,0.27098931736620824,0.05078125,-0.033203125,0.2421875,0.11111831665039062,-0.3345508575439453,-0.005431175231933594
640,915000000,imu2_frame,0.5696566040170765,0.07928649784387748,-0.7711233332628827,0.27308205663669194,-0.107421875,-0.025390625,0.263671875,0.10358619689941406,-0.33789873123168945,-0.02412891387939453
640,941000000,imu2_frame,0.5706945769152582,0.07836395695122063,-0.7692978643313395,0.27631066947496175,-0.107421875,-0.025390625,0.263671875,-0.01818561553955078,-0.05243229866027832,-0.0037529468536376953
640,965000000,imu2_frame,0.5689068075449105,0.0774281876798795,-0.7694767742067807,0.27974169163354,-0.107421875,-0.025390625,0.263671875,0.0702829360961914,-0.09472048282623291,0.21915769577026367
640,990000000,imu2_frame,0.5669770606595902,0.0744322378495084,-0.7700118966441385,0.2829815076661766,0.04296875,-0.09375,0.35546875,0.035521507263183594,-0.16435980796813965,0.1674189567565918
641,16000000,imu2_frame,0.5651869285825861,0.07074222753170573,-0.7705698435930012,0.2859744554121798,0.115234375,-0.11328125,0.4140625,-0.001537322998046875,-0.24229121208190918,0.11732625961303711
641,41000000,imu2_frame,0.5649778339622621,0.06425124557896181,-0.7695597365195752,0.2906021963110129,0.115234375,-0.11328125,0.4140625,0.10596275329589844,0.22202849388122559,-0.01775074005126953
641,66000000,imu2_frame,0.5642849601752924,0.057833358857262165,-0.7688147300738546,0.29523159916364294,0.115234375,-0.11328125,0.4140625,0.056122779846191406,0.07751011848449707,0.025875568389892578
641,91000000,imu2_frame,0.5627166860589138,0.05250929899169418,-0.7682870921840159,0.30054558511763974,0.005859375,-0.13671875,0.40625,0.0014858245849609375,-0.0524449348449707,-0.020153045654296875
641,115000000,imu2_frame,0.562277298163312,0.05092812238209056,-0.7680666747016623,0.30219885759799203,0.0625,-0.12890625,0.35546875,-0.015250205993652344,-0.0919790267944336,-0.033063411712646484
641,140000000,imu2_frame,0.5625870323585679,0.0485413474478801,-0.7671817853399435,0.3042559397161221,0.0625,-0.12890625,0.35546875,0.04169464111328125,-0.11402702331542969,-0.06608271598815918
641,166000000,imu2_frame,0.5630514382416759,0.044822384205675476,-0.7659098018615257,0.307158277082903,0.0625,-0.12890625,0.35546875,0.09743022918701172,-0.12758946418762207,-0.06242561340332031
641,191000000,imu2_frame,0.5620469171704469,0.04526049808433005,-0.7659239747218678,0.3088935336950434,-0.068359375,-0.099609375,0.265625,0.08646202087402344,-0.1339726448059082,-0.08392691612243652
641,215000000,imu2_frame,0.5616705142384111,0.04529646271440617,-0.7657814705698508,0.30992451215190764,-0.015625,-0.095703125,0.234375,0.08037376403808594,-0.14260125160217285,-0.09214353561401367
641,241000000,imu2_frame,0.5606246456346059,0.04549604048924971,-0.7660721040774483,0.31106855894034713,-0.015625,-0.095703125,0.234375,0.07016563415527344,-0.2236926555633545,-0.07955169677734375
641,265000000,imu2_frame,0.560104855053637,0.045883924043444886,-0.7661898124232562,0.31165748538826277,-0.00390625,-0.076171875,0.197265625,0.0665435791015625,-0.22106170654296875,-0.0902550220489502
641,291000000,imu2_frame,0.5599930462300984,0.0460768248883313,-0.7659765470661546,0.31235339557423714,-0.00390625,-0.076171875,0.197265625,0.06039237976074219,-0.07294583320617676,-0.053320884704589844
641,316000000,imu2_frame,0.5598066798382748,0.046490429670164125,-0.7658564660757102,0.3129201088577645,-0.015625,-0.080078125,0.177734375,0.059329986572265625,-0.07192540168762207,-0.05665159225463867
641,340000000,imu2_frame,0.5599441248628905,0.043488334739005215,-0.7648328248154765,0.3155979908965494,-0.015625,-0.080078125,0.177734375,0.1122274398803711,0.008359432220458984,-0.09798145294189453
641,366000000,imu2_frame,0.559311430919692,0.03987339914671121,-0.764131694729255,0.3188786421089536,-0.015625,-0.080078125,0.177734375,0.07540512084960938,0.07413363456726074,-0.03955650329589844
641,390000000,imu2_frame,0.5593643662807002,0.03602021254890757,-0.7633125026377083,0.32119787256499793,0.056640625,-0.08203125,0.171875,0.044829368591308594,-0.009676456451416016,-0.04413294792175293
641,415000000,imu2_frame,0.5602849698164751,0.03389058182028674,-0.7622586899654497,0.32232572133447623,0.046875,-0.07421875,0.166015625,0.0344696044921875,-0.06030678749084473,-0.026845455169677734
641,440000000,imu2_frame,0.5594418688257611,0.029963975039111197,-0.761913134756516,0.32498512379814337,0.046875,-0.07421875,0.166015625,0.0730428695678711,-0.06855654716491699,-0.05021929740905762
641,465000000,imu2_frame,0.5598789372731072,0.026983392584790506,-0.7609533242703826,0.3267376782747973,0.046875,-0.07421875,0.166015625,0.08230972290039062,-0.09635567665100098,-0.04395914077758789
641,490000000,imu2_frame,0.5594686577826583,0.026757261358507672,-0.7615578620294364,0.3260498316279536,0.10546875,-0.080078125,0.13671875,0.08096885681152344,-0.08924317359924316,-0.053206443786621094
641,516000000,imu2_frame,0.5595165562929322,0.026786731159188185,-0.7617624084298434,0.32548690814081555,0.080078125,-0.05859375,0.138671875,0.08378982543945312,-0.08283758163452148,-0.05214405059814453
641,541000000,imu2_frame,0.5582685533403101,0.023323928626705275,-0.7619470913251138,0.3274581602677387,0.080078125,-0.05859375,0.138671875,0.050079345703125,0.008331060409545898,0.03053760528564453
641,566000000,imu2_frame,0.5587033179445076,0.019527905421089984,-0.7609698058316806,0.3292327718198139,0.080078125,-0.05859375,0.138671875,0.057318687438964844,-0.07070493698120117,-0.037439584732055664
641,591000000,imu2_frame,0.5586617893324938,0.019721891421493765,-0.7612481117559148,0.32864778180695114,0.07421875,-0.0546875,0.12890625,0.060784339904785156,-0.061064720153808594,-0.038182735443115234
641,616000000,imu2_frame,0.5586431940219391,0.019971831464929094,-0.7614912432430058,0.3281005854690358,0.064453125,-0.05859375,0.125,0.06454658508300781,-0.051152706146240234,-0.038400888442993164
641,641000000,imu2_frame,0.5571406168375289,0.017006802620019714,-0.7618725782433601,0.32993222979175063,0.064453125,-0.05859375,0.125,0.14911365509033203,-0.03128933906555176,0.0009713172912597656
641,666000000,imu2_frame,0.555366529532124,0.014341301583265763,-0.7626429236260267,0.33126743876736353,0.087890625,-0.0703125,0.1171875,0.11424446105957031,-0.07382488250732422,-0.03923988342285156
641,691000000,imu2_frame,0.5539306207731416,0.010998136005758517,-0.7630152446972377,0.33293789921529704,0.087890625,-0.0703125,0.1171875,0.11072731018066406,-0.015180826187133789,0.006085872650146484
641,716000000,imu2_frame,0.5522735355448957,0.008326604689116338,-0.7635875460869938,0.3344527904681543,0.076171875,-0.056640625,0.1171875,0.07506084442138672,-0.06050753593444824,-0.030746936798095703
641,741000000,imu2_frame,0.5524086850620187,0.0045316204024350324,-0.7627566949935009,0.33619389245965037,0.076171875,-0.056640625,0.1171875,0.12148857116699219,0.015471696853637695,-0.06790733337402344
641,766000000,imu2_frame,0.5515430094942785,0.0008611134970820747,-0.7625494032789937,0.33810941235107594,0.076171875,-0.056640625,0.1171875,0.19559192657470703,0.059036970138549805,-0.008810758590698242
641,791000000,imu2_frame,0.5505684802170656,-0.0028653996564016416,-0.7619482566909092,0.34102931281924126,0.037109375,-0.041015625,0.1953125,0.14980697631835938,-0.02145981788635254,-0.029657840728759766
641,815000000,imu2_frame,0.5491032079780254,-0.005749028510077689,-0.7617315626215712,0.34382792522645866,0.00390625,-0.04296875,0.1796875,0.10612869262695312,-0.08465957641601562,-0.06066274642944336
641,841000000,imu2_frame,0.5491851771497483,-0.0052142611297721995,-0.7615011951586038,0.3442156046025342,0.00390625,-0.04296875,0.1796875,0.034137725830078125,-0.12041425704956055,-0.059072017669677734
641,866000000,imu2_frame,0.5493944124568574,-0.004770261374855966,-0.7611821340163538,0.34459364913171203,0.00390625,-0.04296875,0.1796875,0.0016183853149414062,-0.11924171447753906,-0.054666996002197266
641,891000000,imu2_frame,0.5494179273517795,-0.004075632545848981,-0.7613124205228096,0.3442771103072735,0.017578125,-0.0625,0.1171875,0.008073806762695312,-0.10567712783813477,-0.05428028106689453
641,916000000,imu2_frame,0.5493873964201454,-0.0029559896140800776,-0.7613023845484092,0.34435944892074816,-0.03125,-0.052734375,0.123046875,0.015038490295410156,-0.089691162109375,-0.05509376525878906
641,941000000,imu2_frame,0.5502530162556777,-0.0034977107512700768,-0.7602986591453825,0.34518883675861056,-0.03125,-0.052734375,0.123046875,-0.025676727294921875,-0.03429102897644043,-0.11456847190856934
641,966000000,imu2_frame,0.5512261454555952,-0.003927794018263284,-0.759323905463572,0.3457766845694855,-0.01171875,-0.044921875,0.130859375,-0.024677276611328125,-0.05350136756896973,-0.09356427192687988
641,990000000,imu2_frame,0.5521481659650584,-0.0041395042509254415,-0.7585763869087978,0.34594382860570383,0.009765625,-0.044921875,0.123046875,-0.020496368408203125,-0.06462335586547852,-0.0736384391784668
642,15000000,imu2_frame,0.5530598061850212,-0.003996104365039657,-0.7578811224158565,0.3460131301239483,0.0078125,-0.033203125,0.126953125,-0.013524055480957031,-0.06935930252075195,-0.05396103858947754
642,40000000,imu2_frame,0.5528566833027249,-0.007157857590842495,-0.7569229190503974,0.3483761579362817,0.0078125,-0.033203125,0.126953125,0.09988880157470703,-0.06212759017944336,-0.057623863220214844
642,66000000,imu2_frame,0.5534966918861198,-0.006994780442912335,-0.7564315753568499,0.34843041905211386,0.021484375,-0.029296875,0.13671875,0.10507869720458984,-0.06456208229064941,-0.04387688636779785
642,91000000,imu2_frame,0.5519260507686083,-0.009345401358073891,-0.7565482965601482,0.35060657855830685,0.021484375,-0.029296875,0.13671875,0.1449737548828125,-0.07703113555908203,-0.037897348403930664
642,115000000,imu2_frame,0.5500906808832747,-0.010411566923973907,-0.757283456581598,0.3518715795107495,0.03515625,-0.04296875,0.138671875,0.11817264556884766,-0.09397196769714355,-0.07702159881591797
642,140000000,imu2_frame,0.5485068069826742,-0.013098396300504188,-0.7573844481072578,0.35403038354538274,0.03515625,-0.04296875,0.138671875,0.03380298614501953,-0.028832674026489258,0.0034775733947753906
642,166000000,imu2_frame,0.5478791886140568,-0.01677168467692843,-0.7566118461909989,0.3564907004118747,0.03515625,-0.04296875,0.138671875,0.06808996200561523,0.047399044036865234,-0.00786137580871582
642,191000000,imu2_frame,0.5471668974832952,-0.020257075244437876,-0.7555089635107948,0.3597280128873629,-0.009765625,-0.033203125,0.19921875,0.020186424255371094,-0.0333709716796875,-0.020587682723999023
642,216000000,imu2_frame,0.5471223263530399,-0.01983857611853473,-0.7552826495765863,0.3602939218918329,-0.009765625,-0.0546875,0.185546875,0.019777297973632812,-0.03281354904174805,-0.021909236907958984
642,240000000,imu2_frame,0.5472201658103374,-0.02289441250407254,-0.7539266919463147,0.3627953681863747,-0.009765625,-0.0546875,0.185546875,0.06220197677612305,-0.0696115493774414,-0.05632591247558594
642,266000000,imu2_frame,0.546162204783648,-0.026505317871314275,-0.7530165147215662,0.3660197299968819,-0.009765625,-0.0546875,0.185546875,0.05264091491699219,-0.036023616790771484,-0.036346435546875
642,291000000,imu2_frame,0.5467854920736867,-0.02749962500880709,-0.7521711717934015,0.3667532203063152,0.029296875,-0.05859375,0.189453125,0.04531288146972656,-0.06252622604370117,-0.021950721740722656
642,316000000,imu2_frame,0.5458510152262948,-0.027685445771768624,-0.7525859453096378,0.36727997521133715,0.05078125,-0.07421875,0.20703125,0.034342288970947266,-0.06438207626342773,-0.04173779487609863
642,340000000,imu2_frame,0.5466819221253065,-0.03045380259289114,-0.7511694208700052,0.3687220404028411,0.05078125,-0.07421875,0.20703125,0.006700992584228516,-0.04746532440185547,-0.05997514724731445
642,366000000,imu2_frame,0.5474933621700265,-0.031473526581724455,-0.7502392453239263,0.3693257509029871,0.037109375,-0.06640625,0.19921875,0.000942230224609375,-0.07417631149291992,-0.041384220123291016
642,390000000,imu2_frame,0.547678981138153,-0.031342190157343935,-0.7498840762323616,0.3697827374942662,0.0078125,-0.056640625,0.1953125,0.0005660057067871094,-0.07828474044799805,-0.03754472732543945
642,415000000,imu2_frame,0.5479165586316685,-0.03140932225367176,-0.7495087174551701,0.370185874543452,0.033203125,-0.05078125,0.20703125,-0.0006971359252929688,-0.08507728576660156,-0.03236961364746094
642,441000000,imu2_frame,0.5461596702219245,-0.034786135953545724,-0.7491792135566384,0.3731354249373232,0.033203125,-0.05078125,0.20703125,0.10384702682495117,-0.0398707389831543,0.012616872787475586
642,465000000,imu2_frame,0.544208318953517,-0.03723826288721672,-0.7494570907679473,0.3751862023803307,0.056640625,-0.06640625,0.193359375,0.05885505676269531,-0.08357000350952148,-0.025516033172607422
642,491000000,imu2_frame,0.543313702794112,-0.037382430326893444,-0.7498906940762715,0.3756018120254669,0.056640625,-0.06640625,0.193359375,0.04504823684692383,-0.11898517608642578,-0.04435300827026367
642,516000000,imu2_frame,0.5434200479358965,-0.03818371612252888,-0.7499953516088063,0.37515813717631863,0.140625,-0.064453125,0.1875,0.04213905334472656,-0.1268606185913086,-0.04093122482299805
642,540000000,imu2_frame,0.544400842089024,-0.042309877318748156,-0.7484826290058627,0.3763128372650951,0.140625,-0.064453125,0.1875,0.1575908660888672,-0.09226560592651367,-0.1308121681213379
642,566000000,imu2_frame,0.545289328489818,-0.046996907657869555,-0.7468447012714489,0.3777218964906341,0.140625,-0.064453125,0.1875,0.19939422607421875,-0.02854776382446289,-0.17792153358459473
642,591000000,imu2_frame,0.5455017274099249,-0.047833203202810155,-0.7453321633433931,0.38028912205058446,-0.150390625,-0.015625,0.134765625,0.1777796745300293,-0.06827688217163086,-0.17185235023498535
642,616000000,imu2_frame,0.546299948472406,-0.04879966860823325,-0.7438983616707018,0.38182481080519015,-0.072265625,-0.015625,0.119140625,0.16543960571289062,-0.10331583023071289,-0.1529998779296875
642,640000000,imu2_frame,0.5446365004799738,-0.04766796824112585,-0.7445852653030436,0.383003433199086,-0.072265625,-0.015625,0.119140625,-0.03146028518676758,-0.009587764739990234,0.0008990764617919922
642,666000000,imu2_frame,0.542469945589151,-0.04856116780971732,-0.7447798547440392,0.3855789660768701,-0.072265625,-0.015625,0.119140625,0.03932762145996094,0.005190372467041016,0.06983184814453125
642,690000000,imu2_frame,0.5405651357570135,-0.05093316782291152,-0.7454869803636999,0.38658027436450665,0.099609375,-0.087890625,0.109375,0.00019025802612304688,-0.02626800537109375,0.034117698669433594
642,715000000,imu2_frame,0.5388553459468808,-0.052205221602150756,-0.7465352843567495,0.38677461161809085,0.115234375,-0.0859375,0.1171875,-0.02349710464477539,-0.03499889373779297,0.0006036758422851562
642,741000000,imu2_frame,0.5393610749805474,-0.05634737467750629,-0.7453851769331958,0.38770548380316877,0.115234375,-0.0859375,0.1171875,0.013525962829589844,0.04460000991821289,-0.054251670837402344
642,765000000,imu2_frame,0.539789302496449,-0.05909705391008536,-0.744281964518991,0.3888179579459997,0.037109375,-0.087890625,0.134765625,-0.014012813568115234,-0.009163379669189453,-0.03902387619018555
642,791000000,imu2_frame,0.5406720431091429,-0.060733877376228824,-0.7435539635533107,0.388732094408471,0.0703125,-0.09375,0.130859375,-0.021158218383789062,-0.037943363189697266,-0.016511917114257812
642,815000000,imu2_frame,0.5409015239245416,-0.06119345660263453,-0.7437577699063883,0.38795010244747496,0.099609375,-0.1015625,0.12890625,-0.01823711395263672,-0.038333892822265625,-0.010574817657470703
642,840000000,imu2_frame,0.539679538646285,-0.0654488388885292,-0.743374420873602,0.38968822851802104,0.099609375,-0.1015625,0.12890625,0.12472915649414062,0.004468441009521484,-0.025812625885009766
642,865000000,imu2_frame,0.5381710355148993,-0.06923092233335244,-0.7428493613880758,0.3921145779118933,0.037109375,-0.08984375,0.15625,0.06519269943237305,-0.063812255859375,-0.0476384162902832
642,891000000,imu2_frame,0.5384600674253266,-0.06954432737994237,-0.7426563111448774,0.3920279911361779,0.037109375,-0.08984375,0.15625,0.025942325592041016,-0.06935644149780273,-0.04075956344604492
642,916000000,imu2_frame,0.5385742660177618,-0.07030482106809588,-0.742719661121634,0.39161524115051616,0.09765625,-0.107421875,0.171875,0.023024559020996094,-0.0770258903503418,-0.036261558532714844
642,940000000,imu2_frame,0.5385280693552011,-0.07135168682583233,-0.742679453015282,0.39156568462084324,0.115234375,-0.103515625,0.22265625,0.013999462127685547,-0.09130239486694336,-0.03432512283325195
642,965000000,imu2_frame,0.5376004344176523,-0.0765028205146796,-0.7415637717211431,0.3939749533129774,0.115234375,-0.103515625,0.22265625,0.10205078125,0.1259455680847168,-0.0037775039672851562
642,990000000,imu2_frame,0.5362817333758639,-0.08121154613656131,-0.7402514113653421,0.39728382196246936,0.037109375,-0.1015625,0.265625,0.027661800384521484,0.03524494171142578,-0.01694345474243164
643,15000000,imu2_frame,0.5356617456292503,-0.08618455506063578,-0.7385672215323612,0.4001964217935896,0.06640625,-0.107421875,0.28125,-0.04250478744506836,-0.05953168869018555,-0.013690471649169922
643,41000000,imu2_frame,0.5329775424820217,-0.08985259101795397,-0.7384211768439023,0.40323146787627023,0.06640625,-0.107421875,0.28125,-0.0073337554931640625,-0.0838627815246582,-0.018000125885009766
643,66000000,imu2_frame,0.5309234569107356,-0.09458472104832383,-0.7374933727033776,0.4065434031745716,0.06640625,-0.107421875,0.28125,0.06618595123291016,-0.0943899154663086,-0.04368162155151367
643,91000000,imu2_frame,0.5297430586579919,-0.09481696919598033,-0.7376759752699891,0.40769619775714655,0.015625,-0.09375,0.2578125,0.04705810546875,-0.10061788558959961,-0.06731081008911133
643,115000000,imu2_frame,0.5299702936864064,-0.09572944371361593,-0.7371143705172358,0.4082030942964602,0.060546875,-0.0859375,0.24609375,0.036253929138183594,-0.1197504997253418,-0.05924034118652344
643,141000000,imu2_frame,0.5305026881317578,-0.09935484627542934,-0.7352899479796455,0.4099319514342044,0.060546875,-0.0859375,0.24609375,-0.011181354522705078,-0.07343626022338867,-0.03437662124633789
643,166000000,imu2_frame,0.5305834770455433,-0.10066067202658768,-0.734823840728221,0.410344399365756,0.09765625,-0.099609375,0.265625,-0.026124000549316406,-0.09621667861938477,-0.027590274810791016
643,190000000,imu2_frame,0.5304214150168448,-0.1014967567932545,-0.7344838792533862,0.410956155774404,0.07421875,-0.083984375,0.267578125,-0.039882659912109375,-0.11260604858398438,-0.02763652801513672
643,215000000,imu2_frame,0.5300114425592275,-0.10203667021216295,-0.7341989584362376,0.41185953688053006,0.037109375,-0.0859375,0.26953125,-0.05485677719116211,-0.12585735321044922,-0.03398418426513672
643,240000000,imu2_frame,0.5273885271713817,-0.10471783984202818,-0.7340984812626228,0.41472272090486034,0.037109375,-0.0859375,0.26953125,0.07439231872558594,-0.15305233001708984,-0.08512210845947266
643,265000000,imu2_frame,0.5255011054371559,-0.10912039449762266,-0.7328892961783217,0.4181083678142005,0.037109375,-0.0859375,0.26953125,0.1091313362121582,-0.037784576416015625,-0.027467727661132812
643,290000000,imu2_frame,0.5252112334442935,-0.11340755038434355,-0.7309325304565539,0.42074876553606866,0.037109375,-0.0859375,0.26953125,0.004868507385253906,-0.04532337188720703,-0.053893089294433594
643,315000000,imu2_frame,0.5260582995567117,-0.1157105080101927,-0.7296516973606021,0.4212862973588349,0.10546875,-0.087890625,0.259765625,-0.016368389129638672,-0.08781194686889648,-0.026183128356933594
643,340000000,imu2_frame,0.5237901146640123,-0.11911153828194108,-0.7293593030458888,0.42366421171581875,0.10546875,-0.087890625,0.259765625,0.11016845703125,-0.18047332763671875,-0.0570216178894043
643,366000000,imu2_frame,0.52247831295172,-0.12044464903676483,-0.7295010274402584,0.424661924331747,0.10546875,-0.087890625,0.259765625,0.07950878143310547,-0.19912385940551758,-0.0776219367980957
643,391000000,imu2_frame,0.5221316306829925,-0.1208573807360551,-0.7295047500737445,0.4249645554417251,0.080078125,-0.068359375,0.216796875,0.07043170928955078,-0.2052016258239746,-0.0827798843383789
643,416000000,imu2_frame,0.5216797836312148,-0.12114102664418051,-0.7295908292438341,0.4252908144991812,0.05859375,-0.083984375,0.212890625,0.061734676361083984,-0.20902013778686523,-0.09066057205200195
643,440000000,imu2_frame,0.5211197496790569,-0.12532574964086982,-0.7280153726606333,0.42745909762360934,0.05859375,-0.083984375,0.212890625,0.14600467681884766,-0.1259913444519043,-0.12100553512573242
643,465000000,imu2_frame,0.5209743182669588,-0.12591014900023026,-0.7278267355516794,0.42778573737468484,0.05859375,-0.083984375,0.212890625,0.10506343841552734,-0.1359419822692871,-0.08204793930053711
643,491000000,imu2_frame,0.5210730588927078,-0.12616145067342835,-0.727802820521585,0.42763209666838436,0.076171875,-0.068359375,0.177734375,0.1045231819152832,-0.13873863220214844,-0.07877969741821289
643,515000000,imu2_frame,0.5207523176701211,-0.12645797851231105,-0.7279696333434793,0.4276512787792615,0.076171875,-0.083984375,0.19140625,0.09914636611938477,-0.1408977508544922,-0.08383464813232422
643,540000000,imu2_frame,0.5197767890043994,-0.13092296517802146,-0.7265855264012876,0.429842691720395,0.076171875,-0.083984375,0.19140625,0.028267860412597656,0.046718597412109375,-0.006995201110839844
643,566000000,imu2_frame,0.5188366330744606,-0.13574173369791231,-0.7250893839112993,0.4320047629966307,0.080078125,-0.103515625,0.201171875,-0.04649782180786133,-0.03176403045654297,-0.0009779930114746094
643,591000000,imu2_frame,0.5163608301138639,-0.13856770317540615,-0.7251486816302569,0.4339699002128078,0.080078125,-0.103515625,0.201171875,0.08130311965942383,-0.10613775253295898,0.042269229888916016
643,616000000,imu2_frame,0.5143203457958695,-0.14081406225011442,-0.7253053917140849,0.4354056390580117,0.11328125,-0.08984375,0.21484375,0.030949115753173828,-0.13553714752197266,0.013428211212158203
643,640000000,imu2_frame,0.5133139481472381,-0.14557093081788644,-0.7238279716597427,0.4374825278582578,0.11328125,-0.08984375,0.21484375,0.14681053161621094,-0.019582271575927734,-0.05833625793457031
643,665000000,imu2_frame,0.5127267621687538,-0.15051218796658108,-0.7220645888425318,0.43940878253526594,0.11328125,-0.08984375,0.21484375,0.1861720085144043,0.018614768981933594,-0.11574840545654297
643,691000000,imu2_frame,0.5125548359237033,-0.15544291214767347,-0.7201107499724886,0.4410958501372875,0.11328125,-0.08984375,0.21484375,0.07370519638061523,-0.09169721603393555,-0.08581733703613281
643,715000000,imu2_frame,0.5132111915734514,-0.15781271406042635,-0.7188187267781943,0.44159829954112817,0.068359375,-0.0859375,0.197265625,0.04799842834472656,-0.13176631927490234,-0.058148860931396484
643,740000000,imu2_frame,0.5128209880517889,-0.1620211782693658,-0.717082442632375,0.4433469775178127,0.068359375,-0.0859375,0.197265625,0.06137371063232422,-0.07846975326538086,-0.07872295379638672
643,766000000,imu2_frame,0.5129631840678568,-0.16595242498418922,-0.715245058539577,0.4446943564601983,0.068359375,-0.0859375,0.197265625,0.006488323211669922,0.006100177764892578,-0.08974695205688477
643,790000000,imu2_frame,0.5123551783665863,-0.17008468365556956,-0.7135926117858122,0.44648511284412545,0.068359375,-0.0859375,0.197265625,0.0138092041015625,-0.023700714111328125,-0.035703182220458984
643,816000000,imu2_frame,0.5127794977779943,-0.17286202669917056,-0.711911400834726,0.44761374391939934,0.048828125,-0.0859375,0.25,-0.025101661682128906,-0.0718684196472168,-0.008505821228027344
643,840000000,imu2_frame,0.5102183916591635,-0.17519362414619147,-0.7116684896670953,0.4500137194422131,0.048828125,-0.0859375,0.25,0.13868331909179688,-0.24953937530517578,-0.08292102813720703
643,865000000,imu2_frame,0.5098383824454455,-0.17570568281892804,-0.7114389147819891,0.4506073760430153,0.048828125,-0.0859375,0.25,0.08545446395874023,-0.25838661193847656,-0.1221919059753418
643,890000000,imu2_frame,0.5099556409886966,-0.17618385843180204,-0.7113374372014143,0.45044815760264184,0.0859375,-0.078125,0.193359375,0.08240795135498047,-0.2641305923461914,-0.11656808853149414
643,915000000,imu2_frame,0.5089108501107091,-0.180568383545242,-0.7097314525697888,0.45242244720684627,0.0859375,-0.078125,0.193359375,0.04537391662597656,-0.18531084060668945,-0.07166385650634766
643,941000000,imu2_frame,0.5097878818849474,-0.18204995787470513,-0.7088283369855454,0.4522571359385976,0.0859375,-0.078125,0.193359375,0.03600788116455078,-0.16576719284057617,-0.07887506484985352
643,966000000,imu2_frame,0.510146899458392,-0.18179452959932013,-0.7088088731903314,0.45198547683239115,0.04296875,-0.05078125,0.1484375,0.044045448303222656,-0.16266632080078125,-0.07349967956542969
643,991000000,imu2_frame,0.508708480360579,-0.18184718639536934,-0.7093425965472396,0.45274757153731704,0.04296875,-0.05078125,0.1484375,0.06536245346069336,-0.16022729873657227,-0.06656265258789062
644,16000000,imu2_frame,0.5085458496872021,-0.1815162436959662,-0.7095672057427505,0.452711113818574,0.0546875,-0.046875,0.15625,0.06836557388305664,-0.15459251403808594,-0.07218074798583984
644,41000000,imu2_frame,0.508017363273158,-0.18526142262814282,-0.7078589853762405,0.4544581616836739,0.0546875,-0.046875,0.15625,0.004571437835693359,-0.021576881408691406,-0.01680278778076172
644,65000000,imu2_frame,0.5059878502840082,-0.18760928503039145,-0.7074346375007553,0.456415693419418,0.0546875,-0.046875,0.15625,0.1357259750366211,-0.16720199584960938,-0.03985118865966797
644,91000000,imu2_frame,0.5038297290885234,-0.1890800008832909,-0.7074929601707508,0.4581026835343666,0.0546875,-0.046875,0.15625,0.08711051940917969,-0.18513011932373047,-0.0716104507446289
644,115000000,imu2_frame,0.5032784376962122,-0.18903872252933496,-0.7078975745863658,0.4581006433408249,0.08203125,-0.0546875,0.146484375,0.08382034301757812,-0.18106460571289062,-0.0827946662902832
644,141000000,imu2_frame,0.5034055619699835,-0.19291219757757924,-0.7060408483956337,0.4592102400864422,0.08203125,-0.0546875,0.146484375,0.012751102447509766,-0.016975879669189453,-0.03581714630126953
644,165000000,imu2_frame,0.5015877399719494,-0.1943726333191376,-0.7061408593221864,0.460428176073251,0.08203125,-0.0546875,0.146484375,0.010053634643554688,-0.07231521606445312,0.0568084716796875
644,190000000,imu2_frame,0.49989725048203143,-0.1951812176862258,-0.7065057549334285,0.4613639013500878,0.072265625,-0.0625,0.154296875,-0.020563125610351562,-0.0787959098815918,0.029870986938476562
644,216000000,imu2_frame,0.4988878398422789,-0.19528502580162288,-0.7068933609907577,0.46181864204723766,0.0703125,-0.05078125,0.15625,-0.03340339660644531,-0.07702875137329102,0.01094675064086914
644,241000000,imu2_frame,0.49924880582548636,-0.19871665826807022,-0.7050419170149124,0.46279392267026825,0.0703125,-0.05078125,0.15625,0.035858154296875,0.057579994201660156,-0.11191844940185547
644,265000000,imu2_frame,0.4995250187000218,-0.20205760079077412,-0.7032542004507057,0.46376827317514685,0.0703125,-0.05078125,0.15625,0.023299217224121094,0.04564189910888672,-0.08034753799438477
644,291000000,imu2_frame,0.49986145907659,-0.20510885335297285,-0.7014490779793018,0.46479895762365747,0.037109375,-0.056640625,0.166015625,-0.021518707275390625,-0.0021677017211914062,-0.04950428009033203
644,316000000,imu2_frame,0.5007175560188832,-0.206862734161976,-0.7001792694671544,0.4650147620430453,0.041015625,-0.05859375,0.1640625,-0.0390162467956543,-0.030971527099609375,-0.018637657165527344
644,340000000,imu2_frame,0.5002698520254167,-0.2102962926011794,-0.6984757205248545,0.4665160364981595,0.041015625,-0.05859375,0.1640625,0.05708456039428711,-0.11675643920898438,-0.07359695434570312
644,366000000,imu2_frame,0.5012810986346666,-0.21147482377501692,-0.6976423527666564,0.46614461992728284,0.072265625,-0.05859375,0.150390625,0.053497314453125,-0.13495969772338867,-0.04410266876220703
644,390000000,imu2_frame,0.4993301722044777,-0.21445265234832533,-0.6968735005770659,0.4680243190481463,0.072265625,-0.05859375,0.150390625,0.13679218292236328,-0.17693281173706055,-0.05738210678100586
644,416000000,imu2_frame,0.49700843630826974,-0.21570213624753204,-0.6970803114963187,0.46961073452472857,0.02734375,-0.046875,0.099609375,0.08906984329223633,-0.18901920318603516,-0.09207582473754883
644,441000000,imu2_frame,0.49497679474175776,-0.21624779865928323,-0.6975546403835388,0.47079973016303006,0.02734375,-0.046875,0.099609375,0.2864112854003906,-0.4960036277770996,-0.2049870491027832
644,465000000,imu2_frame,0.49378646676063226,-0.2157314126777749,-0.6983049941351671,0.47117408459505367,0.02734375,-0.046875,0.099609375,0.31574535369873047,-0.633211612701416,-0.2714242935180664
644,490000000,imu2_frame,0.4934214641459255,-0.21482555734436126,-0.698980681901577,0.4709684118496508,0.02734375,-0.046875,0.099609375,0.25225353240966797,-0.6964397430419922,-0.28610992431640625
644,515000000,imu2_frame,0.4945247772409135,-0.2107656806541833,-0.7011939615418415,0.46834826875997077,-0.03125,0.044921875,-0.23828125,0.33688879013061523,-0.6349115371704102,-0.2985830307006836
644,541000000,imu2_frame,0.4968579178805565,-0.20721013027340524,-0.7026984621823774,0.4652000027923456,-0.03125,0.044921875,-0.23828125,-0.10641241073608398,-0.19627809524536133,-0.16527557373046875
644,566000000,imu2_frame,0.49928219496443504,-0.2042725920382996,-0.7037950967210485,0.46223636785183864,-0.03125,0.044921875,-0.23828125,-0.4066886901855469,0.1473684310913086,-0.10264825820922852
644,590000000,imu2_frame,0.5015626687909921,-0.20264691137374527,-0.7040476965957692,0.46009342475646314,0.009765625,0.041015625,-0.130859375,-0.34966373443603516,0.16913890838623047,-0.0709676742553711
644,615000000,imu2_frame,0.5036591678087323,-0.20128673339787118,-0.7040677395797837,0.45836635099366035,-0.00390625,0.03125,-0.083984375,-0.3015909194946289,0.18593454360961914,-0.04051780700683594
644,640000000,imu2_frame,0.5040438221730207,-0.20254179745264092,-0.7033360127669526,0.4585140115186789,-0.00390625,0.03125,-0.083984375,0.14171648025512695,0.053345680236816406,-0.06207275390625
644,665000000,imu2_frame,0.5035419269038659,-0.20365501092451252,-0.70300481728234,0.4590799399375912,-0.00390625,0.03125,-0.083984375,0.2365422248840332,0.03433990478515625,-0.02402353286743164
644,691000000,imu2_frame,0.5028826280457032,-0.20547361632904793,-0.7026441514059274,0.4595441783958909,0.033203125,0.0,-0.0625,0.2057514190673828,0.01215219497680664,-0.022451400756835938
644,716000000,imu2_frame,0.5021787478234696,-0.20707357754060066,-0.702280744652789,0.46015083875715496,0.021484375,0.0078125,-0.056640625,0.1756906509399414,-0.00798654556274414,-0.02337503433227539
644,740000000,imu2_frame,0.5013484296394515,-0.20848634005578587,-0.7020502972215394,0.46076955007828735,0.021484375,0.0078125,-0.056640625,0.06868505477905273,0.014018058776855469,0.006974697113037109
644,766000000,imu2_frame,0.5001453494578252,-0.20980895333184402,-0.7018137464808667,0.4618357909127397,-0.009765625,0.0078125,-0.037109375,0.033577919006347656,-0.002750873565673828,-0.005761146545410156
644,790000000,imu2_frame,0.5014986634482322,-0.20798832837222034,-0.7023329770081398,0.4604001902991026,-0.009765625,0.0078125,-0.037109375,-0.07287120819091797,0.02201986312866211,0.005828380584716797
644,816000000,imu2_frame,0.5029210239117117,-0.20657859067914427,-0.7026908412625968,0.4589349748997978,0.0078125,-0.0078125,-0.01171875,-0.031231403350830078,0.04154396057128906,0.02232074737548828
644,840000000,imu2_frame,0.5012792750649417,-0.2071501794793539,-0.7031015741278165,0.4598435255508387,0.0078125,-0.0078125,-0.01171875,0.05478048324584961,-0.07551860809326172,-0.04036760330200195
644,865000000,imu2_frame,0.5024542591260305,-0.2055861203537586,-0.7036237603678179,0.45846228683486406,0.0078125,-0.0078125,-0.01171875,0.056546688079833984,-0.053030967712402344,-0.029999256134033203
644,891000000,imu2_frame,0.502412715269305,-0.20760891930084302,-0.7026850906201842,0.4590355798656174,0.0078125,-0.0078125,-0.01171875,0.06535673141479492,-0.11353826522827148,-0.053549766540527344
644,915000000,imu2_frame,0.5021865287746968,-0.20573622589420487,-0.7039133441777925,0.4582437119704599,0.0078125,-0.017578125,-0.00390625,0.0943288803100586,-0.08300256729125977,-0.07308340072631836
644,941000000,imu2_frame,0.502193711049773,-0.20779613514624365,-0.7029316791394353,0.4588129218565612,0.001953125,-0.01953125,0.00390625,0.06398820877075195,-0.11295270919799805,-0.05633544921875
644,966000000,imu2_frame,0.5031738068916076,-0.2062683850942554,-0.7035017654217998,0.4575529908297248,0.001953125,-0.01953125,0.00390625,0.02764606475830078,-0.09068775177001953,-0.04941749572753906
644,991000000,imu2_frame,0.5043585811161484,-0.20470679469491673,-0.703828554943057,0.4564459607741174,-0.00390625,0.00390625,0.0078125,0.06554651260375977,-0.0701904296875,-0.03863954544067383
645,15000000,imu2_frame,0.5031266673998782,-0.20622573386664675,-0.703429086880696,0.4577357567117141,-0.005859375,0.00390625,0.0,0.02594137191772461,-0.09120512008666992,-0.05067253112792969
645,41000000,imu2_frame,0.5043650229436206,-0.20444686006882679,-0.7038671858861236,0.4564957718006021,-0.005859375,0.00390625,0.0,0.06814241409301758,-0.14545106887817383,-0.07964658737182617
645,65000000,imu2_frame,0.5027839432667143,-0.20430879604765906,-0.7044799152372494,0.45735573821484715,-0.005859375,0.00390625,0.0,0.08542680740356445,-0.10527515411376953,-0.03368091583251953
645,91000000,imu2_frame,0.5010715197644285,-0.20417397117076114,-0.7052204006457454,0.45815336743320056,0.001953125,0.00390625,-0.015625,0.06711959838867188,-0.09887504577636719,-0.06836080551147461
645,115000000,imu2_frame,0.5023410659332107,-0.20434578596594324,-0.70468649982324,0.45750758485725374,-0.00390625,0.00390625,-0.01953125,0.08041572570800781,-0.10413599014282227,-0.04209136962890625
645,140000000,imu2_frame,0.5039323931957534,-0.2039716034175973,-0.7043204430931674,0.4564870661128303,-0.00390625,0.00390625,-0.01953125,0.031841278076171875,-0.031266212463378906,-0.013873100280761719
645,165000000,imu2_frame,0.5023802562033308,-0.2049247430140143,-0.7044687334459028,0.45754096152677026,0.00390625,0.0078125,-0.033203125,-0.0007414817810058594,-0.04156303405761719,-0.03672218322753906
645,190000000,imu2_frame,0.5039924550390888,-0.20385695789288147,-0.7044521997825038,0.45626860970696087,-0.00390625,0.0078125,-0.0234375,0.035863399505615234,-0.028601646423339844,-0.013598918914794922
645,216000000,imu2_frame,0.502453834051932,-0.20506233659317147,-0.7043248734219885,0.4576199902064618,-0.015625,0.0078125,-0.017578125,-0.002688884735107422,-0.04431438446044922,-0.034174442291259766
645,241000000,imu2_frame,0.5039230766392774,-0.203820973829083,-0.7044218459824304,0.45640815764014825,-0.0078125,0.00390625,-0.01171875,0.0343785285949707,-0.028748035430908203,-0.015247344970703125
645,266000000,imu2_frame,0.5025715619618636,-0.20524483320617062,-0.7041486217595568,0.45768013068463065,-0.0078125,0.00390625,-0.01171875,-0.004683017730712891,-0.04775094985961914,-0.030408859252929688
645,291000000,imu2_frame,0.5009818513643964,-0.2046350247202492,-0.7050386385445381,0.4583254405119893,-0.0078125,0.00390625,-0.01171875,0.024130821228027344,-0.031168460845947266,-0.031275272369384766
645,316000000,imu2_frame,0.5020236711753818,-0.2054419743374223,-0.7043010829813651,0.4579583095339691,0.001953125,-0.01171875,0.001953125,0.025511741638183594,-0.045083045959472656,-0.0043621063232421875
645,341000000,imu2_frame,0.5004871899755869,-0.20443882618142395,-0.7054562422024515,0.4583108435958049,-0.00390625,-0.013671875,0.001953125,0.023211956024169922,-0.025554656982421875,-0.042531490325927734
645,366000000,imu2_frame,0.5019410667907178,-0.20399156859419262,-0.7052174371576756,0.45728653133482583,-0.00390625,-0.013671875,0.001953125,0.009860515594482422,-0.05253791809082031,-0.05286598205566406
645,390000000,imu2_frame,0.5032939110611325,-0.20363512289934163,-0.7049322503837572,0.45639730299318226,-0.00390625,-0.01171875,0.0078125,0.03242969512939453,-0.049832820892333984,-0.029124736785888672
645,416000000,imu2_frame,0.5040826304073507,-0.20330935788238125,-0.7048057874722269,0.45586709539592174,-0.001953125,-0.005859375,0.009765625,0.047359466552734375,-0.047072410583496094,-0.01585245132446289
645,441000000,imu2_frame,0.5038373706320767,-0.20535264663905395,-0.703806951619373,0.4567646760916793,-0.001953125,-0.005859375,0.009765625,0.05112171173095703,-0.07747793197631836,-0.04373359680175781
645,466000000,imu2_frame,0.5045951697411662,-0.20490962836273216,-0.703778660903709,0.45617031395599666,0.0,-0.00390625,0.001953125,0.06783771514892578,-0.07250785827636719,-0.03208351135253906
645,490000000,imu2_frame,0.5032409615782993,-0.20412377935754517,-0.7047155383764839,0.45657203950886355,0.0,-0.00390625,0.001953125,0.06366252899169922,-0.10004234313964844,-0.02617168426513672
645,515000000,imu2_frame,0.5017802001818382,-0.20321632703954937,-0.7058045010989478,0.45690235429300946,0.001953125,-0.0078125,-0.00390625,0.06100654602050781,-0.08206939697265625,-0.06209564208984375
645,541000000,imu2_frame,0.5029960861922858,-0.20414357662806498,-0.7049489076953286,0.4564727537716871,0.013671875,-0.00390625,0.0,0.06285429000854492,-0.09815788269042969,-0.030772686004638672
645,566000000,imu2_frame,0.5039299423572382,-0.2055878883211973,-0.7039172304210115,0.4563866410050521,0.013671875,-0.00390625,0.0,0.05287647247314453,-0.07822513580322266,-0.04004812240600586
645,591000000,imu2_frame,0.502857131770621,-0.20447005061679757,-0.7049899752612673,0.45641629923711813,0.013671875,-0.00390625,0.0,0.05860567092895508,-0.10095405578613281,-0.030953407287597656
645,615000000,imu2_frame,0.5017879670674074,-0.20311341693330612,-0.706093392716436,0.4564930412725133,0.0,0.005859375,-0.0078125,0.06648635864257812,-0.07784461975097656,-0.06276607513427734
645,641000000,imu2_frame,0.5027307215541005,-0.20441315429046122,-0.7051536467038405,0.45632819165485805,0.009765625,-0.001953125,-0.01171875,0.05930900573730469,-0.09879875183105469,-0.03391885757446289
645,666000000,imu2_frame,0.5011114510295293,-0.2044343971009193,-0.7058323044279222,0.4570499414232895,0.009765625,-0.001953125,-0.01171875,0.04058504104614258,-0.05539751052856445,-0.030342578887939453
645,691000000,imu2_frame,0.5002103079986625,-0.20511829777984694,-0.7058939782817764,0.45763503265518085,0.009765625,-0.001953125,-0.01171875,0.02038860321044922,-0.06287956237792969,-0.0424041748046875
645,716000000,imu2_frame,0.5015407096869914,-0.20410449090029958,-0.7059890646355296,0.45648407851320394,-0.00390625,-0.009765625,-0.001953125,0.05316734313964844,-0.04964113235473633,-0.024655818939208984
645,740000000,imu2_frame,0.5021024997886074,-0.2055980097165601,-0.7050385425556527,0.45666529495640695,-0.00390625,-0.009765625,-0.001953125,0.03753376007080078,-0.038064002990722656,-0.03683185577392578
645,765000000,imu2_frame,0.5013879001189347,-0.20757980289380246,-0.704297006908257,0.45769697956723043,-0.00390625,-0.009765625,-0.001953125,0.033728599548339844,-0.06614398956298828,-0.034809112548828125
645,790000000,imu2_frame,0.5021922694543213,-0.205921862320747,-0.7048715048891077,0.4566785222824022,-0.009765625,-0.005859375,0.001953125,0.06935262680053711,-0.04279756546020508,-0.0324554443359375
645,816000000,imu2_frame,0.5036516758227572,-0.20583512523472478,-0.7043657281641829,0.4558901311152434,-0.009765625,-0.005859375,0.001953125,0.053301334381103516,-0.07612800598144531,-0.043487548828125
645,840000000,imu2_frame,0.5040284823233735,-0.2060572269246288,-0.7040813050939798,0.45581270721216943,-0.0078125,-0.001953125,0.001953125,0.054268836975097656,-0.0809926986694336,-0.03399467468261719
645,866000000,imu2_frame,0.5023815301620962,-0.2049566787018358,-0.7052977991161241,0.4562461754025502,0.001953125,0.0,-0.00390625,0.05140113830566406,-0.05999183654785156,-0.07548236846923828
645,891000000,imu2_frame,0.5037168524050594,-0.20360134445856792,-0.7055407300167817,0.4550034103445709,0.001953125,0.0,-0.00390625,0.050112247467041016,-0.041857242584228516,-0.021051883697509766
645,916000000,imu2_frame,0.5022947256314064,-0.20524250931608473,-0.7052085415179353,0.45635121775081694,0.009765625,0.0,0.009765625,0.007276058197021484,-0.06380462646484375,-0.03585338592529297
645,941000000,imu2_frame,0.5035159022446847,-0.20383963589732484,-0.7054697584059619,0.45522912802082544,0.00390625,0.0,0.013671875,0.04362964630126953,-0.04530620574951172,-0.023102283477783203
645,965000000,imu2_frame,0.5027552564333211,-0.20581586402528704,-0.7046763963523193,0.45640788629043094,0.00390625,0.0,0.013671875,0.0772562026977539,-0.11327457427978516,-0.061278343200683594
645,990000000,imu2_frame,0.50129251416533,-0.20525729692399544,-0.7054827509133489,0.4570222592664291,0.00390625,0.0,0.013671875,0.06757545471191406,-0.10576248168945312,-0.020200729370117188
646,16000000,imu2_frame,0.49984839094861044,-0.20403145490337488,-0.7065360352663543,0.4575254991213041,-0.01953125,0.013671875,-0.013671875,0.06689643859863281,-0.08507299423217773,-0.05826997756958008
646,40000000,imu2_frame,0.5005747090438408,-0.2049781979612888,-0.7056964180449069,0.4576040478238854,-0.009765625,0.013671875,-0.013671875,0.05988264083862305,-0.10198068618774414,-0.03655052185058594
646,66000000,imu2_frame,0.50232469516878,-0.2045718328187446,-0.70518634961605,0.4566535647030059,-0.009765625,0.013671875,-0.013671875,0.012188911437988281,-0.030283451080322266,-0.040700435638427734
646,91000000,imu2_frame,0.5008359350186737,-0.205516185205851,-0.7051558339013583,0.4579101590129718,-0.009765625,0.013671875,-0.013671875,0.017024517059326172,-0.03838634490966797,-0.027087688446044922
646,116000000,imu2_frame,0.5022477910245629,-0.20474539001988684,-0.704984390897024,0.45697208915655185,-0.0078125,0.0078125,-0.005859375,0.04540395736694336,-0.030428409576416016,-0.005644798278808594
646,141000000,imu2_frame,0.5032082565957345,-0.204907770848923,-0.7044826590279537,0.45661629303881657,-0.0078125,0.0078125,-0.005859375,0.05390119552612305,-0.07121133804321289,-0.02037191390991211
646,166000000,imu2_frame,0.5015456523503516,-0.20441427077678517,-0.7052970148699357,0.45740888199379426,-0.0078125,0.0078125,-0.005859375,0.04007101058959961,-0.060376644134521484,-0.05715131759643555
646,191000000,imu2_frame,0.5029098359756217,-0.20498636243510965,-0.7045752564527279,0.456766894694841,0.01171875,-0.005859375,0.0,0.04922342300415039,-0.07123374938964844,-0.025807857513427734
646,216000000,imu2_frame,0.5012935152762779,-0.20478137862333953,-0.7053649566288291,0.457416305427656,0.01171875,-0.005859375,0.0,0.06910848617553711,-0.10259580612182617,-0.059153079986572266
646,241000000,imu2_frame,0.5021075364716449,-0.20439344080372474,-0.7052369808415975,0.4568940183764923,-0.009765625,0.001953125,-0.005859375,0.08481359481811523,-0.09914827346801758,-0.046085357666015625
646,266000000,imu2_frame,0.5002794144054963,-0.2050777054776282,-0.7053745980932753,0.4583779211555407,-0.017578125,0.009765625,0.01171875,0.04869794845581055,-0.10703039169311523,-0.07665395736694336
646,291000000,imu2_frame,0.5018213261640903,-0.2042110054411115,-0.7050945737712083,0.457509414003736,-0.017578125,0.009765625,0.01171875,0.004157543182373047,-0.05619335174560547,-0.05346059799194336
646,316000000,imu2_frame,0.5033688451598137,-0.20368016039312253,-0.7047490176763451,0.4565775071868232,0.00390625,0.001953125,0.017578125,0.03054046630859375,-0.05216646194458008,-0.027289867401123047
646,341000000,imu2_frame,0.5039989113191182,-0.20223699364017958,-0.7052646575801913,0.4557269561489873,0.005859375,0.001953125,0.0078125,0.060541629791259766,-0.03156614303588867,-0.02633523941040039
646,365000000,imu2_frame,0.5029416454838704,-0.20400719288606178,-0.7047094583538418,0.456963177723721,0.005859375,0.001953125,0.0078125,0.058928489685058594,-0.06047821044921875,-0.03302431106567383
646,390000000,imu2_frame,0.5042247328240967,-0.20275046812706668,-0.7048846490886125,0.45583692035852846,0.005859375,0.001953125,0.0078125,0.05491018295288086,-0.04025077819824219,-0.017807960510253906
646,415000000,imu2_frame,0.5027096587872895,-0.2039537968532474,-0.7047118552657976,0.4572385031457309,-0.013671875,0.0078125,-0.001953125,0.01608133316040039,-0.05649137496948242,-0.03800153732299805
646,441000000,imu2_frame,0.5042537314539942,-0.20281142766473104,-0.7047282025617457,0.4560195825152772,0.001953125,0.005859375,-0.00390625,0.052492618560791016,-0.04251813888549805,-0.016760826110839844
646,466000000,imu2_frame,0.5048630751174037,-0.20074344206170303,-0.7055778819345602,0.45494526965005155,0.001953125,0.005859375,-0.00390625,0.09196329116821289,-0.09428548812866211,-0.060070037841796875
646,490000000,imu2_frame,0.5049611187063531,-0.20256918552951048,-0.7045634718890722,0.45559884520085825,0.001953125,0.005859375,-0.00390625,0.0644540786743164,-0.04461193084716797,-0.04376935958862305
646,516000000,imu2_frame,0.5050794852218419,-0.2044654205255194,-0.703338426822948,0.4565125001263191,0.0,0.0234375,0.0078125,0.033446311950683594,-0.0758981704711914,-0.026351451873779297
646,540000000,imu2_frame,0.5049453695641019,-0.2024454174471766,-0.7043146522136453,0.45605580512431027,-0.001953125,0.01953125,0.0078125,0.06111907958984375,-0.046355247497558594,-0.04501152038574219
646,566000000,imu2_frame,0.5066769265663448,-0.20244399479489295,-0.7035078685449334,0.45538071978525035,-0.001953125,0.01953125,0.0078125,0.07962846755981445,-0.12607908248901367,-0.08893251419067383
646,591000000,imu2_frame,0.508430962471225,-0.20261112373005163,-0.7028152563251009,0.45441985477981967,0.03125,0.015625,-0.005859375,0.09920406341552734,-0.1317276954650879,-0.052781105041503906
646,616000000,imu2_frame,0.507276583744105,-0.20221192316966088,-0.7035231416196763,0.45479225468175916,0.03125,0.015625,-0.005859375,0.0924692153930664,-0.12642908096313477,-0.0007009506225585938
646,640000000,imu2_frame,0.5062361276031069,-0.2019173623987198,-0.7042347152788914,0.4549811289135122,0.046875,0.013671875,-0.015625,0.08707237243652344,-0.11780309677124023,-0.023642539978027344
646,665000000,imu2_frame,0.5050166716805816,-0.20151610866490136,-0.7049569173736132,0.45539561253959815,0.029296875,0.017578125,-0.009765625,0.07935285568237305,-0.10837173461914062,-0.050911903381347656
646,691000000,imu2_frame,0.5044993782907994,-0.20361441304911637,-0.7040932086267135,0.4563707940574198,0.029296875,0.017578125,-0.009765625,0.08016729354858398,0.00963735580444336,-0.0054874420166015625
646,716000000,imu2_frame,0.5036631883194116,-0.20525944220133197,-0.7033816947139895,0.45765286589335297,0.0,0.025390625,-0.001953125,0.041840553283691406,-0.01532125473022461,-0.008810997009277344
646,741000000,imu2_frame,0.5025232429348278,-0.20685876575041193,-0.7028737675988673,0.4589643865964481,0.001953125,0.013671875,0.0,0.0015687942504882812,-0.037943363189697266,-0.01834726333618164
646,766000000,imu2_frame,0.502741833513411,-0.2047573569815183,-0.7038364908499396,0.4581913003817941,0.001953125,0.013671875,0.0,-0.0030736923217773438,-0.003395557403564453,0.004206657409667969
646,791000000,imu2_frame,0.5025016436344477,-0.20277546882705655,-0.7048996166856233,0.45770158158248414,0.001953125,0.013671875,0.0,0.023766040802001953,-0.01636362075805664,-0.016289234161376953
646,815000000,imu2_frame,0.5023614543187598,-0.20461258751823225,-0.7039533436338543,0.4584935640012312,0.001953125,-0.00390625,0.017578125,-0.007129669189453125,-0.04431772232055664,-0.004489898681640625
646,841000000,imu2_frame,0.5024885055858489,-0.20245350358889186,-0.7048512214274663,0.45793300415114463,-0.013671875,0.0078125,0.025390625,0.025058746337890625,-0.013868331909179688,-0.019115924835205078
646,866000000,imu2_frame,0.5033158334631337,-0.203827018038515,-0.7036283987703777,0.4582955323224001,-0.013671875,0.0078125,0.025390625,0.08484649658203125,-0.06615114212036133,-0.10529088973999023
646,890000000,imu2_frame,0.5041265705647817,-0.20487522862258917,-0.7026282320904729,0.45847149204378096,-0.0234375,0.00390625,0.0078125,0.07604646682739258,-0.08555984497070312,-0.08095121383666992
646,915000000,imu2_frame,0.5051163360423507,-0.20610242064082895,-0.7016818449057485,0.45828142859907284,0.0078125,-0.005859375,-0.001953125,0.07007980346679688,-0.10561800003051758,-0.05154871940612793
646,940000000,imu2_frame,0.5036625614422233,-0.2044799548560133,-0.7030817306776845,0.45846270540886186,-0.0078125,-0.005859375,0.001953125,0.07776021957397461,-0.07776212692260742,-0.09320497512817383
646,965000000,imu2_frame,0.5050688783503567,-0.2034136290170981,-0.7031230188313667,0.45732520599839277,-0.0078125,-0.005859375,0.001953125,0.0373234748840332,-0.10756683349609375,-0.07401371002197266
646,990000000,imu2_frame,0.5066552396436987,-0.20231390069608562,-0.703025605541033,0.4562066984168302,-0.005859375,0.013671875,-0.005859375,0.07240867614746094,-0.09516143798828125,-0.05137062072753906
647,16000000,imu2_frame,0.506171306522016,-0.20029182556776456,-0.7041870322812733,0.4558447286427921,-0.005859375,0.013671875,-0.005859375,0.05771446228027344,-0.10319709777832031,-0.037714481353759766
647,40000000,imu2_frame,0.5054682027438954,-0.19846298432123627,-0.7053800601469238,0.45558019120269816,-0.00390625,0.009765625,-0.01171875,0.07713985443115234,-0.07376241683959961,-0.06588125228881836
647,66000000,imu2_frame,0.5061419210033881,-0.19971788750782185,-0.7043790990536207,0.4558324319624733,-0.015625,0.015625,-0.0234375,0.06428766250610352,-0.09554529190063477,-0.0428776741027832
647,90000000,imu2_frame,0.5062908105310735,-0.2011968050009324,-0.7034606742909818,0.45643459614196924,-0.015625,0.015625,-0.0234375,0.041722774505615234,-0.04148435592651367,-0.02831888198852539
647,115000000,imu2_frame,0.5060724403146928,-0.20281051509222245,-0.7027394476201706,0.4570731329672051,0.0,0.00390625,-0.0234375,0.0146484375,-0.0651698112487793,-0.019906997680664062
647,141000000,imu2_frame,0.5062892628356496,-0.20060727518609278,-0.7039038932863342,0.45601229423787126,0.0,-0.005859375,-0.01171875,0.05304098129272461,-0.030974864959716797,-0.03293895721435547
647,165000000,imu2_frame,0.5055062008584388,-0.20243341685141802,-0.7033011911936474,0.45700287428103126,0.0,-0.005859375,-0.01171875,0.09423017501831055,-0.02526235580444336,-0.03404855728149414
647,191000000,imu2_frame,0.5045573583251142,-0.2042875297559507,-0.7027460998718943,0.4580790286195554,0.0,-0.005859375,-0.01171875,0.015769481658935547,-0.08189630508422852,-0.03806257247924805
647,216000000,imu2_frame,0.5054791569406094,-0.20244129551235648,-0.7032951171752704,0.45703864380084125,-0.0078125,0.00390625,0.009765625,0.054509639739990234,-0.05668830871582031,-0.03453683853149414
647,241000000,imu2_frame,0.5046531177132072,-0.20431616406011127,-0.7025467710698408,0.4582664839866017,-0.001953125,0.001953125,0.01171875,0.014111995697021484,-0.0841970443725586,-0.03594779968261719
647,266000000,imu2_frame,0.5056764356127732,-0.202585649592031,-0.7030273875143053,0.45716833819737207,-0.001953125,0.001953125,0.01171875,0.01371145248413086,-0.06065940856933594,-0.02949237823486328
647,290000000,imu2_frame,0.5040817911495552,-0.20243115134081588,-0.7036470750866658,0.4580436338606486,-0.001953125,0.001953125,0.01171875,0.034937381744384766,-0.05153369903564453,-0.02306652069091797
647,316000000,imu2_frame,0.5021709123737416,-0.2014049133769913,-0.7048341315241171,0.45876931313240027,0.0,-0.00390625,0.025390625,0.026603221893310547,-0.032056331634521484,-0.06879329681396484
647,340000000,imu2_frame,0.5034132879891767,-0.20225045665266925,-0.7039131153180522,0.4584497140831778,0.0078125,-0.00390625,0.021484375,0.028279781341552734,-0.04797840118408203,-0.0377659797668457
647,365000000,imu2_frame,0.5045583195028052,-0.20327427979165008,-0.7029306373236083,0.45824555481479246,0.0078125,-0.00390625,0.021484375,0.06510639190673828,-0.1055607795715332,-0.046082496643066406
647,391000000,imu2_frame,0.5035063595131396,-0.2015530991374706,-0.7043150373055802,0.45803714083373764,0.005859375,-0.0078125,-0.001953125,0.08052873611450195,-0.07590913772583008,-0.08041715621948242
647,415000000,imu2_frame,0.5049605430432313,-0.20119999905024466,-0.7040347623906826,0.4570212945773549,0.005859375,-0.0078125,-0.001953125,0.026743412017822266,-0.03377532958984375,-0.015547752380371094
647,440000000,imu2_frame,0.5028930749938413,-0.20166811226351242,-0.7045251114415678,0.4583370975249071,0.0,0.0,0.009765625,-0.006218910217285156,-0.03667116165161133,-0.05254840850830078
647,466000000,imu2_frame,0.5044426886884515,-0.20128040787673798,-0.7041316760973109,0.45740830113819747,-0.005859375,-0.00390625,0.005859375,0.01832723617553711,-0.034449100494384766,-0.025136470794677734
647,490000000,imu2_frame,0.5033095482826927,-0.20297370737272352,-0.7036369760215199,0.45866783045918397,-0.005859375,-0.00390625,0.005859375,0.0558924674987793,-0.13623380661010742,-0.07309484481811523
647,516000000,imu2_frame,0.5044343809807945,-0.201270357803217,-0.7041704324256389,0.45736222018415135,0.0,-0.005859375,-0.00390625,0.09701871871948242,-0.11209726333618164,-0.06441164016723633
647,541000000,imu2_frame,0.503424675412113,-0.20310194524309236,-0.7035833924803169,0.45856690444314574,0.005859375,0.001953125,0.001953125,0.05620002746582031,-0.13782358169555664,-0.06981182098388672
647,566000000,imu2_frame,0.5046217684744884,-0.20419813150787816,-0.7025640266783618,0.45832715639361493,0.005859375,0.001953125,0.001953125,0.053698062896728516,-0.05166816711425781,-0.07660579681396484
647,591000000,imu2_frame,0.5029335572068524,-0.20306673706061104,-0.7037961825089369,0.45879480252141636,0.005859375,0.001953125,0.001953125,0.0509648323059082,-0.05792045593261719,-0.07973384857177734
647,616000000,imu2_frame,0.5042207480045606,-0.20415343454136992,-0.7028170080906625,0.4584005514669171,0.01953125,-0.00390625,0.009765625,0.0508270263671875,-0.07658815383911133,-0.04576873779296875
647,640000000,imu2_frame,0.5051587283413488,-0.20424874425145922,-0.7024027368198278,0.45796015652048716,0.005859375,-0.00390625,0.01953125,0.060680389404296875,-0.0805211067199707,-0.026325702667236328
647,666000000,imu2_frame,0.5035292216371418,-0.20573687887849362,-0.7021950356986039,0.45940482307771474,0.005859375,-0.00390625,0.01953125,0.05217742919921875,-0.03318595886230469,-0.007591724395751953
647,691000000,imu2_frame,0.5017851347948794,-0.2072049866741894,-0.7019833982352355,0.46097405631808,0.009765625,-0.005859375,0.04296875,0.006622314453125,-0.05220937728881836,-0.030014991760253906
647,715000000,imu2_frame,0.5027918208794789,-0.20614273921153367,-0.702089900597937,0.4601905338068599,0.0,-0.009765625,0.046875,0.034157752990722656,-0.039354801177978516,-0.018891334533691406
647,741000000,imu2_frame,0.5006944687417839,-0.20762323109063333,-0.7019020732993161,0.4620942786715605,-0.0078125,-0.0078125,0.05078125,-0.017479419708251953,-0.05871725082397461,-0.048024654388427734
647,765000000,imu2_frame,0.5019738895907272,-0.20765537114319504,-0.7012716290638671,0.4616487444742468,-0.0078125,-0.0078125,0.05078125,-0.004641056060791016,-0.024651527404785156,-0.022742748260498047
647,791000000,imu2_frame,0.500461356346595,-0.20974656371579092,-0.7005354915690749,0.46345963671631524,-0.0078125,-0.0078125,0.05078125,-0.09397411346435547,0.066650390625,0.03896141052246094
647,816000000,imu2_frame,0.5017510592727991,-0.21006796820618243,-0.6997434340114838,0.46311602197523566,-0.0078125,-0.0078125,0.05078125,-0.05047798156738281,0.05335712432861328,0.027742862701416016
647,841000000,imu2_frame,0.5024064233607749,-0.20981119033684908,-0.6995649169829795,0.4627915050018372,0.013671875,-0.041015625,0.1171875,-0.039603233337402344,0.054842472076416016,0.038509368896484375
647,865000000,imu2_frame,0.5003586325665276,-0.2120235412674062,-0.6990297639343042,0.46480603040250484,0.013671875,-0.041015625,0.1171875,0.016045570373535156,-0.052585601806640625,-0.01847362518310547
647,890000000,imu2_frame,0.5002279093951466,-0.2148033609051636,-0.697487315005074,0.4659860515219523,0.013671875,-0.041015625,0.1171875,-0.03109884262084961,-0.012312889099121094,0.0020856857299804688
647,915000000,imu2_frame,0.5003464670232416,-0.2143548091395946,-0.6975650445481129,0.46594896433051286,0.01953125,-0.05078125,0.15625,-0.02444744110107422,-0.0072917938232421875,0.0006809234619140625
647,941000000,imu2_frame,0.50065093767175,-0.21429381716841,-0.6973760471520571,0.4659328786320636,0.0390625,-0.05078125,0.17578125,-0.021531105041503906,-0.008271217346191406,0.006117820739746094
647,965000000,imu2_frame,0.4995513218815085,-0.21788542722151438,-0.6956966040130816,0.4679536863575294,0.0390625,-0.05078125,0.17578125,-0.020015716552734375,0.05348062515258789,0.014964103698730469
647,990000000,imu2_frame,0.49785803759250724,-0.22146392958314196,-0.6942064866470659,0.4702855049810356,0.0390625,-0.05078125,0.17578125,-0.02223062515258789,0.007944583892822266,0.012702465057373047
648,16000000,imu2_frame,0.4971562155498103,-0.22120059070671164,-0.694101310443426,0.47130602250757514,0.009765625,-0.044921875,0.236328125,-0.03477001190185547,0.008510589599609375,-0.0032286643981933594
648,41000000,imu2_frame,0.49782676549085403,-0.2222284769632022,-0.6930250248070324,0.4716983470171822,0.048828125,-0.048828125,0.232421875,-0.04735517501831055,-0.01069784164428711,0.018678665161132812
648,66000000,imu2_frame,0.49548799177777786,-0.2255642852149305,-0.6916899465169052,0.4745286304607374,0.048828125,-0.048828125,0.232421875,0.0171966552734375,-0.05984926223754883,0.0025377273559570312
648,91000000,imu2_frame,0.49375077757892427,-0.22645965244968969,-0.6915633237000053,0.47609491150985384,0.064453125,-0.052734375,0.236328125,-0.022740840911865234,-0.07041692733764648,-0.023128032684326172
648,115000000,imu2_frame,0.4936342037401032,-0.23019115242522703,-0.689312219788874,0.4776881513003595,0.064453125,-0.052734375,0.236328125,-0.009882926940917969,-0.0819244384765625,-0.031227588653564453
648,141000000,imu2_frame,0.49379263316837385,-0.23058114540834,-0.6886494170929215,0.478291909975907,0.05078125,-0.04296875,0.25,-0.020474910736083984,-0.09155607223510742,-0.02461385726928711
648,165000000,imu2_frame,0.4927633063392503,-0.23461314184075524,-0.6863458599498449,0.4806977825317352,0.05078125,-0.04296875,0.25,-0.03104257583618164,-0.043324947357177734,-0.007817268371582031
648,190000000,imu2_frame,0.4902528664332874,-0.23730688623568683,-0.685237349433627,0.48351560847633995,0.05078125,-0.04296875,0.25,0.0425724983215332,-0.15204668045043945,-0.031139373779296875
648,216000000,imu2_frame,0.48820006198822896,-0.23840501351656418,-0.6848526156556584,0.48559308462380246,0.05078125,-0.04296875,0.25,0.030411720275878906,-0.20055150985717773,-0.060183048248291016
648,240000000,imu2_frame,0.48783209504265485,-0.23865420528200637,-0.6845166422922871,0.48631366809128573,0.068359375,-0.0390625,0.240234375,0.01653289794921875,-0.2056565284729004,-0.0649113655090332
648,265000000,imu2_frame,0.4881009603855027,-0.24226963693572814,-0.6820467339850339,0.487724438746029,0.068359375,-0.0390625,0.240234375,-0.044539451599121094,0.011281013488769531,-0.025869369506835938
648,290000000,imu2_frame,0.4875838462077341,-0.2462385115112919,-0.6795977538231937,0.4896687465669481,0.068359375,-0.0390625,0.240234375,-0.04774761199951172,-0.08251523971557617,0.0021719932556152344
648,316000000,imu2_frame,0.48710423562861666,-0.24611112489864753,-0.6792271671419754,0.49072317374469915,0.025390625,-0.029296875,0.24609375,-0.061450958251953125,-0.08458423614501953,-0.008121490478515625
648,341000000,imu2_frame,0.48696894228743914,-0.2460920219078589,-0.6788287998230764,0.49141777189222224,0.033203125,-0.037109375,0.236328125,-0.0702047348022461,-0.08771371841430664,-0.01089167594909668
648,366000000,imu2_frame,0.4858470840535293,-0.24999273142210365,-0.6764427123072559,0.4938436008689409,0.033203125,-0.037109375,0.236328125,-0.0008497238159179688,-0.06971263885498047,-0.03349781036376953
648,391000000,imu2_frame,0.4846151231105361,-0.25389513204871755,-0.6740632031941423,0.49631063103078576,0.033203125,-0.037109375,0.236328125,-0.01537322998046875,-0.042860984802246094,-0.018427610397338867
648,415000000,imu2_frame,0.4849344770081361,-0.25420488077489756,-0.6733695841001386,0.49678147591055755,0.0390625,-0.037109375,0.23828125,-0.02308034896850586,-0.05106639862060547,-0.009292364120483398
648,441000000,imu2_frame,0.4848525867221284,-0.2543258909565769,-0.6729480255580884,0.4973703501772843,0.048828125,-0.041015625,0.234375,-0.03224039077758789,-0.055380821228027344,-0.009618282318115234
648,466000000,imu2_frame,0.4837344955679119,-0.2583565748650281,-0.6705204724449509,0.4996549950254364,0.048828125,-0.041015625,0.234375,-0.003460407257080078,-0.07167339324951172,-0.029488801956176758
648,491000000,imu2_frame,0.4840938816076025,-0.25843144513487176,-0.6699571816745521,0.5000236761177189,0.041015625,-0.029296875,0.21875,-0.0066645145416259766,-0.0768289566040039,-0.021918773651123047
648,515000000,imu2_frame,0.4819120462166964,-0.26136450627172614,-0.6684118242831542,0.5026678900934883,0.041015625,-0.029296875,0.21875,0.09945917129516602,-0.15004253387451172,-0.03327775001525879
648,541000000,imu2_frame,0.47932846877052365,-0.26310548026840674,-0.6674458052259741,0.5055055117059429,0.013671875,-0.015625,0.212890625,0.024963855743408203,-0.1690502166748047,-0.06395435333251953
648,565000000,imu2_frame,0.47891948725952205,-0.26607870670339145,-0.665191598996722,0.5073050198709956,0.013671875,-0.015625,0.212890625,-0.005117654800415039,-0.1306591033935547,-0.04095721244812012
648,591000000,imu2_frame,0.47973088842844097,-0.2664430455870623,-0.6641289405672286,0.5077392327238461,0.013671875,-0.015625,0.212890625,-0.010396957397460938,-0.14200210571289062,-0.06100749969482422
648,615000000,imu2_frame,0.48031670225189566,-0.2666084952826456,-0.6636073870363108,0.5077804758474155,0.060546875,-0.03125,0.19921875,-0.009528636932373047,-0.14767074584960938,-0.048262596130371094
648,641000000,imu2_frame,0.480461037402974,-0.2663372344468529,-0.6633094735746419,0.5081753746011225,0.037109375,-0.025390625,0.201171875,-0.009809494018554688,-0.14776325225830078,-0.04836320877075195
648,666000000,imu2_frame,0.47866583725728273,-0.26976144465803903,-0.661297703647978,0.510679083543377,0.037109375,-0.025390625,0.201171875,0.09228062629699707,-0.10901927947998047,-0.04613852500915527
648,690000000,imu2_frame,0.476693395759784,-0.2728308653541158,-0.659538154370974,0.5131628866919933,0.037109375,-0.025390625,0.201171875,0.045569419860839844,-0.14277935028076172,-0.050409555435180664
648,715000000,imu2_frame,0.47551294041558645,-0.2728673551930982,-0.6595372551510658,0.5142387179462906,0.05859375,-0.033203125,0.197265625,0.024250268936157227,-0.14143085479736328,-0.07197260856628418
648,741000000,imu2_frame,0.4763740994184205,-0.2733265623723717,-0.6587368549076094,0.5142237486653275,0.05078125,-0.03125,0.19140625,0.02332472801208496,-0.15149784088134766,-0.05111265182495117
648,766000000,imu2_frame,0.4756237906881969,-0.27700174759401874,-0.6563834794697754,0.5159581082223643,0.05078125,-0.03125,0.19140625,0.06264042854309082,-0.04622650146484375,-0.06460118293762207
648,791000000,imu2_frame,0.47488773022064074,-0.2806574237625069,-0.6540195898739104,0.5176595698275482,0.05078125,-0.03125,0.19140625,-0.014950990676879883,0.03256511688232422,0.00063323974609375
648,815000000,imu2_frame,0.4752575283574506,-0.2829367190914462,-0.6522015205726495,0.5183727146485037,0.0390625,-0.04296875,0.21875,-0.05408978462219238,0.003032684326171875,0.0326688289642334
648,840000000,imu2_frame,0.4746574400912334,-0.2829335171112805,-0.6520127302851645,0.5191611878859621,0.044921875,-0.04296875,0.224609375,-0.06781983375549316,0.002880096435546875,0.02149200439453125
648,865000000,imu2_frame,0.47341634318468273,-0.2868503744533704,-0.6495264673684078,0.5212573230847894,0.044921875,-0.04296875,0.224609375,0.10745048522949219,-0.004673004150390625,-0.07121539115905762
648,890000000,imu2_frame,0.47249646295526104,-0.2907651520035811,-0.6468303384489094,0.5232716618900469,0.052734375,-0.03125,0.236328125,0.019529342651367188,-0.048272132873535156,-0.04403209686279297
648,915000000,imu2_frame,0.4709582625809517,-0.2946835902294218,-0.644244902094598,0.5256504567498745,0.052734375,-0.03125,0.236328125,0.07875871658325195,-0.12427425384521484,-0.06659936904907227
648,941000000,imu2_frame,0.46939246480539126,-0.2986003253394141,-0.6416460495126396,0.5280141161332137,0.048828125,-0.03125,0.2265625,-0.018851280212402344,-0.16401004791259766,-0.04997062683105469
648,966000000,imu2_frame,0.4672776734306758,-0.2997007573204077,-0.6409510438043046,0.5301063963214945,0.048828125,-0.03125,0.2265625,0.0379788875579834,-0.2922325134277344,-0.03667879104614258
648,991000000,imu2_frame,0.46521134714944334,-0.30321934785531796,-0.6386836278439568,0.5326534080372318,0.048828125,-0.03125,0.2265625,-0.02105116844177246,-0.20343971252441406,-0.07200288772583008
649,15000000,imu2_frame,0.4655016731178303,-0.3033561816568217,-0.6381140059331868,0.5330044416390872,0.048828125,-0.03125,0.2265625,-0.06517267227172852,-0.2119131088256836,-0.06508469581604004
649,41000000,imu2_frame,0.4658021330209633,-0.30312514428971044,-0.6378415592573823,0.5331994608554798,0.0390625,-0.029296875,0.189453125,-0.0626528263092041,-0.2123279571533203,-0.06235051155090332
649,66000000,imu2_frame,0.4637515800459022,-0.3034075554533776,-0.6377124579663038,0.5349777081835371,0.0390625,-0.029296875,0.189453125,0.010416746139526367,-0.17081451416015625,-0.09622883796691895
649,91000000,imu2_frame,0.4645477803266356,-0.30533877679015303,-0.6359704744257471,0.5352617554436138,0.0390625,-0.029296875,0.189453125,-0.017404556274414062,-0.15620994567871094,-0.09795045852661133
649,115000000,imu2_frame,0.4657173954260882,-0.3059361201610494,-0.6349464570589342,0.5351199815430663,0.048828125,-0.009765625,0.173828125,-0.01758408546447754,-0.1684741973876953,-0.0695343017578125
649,141000000,imu2_frame,0.4664611827367073,-0.3056204011929399,-0.6345753955196012,0.5350927048425166,0.033203125,-0.013671875,0.16796875,-0.00825953483581543,-0.16990947723388672,-0.05972719192504883
649,165000000,imu2_frame,0.46551563679272795,-0.30872339009309074,-0.6323548814122414,0.5367609936135456,0.033203125,-0.013671875,0.16796875,0.07352709770202637,-0.12214374542236328,-0.07876825332641602
649,190000000,imu2_frame,0.4639657212385283,-0.31183119229545464,-0.6302108252602805,0.5388241204251749,0.033203125,-0.013671875,0.16796875,0.024903535842895508,-0.18511676788330078,-0.06921505928039551
649,215000000,imu2_frame,0.46425769286807483,-0.31029187309686856,-0.6306722499298418,0.5389213869121173,-0.017578125,0.0078125,0.1015625,0.04831552505493164,-0.1729288101196289,-0.08262419700622559
649,240000000,imu2_frame,0.4647532820722421,-0.3112927170610687,-0.6294498564016248,0.5393460015461228,-0.013671875,0.0078125,0.103515625,0.03026747703552246,-0.18717193603515625,-0.06127810478210449
649,266000000,imu2_frame,0.4650486887460765,-0.3097601349403777,-0.6298897315490173,0.5394601949971662,-0.013671875,0.0078125,0.103515625,-0.0599825382232666,-0.026450157165527344,0.00344085693359375
649,291000000,imu2_frame,0.46558743125625385,-0.3089195958335422,-0.6298517351910066,0.5395218427859267,0.01953125,0.0,0.14453125,-0.04520845413208008,-0.022096633911132812,0.0030639171600341797
649,316000000,imu2_frame,0.46656062380271157,-0.3101165729304495,-0.6284118939548422,0.5396734077632377,0.01953125,0.0,0.14453125,-0.05989551544189453,0.11648178100585938,0.07435488700866699
649,340000000,imu2_frame,0.4656848515083576,-0.30914925890397715,-0.6285192255794253,0.5408585192744959,-0.015625,0.00390625,0.173828125,-0.06662511825561523,0.12613677978515625,0.0467071533203125
649,366000000,imu2_frame,0.4631578639687579,-0.3099832622154756,-0.627688746618776,0.5435089765204429,-0.015625,0.00390625,0.173828125,0.022281646728515625,-0.14981460571289062,-0.028128862380981445
649,391000000,imu2_frame,0.46064622815549366,-0.31108030810746173,-0.6266949953293829,0.5461570078493804,-0.015625,0.00390625,0.173828125,-0.006180524826049805,-0.08016490936279297,-0.021108388900756836
649,416000000,imu2_frame,0.4589578936020495,-0.3136857518281396,-0.6245659100972348,0.5485219457276049,-0.015625,0.00390625,0.173828125,-0.04924321174621582,-0.059149742126464844,-0.01970839500427246
649,441000000,imu2_frame,0.45926896265882017,-0.31340562340505146,-0.6243231080708364,0.5486980881005084,0.015625,-0.033203125,0.185546875,-0.04569363594055176,-0.059189796447753906,-0.017538070678710938
649,466000000,imu2_frame,0.4600415559023423,-0.3141217811542733,-0.6233578595805243,0.5487387833446858,0.015625,-0.033203125,0.185546875,-0.05289006233215332,0.0036211013793945312,0.005089998245239258
649,491000000,imu2_frame,0.4574646104810737,-0.31659742751642256,-0.6217978711024073,0.551234620229805,0.015625,-0.033203125,0.185546875,-0.026932716369628906,-0.04682445526123047,-0.010534286499023438
649,515000000,imu2_frame,0.45752096035078116,-0.316317047908097,-0.6215831377058194,0.5515908800571251,0.025390625,-0.033203125,0.19921875,-0.027357816696166992,-0.04584980010986328,-0.013018131256103516
649,541000000,imu2_frame,0.45742764460270235,-0.31592997953182944,-0.6212951898519451,0.5522141659293768,-0.005859375,-0.033203125,0.21484375,-0.03074479103088379,-0.043926239013671875,-0.019476890563964844
649,566000000,imu2_frame,0.45601887351880915,-0.3192298667943106,-0.6188305469106236,0.5542452826605037,-0.005859375,-0.033203125,0.21484375,0.11234140396118164,0.07696151733398438,-0.081817626953125
649,590000000,imu2_frame,0.45482244580689113,-0.32235766441333086,-0.6164526810701176,0.5560648981779768,-0.005859375,-0.033203125,0.21484375,0.10950076580047607,0.08605575561523438,-0.09905290603637695
649,615000000,imu2_frame,0.45392513253958444,-0.3257358314197431,-0.6135897495985692,0.5579926176624335,0.009765625,-0.01953125,0.25390625,0.02429056167602539,0.056242942810058594,-0.07220649719238281
649,641000000,imu2_frame,0.4536316316164989,-0.32902069382245575,-0.6107428088080131,0.5594255511887544,0.025390625,-0.02734375,0.259765625,-0.049513816833496094,0.02562236785888672,-0.035352230072021484
649,666000000,imu2_frame,0.45140546490206684,-0.3326073010165107,-0.6079693655651152,0.5621198627529652,0.025390625,-0.02734375,0.259765625,0.03411424160003662,-0.065032958984375,-0.02832818031311035
649,690000000,imu2_frame,0.4490875561673099,-0.33620221285839047,-0.6051624791705394,0.5648599939533345,0.03515625,-0.033203125,0.2890625,-0.07558274269104004,-0.08787822723388672,-0.022141218185424805
649,716000000,imu2_frame,0.4461663823434398,-0.33977939692036735,-0.6023468342183024,0.5680350446954728,0.03515625,-0.033203125,0.2890625,-0.042928338050842285,-0.18900012969970703,-0.06502938270568848
649,741000000,imu2_frame,0.44617012061001693,-0.339945933381276,-0.6014993703198913,0.5688299335980399,0.033203125,-0.025390625,0.267578125,-0.05740809440612793,-0.19229507446289062,-0.06275725364685059
649,766000000,imu2_frame,0.4435529625110565,-0.3412237767103047,-0.6001865729606259,0.5714920658180659,0.033203125,-0.025390625,0.267578125,-0.0182340145111084,-0.2707366943359375,-0.09121274948120117
649,791000000,imu2_frame,0.44239101484128457,-0.34131842506824844,-0.5994924359478906,0.5730625986206855,0.033203125,-0.025390625,0.267578125,-0.08456301689147949,-0.3849916458129883,-0.07101845741271973
649,815000000,imu2_frame,0.44197913717788745,-0.34132650294960054,-0.598801591653522,0.5740969556763865,0.033203125,-0.025390625,0.267578125,-0.10235381126403809,-0.30274200439453125,-0.0780494213104248
649,841000000,imu2_frame,0.44250852092725496,-0.34071804622110785,-0.5986957642346192,0.5741609563298167,0.052734375,-0.0078125,0.150390625,-0.09067213535308838,-0.3014039993286133,-0.07701301574707031
649,865000000,imu2_frame,0.44298436482566494,-0.33992214397208154,-0.5987263534647033,0.5742338741525832,0.041015625,0.0,0.134765625,-0.07639026641845703,-0.2982654571533203,-0.07936453819274902
649,890000000,imu2_frame,0.44443400649738257,-0.3405482019967725,-0.5976920889784932,0.5738200961607868,0.041015625,0.0,0.134765625,-0.15082192420959473,0.06761741638183594,-0.04595613479614258
649,915000000,imu2_frame,0.4446319909906082,-0.33990540803096564,-0.5974596446147195,0.5742897171601488,-0.109375,-0.01171875,0.15234375,-0.14643752574920654,0.07035636901855469,-0.051056623458862305
649,940000000,imu2_frame,0.44506147060067447,-0.3394372120853313,-0.5972670314576795,0.5744342952612025,-0.0859375,-0.017578125,0.12890625,-0.13880157470703125,0.07102775573730469,-0.04980826377868652
649,966000000,imu2_frame,0.44188926688175245,-0.3400673146319801,-0.596684619610224,0.5771096620697868,-0.0859375,-0.017578125,0.12890625,0.2903863191604614,-0.4903831481933594,-0.02213263511657715
649,990000000,imu2_frame,0.43901767642929457,-0.34127056347120915,-0.5957137838529067,0.579588621367189,-0.0859375,-0.017578125,0.12890625,0.21844720840454102,-0.41257381439208984,-0.1297929286956787
650,15000000,imu2_frame,0.4374511089835635,-0.3427556640995275,-0.5951564390617308,0.5804686856498829,0.029296875,-0.021484375,-0.009765625,0.17271685600280762,-0.4159049987792969,-0.13677740097045898
650,41000000,imu2_frame,0.4357158870908174,-0.3437070014854379,-0.594851198110148,0.5815231852415452,-0.005859375,-0.005859375,-0.029296875,0.13205158710479736,-0.4142169952392578,-0.15362811088562012
650,66000000,imu2_frame,0.4374264746272042,-0.34354218988374774,-0.5949785878483405,0.5802045527803876,-0.005859375,-0.005859375,-0.029296875,-0.10188090801239014,-0.03839874267578125,-0.1657860279083252
650,91000000,imu2_frame,0.439310281516697,-0.34356416451278904,-0.594802941654773,0.5789469768598664,0.015625,0.0078125,-0.015625,-0.07328426837921143,-0.04803752899169922,-0.1332087516784668
650,115000000,imu2_frame,0.44062809332842945,-0.3444880070243767,-0.5940738353536921,0.5781445965623828,0.015625,0.0078125,-0.015625,0.00492405891418457,0.051415443420410156,-0.13718318939208984
650,141000000,imu2_frame,0.4419481132890601,-0.3455115489888856,-0.5932068866915579,0.577415988917219,0.009765625,0.009765625,-0.005859375,0.006127595901489258,0.036681175231933594,-0.10055184364318848
650,166000000,imu2_frame,0.4407607926912766,-0.3470467364453037,-0.5922232792318173,0.5784116820092196,0.009765625,0.009765625,-0.005859375,0.07699239253997803,-0.1571340560913086,-0.061185598373413086
650,190000000,imu2_frame,0.43944693973432714,-0.34651260177354826,-0.5926392331821627,0.5793048793714058,0.009765625,0.009765625,-0.005859375,0.02629232406616211,-0.11540889739990234,-0.01676487922668457
650,215000000,imu2_frame,0.4377097926130032,-0.346832105024853,-0.5925148503974542,0.5805547178631774,0.009765625,0.009765625,-0.005859375,-0.006991267204284668,-0.07019901275634766,-0.042238473892211914
650,241000000,imu2_frame,0.439674388350641,-0.34653656550893946,-0.5925726760815326,0.5791860362226713,0.02734375,0.0078125,-0.017578125,0.02886652946472168,-0.07756423950195312,-0.012642383575439453
650,265000000,imu2_frame,0.44161912714695556,-0.3460091062976437,-0.5927807417435988,0.5778072664089434,0.02734375,0.0078125,-0.017578125,-0.0096358060836792,-0.040035247802734375,-0.02141880989074707
650,291000000,imu2_frame,0.4424803817550301,-0.34399042796534757,-0.5940854857489168,0.5770131132414698,0.02734375,0.0078125,-0.017578125,0.039780259132385254,-0.06742382049560547,-0.033704519271850586
650,316000000,imu2_frame,0.441629460247024,-0.3457298124352975,-0.5932172381923624,0.5775185061509305,0.013671875,-0.009765625,-0.02734375,-0.0006372928619384766,-0.07646465301513672,-0.024997472763061523
650,341000000,imu2_frame,0.44223194026770546,-0.3437321541438885,-0.5947197595587042,0.576704018370862,0.013671875,-0.009765625,-0.02734375,0.04736530780792236,-0.06318950653076172,-0.0414881706237793
650,366000000,imu2_frame,0.4416717440204808,-0.3455647901973279,-0.5937009231046707,0.5770877404818486,0.009765625,-0.0078125,-0.017578125,0.008799195289611816,-0.07456207275390625,-0.026507139205932617
650,391000000,imu2_frame,0.44066572209387067,-0.3440138772589238,-0.5949413600930777,0.577505802287188,0.0,-0.009765625,-0.00390625,0.022490978240966797,-0.05714893341064453,-0.06476902961730957
650,416000000,imu2_frame,0.4416340450879798,-0.3451568692816347,-0.5941964826326623,0.5768506269684562,0.0,-0.009765625,-0.00390625,0.018838882446289062,-0.03553009033203125,-0.11079955101013184
650,441000000,imu2_frame,0.4426826272960578,-0.3464880712816172,-0.5933291560784727,0.5761411463322266,0.01953125,-0.01171875,0.00390625,0.013309597969055176,-0.050812721252441406,-0.07466912269592285
650,465000000,imu2_frame,0.44362714912526335,-0.3477277905322665,-0.592516415254807,0.5755038087659653,0.015625,-0.013671875,0.009765625,0.007583975791931152,-0.0647592544555664,-0.041495323181152344
650,491000000,imu2_frame,0.4429970053151125,-0.3498676823809559,-0.5912450977040963,0.5759995595033855,0.015625,-0.013671875,0.009765625,0.0008786916732788086,-0.07415962219238281,-0.023227691650390625
650,515000000,imu2_frame,0.44133928970936903,-0.3498646832878151,-0.5915039391429323,0.5770073004088778,0.015625,-0.013671875,0.009765625,0.016173362731933594,-0.14417171478271484,-0.05183982849121094
650,541000000,imu2_frame,0.4402188680110176,-0.348318059206996,-0.5926132738846744,0.5776602682312999,0.01171875,-0.0078125,0.03125,0.02575218677520752,-0.1267414093017578,-0.09231185913085938
650,566000000,imu2_frame,0.44112713111875695,-0.349781177376534,-0.5914899764534483,0.5772344323575299,0.0234375,-0.001953125,0.02734375,0.012981534004211426,-0.14261913299560547,-0.056681156158447266
650,591000000,imu2_frame,0.4428143852024611,-0.34914871885168774,-0.591712114906112,0.576096663291264,0.0234375,-0.001953125,0.02734375,-0.02881920337677002,0.010294914245605469,0.0028543472290039062
650,615000000,imu2_frame,0.4436262542646486,-0.35054469633518964,-0.590639332590817,0.5757250569456408,0.0234375,-0.001953125,0.02734375,-0.0028380155563354492,-0.043517112731933594,-0.003023862838745117
650,641000000,imu2_frame,0.44299706648195447,-0.3490743081928049,-0.5915032786525057,0.5762157562852941,0.021484375,0.00390625,0.044921875,0.010586977005004883,-0.029671669006347656,-0.03399181365966797
650,666000000,imu2_frame,0.44131116351253397,-0.3493545158855332,-0.591278647581347,0.5775685587910506,0.021484375,0.00390625,0.044921875,0.054889559745788574,-0.1412639617919922,0.018830537796020508
650,690000000,imu2_frame,0.44018419271346326,-0.34873188129117577,-0.5916176389130987,0.5784570172304977,0.021484375,0.00390625,0.044921875,0.0066918134689331055,-0.16255569458007812,0.026074647903442383
650,716000000,imu2_frame,0.43891692819729394,-0.34779463092123175,-0.5924424531719084,0.5791396761782663,0.005859375,-0.015625,0.01953125,0.005070686340332031,-0.14885807037353516,-0.008458375930786133
650,741000000,imu2_frame,0.44009605615216835,-0.3486530338276323,-0.5918468355697717,0.5783371392087344,0.005859375,-0.015625,0.01953125,0.009340286254882812,-0.16498661041259766,-0.08986377716064453
650,766000000,imu2_frame,0.4414609348756894,-0.3489600792404293,-0.591615144274071,0.5773479255533579,0.001953125,-0.0078125,-0.00390625,0.0264127254486084,-0.17388916015625,-0.06213188171386719
650,790000000,imu2_frame,0.43945370621819535,-0.34848640632350386,-0.5921735852720287,0.5785914876706132,-0.01171875,-0.00390625,-0.01171875,0.004871368408203125,-0.16024017333984375,-0.10315608978271484
650,816000000,imu2_frame,0.4407074565740393,-0.34895308543379483,-0.5918235914438863,0.5777140456114392,-0.01171875,-0.00390625,-0.01171875,0.01708817481994629,-0.09965705871582031,-0.03609657287597656
650,841000000,imu2_frame,0.4388008661566565,-0.34913700834647887,-0.5919282477558941,0.5789456786017799,-0.001953125,0.0,-0.017578125,-0.014571666717529297,-0.09139156341552734,-0.06646132469177246
650,865000000,imu2_frame,0.44035096625112696,-0.3489940541299188,-0.5920057210739168,0.5777745260215389,0.0,-0.005859375,-0.015625,0.01363217830657959,-0.09768009185791016,-0.041806936264038086
650,890000000,imu2_frame,0.44066645400813625,-0.3505580034869287,-0.5910409189110972,0.5775749255948353,0.0,-0.005859375,-0.015625,0.03173983097076416,-0.07194709777832031,-0.05405020713806152
650,916000000,imu2_frame,0.43950127299780833,-0.35222915467750787,-0.5901298324475137,0.5783770694658835,0.0,-0.005859375,-0.015625,-0.013932347297668457,-0.03580284118652344,-0.01204061508178711
650,940000000,imu2_frame,0.4405657454730025,-0.3506008444716162,-0.5912221080215186,0.5774402919421185,-0.00390625,-0.005859375,-0.0078125,0.032582759857177734,-0.02847766876220703,-0.01609516143798828
650,966000000,imu2_frame,0.4394511397001808,-0.35237065675628493,-0.5901755680603509,0.5782822969259896,0.001953125,-0.00390625,-0.00390625,-0.015064835548400879,-0.03636646270751953,-0.010955333709716797
650,991000000,imu2_frame,0.4409521984728686,-0.35258445676046457,-0.5899626967444582,0.5772255849863883,0.001953125,-0.00390625,-0.00390625,0.00527644157409668,-0.049080848693847656,-0.02127361297607422
651,15000000,imu2_frame,0.440918475854754,-0.35083011005564246,-0.591208063622577,0.577046061450825,0.001953125,-0.00390625,-0.00390625,-0.0023986101150512695,-0.03560161590576172,-0.006819486618041992
651,40000000,imu2_frame,0.44064001698313565,-0.3488960622568427,-0.5924628538218684,0.5771444186822035,0.0,0.0,0.01953125,0.026331186294555664,-0.019475936889648438,-0.03809762001037598
651,65000000,imu2_frame,0.44059624237863826,-0.3504663903594277,-0.5913623323647489,0.5773550487268486,-0.0234375,-0.0078125,0.0234375,-0.002826213836669922,-0.031337738037109375,-0.0174562931060791
651,90000000,imu2_frame,0.4384878145738846,-0.35066479114417687,-0.5913616971578938,0.5788384782100834,-0.0234375,-0.0078125,0.0234375,0.038532376289367676,-0.17113590240478516,-0.05086398124694824
651,115000000,imu2_frame,0.4364926057560998,-0.35110259080102063,-0.5914078201528439,0.58003272848618,0.009765625,-0.01953125,0.005859375,0.0027108192443847656,-0.16411399841308594,-0.07899260520935059
651,141000000,imu2_frame,0.438116184566973,-0.3512980062545265,-0.5913310437952262,0.5787672384181062,0.009765625,-0.01953125,0.005859375,-0.05084383487701416,-0.06000041961669922,-0.0877070426940918
651,165000000,imu2_frame,0.4395768466841395,-0.35145695876700017,-0.5912131084758652,0.5776826657947982,0.009765625,-0.017578125,0.017578125,-0.029320836067199707,-0.06823921203613281,-0.06045985221862793
651,191000000,imu2_frame,0.4412498775333009,-0.3513304826680288,-0.5910455055227799,0.5766547042437253,0.0078125,0.001953125,0.025390625,-0.0029445886611938477,-0.07564926147460938,-0.03339409828186035
651,216000000,imu2_frame,0.4405713126131115,-0.3533244826333934,-0.5896420793054975,0.5773915021772438,0.0078125,0.001953125,0.025390625,0.027694106101989746,-0.1306915283203125,-0.05666470527648926
651,240000000,imu2_frame,0.4400510750462145,-0.354961001569576,-0.5884333197348862,0.578017272182394,0.009765625,0.005859375,0.025390625,-0.011515021324157715,-0.14064693450927734,-0.0429837703704834
651,266000000,imu2_frame,0.44061840622488546,-0.3530083321792823,-0.5896130364477258,0.5775785702038607,-0.00390625,0.001953125,0.01953125,0.03027212619781494,-0.1290578842163086,-0.06017136573791504
651,290000000,imu2_frame,0.44111519879491395,-0.35123700764845106,-0.590678239841367,0.5771907508165646,-0.00390625,0.001953125,0.01953125,-0.010280013084411621,-0.11432552337646484,-0.03692364692687988
651,316000000,imu2_frame,0.4401632770357649,-0.35304318406532,-0.5894295207119714,0.5780913767281195,-0.00390625,0.001953125,0.01953125,-0.019556641578674316,-0.08832359313964844,-0.028519153594970703
651,340000000,imu2_frame,0.44113673725429253,-0.351473347514917,-0.590450828110092,0.5772630982623106,0.009765625,-0.005859375,0.0078125,0.02390289306640625,-0.08117103576660156,-0.03332710266113281
651,365000000,imu2_frame,0.4401038906411185,-0.3531966669866109,-0.5893901318354752,0.5780829978187049,0.021484375,-0.001953125,0.005859375,-0.0222548246383667,-0.08908843994140625,-0.02741527557373047
651,391000000,imu2_frame,0.44059251147496004,-0.3513892112558543,-0.5905976848689212,0.5775796357842321,0.021484375,-0.001953125,0.005859375,0.017666935920715332,-0.1168966293334961,-0.04383516311645508
651,416000000,imu2_frame,0.44109870836212794,-0.35289117977580997,-0.5895592233457064,0.5773384335774875,0.021484375,-0.001953125,0.005859375,-0.0007320642471313477,-0.09168338775634766,-0.014408111572265625
651,440000000,imu2_frame,0.4407079519957749,-0.3514366884069746,-0.5906314450253599,0.577428135127207,0.02734375,0.0,-0.005859375,0.019797801971435547,-0.07863426208496094,-0.041179656982421875
651,465000000,imu2_frame,0.4409097615091229,-0.3530200027385167,-0.5896250191220558,0.5773368139117595,0.01953125,-0.00390625,-0.005859375,-0.0037958621978759766,-0.09138679504394531,-0.015949487686157227
651,491000000,imu2_frame,0.4408911967063156,-0.3513030710536211,-0.5908786837171045,0.5771165272836237,0.01953125,-0.00390625,-0.005859375,-0.0074645280838012695,-0.07036018371582031,-0.004700660705566406
651,516000000,imu2_frame,0.44042573175917366,-0.3495851727009502,-0.5922340953029791,0.5771257732875088,0.001953125,-0.01171875,-0.009765625,0.018145442008972168,-0.05460929870605469,-0.0362553596496582
651,540000000,imu2_frame,0.439349625243196,-0.3512876346927444,-0.5913245804954932,0.5778443951553646,0.001953125,-0.01171875,-0.009765625,0.04794490337371826,-0.06202507019042969,-0.03149151802062988
651,566000000,imu2_frame,0.4381621957076055,-0.35310697947476266,-0.5903066749771311,0.5786772682388202,0.0,-0.009765625,-0.00390625,-0.0007975101470947266,-0.06973934173583984,-0.02681589126586914
651,591000000,imu2_frame,0.4391602980786773,-0.3515989647600081,-0.5913414805716609,0.5777816663121578,-0.001953125,-0.0078125,-0.005859375,0.042811036109924316,-0.06302070617675781,-0.03049325942993164
651,616000000,imu2_frame,0.43979871653281566,-0.35297381040172365,-0.5904551175813493,0.5773641244730843,-0.001953125,-0.0078125,-0.005859375,0.029919743537902832,-0.0763845443725586,-0.07873868942260742
651,640000000,imu2_frame,0.4403760761737258,-0.3543104501353623,-0.5895736146760199,0.5770060392548434,0.0,-0.0078125,0.0,0.016391277313232422,-0.089141845703125,-0.050324440002441406
651,666000000,imu2_frame,0.44095547067969154,-0.3556187394911656,-0.5887516457411264,0.5765978534797728,0.00390625,-0.01171875,0.001953125,0.0040972232818603516,-0.1017923355102539,-0.02200031280517578
651,691000000,imu2_frame,0.4401084324602607,-0.3540944608783816,-0.5899708935148275,0.5769367601894825,0.00390625,-0.01171875,0.001953125,0.01965808868408203,-0.0859375,-0.05781817436218262
651,716000000,imu2_frame,0.43876536824844475,-0.35321701566669655,-0.5907870093271074,0.5776620128411175,0.00390625,-0.01171875,0.001953125,0.016058921813964844,-0.14676189422607422,-0.05394887924194336
651,741000000,imu2_frame,0.43775586673837463,-0.3515736339657995,-0.5920544574185496,0.5781325976686,0.0,-0.00390625,-0.009765625,0.03055393695831299,-0.1289968490600586,-0.09397125244140625
651,765000000,imu2_frame,0.4384344514940623,-0.3527621149983677,-0.5913118603323384,0.5776542268479374,-0.001953125,-0.0078125,-0.01171875,0.02190709114074707,-0.14116668701171875,-0.0660092830657959
651,791000000,imu2_frame,0.44010257250664836,-0.35274780876359346,-0.5913081602693535,0.5763968846935124,-0.001953125,-0.0078125,-0.01171875,-0.024232983589172363,-0.07477188110351562,-0.07662630081176758
651,816000000,imu2_frame,0.44169667270741697,-0.3528826711270359,-0.5912845437998411,0.5751177775037556,0.0078125,-0.013671875,-0.015625,0.0012916326522827148,-0.0830831527709961,-0.04728984832763672
651,840000000,imu2_frame,0.44308063728548785,-0.35313603058399584,-0.591221414543534,0.5739614375123191,0.015625,-0.015625,-0.017578125,0.02188432216644287,-0.09119319915771484,-0.019807100296020508
651,866000000,imu2_frame,0.4411110407979289,-0.35301158758663503,-0.5916991977236907,0.5750616733263245,0.001953125,-0.015625,-0.015625,-0.0029453039169311523,-0.08051395416259766,-0.05551600456237793
651,891000000,imu2_frame,0.44013429205835175,-0.35482992031732796,-0.5907591839071785,0.5756571195001557,0.001953125,-0.015625,-0.015625,0.06637167930603027,-0.08517646789550781,-0.0472412109375
651,916000000,imu2_frame,0.4392865535364915,-0.35658516497571835,-0.5896783272015637,0.576327870599745,0.0078125,0.0,-0.009765625,0.02287423610687256,-0.09412574768066406,-0.03741002082824707
651,940000000,imu2_frame,0.44011862025524423,-0.3577857124020863,-0.5888372724090334,0.5758086928203164,0.0078125,0.0,-0.009765625,0.015328645706176758,-0.06786918640136719,-0.04153776168823242
651,965000000,imu2_frame,0.44060580647273,-0.3590733437702738,-0.5878895322718601,0.5756029490380705,0.001953125,0.0,0.0078125,-0.0002543926239013672,-0.0799245834350586,-0.014986038208007812
651,991000000,imu2_frame,0.4399180258691933,-0.3574500002865864,-0.5890126129253795,0.5759911193979366,0.0078125,-0.00390625,0.0234375,0.01704859733581543,-0.06468677520751953,-0.04958152770996094
652,16000000,imu2_frame,0.43787407766294056,-0.35778135107898534,-0.588902003734624,0.577454090753776,0.0078125,-0.00390625,0.0234375,-0.021394848823547363,-0.05722236633300781,-0.044873952865600586
652,40000000,imu2_frame,0.43932899616761867,-0.357747960071607,-0.5887268045557378,0.5765476387849895,0.01171875,-0.00390625,0.037109375,0.0005515813827514648,-0.0641336441040039,-0.020474672317504883
652,65000000,imu2_frame,0.43951907970669396,-0.35610531303178405,-0.589677435231452,0.5764481823921146,0.013671875,0.0,0.044921875,0.03011643886566162,-0.053188323974609375,-0.040094614028930664
652,91000000,imu2_frame,0.4374813719096609,-0.3567750444074309,-0.589217238635189,0.578052473928829,0.013671875,0.0,0.044921875,-0.016031503677368164,-0.05244159698486328,-0.026577234268188477
652,115000000,imu2_frame,0.43877981558278073,-0.35573314025753433,-0.5896741931409549,0.5772439279050219,0.013671875,0.0,0.044921875,-0.05789625644683838,-0.0473785400390625,-0.018895626068115234
652,140000000,imu2_frame,0.43999834438491353,-0.35472368958931777,-0.5900335161603987,0.5765700397957502,0.021484375,0.0,0.06640625,-0.024697184562683105,-0.04619121551513672,-0.011981964111328125
652,166000000,imu2_frame,0.44073644170302284,-0.35345756805852235,-0.5905516786190748,0.5762532875544452,0.009765625,-0.00390625,0.083984375,0.004739046096801758,-0.040771484375,-0.01679229736328125
652,191000000,imu2_frame,0.4386363366405257,-0.354758346557262,-0.5895660621632537,0.5780627457913643,0.009765625,-0.00390625,0.083984375,0.02297651767730713,0.037265777587890625,0.043274641036987305
652,216000000,imu2_frame,0.43622467444722207,-0.35564450773235395,-0.5889075651632324,0.5800111181837292,0.0,-0.017578125,0.107421875,-0.033988356590270996,0.042255401611328125,0.014345645904541016
652,241000000,imu2_frame,0.43706212378198106,-0.3551098700337227,-0.5890413678179497,0.5795722104785355,0.009765625,-0.025390625,0.109375,-0.014106392860412598,0.04182720184326172,0.021152019500732422
652,266000000,imu2_frame,0.436992758769173,-0.3540149401827209,-0.5896418714620069,0.5796837192206746,0.005859375,-0.029296875,0.11328125,0.0018589496612548828,0.050090789794921875,0.004803895950317383
652,291000000,imu2_frame,0.4356864888680521,-0.35673136112506804,-0.5877526371894305,0.5809189761787394,0.005859375,-0.029296875,0.11328125,0.0445980429649353,0.03236579895019531,-0.018826007843017578
652,316000000,imu2_frame,0.4343076759796963,-0.35954327587890994,-0.5857630120444316,0.582226046373754,-0.013671875,-0.04296875,0.150390625,-0.029252231121063232,0.018624305725097656,-0.002918243408203125
652,342000000,imu2_frame,0.4342737423379125,-0.361706811328264,-0.5841127800015953,0.5825691028482132,-0.013671875,-0.04296875,0.150390625,-0.03162938356399536,0.04199790954589844,-0.12529611587524414
652,366000000,imu2_frame,0.4345077448750254,-0.3637253194080853,-0.5825941869925265,0.5826584977048076,0.01171875,-0.052734375,0.171875,-0.06548434495925903,0.026407241821289062,-0.09275650978088379
652,390000000,imu2_frame,0.4349639540978695,-0.3653908700631878,-0.5813725016450413,0.5824962532420271,0.01953125,-0.060546875,0.17578125,-0.0884864330291748,0.012343406677246094,-0.061261892318725586
652,416000000,imu2_frame,0.43359107721452705,-0.3688536298370439,-0.5790145758650694,0.5836847594821857,0.01953125,-0.060546875,0.17578125,0.09746402502059937,-0.16071701049804688,-0.15204668045043945
652,441000000,imu2_frame,0.43282566420358864,-0.37213341657948945,-0.5766935896113118,0.5844682783289599,0.041015625,-0.052734375,0.171875,0.026044189929962158,-0.17883586883544922,-0.11751341819763184
652,466000000,imu2_frame,0.4327775611890407,-0.3747845395221855,-0.5746587326456059,0.5848140494726127,0.03515625,-0.041015625,0.16796875,-0.024527430534362793,-0.1962757110595703,-0.07956171035766602
652,491000000,imu2_frame,0.43017376020684345,-0.37648591439212653,-0.5733917994763594,0.5868822169627325,0.03515625,-0.041015625,0.16796875,0.014185786247253418,-0.18983745574951172,-0.020334243774414062
652,515000000,imu2_frame,0.42763526879569225,-0.3786315279069182,-0.5718005209261596,0.5889061107048228,0.03515625,-0.041015625,0.16796875,-0.028100818395614624,-0.1156606674194336,-0.031247377395629883
652,541000000,imu2_frame,0.4281216776014562,-0.3777920993479024,-0.5717041189037275,0.5891853352439552,0.04296875,0.0078125,0.15234375,-0.01587057113647461,-0.11348438262939453,-0.03553485870361328
652,566000000,imu2_frame,0.4283570233116889,-0.3766286255115236,-0.5716941541437061,0.5897685420084408,-0.001953125,0.01953125,0.16015625,-0.004218429327011108,-0.1079874038696289,-0.04876351356506348
652,590000000,imu2_frame,0.42717822698480185,-0.37585809315698127,-0.5714857853300804,0.591315020411439,-0.001953125,0.01953125,0.16015625,-0.06066986918449402,0.05510139465332031,0.07258367538452148
652,616000000,imu2_frame,0.42646624508422165,-0.37505659882381137,-0.57112258192654,0.5926871737232396,0.01171875,0.013671875,0.19921875,-0.07244622707366943,0.0635213851928711,0.04893016815185547
652,641000000,imu2_frame,0.42402159593235084,-0.3771886719148701,-0.5688122568461854,0.595304131031885,0.01171875,0.013671875,0.19921875,0.06758412718772888,-0.08892631530761719,0.0005540847778320312
652,665000000,imu2_frame,0.42158615298184265,-0.37895248195701714,-0.5668660407108403,0.5977650240030804,0.021484375,0.005859375,0.1953125,-0.014286935329437256,-0.0860738754272461,-0.013623714447021484
652,690000000,imu2_frame,0.4224144369597274,-0.37971387984747423,-0.5655043572644645,0.5979868182611379,0.021484375,0.005859375,0.1953125,-0.026898294687271118,-0.01765918731689453,0.011243581771850586
652,716000000,imu2_frame,0.4212820203944285,-0.3827495892422018,-0.5625694955262854,0.5996163556230057,0.021484375,0.005859375,0.1953125,0.0059289634227752686,-0.025556564331054688,-0.03639054298400879
652,741000000,imu2_frame,0.4214356402237734,-0.3849258223778136,-0.560238964880513,0.6002969387274548,0.021484375,0.005859375,0.1953125,-0.04220700263977051,-0.12150859832763672,-0.04018521308898926
652,765000000,imu2_frame,0.4215714886872851,-0.3845022256596096,-0.559837803801112,0.6008470286386879,0.00390625,-0.009765625,0.212890625,-0.04319016635417938,-0.11992835998535156,-0.04435420036315918
652,790000000,imu2_frame,0.420082721503949,-0.3875031655371288,-0.5570308476404939,0.6025682024214795,0.00390625,-0.009765625,0.212890625,0.021530242636799812,-0.16324996948242188,-0.10172891616821289
652,816000000,imu2_frame,0.4196094616525336,-0.3901463006448783,-0.5544333883317398,0.6035870953621966,0.00390625,-0.009765625,0.212890625,-0.04383011907339096,-0.13602542877197266,-0.06926131248474121
652,841000000,imu2_frame,0.42076037949174455,-0.3910493349376062,-0.5529500359345058,0.6035622407464268,0.07421875,0.0,0.220703125,-0.05402067303657532,-0.1477670669555664,-0.03662228584289551
652,866000000,imu2_frame,0.42117955596335416,-0.39094835739573874,-0.5519866902776744,0.604216730357894,0.08203125,0.01171875,0.236328125,-0.06123191863298416,-0.14972877502441406,-0.031209230422973633
652,891000000,imu2_frame,0.41993748092018535,-0.39444511374325575,-0.5484772032903144,0.6060019157010265,0.08203125,0.01171875,0.236328125,0.14618295431137085,-0.16031932830810547,-0.11127471923828125
652,915000000,imu2_frame,0.4179989208829498,-0.3956889068125636,-0.5465677564697492,0.6082523150418687,0.08203125,0.01171875,0.236328125,0.0034380704164505005,-0.3106727600097656,0.02860736846923828
652,941000000,imu2_frame,0.41634312832897635,-0.3960547820232157,-0.5453120962288392,0.610273485280406,0.060546875,0.015625,0.193359375,-0.0444699227809906,-0.3016338348388672,0.007273197174072266
652,965000000,imu2_frame,0.41541677002211846,-0.39615763133777826,-0.5443032264020392,0.6117369010003905,0.0859375,0.015625,0.1953125,-0.0750962495803833,-0.2957439422607422,-0.006200313568115234
652,991000000,imu2_frame,0.4133411273903424,-0.39774043621397676,-0.5421388586749075,0.6140334809460024,0.0859375,0.015625,0.1953125,-0.038167864084243774,-0.13713359832763672,-0.015273332595825195
653,15000000,imu2_frame,0.41293617962102386,-0.3970922934089982,-0.5415614486507174,0.6152337924809657,0.052734375,0.02734375,0.189453125,-0.04865741729736328,-0.13060855865478516,-0.031885623931884766
653,40000000,imu2_frame,0.41265634215106073,-0.3998024781002297,-0.538591249715978,0.6162728190637675,0.052734375,0.02734375,0.189453125,-0.03815898299217224,-0.10189151763916016,-0.03335118293762207
653,66000000,imu2_frame,0.4133697073308001,-0.39907190319844404,-0.5380817238926038,0.616713190674226,0.02734375,0.025390625,0.18359375,-0.029404282569885254,-0.10245990753173828,-0.033184051513671875
653,90000000,imu2_frame,0.41147135045955413,-0.4013616464244103,-0.5354343274613178,0.6187974123301775,0.02734375,0.025390625,0.18359375,-0.0013369917869567871,-0.09574604034423828,-0.02796626091003418
653,115000000,imu2_frame,0.40989220481571054,-0.4039777557726437,-0.5325133678366991,0.6206608303634361,0.02734375,0.025390625,0.18359375,0.02956223487854004,-0.09977054595947266,-0.047310829162597656
653,141000000,imu2_frame,0.40811713251628917,-0.40617800443011454,-0.529918079713485,0.6226127718386639,-0.025390625,0.02734375,0.1640625,-0.05180758237838745,-0.09607791900634766,-0.04086804389953613
653,165000000,imu2_frame,0.40859373800826054,-0.40526508800876354,-0.5297130555330998,0.6230693737453907,-0.048828125,0.02734375,0.166015625,-0.04101765155792236,-0.09447479248046875,-0.04771876335144043
653,191000000,imu2_frame,0.4063905213123388,-0.40443457518410786,-0.5292238073136996,0.6254610941981344,-0.048828125,0.02734375,0.166015625,-0.04136228561401367,-0.03522300720214844,0.017398357391357422
653,215000000,imu2_frame,0.40610061355492244,-0.4029558778172856,-0.5293562157455096,0.6264909010148588,-0.048828125,0.02734375,0.166015625,-0.03333860635757446,0.009610176086425781,-0.010580778121948242
653,241000000,imu2_frame,0.4066963808651032,-0.40279463021952594,-0.5284843155250945,0.6269440707922155,-0.03125,0.01953125,0.197265625,-0.03569155931472778,0.0073337554931640625,-0.0037169456481933594
653,266000000,imu2_frame,0.40720883242852757,-0.40225911562429434,-0.5277488352745902,0.6275744876551863,-0.025390625,0.029296875,0.208984375,-0.03464847803115845,0.007325172424316406,-0.003973245620727539
653,291000000,imu2_frame,0.40480005671425684,-0.4044563326244533,-0.5249378518814318,0.6300732026885606,-0.025390625,0.029296875,0.208984375,0.07858073711395264,-0.13179969787597656,-0.062232017517089844
653,316000000,imu2_frame,0.4027422501150253,-0.4068177218733509,-0.5220189640350332,0.6322928295733347,-0.025390625,0.029296875,0.208984375,0.022912204265594482,-0.16788959503173828,-0.09244251251220703
653,340000000,imu2_frame,0.4016346638367142,-0.40927655992507345,-0.5194073067456315,0.6335600555589948,0.001953125,0.0078125,0.189453125,-0.04941737651824951,-0.1683063507080078,-0.07065939903259277
653,366000000,imu2_frame,0.40223851049373055,-0.40907719658999614,-0.5187130090974618,0.6338744687230359,-0.01171875,0.0078125,0.19140625,-0.04879254102706909,-0.17070484161376953,-0.06434416770935059
653,391000000,imu2_frame,0.40166411522627843,-0.41120233488015906,-0.5163422483578276,0.6347985986825901,-0.01171875,0.0078125,0.19140625,-0.06793797016143799,-0.2085857391357422,-0.07829141616821289
653,416000000,imu2_frame,0.40234839074015155,-0.41038082960575034,-0.5163230302519635,0.6349124944370967,-0.009765625,0.0078125,0.142578125,-0.051895737648010254,-0.20946502685546875,-0.08077359199523926
653,441000000,imu2_frame,0.40084078592569833,-0.4095405122447065,-0.51613955341645,0.6365557277787072,-0.009765625,0.0078125,0.142578125,-0.07128608226776123,-0.2758064270019531,-0.0787813663482666
653,466000000,imu2_frame,0.40093836726808163,-0.40835221152556245,-0.5163926220879754,0.6370522402815114,0.0234375,0.005859375,0.119140625,-0.057491302490234375,-0.2709083557128906,-0.09627461433410645
653,490000000,imu2_frame,0.40102094845069974,-0.41039764292258607,-0.5144210412484493,0.6372809160081194,0.0234375,0.005859375,0.119140625,-0.021277189254760742,-0.1573352813720703,-0.10139894485473633
653,516000000,imu2_frame,0.4002962210539358,-0.41284945418500363,-0.5120494067591049,0.6380624331730648,0.0234375,0.005859375,0.119140625,-0.04490923881530762,-0.19900894165039062,-0.07328963279724121
653,541000000,imu2_frame,0.40155476886219604,-0.4120742332704238,-0.5120102574999148,0.6378041157702667,0.0390625,0.01953125,0.103515625,-0.020875215530395508,-0.20464324951171875,-0.06603574752807617
653,566000000,imu2_frame,0.3993631531938612,-0.41182125555594495,-0.511285229691595,0.6399216664894184,0.013671875,0.025390625,0.1015625,-0.062367796897888184,-0.1855325698852539,-0.1043858528137207
653,591000000,imu2_frame,0.39743167515688693,-0.4133712108694182,-0.5093168964015979,0.6416919858048608,0.013671875,0.025390625,0.1015625,0.02168738842010498,-0.1356525421142578,-0.03524589538574219
653,616000000,imu2_frame,0.39529430880506716,-0.41419321003149634,-0.5078230791122796,0.643663044232813,0.013671875,0.025390625,0.1015625,-0.037406325340270996,-0.1631603240966797,-0.05504775047302246
653,640000000,imu2_frame,0.3962332567650925,-0.41373912750866354,-0.5077603663984935,0.6434271916204395,0.11328125,-0.015625,0.1171875,-0.020944952964782715,-0.16808700561523438,-0.04790067672729492
653,666000000,imu2_frame,0.3949932594022093,-0.41436580186440225,-0.5068179870314964,0.6445283820697364,0.138671875,-0.029296875,0.1171875,-0.05733788013458252,-0.1596393585205078,-0.05689382553100586
653,690000000,imu2_frame,0.3962879853254661,-0.41700870526623496,-0.5047510486600756,0.6436504884604808,0.138671875,-0.029296875,0.1171875,-0.008517026901245117,0.13416385650634766,-0.10730481147766113
653,716000000,imu2_frame,0.39793312684053794,-0.41959230632544053,-0.5027250002528394,0.6425411248754374,0.138671875,-0.029296875,0.1171875,-0.03146159648895264,0.26158714294433594,-0.03946328163146973
653,740000000,imu2_frame,0.39813797609971435,-0.4208362792984791,-0.5012966004914629,0.6427166532377533,-0.02734375,-0.009765625,0.189453125,-0.057623863220214844,0.25723743438720703,-0.01588582992553711
653,766000000,imu2_frame,0.3987438275928941,-0.42206699676517845,-0.499791325425036,0.6427063413628943,0.005859375,-0.01171875,0.201171875,-0.07879638671875,0.2500619888305664,0.013831853866577148
653,790000000,imu2_frame,0.39595225304985554,-0.42354406862310107,-0.49779438834067485,0.6450061877032391,0.005859375,-0.01171875,0.201171875,0.032263755798339844,-0.2306985855102539,-0.005021572113037109
653,815000000,imu2_frame,0.39291602991001895,-0.4243389762797062,-0.49638547178296566,0.6474217250389757,-0.02734375,-0.015625,0.181640625,-0.03816235065460205,-0.2070302963256836,-0.038657426834106445
653,841000000,imu2_frame,0.3896233565636369,-0.42593541866703377,-0.49434500182744884,0.6499197475944576,-0.02734375,-0.015625,0.181640625,-0.09149014949798584,-0.2531614303588867,-0.10157990455627441
653,865000000,imu2_frame,0.39038367758929843,-0.4259425770596265,-0.49411719082718863,0.6496319781604861,0.021484375,-0.029296875,0.15234375,-0.08356547355651855,-0.25873661041259766,-0.08991169929504395
653,890000000,imu2_frame,0.38855780182823335,-0.42861872079011615,-0.491687349382727,0.6508090175186912,0.021484375,-0.029296875,0.15234375,-0.08537089824676514,-0.21870994567871094,-0.07302498817443848
653,915000000,imu2_frame,0.389232991376036,-0.4300943517194574,-0.49041727150402076,0.6503902112224892,0.021484375,-0.029296875,0.15234375,-0.1037898063659668,-0.1846141815185547,-0.11223340034484863
653,941000000,imu2_frame,0.39033952067759753,-0.430455999001771,-0.48990991156139607,0.6498699639731598,0.005859375,-0.009765625,0.12109375,-0.09727787971496582,-0.19393253326416016,-0.08927369117736816
653,966000000,imu2_frame,0.3915142162921695,-0.43021110146107744,-0.4897241384132271,0.6494653915923446,0.01171875,0.001953125,0.1171875,-0.08094203472137451,-0.2018756866455078,-0.07542228698730469
653,991000000,imu2_frame,0.3894039640586184,-0.4321174199773916,-0.4875868755569385,0.6510745939691853,0.01171875,0.001953125,0.1171875,0.036192893981933594,-0.2578897476196289,-0.07546830177307129
654,16000000,imu2_frame,0.38733488468560207,-0.434033305734558,-0.4854365798075168,0.6526393365431657,0.01171875,0.001953125,0.1171875,-0.07652461528778076,-0.21215057373046875,-0.07446146011352539
654,40000000,imu2_frame,0.3886757344697872,-0.43326475060415265,-0.48578059474141316,0.6520966516483364,0.048828125,0.0,0.072265625,-0.04678654670715332,-0.22075176239013672,-0.06715250015258789
654,65000000,imu2_frame,0.38834485207240543,-0.4325977476605565,-0.48585685994473926,0.6526795356317778,0.123046875,-0.01171875,0.048828125,-0.045784950256347656,-0.21531295776367188,-0.0834357738494873
654,91000000,imu2_frame,0.3890587293248019,-0.435400251432206,-0.4836317725945097,0.6520431233638116,0.123046875,-0.01171875,0.048828125,0.030945420265197754,-0.15292930603027344,-0.10324430465698242
654,115000000,imu2_frame,0.3908092957410649,-0.43729387090581984,-0.4822140021382949,0.6507778583912838,0.123046875,-0.01171875,0.048828125,-0.015718460083007812,0.1450510025024414,-0.12238287925720215
654,140000000,imu2_frame,0.3911967535029099,-0.4381760181522876,-0.48148621683102605,0.6504905073609727,-0.05078125,-0.001953125,0.078125,-0.026395082473754883,0.14022064208984375,-0.10135173797607422
654,166000000,imu2_frame,0.3922567398951881,-0.4391975752122758,-0.4805935954093361,0.6498230035832705,0.00390625,0.00390625,0.06640625,-0.03052961826324463,0.12987136840820312,-0.06757164001464844
654,191000000,imu2_frame,0.39102529154681553,-0.4383184898510917,-0.4807283537408845,0.6510578873917169,0.00390625,0.00390625,0.06640625,-0.04050600528717041,-0.09131240844726562,0.05483222007751465
654,216000000,imu2_frame,0.3899639028917012,-0.4370073440417994,-0.4813395185506064,0.6521234573119379,-0.017578125,0.00390625,0.041015625,-0.038237810134887695,-0.078826904296875,0.016193866729736328
654,241000000,imu2_frame,0.3883665005545038,-0.4361701201728149,-0.48153061993282575,0.6534947203938143,-0.017578125,0.00390625,0.041015625,-0.05283617973327637,-0.28918933868408203,-0.022399187088012695
654,266000000,imu2_frame,0.38702325525313536,-0.43528719151785317,-0.4819910288463902,0.6545400743311018,-0.001953125,-0.009765625,0.01953125,-0.05961143970489502,-0.275543212890625,-0.057801008224487305
654,290000000,imu2_frame,0.3861973723106669,-0.43694757039936943,-0.4807398210062173,0.6548416868536504,-0.001953125,-0.009765625,0.01953125,-0.06156337261199951,-0.2369070053100586,-0.08114504814147949
654,315000000,imu2_frame,0.38738936106240807,-0.43562101195184133,-0.4818896358676102,0.6541759669424542,-0.001953125,-0.009765625,0.01953125,-0.05808281898498535,-0.24451065063476562,-0.08570051193237305
654,343000000,imu2_frame,0.38847982011988,-0.43454385201470075,-0.4831371283544474,0.6533250226658013,-0.005859375,-0.01171875,-0.037109375,-0.017413616180419922,-0.25281620025634766,-0.08721184730529785
654,366000000,imu2_frame,0.3872708273235317,-0.4356362168162696,-0.4824343458870064,0.6538344552030978,-0.0078125,-0.0078125,-0.0390625,-0.05235719680786133,-0.24516868591308594,-0.08725333213806152
654,391000000,imu2_frame,0.38877396896187766,-0.43585683821664145,-0.4827642267317894,0.6525506256417802,-0.0078125,-0.0078125,-0.0390625,-0.027553319931030273,-0.1501178741455078,-0.06070876121520996
654,416000000,imu2_frame,0.38969482482763435,-0.4367655301337921,-0.48252003030313845,0.6515736608747819,-0.0078125,-0.0078125,-0.0390625,-0.02399444580078125,-0.16101360321044922,-0.07018494606018066
654,441000000,imu2_frame,0.39003077928169166,-0.4379483527022655,-0.4820340519362783,0.6509380956375053,0.0,-0.013671875,-0.037109375,-0.03417038917541504,-0.16751861572265625,-0.044783592224121094
654,465000000,imu2_frame,0.38885514569166985,-0.43664912352756163,-0.4829954002551409,0.6518010907662692,0.009765625,-0.01171875,-0.029296875,-0.028755903244018555,-0.15499114990234375,-0.08496212959289551
654,491000000,imu2_frame,0.38939412127803685,-0.43817836117301123,-0.4822289467716815,0.65102011106364,0.009765625,-0.01171875,-0.029296875,0.02803337574005127,-0.01917743682861328,-0.05066990852355957
654,515000000,imu2_frame,0.38946614971203,-0.43973604877487993,-0.48118072817846685,0.6507022609965203,0.001953125,-0.0078125,0.009765625,0.003650665283203125,-0.023303985595703125,-0.022875070571899414
654,540000000,imu2_frame,0.3896319886510219,-0.44108856424471715,-0.4802368989341892,0.6503847421445689,0.0,-0.00390625,0.013671875,-0.01648557186126709,-0.027774810791015625,0.003083467483520508
654,566000000,imu2_frame,0.3895967417264703,-0.4392179564039181,-0.48148418662184533,0.6507495245035404,0.01171875,0.0,0.01171875,0.013346076011657715,-0.023187637329101562,-0.029690265655517578
654,591000000,imu2_frame,0.38800186685847254,-0.44053363846635113,-0.48023524097805725,0.6517352054451913,0.01171875,0.0,0.01171875,-0.03634822368621826,-0.0939798355102539,-0.031348228454589844
654,616000000,imu2_frame,0.3892133763578632,-0.43917244937935124,-0.48121630223811107,0.6512076303534322,-0.001953125,0.0078125,0.021484375,0.004364609718322754,-0.10101318359375,-0.03637290000915527
654,641000000,imu2_frame,0.38743327271071604,-0.4402958098429549,-0.4799808654415512,0.6524212043161841,-0.001953125,0.0078125,0.021484375,-0.04648733139038086,-0.11485671997070312,-0.04405999183654785
654,666000000,imu2_frame,0.3887399812163705,-0.43921529336399445,-0.48084142212329073,0.6517381988571235,-0.021484375,0.0078125,0.017578125,-0.008034229278564453,-0.12353134155273438,-0.0428471565246582
654,690000000,imu2_frame,0.38756707838422216,-0.4405841642939511,-0.47976987431089707,0.6523022471445464,0.00390625,-0.0078125,0.0,-0.04947245121002197,-0.1165018081665039,-0.03710293769836426
654,716000000,imu2_frame,0.387655724097606,-0.4388493024691538,-0.4810937028087212,0.6524440040451686,0.00390625,-0.0078125,0.0,-0.0567936897277832,-0.15688419342041016,-0.03033614158630371
654,741000000,imu2_frame,0.38776614149320504,-0.4370090744566307,-0.4825164795155974,0.6525628976197658,0.001953125,-0.005859375,-0.01171875,-0.022515296936035156,-0.15402793884277344,-0.06017756462097168
654,765000000,imu2_frame,0.38750623963421754,-0.43820347004121757,-0.48176088062503164,0.6524745872352259,-0.00390625,-0.005859375,-0.013671875,-0.04516291618347168,-0.15480804443359375,-0.04370474815368652
654,791000000,imu2_frame,0.38774409959582556,-0.43969090177983855,-0.48088200307558354,0.6519807690711966,-0.00390625,-0.005859375,-0.013671875,-0.025237083435058594,-0.19565868377685547,-0.08883094787597656
654,816000000,imu2_frame,0.389001239618491,-0.4380633289117852,-0.4823529677768254,0.6512404854697621,-0.00390625,-0.005859375,-0.013671875,-0.014220952987670898,-0.1643056869506836,-0.058591365814208984
654,840000000,imu2_frame,0.3880224640050059,-0.43932887790668307,-0.48140240983677707,0.6516750910293274,-0.001953125,-0.001953125,-0.017578125,-0.05048930644989014,-0.15885639190673828,-0.05179333686828613
654,865000000,imu2_frame,0.3892247181967548,-0.43775576912918224,-0.48280808196073877,0.6509764675717299,0.0,-0.005859375,-0.01171875,-0.0024712085723876953,-0.1661090850830078,-0.06047677993774414
654,890000000,imu2_frame,0.3884374037012517,-0.4362830671356336,-0.4838452522617028,0.6516649757355113,0.0,-0.005859375,-0.01171875,-0.028241634368896484,-0.15636825561523438,-0.06237387657165527
654,916000000,imu2_frame,0.38879221420931265,-0.43736275386867995,-0.48341557336457774,0.6510482463897903,0.00390625,-0.015625,-0.025390625,-0.03669404983520508,-0.16303348541259766,-0.038327693939208984
654,941000000,imu2_frame,0.3896897802523479,-0.43559045086408843,-0.4850664093463988,0.6504716848616003,0.00390625,-0.015625,-0.025390625,0.01190805435180664,-0.12791919708251953,-0.05520009994506836
654,965000000,imu2_frame,0.38889697282798097,-0.43710365810097584,-0.48396571179592923,0.6507508942797064,0.001953125,-0.00390625,-0.01171875,-0.02559661865234375,-0.12487506866455078,-0.0414738655090332
654,991000000,imu2_frame,0.38722965056012076,-0.43830543403721534,-0.48295993828137496,0.6516833911001458,0.001953125,-0.00390625,-0.01171875,0.0058536529541015625,-0.1565074920654297,-0.04615902900695801
655,16000000,imu2_frame,0.38542298893299626,-0.43902202834861165,-0.48226770937509367,0.6527837580092865,0.001953125,-0.00390625,-0.01171875,-0.03499305248260498,-0.1816873550415039,-0.06114315986633301
655,41000000,imu2_frame,0.3843880393063802,-0.43948786550366437,-0.48186702761953415,0.6533761696039617,0.001953125,-0.00390625,-0.01171875,-0.05882918834686279,-0.17404556274414062,-0.06859660148620605
655,66000000,imu2_frame,0.3860049386706112,-0.43893863453103626,-0.48279927839852693,0.6521026906981667,0.009765625,-0.021484375,-0.01953125,-0.018567919731140137,-0.1876544952392578,-0.05386948585510254
655,91000000,imu2_frame,0.38776686748125244,-0.4389622752036777,-0.4833465691981905,0.6506343608172922,0.009765625,-0.021484375,-0.01953125,-0.06361949443817139,-0.0515594482421875,-0.06196999549865723
655,115000000,imu2_frame,0.3880147668781805,-0.44053062287874795,-0.4825602931994427,0.6500099033228659,0.009765625,-0.021484375,-0.01953125,-0.0036813020706176758,-0.12831974029541016,-0.07032346725463867
655,140000000,imu2_frame,0.38810587330996527,-0.44217503019730375,-0.48162021270459326,0.6495360224704286,0.013671875,-0.017578125,-0.01171875,-0.026752114295959473,-0.13327312469482422,-0.04056406021118164
655,166000000,imu2_frame,0.38671032411892087,-0.4417099896126043,-0.4819360835607098,0.6504498609873297,0.00390625,-0.013671875,-0.01171875,-0.03950667381286621,-0.1208944320678711,-0.06967306137084961
655,191000000,imu2_frame,0.3883974313882929,-0.44097964467642947,-0.482904103925645,0.6492210830555306,0.00390625,-0.013671875,-0.01171875,-0.03543734550476074,-0.1734914779663086,-0.05675077438354492
655,216000000,imu2_frame,0.39003343488492015,-0.44001510011976247,-0.48402665784363136,0.6480577334120707,0.00390625,-0.013671875,-0.01171875,-0.028255343437194824,-0.15079116821289062,-0.04845762252807617
655,241000000,imu2_frame,0.38914943452585915,-0.44025575048357746,-0.4838659745404895,0.6485455346051874,0.009765625,-0.009765625,-0.013671875,-0.04516148567199707,-0.14455127716064453,-0.057518959045410156
655,266000000,imu2_frame,0.39069243539064247,-0.43993377153643076,-0.4844384083039753,0.6474080059361105,0.0078125,-0.0078125,-0.01171875,-0.01224672794342041,-0.1568927764892578,-0.0398409366607666
655,291000000,imu2_frame,0.38893370816124273,-0.440581228744181,-0.4838343645291906,0.6484774932369258,0.0078125,-0.0078125,-0.01171875,0.02720046043395996,-0.1399211883544922,-0.016338586807250977
655,315000000,imu2_frame,0.38704664558405566,-0.441060532464294,-0.48329523816576647,0.6496816248061346,-0.01171875,-0.00390625,-0.00390625,-0.01118159294128418,-0.12499332427978516,-0.03670454025268555
655,340000000,imu2_frame,0.3851539846615636,-0.4418508827568399,-0.48253458492951906,0.6508337574628547,-0.01171875,-0.00390625,-0.00390625,-0.05476391315460205,-0.11047077178955078,-0.05167531967163086
655,365000000,imu2_frame,0.3868404601032885,-0.4411331049852934,-0.4832665582602345,0.6497764813998868,-0.00390625,0.005859375,-0.005859375,-0.015064597129821777,-0.1234283447265625,-0.03864765167236328
655,391000000,imu2_frame,0.3851214745751057,-0.441945443301898,-0.48239553578192096,0.6508918666133865,-0.01171875,0.005859375,-0.001953125,-0.057814836502075195,-0.11015129089355469,-0.050556182861328125
655,416000000,imu2_frame,0.38672470368554646,-0.4407015445003182,-0.4834910004194335,0.6499712337848312,-0.01171875,0.005859375,-0.001953125,-0.08879220485687256,-0.09008407592773438,-0.04780292510986328
655,441000000,imu2_frame,0.38824565706858283,-0.43966427294300675,-0.48442285139002783,0.6490725213071621,-0.01171875,0.005859375,-0.001953125,-0.007373213768005371,-0.1320037841796875,-0.042641401290893555
655,466000000,imu2_frame,0.38657780713203566,-0.4409375240685542,-0.4833761753920038,0.649983978236909,-0.009765625,-0.009765625,0.0078125,-0.055089473724365234,-0.12078285217285156,-0.045972585678100586
655,491000000,imu2_frame,0.38811978324343444,-0.4404112684657833,-0.4840875675894559,0.648891497377453,-0.009765625,-0.009765625,0.0078125,-0.058090806007385254,-0.17618942260742188,-0.07076263427734375
655,516000000,imu2_frame,0.3894890068339872,-0.4399918015799997,-0.48469432856774075,0.6479019493350267,-0.009765625,-0.009765625,0.0078125,-0.026678919792175293,-0.18724918365478516,-0.05718684196472168
655,541000000,imu2_frame,0.38765538514618886,-0.4406848037558705,-0.48397748186592787,0.6490654844871397,0.001953125,-0.00390625,-0.001953125,-0.06829309463500977,-0.17328262329101562,-0.07307624816894531
655,566000000,imu2_frame,0.3894153736597993,-0.44004474476260763,-0.48462241748076423,0.6479640436315198,0.0078125,0.005859375,-0.00390625,-0.029131531715393066,-0.18668651580810547,-0.057386159896850586
655,590000000,imu2_frame,0.38772396929471226,-0.44027114021872193,-0.48414224325961785,0.6491823588302478,0.0078125,0.005859375,-0.00390625,-0.02310657501220703,-0.1296520233154297,-0.0400395393371582
655,615000000,imu2_frame,0.38904670571754923,-0.43861911348513244,-0.48543734472577027,0.6485418401317165,0.0078125,0.005859375,-0.00390625,-0.013337492942810059,-0.14089679718017578,-0.0483705997467041
655,641000000,imu2_frame,0.3877924260755343,-0.43984851307830125,-0.4842321191802151,0.6493608970175956,-0.005859375,0.01171875,0.005859375,-0.056987881660461426,-0.13243865966796875,-0.046357154846191406
655,666000000,imu2_frame,0.38587750207452226,-0.4397922437567912,-0.48384089596537844,0.6508297189860907,-0.005859375,0.01171875,0.005859375,-0.05093944072723389,-0.1896505355834961,-0.07619833946228027
655,691000000,imu2_frame,0.3871543240727383,-0.43987039070814826,-0.4840379933552597,0.6498713639780225,0.0,-0.00390625,-0.00390625,-0.03014063835144043,-0.20114612579345703,-0.05550980567932129
655,716000000,imu2_frame,0.38521484896050945,-0.4398860940296403,-0.4837550834207722,0.6512225147246063,0.009765625,-0.00390625,0.0,-0.06241941452026367,-0.18430614471435547,-0.08458852767944336
655,741000000,imu2_frame,0.38701195921442555,-0.4396589078171843,-0.484207265009292,0.6499731630723178,0.009765625,-0.00390625,0.0,-0.06741952896118164,-0.09000492095947266,-0.061434030532836914
655,766000000,imu2_frame,0.38866812211036467,-0.4393251344925297,-0.4845496488443573,0.6489546631800509,0.001953125,0.005859375,0.017578125,-0.03615546226501465,-0.10308551788330078,-0.04206061363220215
655,791000000,imu2_frame,0.3892472458239804,-0.43751863444206335,-0.48577417929085664,0.6489125309844869,0.001953125,0.005859375,0.017578125,-0.03325498104095459,-0.17779827117919922,-0.06413888931274414
655,816000000,imu2_frame,0.38751194016753193,-0.4386846016344525,-0.48455570539906023,0.6500739072456577,0.001953125,0.005859375,0.017578125,-0.048546433448791504,-0.20423030853271484,-0.07054638862609863
655,840000000,imu2_frame,0.38880584281061076,-0.4387469070266081,-0.4845680030818218,0.649249581101298,0.001953125,0.005859375,0.017578125,-0.029910683631896973,-0.1759958267211914,-0.04987502098083496
655,866000000,imu2_frame,0.38690128475360924,-0.43829688662945526,-0.4845446730299525,0.6507070730099906,0.01171875,0.00390625,-0.00390625,-0.05491447448730469,-0.15844440460205078,-0.0864253044128418
655,890000000,imu2_frame,0.3883837653084649,-0.43861387374341565,-0.48444848942616126,0.6496811384805048,0.01171875,0.005859375,0.0,-0.03681743144989014,-0.1715841293334961,-0.05860304832458496
655,915000000,imu2_frame,0.3874722808187603,-0.4402339932552576,-0.4830701675101676,0.6501557321452577,0.01171875,0.005859375,0.0,-0.00243222713470459,-0.12416648864746094,-0.04455733299255371
655,941000000,imu2_frame,0.38790541076459284,-0.44172916408137486,-0.4819754934622518,0.6496955914898462,0.01171875,0.005859375,0.0,-0.021684885025024414,-0.13091087341308594,-0.051232337951660156
655,966000000,imu2_frame,0.38786999512270554,-0.44288353400121044,-0.4810893326483012,0.6495876355089614,0.0,0.001953125,0.009765625,-0.042510271072387695,-0.13306617736816406,-0.03164410591125488
655,990000000,imu2_frame,0.3889028126013032,-0.4413235179401095,-0.48230002048794024,0.6491339192347707,0.0,0.001953125,0.009765625,-0.0388869047164917,-0.028911590576171875,-0.004025697708129883
656,16000000,imu2_frame,0.38942078957130494,-0.43949906306860376,-0.4836121391484168,0.6490849875630873,0.0,0.001953125,0.009765625,-0.03951382637023926,-0.029213905334472656,0.007620811462402344
656,40000000,imu2_frame,0.38958938431178364,-0.4379868513051885,-0.48465021779156015,0.6492316967846884,-0.01171875,-0.009765625,0.052734375,-0.012081027030944824,-0.027048110961914062,-0.01576089859008789
656,65000000,imu2_frame,0.38799402297188146,-0.4398251864001965,-0.48304781424953264,0.6501378720662845,-0.01171875,-0.009765625,0.052734375,0.007671833038330078,-0.0992727279663086,-0.04367470741271973
656,90000000,imu2_frame,0.38679176765098444,-0.44170757778037734,-0.48146882700255617,0.6507490398253397,-0.005859375,-0.01171875,0.0546875,-0.04481005668640137,-0.09272384643554688,-0.02947092056274414
656,116000000,imu2_frame,0.3876094041037915,-0.44048939459077396,-0.4824714503957394,0.6503455563440014,-0.01171875,-0.017578125,0.056640625,-0.010558843612670898,-0.09728240966796875,-0.03806591033935547
656,140000000,imu2_frame,0.38837777300610926,-0.43934120136749816,-0.4834126282639003,0.6499648029322563,-0.01171875,-0.017578125,0.056640625,-0.017368316650390625,-0.023309707641601562,-0.010986566543579102
656,165000000,imu2_frame,0.3891313415101063,-0.438895627355268,-0.4838083699497252,0.6495205066120397,-0.015625,-0.01953125,0.076171875,0.002251744270324707,-0.028612136840820312,-0.007239341735839844
656,191000000,imu2_frame,0.38686822227164436,-0.440261775488176,-0.48233688523752716,0.6510404570990477,-0.009765625,-0.013671875,0.087890625,-0.060704708099365234,-0.011633872985839844,-0.01808643341064453
656,216000000,imu2_frame,0.3851660912555662,-0.44235445905604076,-0.4804340804655487,0.6520373524786512,-0.009765625,-0.013671875,0.087890625,0.026006460189819336,-0.07500743865966797,-0.042801856994628906
656,240000000,imu2_frame,0.3843950825845209,-0.4443195183313189,-0.4787694095563092,0.6523805933561843,-0.009765625,-0.013671875,0.087890625,-0.021758317947387695,-0.03265094757080078,-0.020373106002807617
656,266000000,imu2_frame,0.38498728219873,-0.444651561080241,-0.478296967591105,0.6521516637771414,-0.015625,-0.01171875,0.12890625,-0.022020339965820312,-0.037499427795410156,-0.005684375762939453
656,291000000,imu2_frame,0.38475076581752204,-0.4434461965257272,-0.47867587126053424,0.6528336152976995,-0.0078125,-0.0078125,0.142578125,-0.011943340301513672,-0.03169727325439453,-0.030115365982055664
656,315000000,imu2_frame,0.38276287032777934,-0.4456313401688503,-0.47638227073169526,0.6541905119231459,-0.0078125,-0.0078125,0.142578125,0.02978801727294922,-0.12628555297851562,-0.06105399131774902
656,344000000,imu2_frame,0.38048804117951873,-0.44846522685919554,-0.4733157301090481,0.6558048569878406,-0.0078125,-0.005859375,0.173828125,-0.06458377838134766,-0.10867691040039062,-0.04549098014831543
656,366000000,imu2_frame,0.3809580735395794,-0.4483185764773586,-0.4729500941651213,0.6558960349167618,-0.0078125,-0.00390625,0.1796875,-0.06188488006591797,-0.11085033416748047,-0.04104328155517578
656,391000000,imu2_frame,0.37801201660546724,-0.44954890943894094,-0.47093444207732554,0.6582047132841309,-0.0078125,-0.00390625,0.1796875,-0.026814937591552734,-0.16200637817382812,-0.024033546447753906
656,415000000,imu2_frame,0.3785566207829943,-0.4499990105767159,-0.4701102024306527,0.6581733608343229,-0.0078125,-0.00390625,0.1796875,-0.0724492073059082,-0.1264972686767578,-0.04721331596374512
656,441000000,imu2_frame,0.37894121617286125,-0.4495534486444914,-0.4697089814802158,0.6585428795561423,-0.013671875,0.00390625,0.193359375,-0.0694119930267334,-0.1266021728515625,-0.049323081970214844
656,466000000,imu2_frame,0.3759343450871859,-0.4510612279109635,-0.4673408170211178,0.6609158022058155,-0.013671875,0.00390625,0.193359375,0.0014812946319580078,-0.1803874969482422,-0.02804088592529297
656,490000000,imu2_frame,0.3731861577311019,-0.45220848915625655,-0.46518661429975744,0.6632050873517493,0.0078125,0.0078125,0.19140625,-0.07439827919006348,-0.1530294418334961,-0.048020124435424805
656,516000000,imu2_frame,0.3735083572317422,-0.45152040230225754,-0.4646255551119631,0.6638854772622708,0.01953125,0.015625,0.20703125,-0.07263779640197754,-0.1509246826171875,-0.05550336837768555
656,541000000,imu2_frame,0.3709438277101944,-0.4536524907805902,-0.46157474622967765,0.6659946305604009,0.01953125,0.015625,0.20703125,-0.012079477310180664,-0.08228302001953125,-0.019939661026000977
656,565000000,imu2_frame,0.3678484141044879,-0.454670787203152,-0.4590854865791071,0.6687320356595036,-0.00390625,0.025390625,0.232421875,-0.09549093246459961,-0.04873180389404297,-0.04656219482421875
656,591000000,imu2_frame,0.36635279827223594,-0.4571639441207356,-0.45578848165249564,0.6701071670911959,-0.00390625,0.025390625,0.232421875,-0.06409287452697754,-0.03575706481933594,-0.02365589141845703
656,616000000,imu2_frame,0.3637969034993664,-0.4571255646608772,-0.4540555824946218,0.6726972269477678,-0.00390625,0.025390625,0.232421875,-0.08281588554382324,-0.12222003936767578,-0.021635770797729492
656,641000000,imu2_frame,0.3635891371141574,-0.45861996149422724,-0.4517635963483266,0.6733352235744406,-0.00390625,0.025390625,0.232421875,-0.08728742599487305,-0.11683464050292969,-0.03682851791381836
656,665000000,imu2_frame,0.3635284181885606,-0.4583467058002826,-0.4508904712696908,0.6741388353815172,0.01171875,0.0,0.259765625,-0.09757876396179199,-0.1113443374633789,-0.04271554946899414
656,690000000,imu2_frame,0.3637212355153945,-0.45828621965379374,-0.44986674391827847,0.6747595989883771,0.017578125,0.0,0.2578125,-0.10791683197021484,-0.10858154296875,-0.04106783866882324
656,715000000,imu2_frame,0.3607026452863389,-0.46067020794950825,-0.4464425248477054,0.6770270549976569,0.017578125,0.0,0.2578125,-0.09718585014343262,-0.11004257202148438,-0.040987253189086914
656,740000000,imu2_frame,0.3606924166135876,-0.4604715228228827,-0.445452576922159,0.6778192671944592,0.0,0.00390625,0.265625,-0.10875678062438965,-0.10485076904296875,-0.0447077751159668
656,765000000,imu2_frame,0.3605935314050979,-0.4601759528318358,-0.444622022592727,0.6786174581969322,-0.02734375,0.005859375,0.2578125,-0.11873340606689453,-0.09911537170410156,-0.051425933837890625
656,790000000,imu2_frame,0.36087119334313184,-0.4601235060152813,-0.44358135317637154,0.6791862219903524,0.0,0.009765625,0.251953125,-0.12807869911193848,-0.09698772430419922,-0.048459529876708984
656,815000000,imu2_frame,0.3578037476342504,-0.4623305230133618,-0.44021306177224767,0.6814979280336665,0.0,0.009765625,0.251953125,0.0020363330841064453,-0.18224334716796875,-0.05173945426940918
656,841000000,imu2_frame,0.3545758293680197,-0.46450785243706055,-0.4369046877840348,0.6838294597665605,-0.00390625,0.00390625,0.23828125,-0.09884262084960938,-0.14409351348876953,-0.05724596977233887
656,865000000,imu2_frame,0.3518706683467962,-0.46680700042065615,-0.4337039286906004,0.685696112978473,-0.00390625,0.00390625,0.23828125,-0.07453155517578125,-0.22055912017822266,-0.08791613578796387
656,891000000,imu2_frame,0.3506940846539541,-0.46915595223911094,-0.43062844003687945,0.6866334525048587,0.029296875,0.0078125,0.224609375,-0.14577317237854004,-0.20319461822509766,-0.06088972091674805
656,916000000,imu2_frame,0.3506779403794395,-0.46841541827640576,-0.4301899552591401,0.6874216904101245,0.0,0.005859375,0.2109375,-0.1461043357849121,-0.19790267944335938,-0.07486104965209961
656,941000000,imu2_frame,0.3475858607963102,-0.4698780474722523,-0.42745581555896794,0.689695741340317,0.0,0.005859375,0.2109375,-0.07888197898864746,-0.19806289672851562,-0.055075645446777344
656,965000000,imu2_frame,0.34559696661083045,-0.4694165979570409,-0.4264681247176927,0.6916181987423444,0.021484375,-0.0078125,0.189453125,-0.11360025405883789,-0.17133808135986328,-0.09048223495483398
656,991000000,imu2_frame,0.34632692067530807,-0.47003973306849534,-0.4255036434407507,0.6914238662145695,0.009765625,-0.0078125,0.181640625,-0.1206355094909668,-0.17610645294189453,-0.06925654411315918
657,16000000,imu2_frame,0.34393939463032436,-0.4723698963975912,-0.42258661258969843,0.6928152197076933,0.009765625,-0.0078125,0.181640625,-0.052117109298706055,-0.14567852020263672,-0.058515071868896484
657,41000000,imu2_frame,0.34282734515737484,-0.47482904222709277,-0.419926452327697,0.6933026515927387,0.009765625,-0.0078125,0.181640625,-0.07787156105041504,-0.1646108627319336,-0.1021738052368164
657,66000000,imu2_frame,0.34299338479990993,-0.476480226261454,-0.4180508783060156,0.6932211733010636,0.015625,0.005859375,0.1640625,-0.11075997352600098,-0.1625385284423828,-0.06913447380065918
657,90000000,imu2_frame,0.34377177811971404,-0.47620546212379733,-0.4177366252300427,0.6932138446058947,0.001953125,0.0078125,0.158203125,-0.10268020629882812,-0.1677722930908203,-0.06387519836425781
657,115000000,imu2_frame,0.341148393136456,-0.4778677606550864,-0.4151249660211102,0.6949326872243664,0.001953125,0.0078125,0.158203125,-0.0668332576751709,-0.2110300064086914,-0.06796598434448242
657,141000000,imu2_frame,0.3384751181612627,-0.47947604232728125,-0.4126700452286014,0.696592242987898,0.013671875,-0.005859375,0.140625,-0.14215779304504395,-0.17571449279785156,-0.07340192794799805
657,166000000,imu2_frame,0.3395586339871055,-0.47906263978082336,-0.4125665331726887,0.6964106381704036,0.02734375,0.0,0.134765625,-0.12677669525146484,-0.18496227264404297,-0.06678414344787598
657,191000000,imu2_frame,0.34050247789200844,-0.4783884019573701,-0.41255274261864044,0.6964214485352341,0.03125,0.001953125,0.134765625,-0.11018514633178711,-0.19232749938964844,-0.06684660911560059
657,215000000,imu2_frame,0.33998622334569334,-0.4805643199341456,-0.4102469961956062,0.6965376547279024,0.03125,0.001953125,0.134765625,-0.04316377639770508,-0.1428241729736328,-0.11110973358154297
657,241000000,imu2_frame,0.3399162438198272,-0.4826204000896512,-0.40788540877154117,0.6965371418065209,0.033203125,0.015625,0.142578125,-0.08746504783630371,-0.13620853424072266,-0.07322430610656738
657,266000000,imu2_frame,0.33753250396965784,-0.4831644257916173,-0.40586171153911005,0.6984985451094182,0.033203125,0.015625,0.142578125,-0.10668802261352539,-0.14487838745117188,-0.055464744567871094
657,291000000,imu2_frame,0.3387043542755852,-0.482599563017233,-0.4056774742195747,0.6984288146125996,0.0390625,0.013671875,0.134765625,-0.09021115303039551,-0.15413284301757812,-0.050689697265625
657,315000000,imu2_frame,0.33684651982675234,-0.4825680388053929,-0.40424603561087324,0.7001768724379681,0.0390625,0.013671875,0.134765625,-0.09531021118164062,-0.16176700592041016,-0.036687612533569336
657,341000000,imu2_frame,0.33622614669963646,-0.484702212398236,-0.40168556630597835,0.7004744459244855,0.0390625,0.013671875,0.134765625,-0.10999464988708496,-0.1478118896484375,-0.04358077049255371
657,365000000,imu2_frame,0.33683761994934375,-0.48354044052757367,-0.4021002890465711,0.7007456155481282,0.013671875,0.005859375,0.103515625,-0.08910942077636719,-0.15274906158447266,-0.057538509368896484
657,390000000,imu2_frame,0.3378288171105738,-0.48296518759169815,-0.4022288938806393,0.7005913465293043,0.009765625,0.0078125,0.1015625,-0.07109713554382324,-0.16192245483398438,-0.055397748947143555
657,415000000,imu2_frame,0.33543822222870273,-0.4839715695928558,-0.40025897547225187,0.7021719671474917,0.009765625,0.0078125,0.1015625,-0.053456783294677734,-0.09374713897705078,-0.028711318969726562
657,440000000,imu2_frame,0.33305802974987553,-0.4850888555600971,-0.3982092770617822,0.703697749529199,0.009765625,0.0078125,0.1015625,-0.07615900039672852,-0.09546279907226562,-0.03865814208984375
657,466000000,imu2_frame,0.33399321987549324,-0.4843624838622409,-0.398419845134654,0.7036356587800814,-0.001953125,0.005859375,0.1171875,-0.056905269622802734,-0.10421943664550781,-0.040262460708618164
657,491000000,imu2_frame,0.33439178463118097,-0.48439906983410497,-0.3979682427169891,0.7036767392089778,0.001953125,0.005859375,0.115234375,-0.057764530181884766,-0.10622406005859375,-0.034163475036621094
657,516000000,imu2_frame,0.3346612206852934,-0.4857743946302414,-0.39659819895097687,0.70337399260983,0.001953125,0.005859375,0.115234375,-0.0806117057800293,-0.10551261901855469,-0.04372358322143555
657,541000000,imu2_frame,0.3356211873772176,-0.4852547366053341,-0.3966304456443675,0.7032571000519972,0.00390625,0.0078125,0.123046875,-0.06464385986328125,-0.11409568786621094,-0.04111170768737793
657,565000000,imu2_frame,0.3332453223538561,-0.4865746691753064,-0.39440816468744294,0.7047232407648399,0.00390625,0.0078125,0.123046875,-0.05543231964111328,-0.15825271606445312,-0.04706430435180664
657,591000000,imu2_frame,0.33050662340194614,-0.4877117780349318,-0.39208300538253565,0.7065221230390795,0.005859375,0.0078125,0.130859375,-0.1243748664855957,-0.11873340606689453,-0.06095266342163086
657,616000000,imu2_frame,0.32915141311520796,-0.486687786538622,-0.39163510055689743,0.7081075438732364,0.005859375,0.0078125,0.130859375,-0.09955883026123047,-0.13333892822265625,-0.05880904197692871
657,641000000,imu2_frame,0.32917672996809294,-0.4884017522013985,-0.3898625001844904,0.7078938054849859,0.005859375,0.0078125,0.130859375,-0.09335184097290039,-0.1284351348876953,-0.1430647373199463
657,665000000,imu2_frame,0.3297715374639758,-0.48971722830496905,-0.3884876052218621,0.7074638859821238,0.01953125,0.013671875,0.115234375,-0.11173582077026367,-0.1306934356689453,-0.1103055477142334
657,690000000,imu2_frame,0.3306116916945652,-0.49064318458101336,-0.3874625467593291,0.7069921849623476,0.009765625,0.013671875,0.119140625,-0.12025690078735352,-0.13645458221435547,-0.08172321319580078
657,715000000,imu2_frame,0.32960137655544397,-0.4895554335877672,-0.3871278665120353,0.7083999047058726,0.009765625,0.013671875,0.119140625,-0.08952093124389648,-0.08902740478515625,0.0017125606536865234
657,741000000,imu2_frame,0.3277940110527633,-0.4889258667692281,-0.38619032373644724,0.7101828053214454,0.009765625,0.013671875,0.119140625,-0.08237314224243164,-0.12810897827148438,0.005511045455932617
657,766000000,imu2_frame,0.3265958020083923,-0.4879521570719132,-0.38569782938145886,0.7116706112590242,0.01171875,0.0078125,0.1328125,-0.09523391723632812,-0.10892105102539062,-0.028412818908691406
657,791000000,imu2_frame,0.3268725584310237,-0.48681084310626527,-0.38582822184641113,0.7122542501142135,0.013671875,0.00390625,0.134765625,-0.0819692611694336,-0.10909557342529297,-0.04665780067443848
657,816000000,imu2_frame,0.3255506462379926,-0.488996178013691,-0.38328229197295516,0.7127371179347869,0.013671875,0.00390625,0.134765625,-0.025945186614990234,-0.08581829071044922,-0.060970306396484375
657,841000000,imu2_frame,0.323424487800119,-0.4909128336327466,-0.38062811910330063,0.7138090959169557,0.013671875,0.00390625,0.134765625,-0.05660057067871094,-0.13002777099609375,-0.05119824409484863
657,865000000,imu2_frame,0.3218788392864735,-0.49261680710249284,-0.37825828738763384,0.7145931445251292,0.013671875,0.0078125,0.142578125,-0.11430692672729492,-0.10319805145263672,-0.03798031806945801
657,891000000,imu2_frame,0.32261696438739373,-0.4917326736350283,-0.3783546241668715,0.7148181939072028,0.0078125,0.005859375,0.138671875,-0.09810113906860352,-0.10939979553222656,-0.045623779296875
657,915000000,imu2_frame,0.32083317059968736,-0.49368355004490744,-0.3758112821769437,0.7156175719240907,0.0078125,0.005859375,0.138671875,-0.08797073364257812,-0.15744972229003906,-0.06958532333374023
657,941000000,imu2_frame,0.3206455771372923,-0.49515398448773634,-0.3740133351018962,0.7156276760118827,0.013671875,0.0078125,0.140625,-0.12150239944458008,-0.14867496490478516,-0.043192386627197266
657,966000000,imu2_frame,0.32173482904805095,-0.4952891963237321,-0.37355591174023345,0.7152840642614203,0.013671875,0.0078125,0.140625,-0.0756978988647461,-0.04073333740234375,-0.027223825454711914
657,990000000,imu2_frame,0.32258763053935463,-0.4949385127964027,-0.373316183505617,0.7152678633258248,0.0078125,0.009765625,0.154296875,-0.06593513488769531,-0.047698974609375,-0.02325129508972168
658,16000000,imu2_frame,0.32043792625334666,-0.4970474412424362,-0.3703604789925687,0.7163075402180246,0.0078125,0.009765625,0.154296875,-0.026433467864990234,-0.09284496307373047,-0.048452138900756836
658,41000000,imu2_frame,0.31815547290856006,-0.4989331802940812,-0.3675223778237006,0.7174747929082788,0.0078125,0.009765625,0.154296875,-0.05933952331542969,-0.09319210052490234,-0.0402216911315918
658,65000000,imu2_frame,0.3182256803838439,-0.4997971466974279,-0.3658267757512415,0.7177088536731312,0.025390625,0.025390625,0.185546875,-0.08394670486450195,-0.08554744720458984,-0.022248506546020508
658,90000000,imu2_frame,0.31851119380217385,-0.4988073712912779,-0.365246995582124,0.7185655558029698,0.03515625,0.025390625,0.19140625,-0.0798492431640625,-0.08192920684814453,-0.0382075309753418
658,115000000,imu2_frame,0.3159157080728652,-0.49952607661832826,-0.3625022335258667,0.7205991221614678,0.03515625,0.025390625,0.19140625,-0.02810955047607422,-0.19263935089111328,0.021778583526611328
658,141000000,imu2_frame,0.31315455602762887,-0.5004190154960767,-0.3595148426351133,0.7226784284134442,0.03515625,0.025390625,0.19140625,-0.09887409210205078,-0.2138833999633789,-0.03379034996032715
658,166000000,imu2_frame,0.31090164819732863,-0.5004160220349924,-0.3573914951296463,0.7247035871636449,0.0390625,0.021484375,0.177734375,-0.14738845825195312,-0.17359256744384766,-0.061316728591918945
658,191000000,imu2_frame,0.3115067509530934,-0.49948308432015337,-0.35708173457069164,0.7252398413109005,0.03125,0.017578125,0.166015625,-0.1370377540588379,-0.1758403778076172,-0.07222914695739746
658,215000000,imu2_frame,0.3102118671151403,-0.5015669147878782,-0.3542157726261419,0.7257619540276088,0.03125,0.017578125,0.166015625,-0.12385129928588867,-0.18218183517456055,-0.08631324768066406
658,240000000,imu2_frame,0.30903082484847333,-0.5036341530959977,-0.3513559847164805,0.7262241810437473,0.03125,0.017578125,0.166015625,-0.14410734176635742,-0.15436124801635742,-0.060006141662597656
658,266000000,imu2_frame,0.3104620758569949,-0.5027781951044707,-0.351192094801863,0.7262860996403108,0.056640625,0.025390625,0.123046875,-0.12377595901489258,-0.16763782501220703,-0.05944967269897461
658,291000000,imu2_frame,0.31138230302083403,-0.5015674763253019,-0.3512653840602323,0.7266937167879787,0.048828125,0.01953125,0.111328125,-0.10381650924682617,-0.1755847930908203,-0.07203912734985352
658,315000000,imu2_frame,0.3100225295394574,-0.5033168684140087,-0.34865453866623447,0.7273226064239354,0.048828125,0.01953125,0.111328125,-0.12092876434326172,-0.15027999877929688,-0.054221153259277344
658,341000000,imu2_frame,0.31125453284566085,-0.5021126678212013,-0.3490961099390542,0.727416930392691,0.0390625,0.01171875,0.08203125,-0.09367513656616211,-0.16453218460083008,-0.06289362907409668
658,366000000,imu2_frame,0.3124062230390644,-0.5028362245571031,-0.3483467518795116,0.7267823770115914,0.0390625,0.01171875,0.08203125,-0.0944981575012207,-0.13562870025634766,-0.034564971923828125
658,390000000,imu2_frame,0.3117908017223693,-0.501315680646066,-0.348588418319356,0.7279802187651143,0.009765625,0.009765625,0.0703125,-0.08733081817626953,-0.12616729736328125,-0.07195019721984863
658,415000000,imu2_frame,0.3104340134599239,-0.5029913137192409,-0.34654254257098294,0.7283808947237664,0.009765625,0.009765625,0.0703125,-0.09764909744262695,-0.1356515884399414,-0.055642127990722656
658,441000000,imu2_frame,0.3104621680318484,-0.5046620550749952,-0.3450293508676555,0.7279314524241217,0.009765625,0.009765625,0.0703125,-0.08698415756225586,-0.13370227813720703,-0.1004476547241211
658,465000000,imu2_frame,0.31080468162820013,-0.5060483188333418,-0.3438396714295073,0.7273856124746971,0.013671875,0.005859375,0.078125,-0.10620927810668945,-0.1328125,-0.0689249038696289
658,491000000,imu2_frame,0.31182758166359165,-0.5066729404040918,-0.34321573773257497,0.726807435397294,0.015625,0.01171875,0.091796875,-0.1063237190246582,-0.14189958572387695,-0.0440676212310791
658,515000000,imu2_frame,0.3099579192355757,-0.5064557587503878,-0.34199268266290733,0.7283334797582418,0.015625,0.01171875,0.091796875,-0.06408977508544922,-0.22431230545043945,0.04610633850097656
658,540000000,imu2_frame,0.30772610781639526,-0.5067676364658665,-0.340263337144009,0.7298712671386607,0.015625,0.01171875,0.091796875,-0.07001209259033203,-0.22969532012939453,-0.013740777969360352
658,566000000,imu2_frame,0.30539697507982905,-0.5068985891792763,-0.33897448685133813,0.7313568247880246,0.00390625,-0.0078125,0.072265625,-0.10979080200195312,-0.19344139099121094,-0.03905344009399414
658,590000000,imu2_frame,0.3035889981730301,-0.5064405174142678,-0.3382090266188137,0.7327798965740118,0.01171875,-0.005859375,0.068359375,-0.1338520050048828,-0.16542673110961914,-0.06964850425720215
658,616000000,imu2_frame,0.30503241873249237,-0.506932551118609,-0.33817888629714876,0.7318535734704069,0.01171875,-0.005859375,0.068359375,-0.1222829818725586,0.011890411376953125,-0.08189201354980469
658,640000000,imu2_frame,0.3061560615224428,-0.5076921531936317,-0.33788105777858735,0.7309948935342184,0.01171875,-0.005859375,0.068359375,-0.07991409301757812,-0.040164947509765625,-0.05340933799743652
658,665000000,imu2_frame,0.3074193104436944,-0.5079941390081769,-0.3376465505326782,0.7303630119420398,0.009765625,0.01171875,0.087890625,-0.07102346420288086,-0.054088592529296875,-0.03225970268249512
658,691000000,imu2_frame,0.30878718659471677,-0.507603786382782,-0.33777974011043915,0.7299956962994416,0.01171875,0.015625,0.091796875,-0.0519866943359375,-0.07016372680664062,-0.023516416549682617
658,715000000,imu2_frame,0.3066440658617675,-0.507769397964496,-0.3361753169012278,0.7315229399471328,0.01171875,0.015625,0.091796875,-0.0542750358581543,-0.1511845588684082,-0.006867408752441406
658,741000000,imu2_frame,0.3041438331967058,-0.5074647546394062,-0.33488052257982187,0.7333696797140218,-0.017578125,0.015625,0.091796875,-0.09237003326416016,-0.11157369613647461,-0.04275703430175781
658,766000000,imu2_frame,0.3015812361671817,-0.5083147773881334,-0.33286997387832684,0.7347533093297156,-0.017578125,0.015625,0.091796875,-0.11173582077026367,-0.1075897216796875,-0.05626988410949707
658,791000000,imu2_frame,0.30288500074687447,-0.507881456470055,-0.3331979246785918,0.7343679224246531,-0.00390625,0.017578125,0.07421875,-0.09122943878173828,-0.12442255020141602,-0.04951333999633789
658,816000000,imu2_frame,0.3017501314931162,-0.5095000439957261,-0.33126775940451614,0.7345871186532962,-0.00390625,0.017578125,0.07421875,-0.09635066986083984,-0.13979196548461914,-0.06981396675109863
658,841000000,imu2_frame,0.3029353315672024,-0.5098923048046696,-0.331055439664111,0.7339225560357533,-0.00390625,0.017578125,0.07421875,-0.1280045509338379,-0.07517385482788086,-0.0870516300201416
658,865000000,imu2_frame,0.3045053460247363,-0.5100373617461392,-0.3304895675336466,0.7334269081625086,0.03515625,0.048828125,0.08984375,-0.11835527420043945,-0.09004878997802734,-0.06551361083984375
658,890000000,imu2_frame,0.3059492108253604,-0.5095114544874433,-0.3303848239027552,0.7332387239338733,-0.005859375,0.06640625,0.08203125,-0.10024356842041016,-0.10518741607666016,-0.058762550354003906
658,915000000,imu2_frame,0.3064540835852705,-0.507543331990792,-0.3307549432433827,0.734225325309379,-0.005859375,0.06640625,0.08203125,-0.0373530387878418,0.050760746002197266,0.025432825088500977
658,941000000,imu2_frame,0.3041516934327218,-0.5077813482734861,-0.328563929972477,0.7359997239460144,-0.005859375,0.06640625,0.08203125,-0.047210693359375,-0.10181999206542969,-0.03641200065612793
658,966000000,imu2_frame,0.30266208261500194,-0.5089109213241939,-0.3256510040797155,0.7371273712500324,0.0546875,0.0625,0.115234375,-0.10143518447875977,-0.06527566909790039,-0.03168845176696777
658,990000000,imu2_frame,0.304101757561608,-0.5077231026659202,-0.3257732456110935,0.7372999148997962,0.025390625,0.05859375,0.095703125,-0.07616806030273438,-0.0807342529296875,-0.03818488121032715
659,15000000,imu2_frame,0.3021326537324599,-0.507709453826963,-0.323690593799879,0.7390340787330381,0.025390625,0.05859375,0.095703125,-0.07899665832519531,-0.8075189590454102,0.016382217407226562
659,41000000,imu2_frame,0.3009899704383594,-0.5077544441808427,-0.32373949172672095,0.7394479045927734,0.025390625,-0.029296875,-0.09765625,-0.09069681167602539,-0.7942185401916504,0.0038061141967773438
659,66000000,imu2_frame,0.29992177587059493,-0.5076926332302918,-0.32421415050840285,0.7397163666787668,0.009765625,-0.037109375,-0.130859375,-0.09644126892089844,-0.78466796875,-0.009972095489501953
659,91000000,imu2_frame,0.29888551554135284,-0.5075800904958416,-0.32451923933211496,0.7400791603842918,0.013671875,-0.0234375,-0.123046875,-0.10319852828979492,-0.7741165161132812,-0.024335622787475586
659,116000000,imu2_frame,0.30148701287434615,-0.5074704484243616,-0.3263718210158647,0.7382823033845993,0.013671875,-0.0234375,-0.123046875,-0.17349004745483398,0.32968568801879883,-0.1874697208404541
659,140000000,imu2_frame,0.3034361375314711,-0.5073472237797875,-0.3269489607387409,0.7373124724530175,0.009765625,0.02734375,-0.009765625,-0.14623641967773438,0.3023719787597656,-0.16686654090881348
659,165000000,imu2_frame,0.3049396189712276,-0.5079082549039354,-0.3269116266977771,0.7363218193914497,0.009765625,0.02734375,-0.009765625,-0.017896175384521484,0.01779317855834961,-0.06365656852722168
659,191000000,imu2_frame,0.3063173760982268,-0.5087526858737137,-0.3264956657470074,0.7353509026070466,0.021484375,0.021484375,0.015625,-0.014145851135253906,0.0024237632751464844,-0.030328989028930664
659,216000000,imu2_frame,0.30492942887327806,-0.5081784612731097,-0.3257819429572861,0.7366402246334952,0.021484375,0.021484375,0.015625,-0.031841278076171875,-0.20897245407104492,0.058896780014038086
659,240000000,imu2_frame,0.3039380686412049,-0.5072062562371322,-0.32549206540878955,0.7378471246948701,0.021484375,0.021484375,0.015625,-0.07690858840942383,-0.15765047073364258,0.027805566787719727
659,266000000,imu2_frame,0.30257044703912467,-0.5062150991251456,-0.32574572488815995,0.7389770772583887,-0.009765625,-0.01171875,-0.005859375,-0.08099842071533203,-0.14081621170043945,-0.008039236068725586
659,291000000,imu2_frame,0.3013041749241757,-0.5051941022977842,-0.32598520359994004,0.7400867247902122,-0.00390625,-0.0078125,-0.01171875,-0.08385515213012695,-0.12491607666015625,-0.04317879676818848
659,316000000,imu2_frame,0.3029734356923254,-0.505501641759754,-0.32667229753299515,0.7388913299447328,-0.00390625,-0.0078125,-0.01171875,-0.13982629776000977,0.009541988372802734,-0.13468122482299805
659,341000000,imu2_frame,0.30476542873206475,-0.5054788521505242,-0.32760511804032694,0.7377560912063912,-0.00390625,-0.0078125,-0.01171875,-0.11128664016723633,-0.02256488800048828,-0.07477188110351562
659,366000000,imu2_frame,0.3065030821297321,-0.5054092628128578,-0.32817095134976054,0.736831842687415,0.001953125,0.01171875,0.013671875,-0.08663272857666016,-0.0472259521484375,-0.055388450622558594
659,390000000,imu2_frame,0.3081093107268487,-0.505344117119876,-0.32867742487649093,0.7359803844616498,0.001953125,0.01171875,0.015625,-0.06392812728881836,-0.06981515884399414,-0.03737998008728027
659,415000000,imu2_frame,0.3062113122757797,-0.5053476604033669,-0.3276712514134061,0.7372176919718902,0.001953125,0.01171875,0.015625,-0.05542469024658203,-0.1963496208190918,-0.020950794219970703
659,440000000,imu2_frame,0.3042496934538988,-0.5053899904227569,-0.32691247581812705,0.7383368572461736,-0.005859375,-0.00390625,0.0,-0.08416509628295898,-0.1675090789794922,-0.043524980545043945
659,465000000,imu2_frame,0.30228551397913794,-0.5054248804983438,-0.3261276381052157,0.7394659707353117,-0.001953125,-0.001953125,-0.005859375,-0.11300230026245117,-0.13828706741333008,-0.06613659858703613
659,491000000,imu2_frame,0.3037188459606708,-0.5053569247287533,-0.3268247916330639,0.7386168132469095,-0.0078125,0.00390625,-0.0078125,-0.09038591384887695,-0.1604609489440918,-0.050461530685424805
659,516000000,imu2_frame,0.3055396742990028,-0.5045526381123376,-0.32811938198314655,0.7378413203190354,-0.0078125,0.00390625,-0.0078125,-0.0907597541809082,-0.07246685028076172,-0.044736623764038086
659,541000000,imu2_frame,0.307333622534538,-0.5039512130411479,-0.32930733708043625,0.7369775417739306,-0.00390625,0.0,-0.01171875,-0.054920196533203125,-0.10097694396972656,-0.035118818283081055
659,566000000,imu2_frame,0.3067773153738094,-0.5053840495271568,-0.328292710636131,0.7366807567723973,-0.00390625,0.0,-0.01171875,-0.08227682113647461,-0.12942171096801758,-0.052611351013183594
659,591000000,imu2_frame,0.3063498784467026,-0.5063378348445218,-0.3276239155432378,0.7365014045775945,0.00390625,-0.005859375,-0.01171875,-0.10119199752807617,-0.12199211120605469,-0.0386049747467041
659,616000000,imu2_frame,0.3056057980087429,-0.507841032058852,-0.32648947697569025,0.7362792974170738,0.00390625,-0.005859375,-0.01171875,-0.09290456771850586,-0.14708948135375977,-0.05702996253967285
659,641000000,imu2_frame,0.3043342059500361,-0.509150111550379,-0.3252461743840082,0.736452158015417,0.00390625,-0.005859375,-0.01171875,-0.08993101119995117,-0.12582015991210938,-0.04614543914794922
659,666000000,imu2_frame,0.30409883133180227,-0.5084526696984027,-0.3256153263740441,0.7368679954303375,-0.001953125,-0.00390625,0.001953125,-0.08360958099365234,-0.12454032897949219,-0.062456607818603516
659,691000000,imu2_frame,0.3043959800365924,-0.5094684738688088,-0.3252487137111733,0.7362052945344637,-0.009765625,0.0,-0.009765625,-0.09181880950927734,-0.1275310516357422,-0.038854122161865234
659,716000000,imu2_frame,0.30505996233298044,-0.5077001473637028,-0.326712042567276,0.7365040536139591,-0.009765625,0.0,-0.009765625,-0.09533977508544922,-0.09902286529541016,-0.027182340621948242
659,741000000,imu2_frame,0.3068305457009068,-0.5071460888439181,-0.32790912722632776,0.7356177438567321,-0.009765625,0.0,-0.009765625,-0.0990915298461914,-0.12743854522705078,-0.0561373233795166
659,765000000,imu2_frame,0.30815888916169015,-0.5071114554219535,-0.3284846980097904,0.7348291461175709,0.0078125,0.0,-0.013671875,-0.07887458801269531,-0.14738798141479492,-0.04075145721435547
659,791000000,imu2_frame,0.3069429540585564,-0.5061061158211977,-0.3285812897140675,0.7359870641064469,0.0078125,0.0,-0.013671875,-0.08310985565185547,-0.13526630401611328,-0.036229610443115234
659,816000000,imu2_frame,0.30854856434711164,-0.5048194271926258,-0.33002563356947656,0.7355529964287489,0.0078125,0.0,-0.013671875,-0.04122591018676758,-0.11866998672485352,-0.04242444038391113
659,841000000,imu2_frame,0.30704677194518143,-0.5060586914860465,-0.32855006762585526,0.7359903081376278,0.0078125,0.0,0.009765625,-0.08191347122192383,-0.09309959411621094,-0.036008596420288086
659,866000000,imu2_frame,0.30561662209321394,-0.507404755246988,-0.32703644805561605,0.7363328434181406,0.0078125,0.0,0.009765625,-0.04477882385253906,-0.07211017608642578,-0.026468753814697266
659,891000000,imu2_frame,0.3045726427003652,-0.5079848491919189,-0.32623324398463643,0.7367216359176919,0.001953125,-0.00390625,0.009765625,-0.06861209869384766,-0.05536937713623047,-0.027193546295166016
659,915000000,imu2_frame,0.3035023608334476,-0.5069955870490065,-0.32636088153371234,0.737787480705586,0.001953125,-0.00390625,0.009765625,-0.07089805603027344,-0.11922168731689453,0.018456697463989258
659,941000000,imu2_frame,0.30306011771451113,-0.505483983133423,-0.32706298377366627,0.7386950064075852,0.001953125,-0.00390625,0.009765625,-0.09579038619995117,-0.11551570892333984,-0.01670241355895996
659,966000000,imu2_frame,0.30472134817722457,-0.5045781764290905,-0.32828562296324326,0.7380882830611685,0.001953125,-0.00390625,0.009765625,-0.0978250503540039,-0.13816404342651367,-0.05398893356323242
659,991000000,imu2_frame,0.30465033616564596,-0.5043398962284209,-0.328482137645518,0.7381930147287331,-0.0078125,-0.009765625,0.01953125,-0.09503650665283203,-0.13864612579345703,-0.0591130256652832
660,15000000,imu2_frame,0.3052480021541845,-0.5055485595426078,-0.32808765606363244,0.7372942432054822,-0.0078125,-0.009765625,0.01953125,-0.06270265579223633,-0.06714725494384766,-0.10669541358947754
660,41000000,imu2_frame,0.3052844700374164,-0.5070154034295251,-0.3273095414144697,0.7366174292929942,-0.0078125,-0.009765625,0.01953125,-0.08166313171386719,-0.10456180572509766,-0.03801226615905762
660,66000000,imu2_frame,0.3062246796154459,-0.5055018061455661,-0.3284843362223853,0.7367444675289572,0.009765625,0.001953125,0.0078125,-0.04795360565185547,-0.12060785293579102,-0.05688881874084473
660,91000000,imu2_frame,0.3054108945148229,-0.506959300691908,-0.32712936880328425,0.736683669576021,0.0078125,0.00390625,0.0078125,-0.08164405822753906,-0.10444116592407227,-0.037787437438964844
660,115000000,imu2_frame,0.3036132859364556,-0.5075658955092834,-0.32587453727878635,0.73756465497749,0.0078125,0.00390625,0.0078125,-0.07905244827270508,-0.15341472625732422,-0.047089338302612305
660,140000000,imu2_frame,0.3025652776169978,-0.5090139481477508,-0.32442490708371796,0.7376364504519207,0.0078125,0.00390625,0.0078125,-0.11584949493408203,-0.1764373779296875,-0.06985020637512207
660,166000000,imu2_frame,0.30201722852060064,-0.5100050704483178,-0.32352275548180814,0.7375726733544294,0.017578125,0.0,-0.015625,-0.13847112655639648,-0.1656804084777832,-0.05637693405151367
660,191000000,imu2_frame,0.3040605538266486,-0.5090908883877069,-0.3248714018606707,0.736771483718208,0.017578125,0.0,-0.015625,-0.13530826568603516,0.0756068229675293,-0.011487245559692383
660,216000000,imu2_frame,0.30614521220697066,-0.5084036065668236,-0.32609868060555786,0.7358400181968291,0.017578125,0.0,-0.015625,-0.09555768966674805,-0.06993675231933594,-0.039371490478515625
660,240000000,imu2_frame,0.30769066306178167,-0.507658257861024,-0.32721920124719317,0.7352123118020126,-0.005859375,-0.001953125,0.01171875,-0.06201457977294922,-0.09475278854370117,-0.03563523292541504
660,266000000,imu2_frame,0.3070142396714358,-0.5081620484966117,-0.3267349990735413,0.7353623797061626,-0.001953125,-0.0078125,0.0,-0.07830572128295898,-0.08481597900390625,-0.03333687782287598
660,290000000,imu2_frame,0.3084096674617207,-0.5070947983064177,-0.3281380049186672,0.7348903266982915,0.0,-0.013671875,-0.005859375,-0.04058551788330078,-0.10864639282226562,-0.03815460205078125
660,316000000,imu2_frame,0.30765778254554305,-0.5057035113887836,-0.3288504729592542,0.7358451017997528,0.0,-0.013671875,-0.005859375,-0.06970739364624023,-0.1018056869506836,-0.035601139068603516
660,340000000,imu2_frame,0.30748039989871556,-0.5070390863602983,-0.32813795243049787,0.7353180623075707,0.0,-0.013671875,-0.005859375,-0.05002641677856445,-0.05850648880004883,-0.011331319808959961
660,366000000,imu2_frame,0.30545520459504905,-0.5075503501189615,-0.32716145704305916,0.7362439413030024,0.0,-0.013671875,-0.005859375,-0.046319007873535156,-0.10664224624633789,-0.025455713272094727
660,391000000,imu2_frame,0.30333073480366823,-0.5078195993607929,-0.32625760675151,0.7373368930585853,-0.01171875,-0.005859375,0.0,-0.07997751235961914,-0.07528305053710938,-0.04540657997131348
660,415000000,imu2_frame,0.30129848096277734,-0.5081687065569656,-0.3253358503497501,0.7383362211912323,-0.01171875,-0.005859375,0.0,-0.11331844329833984,-0.12306499481201172,-0.0625002384185791
660,441000000,imu2_frame,0.30299007018724367,-0.5081865031889502,-0.3262068746630096,0.7372466142798539,-0.01171875,-0.005859375,0.0,-0.1258563995361328,-0.07551336288452148,-0.08128046989440918
660,465000000,imu2_frame,0.30464511797077787,-0.5082367621508457,-0.32693531100561724,0.7362065254482985,0.0,-0.00390625,-0.00390625,-0.10135698318481445,-0.10072851181030273,-0.0606234073638916
660,491000000,imu2_frame,0.306186982779296,-0.5082549064867228,-0.32769970783179053,0.7352138349457541,-0.009765625,-0.00390625,0.0,-0.0773162841796875,-0.12466859817504883,-0.041869163513183594
660,516000000,imu2_frame,0.3057083184330951,-0.5097601786495155,-0.3267058618842483,0.7348130810719783,-0.009765625,-0.00390625,0.0,-0.06489849090576172,-0.11513423919677734,-0.056702613830566406
660,541000000,imu2_frame,0.3038075613287734,-0.5094134397443634,-0.326226542547456,0.7360537725090555,-0.009765625,-0.00390625,0.0,-0.0873403549194336,-0.12739324569702148,-0.0470883846282959
660,565000000,imu2_frame,0.30300788731201245,-0.5094396391872675,-0.3258090655837146,0.7365500166553007,-0.001953125,0.001953125,0.013671875,-0.10041570663452148,-0.11509847640991211,-0.0558164119720459
660,591000000,imu2_frame,0.30185937196314205,-0.5081461857587146,-0.32602772000948127,0.7378172532831598,-0.001953125,0.001953125,0.013671875,-0.10023212432861328,-0.1348876953125,-0.05628037452697754
660,615000000,imu2_frame,0.30044987518187427,-0.5072833603359528,-0.3258806095406566,0.7390502642952442,-0.001953125,0.001953125,0.013671875,-0.10985755920410156,-0.1578059196472168,-0.05094432830810547
660,640000000,imu2_frame,0.2991083062235806,-0.5058541765278305,-0.3262262978960895,0.7404202697106711,0.0,-0.00390625,-0.005859375,-0.10925817489624023,-0.1407160758972168,-0.0950007438659668
660,666000000,imu2_frame,0.300478526886822,-0.506666142573242,-0.3263965727665399,0.7392343012442898,0.0,-0.00390625,-0.005859375,-0.13854122161865234,-0.12131595611572266,-0.14105606079101562
660,691000000,imu2_frame,0.30179365098960653,-0.5074800434074604,-0.3264749186148458,0.7381048199821997,0.005859375,-0.00390625,-0.001953125,-0.13022708892822266,-0.1396007537841797,-0.10946202278137207
660,716000000,imu2_frame,0.30268828087557137,-0.5086447258972634,-0.3261642197543054,0.7370734354116653,0.005859375,-0.00390625,-0.001953125,-0.054828643798828125,-0.0687856674194336,-0.07569718360900879
660,741000000,imu2_frame,0.3042028252621913,-0.5091395943974758,-0.3265162595568537,0.7359515247380606,0.005859375,-0.00390625,-0.001953125,-0.07805442810058594,-0.09442758560180664,-0.047951698303222656
660,766000000,imu2_frame,0.30410434936691305,-0.5075419243785162,-0.32744061893038306,0.7366847227741095,0.005859375,-0.00390625,-0.001953125,-0.09663629531860352,-0.13163423538208008,-0.0416872501373291
660,791000000,imu2_frame,0.3035806689561486,-0.50561551868884,-0.32843852556281644,0.7377803600146021,-0.005859375,-0.00390625,0.005859375,-0.07712364196777344,-0.1280837059020996,-0.08609914779663086
660,816000000,imu2_frame,0.30397496394024437,-0.5069493181100334,-0.3278684056594864,0.7369558458521147,-0.005859375,-0.00390625,0.005859375,-0.08903980255126953,-0.1356830596923828,-0.094085693359375
660,841000000,imu2_frame,0.30440034029802976,-0.5081934813188748,-0.3273641115781397,0.7361471027057713,-0.005859375,-0.00390625,0.005859375,-0.09923839569091797,-0.1400127410888672,-0.06429433822631836
660,866000000,imu2_frame,0.3051307027367027,-0.5090082535130431,-0.3272155727861627,0.7353474151917793,0.009765625,-0.00390625,-0.015625,-0.09937191009521484,-0.14970779418945312,-0.039194345474243164
660,890000000,imu2_frame,0.30395008688881053,-0.5077930624353426,-0.32752299571030713,0.7365386871738422,0.00390625,-0.00390625,-0.015625,-0.09928750991821289,-0.1348567008972168,-0.07761740684509277
660,916000000,imu2_frame,0.30563585577770963,-0.5063901910889484,-0.32915785522683794,0.7360779879702918,0.00390625,-0.00390625,-0.015625,-0.09300899505615234,-0.12447977066040039,-0.04630899429321289
660,940000000,imu2_frame,0.30445842484920005,-0.5075439478358661,-0.32804532985658486,0.7362679336442761,0.00390625,-0.00390625,-0.015625,-0.08659076690673828,-0.10109567642211914,-0.03753185272216797
660,965000000,imu2_frame,0.30578059152724874,-0.5060585603017637,-0.32967006862226234,0.7360167180473177,-0.001953125,-0.0078125,-0.017578125,-0.04455137252807617,-0.12518787384033203,-0.05117344856262207
660,991000000,imu2_frame,0.30418734019514204,-0.5072988113124929,-0.32843925756748876,0.7363732967690052,-0.001953125,-0.0078125,-0.017578125,-0.005400657653808594,-0.14315509796142578,-0.04559135437011719
661,16000000,imu2_frame,0.3045921363453774,-0.5086032256668427,-0.3280011458892152,0.7355009433122458,-0.001953125,-0.0078125,-0.017578125,-0.01555013656616211,-0.03067302703857422,-0.01482391357421875
661,41000000,imu2_frame,0.3042992530533838,-0.5095463920380628,-0.3272946576226025,0.735284058064534,0.00390625,0.0,-0.00390625,-0.03318500518798828,-0.024402141571044922,0.0006601810455322266
661,65000000,imu2_frame,0.3037051197079184,-0.5106760673903753,-0.32634715261798497,0.7351671173522614,0.00390625,0.0,-0.00390625,-0.08874130249023438,-0.09860658645629883,-0.030989885330200195
661,91000000,imu2_frame,0.30458236647537845,-0.508815940482077,-0.3278167523348951,0.73544007072786,-0.00390625,0.001953125,0.0078125,-0.05039358139038086,-0.11560773849487305,-0.05761003494262695
661,116000000,imu2_frame,0.30282241235124435,-0.5098747589327067,-0.3264079893379467,0.7360598761496553,-0.00390625,0.001953125,0.0078125,-0.09139108657836914,-0.15310239791870117,-0.05744528770446777
661,141000000,imu2_frame,0.304198152091965,-0.5103189894474474,-0.32670327417408873,0.735053048369368,-0.00390625,0.001953125,0.0078125,-0.1162257194519043,-0.14137887954711914,-0.07137846946716309
661,166000000,imu2_frame,0.30408506674283536,-0.5085282930894506,-0.3277103581923194,0.7358920902177144,-0.00390625,0.001953125,0.0078125,-0.09366083145141602,-0.14344120025634766,-0.06921172142028809
661,190000000,imu2_frame,0.3044677294537833,-0.5095497298691736,-0.3272444846737809,0.7352343311911528,0.0078125,0.00390625,-0.021484375,-0.10217142105102539,-0.14700078964233398,-0.04427194595336914
661,216000000,imu2_frame,0.30349220870614424,-0.5077425363663901,-0.32790741938964946,0.7365912844502789,0.00390625,0.0078125,-0.025390625,-0.09191083908081055,-0.13596057891845703,-0.09188294410705566
661,241000000,imu2_frame,0.3050797549386485,-0.5082445178227492,-0.3282667365298782,0.7354283125619513,0.00390625,0.0078125,-0.025390625,-0.11425590515136719,-0.11950397491455078,-0.10218334197998047
661,266000000,imu2_frame,0.30664725104385376,-0.508935385315157,-0.32842252057934124,0.7342280878430575,0.01953125,0.00390625,-0.025390625,-0.10129165649414062,-0.14087867736816406,-0.0696570873260498
661,290000000,imu2_frame,0.30759649051015575,-0.5097323765720979,-0.3283443527170082,0.7333125454666962,0.013671875,-0.001953125,-0.021484375,-0.0980992317199707,-0.15350008010864258,-0.04224061965942383
661,315000000,imu2_frame,0.30611705331915795,-0.5087141213517602,-0.32837166051667716,0.7346253092386774,0.0078125,-0.001953125,-0.017578125,-0.10581398010253906,-0.13377666473388672,-0.08035802841186523
661,341000000,imu2_frame,0.30622981857191134,-0.510168929052946,-0.3275738665992425,0.7339252850035936,0.0078125,-0.001953125,-0.017578125,-0.08471345901489258,-0.13258886337280273,-0.05003237724304199
661,366000000,imu2_frame,0.305636120688243,-0.5110106342688103,-0.3268121146970016,0.7339267913641685,0.017578125,-0.005859375,-0.017578125,-0.10525751113891602,-0.12200546264648438,-0.040201425552368164
661,391000000,imu2_frame,0.3069457450007092,-0.5094583800224997,-0.32831024458129254,0.7337907412565123,0.017578125,-0.005859375,-0.017578125,-0.0641779899597168,-0.0706167221069336,-0.016551494598388672
661,415000000,imu2_frame,0.3074166548030434,-0.5076844384952383,-0.3296412330221752,0.7342262381249403,0.001953125,-0.005859375,-0.001953125,-0.032030582427978516,-0.08180618286132812,-0.04617166519165039
661,441000000,imu2_frame,0.3070388683859841,-0.5091708418951595,-0.328502135716003,0.7338654739760235,0.005859375,0.001953125,0.001953125,-0.059009552001953125,-0.07241058349609375,-0.02120828628540039
661,466000000,imu2_frame,0.3052783215403868,-0.5086320193675619,-0.32800975418247774,0.7351926389951894,0.005859375,0.001953125,0.001953125,-0.07876014709472656,-0.08584165573120117,-0.05294680595397949
661,491000000,imu2_frame,0.30649554297584725,-0.5089822753686847,-0.32830989989397547,0.7343092911900713,-0.0078125,0.001953125,0.009765625,-0.06537961959838867,-0.1032414436340332,-0.03145337104797363
661,515000000,imu2_frame,0.30593753479360375,-0.5103535856614971,-0.32724044307238764,0.7340675274282693,-0.0078125,0.001953125,0.009765625,-0.0925741195678711,-0.1269974708557129,-0.0499417781829834
661,541000000,imu2_frame,0.3064876680046998,-0.5085842341110021,-0.3285441875727733,0.7344835620944236,-0.0078125,0.001953125,0.009765625,-0.1382007598876953,-0.14305353164672852,-0.03942608833312988
661,565000000,imu2_frame,0.30716520321242985,-0.5069011988757939,-0.3298460270671705,0.7347804508434835,-0.0078125,0.001953125,0.009765625,-0.10479927062988281,-0.15663766860961914,-0.06472134590148926
661,591000000,imu2_frame,0.30735059482792687,-0.5076472117688365,-0.3295653154331035,0.7343137089185552,0.0,0.0,-0.021484375,-0.11163854598999023,-0.1589035987854004,-0.04735708236694336
661,616000000,imu2_frame,0.3066877060811122,-0.5057971060001257,-0.3305216163964851,0.7354368766898064,-0.001953125,0.0,-0.0234375,-0.09446096420288086,-0.15327692031860352,-0.09230566024780273
661,640000000,imu2_frame,0.3064937528740082,-0.5071530150407488,-0.3297307925974681,0.7349387751352692,-0.001953125,0.0,-0.0234375,-0.07587337493896484,-0.14441537857055664,-0.06787419319152832
661,665000000,imu2_frame,0.30606334375708905,-0.5083778328585521,-0.32893939446156245,0.7346264924691546,-0.009765625,0.00390625,-0.0234375,-0.09787130355834961,-0.13638830184936523,-0.04872012138366699
661,690000000,imu2_frame,0.3062779188135731,-0.5068625571109117,-0.3300237554257424,0.7350976163074561,-0.001953125,0.00390625,-0.025390625,-0.07297039031982422,-0.14338159561157227,-0.0761411190032959
661,716000000,imu2_frame,0.3061949950939434,-0.5082502264790014,-0.32924544889600177,0.7345228156052975,0.001953125,0.0,-0.025390625,-0.09238576889038086,-0.13995981216430664,-0.0496068000793457
661,741000000,imu2_frame,0.3066890168320626,-0.50950208520932,-0.32878586024558987,0.7336547759161014,0.001953125,0.0,-0.025390625,-0.06223440170288086,-0.11018180847167969,-0.05783867835998535
661,765000000,imu2_frame,0.30682052491316764,-0.5107371591998024,-0.3280295363140276,0.7330793565570702,0.01171875,0.001953125,-0.01171875,-0.0778965950012207,-0.1090092658996582,-0.03162574768066406
661,791000000,imu2_frame,0.30623144188774926,-0.508761442334531,-0.3288975207595895,0.7343095530028416,0.009765625,0.00390625,-0.009765625,-0.060393333435058594,-0.10388326644897461,-0.07806777954101562
661,816000000,imu2_frame,0.30685288719662346,-0.5100194117670896,-0.3282814165276746,0.7334526684131918,0.015625,0.00390625,-0.01171875,-0.06963634490966797,-0.10965108871459961,-0.04553031921386719
661,841000000,imu2_frame,0.30694982771131973,-0.5109264204647292,-0.32760620196761125,0.7330826505732122,0.021484375,0.0078125,-0.021484375,-0.08251810073852539,-0.10810327529907227,-0.026081085205078125
661,866000000,imu2_frame,0.30853406572728487,-0.5093241710524822,-0.329086589747783,0.7328694532559451,0.021484375,0.0078125,-0.021484375,-0.11632442474365234,-0.12985849380493164,-0.0391848087310791
661,891000000,imu2_frame,0.30979519269867123,-0.5074992004703544,-0.33047369229623375,0.7329792894774301,0.0234375,0.01171875,-0.013671875,-0.07475566864013672,-0.1506061553955078,-0.06021881103515625
661,916000000,imu2_frame,0.3084718120140188,-0.506823757802551,-0.33007950706738354,0.7341814072379127,0.0234375,0.01171875,-0.013671875,-0.08793258666992188,-0.13065528869628906,-0.05051565170288086
661,941000000,imu2_frame,0.3101263578998637,-0.5052692397135543,-0.3314595342942488,0.7339340669709319,0.0234375,0.01171875,-0.013671875,-0.08318376541137695,-0.07834911346435547,-0.02222418785095215
661,965000000,imu2_frame,0.31204100647139577,-0.50411139304133,-0.332713309733312,0.7333511895487409,0.0234375,0.01171875,-0.013671875,-0.04075431823730469,-0.06801891326904297,-0.02181386947631836
661,991000000,imu2_frame,0.3103961019557004,-0.5039914480371251,-0.3322091769692623,0.7343595460900292,-0.0078125,-0.00390625,0.001953125,-0.06271028518676758,-0.04478931427001953,-0.04421043395996094
662,16000000,imu2_frame,0.311830078231048,-0.5041719503534113,-0.3327572538863259,0.7333793402961982,-0.0078125,-0.00390625,0.0078125,-0.04296112060546875,-0.06593084335327148,-0.02324819564819336
662,41000000,imu2_frame,0.30970032344567067,-0.504397473366839,-0.3318139371579293,0.7345532040816034,-0.0078125,-0.00390625,0.0078125,-0.07739067077636719,-0.07382345199584961,-0.044599056243896484
662,65000000,imu2_frame,0.31098187666123267,-0.5042497578038884,-0.332681852233824,0.7337201369304579,-0.0234375,-0.009765625,0.005859375,-0.05341672897338867,-0.09467649459838867,-0.032034873962402344
662,90000000,imu2_frame,0.3094177973550461,-0.5056888736949254,-0.33142100463388857,0.7339615162858155,-0.0234375,-0.009765625,0.005859375,-0.05519676208496094,-0.23078489303588867,-0.10069060325622559
662,116000000,imu2_frame,0.30803359860466833,-0.5071711395912413,-0.330230402415643,0.7340576398463421,-0.017578125,-0.009765625,-0.0078125,-0.09354591369628906,-0.20929622650146484,-0.08805727958679199
662,141000000,imu2_frame,0.3086747953317878,-0.5082766738736016,-0.3301017076469727,0.7330808660246287,-0.017578125,-0.009765625,-0.0078125,-0.09638452529907227,-0.1364917755126953,-0.09348416328430176
662,166000000,imu2_frame,0.30900731158463646,-0.5095364152978872,-0.3297482626864813,0.7322248330450573,-0.017578125,-0.009765625,-0.0078125,-0.06684541702270508,-0.10555028915405273,-0.06439542770385742
662,191000000,imu2_frame,0.30953056954703445,-0.5106182064084349,-0.32922811020624027,0.731483920021588,0.001953125,0.0078125,-0.005859375,-0.0747685432434082,-0.11042547225952148,-0.03641796112060547
662,216000000,imu2_frame,0.3086633677615087,-0.5096326456641305,-0.32939382682487955,0.7324624213740686,0.00390625,0.005859375,-0.005859375,-0.07495880126953125,-0.09917116165161133,-0.06661248207092285
662,241000000,imu2_frame,0.3090271752454818,-0.5077485148453944,-0.3306247940268019,0.7330626823177058,0.00390625,0.005859375,-0.005859375,-0.08321905136108398,-0.14323902130126953,-0.06454205513000488
662,266000000,imu2_frame,0.31086882514609715,-0.5073448123208114,-0.33156772537747514,0.7321370489542605,0.00390625,0.005859375,-0.005859375,-0.08962011337280273,-0.13549470901489258,-0.050321102142333984
662,290000000,imu2_frame,0.3106342572294389,-0.5075131551170792,-0.331357318733468,0.7322151889577198,0.001953125,0.00390625,-0.01171875,-0.0959014892578125,-0.13205718994140625,-0.049436092376708984
662,315000000,imu2_frame,0.3116255227058208,-0.5066713756185751,-0.3321687765784368,0.7320092585435578,0.005859375,0.0078125,-0.00390625,-0.07030963897705078,-0.1473689079284668,-0.05425262451171875
662,341000000,imu2_frame,0.30981530501434656,-0.507421860980503,-0.33083715059236696,0.7328603629381754,0.005859375,0.0078125,-0.00390625,-0.031063079833984375,-0.07513952255249023,-0.0224609375
662,365000000,imu2_frame,0.30857554319141217,-0.5062635063021013,-0.3309155991416114,0.7341479841119061,0.005859375,0.0078125,-0.00390625,-0.07384681701660156,-0.0975351333618164,-0.06036376953125
662,391000000,imu2_frame,0.3094709339953331,-0.5071412426350004,-0.3306659881699801,0.733277236315334,0.0,0.00390625,0.009765625,-0.0736227035522461,-0.10845756530761719,-0.03203558921813965
662,416000000,imu2_frame,0.31044503746449814,-0.5081041185006439,-0.33039959428635157,0.7323183676323871,0.0,0.00390625,0.009765625,-0.07309913635253906,-0.08484411239624023,-0.07550191879272461
662,440000000,imu2_frame,0.3112107495883411,-0.5089836498273477,-0.3300996815826275,0.7315174049659673,0.0,0.00390625,0.009765625,-0.03557443618774414,-0.05071401596069336,-0.013506174087524414
662,466000000,imu2_frame,0.3104422011547483,-0.5072250746943695,-0.330535529929902,0.7328674005558204,0.00390625,0.015625,0.025390625,-0.026051044464111328,-0.04077911376953125,-0.05787849426269531
662,491000000,imu2_frame,0.31017214386395814,-0.5085080758009297,-0.3293282757720587,0.7326361066676108,0.00390625,0.015625,0.025390625,-0.09032964706420898,-0.11002635955810547,-0.03558778762817383
662,516000000,imu2_frame,0.3109850138595539,-0.5066885573449132,-0.3304779022224446,0.7330343669659398,0.001953125,0.015625,0.02734375,-0.05595731735229492,-0.12370634078979492,-0.061873674392700195
662,540000000,imu2_frame,0.30926334546172585,-0.5063310552660106,-0.32968799219666145,0.7343642648089322,0.001953125,0.015625,0.02734375,-0.07993268966674805,-0.21809911727905273,-0.011651277542114258
662,565000000,imu2_frame,0.3074907423963989,-0.5059275656053596,-0.3291240652552583,0.7356385602801138,-0.001953125,0.00390625,0.009765625,-0.10155677795410156,-0.1921372413635254,-0.041005611419677734
662,591000000,imu2_frame,0.30546871390465424,-0.5054614006707266,-0.32867371305943516,0.7370015112611017,-0.01171875,-0.00390625,0.005859375,-0.12401199340820312,-0.1637420654296875,-0.07445526123046875
662,615000000,imu2_frame,0.30641656891679625,-0.5057694439985457,-0.3290663103135773,0.7362211075670599,-0.01171875,-0.009765625,0.001953125,-0.11233758926391602,-0.17864751815795898,-0.05697226524353027
662,641000000,imu2_frame,0.3079857443084661,-0.5058931310543042,-0.3298432765185798,0.7351328683920478,-0.01171875,-0.009765625,0.001953125,-0.12752628326416016,-0.16001129150390625,-0.07490134239196777
662,666000000,imu2_frame,0.3072998441988485,-0.5073277882615804,-0.328877543547083,0.734863852943804,-0.01171875,-0.009765625,0.001953125,-0.11662769317626953,-0.15211009979248047,-0.05474424362182617
662,691000000,imu2_frame,0.30818297939984757,-0.505640928242925,-0.330464476988241,0.7349447138001299,-0.01171875,-0.005859375,-0.009765625,-0.0779886245727539,-0.1701650619506836,-0.07748270034790039
662,716000000,imu2_frame,0.30744883455929667,-0.5070501808512536,-0.3294286159259509,0.7347462931080044,-0.001953125,-0.00390625,-0.015625,-0.10721397399902344,-0.15723228454589844,-0.05844712257385254
662,741000000,imu2_frame,0.30870854097643985,-0.5077685973789511,-0.3296433660066334,0.7336247947635269,-0.001953125,-0.00390625,-0.015625,-0.09702777862548828,-0.13239479064941406,-0.06804275512695312
662,765000000,imu2_frame,0.30690588278203,-0.5074889565775794,-0.329176549218077,0.7347833269137656,-0.001953125,-0.00390625,-0.015625,-0.07985973358154297,-0.0718994140625,-0.056227684020996094
662,791000000,imu2_frame,0.30851506938023604,-0.5078262185612257,-0.3295751438798427,0.7336969457778159,0.0078125,0.0,0.001953125,-0.06113147735595703,-0.09454488754272461,-0.03021407127380371
662,816000000,imu2_frame,0.3069749891765373,-0.5071426969005399,-0.3292851986297567,0.7349448271563476,0.00390625,0.001953125,0.001953125,-0.07536458969116211,-0.07267332077026367,-0.06229901313781738
662,840000000,imu2_frame,0.30615530043591715,-0.5084333699641223,-0.32810213107403224,0.7349240994188434,0.00390625,0.001953125,0.001953125,-0.10605144500732422,-0.13153553009033203,-0.0465083122253418
662,866000000,imu2_frame,0.3072761727871374,-0.5066126612737772,-0.329584222699372,0.7350504780095319,0.0,0.0078125,0.0,-0.06508827209472656,-0.1514420509338379,-0.06915140151977539
662,890000000,imu2_frame,0.308996114148892,-0.5060459533928895,-0.33056128053871325,0.7342806917685992,0.0,0.0078125,0.0,-0.0323333740234375,-0.06030750274658203,-0.020609140396118164
662,916000000,imu2_frame,0.3075629361344204,-0.5066061000068874,-0.32949386446165413,0.7349755730868279,-0.00390625,0.01171875,0.005859375,-0.06293201446533203,-0.03696441650390625,-0.026793479919433594
662,940000000,imu2_frame,0.3076897113535718,-0.5049070342032883,-0.33045462857228863,0.7356600212016047,-0.00390625,0.01171875,0.005859375,-0.11687564849853516,-0.12357234954833984,-0.01971125602722168
662,966000000,imu2_frame,0.30948715982097286,-0.5047708566812414,-0.33115101911455247,0.7346857033389358,-0.00390625,0.01171875,0.005859375,-0.1245584487915039,-0.10643386840820312,-0.07894110679626465
662,991000000,imu2_frame,0.3110771156322174,-0.5047073144343498,-0.3318991474849022,0.7337196404521293,-0.01171875,0.00390625,-0.001953125,-0.09927034378051758,-0.1303558349609375,-0.06091427803039551
663,16000000,imu2_frame,0.3122931003081197,-0.5049239671265431,-0.3322763763959637,0.7328828123310741,-0.001953125,0.001953125,-0.00390625,-0.08405637741088867,-0.1480083465576172,-0.04165077209472656
663,41000000,imu2_frame,0.31140140797167504,-0.5064050364513918,-0.3310103501306795,0.732813243791546,-0.001953125,0.001953125,-0.00390625,-0.043741703033447266,-0.13171768188476562,-0.06246638298034668
663,65000000,imu2_frame,0.3095628111416213,-0.5066019811185019,-0.33013508934619984,0.7338502036977865,-0.001953125,0.001953125,-0.00390625,-0.07407855987548828,-0.14340543746948242,-0.041749000549316406
663,90000000,imu2_frame,0.30769033008129704,-0.5068426780552818,-0.32903987538722407,0.7349625302567283,0.005859375,0.01171875,-0.001953125,-0.10720300674438477,-0.11390876770019531,-0.059598684310913086
663,116000000,imu2_frame,0.30956575525378094,-0.5064840854764039,-0.3298230282846204,0.7340706262659265,0.0078125,0.015625,-0.005859375,-0.07637405395507812,-0.14083528518676758,-0.044133901596069336
663,141000000,imu2_frame,0.3078981245055143,-0.5061987369672387,-0.3290910887259672,0.7352962932994541,0.0078125,0.015625,-0.005859375,-0.060577392578125,-0.11921882629394531,-0.030747652053833008
663,166000000,imu2_frame,0.3088876358642983,-0.5052962691842445,-0.3298412891279657,0.7351658539030834,0.0078125,0.015625,-0.005859375,-0.03553009033203125,-0.09535074234008789,-0.03652334213256836
663,190000000,imu2_frame,0.3076786333031097,-0.5063842512948515,-0.32853877336374765,0.7355073915644406,0.001953125,0.01171875,0.0,-0.07000494003295898,-0.07390689849853516,-0.029798507690429688
663,215000000,imu2_frame,0.3092019727332745,-0.505042159393546,-0.32990412365353583,0.7351801320012313,-0.005859375,0.013671875,-0.005859375,-0.02945089340209961,-0.09869861602783203,-0.03795433044433594
663,240000000,imu2_frame,0.31074077465660566,-0.503524511677092,-0.3313782403756359,0.7349093133929561,-0.005859375,0.013671875,-0.005859375,-0.0994105339050293,-0.12002992630004883,-0.04918646812438965
663,265000000,imu2_frame,0.31235107066223594,-0.5024253490536007,-0.3326622999455722,0.7343986461585046,-0.001953125,0.009765625,-0.01171875,-0.060294151306152344,-0.1454758644104004,-0.0512392520904541
663,291000000,imu2_frame,0.31133086161118945,-0.5038227719426922,-0.33134570989573353,0.734469692781199,-0.001953125,0.009765625,-0.01171875,-0.06054830551147461,-0.17035627365112305,-0.07524919509887695
663,315000000,imu2_frame,0.31043269630616505,-0.5051440523786812,-0.3301538578231279,0.7344790382135044,0.001953125,0.00390625,-0.009765625,-0.09265708923339844,-0.15430545806884766,-0.06010890007019043
663,340000000,imu2_frame,0.30930802099029026,-0.5065023282032958,-0.3288425331551102,0.7346063762749688,0.001953125,0.00390625,-0.009765625,-0.08954954147338867,-0.2128453254699707,-0.08592724800109863
663,365000000,imu2_frame,0.3110474668576927,-0.505272280862939,-0.3302968310560902,0.73406634505832,0.001953125,0.00390625,-0.009765625,-0.1207742691040039,-0.11994075775146484,-0.05006575584411621
663,390000000,imu2_frame,0.3125850269473931,-0.5040449830507859,-0.3317106581668602,0.7336193122104535,-0.009765625,0.00390625,0.0,-0.08018255233764648,-0.14526128768920898,-0.05555081367492676
663,415000000,imu2_frame,0.31143699312024964,-0.5052037242779083,-0.33053508885410027,0.7338410940579446,0.0,-0.001953125,0.00390625,-0.11355257034301758,-0.12599897384643555,-0.04674267768859863
663,441000000,imu2_frame,0.309565546207467,-0.5062404775310029,-0.3291323215604906,0.7345486140580871,0.0,-0.001953125,0.00390625,-0.042772769927978516,-0.17444992065429688,-0.04889845848083496
663,465000000,imu2_frame,0.3087145569067962,-0.5047052615118669,-0.32971537528683775,0.7357008173541325,0.0,-0.001953125,0.00390625,-0.11220836639404297,-0.16510248184204102,-0.08948111534118652
663,491000000,imu2_frame,0.30935164725457454,-0.5058208196416485,-0.3292482469503074,0.7348758049072519,0.001953125,0.001953125,0.00390625,-0.1189126968383789,-0.17199134826660156,-0.05961966514587402
