timestamp_sec,timestamp_nsec,frame_id,orientation_x,orientation_y,orientation_z,orientation_w,angular_velocity_x,angular_velocity_y,angular_velocity_z,linear_acceleration_x,linear_acceleration_y,linear_acceleration_z
132,915000000,imu2_frame,-0.007211095685775056,0.013149875988324216,-0.771063525856668,0.6365815893928961,-0.001953125,0.0,0.0078125,0.0002547726035118103,0.002770155668258667,0.00634002685546875
132,940000000,imu2_frame,-0.005779136231749085,0.011074387846324267,-0.7709793853315773,0.6367375808855538,0.001953125,0.001953125,0.013671875,-0.0039453282952308655,-0.04633057117462158,0.004993438720703125
132,965000000,imu2_frame,-0.007166333125914997,0.013127329466417937,-0.7708471895030675,0.6368445079655084,0.001953125,0.001953125,0.013671875,0.000746648758649826,0.001854628324508667,0.006316184997558594
132,990000000,imu2_frame,-0.006383442535200988,0.010774504903814867,-0.7707993304222653,0.636954907294123,-0.001953125,0.0,0.009765625,-0.01671672984957695,-0.043339282274246216,0.005009651184082031
133,15000000,imu2_frame,-0.00719860825246514,0.01316171422117847,-0.7706911213514426,0.6370322949333443,-0.001953125,0.0,0.009765625,0.0007586479187011719,0.0027607977390289307,-0.03271961212158203
133,40000000,imu2_frame,-0.009019112182965422,0.011449122347048027,-0.7706412719722852,0.6371025059955829,-0.001953125,0.0,0.009765625,-0.00890538189560175,-0.00036847591400146484,0.00609588623046875
133,65000000,imu2_frame,-0.007138412980885824,0.013105754739776633,-0.7705362885838061,0.6372213981249443,-0.001953125,0.0,0.009765625,0.040101226419210434,0.0011550486087799072,0.006297111511230469
133,90000000,imu2_frame,-0.009022739401579279,0.011502055226428316,-0.770423077575487,0.6373653382781138,-0.00390625,0.001953125,0.017578125,-0.008203234057873487,0.00047132372856140137,0.0061206817626953125
133,115000000,imu2_frame,-0.007203208634954929,0.013263350708579492,-0.7702545646879561,0.6375579212045837,-0.00390625,0.001953125,0.017578125,0.0412152074277401,0.004310131072998047,-0.03266620635986328
133,140000000,imu2_frame,-0.007406451419027151,0.010826084571792132,-0.7701491519153155,0.6377289582372299,-0.00390625,0.001953125,0.017578125,0.007832283154129982,0.009211927652359009,-0.033756256103515625
133,165000000,imu2_frame,-0.007568396319926472,0.008282498628680733,-0.7698990098959659,0.6380671078772373,0.001953125,-0.00390625,0.03515625,-0.026221733540296555,-0.02705150842666626,-0.03465843200683594
133,190000000,imu2_frame,-0.007420130628322392,0.010832879701620753,-0.7696346923043073,0.6383494581970626,-0.00390625,0.001953125,0.029296875,0.00791705772280693,0.009465664625167847,-0.03374958038330078
133,215000000,imu2_frame,-0.009468986966601091,0.012331065055668056,-0.7693816585458468,0.6386001461115252,-0.00390625,0.001953125,0.029296875,-0.004104785621166229,0.018492907285690308,0.0066680908203125
133,240000000,imu2_frame,-0.007506225025190852,0.010851306005146687,-0.7691677391857609,0.6389107095202888,-0.00390625,0.001953125,0.029296875,0.007039343938231468,-0.02826187014579773,0.0053462982177734375
133,265000000,imu2_frame,-0.009517979172367453,0.012299567811918165,-0.7686334302595004,0.639500413284955,0.001953125,-0.001953125,0.064453125,-0.004879140295088291,0.018618345260620117,0.006671905517578125
133,290000000,imu2_frame,-0.007756754588110752,0.010492122039535336,-0.7681422519377017,0.6401462558833284,0.001953125,-0.001953125,0.064453125,-0.0008043106645345688,0.00850611925125122,0.005270957946777344
133,315000000,imu2_frame,-0.007195390703459046,0.012901084501667194,-0.7675918139693331,0.6407687535285833,0.001953125,-0.001953125,0.064453125,-0.00106009840965271,-0.001461625099182129,0.0062084197998046875
133,340000000,imu2_frame,-0.007245747783455437,0.01540240355413381,-0.7674750338732024,0.6408528204550099,0.0,0.0,0.009765625,0.02955571562051773,0.03667619824409485,0.007607460021972656
133,365000000,imu2_frame,-0.0064472588645311715,0.013031044696515764,-0.7674300240265002,0.6409678486085995,0.0,0.0,0.009765625,0.011863961815834045,0.03016442060470581,0.006075859069824219
133,390000000,imu2_frame,-0.0056740407271824765,0.010644414202140236,-0.7673956807014232,0.6410603489133598,0.0,-0.001953125,0.0078125,-0.0064162202179431915,-0.015322282910346985,0.004787445068359375
133,415000000,imu2_frame,-0.00706039493813535,0.012724199488120872,-0.7673091860362371,0.641112204372301,0.0,-0.001953125,0.0078125,-0.0011256933212280273,-0.0058293938636779785,0.0060825347900390625
133,440000000,imu2_frame,-0.007494385785388194,0.010244575767394758,-0.7672803362657235,0.6411862197747267,0.0,-0.001953125,0.0078125,0.00037212297320365906,0.0014859437942504883,-0.033969879150390625
133,465000000,imu2_frame,-0.009130489208943668,0.012134092962884835,-0.767192340232853,0.641237328173284,0.0,-0.001953125,0.0078125,-0.0004565836861729622,0.011256635189056396,-0.03261089324951172
133,490000000,imu2_frame,-0.0074352577751986195,0.010261054673447,-0.7672008808577451,0.6412817135315063,0.001953125,-0.001953125,0.001953125,0.001496175304055214,-0.03807257115840912,-0.033980369567871094
133,515000000,imu2_frame,-0.007227686417800114,0.012719966795268347,-0.7671512537230276,0.6412993972435653,0.001953125,-0.001953125,0.001953125,-0.0036190077662467957,-0.0038091540336608887,0.006127357482910156
133,542000000,imu2_frame,-0.009518474161527853,0.011241478062832027,-0.7671583685054375,0.6412885976318888,0.001953125,-0.001953125,0.001953125,-0.017445730860345066,0.002735912799835205,-0.03287792205810547
133,565000000,imu2_frame,-0.007610741562784287,0.012533289941397595,-0.7671230775254558,0.6413323453436469,0.0,0.0,0.001953125,0.027371499687433243,-0.0018086433410644531,-0.03291606903076172
133,590000000,imu2_frame,-0.009717325927813908,0.011133091447275551,-0.7671293814890454,0.6413221810508928,-0.001953125,-0.001953125,0.001953125,-0.021773503627628088,0.003603309392929077,-0.03285026550292969
133,615000000,imu2_frame,-0.007737865263392485,0.012617514789873982,-0.7670896140696466,0.6413691976920731,-0.001953125,-0.001953125,0.001953125,-0.012527212500572205,0.0010452568531036377,0.0062255859375
133,640000000,imu2_frame,-0.007489302269761427,0.010137493942563473,-0.7671068314339256,0.641395549357399,-0.001953125,-0.001953125,0.001953125,-0.0008268505334854126,-0.0001875460147857666,0.0050487518310546875
133,665000000,imu2_frame,-0.0056991295939617,0.01184859368062471,-0.7670499080657334,0.6414527022984724,0.001953125,-0.001953125,0.00390625,0.047488778829574585,0.0030188560485839844,0.005322456359863281
133,690000000,imu2_frame,-0.007503802879044416,0.010155757745226686,-0.7670752626757119,0.6414328452129345,-0.001953125,0.001953125,0.0,-0.0008032601326704025,0.0002672523260116577,0.0050601959228515625
133,715000000,imu2_frame,-0.005604306501373354,0.011823908792451038,-0.7670507135403252,0.6414530300706236,-0.001953125,0.001953125,0.0,0.009538479149341583,0.0014599710702896118,-0.03377246856689453
133,740000000,imu2_frame,-0.007416391859120131,0.010065276655035645,-0.7670448883547654,0.6414716101172951,0.001953125,-0.001953125,0.00390625,-0.039677562192082405,-0.002185806632041931,-0.03406333923339844
133,765000000,imu2_frame,-0.007241366441002978,0.012525876411934788,-0.7669800274714523,0.6415078350979593,0.001953125,-0.001953125,0.00390625,-0.006181944161653519,-0.006560653448104858,0.006035804748535156
133,790000000,imu2_frame,-0.007097442919120919,0.01506024809496426,-0.7669409138718117,0.6415017146203104,-0.00390625,0.0,0.0,0.02775956690311432,0.029618263244628906,0.00736236572265625
133,815000000,imu2_frame,-0.008258947048928888,0.012865228234842652,-0.7669785407342145,0.6414906030093684,-0.00390625,0.0,0.0,0.021875988692045212,0.011284112930297852,-0.03254985809326172
133,840000000,imu2_frame,-0.00933717153933565,0.010633050061096022,-0.766996333698832,0.6414954244315333,-0.00390625,0.0,0.001953125,-0.022281252313405275,-0.008656501770019531,-0.033204078674316406
133,865000000,imu2_frame,-0.007688786631928351,0.01252200623050832,-0.7669521208466131,0.641536067769361,-0.00390625,0.0,0.001953125,-0.012927193194627762,-0.0010107159614562988,0.00616455078125
133,890000000,imu2_frame,-0.005892432399486183,0.014266071979887562,-0.7668734718735226,0.6416126842319528,-0.001953125,0.0,0.005859375,0.035904623568058014,0.0025960803031921387,0.006600379943847656
133,915000000,imu2_frame,-0.007788652659191502,0.012639731832496635,-0.76685668684219,0.6416466285381514,-0.001953125,0.0,0.005859375,0.026156295090913773,0.0019998252391815186,-0.032810211181640625
133,940000000,imu2_frame,-0.010221455417279606,0.013297707495660576,-0.7668027332812105,0.6416636666174712,-0.001953125,0.0,0.005859375,-0.0020433319732546806,0.0033026933670043945,0.003536224365234375
133,965000000,imu2_frame,-0.007860379920962805,0.012474853808897861,-0.7667185004530324,0.6418140957574852,0.0,0.0,0.01171875,0.023075219243764877,-0.03864240646362305,0.0022869110107421875
133,990000000,imu2_frame,-0.010240538225506699,0.013280825262992905,-0.7666458947765048,0.6418510910480077,0.0,-0.001953125,0.0078125,-0.0024610739201307297,0.0032857954502105713,0.0035343170166015625
134,15000000,imu2_frame,-0.008543838689685501,0.01144291671877198,-0.7666099568116275,0.6419542324766514,0.0,-0.001953125,0.0078125,-6.472598761320114e-05,-0.006472170352935791,0.0059299468994140625
134,40000000,imu2_frame,-0.010149068033060007,0.0133581170982356,-0.7665184055559355,0.6420031861833992,0.0,-0.001953125,0.0078125,-5.5565498769283295e-05,0.042355746030807495,0.007445335388183594
134,65000000,imu2_frame,-0.008526593440752165,0.011388967850051472,-0.7665001289612061,0.6420865525130246,0.00390625,-0.001953125,0.005859375,-0.0004355134442448616,-0.007499396800994873,0.005900382995605469
134,90000000,imu2_frame,-0.0068782099932271044,0.009446766510203878,-0.7664765329049016,0.6421660013858347,0.00390625,-0.001953125,0.005859375,-9.662751108407974e-05,-0.018219172954559326,-0.03444957733154297
134,115000000,imu2_frame,-0.008465392861359538,0.011314580066876937,-0.7664063714094176,0.6422005849146067,0.00390625,-0.001953125,0.005859375,-0.0004114564508199692,-0.009384125471115112,-0.03321647644042969
134,140000000,imu2_frame,-0.010035023507108469,0.01332498473937098,-0.7663605647941414,0.6421940733246547,-0.00390625,-0.001953125,0.001953125,0.0013180803507566452,0.040424466133117676,-0.03167915344238281
134,165000000,imu2_frame,-0.008541083479270777,0.01137743736526441,-0.7663731548771886,0.6422381110581838,-0.00390625,-0.001953125,0.001953125,-0.0007424326613545418,-0.00749322772026062,0.005900382995605469
134,190000000,imu2_frame,-0.010023127003422574,0.013571063679856868,-0.7663564078394893,0.6421940667111656,-0.01171875,0.001953125,-0.001953125,0.004586150869727135,0.04396030306816101,0.00750732421875
134,215000000,imu2_frame,-0.011815832781964039,0.01187782392621491,-0.7664004546977563,0.6421445681725563,-0.01171875,0.001953125,-0.001953125,-0.004483247175812721,0.002035796642303467,0.007430076599121094
134,240000000,imu2_frame,-0.009453700826238743,0.012573137362068252,-0.7664063629510028,0.6421633986656184,-0.01171875,0.001953125,-0.001953125,0.03963492065668106,-0.017192333936691284,0.0067806243896484375
134,265000000,imu2_frame,-0.01131339235574068,0.014451042731816712,-0.7663917317366644,0.6421112738794149,-0.01171875,0.001953125,-0.001953125,0.035335589200258255,-0.34854409098625183,-0.10865974426269531
134,290000000,imu2_frame,-0.012601118665597317,0.01634059006714191,-0.7769686280616028,0.6292010393607942,0.017578125,0.0625,-1.333984375,0.03303206153213978,-0.3038763403892517,-0.10692119598388672
134,315000000,imu2_frame,-0.009686598106318535,0.01590029242214895,-0.7873722035627846,0.616196692278287,0.017578125,0.0625,-1.333984375,-0.24272428080439568,0.3067060112953186,0.00872039794921875
134,340000000,imu2_frame,-0.007118046504678288,0.014661741346815018,-0.7975661260826207,0.6030113110715234,0.017578125,0.0625,-1.333984375,-0.14518243819475174,0.4491989016532898,-0.03192615509033203
134,365000000,imu2_frame,-0.005311437598531446,0.013076469822354945,-0.7973421354259487,0.6033625059961965,-0.001953125,-0.0234375,0.03125,-0.13558991253376007,0.4031688868999481,-0.033225059509277344
134,390000000,imu2_frame,-0.0026922344273227704,0.012026434165953146,-0.797575638023959,0.603093042892815,0.00390625,0.052734375,-0.029296875,-0.10722741484642029,0.35595300793647766,-0.034150123596191406
134,415000000,imu2_frame,-0.002458691602874754,0.009904900158092025,-0.797826425503514,0.6028008315826596,0.00390625,0.052734375,-0.029296875,0.0627409815788269,0.050627678632736206,-0.03508281707763672
134,440000000,imu2_frame,-0.0037656458180913045,0.008584451608705948,-0.7980710484722723,0.6024904386731115,0.00390625,0.052734375,-0.029296875,0.10485472157597542,0.0063905417919158936,0.042723655700683594
134,465000000,imu2_frame,-0.0055970517579208645,0.007052897440503732,-0.7987786589350471,0.6015576312201855,-0.00390625,0.009765625,-0.091796875,0.05804165964946151,0.00406220555305481,0.042591094970703125
134,490000000,imu2_frame,-0.007918635099955695,0.007922744307887503,-0.7994588208404373,0.6006164492595943,-0.00390625,0.009765625,-0.091796875,0.10598881728947163,-0.14650388062000275,0.0043964385986328125
134,515000000,imu2_frame,-0.007283459548144126,0.005590767517348289,-0.8001736540783065,0.5996981055952635,-0.00390625,0.009765625,-0.091796875,0.053178202360868454,0.11813798546791077,-0.0003147125244140625
134,540000000,imu2_frame,-0.006931971631552406,0.002667086495548443,-0.8006011835242671,0.5991515495752867,0.021484375,-0.03515625,-0.0546875,0.02431689202785492,0.06823626905679703,-0.0008840560913085938
134,565000000,imu2_frame,-0.008305478676377603,0.00439016470316822,-0.8009877545266582,0.5986070184822236,0.021484375,-0.03515625,-0.0546875,-0.05523202568292618,-0.31064265966415405,-0.00023746490478515625
134,590000000,imu2_frame,-0.009543766527304591,0.00608091080054121,-0.8011652099031873,0.5983362311318694,0.029296875,-0.033203125,-0.02734375,-0.05490171164274216,-0.2697106897830963,0.0005407333374023438
134,615000000,imu2_frame,-0.010858362931315018,0.007728931370004894,-0.8013381364845351,0.5980631660534046,0.029296875,-0.033203125,-0.02734375,-0.05629202723503113,-0.3457459956407547,0.0015096664428710938
134,640000000,imu2_frame,-0.008823455653966635,0.005911728171070664,-0.8015627758633975,0.5978162882111181,0.029296875,-0.033203125,-0.02734375,-0.08479118347167969,0.17620284855365753,-0.034913063049316406
134,665000000,imu2_frame,-0.010136115159332078,0.007565249180330842,-0.8017375223247909,0.5975424432379858,0.029296875,-0.033203125,-0.02734375,-0.04704848676919937,-0.2786724269390106,0.005070686340332031
134,690000000,imu2_frame,-0.011071306969766917,0.009885359956093766,-0.8017356541559241,0.597494474180048,0.00390625,0.017578125,-0.00390625,-0.034613899886608124,-0.23139983415603638,0.006249427795410156
134,715000000,imu2_frame,-0.008471533072420418,0.009260803672012794,-0.801782408367605,0.5974842594370118,0.00390625,0.017578125,-0.00390625,-0.07930014654994011,0.11126817762851715,0.005023002624511719
134,740000000,imu2_frame,-0.009741667196809448,0.0113696173213489,-0.8017844141189542,0.5974257987383185,0.00390625,0.017578125,-0.00390625,0.0035343188792467117,-0.07132688164710999,-0.036643028259277344
134,765000000,imu2_frame,-0.011279021499903365,0.013063526807299459,-0.8026715375481877,0.5961715615084203,0.017578125,-0.005859375,-0.123046875,-0.0012944526970386505,-0.026875704526901245,-0.035202980041503906
134,790000000,imu2_frame,-0.01246154859249491,0.01496003875104758,-0.8034510028015281,0.5950524289039271,0.021484375,0.0078125,-0.109375,0.001735534518957138,0.01661619544029236,-0.0336151123046875
134,815000000,imu2_frame,-0.010604995333936353,0.012899798879386495,-0.8043044968053731,0.5939826644620989,0.021484375,0.0078125,-0.109375,-0.03257999010384083,0.42359647154808044,0.0034885406494140625
134,840000000,imu2_frame,-0.011953564629978701,0.014671098456305895,-0.8050844826138058,0.5928582014421181,0.021484375,0.0078125,-0.109375,0.005341760814189911,-0.10715577006340027,0.0050373077392578125
134,865000000,imu2_frame,-0.013522863089406034,0.016432071482782758,-0.8064905888581343,0.5908638161910998,0.01171875,-0.00390625,-0.1953125,4.062242805957794e-05,-0.06133261322975159,0.006890296936035156
134,890000000,imu2_frame,-0.011848642082287615,0.014391953190500205,-0.807971337695299,0.5889268195854533,0.01171875,-0.00390625,-0.1953125,-0.037079108878970146,0.34416860342025757,-0.030325889587402344
134,915000000,imu2_frame,-0.010232860768379537,0.012609911269718188,-0.8091673493786034,0.5873537940610157,-0.0078125,0.001953125,-0.158203125,-0.03270174376666546,0.29740336537361145,-0.03196430206298828
134,940000000,imu2_frame,-0.008745971469964794,0.011193555937187984,-0.809192249231914,0.5873722125462895,-0.037109375,0.0078125,0.0,-0.025445260107517242,0.257938414812088,-0.03317451477050781
134,965000000,imu2_frame,-0.007142342553480502,0.009887568223219897,-0.8092117686600561,0.5873904462957698,-0.037109375,0.0078125,0.0,-0.015073859773110598,0.10559411346912384,0.004851341247558594
134,990000000,imu2_frame,-0.005202389147231538,0.007842797566679565,-0.8096637649808128,0.5868185523231043,0.025390625,0.001953125,-0.05859375,-0.00799940014258027,0.05098727345466614,0.0036745071411132812
135,15000000,imu2_frame,-0.0030294490147318672,0.006054745978819349,-0.8101065051999471,0.5862436462107943,0.025390625,0.001953125,-0.05859375,-0.03327593393623829,0.11106301844120026,-0.03622245788574219
135,40000000,imu2_frame,-0.004979847254017205,0.0070862192089001805,-0.8105294986086905,0.5856337750709012,0.025390625,0.001953125,-0.05859375,0.06472087278962135,-0.15494126081466675,-0.0004968643188476562
135,65000000,imu2_frame,-0.00241629772801228,0.006019655994056174,-0.8109643116973215,0.5850596639662423,0.025390625,0.001953125,-0.05859375,-0.02414844185113907,0.029307298362255096,-0.036296844482421875
135,90000000,imu2_frame,9.024538673825664e-05,0.0054996251011234735,-0.8112046172299534,0.5847365346584068,-0.001953125,0.009765625,-0.033203125,0.009603872895240784,-0.007575333118438721,-0.03652763366699219
135,115000000,imu2_frame,-0.0014131718766792812,0.007527095354873111,-0.8114411771622367,0.5843839164336482,-0.001953125,0.009765625,-0.033203125,0.008879996836185455,-0.11056101322174072,0.038247108459472656
135,140000000,imu2_frame,-0.00351135546725707,0.008843803203963685,-0.8116797234750797,0.5840252426283392,-0.001953125,0.009765625,-0.033203125,0.06868738308548927,-0.14381694793701172,0.03886985778808594
135,165000000,imu2_frame,-0.005782452974655908,0.008079624343378475,-0.8119332458967801,0.5836657323465072,-0.001953125,0.009765625,-0.033203125,0.06290724736754782,-0.016733884811401367,0.0038728713989257812
135,190000000,imu2_frame,-0.008534816212333915,0.007189900204027849,-0.8116354697859148,0.5840576396492687,-0.01953125,-0.02734375,0.041015625,0.009178422391414642,0.0005705803632736206,0.004378318786621094
135,215000000,imu2_frame,-0.00876691131121295,0.009686697062135373,-0.8113022089151957,0.5844809962483057,-0.01953125,-0.02734375,0.041015625,-0.004923950880765915,0.007685631513595581,-0.037688255310058594
135,240000000,imu2_frame,-0.010498917167375919,0.011817945865707901,-0.8109644866467276,0.5848817917251633,-0.01953125,-0.02734375,0.041015625,-0.00787990540266037,-0.016848444938659668,0.00682830810546875
135,265000000,imu2_frame,-0.010580849102261532,0.013941466441678136,-0.8107443866490562,0.5851386337123677,0.0390625,0.0078125,0.025390625,0.015214537270367146,0.017743557691574097,0.007931709289550781
135,290000000,imu2_frame,-0.009658707095933411,0.016043234741325425,-0.8105219230245735,0.5854088624993793,0.0390625,0.0078125,0.025390625,0.014932243153452873,0.0014233589172363281,0.008798599243164062
135,315000000,imu2_frame,-0.012150489906685708,0.014368101226672826,-0.8107129162458401,0.5851414279422822,-0.03125,-0.041015625,-0.0234375,-0.04383521340787411,0.0033875107765197754,0.0088653564453125
135,340000000,imu2_frame,-0.010006126048157737,0.016253435453913046,-0.8119985847976567,0.5833472392701076,-0.0390625,0.03125,-0.1796875,0.010889479890465736,0.008795320987701416,0.009064674377441406
135,365000000,imu2_frame,-0.011991212328225911,0.01837668631489833,-0.8132728777282021,0.5814686015415381,-0.0390625,0.03125,-0.1796875,0.08074411563575268,-0.2395387887954712,0.011355400085449219
135,390000000,imu2_frame,-0.01433136692123358,0.020274916664916046,-0.8151559987996485,0.5787091128514802,-0.04296875,0.005859375,-0.265625,0.0634965185308829,-0.18279069662094116,0.013993263244628906
135,415000000,imu2_frame,-0.012250666204051412,0.020008620273617873,-0.8170788727283954,0.5760483417502368,-0.04296875,0.005859375,-0.265625,-0.09926936402916908,0.13329434394836426,0.01270294189453125
135,440000000,imu2_frame,-0.011188319438099267,0.018366656463211985,-0.819022502445717,0.5733582021093521,-0.04296875,0.005859375,-0.265625,0.011099632829427719,0.4389669895172119,0.010984420776367188
135,465000000,imu2_frame,-0.012524578782503897,0.01653278723357306,-0.8209608588638924,0.5706076323412356,-0.04296875,0.005859375,-0.265625,0.1201338917016983,0.08078658580780029,0.04941558837890625
135,490000000,imu2_frame,-0.01332089578519982,0.013951578485551617,-0.8215102705212747,0.5698673377386211,0.01953125,-0.00390625,-0.0703125,0.07821987196803093,0.04820382595062256,0.048279762268066406
135,515000000,imu2_frame,-0.014380015639795,0.012043980156637688,-0.8222551725084204,0.5688098003509903,-0.03125,0.013671875,-0.099609375,0.03950469195842743,0.029247134923934937,0.04788398742675781
135,543000000,imu2_frame,-0.011952630361693467,0.011309647829899308,-0.8230765326076548,0.5676920361991707,-0.03125,0.013671875,-0.099609375,-0.12149056792259216,0.22084447741508484,0.007236480712890625
135,565000000,imu2_frame,-0.010046803465945683,0.010720186694766924,-0.8237163893010458,0.566811652433323,-0.03125,0.013671875,-0.099609375,-0.058616843074560165,0.11204835772514343,0.0022573471069335938
135,590000000,imu2_frame,-0.007761299980286568,0.009453325191143686,-0.82444212080279,0.5658140916517055,0.009765625,0.001953125,-0.099609375,-0.036147911101579666,0.06631051003932953,0.0009613037109375
135,615000000,imu2_frame,-0.006293466693410972,0.007279255306362747,-0.8251713088440409,0.5648005982466522,0.009765625,0.001953125,-0.099609375,0.002290191128849983,0.20642530918121338,-0.039215087890625
135,640000000,imu2_frame,-0.004888395569126518,0.005060943674656182,-0.8258938747654052,0.5637816936216243,0.009765625,0.001953125,-0.099609375,0.0002931002527475357,0.002762511372566223,-0.0009946823120117188
135,665000000,imu2_frame,-0.003388934281322053,0.002686696333075814,-0.8261849529108977,0.5633823926702615,0.025390625,0.013671875,-0.0390625,-0.0017050225287675858,-0.05210277438163757,-0.0015974044799804688
135,690000000,imu2_frame,-0.004442848919657478,0.004610210277077678,-0.8264489831016986,0.5629752084993144,0.025390625,0.013671875,-0.0390625,0.0023978445678949356,-0.0485067218542099,-0.03631782531738281
135,715000000,imu2_frame,-0.006033441933123326,0.006575325433182666,-0.8272143151195861,0.5618156633052529,-0.001953125,-0.005859375,-0.111328125,-0.0019118133932352066,0.0007045865058898926,-0.03556251525878906
135,740000000,imu2_frame,-0.003953647235171583,0.007535035646920029,-0.8268605075371127,0.5623426828783387,0.021484375,-0.01953125,0.048828125,0.04236222803592682,-0.006628632545471191,-0.03570365905761719
135,765000000,imu2_frame,-0.006014920285090817,0.0056943084602510225,-0.8265295316695447,0.5628324163223424,0.021484375,-0.01953125,0.048828125,0.7935936115682125,0.02536126971244812,-0.039684295654296875
135,790000000,imu2_frame,-0.007936530698052186,0.004051508103148006,-0.8275106645138043,0.5613792807705775,0.015625,0.0,-0.138671875,0.744206503033638,0.019813060760498047,-0.039473533630371094
135,815000000,imu2_frame,-0.005575710859676365,0.0027990018997408163,-0.8284984978982874,0.5599565304709427,0.015625,0.0,-0.138671875,-0.18856710195541382,0.3172960430383682,-0.040264129638671875
135,840000000,imu2_frame,-0.0061082559683684114,0.005048142480404655,-0.8294510922788133,0.5585231337948375,0.015625,0.0,-0.138671875,-0.020484864711761475,-0.06240278482437134,0.04223346710205078
135,865000000,imu2_frame,-0.006118504396884582,0.0073745317648110705,-0.830397483609799,0.5570890408181701,0.015625,0.0,-0.138671875,-0.03463500365614891,-0.059763580560684204,0.0037384033203125
135,890000000,imu2_frame,-0.006291859248302608,0.009365664983497913,-0.8302779050587015,0.557235405549531,0.033203125,-0.0234375,0.013671875,-0.015724916709586978,-0.025559797883033752,0.004431724548339844
135,915000000,imu2_frame,-0.006436659033709157,0.012035168617476211,-0.830000509346946,0.5575956228492498,-0.013671875,0.00390625,0.03515625,0.011121900752186775,0.019322365522384644,0.005584716796875
135,940000000,imu2_frame,-0.007922207512011278,0.010157231180508352,-0.8297810774459441,0.5579403487789091,-0.013671875,0.00390625,0.03515625,0.00571666844189167,0.005055934190750122,0.0012807846069335938
135,965000000,imu2_frame,-0.008741171809002517,0.008017476182352363,-0.8290285441544701,0.5590804816555398,-0.02734375,-0.001953125,0.111328125,-0.0305960513651371,-0.020641997456550598,0.0007877349853515625
135,990000000,imu2_frame,-0.007727073816132338,0.010419914525990429,-0.8283875031462925,0.5600052342099691,-0.001953125,0.0078125,0.087890625,0.012377633713185787,0.007216423749923706,0.0013265609741210938
136,15000000,imu2_frame,-0.008555608935737721,0.008157855969016421,-0.8279927006094732,0.5606142512273112,0.01171875,0.015625,0.060546875,-0.02563704177737236,-0.02030368149280548,0.0007696151733398438
136,40000000,imu2_frame,-0.009572488215960415,0.010307322777679217,-0.8275406417859622,0.5612295544240253,0.01171875,0.015625,0.060546875,-0.018331795930862427,-0.36106622219085693,0.04487419128417969
136,65000000,imu2_frame,-0.010763682806061775,0.012340915044923368,-0.82741164897984,0.5613571127907495,0.01171875,0.001953125,0.013671875,-0.015233337879180908,-0.3151070475578308,0.04624748229980469
136,90000000,imu2_frame,-0.009434219781582955,0.014417350623196882,-0.8272822016822987,0.5615223007840463,0.01171875,0.001953125,0.013671875,0.029123802203685045,0.0124758780002594,-0.03131675720214844
136,115000000,imu2_frame,-0.011033428852696092,0.012496385112860425,-0.8273528018379951,0.5614351655335484,-0.017578125,-0.005859375,-0.005859375,-0.01785840466618538,-0.001036226749420166,-0.03168678283691406
136,140000000,imu2_frame,-0.009216497579898147,0.014050926465154294,-0.8277512800268654,0.5608435129799726,0.001953125,-0.0078125,-0.060546875,0.028351730667054653,0.004167377948760986,-0.03159904479980469
136,165000000,imu2_frame,-0.008417067552751682,0.011629466159158717,-0.8282113816957188,0.5602319302934574,0.001953125,-0.0078125,-0.060546875,0.01452568732202053,0.06950891017913818,0.0020656585693359375
136,190000000,imu2_frame,-0.00739339919358078,0.009098057528773905,-0.8286269079738414,0.5596784884014022,0.017578125,-0.00390625,-0.0546875,0.00321824848651886,0.01731124520301819,0.0007238388061523438
136,215000000,imu2_frame,-0.006225653407187234,0.007328351632347325,-0.8288989083669226,0.5593157750413716,-0.02734375,0.03515625,-0.03515625,0.0026867352426052094,-0.024133697152137756,-0.00015544891357421875
136,240000000,imu2_frame,-0.004700665101007232,0.005752461321311919,-0.8291643985255639,0.5589554661635352,-0.02734375,0.03515625,-0.03515625,0.010101363062858582,0.0899067372083664,-0.036040306091308594
136,265000000,imu2_frame,-0.005983595290028654,0.008314208870843125,-0.8293905937588449,0.5585752532135736,-0.02734375,0.03515625,-0.03515625,0.017209254670888186,-0.3155009597539902,0.003994941711425781
136,290000000,imu2_frame,-0.007502818055795234,0.010361242922297821,-0.8296257248781853,0.5581733682169654,-0.00390625,0.001953125,-0.037109375,0.01481406670063734,-0.2657376080751419,0.0051422119140625
136,315000000,imu2_frame,-0.008588410205015306,0.01172715320865851,-0.8306269123821444,0.5566396011013555,0.060546875,0.001953125,-0.146484375,0.011592583730816841,-0.23177027702331543,0.006073951721191406
136,340000000,imu2_frame,-0.010083144447715396,0.012708017593757994,-0.8316278577360812,0.5550963364355594,0.060546875,0.001953125,-0.146484375,-0.002584638074040413,-0.008230090141296387,0.00708770751953125
136,365000000,imu2_frame,-0.010616194076235255,0.015064037936106896,-0.8318319777129248,0.5547214905144738,0.009765625,0.0078125,-0.03515625,0.014161502942442894,0.03583541512489319,0.008582115173339844
136,390000000,imu2_frame,-0.010428719053608058,0.012244942427464977,-0.8321142702897647,0.5543709447508781,0.009765625,-0.0390625,-0.03515625,-0.013499699532985687,-0.012039422988891602,0.006999969482421875
136,415000000,imu2_frame,-0.009686554666382347,0.015214609327580623,-0.8324778226005982,0.5537647164634734,-0.033203125,0.03125,-0.05859375,0.03050325531512499,0.02821439504623413,0.008302688598632812
136,440000000,imu2_frame,-0.00748950042760792,0.014434095375961182,-0.8329017521241718,0.5531819190668718,-0.033203125,0.03125,-0.05859375,-0.02054521068930626,0.06989085674285889,0.0071125030517578125
136,465000000,imu2_frame,-0.005643915931851165,0.013103683388615221,-0.8337288402539206,0.5519897287300349,-0.021484375,0.009765625,-0.1171875,-0.0052800364792346954,0.028354287147521973,0.0059223175048828125
136,490000000,imu2_frame,-0.007941432532505089,0.014514165034395073,-0.8345203952076832,0.5507285925436398,-0.021484375,0.009765625,-0.1171875,0.05014045163989067,-0.08009061217308044,0.0033884048461914062
136,515000000,imu2_frame,-0.010249836546414126,0.015205418028112195,-0.834438931190226,0.550795248915126,0.021484375,-0.017578125,0.009765625,0.019962188554927707,-0.04397502541542053,0.0046100616455078125
136,540000000,imu2_frame,-0.012061365633696124,0.016704195844597387,-0.8341602454585528,0.5511371682229048,0.001953125,0.02734375,0.037109375,0.0067284125834703445,-3.516674041748047e-05,0.006335258483886719
136,565000000,imu2_frame,-0.010499283666472448,0.014717987737046578,-0.8339518912208684,0.5515409223336017,0.001953125,0.02734375,0.037109375,0.010960058309137821,0.06796091794967651,0.004426002502441406
136,590000000,imu2_frame,-0.009007871564991388,0.012244498286640516,-0.8344839116767471,0.5508225954554262,0.033203125,0.0234375,-0.0703125,0.00833970122039318,0.011561423540115356,0.0025539398193359375
136,615000000,imu2_frame,-0.006067268182232459,0.012384566116755003,-0.834968710631956,0.5501245886565277,0.033203125,0.0234375,-0.0703125,-0.05569338798522949,0.021281659603118896,0.0017547607421875
136,640000000,imu2_frame,-0.008060954020525542,0.012677888184140191,-0.8354547414695134,0.5493538633044991,0.033203125,0.0234375,-0.0703125,0.0279349940828979,-0.03061819076538086,0.00635528564453125
136,665000000,imu2_frame,-0.007444706332365571,0.00998822156964589,-0.8359791790280937,0.5486197444578667,0.033203125,0.0234375,-0.0703125,0.008896668441593647,-0.003039240837097168,0.04403877258300781
136,690000000,imu2_frame,-0.009582595268160923,0.009111932217829632,-0.8368181256946713,0.5473212686055985,0.0078125,0.015625,-0.12109375,-0.03582427278161049,0.005474001169204712,0.04442405700683594
136,715000000,imu2_frame,-0.0074204921988329925,0.010126952749194049,-0.8377826205935189,0.5458595623005962,-0.009765625,-0.005859375,-0.142578125,0.009972133673727512,-0.00107535719871521,0.04408740997314453
136,740000000,imu2_frame,-0.005523053974831944,0.008733091966522596,-0.8387696004313759,0.5443884517251311,-0.009765625,-0.005859375,-0.142578125,-0.01324758492410183,0.030081212520599365,0.0001239776611328125
136,765000000,imu2_frame,-0.0037884595984749533,0.007421302591564467,-0.8387114490419815,0.5445123296010982,-0.01953125,-0.021484375,0.009765625,0.0012552756816148758,-0.009883850812911987,-0.0006055831909179688
136,790000000,imu2_frame,-0.005219562562091815,0.009771931486561178,-0.8384406599243381,0.5448802852988195,-0.021484375,0.03125,0.037109375,0.002910381183028221,0.04387125372886658,0.00043582916259765625
136,815000000,imu2_frame,-0.003936881515937901,0.00786004590670365,-0.8382608901654833,0.5451984965691354,-0.015625,0.015625,0.029296875,0.003631914034485817,-0.001127585768699646,-0.0004520416259765625
136,840000000,imu2_frame,-0.006283693008953918,0.007456725769272211,-0.8380663098743465,0.5454812303797144,-0.015625,0.015625,0.029296875,-0.03905515931546688,0.017280250787734985,-0.0001049041748046875
136,865000000,imu2_frame,-0.003916416513990404,0.007265534930609947,-0.8377839105779278,0.5459395505553851,0.03515625,-0.033203125,0.041015625,-0.002226743847131729,-0.011098161339759827,-0.0006313323974609375
136,890000000,imu2_frame,-0.006279102076855493,0.007750178828882555,-0.8374957303644626,0.5463528248545296,0.03515625,-0.033203125,0.041015625,0.042476097121834755,-0.09122216701507568,0.0038881301879882812
136,915000000,imu2_frame,-0.008701670944525427,0.008932159990532595,-0.8380214710914878,0.5454947400574413,-0.00390625,-0.025390625,-0.080078125,0.015200935304164886,-0.04605431854724884,0.004982948303222656
136,940000000,imu2_frame,-0.01102856973288122,0.010708678488785137,-0.8391457534159609,0.5436893408727363,-0.03125,-0.013671875,-0.169921875,-0.004593297839164734,0.0077041685581207275,0.006562232971191406
136,965000000,imu2_frame,-0.008988345930542168,0.010288456988082841,-0.8403086584100484,0.5419360810015715,-0.03125,-0.013671875,-0.169921875,-0.01521308720111847,0.018117249011993408,0.04465484619140625
136,990000000,imu2_frame,-0.006541892197363231,0.008807661368549288,-0.8417507029782412,0.5397549284474685,0.048828125,-0.021484375,-0.2109375,0.008725056424736977,-0.03215247392654419,0.043358802795410156
137,15000000,imu2_frame,-0.008735604942112953,0.010724527208125167,-0.8427757778274424,0.5380870394553344,-0.03125,-0.009765625,-0.15625,-0.007670354098081589,0.022462397813796997,0.044745445251464844
137,40000000,imu2_frame,-0.009681639983435571,0.01339398932386788,-0.8437821687688373,0.5364312803752037,-0.03125,-0.009765625,-0.15625,-0.10908283106982708,-0.3103794455528259,0.003376007080078125
137,65000000,imu2_frame,-0.009278949788917662,0.011250905122984638,-0.84486005001328,0.5347885695452798,-0.03125,-0.009765625,-0.15625,0.06593663990497589,0.26327162981033325,0.006100654602050781
137,90000000,imu2_frame,-0.008434632173735825,0.00821417034155261,-0.8461729288954216,0.5327783392652495,0.046875,-0.021484375,-0.19140625,0.04759618639945984,0.20417426526546478,0.004652976989746094
137,115000000,imu2_frame,-0.007697892541642687,0.006630454155148481,-0.8470815722520889,0.5313657774819927,-0.056640625,0.029296875,-0.1328125,0.04296896979212761,0.17021173238754272,0.0039615631103515625
137,140000000,imu2_frame,-0.006980635874013842,0.005037523929593251,-0.8479848294968412,0.5299505854498764,-0.056640625,0.029296875,-0.1328125,-0.0010250508785247803,-0.01606188714504242,-0.03957653045654297
137,165000000,imu2_frame,-0.008370022908040535,0.007057271339687568,-0.8481794953108531,0.5295957716711716,0.00390625,-0.017578125,-0.033203125,-0.003213241696357727,0.03177820146083832,-0.038681983947753906
137,190000000,imu2_frame,-0.006931416128687798,0.005278316678456328,-0.8486025115848203,0.5289592348900128,-0.017578125,0.00390625,-0.060546875,0.002099212259054184,-0.012651056051254272,-0.03954124450683594
137,215000000,imu2_frame,-0.008418827715937154,0.006879396731903583,-0.8489304738257525,0.5283927023062278,0.025390625,0.001953125,-0.052734375,-0.006149135529994965,0.02923738956451416,-0.03871440887451172
137,240000000,imu2_frame,-0.008408492814459384,0.009111048598492795,-0.8492525975821942,0.5278411802255683,0.025390625,0.001953125,-0.052734375,-0.022141527384519577,-0.04715150594711304,-0.038021087646484375
137,265000000,imu2_frame,-0.00915206613675856,0.012072733865173714,-0.8496617878733973,0.5271103632165005,-0.05078125,-0.0078125,-0.068359375,-0.004172785207629204,0.009651720523834229,-0.03653907775878906
137,290000000,imu2_frame,-0.008737315823402335,0.010195825114459637,-0.850138531488663,0.5263878624557532,-0.05078125,-0.0078125,-0.068359375,0.022213872522115707,0.12652131915092468,0.005467414855957031
137,315000000,imu2_frame,-0.007466467083880673,0.007940076726734479,-0.8508530499015245,0.5252906762204451,0.009765625,0.02734375,-0.103515625,0.019847728312015533,0.07591025531291962,0.004265785217285156
137,340000000,imu2_frame,-0.00647393450618932,0.0054163876497255094,-0.8518790647893264,0.5236705165373547,0.01953125,0.013671875,-0.15234375,0.010140839964151382,0.023649141192436218,0.0033369064331054688
137,365000000,imu2_frame,-0.00543789844192737,0.007667322838984055,-0.8528575724258807,0.52205900296504,0.01953125,0.013671875,-0.15234375,-0.0670991288498044,-0.06277976930141449,-0.07836055755615234
137,390000000,imu2_frame,-0.004581827754585873,0.01010397885965269,-0.8540810080970734,0.5200216803879598,0.0078125,0.017578125,-0.19140625,-0.028474053367972374,-0.03083530068397522,-0.0776815414428711
137,415000000,imu2_frame,-0.004489065817107512,0.012446275858704612,-0.8547967856933185,0.5187941727445573,-0.005859375,-0.02734375,-0.115234375,-0.0034775473177433014,0.007392525672912598,-0.07666587829589844
137,440000000,imu2_frame,-0.0073144525314920335,0.01196387093806663,-0.8555483557486292,0.5175329704976861,-0.005859375,-0.02734375,-0.115234375,0.022144062677398324,-0.011082828044891357,0.0018815994262695312
137,465000000,imu2_frame,-0.010153297376381558,0.011634315379451036,-0.8562887143230836,0.5162665890612707,-0.005859375,-0.02734375,-0.115234375,-0.029100295156240463,0.012041449546813965,0.0026979446411132812
137,490000000,imu2_frame,-0.007584102148556245,0.01154204738874413,-0.8574106453422681,0.5144475170417597,0.03515625,-0.009765625,-0.173828125,0.012395059689879417,-0.01544654369354248,0.0017652511596679688
137,515000000,imu2_frame,-0.010157171224213613,0.012554273447175633,-0.8581055721665336,0.5132192992354064,-0.01953125,-0.0078125,-0.111328125,-0.02098986506462097,0.027319610118865967,0.0031347274780273438
137,544000000,imu2_frame,-0.008698629814862188,0.010386301564024576,-0.8589666309217856,0.5118523083293092,-0.01953125,-0.0078125,-0.111328125,-0.01869799941778183,0.16767188906669617,0.044592857360839844
137,565000000,imu2_frame,-0.007662404344904823,0.008640752854085656,-0.8594279886479559,0.5111263613611595,-0.005859375,-0.021484375,-0.08203125,-0.018955763429403305,0.12796492874622345,0.043613433837890625
137,590000000,imu2_frame,-0.006109760636322308,0.005943516226485794,-0.8603862432296692,0.5095712490917915,0.05078125,-0.03125,-0.146484375,-0.020115725696086884,0.06706605851650238,0.042426109313964844
137,615000000,imu2_frame,-0.004248211120167225,0.004566030154706229,-0.8612836298868473,0.5080862259103677,-0.021484375,0.015625,-0.138671875,-0.0027357060462236404,0.025313787162303925,0.04176616668701172
137,640000000,imu2_frame,-0.0020403530423277194,0.003665986362012587,-0.8621706097274043,0.506600668402374,-0.021484375,0.015625,-0.138671875,-0.05277072940953076,0.10151886940002441,0.03744316101074219
137,665000000,imu2_frame,0.0002629378087164076,0.0023866917948151684,-0.8631983835704211,0.5048591735993293,0.00390625,0.015625,-0.162109375,-0.026697717607021332,0.05720726028084755,0.037212371826171875
137,690000000,imu2_frame,-0.0018511442305823658,0.0034283167618920094,-0.8642186891425429,0.5031012594358739,0.00390625,0.015625,-0.162109375,-0.013181666610762477,0.021431632339954376,0.04130268096923828
137,715000000,imu2_frame,0.0005913512970421331,0.0028557102633425977,-0.8654578772517412,0.500973210786211,-0.033203125,0.04296875,-0.197265625,0.022343873977661133,-0.012167617678642273,0.04117298126220703
137,740000000,imu2_frame,-0.0021218974537189792,0.0029853786597489186,-0.8661430440509119,0.49978276511667913,-0.0234375,-0.005859375,-0.109375,-0.02238491363823414,0.01658637821674347,0.041268348693847656
137,765000000,imu2_frame,-0.003751474642085159,0.005263670228942976,-0.8668130720750992,0.49859133395342875,-0.0234375,-0.005859375,-0.109375,0.01117347739636898,-0.15940801799297333,-0.0011453628540039062
137,790000000,imu2_frame,-0.005098191747089965,0.007283731300941557,-0.8675382995011098,0.4972909154589178,0.005859375,0.001953125,-0.119140625,0.007785249501466751,-0.11208184063434601,-0.0004177093505859375
137,815000000,imu2_frame,-0.006356066035270297,0.009577838847992622,-0.8687034219348617,0.49519918229558796,-0.009765625,0.01953125,-0.19140625,0.008218120783567429,-0.060993000864982605,0.0006198883056640625
137,840000000,imu2_frame,-0.006966213214975782,0.012181187816739476,-0.8698549469222047,0.4931079616592956,-0.009765625,0.01953125,-0.19140625,-0.016660115215927362,-0.0890159010887146,0.0057926177978515625
137,865000000,imu2_frame,-0.00919716431948839,0.011550499591009069,-0.8710417035815633,0.4909871166837339,-0.009765625,0.01953125,-0.19140625,0.016760285943746567,-0.00022405385971069336,0.006205558776855469
137,890000000,imu2_frame,-0.01137671217542431,0.010412696518684225,-0.8711951884013391,0.4906944975008814,-0.005859375,0.00390625,-0.0234375,-0.031363166868686676,0.0012874007225036621,0.006592750549316406
137,915000000,imu2_frame,-0.009125945317859843,0.011429199107612418,-0.8716065444493367,0.48998787964897694,0.0078125,-0.001953125,-0.068359375,0.01648470014333725,-0.003024846315383911,0.0061244964599609375
137,940000000,imu2_frame,-0.006911814497699528,0.0101255867621635,-0.8720454491948259,0.48927132948055074,0.0078125,-0.001953125,-0.068359375,0.0024583600461483,-0.007389143109321594,0.0009756088256835938
137,965000000,imu2_frame,-0.008973990944597767,0.011657175786458937,-0.8725913482418326,0.488229368957574,0.001953125,-0.01953125,-0.09375,-0.01837874948978424,0.038382112979888916,0.0022678375244140625
137,990000000,imu2_frame,-0.006653466472639533,0.009972560069842743,-0.8734278402859746,0.48680600575889454,0.02734375,0.01171875,-0.1328125,0.004738278687000275,-0.01251964271068573,0.00084686279296875
138,15000000,imu2_frame,-0.009416748953116725,0.011780289448709045,-0.8738905923945055,0.4858886520017103,-0.046875,-0.05078125,-0.08203125,-0.02553396299481392,0.04457581043243408,0.002483367919921875
138,40000000,imu2_frame,-0.007872914382872428,0.012695140624598198,-0.8743694021834096,0.485030925971807,-0.046875,-0.05078125,-0.08203125,0.009240394458174706,0.006464898586273193,0.002399444580078125
138,65000000,imu2_frame,-0.008974011430978679,0.010711514577437933,-0.8745517488587885,0.4847308213249169,-0.01953125,0.009765625,-0.025390625,-0.028480447828769684,-0.017013132572174072,0.00185394287109375
138,90000000,imu2_frame,-0.00652968253162668,0.011451171681058397,-0.8747012774248061,0.4844831361199061,-0.01953125,0.009765625,-0.025390625,-0.018823348684236407,0.011535406112670898,0.005340576171875
138,115000000,imu2_frame,-0.004011152870109831,0.011394601376444836,-0.8747002903497937,0.4845136486974449,-0.00390625,0.00390625,0.0,0.02370942384004593,-0.013280794024467468,0.004796028137207031
138,140000000,imu2_frame,-0.006427957255439704,0.011976233121688955,-0.875088827716741,0.48377142827070424,-0.037109375,0.029296875,-0.064453125,-0.01232688082382083,0.019550710916519165,0.005555152893066406
138,165000000,imu2_frame,-0.004680674455648648,0.010683655862072726,-0.8754982034295142,0.4830805797957042,-0.037109375,0.029296875,-0.064453125,0.005156461149454117,0.016096264123916626,0.004603385925292969
138,190000000,imu2_frame,-0.003767233785459493,0.00785157566206207,-0.8756704728621465,0.4828305952056198,0.04296875,0.015625,-0.0234375,-0.006005344912409782,-0.040988072752952576,0.0034265518188476562
138,215000000,imu2_frame,-0.004572702983008705,0.010765983402133783,-0.8758209111714674,0.48249447203423423,-0.037109375,0.02734375,-0.029296875,0.007629444822669029,0.016500964760780334,0.0046176910400390625
138,240000000,imu2_frame,-0.006541812524966316,0.012783403761213362,-0.8759761977936166,0.4821405294892817,-0.037109375,0.02734375,-0.029296875,0.03189994301646948,-0.043677449226379395,0.005974769592285156
138,265000000,imu2_frame,-0.005195874236182323,0.011200411014429786,-0.8761774664649942,0.4818304690895062,-0.037109375,0.02734375,-0.029296875,0.0008765552192926407,0.18607643246650696,0.0010175704956054688
138,290000000,imu2_frame,-0.003753471483170509,0.009112288720028248,-0.8761670685844657,0.48190678100044626,0.001953125,0.021484375,0.005859375,0.005927810445427895,0.13673220574855804,-6.389617919921875e-05
138,315000000,imu2_frame,-0.002542413703973369,0.0070361969290782585,-0.8762791449051017,0.4817456676190422,-0.0078125,0.013671875,-0.015625,0.007084762677550316,0.0897752046585083,-0.0008687973022460938
138,340000000,imu2_frame,-0.0014118959199633067,0.004923088089651313,-0.8763861125003217,0.48158192612487666,-0.0078125,0.013671875,-0.015625,0.006531797349452972,0.04294022172689438,-0.0014495849609375
138,365000000,imu2_frame,-0.000735414829695526,0.0013297608226139248,-0.8768178125505224,0.4808203557414141,0.080078125,-0.060546875,-0.0703125,-0.01573150856711436,-0.024984411895275116,-0.0019178390502929688
138,390000000,imu2_frame,-0.0009754921808478368,0.004836587120604675,-0.8777330054354691,0.47912464663096666,-0.0859375,0.01171875,-0.154296875,0.012935474514961243,0.03743070363998413,-0.0014867782592773438
138,415000000,imu2_frame,-0.0005797325413927906,0.001470716313046438,-0.8785948675565415,0.47756524120481225,0.0625,-0.03515625,-0.142578125,-0.011852146359160542,-0.024017542600631714,-0.0019140243530273438
138,440000000,imu2_frame,-0.00102303805011108,0.0030390496075476496,-0.8794405360175612,0.47599796341977724,0.0625,-0.03515625,-0.142578125,-0.07915379293262959,-0.2233945168554783,-0.0017614364624023438
138,465000000,imu2_frame,-0.0017826703026772007,0.005309183273280527,-0.8805547554166503,0.47391133914761513,0.0,-0.033203125,-0.189453125,-0.07134542800486088,-0.17725880444049835,-0.0013494491577148438
138,490000000,imu2_frame,-0.0020681611038571566,0.0026067553668749684,-0.8816843348987129,0.47182799951923154,0.0,-0.033203125,-0.189453125,0.08996076975017786,0.20071911066770554,-0.040808677673339844
138,515000000,imu2_frame,-0.0015566030384318382,-7.067328946812358e-05,-0.8826449046968002,0.47003781146312423,0.025390625,0.017578125,-0.162109375,0.07405677437782288,0.14980132970958948,-0.04097747802734375
138,540000000,imu2_frame,-0.001125100598524028,-0.0024689512182289918,-0.8834466166013841,0.46852397382000877,0.005859375,0.029296875,-0.13671875,0.059521857649087906,0.10438677296042442,-0.04088115692138672
138,565000000,imu2_frame,-0.0014643399044286796,3.9887947038311195e-05,-0.8842459068444589,0.46701930404043945,0.005859375,0.029296875,-0.13671875,-0.040571240708231926,-0.23203649651259184,-0.03707695007324219
138,590000000,imu2_frame,-0.001803149864259799,0.0026452641926526916,-0.8847079080690889,0.4661348180815659,0.0,0.0390625,-0.080078125,-0.02270519733428955,-0.18391820415854454,-0.03691864013671875
138,615000000,imu2_frame,-0.0028455097282807248,0.005011736312844465,-0.8850946916857371,0.46537530265716365,-0.0078125,-0.009765625,-0.068359375,-0.019264822360128164,-0.1335003450512886,-0.036469459533691406
138,640000000,imu2_frame,-0.005473598132066198,0.004656338786326558,-0.8854898072066252,0.46460322810519633,-0.0078125,-0.009765625,-0.068359375,0.010045882314443588,-0.0025074034929275513,0.0029535293579101562
138,665000000,imu2_frame,-0.006218347165399603,0.007115276695378562,-0.885864631961378,0.46384755991167104,-0.0078125,-0.009765625,-0.068359375,-0.0587892159819603,-0.22275355458259583,0.038845062255859375
138,690000000,imu2_frame,-0.006559312606707561,0.009497264140847627,-0.8863495887137857,0.46287275138948225,0.01171875,0.013671875,-0.087890625,-0.04333932884037495,-0.17845021188259125,0.039704322814941406
138,715000000,imu2_frame,-0.007841925873446818,0.011841674253360985,-0.8867854210425531,0.46196308940850944,-0.01953125,-0.05078125,-0.08203125,-0.04462690278887749,-0.12626555562019348,0.041042327880859375
138,740000000,imu2_frame,-0.009420136370056793,0.014091708240711926,-0.8872131045744452,0.4610483617376844,-0.01953125,-0.05078125,-0.08203125,-0.012934066355228424,0.005062460899353027,0.00756072998046875
138,765000000,imu2_frame,-0.006779423943576764,0.013898109471849673,-0.887554042028383,0.46044402965309617,0.03515625,-0.00390625,-0.05859375,0.03090835642069578,-0.022080838680267334,0.006617546081542969
138,790000000,imu2_frame,-0.006759000485777932,0.010985054291909834,-0.8879316936450827,0.45979446703414334,0.03515625,-0.00390625,-0.05859375,0.004854727536439896,0.005316585302352905,-0.11199188232421875
138,815000000,imu2_frame,-0.008783923623926883,0.008794340786986578,-0.8884858166540645,0.45873571461185747,-0.005859375,-0.04296875,-0.09375,-0.05025752633810043,-0.014593854546546936,-0.11222457885742188
138,840000000,imu2_frame,-0.007273183879682294,0.007142461644202796,-0.8890401995416554,0.45771564277053856,-0.005859375,-0.04296875,-0.09375,-0.0390535406768322,0.056384190917015076,6.866455078125e-05
138,865000000,imu2_frame,-0.007500049638872521,0.009439721950823654,-0.8895460492683097,0.45668639911436787,-0.005859375,-0.04296875,-0.09375,-0.022706422954797745,-0.015002667903900146,-0.038184165954589844
138,890000000,imu2_frame,-0.0061567644574830275,0.007587689771892724,-0.8900976799315741,0.4556650539549524,-0.005859375,-0.04296875,-0.09375,-0.016100086271762848,0.01498037576675415,-0.03525257110595703
138,915000000,imu2_frame,-0.0036218910823760486,0.006758870626902885,-0.8905741250976967,0.45477349007974077,0.017578125,0.001953125,-0.08203125,0.020470101619139314,-0.02201835811138153,-0.035968780517578125
138,940000000,imu2_frame,-0.005027194631565454,0.008560090137643245,-0.8910237203790832,0.453848192563096,0.017578125,0.001953125,-0.08203125,0.05088179185986519,-0.28287316858768463,0.0038700103759765625
138,965000000,imu2_frame,-0.0036345386299518594,0.01051804877144993,-0.8914675383540639,0.45294788755433485,0.017578125,0.001953125,-0.08203125,0.014165934175252914,0.004526019096374512,0.004364967346191406
138,990000000,imu2_frame,-0.0051212337886413755,0.00812822187454445,-0.8917585238408937,0.45240959332307507,0.0546875,-0.001953125,-0.046875,-0.033014507964253426,-0.02396291494369507,0.0037469863891601562
139,15000000,imu2_frame,-0.004073303515623758,0.010168478597303226,-0.8917360150244775,0.4524233523479425,0.009765625,-0.013671875,0.0,0.0032994989305734634,0.002330884337425232,0.0042896270751953125
139,40000000,imu2_frame,-0.006404309521675965,0.01111146228044414,-0.8917235822741758,0.4523986881520018,0.009765625,-0.013671875,0.0,0.04912852309644222,-0.07390469312667847,0.0012531280517578125
139,65000000,imu2_frame,-0.004226325661006533,0.011964185230471462,-0.8917096547845699,0.4524299813309914,0.009765625,-0.013671875,0.0,-0.057702355086803436,-0.00017696619033813477,0.0011844635009765625
139,90000000,imu2_frame,-0.0015583745833931543,0.013600933686352736,-0.8922607492030536,0.4513129086378127,-0.01953125,0.05078125,-0.1015625,0.002962253987789154,0.004870116710662842,0.0017004013061523438
139,115000000,imu2_frame,-0.0016576839722464815,0.011215611183006206,-0.8928299843044183,0.45025113134406686,-0.00390625,0.01171875,-0.095703125,-0.020064063370227814,-0.0357661098241806,0.0005502700805664062
139,140000000,imu2_frame,-0.004043347074152182,0.011640666516661183,-0.8933704495063622,0.4491518520236629,-0.00390625,0.01171875,-0.095703125,0.1331550031900406,-0.08544035255908966,-0.07321357727050781
139,165000000,imu2_frame,-0.006110542288398596,0.01101911399451388,-0.8937091386113954,0.4484698607065977,0.080078125,-0.001953125,-0.05859375,0.09141152817755938,-0.07815377414226532,-0.07307815551757812
139,190000000,imu2_frame,-0.008004872970408848,0.009153851207978913,-0.8940558916658562,0.44779034334648227,0.080078125,-0.001953125,-0.05859375,-0.03633374720811844,-0.016051873564720154,-0.03813457489013672
139,215000000,imu2_frame,-0.006827466655665078,0.012048151948981631,-0.8945816263678941,0.44668998365606244,-0.080078125,0.0078125,-0.099609375,0.00924748182296753,0.02420070767402649,-0.037276268005371094
139,240000000,imu2_frame,-0.006237008464216257,0.01066970525978684,-0.8951573809917084,0.44557885987909257,-0.080078125,0.0078125,-0.099609375,0.007234681397676468,0.1082068532705307,0.0010232925415039062
139,265000000,imu2_frame,-0.004113304754528973,0.011749565499588686,-0.8956991575929989,0.4444862737158026,-0.080078125,0.0078125,-0.099609375,-0.02461933344602585,0.030516520142555237,0.004973411560058594
139,290000000,imu2_frame,-0.003851589719094152,0.010262673388984556,-0.8962684951682149,0.44337639468114476,-0.080078125,0.0078125,-0.099609375,0.005841081961989403,0.04130275547504425,0.00038623809814453125
139,315000000,imu2_frame,-0.0033314185647752136,0.007674091177792648,-0.8968413595969543,0.4422732025470542,0.005859375,-0.025390625,-0.099609375,-0.007683164440095425,-0.008542045950889587,-0.0005950927734375
139,340000000,imu2_frame,-0.0034454990638963195,0.009959793976130402,-0.8973675764556925,0.4411579805083326,0.005859375,-0.025390625,-0.099609375,-0.02923782356083393,-0.04167737066745758,0.03927040100097656
139,365000000,imu2_frame,-0.00614025296248335,0.010336806245097564,-0.8979094727020773,0.4400159389864028,0.005859375,-0.025390625,-0.099609375,0.00457388162612915,-0.01185387372970581,0.043831825256347656
139,390000000,imu2_frame,-0.008098356557101727,0.01205527475656685,-0.8985593328764003,0.4386116873412473,-0.0078125,-0.001953125,-0.123046875,-0.015447042882442474,0.035080552101135254,0.045128822326660156
139,415000000,imu2_frame,-0.006470558524360138,0.009607660699508429,-0.8997070453924313,0.4363405289444103,0.048828125,-0.044921875,-0.205078125,-0.008412551134824753,-0.021937698125839233,0.043628692626953125
139,440000000,imu2_frame,-0.007313736510049131,0.011231159089910837,-0.9007944748627178,0.43403880515520665,0.048828125,-0.044921875,-0.205078125,-0.049117375165224075,-0.17769074440002441,-0.03360748291015625
139,465000000,imu2_frame,-0.005419003367701044,0.00916301063058856,-0.9019238841005324,0.43176380224341887,0.048828125,-0.044921875,-0.205078125,-0.14710998721420765,0.18774817883968353,-0.038809776306152344
139,490000000,imu2_frame,-0.003541867845425968,0.009101340513176015,-0.9019793934750218,0.43166861655610383,-0.087890625,0.009765625,-0.009765625,-0.11455724202096462,0.1708216518163681,-0.039160728454589844
139,515000000,imu2_frame,-0.0012366624242104289,0.00839199011395556,-0.901583938621246,0.43252103623775,-0.03515625,0.029296875,0.07421875,-0.07974988594651222,0.1388196349143982,-0.039618492126464844
139,540000000,imu2_frame,-0.0029807806812799,0.010583989700965449,-0.9011670428730173,0.4333324992982196,-0.03515625,0.029296875,0.07421875,0.060581106692552567,-0.1125306487083435,-0.034755706787109375
139,565000000,imu2_frame,-0.004604768189852851,0.011653148580988324,-0.9009159160092091,0.43381276205219577,0.04296875,0.013671875,0.044921875,0.041162386536598206,-0.07995530962944031,-0.03404998779296875
139,590000000,imu2_frame,-0.0031913802962835716,0.008960718670022915,-0.9007026805228944,0.43433190294012974,0.04296875,0.013671875,0.044921875,0.004263097420334816,0.012983724474906921,-0.00019359588623046875
139,615000000,imu2_frame,-0.0032759758635610937,0.006822451764403508,-0.9009094624558512,0.43394108193575437,-0.0390625,-0.017578125,-0.03515625,-0.01544547414232511,-0.0239422470331192,-0.000843048095703125
139,640000000,imu2_frame,-0.004189660533427935,0.009617065267991047,-0.9010735718170649,0.43353936035045637,-0.0390625,-0.017578125,-0.03515625,-0.04698233213275671,-0.1583867073059082,-0.03496742248535156
139,665000000,imu2_frame,-0.0030102335381157436,0.008031451445495896,-0.9012762304561954,0.43316000588280973,-0.0390625,-0.017578125,-0.03515625,-0.0006547775119543076,-0.004893973469734192,-0.03958702087402344
139,690000000,imu2_frame,-0.000919758060726251,0.008425214744830612,-0.9014575392807218,0.4327845591926299,-0.0390625,-0.017578125,-0.03515625,-0.03477589786052704,0.023428499698638916,-0.0005588531494140625
139,715000000,imu2_frame,0.0013619337623313821,0.00794534457964771,-0.9018943265857626,0.4318815118853217,0.001953125,-0.017578125,-0.08203125,0.0012414902448654175,-0.004237756133079529,-0.0006923675537109375
139,740000000,imu2_frame,-0.0009756585455209881,0.009126945002871728,-0.9023355229293305,0.4309365974539282,0.001953125,-0.017578125,-0.08203125,0.12217283993959427,-0.19408078491687775,0.0035905838012695312
139,765000000,imu2_frame,-0.0032319337099255547,0.010431286671374468,-0.902767817495609,0.4299895470323542,0.001953125,-0.017578125,-0.08203125,0.015018254518508911,-0.0348530113697052,0.0042743682861328125
139,790000000,imu2_frame,-0.0046547606906972945,0.011079831906955325,-0.9032979959513453,0.4288453113164575,0.087890625,0.0,-0.099609375,-0.004934706725180149,-0.01143878698348999,0.0047664642333984375
139,815000000,imu2_frame,-0.0047527183586420635,0.013327980010300697,-0.904134854984507,0.42701281083732534,0.017578125,-0.0078125,-0.162109375,0.011626077815890312,0.029125571250915527,0.005856513977050781
139,840000000,imu2_frame,-0.004238375213491117,0.010634969332715238,-0.9050310547312597,0.4251913964026856,0.017578125,-0.0078125,-0.162109375,0.036847565323114395,0.168679878115654,0.039661407470703125
139,865000000,imu2_frame,-0.0031363811400042267,0.00814862659893179,-0.9059142186087654,0.4233712218849621,0.017578125,-0.0078125,-0.162109375,-0.0037285592406988144,0.037439584732055664,0.0034341812133789062
139,890000000,imu2_frame,-0.002268420736879214,0.0066980553946470915,-0.9060067459216263,0.42320416664512706,-0.064453125,-0.005859375,-0.015625,-0.00038914941251277924,0.004574507474899292,0.0029211044311523438
139,915000000,imu2_frame,-0.004172459177073057,0.00940000451422782,-0.9060659528499113,0.4230114887160046,-0.064453125,-0.005859375,-0.015625,0.027264575008302927,-0.12323451042175293,0.0040111541748046875
139,940000000,imu2_frame,-0.005415726835908464,0.007741265831892851,-0.9061631288525369,0.42282280758532825,-0.064453125,-0.005859375,-0.015625,0.03055313229560852,0.049068793654441833,-0.035373687744140625
139,965000000,imu2_frame,-0.006058394313895829,0.0060514825516120654,-0.9064976048404103,0.42212411425535035,-0.068359375,0.00390625,-0.060546875,0.00508132204413414,0.02440628409385681,-0.03568553924560547
139,990000000,imu2_frame,-0.004267420082756711,0.00818365860915948,-0.9068038613691022,0.42145174559336224,-0.068359375,0.00390625,-0.060546875,-0.06291090603917837,0.008339717984199524,-0.00029754638671875
140,15000000,imu2_frame,-0.0014593169619042977,0.007941778247377742,-0.9072347624393954,0.42054712503334013,0.0859375,-0.001953125,-0.08203125,-0.01528143510222435,-0.019040316343307495,-0.0006885528564453125
140,40000000,imu2_frame,-0.0034205085241568334,0.007724527756861,-0.9076710019601119,0.41959740703809933,0.0859375,-0.001953125,-0.08203125,0.026105591328814626,-0.04583117365837097,-0.000568389892578125
140,65000000,imu2_frame,-0.0027945523713997084,0.0042443862039879465,-0.9081243400170613,0.4186697490043575,0.0859375,-0.001953125,-0.08203125,0.008565920405089855,0.004463262856006622,-0.0014581680297851562
140,90000000,imu2_frame,-0.0015736404161334216,0.005625694558458279,-0.9085448121527934,0.4177465733274437,0.0859375,-0.001953125,-0.08203125,-0.036696454510092735,-0.0591156929731369,-0.0012960433959960938
140,115000000,imu2_frame,-0.0012898254391370103,0.0080444148896613,-0.9087621248911116,0.41723497468789833,0.00390625,-0.00390625,-0.044921875,-0.011991307139396667,-0.018456831574440002,-0.0006647109985351562
140,140000000,imu2_frame,-0.0009467905156759806,0.010452943239811949,-0.9089736720268504,0.41672137349477084,0.00390625,-0.00390625,-0.044921875,-0.06058196723461151,-0.0917176604270935,0.00019073486328125
140,165000000,imu2_frame,-0.0016813696616267291,0.007985888620328589,-0.9092312196722696,0.4162114699912555,0.00390625,-0.00390625,-0.044921875,0.019463419914245605,0.02279902994632721,0.003246307373046875
140,190000000,imu2_frame,-0.0022013343515247456,0.005147346540813321,-0.9096777737174092,0.4152770243526599,0.037109375,-0.001953125,-0.08203125,-0.01298476941883564,-0.02341505140066147,0.00255584716796875
140,215000000,imu2_frame,-0.00207091558419999,0.007827010595303104,-0.9102365686749174,0.4140094663901982,-0.015625,0.001953125,-0.111328125,0.010869868099689484,0.023209169507026672,0.0032253265380859375
140,240000000,imu2_frame,-0.004643724970443302,0.007956549375355743,-0.9108111279937838,0.4127205086534079,-0.015625,0.001953125,-0.111328125,0.08307625912129879,-0.03181762993335724,0.0036020278930664062
140,265000000,imu2_frame,-0.003936815852904827,0.005760578056884531,-0.9114032630845408,0.41145523360414565,-0.015625,0.001953125,-0.111328125,-0.0003671720623970032,0.0014771819114685059,-0.040073394775390625
140,290000000,imu2_frame,-0.0022855029479377487,0.003897798087540667,-0.9119071103006723,0.4103717897582887,-0.001953125,0.00390625,-0.095703125,0.013964550569653511,-0.045000068843364716,-0.040625572204589844
140,315000000,imu2_frame,-0.00383854450154903,0.005873332701921477,-0.9123850388823543,0.40927290450593856,-0.001953125,0.00390625,-0.095703125,0.04102872498333454,-0.14969928562641144,0.0029058456420898438
140,340000000,imu2_frame,-0.005563768364921841,0.0076938863347178555,-0.9128568648289699,0.4081693189465293,-0.001953125,0.00390625,-0.095703125,0.024607528001070023,-0.06441515684127808,0.0037059783935546875
140,365000000,imu2_frame,-0.0072342866632505946,0.008699940229515004,-0.9139524127170409,0.40566360870205775,0.05859375,-0.015625,-0.21875,0.0022450201213359833,-0.03330308198928833,0.0044460296630859375
140,390000000,imu2_frame,-0.004836405009437518,0.008907487630772105,-0.9150571074865473,0.4031969194934975,0.05859375,-0.015625,-0.21875,-0.07099208980798721,-0.013493910431861877,0.003951072692871094
140,415000000,imu2_frame,-0.0028391727533802437,0.010987743307433536,-0.9155570867181104,0.4020278964889538,-0.05078125,0.017578125,-0.103515625,-0.019151650369167328,0.008016735315322876,0.0044612884521484375
140,440000000,imu2_frame,-0.0028479854730755626,0.009154282410646539,-0.9160965414837969,0.4008431298821489,-0.05078125,0.017578125,-0.103515625,0.0832278411835432,0.20577272772789001,0.0037393569946289062
140,465000000,imu2_frame,-0.0019683172947126825,0.0075047554498029944,-0.9166287429620905,0.3996642990666091,-0.05078125,0.017578125,-0.103515625,0.007737115025520325,0.1693747341632843,0.03827667236328125
140,490000000,imu2_frame,-0.003254942696756846,0.0059900477185219295,-0.9171571635485163,0.3984673914237033,-0.05078125,0.017578125,-0.103515625,0.08986439928412437,0.07805342972278595,-0.04011726379394531
140,515000000,imu2_frame,-0.004191611976802314,0.003563185608557312,-0.9175006944704186,0.39769612739333293,0.017578125,0.005859375,-0.06640625,0.05408749356865883,0.04180144518613815,-0.04043292999267578
140,540000000,imu2_frame,-0.0038807229649434373,0.0008896079272654511,-0.9178409771289401,0.39692831757131847,0.017578125,0.005859375,-0.06640625,-0.00022246688604354858,-0.008617036044597626,-0.0016527175903320312
140,565000000,imu2_frame,-0.0047176252330536385,0.003013585600248478,-0.9181596328544191,0.396171113170343,0.017578125,0.005859375,-0.06640625,0.0011681169271469116,-0.12031807750463486,0.00255584716796875
140,590000000,imu2_frame,-0.00208028859335248,0.0031042064811395557,-0.9184925528769902,0.39542061986067456,0.017578125,0.005859375,-0.06640625,-0.06804333720356226,0.01712445169687271,-0.001689910888671875
140,615000000,imu2_frame,0.00020417406008342784,0.003554490188091237,-0.9191063401610825,0.39399347632690135,-0.009765625,-0.01171875,-0.125,-0.023644592612981796,0.007599730044603348,-0.0017147064208984375
140,640000000,imu2_frame,-0.0018916930998488324,0.005224915079256592,-0.9197149904192503,0.39254739606542893,-0.009765625,-0.01171875,-0.125,0.029520737938582897,-0.0634271427989006,0.037703514099121094
140,665000000,imu2_frame,1.4970745441533273e-05,0.003909565644518992,-0.9203307975810133,0.3911213853731908,-0.009765625,-0.01171875,-0.125,0.014534171670675278,-0.02353193610906601,-0.036820411682128906
140,690000000,imu2_frame,-0.001500662481023897,0.004770928402154735,-0.9208831248952057,0.3898066912426475,0.060546875,0.01953125,-0.11328125,-0.006285269744694233,0.0035642534494400024,-0.03663063049316406
140,715000000,imu2_frame,-0.0012485414454466743,0.006654320187810819,-0.9214242162569553,0.38849913109600737,0.060546875,0.01953125,-0.11328125,-0.026642000302672386,-0.11675982177257538,0.0028400421142578125
140,740000000,imu2_frame,-0.002318299336550734,0.007991259071246678,-0.9219667929771429,0.3871795422205113,0.060546875,0.01953125,-0.11328125,0.0030749235302209854,-0.01031242311000824,-0.0006084442138671875
140,765000000,imu2_frame,-0.003879071786367104,0.010176269399280539,-0.9219758710630261,0.3870941610522742,-0.017578125,0.009765625,-0.005859375,-0.008533996064215899,0.04087311029434204,0.00035572052001953125
140,790000000,imu2_frame,-0.002722399434264414,0.008196116236398867,-0.9220238952394951,0.38703662465889227,-0.017578125,0.009765625,-0.005859375,-0.002683219499886036,0.07456441223621368,0.0034017562866210938
140,815000000,imu2_frame,-0.001526903487340449,0.005776744098963375,-0.9219088306101172,0.38736082124608506,0.015625,0.005859375,0.02734375,0.0005995053797960281,0.021912381052970886,0.0026416778564453125
140,840000000,imu2_frame,-0.0016589095591005732,0.008112948342591008,-0.9217606093553213,0.38767100372502933,0.015625,0.005859375,0.02734375,-0.023098569363355637,-0.08734531700611115,0.0032835006713867188
140,865000000,imu2_frame,-0.003048795704214068,0.009936908904489783,-0.9216137825679169,0.38796906895657807,0.015625,0.005859375,0.02734375,0.04387211613357067,-0.16114741563796997,0.000148773193359375
140,890000000,imu2_frame,-0.004682490667835776,0.011545326111452264,-0.9214645445094138,0.38826263397111055,0.015625,0.005859375,0.02734375,0.06578137818723917,-0.15885187685489655,0.004978179931640625
140,915000000,imu2_frame,-0.006259456914381841,0.013098545616123773,-0.9218703122399953,0.3872265160244233,0.021484375,0.009765625,-0.087890625,0.0488501712679863,-0.11892986297607422,0.0060634613037109375
140,940000000,imu2_frame,-0.005290930299181393,0.015272045139131827,-0.9222628568419557,0.3862253145296822,0.021484375,0.009765625,-0.087890625,-0.03477243706583977,-0.04801836609840393,0.007049560546875
140,965000000,imu2_frame,-0.005141184073262156,0.01756399781409963,-0.9226486564894996,0.3852071272513432,0.021484375,0.009765625,-0.087890625,-0.01515786349773407,-0.04686284065246582,-0.030571937561035156
140,990000000,imu2_frame,-0.0038266554851494597,0.01512037219821921,-0.9231115713052402,0.38421577007556035,0.021484375,0.009765625,-0.087890625,-0.010177504271268845,0.16876226663589478,0.006699562072753906
141,15000000,imu2_frame,-0.00318967177522536,0.013208851435262703,-0.9232271774058324,0.38401423298751186,-0.0390625,-0.0234375,-0.01953125,-0.013099055737257004,0.12950357794761658,0.005553245544433594
141,40000000,imu2_frame,-0.0030527215728698973,0.011115946593653461,-0.9233428434776274,0.3838034783857166,-0.0390625,-0.0234375,-0.01953125,0.012672066688537598,0.1297810971736908,0.03969764709472656
141,65000000,imu2_frame,-0.00412595478790974,0.013878181787671322,-0.9233992929579428,0.3835676189827914,-0.0390625,-0.0234375,-0.01953125,-0.025106454268097878,-0.12090998888015747,-0.033020973205566406
141,90000000,imu2_frame,-0.004855639400358449,0.016649392155631087,-0.9238692359379627,0.38231512577227045,-0.03125,-0.0078125,-0.107421875,-0.017951786518096924,-0.06538522243499756,-0.03123950958251953
141,115000000,imu2_frame,-0.00670352223782068,0.015031672758626378,-0.9244083249384796,0.3810490262264409,-0.03125,-0.0078125,-0.107421875,0.053332614712417126,0.03639018535614014,0.04239463806152344
141,140000000,imu2_frame,-0.004565683717405178,0.014629478438284006,-0.9249234290581555,0.37984441982490613,-0.03125,-0.0078125,-0.107421875,-0.10282997973263264,0.08745774626731873,0.045597076416015625
141,165000000,imu2_frame,-0.0024428088650250597,0.013919390370289634,-0.925620852339855,0.3781882083965717,-0.013671875,-0.013671875,-0.146484375,-0.0702054500579834,0.05896812677383423,0.044910430908203125
141,190000000,imu2_frame,-0.005186137631980848,0.013826493904723625,-0.9263154435669295,0.3764593351906251,-0.013671875,-0.013671875,-0.146484375,-0.0077843694016337395,0.0033610165119171143,0.04136180877685547
141,215000000,imu2_frame,-0.0026623936055033496,0.013558067236489828,-0.9267386243044355,0.37545254386596283,-0.005859375,0.0078125,-0.08984375,0.035648539662361145,-0.020010948181152344,0.040831565856933594
141,240000000,imu2_frame,-0.0016405332972961853,0.011355831872318636,-0.9271849586794788,0.37442810542415395,-0.005859375,0.0078125,-0.08984375,-0.0013068318367004395,0.16313087940216064,0.0435791015625
141,265000000,imu2_frame,-0.0016714360618838167,0.008959504844876318,-0.9276296278103527,0.3733901541053972,-0.005859375,0.0078125,-0.08984375,0.019460536539554596,0.04184529185295105,0.038722991943359375
141,290000000,imu2_frame,-0.0023578164799290696,0.006673544756832542,-0.9280679164420492,0.37234372154333284,-0.005859375,0.0078125,-0.08984375,0.06829844368621707,0.08353869616985321,-0.0009832382202148438
141,315000000,imu2_frame,-0.003041378199932647,0.004468939662258122,-0.9276995825484288,0.3732884449543156,-0.01171875,0.009765625,0.08203125,0.03995661810040474,0.04854387789964676,-0.0013914108276367188
141,340000000,imu2_frame,-0.0011659311012562276,0.0029294797661197714,-0.9273244986762212,0.3742450172118021,-0.01171875,0.009765625,0.08203125,-0.015328925946960226,0.042099423706531525,0.0021371841430664062
141,365000000,imu2_frame,-0.002508393082132549,0.005183417533933233,-0.9269302860125511,0.3751893988634338,-0.01171875,0.009765625,0.08203125,0.016002888325601816,-0.05956116318702698,0.0025911331176757812
141,390000000,imu2_frame,-0.004074069073269518,0.006995746183183092,-0.9269435254930641,0.37511353220460586,0.01171875,-0.009765625,-0.005859375,0.000914623960852623,-0.015245616436004639,0.0032253265380859375
141,415000000,imu2_frame,-0.004948039035470891,0.009859973123818406,-0.9270007169217647,0.37489727748576074,-0.0390625,0.033203125,-0.017578125,0.006033521145582199,0.04305000603199005,0.004323005676269531
141,440000000,imu2_frame,-0.005163097554643845,0.012931570541905236,-0.9270484391312521,0.3746829438488891,-0.0390625,0.033203125,-0.017578125,-0.01447567471768707,-0.09113180637359619,-0.033329010009765625
141,465000000,imu2_frame,-0.004958366281341054,0.011037915676066589,-0.9271597153279214,0.37447088177106097,-0.0390625,0.033203125,-0.017578125,0.014371145516633987,0.025400906801223755,0.0008993148803710938
141,490000000,imu2_frame,-0.005367649418677917,0.008551363064175012,-0.9273960939841974,0.37394457796887015,-0.001953125,-0.005859375,-0.044921875,-0.011360391974449158,-0.016683563590049744,2.956390380859375e-05
141,515000000,imu2_frame,-0.005866527190411372,0.011010417385628551,-0.9275771399848897,0.373423357524902,-0.001953125,-0.005859375,-0.044921875,-0.0025623533874750137,-0.003636568784713745,0.001079559326171875
141,540000000,imu2_frame,-0.005093209867777881,0.013730992892231637,-0.9278350218796481,0.3727032213719506,-0.015625,0.0234375,-0.0625,0.031098554376512766,0.040044307708740234,0.0022296905517578125
141,565000000,imu2_frame,-0.005618777456405969,0.011680937404987194,-0.9281843465111548,0.3718948829076531,-0.021484375,0.0234375,-0.068359375,0.006408395245671272,0.006683468818664551,0.0013217926025390625
141,590000000,imu2_frame,-0.004422764376508329,0.014312114835139993,-0.928467862690818,0.3711105367334104,-0.021484375,0.0234375,-0.068359375,0.007928967475891113,0.006676346063613892,0.04148578643798828
141,615000000,imu2_frame,-0.005570064619230056,0.011806963468515492,-0.9289352549108588,0.3700119757217168,0.01171875,-0.015625,-0.09375,-0.03137046657502651,-0.030478328466415405,0.040431976318359375
141,640000000,imu2_frame,-0.00396574244160635,0.013382316902237948,-0.9293446199887493,0.3689495409662167,0.01171875,-0.015625,-0.09375,-0.030217230319976807,-0.013451874256134033,-0.033310890197753906
141,665000000,imu2_frame,-0.0033018442975208356,0.010801508626509257,-0.929806172362668,0.36787621161460143,0.01171875,-0.015625,-0.09375,0.0020367037504911423,0.12631157040596008,-0.03462505340576172
141,690000000,imu2_frame,-0.001909636023893045,0.008613099100186296,-0.9302553511654272,0.36680669219935774,0.01171875,-0.015625,-0.09375,-0.027655858546495438,0.07656149566173553,0.038620948791503906
141,715000000,imu2_frame,-0.0002996622378992923,0.006687061761087572,-0.9303204090044388,0.36668669187381253,0.001953125,-0.00390625,-0.01171875,-0.012206152081489563,0.030002914369106293,0.037975311279296875
141,740000000,imu2_frame,0.0009728192108973481,0.004512326715263914,-0.9303819751158122,0.36656250887126746,0.001953125,-0.00390625,-0.01171875,-0.0046635158360004425,0.0204046368598938,-0.0015459060668945312
141,765000000,imu2_frame,-0.000599606598336259,0.002494751861043419,-0.9304442993317237,0.3664243749072607,0.001953125,-0.00390625,-0.01171875,-0.008661570027470589,-0.00501936674118042,-0.0018339157104492188
141,790000000,imu2_frame,0.0010800726448191229,0.00440211970175274,-0.9305612443222636,0.3661082153552606,0.0078125,0.0078125,-0.02734375,0.03552455082535744,0.017656885087490082,-0.0015611648559570312
141,815000000,imu2_frame,-0.000584031721878957,0.002576914718326183,-0.9305516577865821,0.3661511035189242,-0.001953125,0.001953125,0.00390625,-0.00780479796230793,-0.0036343075335025787,-0.0018262863159179688
141,840000000,imu2_frame,0.0011621672559061738,0.004402023680257909,-0.9305253908899731,0.36619908310077776,0.0,0.001953125,0.00390625,0.03702416270971298,0.01706250011920929,-0.0015573501586914062
141,865000000,imu2_frame,-0.0005847011474978379,0.006177225808267913,-0.9305028785440244,0.36623202075619554,0.0,0.001953125,0.00390625,0.057024046778678894,-0.12955238670110703,-0.0012102127075195312
141,890000000,imu2_frame,-0.0023850801402886456,0.007931472890717783,-0.930474584194829,0.3662628172473536,0.0,-0.001953125,0.00390625,0.03684190660715103,-0.08475936949253082,-0.000621795654296875
141,915000000,imu2_frame,-0.004529062266568389,0.00924397425928414,-0.9304442502906473,0.3662888663827427,0.0,-0.001953125,0.00390625,0.007250996306538582,-0.010384708642959595,0.0001087188720703125
141,940000000,imu2_frame,-0.006570384079411252,0.010590661878862257,-0.9303903441062514,0.3663583976488977,0.00390625,0.001953125,0.0078125,-0.020212147384881973,0.02872161567211151,0.0010738372802734375
141,965000000,imu2_frame,-0.004502106554545424,0.009204507795751429,-0.930390968522936,0.36642550916081523,0.0,-0.001953125,0.00390625,0.007487934082746506,-0.011292964220046997,8.96453857421875e-05
141,990000000,imu2_frame,-0.006575826755127951,0.01062952959261854,-0.9303537020466593,0.36645021584275556,0.0,-0.001953125,0.00390625,-0.020009003579616547,0.02947165071964264,0.00109100341796875
142,15000000,imu2_frame,-0.00450662728034929,0.009218676868958461,-0.9303011530429116,0.3666530662006943,0.0,0.0,0.015625,0.007556118071079254,-0.010999038815498352,9.5367431640625e-05
142,40000000,imu2_frame,-0.002154636550999358,0.008355921160919579,-0.9302373420423816,0.36685695249349,0.0,0.0,0.015625,0.005116576328873634,-0.004484206438064575,-0.000507354736328125
142,65000000,imu2_frame,-0.004452703891066877,0.00933566458534489,-0.9301568278887985,0.36701674938162787,0.0,0.0,0.015625,0.009454096667468548,-0.00925290584564209,0.00012874603271484375
142,90000000,imu2_frame,-0.006756567686696327,0.010307625094399408,-0.9300705544528194,0.3671741622143822,0.0,0.0,0.015625,-0.025418471544981003,0.024950802326202393,0.001007080078125
142,115000000,imu2_frame,-0.004482917825445891,0.009345465894324884,-0.9300938073511725,0.3671758097178899,-0.001953125,-0.001953125,-0.001953125,0.009009640663862228,-0.008855462074279785,0.0001373291015625
142,140000000,imu2_frame,-0.006780525194354629,0.010374597498375231,-0.9300876966517821,0.36712840906393734,-0.00390625,0.001953125,-0.001953125,-0.025384902954101562,0.026337727904319763,0.0010395050048828125
142,165000000,imu2_frame,-0.004500167111729878,0.009390307977931892,-0.9301117427313083,0.3671290190728247,-0.00390625,0.001953125,-0.001953125,0.009007713757455349,-0.007917210459709167,0.000156402587890625
142,190000000,imu2_frame,-0.0068755273981226175,0.010226457919700987,-0.9300981676655944,0.36710427018289826,0.0,-0.001953125,0.0,-0.028181422501802444,0.024325072765350342,0.0010051727294921875
142,215000000,imu2_frame,-0.004516760032592773,0.009401095507876768,-0.9301293505817416,0.36708392700913417,0.0,0.0,-0.00390625,0.008773612789809704,-0.0076027512550354,0.000164031982421875
142,240000000,imu2_frame,-0.0068447984735988225,0.010216015850428539,-0.9301343883631041,0.36701335307914046,0.001953125,0.001953125,-0.00390625,-0.027720686048269272,0.023909851908683777,0.0009937286376953125
142,265000000,imu2_frame,-0.00445208343850375,0.009376805692851601,-0.9301658315175235,0.36699288868501184,0.001953125,0.001953125,-0.00390625,0.009755372069776058,-0.00850968062877655,0.0001430511474609375
142,290000000,imu2_frame,-0.006808984541825275,0.010213737784846294,-0.93016156131855,0.36694520999109553,0.0,0.0,-0.001953125,-0.02710309624671936,0.023607835173606873,0.0009822845458984375
142,315000000,imu2_frame,-0.004450202763246203,0.009376238242784316,-0.9301837548388169,0.36694749499859,0.0,0.0,-0.001953125,0.009775611571967602,-0.008534148335456848,0.0001430511474609375
142,340000000,imu2_frame,-0.006838261269280542,0.010228112688869896,-0.9301701002537959,0.3669226192093915,-0.001953125,-0.001953125,0.0,-0.027537956833839417,0.024077877402305603,0.0009965896606445312
142,365000000,imu2_frame,-0.00450503515061686,0.009377867942806367,-0.9301833254723967,0.36694787267982953,0.0,-0.001953125,0.0,0.008790422230958939,-0.008111268281936646,0.00015354156494140625
142,390000000,imu2_frame,-0.006859114786109057,0.010271143710134068,-0.9301691563393724,0.366923420819845,0.0,-0.001953125,0.0,-0.02760821208357811,0.025009766221046448,0.001018524169921875
142,415000000,imu2_frame,-0.004498014663188959,0.009398154820011398,-0.9301920878200365,0.3669252271336363,0.0,0.001953125,-0.001953125,0.009058658964931965,-0.007793158292770386,0.00015926361083984375
142,440000000,imu2_frame,-0.00689082490055581,0.010232638885416671,-0.9301695369412458,0.3669229376587662,-0.001953125,-0.001953125,0.001953125,-0.028461072593927383,0.02453705668449402,0.0010128021240234375
142,465000000,imu2_frame,-0.004562556563301391,0.00942244022899548,-0.9301735277068687,0.3669708558606486,-0.001953125,-0.001953125,0.001953125,0.00806935504078865,-0.006888031959533691,0.000179290771484375
142,490000000,imu2_frame,-0.006962049651419576,0.010248758065999375,-0.9301508874754638,0.3669684173758866,-0.001953125,-0.001953125,0.001953125,-0.02962883561849594,0.025343477725982666,0.0010385513305664062
142,515000000,imu2_frame,-0.004620892026846369,0.00942415434217451,-0.9301820467515725,0.3669484876285318,0.0,-0.001953125,-0.00390625,0.007016092538833618,-0.006438881158828735,0.00019073486328125
142,540000000,imu2_frame,-0.006963388696414943,0.010342420041336889,-0.9301675409263596,0.3669235497655611,-0.001953125,0.0,0.0,-0.0289926715195179,0.02705325186252594,0.0010766983032226562
142,565000000,imu2_frame,-0.004644274528366223,0.009447911037821641,-0.9301818286006835,0.36694813452614117,-0.001953125,0.0,0.0,0.006761295720934868,-0.005839213728904724,0.00020313262939453125
142,590000000,imu2_frame,-0.007021357400114143,0.010242215091514968,-0.930168339841662,0.36692323056258697,0.001953125,-0.001953125,0.0,-0.03076554462313652,0.025647267699241638,0.0010519027709960938
142,615000000,imu2_frame,-0.004677055922692845,0.009469858395195848,-0.9301901467788076,0.36692606580276,-0.001953125,-0.001953125,-0.001953125,0.006317825987935066,-0.005205512046813965,0.00021839141845703125
142,640000000,imu2_frame,-0.007029412154689938,0.010171766540356177,-0.9301778474480412,0.3669009330148079,0.005859375,0.0,0.0,-0.03142300248146057,0.024422869086265564,0.0010251998901367188
142,665000000,imu2_frame,-0.0046011394840495745,0.009399461830437354,-0.9301907925514922,0.36692719861734624,0.005859375,0.0,0.0,0.007193425670266151,-0.007029816508293152,0.00017833709716796875
142,690000000,imu2_frame,-0.006926273891390985,0.010414786776372208,-0.930166345970861,0.36692523457729187,-0.00390625,0.0,0.001953125,-0.02779829502105713,0.02810285985469818,0.001094818115234375
142,715000000,imu2_frame,-0.004642430605708614,0.009482435353381774,-0.9301720417553071,0.36697207522453723,-0.00390625,0.0,0.001953125,0.007047783583402634,-0.005224376916885376,-0.03884601593017578
142,740000000,imu2_frame,-0.007021787752197274,0.010256546110328781,-0.9301408667637988,0.366992460051346,0.001953125,-0.001953125,0.00390625,-0.030652914196252823,0.025914832949638367,-0.03800487518310547
142,765000000,imu2_frame,-0.004653881065418343,0.009458003369312717,-0.9301539257935282,0.36701847622998873,0.001953125,-0.001953125,0.0,0.00667455792427063,-0.005585536360740662,-0.03885364532470703
142,790000000,imu2_frame,-0.002527423426162083,0.010720836558076643,-0.9301394324647891,0.367041294636448,0.001953125,-0.001953125,0.0,0.015340298414230347,0.0021175146102905273,0.004315376281738281
142,815000000,imu2_frame,-0.004711715815993025,0.00944984125584729,-0.9301446505011607,0.36704145457752085,0.001953125,-0.001953125,0.001953125,-0.03349293954670429,-0.005318731069564819,0.004122734069824219
142,840000000,imu2_frame,-0.0025534996963726734,0.01071666690182896,-0.9301393431135828,0.3670414623473054,0.0,0.0,-0.001953125,0.014836316928267479,0.0022287964820861816,0.0043163299560546875
142,865000000,imu2_frame,-0.0043504667742015335,0.012459171684613048,-0.9301291832260783,0.36699529287303984,0.0,0.0,-0.001953125,-0.005343944765627384,0.011640161275863647,0.00534820556640625
142,890000000,imu2_frame,-0.0062510779979622,0.010828757543844625,-0.9301577244879401,0.3669472300063559,0.0,0.0,-0.001953125,-0.012546975165605545,-0.004368335008621216,0.0010929107666015625
142,915000000,imu2_frame,-0.004310810759140755,0.012421091807632846,-0.9301388272125247,0.3669726086516735,0.00390625,0.001953125,0.0,0.03416005149483681,0.010663777589797974,0.0014162063598632812
142,940000000,imu2_frame,-0.0062678180549187905,0.010870995621776229,-0.9301573559610347,0.36694662971963465,-0.001953125,0.0,0.0,-0.012548472732305527,-0.0034804046154022217,0.0011157989501953125
142,965000000,imu2_frame,-0.004565815773884918,0.009067498266068693,-0.9301800500007138,0.36696322483620014,-0.001953125,0.0,0.0,0.005462072789669037,-0.013317808508872986,5.245208740234375e-05
142,990000000,imu2_frame,-0.006306643913549176,0.010894076174055784,-0.930157035195611,0.36694609307495357,-0.001953125,0.0,0.0,-0.013088908046483994,0.03237372636795044,0.0011348724365234375
143,15000000,imu2_frame,-0.004590989699948007,0.0091021704428256,-0.930170761923494,0.3669855950435537,-0.001953125,0.0,0.001953125,0.005257869139313698,-0.012506380677223206,6.866455078125e-05
143,40000000,imu2_frame,-0.006340380911683071,0.01089213312737979,-0.93015700587157,0.36694564370471333,0.0,0.0,-0.001953125,-0.013716347515583038,0.03258034586906433,0.0011415481567382812
143,65000000,imu2_frame,-0.003880995660477211,0.010447735813902482,-0.9301732704447878,0.36695159032097696,0.0,0.0,-0.001953125,-0.011250059120357037,0.006863608956336975,0.00437164306640625
143,90000000,imu2_frame,-0.001409798406925499,0.009981316741252343,-0.9301839350404905,0.36695535529155465,0.001953125,0.0,-0.001953125,0.03033675253391266,-0.01934024691581726,0.003930091857910156
143,115000000,imu2_frame,-0.0038487258540460816,0.010480719041389395,-0.9301908907469424,0.3669063212988917,0.001953125,0.0,-0.001953125,-0.010437336284667253,0.0072320252656936646,-0.034682273864746094
143,140000000,imu2_frame,-0.0013970002900238572,0.010061803241126287,-0.930192033450592,0.36693267694602966,-0.001953125,0.0,0.0,0.031142093241214752,-0.017967641353607178,-0.035101890563964844
143,165000000,imu2_frame,-0.0038425966114590915,0.010485298245769754,-0.9301910151600556,0.3669059392916447,0.0,0.001953125,0.0,-0.010293137282133102,0.0072713494300842285,-0.03468132019042969
143,190000000,imu2_frame,-0.0013945047609805136,0.009886433232612459,-0.9301942785455155,0.36693176198797023,0.0,0.001953125,0.0,0.02992938458919525,-0.021173834800720215,0.0038919448852539062
143,215000000,imu2_frame,-0.003857754486031624,0.010489902629837107,-0.9301999093174961,0.3668830990640808,-0.001953125,-0.001953125,-0.001953125,-0.010541079565882683,0.007463827729225159,0.004385948181152344
143,240000000,imu2_frame,-0.0014339793501874367,0.010033857752588941,-0.9302102968213299,0.3668869977110082,-0.001953125,-0.001953125,-0.001953125,0.030259795486927032,-0.01820826530456543,-0.0351104736328125
143,265000000,imu2_frame,-0.003952019101584859,0.009750727966331524,-0.9302247499045144,0.36683950102767154,-0.001953125,-0.001953125,-0.001953125,0.021496193134225905,-0.005298972129821777,0.0002002716064453125
143,290000000,imu2_frame,-0.002013772583857026,0.011306328443430158,-0.9302144704911848,0.3668366810256499,-0.001953125,-0.001953125,-0.001953125,0.02883179858326912,0.00908602774143219,0.0045223236083984375
143,315000000,imu2_frame,-0.003937786694240909,0.009758836378657414,-0.9302335924715797,0.3668170148533248,-0.001953125,0.001953125,0.0,-0.01725434570107609,-0.005253627896308899,0.004108428955078125
143,340000000,imu2_frame,-0.0019701946365997735,0.011306688732695105,-0.9302145518205611,0.36683670032354776,0.0,0.0,0.0,0.029626768082380295,0.008780121803283691,0.0045185089111328125
143,365000000,imu2_frame,-0.0041639287969626225,0.010100040072109224,-0.9302302797202593,0.3668136823771485,0.0,0.0,0.0,0.020142244175076485,0.002571210265159607,0.000370025634765625
143,390000000,imu2_frame,-0.006380617269115814,0.008884257722207594,-0.930248971451487,0.3667658773678937,0.0,-0.001953125,-0.001953125,-0.02889256924390793,-0.003644511103630066,0.0003757476806640625
143,415000000,imu2_frame,-0.004173129205843064,0.010116648012604618,-0.9302390753167193,0.36679081392466095,-0.001953125,0.001953125,0.0,0.02008878323249519,0.0029390305280685425,0.00037860870361328125
143,440000000,imu2_frame,-0.0063758453795267536,0.008883874863887581,-0.9302400773087804,0.36678852753549085,-0.001953125,-0.001953125,0.001953125,-0.028803516179323196,-0.00368441641330719,0.00037384033203125
143,465000000,imu2_frame,-0.0039213362713347456,0.008635998877990908,-0.9302373381933622,0.36683584513533407,-0.001953125,-0.001953125,0.001953125,-0.025003325194120407,0.01327604055404663,-0.0002040863037109375
143,490000000,imu2_frame,-0.0014664186734767743,0.008369618695718816,-0.9302201291054201,0.3669036801481528,-0.001953125,-0.001953125,0.00390625,0.017737142741680145,-0.009171873331069946,-0.0005512237548828125
143,515000000,imu2_frame,-0.0038637609954710822,0.009189623847325516,-0.9301963153732457,0.3669270186706777,-0.001953125,-0.001953125,0.00390625,0.019095401745289564,-0.016133040189743042,-2.002716064453125e-05
143,540000000,imu2_frame,-0.006264155756360806,0.010003228692282493,-0.9301934663486336,0.3668798317306409,-0.001953125,-0.001953125,-0.001953125,-0.018723640590906143,0.015870675444602966,0.0007600784301757812
143,565000000,imu2_frame,-0.003928881766687368,0.009212452548832803,-0.9301957266413271,0.36692724720891545,-0.001953125,-0.001953125,0.001953125,0.01807514624670148,-0.015250936150550842,-1.9073486328125e-06
143,590000000,imu2_frame,-0.002612309264487888,0.011332982151487984,-0.9301628266867397,0.366963016128322,-0.001953125,-0.001953125,0.001953125,0.018170300871133804,0.013857468962669373,0.0045871734619140625
143,615000000,imu2_frame,-0.003912884646498545,0.009156559273721268,-0.930186942581532,0.3669510847603962,0.001953125,-0.001953125,0.0,-0.0210924306884408,-0.01638166606426239,0.0038814544677734375
143,640000000,imu2_frame,-0.002650465318214951,0.011351976739020709,-0.930162468715738,0.3669630627874652,-0.00390625,0.0,0.0,0.017612837255001068,0.014476463198661804,0.004599571228027344
143,665000000,imu2_frame,-0.004880903259658478,0.01256750383515445,-0.9301491800346186,0.36693424139980413,-0.00390625,0.0,0.0,-0.014227782608941197,0.017414063215255737,0.005496978759765625
143,690000000,imu2_frame,-0.002720529570263398,0.011383092571649583,-0.9301621685457004,0.3669623470176776,-0.00390625,0.0,0.0,0.016561999917030334,-0.019611388444900513,0.0046215057373046875
143,715000000,imu2_frame,-0.004912679885578172,0.012592483836163506,-0.9301579829435392,0.3669106453805676,-0.001953125,0.001953125,-0.001953125,-0.014633011538535357,0.018096059560775757,0.005515098571777344
143,740000000,imu2_frame,-0.002728073241553635,0.011384056124282622,-0.9301805059162613,0.3669157768424736,-0.001953125,0.001953125,-0.001953125,0.016420412808656693,-0.019538193941116333,0.004622459411621094
143,765000000,imu2_frame,-0.0037617388582478883,0.009143981091703642,-0.9302144704367955,0.36688319111203366,-0.001953125,0.001953125,-0.001953125,-0.018448610557243228,-0.017694637179374695,0.0038547515869140625
143,790000000,imu2_frame,-0.0027081413227305244,0.011468185303952818,-0.9301887962264735,0.3668922867425184,-0.00390625,0.001953125,0.0,0.017380479723215103,0.017005249857902527,0.004657745361328125
143,815000000,imu2_frame,-0.0037089384798039394,0.009215451155588514,-0.9302051549905407,0.36690555850842094,-0.001953125,0.001953125,0.001953125,-0.016971277189441025,-0.016773760318756104,0.0038728713989257812
143,840000000,imu2_frame,-0.0027252325184104823,0.011514311108559284,-0.9301524272852097,0.3669829093607067,-0.001953125,-0.001953125,0.005859375,0.017422862350940704,0.01796315610408783,0.004680633544921875
143,865000000,imu2_frame,-0.0037109338901000315,0.009217833640116989,-0.9301509670111373,0.36704283003607696,-0.001953125,-0.001953125,0.005859375,-0.016961815301328897,-0.01671592891216278,0.0038738250732421875
143,890000000,imu2_frame,-0.0027019644779102785,0.011524174282370406,-0.930116210675043,0.36707455296515523,-0.001953125,0.0,0.001953125,0.017939221113920212,0.017972230911254883,0.0046825408935546875
143,915000000,imu2_frame,-0.004652233359320972,0.009972103293296168,-0.9301258571073374,0.3670760191309414,-0.001953125,0.0,0.001953125,0.010406529530882835,0.0037496089935302734,0.00040435791015625
143,940000000,imu2_frame,-0.0065388794882052775,0.008340135854068998,-0.9301396426563984,0.3670530347892548,-0.001953125,0.0,0.0,-0.035610537976026535,-0.012385129928588867,0.000232696533203125
143,965000000,imu2_frame,-0.004684433807305868,0.010006919928354665,-0.9301253469094682,0.3670759549057848,-0.00390625,-0.001953125,0.0,0.010070940479636192,0.004613533616065979,0.00042438507080078125
143,990000000,imu2_frame,-0.002282076364851224,0.010576816141590952,-0.9301176958016438,0.367102158866456,-0.00390625,-0.001953125,0.0,0.018781371414661407,-0.002262979745864868,0.0042324066162109375
144,15000000,imu2_frame,-0.004688218786966666,0.009909629522674141,-0.930117225189279,0.3670991245610982,0.001953125,0.0,0.001953125,-0.029753223061561584,0.0028724223375320435,0.004292488098144531
144,40000000,imu2_frame,-0.0022919243160607838,0.010615262382947152,-0.9300993861179452,0.36714737535558134,-0.001953125,0.0,0.001953125,0.018888410180807114,-0.001495078206062317,0.004248619079589844
144,65000000,imu2_frame,-4.149896687565907e-05,0.011716787227124208,-0.9300716931751959,0.3671911773574283,-0.001953125,0.0,0.001953125,0.028655782341957092,0.0023745596408843994,0.004627227783203125
144,90000000,imu2_frame,-0.002543250658088872,0.01192274167805343,-0.9300681430546751,0.3671847346796934,-0.001953125,0.0,0.001953125,0.02371271699666977,-0.011082112789154053,0.004848480224609375
144,115000000,imu2_frame,-0.005079928720677899,0.012101477257152214,-0.9300229851736286,0.36726692693614565,-0.00390625,-0.001953125,0.009765625,-0.021097777877002954,0.010371655225753784,0.00531005859375
144,140000000,imu2_frame,-0.0025872652208973335,0.01188766964112907,-0.9299787412408271,0.36741193531145205,0.0,0.0,0.009765625,0.022718120366334915,-0.01141306757926941,0.0048370361328125
144,165000000,imu2_frame,-0.0035636409947791764,0.009586961569954292,-0.9299605269813652,0.3675170865242294,0.0,0.0,0.009765625,-0.011533255223184824,-0.011063992977142334,-0.035073280334472656
144,190000000,imu2_frame,-0.00259595494663318,0.011837263686927018,-0.9299253735943533,0.3675485542778305,0.00390625,-0.001953125,0.001953125,0.022232450544834137,0.02288380265235901,-0.03424835205078125
144,215000000,imu2_frame,-0.0035860531605798043,0.009443508422150273,-0.9301768608826337,0.366972707227581,0.0078125,-0.001953125,-0.048828125,-0.013086868915706873,-0.013508856296539307,-0.035124778747558594
144,240000000,imu2_frame,-0.002602234052397809,0.01167743530460373,-0.9304470947537703,0.3662308967672061,0.009765625,0.00390625,-0.064453125,0.0206427164375782,0.020075723528862,-0.03432178497314453
144,265000000,imu2_frame,-0.004541901813902159,0.013055304769183622,-0.9307270473131972,0.36545327135620814,0.009765625,0.00390625,-0.064453125,0.03406788036227226,-0.054257363080978394,-0.03338336944580078
144,290000000,imu2_frame,-0.0028743649187915757,0.01102121228094592,-0.9310456596428196,0.3647248971025132,0.009765625,0.00390625,-0.064453125,-0.028424998745322227,0.08825817704200745,-0.034583091735839844
144,315000000,imu2_frame,-0.004204318613444452,0.012989177323740716,-0.9313165633921526,0.3639547550573828,0.009765625,0.00390625,-0.064453125,0.03930824622511864,-0.17112675309181213,0.0016803741455078125
144,340000000,imu2_frame,-0.005657165225819977,0.015171756801905767,-0.931887730971987,0.3623852523779534,-0.009765625,0.001953125,-0.1328125,0.027858631685376167,-0.12106198072433472,0.003162384033203125
144,365000000,imu2_frame,-0.005510076314209659,0.0127927165726105,-0.9325240392178128,0.36083916326058574,-0.009765625,0.001953125,-0.1328125,0.05229315161705017,0.17830291390419006,-0.033326148986816406
144,390000000,imu2_frame,-0.007344680491126656,0.014647823894479758,-0.9330919586477538,0.35926437846040027,-0.009765625,0.001953125,-0.1328125,0.14468523301184177,-0.31406790018081665,0.0032854080200195312
144,415000000,imu2_frame,-0.00927777813805982,0.01678136390749021,-0.9333662507535285,0.3584128214957251,-0.033203125,0.001953125,-0.0703125,0.1240808367729187,-0.26164281368255615,0.005225181579589844
144,440000000,imu2_frame,-0.011205961526401036,0.018354054272089266,-0.9336494254396045,0.35754203318538974,0.0078125,-0.01171875,-0.072265625,0.09954554587602615,-0.21952998638153076,0.007076263427734375
144,465000000,imu2_frame,-0.01033039560599634,0.015905605060871925,-0.934021459808054,0.35671306013700005,0.0078125,-0.01171875,-0.072265625,-0.015201449394226074,0.2686772644519806,0.008975028991699219
144,490000000,imu2_frame,-0.008291988517886175,0.014488488440862984,-0.934372529825232,0.35590631089812685,0.0078125,-0.01171875,-0.072265625,-0.06627682596445084,0.07621583342552185,0.0073909759521484375
144,515000000,imu2_frame,-0.006003514192840684,0.012943967199766227,-0.9349369839142497,0.35452679396597586,0.029296875,-0.001953125,-0.12109375,-0.03563981503248215,0.03206631541252136,0.005923271179199219
144,540000000,imu2_frame,-0.004368049085695848,0.012344061091912236,-0.9355713101636581,0.352894981406084,-0.04296875,-0.041015625,-0.142578125,-0.0103563298471272,0.009782761335372925,0.0052947998046875
144,565000000,imu2_frame,-0.0031131480081954183,0.011089347695830863,-0.9362085035718876,0.3512562775479561,-0.04296875,-0.041015625,-0.142578125,-0.03551862947642803,0.05243755877017975,0.0006303787231445312
144,590000000,imu2_frame,-0.0007825703948659534,0.009233384554896362,-0.9367810865321701,0.34979326481343986,0.0390625,0.01171875,-0.126953125,-0.005884528160095215,0.0025520771741867065,-0.0002841949462890625
144,615000000,imu2_frame,-0.0014013639124881593,0.006494936069873207,-0.9373590108222342,0.3483015027458189,0.0390625,0.01171875,-0.126953125,0.041980233043432236,0.03479573130607605,-0.0010995864868164062
144,640000000,imu2_frame,-0.0025614509009123532,0.004699407311129069,-0.9376254126880554,0.3476060126375264,-0.025390625,0.017578125,-0.05859375,0.008422566577792168,0.00978463888168335,-0.0014028549194335938
144,665000000,imu2_frame,-0.0036199520955805115,0.007294677190183898,-0.9378624751463781,0.3469116045101779,-0.025390625,0.017578125,-0.05859375,0.0065407659858465195,-0.013597667217254639,0.0032396316528320312
144,690000000,imu2_frame,-0.003250226092563489,0.00517876608317167,-0.9381330101481938,0.34622113119001263,-0.025390625,0.017578125,-0.05859375,-0.0011165961623191833,-0.015848755836486816,0.041736602783203125
144,715000000,imu2_frame,-0.003291483521695057,0.008049484413316653,-0.9383664148827197,0.34553269506236023,-0.025390625,0.017578125,-0.05859375,-0.021631017327308655,-0.07621566951274872,-0.035640716552734375
144,740000000,imu2_frame,-0.003720423963908644,0.010745002004120806,-0.938431288051198,0.3452787583736214,-0.021484375,-0.01171875,-0.021484375,-0.01135083893314004,-0.02388112246990204,-0.0345916748046875
144,765000000,imu2_frame,-0.003157534459767565,0.013318343518158148,-0.9384901406441778,0.3450346469787332,-0.021484375,-0.01171875,-0.021484375,-0.022787049412727356,-0.01953798532485962,0.0056056976318359375
144,790000000,imu2_frame,-0.0010801864832701957,0.012559330727446631,-0.9385857135855149,0.34481582716286335,-0.021484375,-0.01171875,-0.021484375,-0.025009557604789734,0.026765242218971252,-0.037919044494628906
144,815000000,imu2_frame,0.0015830027030843403,0.012127866021153533,-0.9388350487543973,0.3441499094850145,-0.037109375,0.048828125,-0.05859375,0.020792849361896515,0.0009786933660507202,-0.0381011962890625
144,840000000,imu2_frame,-0.0011698581125884986,0.01071249076506638,-0.9390685543256516,0.3435609469225738,0.029296875,-0.044921875,-0.048828125,-0.03937656432390213,-0.00644133985042572,-0.03875446319580078
144,865000000,imu2_frame,-0.0033672859238464753,0.0084240357017323,-0.9392995481454943,0.34297821484997176,0.029296875,-0.044921875,-0.048828125,0.018088823184370995,0.005370795726776123,0.03870868682861328
144,890000000,imu2_frame,-0.0038658260376039674,0.005387022942521566,-0.9395280919849502,0.34240765140981083,0.029296875,-0.044921875,-0.048828125,-0.011502932757139206,-0.008004888892173767,-0.0011034011840820312
144,915000000,imu2_frame,-0.0025812719567676417,0.007480578781264245,-0.9398727103322866,0.341433253138625,-0.0078125,-0.009765625,-0.083984375,0.025940536987036467,0.021847009658813477,-0.0007390975952148438
144,940000000,imu2_frame,-0.0038975644095192654,0.006041139071701293,-0.9402746034840451,0.3403409814778575,-0.056640625,0.015625,-0.091796875,-0.008008677512407303,0.004151150584220886,-0.0009527206420898438
144,965000000,imu2_frame,-0.004684415190660587,0.009161535031911307,-0.9406381855693767,0.33925495778091647,-0.056640625,0.015625,-0.091796875,-0.001939471811056137,-0.08564037084579468,0.0001068115234375
144,990000000,imu2_frame,-0.005444846062697816,0.011573073072544625,-0.9407009940075064,0.33899566000806025,-0.001953125,0.00390625,-0.021484375,5.342066287994385e-06,-0.03627057373523712,0.0012350082397460938
145,15000000,imu2_frame,-0.003492081907865213,0.01000527739628439,-0.9408117897993319,0.33876374652956825,-0.001953125,0.00390625,-0.021484375,-0.08781018923036754,0.15243570506572723,0.004138946533203125
145,40000000,imu2_frame,-0.001762589647174144,0.008867898011289092,-0.941044705574428,0.33816137534161883,-0.041015625,0.0,-0.052734375,-0.06364850141108036,0.1200861781835556,0.0035419464111328125
145,65000000,imu2_frame,-0.004340746768838388,0.010051326881783427,-0.9412559958158438,0.33751633899135636,-0.041015625,0.0,-0.052734375,0.009886103682219982,0.002633616328239441,0.00038051605224609375
145,90000000,imu2_frame,-0.004311003463632804,0.013025572918825848,-0.9414418400536356,0.33689614348593777,-0.041015625,0.0,-0.052734375,-0.04824268026277423,-0.09518852829933167,0.00562286376953125
145,115000000,imu2_frame,-0.006982843851776117,0.013247384296145534,-0.9416579835814377,0.3362379940732352,-0.041015625,0.0,-0.052734375,0.021037019789218903,0.0045795738697052,0.006327629089355469
145,140000000,imu2_frame,-0.009112789995760191,0.012415023170181132,-0.9420099064753003,0.33523150263746576,-0.0390625,0.013671875,-0.08203125,-0.023945942521095276,0.003163665533065796,0.006579399108886719
145,165000000,imu2_frame,-0.007589815844547417,0.01094909401322509,-0.9423824926356567,0.3342719695241316,-0.0390625,0.013671875,-0.08203125,-0.08389414846897125,0.2708158493041992,0.005413055419921875
145,190000000,imu2_frame,-0.00523064549267153,0.01066563687259626,-0.9427365627812871,0.33332665319946503,-0.0390625,0.013671875,-0.08203125,0.03560349904000759,-0.015468478202819824,-0.03436088562011719
145,215000000,imu2_frame,-0.008102421707617585,0.010854185690547634,-0.9427806273501295,0.3331384488598745,-0.0078125,-0.029296875,-0.013671875,-0.016135454177856445,0.006696790456771851,-0.03353309631347656
145,240000000,imu2_frame,-0.005676923436344599,0.010743893030928245,-0.9428205871182888,0.3330790924221502,0.00390625,-0.0078125,-0.0078125,0.0278281532227993,-0.011128515005111694,-0.034232139587402344
145,265000000,imu2_frame,-0.003299277704126636,0.011160233866198873,-0.9428487336245006,0.33301776146229534,0.00390625,-0.0078125,-0.0078125,-0.11706387717276812,0.01622256636619568,-0.03837776184082031
145,290000000,imu2_frame,-0.0024998026327754954,0.008739065807770976,-0.9429051022858668,0.33293745328347174,0.00390625,-0.0078125,-0.0078125,-0.004825473763048649,0.15780816972255707,-0.03550434112548828
145,315000000,imu2_frame,-0.0019473177778215791,0.006282469680463089,-0.9432222407372869,0.3320971892484458,0.0,-0.029296875,-0.072265625,-0.010745299514383078,0.10894177854061127,-0.03627300262451172
145,340000000,imu2_frame,-0.0008556705226242648,0.00405212381198094,-0.943590126293516,0.3310898996978849,-0.001953125,0.00390625,-0.0859375,-0.005182611756026745,0.06074598431587219,-0.03678417205810547
145,365000000,imu2_frame,-0.0032222721468158208,0.004797563905774777,-0.943940646803844,0.33006462345171506,-0.001953125,0.00390625,-0.0859375,0.03399775177240372,-0.023501403629779816,0.0025968551635742188
145,390000000,imu2_frame,-0.005725688662775075,0.005402098187056548,-0.9442519524156123,0.329129585701162,0.001953125,-0.0078125,-0.078125,-0.008426904678344727,0.00373290479183197,0.003154754638671875
145,415000000,imu2_frame,-0.003397031621996756,0.00597738380506684,-0.9445741266643461,0.32822621817169567,0.001953125,-0.0078125,-0.078125,-0.0009341724216938019,-0.0006526410579681396,-0.0010385513305664062
145,440000000,imu2_frame,-0.0019372832694567854,0.008258759120385786,-0.9447418239559224,0.32770554755719683,-0.017578125,0.0078125,-0.044921875,0.04056488908827305,0.03211183845996857,-0.0005559921264648438
145,465000000,imu2_frame,-0.002371626840230826,0.006034176438620385,-0.9449428160533271,0.32717126782473793,-0.017578125,0.0078125,-0.044921875,0.018221482168883085,0.032874152064323425,0.041828155517578125
145,490000000,imu2_frame,-0.003654851917379897,0.008411608405663965,-0.9451076249612905,0.3266304703200858,-0.017578125,0.0078125,-0.044921875,0.009622731246054173,-0.03220495581626892,-0.0003185272216796875
145,515000000,imu2_frame,-0.005881465644219448,0.007543575221614542,-0.9452952076850436,0.3260758702548257,-0.017578125,0.0078125,-0.044921875,0.0019049160182476044,0.005001530051231384,-0.03923606872558594
145,540000000,imu2_frame,-0.006164842007012511,0.0051581160226001335,-0.9453217284723785,0.32604020954495877,-0.005859375,0.005859375,-0.001953125,-0.01854264736175537,-0.037271976470947266,-0.03976154327392578
145,565000000,imu2_frame,-0.0060438296222442844,0.007753467792561803,-0.9453096523763453,0.3260260986252485,-0.005859375,0.005859375,-0.001953125,-0.03882914409041405,-0.10337015986442566,-0.03913593292236328
145,590000000,imu2_frame,-0.00350399035994755,0.007684568509420731,-0.9453238883276319,0.3260236427247391,-0.005859375,0.005859375,-0.001953125,-0.07046313397586346,0.031516388058662415,0.003337860107421875
145,615000000,imu2_frame,-0.0011341737593359605,0.007109757234392353,-0.9456840755090076,0.3250073758095735,0.0234375,-0.017578125,-0.087890625,-0.030485115945339203,0.005819857120513916,0.002956390380859375
145,640000000,imu2_frame,0.0010878185960929972,0.007349677587687097,-0.9459929822773564,0.3241019536689839,0.001953125,-0.021484375,-0.078125,0.011990070343017578,-0.003797754645347595,0.0030221939086914062
145,665000000,imu2_frame,-0.0008541921247420488,0.00908412621529509,-0.9462998735266054,0.3231614122543862,0.001953125,-0.021484375,-0.078125,0.025957997888326645,-0.07266457378864288,0.003570556640625
145,690000000,imu2_frame,-0.0017134974709051226,0.006547419146314615,-0.9466344263079666,0.32223820095936256,0.001953125,-0.021484375,-0.078125,-0.006090424954891205,-0.0008659213781356812,-0.036223411560058594
145,715000000,imu2_frame,0.0004668124805210312,0.007627846668445371,-0.9468589873605306,0.3215581690703893,0.017578125,-0.001953125,-0.05859375,0.04096014052629471,0.005432561039924622,-0.03597736358642578
145,740000000,imu2_frame,-0.0017596400816974537,0.0068148660100871925,-0.9471273601853568,0.32078064913015725,-0.01953125,0.009765625,-0.064453125,-0.005470758303999901,0.0043891072273254395,-0.03614997863769531
145,765000000,imu2_frame,-0.0011958656186346708,0.009529780959092318,-0.9473629548063273,0.3200174761492236,-0.01953125,0.009765625,-0.064453125,-0.01721995323896408,-0.026981979608535767,-0.035315513610839844
145,790000000,imu2_frame,-0.0005507689992215396,0.012216081655498538,-0.9475129587995252,0.31948342196343305,-0.017578125,0.01171875,-0.044921875,0.011400923132896423,0.018758252263069153,-0.034195899963378906
145,815000000,imu2_frame,-0.0027629444172871747,0.011422503964852547,-0.9477069827570171,0.3189253319742892,-0.017578125,0.01171875,-0.044921875,0.12158786319196224,0.017888590693473816,-0.034420013427734375
145,840000000,imu2_frame,-0.005139194503366793,0.010126505664899447,-0.9475795246262649,0.31931815963383137,0.009765625,-0.015625,0.03515625,0.06957907229661942,0.008708208799362183,-0.034598350524902344
145,865000000,imu2_frame,-0.00531215249153156,0.0074500155567853105,-0.9474639812068654,0.3197315790155036,0.009765625,-0.015625,0.03515625,0.010679159313440323,0.03836362063884735,0.0035800933837890625
145,890000000,imu2_frame,-0.0058992563755403404,0.009734097755362157,-0.9472978995753555,0.3201517383604596,0.009765625,-0.015625,0.03515625,-0.02488238364458084,-0.14611731469631195,0.0005702972412109375
145,915000000,imu2_frame,-0.007876740627937712,0.007861988295492386,-0.9471679607474336,0.32054484901596836,0.009765625,-0.015625,0.03515625,-0.034072309732437134,-0.01602351665496826,0.004364967346191406
145,940000000,imu2_frame,-0.006237454448279452,0.008987608335290807,-0.947463921713121,0.31967551377984854,0.041015625,-0.02734375,-0.076171875,0.003142215311527252,-0.0055086612701416016,0.004282951354980469
145,965000000,imu2_frame,-0.006922422456412054,0.005936568146353187,-0.9477898935517355,0.3187650465580702,0.041015625,-0.02734375,-0.076171875,0.010303996503353119,0.020305216312408447,-0.035492897033691406
145,990000000,imu2_frame,-0.005073417584379884,0.006815347077162186,-0.9480895062905486,0.3178900746169596,0.041015625,-0.02734375,-0.076171875,-0.14151710644364357,-0.053106918931007385,-0.0005512237548828125
146,15000000,imu2_frame,-0.0038844188584281655,0.008319943694594437,-0.9483783834408538,0.31700809398052276,0.041015625,-0.02734375,-0.076171875,-0.03607933036983013,-0.032631322741508484,-0.03547096252441406
146,40000000,imu2_frame,-0.0029823320416872707,0.010615218115164011,-0.9486556142513949,0.3161185669796524,-0.015625,-0.01953125,-0.076171875,-0.005334172397851944,0.004334449768066406,-0.03474235534667969
146,65000000,imu2_frame,-0.002340179686376147,0.008402412363740326,-0.9489759108483513,0.3152279233428523,-0.015625,-0.01953125,-0.076171875,-0.007260747253894806,0.037470221519470215,-0.03563213348388672
146,90000000,imu2_frame,-0.0013936786699251182,0.010674352382603043,-0.9492511408347015,0.31433483339425583,-0.015625,-0.01953125,-0.076171875,-0.014960460364818573,-0.004309982061386108,-0.03485393524169922
146,115000000,imu2_frame,0.00033474550514737066,0.011645809911941243,-0.9495321073462016,0.31345340989630877,0.033203125,-0.033203125,-0.076171875,0.022880904376506805,0.0031652897596359253,-0.034465789794921875
146,140000000,imu2_frame,-0.0019922095488474905,0.010112854467154136,-0.949768272747668,0.312784253691823,0.037109375,-0.015625,-0.0546875,-0.029842976480722427,-0.01100914180278778,-0.03504180908203125
146,165000000,imu2_frame,-0.00011335842306317745,0.011204071346861352,-0.949965181605437,0.3121547847982977,0.037109375,-0.015625,-0.0546875,0.011571846902370453,-0.002196088433265686,-0.03466510772705078
146,190000000,imu2_frame,-0.0024445543826490945,0.01115105297573873,-0.9501397546115411,0.3116153476292896,-0.00390625,0.015625,-0.04296875,-0.032165830954909325,0.011056050658226013,-0.03457164764404297
146,215000000,imu2_frame,-0.0045761620567096725,0.010268518864650647,-0.9503182517700414,0.31107689823239776,-0.00390625,0.015625,-0.04296875,0.07899508252739906,0.007636860013008118,0.004413604736328125
146,240000000,imu2_frame,-0.006956120478947221,0.009257110974628988,-0.9506718241949047,0.30998225911528815,-0.001953125,-0.005859375,-0.08984375,0.028388753533363342,0.003235742449760437,0.0045642852783203125
146,265000000,imu2_frame,-0.004562674567444682,0.008943778064942511,-0.9510285215978483,0.3089400296855807,-0.001953125,-0.005859375,-0.08984375,-0.04643412120640278,0.021942555904388428,-0.03905487060546875
146,290000000,imu2_frame,-0.0067177308181067315,0.010345465034340353,-0.9513539472720394,0.307853066341377,-0.001953125,-0.005859375,-0.08984375,0.03889323025941849,-0.052344322204589844,0.004918098449707031
146,315000000,imu2_frame,-0.007572356449969316,0.012718336703933342,-0.951664493863992,0.3067826501741454,-0.001953125,-0.005859375,-0.08984375,-0.0020950734615325928,-0.08128121495246887,0.006226539611816406
146,340000000,imu2_frame,-0.008501357117082314,0.014993782490435216,-0.951795524700567,0.30624857970898395,0.00390625,-0.01953125,-0.044921875,-0.005909718573093414,-0.03343203663825989,0.007750511169433594
146,365000000,imu2_frame,-0.0064882070382091105,0.013758411043036236,-0.9519899307641589,0.30575117500780286,0.00390625,-0.01953125,-0.044921875,-0.015071533620357513,0.009647101163864136,-0.03650188446044922
146,390000000,imu2_frame,-0.008947244976010087,0.01251113042392705,-0.9521694474759804,0.3051831609314986,0.00390625,-0.01953125,-0.044921875,0.009669221937656403,0.0010779500007629395,0.006567955017089844
146,415000000,imu2_frame,-0.0074305644593599205,0.014180083389056674,-0.9523185854913832,0.3046851221746574,0.00390625,-0.01953125,-0.044921875,-0.030430633574724197,-0.016000419855117798,0.04210948944091797
146,440000000,imu2_frame,-0.005593274173573071,0.016229756005078075,-0.9528532512465439,0.30294552627976834,-0.025390625,0.01171875,-0.1484375,0.01536770910024643,0.011191606521606445,0.04286003112792969
146,465000000,imu2_frame,-0.004551275219982232,0.014288360612209778,-0.9534466404672755,0.3011886990352617,-0.025390625,0.01171875,-0.1484375,-0.01632684638025239,0.1602773368358612,0.006339073181152344
146,490000000,imu2_frame,-0.0030419799200826297,0.012616741111396023,-0.9540278099320302,0.29943697513531586,-0.025390625,0.01171875,-0.1484375,-0.03756837360560894,0.12027639150619507,0.0052356719970703125
146,515000000,imu2_frame,-0.001308300499431619,0.009996519833896484,-0.9545527369311533,0.2978714997415132,0.05078125,0.01171875,-0.1328125,-0.020893644541502,0.0613282173871994,0.003930091857910156
146,540000000,imu2_frame,0.00042200952859443005,0.008008059426788368,-0.9549958782506113,0.2965106497522787,0.00390625,0.021484375,-0.115234375,-0.00039541348814964294,0.014231666922569275,0.003200531005859375
146,565000000,imu2_frame,-0.0006941155669961767,0.0059537725507248914,-0.9554391819704191,0.29512715963070923,0.00390625,0.021484375,-0.115234375,0.12294581718742847,0.09566643834114075,0.03780174255371094
146,590000000,imu2_frame,-0.002318698444842395,0.003943381373267689,-0.955628903308311,0.29453772685790447,-0.0078125,-0.013671875,-0.048828125,0.08095313608646393,0.06748005747795105,0.03750896453857422
146,615000000,imu2_frame,-0.004695485873543318,0.005205769543173993,-0.9557965121245897,0.2939453687104866,-0.0078125,-0.013671875,-0.048828125,0.04374753311276436,-0.047635771334171295,-0.0010023117065429688
146,640000000,imu2_frame,-0.006468203415403697,0.006459214091234255,-0.9558252482238765,0.29379335553355485,0.009765625,0.029296875,-0.01171875,0.017806895077228546,-0.01404745876789093,-0.0003299713134765625
146,665000000,imu2_frame,-0.004773477292101613,0.008582503759497049,-0.9558562920092845,0.29367039954687596,0.009765625,0.029296875,-0.01171875,-0.01648426428437233,-0.02317790687084198,-7.724761962890625e-05
146,690000000,imu2_frame,-0.0036015808963708457,0.010946987876591398,-0.9558775664960489,0.2935392136343428,0.009765625,0.029296875,-0.01171875,0.018955335952341557,0.014268875122070312,0.00063323974609375
146,715000000,imu2_frame,-0.0017394752380575417,0.008918893988520448,-0.9559431856328442,0.2934110655685078,0.009765625,0.029296875,-0.01171875,-0.03603827580809593,0.1219472885131836,-0.0003490447998046875
146,740000000,imu2_frame,-0.0002571834116159162,0.007147785135046828,-0.9561707525067281,0.2927222831884742,-0.021484375,0.015625,-0.05859375,-0.018595527857542038,0.08037921786308289,-0.0009622573852539062
146,765000000,imu2_frame,0.0006256505259603175,0.009837192550017382,-0.9563613313613042,0.292020276831913,-0.021484375,0.015625,-0.05859375,-0.021995432674884796,-0.030610963702201843,-0.03912639617919922
146,790000000,imu2_frame,-0.0017717898184640218,0.010239454080970632,-0.9565772104204304,0.2912937603952931,-0.021484375,0.015625,-0.05859375,0.04861102066934109,-0.009387925267219543,-0.03891468048095703
146,815000000,imu2_frame,-0.003904620432771461,0.010076980253010688,-0.9567805413982717,0.2906100549015579,0.00390625,0.029296875,-0.0546875,0.007655257359147072,-0.00029380619525909424,-0.0387420654296875
146,840000000,imu2_frame,-0.006865423868744814,0.009860616900180886,-0.9569721981110698,0.28993076109981447,-0.0234375,-0.033203125,-0.0546875,-0.04910440742969513,0.012424588203430176,-0.03820323944091797
146,865000000,imu2_frame,-0.004922206843610767,0.009435287339635275,-0.9571782240886063,0.2893036373141355,-0.0234375,-0.033203125,-0.0546875,-0.05436291918158531,0.03249579668045044,0.00025081634521484375
146,890000000,imu2_frame,-0.0029336965804187976,0.009943835434935858,-0.95737019779807,0.288677705979006,-0.0234375,-0.033203125,-0.0546875,-0.16675820061936975,0.030766963958740234,-0.035017967224121094
146,915000000,imu2_frame,-0.0006509531171619661,0.011112067242891436,-0.9577630060538679,0.287343213694507,-0.072265625,0.005859375,-0.11328125,-0.11774197593331337,0.039816275238990784,-0.034697532653808594
146,940000000,imu2_frame,0.0005947109908491807,0.009962181111700446,-0.9581759167380337,0.28600579338461596,-0.072265625,0.005859375,-0.11328125,-0.02301044762134552,0.08951309323310852,-0.0390777587890625
146,965000000,imu2_frame,0.002090771684708105,0.008089785791688932,-0.958340138463443,0.2855072031481443,-0.015625,0.021484375,-0.04296875,-0.00552976131439209,0.04612627625465393,-0.03966045379638672
146,990000000,imu2_frame,0.003479783475181989,0.00571649296565331,-0.958669415670253,0.2844436047331612,0.015625,0.02734375,-0.08984375,0.007148921489715576,-0.005974933505058289,-0.040149688720703125
147,15000000,imu2_frame,0.0019472847462001866,0.007244301755178506,-0.9589881406528077,0.2833469150378526,0.015625,0.02734375,-0.08984375,0.06100127846002579,-0.08592478930950165,-0.03601837158203125
147,40000000,imu2_frame,0.00011221943436883377,0.008533911778286168,-0.95917204449991,0.2826944442439957,0.0234375,0.00390625,-0.052734375,0.03363632783293724,-0.05155456066131592,-0.03569602966308594
147,65000000,imu2_frame,0.0005306738790660679,0.010750356459991174,-0.9593372351317545,0.2820571174620098,0.0234375,0.00390625,-0.052734375,0.014535024762153625,0.026793211698532104,-0.038761138916015625
147,90000000,imu2_frame,0.002313452611926854,0.012351923623821119,-0.9594984490611494,0.28143348089566844,0.0234375,0.00390625,-0.052734375,0.021496810019016266,0.008001714944839478,-0.03793811798095703
147,115000000,imu2_frame,0.004924800178560233,0.011853662560176611,-0.9596723041516875,0.28082789332846164,0.0234375,0.00390625,-0.052734375,0.028546765446662903,-0.015610367059707642,-0.037804603576660156
147,140000000,imu2_frame,0.0025898714300239636,0.01178029585501565,-0.9598629504418271,0.2802099812009822,0.0546875,-0.0078125,-0.048828125,-0.01578924059867859,-0.004094138741493225,-0.038181304931640625
147,165000000,imu2_frame,0.00017652219461850648,0.01108774059373313,-0.9600536650432839,0.2795961213704492,0.0546875,-0.0078125,-0.048828125,0.08734811097383499,-0.038982391357421875,0.0004405975341796875
147,190000000,imu2_frame,-0.0011090144209770433,0.008315725657446498,-0.9602538814350955,0.2790019748722893,0.0546875,-0.0078125,-0.048828125,0.047972479835152626,0.029323875904083252,-0.0005865097045898438
147,215000000,imu2_frame,-0.002672915194887015,0.006453267236245398,-0.9605478169595596,0.27802716090440344,0.00390625,0.009765625,-0.080078125,0.008322085253894329,0.002880275249481201,-0.0010089874267578125
147,240000000,imu2_frame,-0.00488472621026218,0.005396315891465502,-0.9606251708539162,0.2777522283376587,-0.033203125,-0.00390625,-0.021484375,-0.03898737579584122,-0.004962742328643799,-0.000926971435546875
147,265000000,imu2_frame,-0.0030449545371332805,0.0072753553948722224,-0.9606905503575692,0.27750939427236715,-0.033203125,-0.00390625,-0.021484375,-0.07240268774330616,-0.018735364079475403,-0.0007467269897460938
147,290000000,imu2_frame,-0.0009668406672615849,0.006548358034707929,-0.9607702902051021,0.27726635873357786,-0.033203125,-0.00390625,-0.021484375,-0.07251073978841305,0.07353290915489197,0.00279998779296875
147,315000000,imu2_frame,0.0013114303633390324,0.005201182697129896,-0.9613474013132342,0.27528603640076715,0.01171875,0.005859375,-0.166015625,-0.03721199184656143,0.03599420189857483,0.002506256103515625
147,340000000,imu2_frame,0.0007544952428475148,0.007496305188921421,-0.961905131387383,0.2732796266758,0.01171875,0.005859375,-0.166015625,-0.0004570372402667999,-0.10917478799819946,0.0030527114868164062
147,365000000,imu2_frame,-2.9554846490644915e-05,0.010692927203606168,-0.962371076166697,0.2715282161987641,-0.0625,0.009765625,-0.14453125,0.0015103407204151154,-0.044785648584365845,0.0041790008544921875
147,390000000,imu2_frame,-0.0006225705418738512,0.013252941832698154,-0.9625889626317405,0.27064083387073923,-0.009765625,0.017578125,-0.072265625,0.0037097670137882233,0.006565481424331665,0.0053844451904296875
147,415000000,imu2_frame,0.0008172012408949444,0.0112789243068212,-0.9628527110548933,0.2697902423418144,-0.009765625,0.017578125,-0.072265625,-0.014982238411903381,0.0751589834690094,-0.03852558135986328
147,440000000,imu2_frame,0.002108736952100643,0.009328508024011998,-0.9630114534899297,0.2692906842312331,-0.017578125,0.017578125,-0.04296875,-0.001044534146785736,0.031688541173934937,-0.039237022399902344
147,465000000,imu2_frame,0.002188092622519836,0.007100215883945722,-0.9631724059975773,0.2687819106820892,-0.017578125,0.017578125,-0.04296875,0.02381233125925064,0.0674942210316658,-0.039946556091308594
147,490000000,imu2_frame,8.696038088266649e-05,0.00846344778099019,-0.9633137728052057,0.26824417535773487,-0.017578125,0.017578125,-0.04296875,0.10851480066776276,-0.08718262612819672,-0.03571891784667969
147,515000000,imu2_frame,-0.0011802565196584916,0.010797884315657041,-0.9634389733299712,0.2677075967501565,-0.017578125,0.017578125,-0.04296875,0.057714808732271194,-0.15375402569770813,0.043313026428222656
147,540000000,imu2_frame,-0.0026970680697495277,0.013211657257562973,-0.9634576213996783,0.267521194867267,-0.03125,0.005859375,-0.013671875,0.041731441393494606,-0.10036429762840271,0.04456043243408203
147,565000000,imu2_frame,-0.0047383192849787,0.01592387115361561,-0.9634216604472897,0.26747463961808343,-0.068359375,-0.021484375,-0.001953125,0.01746061723679304,-0.038626909255981445,0.0464019775390625
147,590000000,imu2_frame,-0.006407995853536908,0.01887905637741381,-0.9633707817746161,0.2674308427283664,-0.068359375,-0.021484375,-0.001953125,0.0014580152928829193,-0.01333153247833252,0.005806922912597656
147,615000000,imu2_frame,-0.007175529231293123,0.02101545422285504,-0.9635411034986284,0.26663721483075764,0.017578125,0.009765625,-0.064453125,-0.0021773912012577057,0.030870258808135986,0.0076770782470703125
147,640000000,imu2_frame,-0.006146625008178243,0.01846159841538498,-0.9637335094190814,0.26615617822575377,0.01953125,0.01171875,-0.041015625,0.003694085404276848,-0.022580862045288086,0.0054378509521484375
147,665000000,imu2_frame,-0.007152405880119443,0.020640619906947245,-0.9637914073640999,0.2657610411461973,0.0078125,0.001953125,-0.03125,-0.004084000363945961,0.023668408393859863,0.007365226745605469
147,690000000,imu2_frame,-0.0068166492696358555,0.018070271131840312,-0.9639485902958713,0.2653867251023664,0.0078125,0.001953125,-0.03125,0.0668606236577034,0.43444401025772095,0.044391632080078125
147,715000000,imu2_frame,-0.006532445827138499,0.015252732796853139,-0.96430216472326,0.26428396925235165,0.025390625,-0.005859375,-0.091796875,0.057225629687309265,0.37984490394592285,0.042481422424316406
147,740000000,imu2_frame,-0.005414383812473667,0.01268747015411395,-0.964644643457248,0.2631927514166347,0.025390625,-0.005859375,-0.091796875,-0.09150863066315651,0.43896612524986267,-0.03730583190917969
147,765000000,imu2_frame,-0.0032635343429301697,0.011082642011175863,-0.9649676625011346,0.2621143542745056,0.025390625,-0.005859375,-0.091796875,-0.0594625873491168,0.05389103293418884,-0.03841686248779297
147,790000000,imu2_frame,-0.0012320626542888017,0.009883229443675437,-0.965035563546566,0.2619296945513073,0.001953125,-0.017578125,-0.017578125,-0.027326809242367744,0.020867496728897095,-0.039086341857910156
147,815000000,imu2_frame,-0.001959426529481502,0.007354018022057857,-0.9651145886649551,0.261717232548186,0.001953125,-0.017578125,-0.017578125,0.024094326829072088,0.05500951409339905,-0.0008306503295898438
147,840000000,imu2_frame,-0.0022348363775735692,0.005083969559336532,-0.965238465152703,0.26131181402596265,-0.013671875,0.01171875,-0.033203125,0.007239766418933868,0.013588003814220428,-0.0013599395751953125
147,865000000,imu2_frame,-0.0008036792755537572,0.007399181215687869,-0.9653322263591847,0.26091818443600173,-0.013671875,0.01171875,-0.033203125,-0.032115159556269646,-0.028157219290733337,-0.03994178771972656
147,890000000,imu2_frame,-0.0016081945830487114,0.009937559641465001,-0.9654197230628004,0.2605060785085466,-0.013671875,0.01171875,-0.033203125,0.004629991948604584,-0.015214577317237854,0.003924369812011719
147,915000000,imu2_frame,0.00043179845293079384,0.011707393185939717,-0.9655050677862856,0.2601205769905294,-0.013671875,0.01171875,-0.033203125,0.01298939436674118,0.00781916081905365,0.004626274108886719
147,940000000,imu2_frame,-0.0014149592609996216,0.010268514196958865,-0.9654669057081736,0.2603194374009767,-0.03125,-0.001953125,0.017578125,-0.029139403253793716,-0.009948626160621643,0.0040435791015625
147,965000000,imu2_frame,0.0006627018862483592,0.011582504893446062,-0.9653204605379331,0.2608099209643606,0.005859375,-0.001953125,0.0390625,0.01686587929725647,0.0042373985052108765,0.004574775695800781
147,990000000,imu2_frame,-0.0006468805759637324,0.01363328431941796,-0.9651723858531597,0.2612584557305388,0.005859375,-0.001953125,0.0390625,0.04179396852850914,-0.14182963967323303,-0.033477783203125
148,15000000,imu2_frame,-0.001974151312608356,0.016090802510401438,-0.9653880254611215,0.2603135591886131,-0.025390625,0.005859375,-0.076171875,0.02899785339832306,-0.08865568041801453,-0.031982421875
148,40000000,imu2_frame,-0.003278991153598907,0.01830600968068564,-0.9655939415575703,0.25938866253924997,-0.0078125,0.0078125,-0.07421875,0.015302455052733421,-0.040199488401412964,-0.03035736083984375
148,65000000,imu2_frame,-0.00469506045530466,0.019724917214560145,-0.9657505874119001,0.25867873310685874,0.048828125,-0.009765625,-0.056640625,-0.0045191021636128426,-0.006242990493774414,-0.029083251953125
148,90000000,imu2_frame,-0.0031871526254674916,0.017089186431285958,-0.9659804658473604,0.25803011716963464,0.048828125,-0.009765625,-0.056640625,-0.028674179688096046,0.053600162267684937,0.00785064697265625
148,115000000,imu2_frame,-0.0013964468216543942,0.015540220463789224,-0.9665808358996142,0.25588677018520206,-0.01953125,0.015625,-0.1796875,-0.003341827541589737,0.01544421911239624,0.006702423095703125
148,140000000,imu2_frame,-0.0028807001143450715,0.013881486961497082,-0.9671811963539817,0.25369181954858044,-0.01953125,0.015625,-0.1796875,0.03781367465853691,0.030630052089691162,0.0019664764404296875
148,165000000,imu2_frame,-0.004481964065269491,0.010672930703118214,-0.9673365697465057,0.25323104347490205,0.08984375,-0.033203125,-0.037109375,-0.008480094373226166,-0.02209717035293579,0.0006561279296875
148,190000000,imu2_frame,-0.004340600191434826,0.013197977351761215,-0.9672670191343932,0.25338012210642286,-0.005859375,-0.009765625,0.01171875,0.0067361388355493546,0.02494296431541443,0.0018100738525390625
148,215000000,imu2_frame,-0.0028360202411993646,0.01135211042964088,-0.9672532104693364,0.25354351384870055,-0.005859375,-0.009765625,0.01171875,-0.08720283885486424,0.17400296032428741,-0.03444194793701172
148,240000000,imu2_frame,-0.0012838396435335575,0.009955866285758185,-0.967298282878162,0.25344282278894653,-0.0390625,0.001953125,-0.009765625,-0.06479626893997192,0.13991765677928925,-0.03514862060546875
148,265000000,imu2_frame,-0.0015781278967487706,0.00794191400006992,-0.9673474427930284,0.2533246147458747,-0.0390625,0.001953125,-0.009765625,0.032923429273068905,0.10329984128475189,0.0032253265380859375
148,290000000,imu2_frame,-0.0014756120719893982,0.005927436062829301,-0.9673926027586035,0.25320789916325376,-0.0390625,0.001953125,-0.009765625,0.06393432314507663,0.3693900406360626,0.0026731491088867188
148,315000000,imu2_frame,-0.001222297883921312,0.0039276772566910695,-0.9674337921242168,0.25309076868864233,-0.0390625,0.001953125,-0.009765625,0.019754162756726146,0.17797786742448807,0.0022745132446289062
148,340000000,imu2_frame,-0.0008478821099275288,0.0014042881994540738,-0.9674657902863213,0.2529965487832673,0.00390625,0.0,-0.0078125,0.014347738586366177,0.12840612791478634,0.0019960403442382812
148,365000000,imu2_frame,-0.0004928286356983906,-0.0011473860234408216,-0.9674667222102175,0.2529952213799046,0.005859375,-0.001953125,0.0,0.008443298749625683,0.07839498110115528,0.0019741058349609375
148,390000000,imu2_frame,-0.0005748144042887757,0.0012759402577956396,-0.967466186967049,0.2529964795017868,0.005859375,-0.001953125,0.0,-0.059247951954603195,-0.2581840045750141,0.0019817352294921875
148,415000000,imu2_frame,-0.0006330181893970408,0.003806263058405053,-0.9674843049592982,0.2529016237728137,-0.001953125,0.001953125,-0.0078125,-0.04784257523715496,-0.2100445181131363,0.0022344589233398438
148,440000000,imu2_frame,-0.0006825885667345156,0.006290590346774593,-0.9674718407867965,0.2528995844807682,0.001953125,0.001953125,0.0,-0.03649882785975933,-0.1628185361623764,0.0027265548706054688
148,465000000,imu2_frame,-0.0007469301730388233,0.008799089326940929,-0.9674532313957672,0.25289575556782506,0.0,0.001953125,0.0,-0.025315310806035995,-0.11506465077400208,0.003467559814453125
148,490000000,imu2_frame,-0.002081369544660597,0.010907468606651177,-0.9674339842535368,0.25287977606115725,0.0,0.001953125,0.0,-0.00106841791421175,0.0056174397468566895,-0.03470802307128906
148,515000000,imu2_frame,-0.0009138120416884387,0.00866709713251655,-0.9674610323929179,0.25286992145385256,0.001953125,0.0,-0.001953125,0.00993429310619831,-0.042516112327575684,-0.03563404083251953
148,540000000,imu2_frame,-0.0020763681542675058,0.010856791176314854,-0.9674468993003809,0.2528325845588746,0.001953125,0.0,-0.001953125,-0.0012348834425210953,0.004635214805603027,0.0043315887451171875
148,565000000,imu2_frame,-0.0008200136305864897,0.0086326602612647,-0.9674736751868508,0.2528230459726869,0.00390625,0.001953125,-0.001953125,0.011529797688126564,-0.043629616498947144,0.0034132003784179688
148,590000000,imu2_frame,-0.0020580055129571007,0.010833964015553926,-0.9674719611180709,0.2527377975043945,-0.001953125,0.0,-0.005859375,-0.0010215239599347115,0.004114285111427307,0.004321098327636719
148,615000000,imu2_frame,-0.0008817634531538588,0.00865143408585007,-0.9675106210722046,0.2526807734948346,-0.001953125,0.0,-0.005859375,0.010430118069052696,-0.042965590953826904,0.003421783447265625
148,640000000,imu2_frame,-0.0020867588484693353,0.010824627801582616,-0.9675089757068808,0.2525962287863536,0.001953125,-0.001953125,-0.005859375,-0.0016428753733634949,0.004081845283508301,0.004319190979003906
148,665000000,imu2_frame,-0.0005969152799634029,0.008830133698285485,-0.9675393124270323,0.25256553870083837,-0.001953125,0.001953125,-0.00390625,0.016679592430591583,-0.04098932445049286,0.0034742355346679688
148,690000000,imu2_frame,-0.003057872154733479,0.008511121353045359,-0.9675555900532861,0.25249631757282415,-0.001953125,0.001953125,-0.00390625,-0.03145105764269829,0.0041878968477249146,-0.0003643035888671875
148,715000000,imu2_frame,-0.001886993673891067,0.010759067586239107,-0.9675456287195939,0.25246017124519904,-0.001953125,0.001953125,-0.00390625,0.001781422644853592,0.001858249306678772,0.004276275634765625
148,740000000,imu2_frame,-0.0030768275252522565,0.008516879518699559,-0.9675740218871057,0.2524252524310002,0.001953125,-0.001953125,-0.001953125,-0.03179407678544521,-0.034673333168029785,0.0035467147827148438
148,765000000,imu2_frame,-0.0019406522129726815,0.010766429304105119,-0.9675576731764395,0.2524132859942641,-0.00390625,-0.001953125,-0.001953125,0.0007925927639007568,0.0022630691528320312,0.004282951354980469
148,790000000,imu2_frame,-0.0013885620107557614,0.008374261901851728,-0.9675863940111784,0.25239753120343,-0.00390625,-0.001953125,-0.001953125,-0.0005719354376196861,-0.006637081503868103,-0.03961658477783203
148,815000000,imu2_frame,-0.0018084668670898993,0.010838778657441832,-0.967562858327759,0.2523912944406413,0.0,0.0,0.0,0.00364474393427372,0.04204200208187103,-0.038664817810058594
148,840000000,imu2_frame,-0.0013758988688935606,0.008323427788803375,-0.9675929956746839,0.2523739728526658,0.00390625,0.0,-0.001953125,-0.0005872445181012154,-0.007660582661628723,-0.039633750915527344
148,865000000,imu2_frame,-0.0018113727886313194,0.010762380890944378,-0.9675698791605176,0.25236762674218033,0.001953125,0.0,0.0,0.003207644447684288,0.04061208665370941,-0.038697242736816406
148,890000000,imu2_frame,-0.0013660908984327795,0.008274195335280564,-0.9675934212660056,0.25237401334122583,0.001953125,0.0,0.0,-0.0006446167826652527,-0.008640110492706299,-0.0005884170532226562
148,915000000,imu2_frame,-0.0018158805805924033,0.010736832000825057,-0.9675701671115764,0.2523675786070374,0.0,0.0,0.0,0.002996329218149185,0.04015113413333893,0.000354766845703125
148,940000000,imu2_frame,-0.0013661590638881617,0.00827456793447748,-0.9675934182064568,0.2523740124863383,0.0,0.0,0.0,-0.0006440645083785057,-0.008632689714431763,-0.00058746337890625
148,965000000,imu2_frame,-0.0017984826282534652,0.0107669606773701,-0.967569930810821,0.252367325556917,-0.001953125,0.001953125,0.0,0.0034739654511213303,0.04063509404659271,0.0003662109375
148,990000000,imu2_frame,-0.0013522053250219243,0.008305659453675202,-0.9676056832023727,0.25232603788802327,0.0,0.001953125,-0.00390625,-0.000234873965382576,-0.008112728595733643,-0.0005788803100585938
149,15000000,imu2_frame,0.0009153140266778633,0.009420553714087038,-0.9676038899636259,0.25229571438138143,0.0,0.001953125,-0.00390625,0.009083673357963562,0.0017904341220855713,-0.0002117156982421875
149,40000000,imu2_frame,-0.0013068068709750208,0.00831750497145935,-0.9676119535765224,0.2523018403870207,0.001953125,0.001953125,0.001953125,-0.038384394720196724,-0.008112296462059021,-0.0005769729614257812
149,65000000,imu2_frame,0.0008948901973756711,0.009477207383999807,-0.9676034399038257,0.2522953919476512,-0.00390625,-0.001953125,-0.001953125,0.008976690471172333,0.0029626041650772095,-0.00019073486328125
149,90000000,imu2_frame,-0.0014437619231160489,0.010491710278944601,-0.967604805589376,0.25224745740498183,-0.00390625,-0.001953125,-0.001953125,0.008799491450190544,-0.00537930428981781,-0.034926414489746094
149,115000000,imu2_frame,-0.0014812823667343473,0.00802926508413616,-0.9676338129276785,0.2522263681374354,-0.00390625,-0.001953125,-0.001953125,-0.00405594427138567,-0.012702330946922302,-0.000659942626953125
149,140000000,imu2_frame,-0.001352591226208728,0.010551543762034047,-0.967610102684195,0.25222514665412443,-0.001953125,0.0,0.0,0.010814158245921135,0.03436578810214996,0.00024890899658203125
149,165000000,imu2_frame,-0.0014712603381784983,0.008027928164495518,-0.9676338207841798,0.2522264392109057,0.001953125,0.0,0.0,-0.0038729682564735413,-0.012777015566825867,-0.0006608963012695312
149,190000000,imu2_frame,-0.0019138759866526287,0.01046469491363241,-0.9676112916278944,0.25222056925094377,0.001953125,0.0,0.0,-0.00023115891963243484,-0.0035720020532608032,0.004155158996582031
149,215000000,imu2_frame,-0.0023765387379128685,0.012974586363060309,-0.9675819860211538,0.25221243525983134,-0.00390625,0.001953125,0.0,0.0033915620297193527,0.04617339372634888,0.005344390869140625
149,240000000,imu2_frame,-0.001925138048977405,0.010515418542293454,-0.9676170300606689,0.25219635792957706,0.0,0.0,-0.001953125,-0.00019927974790334702,-0.0025566667318344116,0.004178047180175781
149,265000000,imu2_frame,-0.002376806503973342,0.012924848061687914,-0.9675825217225149,0.25221293137054623,0.00390625,-0.001953125,0.001953125,0.003141390159726143,0.04523417353630066,0.0053195953369140625
149,290000000,imu2_frame,-0.0018459522144475043,0.01042751255124072,-0.9676052964688551,0.25224561381287686,0.00390625,-0.001953125,0.001953125,0.0008755642920732498,0.034452155232429504,-0.0388336181640625
149,315000000,imu2_frame,-0.0013093897982175131,0.008032735387109762,-0.9676332164579768,0.2522294968233235,-0.00390625,-0.001953125,-0.001953125,-0.0007870690897107124,-0.013484179973602295,-0.039730072021484375
149,340000000,imu2_frame,-0.001940379785503956,0.01050349842001445,-0.9676165653196367,0.252198520943835,-0.00390625,-0.001953125,-0.001953125,-0.0005458695814013481,-0.0027071237564086914,0.00417327880859375
149,365000000,imu2_frame,-0.002087474096002931,0.012973473053863876,-0.9675872793314146,0.2521947428572813,0.001953125,-0.001953125,0.0,0.008848588913679123,0.044727861881256104,0.0053195953369140625
149,390000000,imu2_frame,-0.0019318523016165117,0.010453491614180768,-0.967623136587751,0.25217545082707654,0.001953125,0.0,-0.001953125,-0.000636058859527111,-0.0036944448947906494,0.0041522979736328125
149,415000000,imu2_frame,-0.0012510694380620385,0.008018823192330177,-0.9676515030254715,0.2521600721613499,0.001953125,0.0,-0.001953125,0.00023611076176166534,-0.014033690094947815,-0.000675201416015625
149,440000000,imu2_frame,-0.0019337117289303,0.010375520639056297,-0.9676300331066726,0.25215219285264523,0.00390625,-0.001953125,0.0,-0.0010605566203594208,0.0339028537273407,0.00021457672119140625
149,465000000,imu2_frame,-0.0012210832587464073,0.007951213848972571,-0.9676519455676099,0.2521606618670377,0.001953125,0.0,0.0,0.00047013163566589355,-0.015460208058357239,-0.000698089599609375
149,490000000,imu2_frame,-0.0019181988333451096,0.010325930603368555,-0.9676305622309707,0.2521523164814988,0.001953125,0.0,0.0,-0.0010115597397089005,0.03288853168487549,0.00019359588623046875
149,515000000,imu2_frame,-0.0012072521866663662,0.007902699548494348,-0.9676523407704232,0.2521607369982982,0.001953125,0.0,0.0,0.0004926174879074097,-0.01644599437713623,-0.000713348388671875
149,540000000,imu2_frame,-0.0019396955356761312,0.010320441462502177,-0.9676305226003232,0.25215252884211414,-0.001953125,-0.001953125,0.0,-0.0014451676979660988,0.03289066255092621,0.0001926422119140625
149,565000000,imu2_frame,-0.0012036221619410401,0.007930247902484526,-0.9676581584503189,0.25213756333881315,0.0,0.0,-0.001953125,0.0006933305412530899,-0.015942439436912537,-0.000705718994140625
149,590000000,imu2_frame,-0.0018623207053790935,0.010344162939608412,-0.967642575796402,0.2521058816465286,0.0,0.0,-0.001953125,0.00012538395822048187,-0.006103768944740295,-0.03495979309082031
149,615000000,imu2_frame,-0.002511345132119752,0.012735677134276919,-0.9676089195705984,0.2521199604176115,0.001953125,0.0,0.001953125,-0.00036027468740940094,0.04232153296470642,-0.033824920654296875
149,640000000,imu2_frame,-0.0018731405401059584,0.010289900426044664,-0.9676307177733547,0.2521535312367471,0.001953125,-0.001953125,0.001953125,-0.0003366488963365555,-0.007077336311340332,-0.03498077392578125
149,665000000,imu2_frame,-0.0023817435381690804,0.012736738983959864,-0.9676087266599679,0.2521219047787175,0.0,0.0,-0.001953125,0.002096736803650856,0.04170295596122742,-0.03383636474609375
149,690000000,imu2_frame,-0.0018734304279434324,0.010285543325174042,-0.9676430735451111,0.2521062872621557,0.0,0.0,-0.001953125,-0.0003735590726137161,-0.007157564163208008,0.0040798187255859375
149,715000000,imu2_frame,-0.0023777010397429336,0.012735417919592063,-0.9676148965932694,0.2520983291475284,0.0,0.0,0.0,0.0021605361253023148,0.04165852069854736,0.0052242279052734375
149,740000000,imu2_frame,-0.0018117244194985045,0.010297412161945064,-0.9676428601063576,0.2521070729721461,0.0,0.0,0.0,0.0008522477000951767,0.03182533383369446,0.00017452239990234375
149,765000000,imu2_frame,-0.0012464543964319668,0.007862431746060331,-0.9676647373604728,0.25211422924453075,0.0,0.0,0.0,-0.00045481882989406586,-0.017013654112815857,-0.0007238388061523438
149,790000000,imu2_frame,-0.0018123926539644227,0.010300290718434682,-0.9676428306646803,0.2521070635805919,0.0,0.0,0.0,0.000853782519698143,0.03188292682170868,0.00017547607421875
149,815000000,imu2_frame,-0.002729812780018056,0.012626835990942104,-0.9676163229936535,0.25209474927353287,0.0,0.0,0.0,-0.00503537617623806,0.04134005308151245,0.005206108093261719
149,840000000,imu2_frame,-0.0018114779983936368,0.01029797176009271,-0.9676428540659021,0.2521070750698694,0.0,0.0,0.0,0.0008596628904342651,-0.007227793335914612,0.004080772399902344
149,865000000,imu2_frame,-0.0027288089733426136,0.012624264619834048,-0.9676163556326033,0.25209476364390204,0.0,0.0,0.0,-0.0050290608778595924,0.04128652811050415,0.005204200744628906
149,890000000,imu2_frame,-0.00194779340108384,0.010246514230357417,-0.9676435869527868,0.25210534241887517,0.0,0.0,0.0,-0.0019726529717445374,0.03153325617313385,0.000164031982421875
149,915000000,imu2_frame,-0.0019391567888705089,0.012745539452942926,-0.9676145508729296,0.2521028992970538,0.0,0.0,0.0,0.010506236925721169,0.039688944816589355,0.005192756652832031
149,940000000,imu2_frame,-0.0019478100728196944,0.010242235900824914,-0.9676436314819729,0.25210534522705336,0.0,0.0,0.0,-0.001994047313928604,-0.007610037922859192,0.0040683746337890625
149,965000000,imu2_frame,-0.0019696874056433396,0.012758619761762721,-0.9676327270086807,0.25203222725485463,-0.001953125,-0.001953125,-0.005859375,0.009974908083677292,0.04008862376213074,0.0052013397216796875
149,990000000,imu2_frame,-0.001972007899593711,0.010272738769282653,-0.9676799489135085,0.25196447863492905,-0.001953125,-0.001953125,-0.005859375,-0.002331111580133438,-0.00691203773021698,0.004082679748535156
150,15000000,imu2_frame,-0.001782205525505936,0.01274284891453784,-0.9676572234134301,0.2519403531013187,0.001953125,0.0,-0.001953125,0.013419600203633308,0.038869619369506836,0.005179405212402344
150,40000000,imu2_frame,-0.0019983544043096855,0.010240822723875402,-0.9676801651515328,0.25196473979887546,0.0,-0.001953125,0.001953125,-0.0029866183176636696,-0.007385909557342529,0.0040721893310546875
150,65000000,imu2_frame,-0.001704422335906152,0.012758844777192836,-0.9676873906301844,0.2518241863677859,-0.00390625,-0.001953125,-0.01171875,0.014939667657017708,0.038792774081230164,0.0051822662353515625
150,90000000,imu2_frame,-0.002022825221752495,0.010312057208906059,-0.9677528841762946,0.25168219011822435,-0.00390625,-0.001953125,-0.01171875,-0.003158477135002613,-0.005914449691772461,0.004101753234863281
150,115000000,imu2_frame,-0.0012037774625968888,0.008002507330861174,-0.967810393155717,0.2515503005285746,-0.00390625,-0.001953125,-0.01171875,0.0009510871022939682,-0.014564916491508484,-0.000682830810546875
150,140000000,imu2_frame,-0.003193329697346013,0.009607939777340996,-0.9678327089410362,0.2513908065990768,-0.00390625,-0.001953125,-0.01171875,0.01023806817829609,-0.013478949666023254,4.100799560546875e-05
150,165000000,imu2_frame,-0.005178948274211432,0.011226382916890895,-0.9678425399898165,0.2512527902480628,-0.005859375,0.0,-0.009765625,-0.019404899328947067,0.02688482403755188,0.0010251998901367188
150,190000000,imu2_frame,-0.006605365275516703,0.01336610323336302,-0.967840911475985,0.25112086035864584,-0.005859375,0.0,-0.009765625,0.04220883548259735,-0.11705297231674194,0.0062885284423828125
150,215000000,imu2_frame,-0.004844011226780766,0.011679763386622386,-0.9678987554812049,0.251022146075604,-0.005859375,0.0,-0.009765625,-0.08902470394968987,0.1509958654642105,-0.03399372100830078
150,240000000,imu2_frame,-0.003060221300909632,0.009432943466764885,-0.9687108993461051,0.24799364530407317,0.037109375,-0.005859375,-0.251953125,-0.06690760143101215,0.09970264136791229,-0.03519630432128906
150,265000000,imu2_frame,-0.0010918354072634578,0.007797223254550223,-0.9692262749987994,0.24604560361224476,0.0,0.009765625,-0.162109375,-0.0378723070025444,0.05922442674636841,-0.03590679168701172
150,290000000,imu2_frame,-0.0008985915304121492,0.01032376951190926,-0.9697002340640601,0.24407799649381212,0.0,0.009765625,-0.162109375,-0.05762143060564995,-0.20237071812152863,0.00013637542724609375
150,315000000,imu2_frame,0.0011922729216975575,0.008837261100456737,-0.9702020117498169,0.2421333056358229,0.0,0.009765625,-0.162109375,0.009750500321388245,-0.009922116994857788,-0.000408172607421875
150,340000000,imu2_frame,-0.0010276920972409538,0.01005189858687519,-0.9704553817892282,0.2410689841934797,0.005859375,-0.0078125,-0.0859375,-0.026815762743353844,0.023648634552955627,3.24249267578125e-05
150,365000000,imu2_frame,0.0010297826933446399,0.009311156983242475,-0.9707212633786119,0.24002597927697278,-0.03515625,-0.00390625,-0.087890625,0.008538797497749329,-2.8818845748901367e-05,-0.000247955322265625
150,390000000,imu2_frame,0.0009338190942511313,0.007225194190090223,-0.9710000169671026,0.23896839037977638,-0.03515625,-0.00390625,-0.087890625,-0.0032133422791957855,-3.819167613983154e-05,0.0029811859130859375
150,415000000,imu2_frame,0.0033076925648212636,0.008058155587801562,-0.9708679268715246,0.23945687267357252,-0.01953125,0.0,0.0390625,0.04580273479223251,0.0046305060386657715,0.0034265518188476562
150,440000000,imu2_frame,0.002932136263606132,0.005814497990556346,-0.9707654841838546,0.23994159478368088,-0.01953125,0.0,0.0390625,0.028222903609275818,0.07705074548721313,0.002773284912109375
150,465000000,imu2_frame,0.002516597909547611,0.003916338103654602,-0.9706445332342315,0.2404735310451457,-0.048828125,0.0,0.04296875,0.011469826102256775,0.04294533282518387,0.0023670196533203125
150,490000000,imu2_frame,6.418459370697474e-05,0.0035436443863400883,-0.9705207473915577,0.24099152961739817,-0.048828125,0.0,0.04296875,0.002285689115524292,0.012236356735229492,-0.0017175674438476562
150,515000000,imu2_frame,-0.002444361670410644,0.0049517102883203925,-0.9703843678396092,0.24150296957546233,-0.048828125,0.0,0.04296875,0.0004477463662624359,0.011714406311511993,-0.0013666152954101562
150,540000000,imu2_frame,-0.0009568749304243811,0.0074396068319408926,-0.9702391097226299,0.24203265607184526,-0.048828125,0.0,0.04296875,0.0014246217906475067,0.01280975341796875,0.00304412841796875
150,565000000,imu2_frame,-0.0005358310015981021,0.004757743473124449,-0.9706734869335181,0.24035402748135318,0.017578125,0.00390625,-0.138671875,-0.003438793122768402,-0.04002203047275543,0.002391815185546875
150,590000000,imu2_frame,-0.0009740311310343986,0.006998718896975718,-0.9710759157797991,0.23866636752919657,0.017578125,0.00390625,-0.138671875,-0.001463073305785656,-0.07354532182216644,0.0029201507568359375
150,615000000,imu2_frame,-0.0014640894243938933,0.009228181991902125,-0.9714705138159448,0.23697623907359522,0.017578125,0.00390625,-0.138671875,-0.0006804186850786209,-0.14219841361045837,-0.000255584716796875
150,640000000,imu2_frame,-0.0019234137861695898,0.01192041869678147,-0.9718349702738762,0.2353529151089381,-0.017578125,0.015625,-0.1328125,0.0026763007044792175,-0.08892267942428589,0.0008878707885742188
150,665000000,imu2_frame,-0.002544381636828545,0.01484780171258324,-0.9724649972740003,0.23256160040571736,-0.0390625,0.015625,-0.228515625,0.003505922853946686,-0.030411481857299805,0.0024728775024414062
150,690000000,imu2_frame,-0.0036939063676143893,0.01315913744394664,-0.9731507688884181,0.22976242767119123,-0.0390625,0.015625,-0.228515625,0.012271136045455933,0.02081388235092163,0.0016889572143554688
150,715000000,imu2_frame,-0.005718778368550105,0.015075794110124021,-0.9737731083571814,0.22694922217604824,-0.0390625,0.015625,-0.228515625,0.02052537351846695,-0.011889040470123291,0.046088218688964844
150,740000000,imu2_frame,-0.007364336364020173,0.016211094625032292,-0.9740710841863801,0.22554043963987017,-0.02734375,0.072265625,-0.111328125,-0.006249859929084778,0.016912490129470825,0.04720306396484375
150,765000000,imu2_frame,-0.00596645854345666,0.01433775593940849,-0.9743490184735492,0.22450572448537415,-0.017578125,0.009765625,-0.0859375,0.011784784495830536,-0.024961739778518677,0.04572010040283203
150,790000000,imu2_frame,-0.00374090052784467,0.013335832611668293,-0.9746089130002911,0.2234851850396032,-0.017578125,0.009765625,-0.0859375,-0.14191594440490007,0.13758844137191772,-0.03727531433105469
150,815000000,imu2_frame,-0.0016027904416887058,0.011746194839260354,-0.9750089753132746,0.22184894867489605,0.0234375,-0.00390625,-0.13671875,-0.10851570218801498,0.0980047881603241,-0.038277626037597656
150,840000000,imu2_frame,-0.0004947942371490004,0.013689936026294957,-0.9753599701127497,0.22019370911067157,0.0234375,-0.00390625,-0.13671875,-0.07941607758402824,-0.10014599561691284,-0.037357330322265625
150,865000000,imu2_frame,0.0006752900438510895,0.016647326421230835,-0.9756719165354851,0.21860174242296176,-0.052734375,0.021484375,-0.130859375,-0.04489266872406006,-0.048675537109375,-0.0355987548828125
150,890000000,imu2_frame,0.001517217075307025,0.01496343824511321,-0.9760505461081792,0.21702332826255424,-0.052734375,0.021484375,-0.130859375,0.0025810375809669495,0.03295770287513733,0.0024595260620117188
150,915000000,imu2_frame,0.0028488512335772035,0.017841477125721338,-0.9763521585725571,0.21542986838256542,-0.052734375,0.021484375,-0.130859375,-0.03846752643585205,-0.03477504849433899,0.047387123107910156
150,940000000,imu2_frame,0.0026009527336264436,0.016068317268681076,-0.9767331062690443,0.21383985443095999,-0.052734375,0.021484375,-0.130859375,0.10119831562042236,0.2763790488243103,-0.031940460205078125
150,965000000,imu2_frame,0.0017192918480153532,0.01362663774541816,-0.9769299004248562,0.21311810912068646,-0.01171875,-0.041015625,-0.060546875,0.07397356629371643,0.23352360725402832,-0.033431053161621094
150,990000000,imu2_frame,0.00011378529268997855,0.011400135278178253,-0.9771202853666324,0.21238166562483002,-0.01171875,-0.041015625,-0.060546875,0.1120004802942276,0.1625819057226181,0.0005779266357421875
151,15000000,imu2_frame,0.0005860221184522834,0.009148844590209156,-0.977299409909838,0.21166440090535543,-0.01171875,-0.041015625,-0.060546875,-0.040795933455228806,0.15281842648983002,-0.0393829345703125
151,40000000,imu2_frame,0.0015931412470946158,0.006201850108497642,-0.9778470264620737,0.20922282809358836,0.0546875,-0.021484375,-0.201171875,-0.03402845561504364,0.09249624609947205,-0.04022407531738281
151,65000000,imu2_frame,0.0031768587910915884,0.00559844297131983,-0.9782560618556385,0.20730085008802018,-0.11328125,0.044921875,-0.158203125,-0.006409771740436554,0.07464980334043503,-0.04021453857421875
151,90000000,imu2_frame,0.0029855867420868,0.009568117261545623,-0.9786366286008154,0.20535307780674902,-0.11328125,0.044921875,-0.158203125,0.005676276981830597,-0.11410674452781677,9.5367431640625e-07
151,115000000,imu2_frame,0.0029063669923975054,0.00859615874656739,-0.979048403007341,0.20342537613209588,-0.11328125,0.044921875,-0.158203125,0.07417760044336319,0.2115468829870224,0.0035524368286132812
151,140000000,imu2_frame,0.0026672259604955968,0.006611761550144949,-0.9791967083602513,0.20278800963402255,-0.037109375,0.015625,-0.052734375,0.06163565069437027,0.1745735928416252,0.00293731689453125
151,165000000,imu2_frame,0.0023475419651691914,0.004016945900011207,-0.9794324158441658,0.20171885381892127,0.009765625,0.0,-0.087890625,0.04515792429447174,0.1262422427535057,0.0023670196533203125
151,190000000,imu2_frame,0.0023619454411113474,0.00640375442913466,-0.9796424808300173,0.200634052184952,0.009765625,0.0,-0.087890625,-0.05856242775917053,-0.28897997736930847,-0.0010519027709960938
151,215000000,imu2_frame,0.0024496020192446917,0.008326021586464786,-0.9796544732860774,0.20050383982624304,0.046875,-0.001953125,-0.009765625,-0.049365706741809845,-0.25250566005706787,-0.0004901885986328125
151,240000000,imu2_frame,0.0023108020545057504,0.010236380435898968,-0.9796639411107905,0.20037075434481424,0.046875,-0.001953125,-0.009765625,-0.00550011545419693,-0.059121400117874146,-0.038872718811035156
151,265000000,imu2_frame,0.002107767239075927,0.012615343453438031,-0.9799174940383667,0.19899275188907062,0.009765625,0.00390625,-0.111328125,-0.0003998950123786926,-0.012650609016418457,-0.037827491760253906
151,290000000,imu2_frame,-0.0003361013292946228,0.012427696172015864,-0.9802043123751225,0.19759793876699702,0.009765625,0.00390625,-0.111328125,0.025936942547559738,-0.006678268313407898,0.0049648284912109375
151,315000000,imu2_frame,-0.0018668022125582202,0.01038299796584669,-0.9805037245105539,0.19621711093498528,0.009765625,0.00390625,-0.111328125,0.1407633605413139,0.11241135001182556,0.004118919372558594
151,340000000,imu2_frame,-0.0005254517768586179,0.008120910544062816,-0.9807962287017632,0.1948654214496867,0.009765625,0.00390625,-0.111328125,0.005234237760305405,-0.014181181788444519,-0.07488727569580078
151,365000000,imu2_frame,-0.0018322761747279624,0.010407454292280866,-0.9808705876484992,0.19437391271788845,-0.009765625,-0.00390625,-0.0390625,-0.011212976183742285,0.034631162881851196,-0.07399845123291016
151,390000000,imu2_frame,-0.0012425595081499115,0.008107792909784748,-0.9809865638093539,0.19390224693261585,-0.009765625,-0.00390625,-0.0390625,-0.008721232414245605,0.10549312829971313,-0.039710044860839844
151,415000000,imu2_frame,-0.0016725746341809758,0.01069588120225826,-0.9810565090690186,0.19341904413141622,-0.009765625,-0.00390625,-0.0390625,-0.007260836660861969,-0.11278167366981506,-0.038733482360839844
151,440000000,imu2_frame,-0.002220783120403539,0.012435632768064702,-0.9813874351390104,0.1916223507612422,0.0546875,-0.02734375,-0.146484375,-0.011647223494946957,-0.0773436427116394,-0.03790569305419922
151,465000000,imu2_frame,-0.002148972612557967,0.015070467475172237,-0.9815477125858048,0.19061046887399555,-0.0078125,0.017578125,-0.08203125,-0.0007052477449178696,-0.027062982320785522,-0.03649616241455078
151,490000000,imu2_frame,-0.0025402078258343203,0.012772746852691511,-0.9817764120792664,0.18959293490739884,-0.0078125,0.017578125,-0.08203125,0.022024368052370846,0.04359760880470276,-0.03771018981933594
151,515000000,imu2_frame,-0.0001916863518611293,0.014158532409110013,-0.9819498511201094,0.18861068130293668,-0.0078125,0.017578125,-0.08203125,-0.04132332652807236,-0.012686014175415039,-0.037105560302734375
151,540000000,imu2_frame,0.0020887803591298714,0.015424311629729843,-0.9821944586420409,0.18722118742340207,-0.001953125,0.009765625,-0.115234375,0.006706409156322479,0.0033325254917144775,-0.036289215087890625
151,565000000,imu2_frame,0.0019222565033126429,0.012984728811422373,-0.9824976006312479,0.18581218071340283,-0.001953125,0.009765625,-0.115234375,0.06845387071371078,0.2228592038154602,0.0053119659423828125
151,590000000,imu2_frame,0.0011078331765145906,0.01070635485300035,-0.9827935960857297,0.18439331377328788,-0.001953125,0.009765625,-0.115234375,0.044247012585401535,0.0688723772764206,-0.034854888916015625
151,615000000,imu2_frame,0.00019919438576160176,0.00777598922262219,-0.9828493997227813,0.18424590030113158,0.048828125,-0.005859375,-0.01171875,0.016207009553909302,0.015861764550209045,-0.03593635559082031
151,640000000,imu2_frame,0.001480361351590594,0.004990031802211055,-0.9828910231410377,0.1841144881361748,0.048828125,-0.005859375,-0.01171875,-0.04344327002763748,0.1100756824016571,-0.040495872497558594
151,665000000,imu2_frame,0.0033605098773115574,0.002379555612339867,-0.9807317812724139,0.1953156877741532,0.044921875,0.03125,0.912109375,-0.01633623242378235,0.05231857672333717,-0.04069328308105469
151,690000000,imu2_frame,0.0016964039141595978,0.0030917674087502186,-0.978446015992527,0.20647265430657338,0.044921875,0.03125,0.912109375,0.2207046076655388,-0.19380773603916168,-0.0017194747924804688
151,715000000,imu2_frame,0.0019177076961794566,0.005083721875142655,-0.9760218248134919,0.21760486128951692,0.044921875,0.03125,0.912109375,0.003523264080286026,-0.08304257690906525,-0.04044818878173828
151,740000000,imu2_frame,0.0034632591878182534,0.0068999057794336275,-0.9734636124221342,0.2287115922424614,0.044921875,0.03125,0.912109375,0.006903797388076782,-0.01700112223625183,-0.000797271728515625
151,765000000,imu2_frame,0.0018785396493063088,0.00908847097365286,-0.9736326406689342,0.22793277914373142,-0.013671875,-0.0078125,-0.0625,-0.013598762452602386,0.03178724646568298,-0.00027942657470703125
151,790000000,imu2_frame,0.00019150952836107128,0.01119945549147161,-0.9737949515724461,0.22715177263849903,-0.013671875,-0.0078125,-0.0625,-0.0013146400451660156,0.0013928711414337158,0.004395484924316406
151,815000000,imu2_frame,0.0006321429352176822,0.013777917895870333,-0.9739388480400164,0.22639101053763105,-0.013671875,-0.0078125,-0.0625,-0.016837768256664276,-0.025653362274169922,0.0017557144165039062
151,840000000,imu2_frame,0.0013012013786503959,0.016404036519061704,-0.9739629001349234,0.22610945053584722,-0.025390625,-0.009765625,-0.0234375,0.007431253790855408,0.021395981311798096,0.0033311843872070312
151,865000000,imu2_frame,0.0007882231762433375,0.014917804596678708,-0.9742110585034738,0.22514362371557628,-0.08203125,0.0,-0.080078125,-0.009181506931781769,-0.004544466733932495,0.002399444580078125
151,890000000,imu2_frame,0.002042948810397311,0.013918573158596678,-0.9744419327525109,0.22419861590772117,-0.08203125,0.0,-0.080078125,-0.028995618224143982,0.08428698778152466,0.0058116912841796875
151,915000000,imu2_frame,-0.0004603527839079059,0.013847758287242398,-0.9746741208554861,0.22320032661337638,-0.08203125,0.0,-0.080078125,0.1532086506485939,0.05490005016326904,-0.03336620330810547
151,940000000,imu2_frame,-0.0025362091600311496,0.012644286066838397,-0.9747642406051751,0.22286400541669535,-0.009765625,0.005859375,-0.025390625,0.10832093842327595,0.041033804416656494,-0.033867835998535156
151,965000000,imu2_frame,-0.0046686956428445715,0.011490739405181395,-0.9750429289787149,0.22166969309656587,-0.017578125,0.001953125,-0.095703125,0.06236986443400383,0.028297707438468933,-0.034111976623535156
151,990000000,imu2_frame,-0.0022902295140449325,0.012358683599165162,-0.9752987545907118,0.22053198652865552,-0.017578125,0.001953125,-0.095703125,-0.1192924315109849,-0.000611230731010437,0.001125335693359375
152,15000000,imu2_frame,0.0003295866628545988,0.013264412544656967,-0.9755200930045669,0.21950966921035112,-0.0234375,0.021484375,-0.0859375,-0.06570667028427124,0.00542643666267395,0.0014791488647460938
152,40000000,imu2_frame,-0.0004818819382394587,0.0113151829614288,-0.9757819243942318,0.2184522154839277,-0.0234375,0.021484375,-0.0859375,0.06256340071558952,0.08506840467453003,0.0005445480346679688
152,65000000,imu2_frame,-0.0017579060404218248,0.009267251109124259,-0.9760956756033187,0.21713650059751438,-0.0234375,-0.015625,-0.107421875,0.029230769723653793,0.05146695673465729,-0.00022411346435546875
152,90000000,imu2_frame,0.0004249530089766709,0.008993621287565255,-0.9763851031723304,0.21584963399142923,-0.0234375,-0.015625,-0.107421875,-0.16097447276115417,0.0761052668094635,0.042591094970703125
152,115000000,imu2_frame,-0.00019740156510199253,0.011713194931395464,-0.9766470216482688,0.21453055074438004,-0.0234375,-0.015625,-0.107421875,-0.00933719053864479,-0.0607156902551651,0.004626274108886719
152,140000000,imu2_frame,-0.0008866893482243158,0.00949173746755471,-0.9769573929561227,0.2132214178975062,-0.0234375,-0.015625,-0.107421875,0.04606498032808304,0.1302693784236908,0.0037202835083007812
152,165000000,imu2_frame,-0.0011416968571118767,0.00692176792897222,-0.9772385270621048,0.21202746728316021,0.0078125,0.00390625,-0.09765625,0.030316046439111233,0.08226558566093445,0.0029058456420898438
152,190000000,imu2_frame,-0.0010953146311203936,0.009336122160753359,-0.9774769790171915,0.21083261749616258,0.0078125,0.00390625,-0.09765625,-0.03713974542915821,-0.18038299679756165,0.0036706924438476562
152,215000000,imu2_frame,0.0008392776878706127,0.007599591139911533,-0.9777450571161174,0.20965720858694353,0.0078125,0.00390625,-0.09765625,-0.007502440363168716,0.008992418646812439,0.003086090087890625
152,240000000,imu2_frame,0.0027022337577545233,0.006233533715137541,-0.9780840849080972,0.20809940855185247,-0.015625,-0.00390625,-0.12890625,0.02233235538005829,-0.024627037346363068,0.00284576416015625
152,265000000,imu2_frame,0.0001015710984048209,0.008700437149182227,-0.9782897063152042,0.20705927314282946,-0.087890625,-0.02734375,-0.083984375,-0.017530858516693115,0.03315293788909912,0.0034227371215820312
152,290000000,imu2_frame,-0.001994026254667137,0.011685615683522567,-0.978476566353229,0.2060171821547604,-0.087890625,-0.02734375,-0.083984375,-0.006705061532557011,0.020596668124198914,0.004691123962402344
152,315000000,imu2_frame,-0.00438830241304105,0.010975851435627825,-0.978696834495225,0.20497019206757966,-0.087890625,-0.02734375,-0.083984375,-0.01653829589486122,0.016620784997940063,-0.03829383850097656
152,340000000,imu2_frame,-0.0024737631129152123,0.009901152076955603,-0.9792130059742268,0.20257772980890362,-0.0234375,-0.009765625,-0.197265625,0.015294384211301804,-0.011625528335571289,-0.03898906707763672
152,365000000,imu2_frame,-0.001381233951621818,0.008014922206105408,-0.9797264480502098,0.2001747741492935,-0.0234375,-0.009765625,-0.197265625,-0.010715657845139503,0.026084795594215393,0.03839302062988281
152,390000000,imu2_frame,-0.004082492950315977,0.008246008106132975,-0.9802117515688598,0.19773785345232248,-0.0234375,-0.009765625,-0.197265625,0.016150590032339096,0.001901090145111084,-0.00030803680419921875
152,415000000,imu2_frame,-0.006331096823583856,0.007195854184993985,-0.9802416687616419,0.1975712725042535,0.0234375,0.005859375,-0.01171875,-0.031019657850265503,-0.009545281529426575,-0.00016689300537109375
152,440000000,imu2_frame,-0.003836258405381033,0.007741664489538089,-0.9802744937341087,0.19745193513033876,0.0234375,0.005859375,-0.01171875,-0.020191360265016556,-0.008725956082344055,0.0034027099609375
152,465000000,imu2_frame,-0.0021879953476791995,0.009478948450802282,-0.9802504352490408,0.19752074930672864,-0.03125,-0.02734375,0.00390625,0.01811101008206606,0.01819993555545807,0.0037937164306640625
152,490000000,imu2_frame,-0.0006933397751296583,0.008172200025878715,-0.9802507010792697,0.1975887078258609,-0.03125,-0.02734375,0.00390625,-0.11062793992459774,0.1397351324558258,-0.00064849853515625
152,515000000,imu2_frame,0.0011816643621304997,0.007471937504830727,-0.9802417952733431,0.19765828244359557,-0.03125,-0.02734375,0.00390625,-0.0031766779720783234,0.0057913511991500854,-0.03600025177001953
152,540000000,imu2_frame,0.002373323478673912,0.005866137763148985,-0.9802370635628944,0.1977252006725579,-0.03125,-0.02734375,0.00390625,0.013459809124469757,-0.029585137963294983,0.0027265548706054688
152,565000000,imu2_frame,0.0008815019181608231,0.007762428478337639,-0.9802632353018346,0.19754229211504798,0.009765625,-0.00390625,-0.013671875,-0.007822968065738678,0.012522324919700623,0.0031366348266601562
152,590000000,imu2_frame,-0.0012352699405926235,0.006259442236627973,-0.9803098961346373,0.19736210637190943,0.009765625,-0.00390625,-0.013671875,-0.015147475292906165,-0.008101850748062134,0.00273895263671875
152,615000000,imu2_frame,-0.0009423682412764673,0.008613471241230629,-0.980325702374164,0.1971964434767423,0.009765625,-0.00390625,-0.013671875,-0.039543965831398964,-0.1164674460887909,0.0034112930297851562
152,640000000,imu2_frame,-0.0006079387878019725,0.01112005954112243,-0.9804401082871576,0.1965023377675169,-0.001953125,0.001953125,-0.056640625,-0.023625699803233147,-0.0697072446346283,0.004367828369140625
152,665000000,imu2_frame,-0.0004487532182887785,0.013642670829954281,-0.9804992664543404,0.19604811816407475,-0.005859375,-0.01171875,-0.037109375,-0.011007081717252731,-0.02196153998374939,0.005585670471191406
152,690000000,imu2_frame,-0.000529848115125692,0.011184089536758748,-0.9806195771131958,0.19560133022182083,-0.005859375,-0.01171875,-0.037109375,0.016980517655611038,0.1226561963558197,0.004393577575683594
152,715000000,imu2_frame,-0.003087586879494007,0.010501262328031372,-0.9807178908068288,0.19512203603946035,-0.005859375,-0.01171875,-0.037109375,0.00430036336183548,0.0021506398916244507,0.0003795623779296875
152,740000000,imu2_frame,-0.0051290262251826035,0.009150419967682882,-0.9808512821146115,0.19447551331342225,-0.015625,-0.001953125,-0.05078125,-0.040115781128406525,-0.016000062227249146,0.0001888275146484375
152,765000000,imu2_frame,-0.0029913110391788476,0.01026688641321081,-0.9810664475567411,0.19337597725684924,0.01953125,0.0,-0.091796875,0.004881272092461586,-0.002741798758506775,0.0002727508544921875
152,790000000,imu2_frame,-0.0012439753605331708,0.011848522728782937,-0.9812696831380577,0.192270314891779,0.01953125,0.0,-0.091796875,-0.06917373649775982,-0.05321416258811951,-0.038249969482421875
152,815000000,imu2_frame,0.0004624442169063573,0.013479815460954525,-0.9813772000123733,0.19161647115099306,0.021484375,0.001953125,-0.0546875,-0.030483204871416092,-0.02830326557159424,-0.03746986389160156
152,840000000,imu2_frame,-0.0017602201941939075,0.01221047169736257,-0.9815285700362775,0.1909174486743842,0.021484375,0.001953125,-0.0546875,-0.0038285646587610245,-0.005253538489341736,-0.03414344787597656
152,865000000,imu2_frame,-0.0008576039102861983,0.014536545534936156,-0.9816590632003376,0.1900879717290905,0.0,0.0,-0.068359375,0.02193187177181244,0.036029279232025146,-0.032973289489746094
152,890000000,imu2_frame,0.0001650263413162814,0.012259150834722414,-0.9818489715691358,0.1892677548230244,0.0,0.0,-0.068359375,-0.00616571307182312,0.02373403310775757,0.004881858825683594
152,915000000,imu2_frame,-0.0015844367536322615,0.014054515218539853,-0.9819899910175983,0.18840280704756676,0.0,0.0,-0.068359375,0.005720667541027069,-0.009543269872665405,0.0058536529541015625
152,940000000,imu2_frame,-0.0034160539146788167,0.012335631029978335,-0.9821737140209097,0.18753921794951733,0.0,0.0,-0.068359375,0.0030743684619665146,0.003257185220718384,-0.037822723388671875
152,965000000,imu2_frame,-0.005297905951679605,0.01047907420629969,-0.9822552155892771,0.18718122941141513,0.0,-0.013671875,-0.02734375,-0.039942413568496704,-0.025508001446723938,-0.038330078125
152,990000000,imu2_frame,-0.004243925318515193,0.012624209459727961,-0.982294812547877,0.18686765283199452,0.0,-0.013671875,-0.02734375,-0.12521880865097046,-0.14444351196289062,0.0015048980712890625
153,15000000,imu2_frame,-0.002461996779036092,0.014151489340648353,-0.9823381463864868,0.18656216142418278,0.0,-0.013671875,-0.02734375,-0.16363673051819205,-0.0825672447681427,-0.07214832305908203
153,40000000,imu2_frame,-0.0001885690600627978,0.013597795655379974,-0.9824056986203182,0.18626354370447354,0.0,-0.013671875,-0.02734375,-0.04395635426044464,0.015714526176452637,0.044620513916015625
153,65000000,imu2_frame,0.002558647910418768,0.012703589968022849,-0.9823448073452382,0.18662998581321802,0.0390625,0.015625,0.02734375,0.005631342530250549,-0.011492908000946045,0.04428863525390625
153,90000000,imu2_frame,0.001880206993528744,0.00995088760652212,-0.9823151446773338,0.18696096168733256,0.0390625,0.015625,0.02734375,0.0959063395857811,0.12951292097568512,0.003948211669921875
153,115000000,imu2_frame,0.0009705048314001144,0.007309332286324303,-0.9822769909645467,0.1872900018781999,0.0390625,0.015625,0.02734375,0.10789376869797707,0.11726023256778717,0.0030059814453125
153,140000000,imu2_frame,-0.00033528174644500546,0.0048613715996008436,-0.9822340343479374,0.18759679213914124,0.025390625,-0.00390625,0.025390625,0.07388920336961746,0.07503599673509598,0.0024080276489257812
153,165000000,imu2_frame,-0.0017118792444557442,0.0024598825426605945,-0.9821830858093451,0.18790264606269264,0.025390625,-0.00390625,0.025390625,0.03866887278854847,0.033983442932367325,0.0021190643310546875
153,190000000,imu2_frame,-0.0031603697916749714,0.00010779442370010406,-0.9821241322884006,0.18820783517138276,0.025390625,-0.00390625,0.025390625,0.0412871316075325,0.033227430656552315,0.07635784149169922
153,215000000,imu2_frame,-0.004783204007265221,-0.0015972463752355224,-0.9825062929385728,0.18616109717001766,-0.017578125,0.001953125,-0.166015625,0.003887847065925598,0.006261507049202919,0.0766592025756836
153,240000000,imu2_frame,-0.0038850726752479893,0.0009441940752021919,-0.982893556288296,0.18413112641485327,-0.017578125,0.001953125,-0.166015625,-0.16108839958906174,-0.2530323527753353,-0.04071235656738281
153,265000000,imu2_frame,-0.002809865600498396,0.003259563262510656,-0.9832971913652628,0.18195635013879172,0.001953125,0.01171875,-0.177734375,-0.1322578527033329,-0.212511345744133,-0.040663719177246094
153,290000000,imu2_frame,-0.0029642484106170114,0.005740542805359141,-0.9836865938984618,0.1797747045168,0.001953125,0.01171875,-0.177734375,-0.013387132436037064,-0.24248389899730682,-0.04020881652832031
153,315000000,imu2_frame,-0.0004366898403983786,0.0049953326006324,-0.9840898420217585,0.17760078486251882,0.001953125,0.01171875,-0.177734375,-0.0809022355824709,0.04291953891515732,0.0024347305297851562
153,340000000,imu2_frame,-0.0005209803813479334,0.007486155108433094,-0.9844667697537668,0.17541056214412729,0.001953125,0.01171875,-0.177734375,1.7857179045677185e-05,-0.02602870762348175,-0.00086212158203125
153,365000000,imu2_frame,-0.0008095250995653869,0.009598976412772582,-0.9835106386903064,0.180593543361676,0.029296875,0.00390625,0.421875,0.0026972591876983643,0.015521407127380371,-0.000148773193359375
153,390000000,imu2_frame,0.0015858247005104188,0.008118198981461053,-0.9825529382222556,0.1857990947128886,0.029296875,0.00390625,0.421875,-0.029902160167694092,0.017347171902656555,-0.0006256103515625
153,415000000,imu2_frame,0.002033372108014556,0.010242417234842417,-0.9815401663326644,0.19097083589570263,0.029296875,0.00390625,0.421875,-0.01259654015302658,-0.05716995894908905,-0.038893699645996094
153,440000000,imu2_frame,0.0019142222385713904,0.012656597054969177,-0.9815929480418601,0.19055558417086504,0.00390625,-0.015625,-0.033203125,-0.005971372127532959,-0.010377362370491028,-0.03782176971435547
153,465000000,imu2_frame,0.0026760889728645993,0.015104762300498367,-0.9816125776842674,0.19026673917346382,-0.005859375,0.0,-0.0234375,0.017681516706943512,0.033779412508010864,-0.03642559051513672
153,490000000,imu2_frame,0.0014280605590059315,0.012997244930746395,-0.981702214903966,0.1899731389431075,-0.005859375,0.0,-0.0234375,0.06004320830106735,0.07223255932331085,0.0013790130615234375
153,515000000,imu2_frame,0.0005010778737103344,0.010739229509960282,-0.9817865795581988,0.1896827089376078,-0.005859375,0.0,-0.0234375,-0.005252767354249954,-0.006697297096252441,0.004202842712402344
153,540000000,imu2_frame,0.0017553982893196481,0.012883128137574125,-0.9819800398317347,0.1885368530508061,0.0078125,0.0078125,-0.09375,0.02648618072271347,0.029883787035942078,0.005248069763183594
153,565000000,imu2_frame,0.0025216464560327743,0.010395468922023109,-0.9822250446472718,0.1874020736083426,0.0078125,0.0078125,-0.09375,-0.003348410129547119,0.05754026770591736,0.000274658203125
153,590000000,imu2_frame,0.0009973028589652152,0.012219461940826936,-0.9824306469999081,0.1862249015900565,0.0078125,0.0078125,-0.09375,0.008945301175117493,-0.015064969658851624,0.004881858825683594
153,615000000,imu2_frame,-0.0009766701409127346,0.01358394709529076,-0.9825077145447693,0.185723217064433,0.03515625,-0.03125,-0.0390625,-0.02413005568087101,0.01833474636077881,0.0055694580078125
153,640000000,imu2_frame,-0.0012183314475758143,0.010580124035682158,-0.9826331224701002,0.18525313295200796,0.03515625,-0.03125,-0.0390625,-0.0007138736546039581,0.035756513476371765,0.00025463104248046875
153,665000000,imu2_frame,-0.0011043845564063185,0.007831530079300502,-0.9827922642020064,0.18454488043850548,0.017578125,-0.03515625,-0.05859375,-0.008590206038206816,-0.017441153526306152,-0.00074005126953125
153,690000000,imu2_frame,-0.000835746493872848,0.009943837553153851,-0.9829068929058214,0.18383269975915192,0.017578125,-0.03515625,-0.05859375,-0.07016872987151146,-0.13016431033611298,0.039046287536621094
153,715000000,imu2_frame,-0.000216880144383025,0.011929179402998615,-0.9830172813283903,0.18312474505515255,0.017578125,-0.03515625,-0.05859375,-0.016153592616319656,-0.016095981001853943,0.07894515991210938
153,740000000,imu2_frame,-0.0003751378712973528,0.014119961180311483,-0.9831215443320803,0.18240755203102077,0.017578125,-0.03515625,-0.05859375,-0.011551205068826675,-0.012472182512283325,-0.0761880874633789
153,765000000,imu2_frame,0.0008776254231291417,0.016249286854201808,-0.9831797492937627,0.18191418589269123,0.005859375,0.00390625,-0.041015625,0.019959919154644012,0.024007648229599,-0.07491111755371094
153,790000000,imu2_frame,0.0028802220688768252,0.014615936823432051,-0.9832881713077142,0.18144544876611976,0.005859375,0.00390625,-0.041015625,-0.021707981824874878,0.024616360664367676,0.0023746490478515625
153,815000000,imu2_frame,0.002781300639881535,0.012059514806266106,-0.9834141828298419,0.18095131245310744,0.005859375,0.00390625,-0.041015625,0.08049537241458893,0.31963811814785004,0.0010309219360351562
153,840000000,imu2_frame,0.002558894627419152,0.009499456107514067,-0.9834011107270575,0.1811780003552767,0.00390625,-0.005859375,0.017578125,0.06720634549856186,0.271199107170105,-7.05718994140625e-05
153,865000000,imu2_frame,0.002388386689831837,0.006971711716105943,-0.9834033821820314,0.18128286945464203,0.001953125,-0.001953125,0.0078125,0.05499107390642166,0.22320829331874847,-0.0009012222290039062
153,890000000,imu2_frame,0.0024675963601781315,0.009443964141164217,-0.983366476202534,0.1813700526286375,0.001953125,-0.001953125,0.0078125,-0.008930191397666931,-0.0381537526845932,-0.00010013580322265625
153,915000000,imu2_frame,0.0025677146916818785,0.011913661322917393,-0.9833234694594805,0.18145640227149676,0.001953125,-0.001953125,0.0078125,0.001767963171005249,0.008949458599090576,0.0009403228759765625
153,940000000,imu2_frame,0.0025287941369153714,0.009436800803658465,-0.9833794534895508,0.18129920696295804,-0.001953125,0.0,-0.013671875,-0.0077916160225868225,-0.03850242495536804,-9.72747802734375e-05
153,965000000,imu2_frame,7.075298578361122e-05,0.008957493443447732,-0.9834218429892884,0.18111111792702614,-0.001953125,0.0,-0.013671875,-0.021616019308567047,6.532669067382812e-05,-0.0003948211669921875
153,990000000,imu2_frame,0.0008625391490321033,0.011353010488665584,-0.9834272192233315,0.18094548811652186,-0.001953125,0.0,-0.013671875,0.0020485147833824158,0.004252955317497253,0.004477500915527344
154,15000000,imu2_frame,0.0002204153987047027,0.008891360153615904,-0.9834707186232345,0.1808486680691053,0.00390625,0.0,-0.0078125,-0.019018564373254776,-0.040788620710372925,0.003490447998046875
154,40000000,imu2_frame,0.0026358289286753096,0.009516708672222492,-0.9834754941257516,0.18077178185772025,0.00390625,0.0,-0.0078125,0.029612064361572266,0.0017617195844650269,-5.626678466796875e-05
154,65000000,imu2_frame,0.00018342253536411595,0.008915508931805049,-0.9834970221265953,0.18070442032440617,0.0,-0.001953125,-0.00390625,-0.01966940611600876,-0.0011260658502578735,-0.000408172607421875
154,90000000,imu2_frame,0.0018768453199458882,0.010731083621864026,-0.9834838406888712,0.18066780676095182,0.0,-0.001953125,-0.00390625,-0.01586543768644333,-0.011267974972724915,0.00035762786865234375
154,115000000,imu2_frame,0.0008062847549832082,0.008454680719892244,-0.9835167654814306,0.1806173864714113,0.0,-0.001953125,-0.00390625,-0.009336967021226883,-0.012180700898170471,-0.039615631103515625
154,140000000,imu2_frame,0.001918650092175559,0.010676144031605415,-0.9835017441625846,0.18057313742523826,0.0,-0.001953125,-0.00390625,0.01988137513399124,0.026597991585731506,0.0003376007080078125
154,165000000,imu2_frame,0.0008035717202488999,0.00845901441843871,-0.9835166326088384,0.18061791918115516,-0.001953125,0.0,0.00390625,-0.009373735636472702,-0.012087851762771606,-0.0005512237548828125
154,190000000,imu2_frame,0.0019245941517218035,0.010698046132862014,-0.9834881435781277,0.18064583910939683,-0.001953125,-0.001953125,0.001953125,0.02008765935897827,0.02699248492717743,0.000347137451171875
154,215000000,imu2_frame,0.0007743393562625455,0.008482389031645773,-0.9835074895008321,0.18066673066906394,-0.001953125,-0.001953125,0.001953125,-0.009845253080129623,-0.011537536978721619,-0.03960704803466797
154,240000000,imu2_frame,0.001959361005208372,0.010687327164741365,-0.9834835088111841,0.18067133098244134,-0.001953125,-0.001953125,0.0,0.02072332054376602,0.026661694049835205,-0.03871726989746094
154,265000000,imu2_frame,0.0007972807452145713,0.008428600087809658,-0.9835298759896293,0.18054724057652438,0.00390625,0.0,-0.009765625,-0.009613506495952606,-0.012647092342376709,-0.03962421417236328
154,290000000,imu2_frame,0.0018932580797105197,0.01067696017559012,-0.9835103626475838,0.18052640986866791,0.0,0.0,-0.001953125,0.019386671483516693,0.026706814765930176,-0.038726806640625
154,315000000,imu2_frame,0.0008735000473762726,0.012958868383182765,-0.9834923757853214,0.18048282882323913,0.0,0.0,-0.001953125,-0.054677002131938934,-0.1758292019367218,7.806022644042969
155,265000000,imu2_frame,0.03837428295025447,-0.07197947002516705,-0.9801900713379225,0.18048211643680487,-0.00390625,-0.001953125,0.0,0.36413896083831787,-1.9364254474639893,7.932788848876953
156,865000000,imu2_frame,-0.01504957786631637,0.0829148854123936,-0.9803642791610712,0.17828211387598145,-0.00390625,-0.001953125,0.0,-0.4564805025001988,1.5242263078689575,7.890758514404297
156,940000000,imu2_frame,-0.013924258085045537,0.0757611750525545,-0.9809409674318745,0.1783849147356793,-0.00390625,-0.001953125,0.0,0.020618295995518565,1.6379718780517578,0.11793041229248047
156,965000000,imu2_frame,-0.013257965261978378,0.07305447988344353,-0.9811343694636653,0.17850103188275346,0.025390625,0.015625,0.0078125,0.02407190721714869,1.5840486288070679,0.10970211029052734
156,990000000,imu2_frame,-0.013129461882469553,0.07185769214763774,-0.9811072196686788,0.17914439099197862,-0.1015625,-0.0078125,0.05078125,0.02327118525863625,1.560774803161621,0.1062459945678711
157,15000000,imu2_frame,-0.012687614998588542,0.07073177588534338,-0.9810730430679429,0.17981024573466167,-0.1015625,-0.0078125,0.05078125,-0.17829997278749943,1.6119709014892578,-0.19008445739746094
157,40000000,imu2_frame,-0.012424497367645802,0.0695582365990117,-0.9810403558493924,0.1804635802074603,-0.1015625,-0.0078125,0.05078125,-0.047576334327459335,1.2058429718017578,0.09563064575195312
157,65000000,imu2_frame,-0.012402906443114396,0.06834285239974702,-0.9810088293245282,0.18109969416028446,-0.1015625,-0.0078125,0.05078125,0.06659530662000179,1.1825718879699707,-0.1576557159423828
157,90000000,imu2_frame,-0.012062650414851021,0.06718701086752323,-0.9809713078862281,0.18175723132695304,-0.1015625,-0.0078125,0.05078125,-0.08244295371696353,1.1983709335327148,-0.16088104248046875
157,115000000,imu2_frame,-0.011729844343628958,0.06602871019945965,-0.9809320255982797,0.18241431231327682,-0.1015625,-0.0078125,0.05078125,-0.07931952457875013,1.1750777959823608,0.04688549041748047
157,140000000,imu2_frame,-0.01123767559528927,0.06491454667374155,-0.9808877413984786,0.1830820992111164,-0.1015625,-0.0078125,0.05078125,-0.19018560275435448,1.4215810298919678,0.04771900177001953
157,165000000,imu2_frame,-0.010728473406848809,0.06380602723112105,-0.9808410190852872,0.18375142455794818,-0.1015625,-0.0078125,0.05078125,-0.06635736860334873,0.4767115116119385,0.07986831665039062
157,190000000,imu2_frame,-0.009997138213347793,0.06140229552633656,-0.9816431695639024,0.18029559889297112,0.00390625,0.013671875,-0.28515625,-0.0652740839868784,0.42828619480133057,0.07368850708007812
157,215000000,imu2_frame,-0.009210273091282726,0.05901244908310756,-0.982426009899857,0.17683844829403905,0.00390625,0.013671875,-0.28515625,-0.14085175655782223,0.8408737182617188,0.07167434692382812
157,240000000,imu2_frame,-0.007516916804970357,0.057170496202969545,-0.9831566219367261,0.17343035220981054,0.00390625,0.013671875,-0.28515625,-0.15767864882946014,0.2218385934829712,0.06303119659423828
157,265000000,imu2_frame,-0.005566100641446145,0.05526692468380674,-0.9836164966545965,0.17150269114093158,0.013671875,0.0234375,-0.1640625,-0.1287737786769867,0.17892920970916748,0.058348655700683594
157,290000000,imu2_frame,-0.004195954383994093,0.05391188444403423,-0.984095254022246,0.169211210306503,-0.037109375,-0.013671875,-0.1953125,-0.10942679643630981,0.14859914779663086,0.05519580841064453
157,315000000,imu2_frame,-0.0042731913377786245,0.0518619263291974,-0.9846093089206602,0.16684300770483543,-0.037109375,-0.013671875,-0.1953125,0.03220710903406143,0.8402136564254761,0.05097007751464844
157,340000000,imu2_frame,-0.003716851496716328,0.0499737313942552,-0.9851027962221858,0.16450316732730974,-0.037109375,-0.013671875,-0.1953125,-0.15697116404771805,0.6890890002250671,0.04712390899658203
157,365000000,imu2_frame,-0.002855735884357705,0.04779484361015256,-0.985722490523787,0.16142697845286744,-0.009765625,0.0078125,-0.25390625,-0.15030446648597717,0.644770622253418,0.04284954071044922
157,390000000,imu2_frame,-0.0020028799613887554,0.04583279245401057,-0.9861889902199047,0.15914339187277812,-0.02734375,0.005859375,-0.189453125,-0.14212682843208313,0.6046029329299927,0.03917694091796875
157,415000000,imu2_frame,-0.0017356818758332635,0.043711508369844256,-0.9866559713134483,0.15683203026159875,-0.02734375,0.005859375,-0.189453125,0.010684341192245483,0.8288248181343079,-0.0036172866821289062
157,440000000,imu2_frame,-0.0013367833543729093,0.04101770913701218,-0.9871107511136086,0.15468718622866615,0.01953125,0.0078125,-0.17578125,0.008387885987758636,0.775956928730011,-0.008103370666503906
157,465000000,imu2_frame,-0.0007869318546264205,0.03834831953789534,-0.9875517586311422,0.15254609516934275,0.01953125,0.0078125,-0.17578125,-0.029748283326625824,0.5707417130470276,0.030701637268066406
157,490000000,imu2_frame,-0.0001098786755631294,0.03675210320953171,-0.9877918387929223,0.15138214574529596,-0.064453125,0.02734375,-0.095703125,-0.022274918854236603,0.5380797386169434,0.02834606170654297
157,515000000,imu2_frame,0.00038786237566771053,0.035128603200286844,-0.9880293508727425,0.15021262468235314,-0.064453125,0.02734375,-0.095703125,0.020792849361896515,0.7359000444412231,-0.05205726623535156
157,540000000,imu2_frame,0.001006305941162299,0.03351914618278574,-0.9882612116739607,0.14904774969198645,-0.064453125,0.02734375,-0.095703125,-0.01180993765592575,0.6250502467155457,0.020018577575683594
157,565000000,imu2_frame,0.00143674032922638,0.031883160655528896,-0.9884905760379161,0.14787758764623216,-0.064453125,0.02734375,-0.095703125,0.030078351497650146,0.518149733543396,-0.056270599365234375
157,590000000,imu2_frame,0.0016719561029810918,0.03073048296702254,-0.9884842634117343,0.14816107102327578,-0.10546875,0.015625,0.021484375,0.03146137297153473,0.49518436193466187,-0.05766773223876953
157,615000000,imu2_frame,0.0012715865246763444,0.029597534684191743,-0.9884797291816919,0.14842571881320732,-0.10546875,0.015625,0.021484375,0.055753499269485474,0.18538135290145874,0.019098281860351562
157,640000000,imu2_frame,0.0007411114918973678,0.033369011111370306,-0.9883254448095615,0.14865656727231438,-0.10546875,0.015625,0.021484375,0.021437756717205048,-0.18171846866607666,-0.22628021240234375
158,40000000,imu2_frame,-0.009741477417177017,0.06797751063901833,-0.9797693653206704,0.1879791276822597,0.017578125,-0.013671875,0.203125,-0.02661636471748352,0.5137327909469604,-0.15585613250732422
158,65000000,imu2_frame,-0.009316520066886677,0.0653078653940921,-0.9794653989755053,0.19051408709401124,0.017578125,-0.013671875,0.203125,0.04921028017997742,1.2655344009399414,0.08701133728027344
158,115000000,imu2_frame,-0.00874044007382253,0.05992668795026396,-0.978819773868893,0.1955613639292712,0.017578125,-0.013671875,0.203125,0.12434796988964081,1.2776579856872559,0.030666351318359375
158,140000000,imu2_frame,-0.008242516793123931,0.05726345742589964,-0.9784741001190927,0.19809440364805603,0.017578125,-0.013671875,0.203125,0.009397581219673157,1.0334115028381348,0.06736946105957031
158,165000000,imu2_frame,-0.0074844647896522044,0.054946267847101396,-0.9778008481003749,0.20206531590224688,-0.005859375,0.005859375,0.322265625,0.019287243485450745,0.9860143661499023,0.06205272674560547
158,190000000,imu2_frame,-0.006401294513191092,0.052450443876637574,-0.9749128511852128,0.21622420530462902,0.009765625,-0.015625,1.15625,0.04500996321439743,0.9328426122665405,0.056519508361816406
158,215000000,imu2_frame,-0.005404109537225873,0.04992525226637817,-0.9718140392950143,0.2303383116534382,0.009765625,-0.015625,1.15625,0.10650398582220078,1.4531917572021484,0.008267402648925781
158,240000000,imu2_frame,-0.005362550427805811,0.0474588425409894,-0.9727372865008005,0.22693847793760866,-0.00390625,-0.013671875,-0.283203125,0.09293781965970993,1.4066526293754578,0.0035638809204101562
158,265000000,imu2_frame,-0.005642507350342275,0.044958408666648665,-0.9736463045085705,0.22351683900272032,-0.00390625,-0.013671875,-0.283203125,0.11247794330120087,0.595146894454956,0.03816986083984375
158,290000000,imu2_frame,-0.005558581821102347,0.042551410389293574,-0.9740896115066376,0.2220538412116929,-0.005859375,0.005859375,-0.12109375,0.1022937223315239,0.5491800308227539,0.034033775329589844
158,315000000,imu2_frame,-0.005370361350066058,0.04014654680451248,-0.9745245415351099,0.22059313666663882,-0.005859375,0.005859375,-0.12109375,0.0942472293972969,0.6551042199134827,0.0301055908203125
158,340000000,imu2_frame,-0.005199432612415861,0.037740013863736224,-0.9749517196656419,0.21912964558699446,-0.005859375,0.005859375,-0.12109375,0.08600331097841263,0.5696284174919128,0.030313491821289062
158,365000000,imu2_frame,-0.005050499949938018,0.03532986857086746,-0.9753712060620224,0.21766327945277422,-0.005859375,0.005859375,-0.12109375,0.07746399939060211,0.48414158821105957,0.022934913635253906
158,390000000,imu2_frame,-0.0050186283875207315,0.03276804171090308,-0.9756748093999006,0.21670194995432773,0.00390625,-0.0078125,-0.080078125,0.06652629747986794,0.43526285886764526,0.019517898559570312
158,415000000,imu2_frame,-0.004912650419743563,0.030209674788094564,-0.9759709039376343,0.21574066858663474,0.00390625,-0.0078125,-0.080078125,0.0571143813431263,0.46422910690307617,0.016347885131835938
158,440000000,imu2_frame,-0.004592586067723163,0.027676823804609972,-0.9762586445365475,0.21478352018942762,0.00390625,-0.0078125,-0.080078125,0.01293291337788105,0.3755660057067871,0.013422966003417969
158,465000000,imu2_frame,-0.004168191920656843,0.02524067404734431,-0.9763125243241544,0.21484736302208943,-0.001953125,-0.001953125,0.00390625,0.01083080843091011,0.3273267447948456,0.010829925537109375
158,490000000,imu2_frame,-0.003730477170888771,0.02275318651820831,-0.9763721275141335,0.21486238539323196,0.001953125,-0.001953125,0.0,0.008739965036511421,0.27804455161094666,0.008428573608398438
158,515000000,imu2_frame,-0.0033170417003009346,0.02026391716298597,-0.9764255980296092,0.214875364823635,0.001953125,-0.001953125,0.0,0.006177375093102455,0.15460294485092163,-0.02887725830078125
158,540000000,imu2_frame,-0.005202375889429831,0.01856956567019765,-0.9764591059447854,0.21483882547955732,0.001953125,-0.001953125,0.0,0.2325911745429039,0.13019105792045593,0.009213447570800781
158,565000000,imu2_frame,-0.007044255953901714,0.016731178909922734,-0.9774341617084151,0.21045879795272945,0.013671875,0.005859375,-0.35546875,0.1881481632590294,0.10255244374275208,0.00838470458984375
158,590000000,imu2_frame,-0.009005046360873464,0.01509342678251452,-0.9782224481349475,0.20681377993951325,-0.001953125,0.0,-0.294921875,0.14273356646299362,0.07891872525215149,0.007981300354003906
158,615000000,imu2_frame,-0.00867785953229231,0.01261589327128761,-0.979018052852012,0.2031974069243017,-0.001953125,0.0,-0.294921875,0.020759791135787964,0.4477735757827759,-0.036441802978515625
158,640000000,imu2_frame,-0.008103703770190379,0.008232184840651439,-0.9792758663372106,0.20220123324910672,0.15234375,-0.015625,-0.08203125,0.014134518802165985,0.3614856153726578,-0.03841686248779297
158,665000000,imu2_frame,-0.005578340466478579,0.005440884286253953,-0.9795130771953543,0.20122974556240758,0.15234375,-0.015625,-0.08203125,-0.17524901032447815,0.07142974436283112,-0.07890033721923828
158,690000000,imu2_frame,-0.0032241421428761833,0.005279248238245331,-0.9801704241220581,0.19805977411343892,-0.025390625,-0.001953125,-0.259765625,-0.13117821887135506,0.05894280970096588,-0.07933902740478516
158,715000000,imu2_frame,-0.0011334332077921425,0.006772961664798417,-0.9808011008508555,0.19488982243616654,-0.025390625,-0.001953125,-0.259765625,-0.011553156655281782,0.0013557374477386475,0.12005329132080078
158,740000000,imu2_frame,-0.0020429744078292026,0.0047061167127671255,-0.981440495088302,0.1916982872168744,-0.025390625,-0.001953125,-0.259765625,0.04094137065112591,0.07840800285339355,0.07667732238769531
158,765000000,imu2_frame,-0.003428462495126113,0.007150160456133319,-0.982040175082824,0.18850521312066565,-0.025390625,-0.001953125,-0.259765625,0.02303341031074524,-0.061049386858940125,-0.035889625549316406
158,790000000,imu2_frame,-0.004431375025162025,0.009188718634124161,-0.9823322731623856,0.1868668923829729,0.01171875,0.0234375,-0.1328125,0.010973408818244934,-0.01831105351448059,-0.035083770751953125
158,815000000,imu2_frame,-0.00339860803454958,0.0067023548955384375,-0.9826657198562353,0.18523393566436053,0.01171875,0.0234375,-0.1328125,-0.017576199024915695,0.1996404528617859,-0.14539051055908203
158,840000000,imu2_frame,-0.003755486728552915,0.009018442723275977,-0.9829523650367007,0.18360068648846348,0.01171875,0.0234375,-0.1328125,0.02270839735865593,-0.21558615565299988,0.07802772521972656
158,865000000,imu2_frame,-0.004031409354190519,0.011917120404386415,-0.9832255331091345,0.18195955875453348,-0.033203125,0.04296875,-0.1328125,0.027406007051467896,-0.15896664559841156,0.07925605773925781
158,890000000,imu2_frame,-0.005155264134819949,0.014213232782457355,-0.983442811139281,0.18058694438978778,0.0,-0.01953125,-0.111328125,0.013569898903369904,-0.11091771721839905,0.08063125610351562
158,915000000,imu2_frame,-0.005084287160317541,0.011681892302298184,-0.9837265740894025,0.1792197278388638,0.0,-0.01953125,-0.111328125,0.005658354610204697,0.22291208803653717,0.04027271270751953
158,940000000,imu2_frame,-0.00301241978969624,0.010717712818768146,-0.9839893601443743,0.17787915864881437,0.0,-0.01953125,-0.111328125,-0.07536314614117146,0.04474593698978424,-0.07375907897949219
158,965000000,imu2_frame,-0.0011109914351557382,0.009993670210200905,-0.9842251509250409,0.17663449419731456,-0.015625,-0.033203125,-0.103515625,-0.04155647847801447,0.024227216839790344,-0.07420539855957031
158,990000000,imu2_frame,0.0015953293619597137,0.009783635605992956,-0.9843523591173945,0.17593228384402984,-0.041015625,0.03515625,-0.05859375,0.009654395282268524,0.010888487100601196,-0.07426071166992188
159,15000000,imu2_frame,0.0021022400249802392,0.007870730532325135,-0.9844960901113806,0.1752172387157414,-0.041015625,0.03515625,-0.05859375,0.01272546499967575,0.05051496624946594,0.0032415390014648438
159,40000000,imu2_frame,0.0022454254898021846,0.00543981518092483,-0.984872984622711,0.17317785838703684,0.0,0.02734375,-0.166015625,0.006954759359359741,0.003373384475708008,0.002620697021484375
159,65000000,imu2_frame,0.0004331995299804606,0.00680401915370095,-0.9852271837721066,0.17111666785561036,0.0,0.02734375,-0.166015625,0.05453861132264137,-0.042289525270462036,0.0028514862060546875
159,90000000,imu2_frame,-0.0019776158231765515,0.008168179194336555,-0.9856283918926089,0.16871882817129508,-0.017578125,-0.01171875,-0.193359375,0.012274730019271374,-0.007982835173606873,0.0033245086669921875
159,115000000,imu2_frame,-0.0020834114899814077,0.010855956194585216,-0.986006737604648,0.16633857342752298,-0.017578125,-0.01171875,-0.193359375,-0.05954483803361654,-0.26055480539798737,0.0043315887451171875
159,140000000,imu2_frame,-0.00288025092636011,0.008613629485090665,-0.9864271127438745,0.16394834791933124,-0.017578125,-0.01171875,-0.193359375,-0.004494749009609222,0.003442108631134033,-0.0355072021484375
159,165000000,imu2_frame,-0.001176287072334973,0.010423131265269617,-0.9868033333511917,0.16158327874606093,-0.017578125,-0.01171875,-0.193359375,-0.07961199525743723,-0.04132464528083801,0.00018787384033203125
159,190000000,imu2_frame,0.0005787291548902397,0.012125328073561476,-0.9866899560557664,0.1621590950589685,-0.01953125,-0.017578125,0.044921875,-0.040247563272714615,-0.014067217707633972,0.0009174346923828125
159,215000000,imu2_frame,0.0013959651574864816,0.010065940130016169,-0.986617648746794,0.16273396483809296,-0.01953125,-0.017578125,0.044921875,0.004254136234521866,-0.02125053107738495,-0.07806968688964844
160,40000000,imu2_frame,-0.033293349275325304,0.09438235196124628,-0.978599194564527,0.17979749978782741,-0.01953125,-0.017578125,0.044921875,-0.3599514067173004,1.7121939659118652,0.11577701568603516
160,165000000,imu2_frame,-0.029859846655802918,0.0840740764374695,-0.9790809809968752,0.18286708801496981,-0.01953125,-0.017578125,0.044921875,-0.3334428071975708,0.8564101457595825,23.40754222869873
163,840000000,imu2_frame,0.06956762411981103,-0.22823630589485847,-0.9350892853193343,0.26206213543121765,-0.01953125,-0.017578125,0.044921875,0.08680179715156555,-4.661076068878174,1.1148204803466797
163,890000000,imu2_frame,0.0683089827349159,-0.22404688715982443,-0.9361153056841156,0.2623452109256974,0.0,0.0,0.0,0.08538520336151123,-4.582854747772217,1.0743732452392578
164,40000000,imu2_frame,0.06454027617221884,-0.21164161658073719,-0.9390005623751733,0.2632875286484611,0.00390625,0.0,0.001953125,0.07978226989507675,-4.349710464477539,0.958949089050293
164,65000000,imu2_frame,0.0639064285464705,-0.20951185716674522,-0.9394904483336342,0.26339788834924877,0.0,0.0,-0.001953125,0.07926715910434723,-4.309422016143799,0.9398069381713867
164,90000000,imu2_frame,0.06329066213517452,-0.207371567041965,-0.9399774881669096,0.2635026508566439,0.0,0.0,-0.001953125,0.04009389132261276,-4.308112621307373,0.9169282913208008
164,115000000,imu2_frame,0.06262185885889834,-0.2052391607492118,-0.9404575058259146,0.2636191749924793,0.0,-0.00390625,0.0,0.03890907019376755,-4.267555236816406,0.8980836868286133
164,140000000,imu2_frame,0.06193204617519243,-0.2031064641530754,-0.9409324595902728,0.2637390611289668,0.0,-0.00390625,0.0,0.07637932896614075,-4.226824760437012,0.8403177261352539
164,165000000,imu2_frame,0.06126093482269812,-0.20096218039252312,-0.9414045849823798,0.2638535716845341,0.0,-0.00390625,0.0,0.0361434742808342,-4.185917377471924,0.8608274459838867
164,190000000,imu2_frame,0.06058888475970106,-0.1988125930000343,-0.9418725835702375,0.2639669983670385,0.0,-0.00390625,0.0,0.03497662395238876,-4.144848108291626,0.8033666610717773
164,240000000,imu2_frame,0.05920005029421873,-0.194510455081669,-0.9427935971761906,0.2641992998337857,0.0,-0.00390625,0.0,0.07085063308477402,-4.062263488769531,0.8061046600341797
164,265000000,imu2_frame,0.05852554893109932,-0.19234690359121379,-0.943248604437848,0.2643094758559328,0.0,-0.00390625,0.0,0.03063683956861496,-3.9816644191741943,0.7920942306518555
164,290000000,imu2_frame,0.05788993340291855,-0.1901430171363667,-0.9437009685152808,0.2644293301965686,-0.001953125,0.0,0.0,0.03037036955356598,-3.9395623207092285,0.774169921875
164,340000000,imu2_frame,0.05661496273751655,-0.18572094377356713,-0.9445924063520582,0.2646651901934091,-0.001953125,0.0,0.0,0.02983897179365158,-3.8939757347106934,0.73492431640625
164,365000000,imu2_frame,0.055975773009487244,-0.183504098400459,-0.9450311628756803,0.26478115472983343,-0.001953125,0.0,0.0,0.029569357633590698,-3.85141921043396,0.7175140380859375
164,390000000,imu2_frame,0.05533534041261219,-0.1812830078510417,-0.9454653222151331,0.2648958203795106,-0.001953125,0.0,0.0,0.02929799258708954,-3.8087375164031982,0.7002830505371094
164,440000000,imu2_frame,0.05405049991042994,-0.17682723200933556,-0.9463199166280921,0.2651212720102824,-0.001953125,0.0,0.0,0.028748400509357452,-3.7229435443878174,0.6663475036621094
164,465000000,imu2_frame,0.05340838421393615,-0.17461746665019853,-0.9467294682751816,0.2652538383053399,0.0,0.0,0.001953125,0.028297290205955505,-3.680259943008423,0.6498146057128906
164,490000000,imu2_frame,0.05274152026940673,-0.1724101340776209,-0.9471332891922264,0.2653895442758121,0.0,0.0,0.001953125,0.0664227306842804,-3.6374547481536865,0.633458137512207
164,515000000,imu2_frame,0.052056392518952534,-0.17017767155088126,-0.9475574538055657,0.26545162241159204,-0.001953125,-0.001953125,-0.00390625,0.06554470956325531,-3.594043016433716,0.6171054840087891
164,540000000,imu2_frame,0.051394255537320674,-0.16793329873159554,-0.9479781409881883,0.2655079695291046,-0.001953125,-0.001953125,-0.00390625,0.0261012464761734,-3.550473928451538,0.5618696212768555
164,565000000,imu2_frame,0.05073079710016598,-0.1656841297646814,-0.948394139996233,0.26556300681854705,-0.001953125,-0.001953125,-0.00390625,0.025714583694934845,-3.5067548751831055,0.5458784103393555
164,590000000,imu2_frame,0.0500409539368043,-0.16343751768161843,-0.9488042348664225,0.26562116753509657,-0.001953125,-0.001953125,-0.00390625,0.06386595964431763,-3.4628913402557373,0.5691280364990234
164,615000000,imu2_frame,0.04937142158897624,-0.16120520212935574,-0.94919145483975,0.265727167590963,0.0,0.0,0.0,0.06307867914438248,-3.41933536529541,0.5536613464355469
164,640000000,imu2_frame,0.04872611291393264,-0.15896055097042788,-0.9495752103745165,0.2658274421455948,0.0,0.0,0.0,0.02375628799200058,-3.3756237030029297,0.5383758544921875
164,665000000,imu2_frame,0.048079578070859545,-0.15671112952832242,-0.9499542849509269,0.26592636679701187,0.0,0.0,0.0,0.02349720150232315,-3.33176589012146,0.4842100143432617
164,690000000,imu2_frame,0.04742901708793172,-0.15443265979253795,-0.9503389020639434,0.2660019044130568,-0.001953125,0.0,-0.001953125,0.02338927984237671,-3.287306070327759,0.46913719177246094
164,715000000,imu2_frame,0.046776108680376696,-0.15217566767816837,-0.9507018484683415,0.2661213203452593,0.0,0.0,0.001953125,0.02297259122133255,-3.2431721687316895,0.4544076919555664
164,740000000,imu2_frame,0.046122135727862675,-0.1499152261454539,-0.9510598118938862,0.2662393805694856,0.0,0.0,0.001953125,0.022554874420166016,-3.1989190578460693,0.47893524169921875
164,765000000,imu2_frame,0.04543964863278582,-0.1476594713822278,-0.951411592787849,0.2663604699502877,0.0,0.0,0.001953125,0.060632020235061646,-3.1545543670654297,0.42553043365478516
164,790000000,imu2_frame,0.04476344725535711,-0.1453980438577516,-0.9517713679002344,0.2664336800734334,0.0,0.0,-0.001953125,0.05993746221065521,-3.110063076019287,0.41138267517089844
164,815000000,imu2_frame,0.044114579112949644,-0.1431247663613469,-0.9521273014424854,0.26650104504775946,0.0,0.0,-0.001953125,0.020760834217071533,-3.065443754196167,0.4364967346191406
164,840000000,imu2_frame,0.04346471689530628,-0.14084785768892874,-0.9524782201748221,0.2665669511815995,0.0,0.0,-0.001953125,0.0206439271569252,-3.020704507827759,0.3836841583251953
164,865000000,imu2_frame,0.04284381259473268,-0.13855861024109825,-0.9528360748738809,0.26658832245493963,0.0,0.001953125,-0.005859375,0.021253950893878937,-2.9758338928222656,0.3701324462890625
164,890000000,imu2_frame,0.04222093941653813,-0.13626573669433392,-0.9531889181261332,0.26660819124600627,0.0,0.001953125,-0.005859375,0.02183927595615387,-2.9308383464813232,0.3958425521850586
164,915000000,imu2_frame,0.0415629484456344,-0.1339786645176182,-0.9535182471511068,0.26669306537752674,0.0,0.0,0.0,0.021543800830841064,-2.885728120803833,0.38268280029296875
164,940000000,imu2_frame,0.04087281219855045,-0.13169665717555826,-0.9538413573572908,0.2667809376746521,0.0,0.0,0.0,0.05967128276824951,-2.8404979705810547,0.330657958984375
164,965000000,imu2_frame,0.04021308583724102,-0.129401093195213,-0.9541605906949422,0.26686294604536176,0.0,0.0,0.0,0.020322658121585846,-2.7951292991638184,0.31789588928222656
164,990000000,imu2_frame,0.039552128620544524,-0.12710130765172015,-0.9544747466759219,0.26694352337665256,0.0,0.0,0.0,0.020034492015838623,-2.7496299743652344,0.30533409118652344
165,15000000,imu2_frame,0.0389085762395637,-0.1247915224666245,-0.954822913013486,0.26688275215890744,0.0,0.0,-0.01171875,0.020492903888225555,-2.703979969024658,0.29297447204589844
165,40000000,imu2_frame,0.03826257327281331,-0.12247753251804323,-0.955165977331298,0.26682051132471124,0.0,0.0,-0.01171875,0.020913101732730865,-2.619133472442627,0.32378387451171875
165,65000000,imu2_frame,0.0376153950225429,-0.12016003984201898,-0.9555038178669167,0.26675663239029046,0.0,0.0,-0.01171875,0.021315395832061768,-2.612297773361206,0.2688636779785156
165,90000000,imu2_frame,0.03696126930796006,-0.11786604732207687,-0.9558074823477097,0.26678365045097313,0.001953125,0.0,-0.00390625,0.021216757595539093,-2.566760540008545,0.2572364807128906
165,115000000,imu2_frame,0.036287158916615284,-0.11552387548961797,-0.9560985669694719,0.2668576521828479,-0.001953125,0.0,0.0,0.020875580608844757,-2.5201947689056396,0.24558639526367188
165,140000000,imu2_frame,0.035611965281815164,-0.11317879702130212,-0.9563841533307518,0.2669301389716021,-0.001953125,0.0,0.0,0.020528048276901245,-2.4735267162323,0.27321624755859375
165,165000000,imu2_frame,0.03493605138338231,-0.11083129318394358,-0.9566641669687208,0.2670010644228889,-0.001953125,0.0,0.0,0.020178280770778656,-2.426769971847534,0.2620048522949219
165,190000000,imu2_frame,0.03423894423589119,-0.10848768948295726,-0.956945893170873,0.26704432866410227,-0.001953125,-0.001953125,-0.001953125,0.01947064697742462,-2.379932403564453,0.25101566314697266
165,215000000,imu2_frame,0.03354278172272788,-0.10616693423325864,-0.9572063320271057,0.2671319932112706,0.0,-0.001953125,0.001953125,0.018551558256149292,-2.333484649658203,0.2403554916381836
