timestamp_sec,timestamp_nsec,frame_id,orientation_x,orientation_y,orientation_z,orientation_w,angular_velocity_x,angular_velocity_y,angular_velocity_z,linear_acceleration_x,linear_acceleration_y,linear_acceleration_z
345,672000000,imu2_frame,-0.005901855199311462,0.014293008515422185,-0.770662688976784,0.6370556473588921,0.001953125,0.001953125,0.00390625,-0.0007653906941413879,0.0036509335041046143,0.0027112960815429688
345,698000000,imu2_frame,-0.004154315214080145,0.012328069296569204,-0.7706493753907023,0.6371265969824532,0.001953125,0.001953125,0.00390625,0.001109592616558075,-0.008645668625831604,-0.03771781921386719
345,723000000,imu2_frame,-0.0058783220801864825,0.014103258485735574,-0.7706025123569217,0.6371328836112654,0.001953125,0.0,0.00390625,-0.0027455389499664307,0.03955423831939697,-0.03646087646484375
345,748000000,imu2_frame,-0.0041026321123127825,0.012306401993223607,-0.7706189959492976,0.6371640950036564,0.001953125,0.001953125,0.0,0.0016297996044158936,-0.00961996614933014,-0.037735939025878906
345,773000000,imu2_frame,-0.005964093935421455,0.013933298964476112,-0.7706061897176175,0.6371313782355971,0.001953125,0.001953125,0.0,-0.006155066192150116,0.03806313872337341,0.0025272369384765625
345,798000000,imu2_frame,-0.004050689662041742,0.012281509758029408,-0.770604583137918,0.6371823387996255,0.001953125,0.001953125,0.001953125,0.0021077021956443787,-0.010643929243087769,0.0013065338134765625
345,823000000,imu2_frame,-0.005689506895088329,0.014134563478158668,-0.7705725791992597,0.6371701058687335,0.001953125,0.001953125,0.001953125,0.0005020648241043091,-0.0013923943042755127,0.0025758743286132812
345,848000000,imu2_frame,-0.007898444616656477,0.015354092008349966,-0.770531382232247,0.6371681531797547,-0.001953125,0.0,0.00390625,-0.017575204372406006,0.04447618126869202,0.0038652420043945312
345,872000000,imu2_frame,-0.0056032117662602274,0.014720954235721093,-0.7705014163043012,0.6372436464943044,-0.001953125,0.0,0.00390625,-0.029928170144557953,0.045415639877319336,-0.03617572784423828
345,898000000,imu2_frame,-0.0043813281018825435,0.012453318402997023,-0.7704939766034049,0.6373105607493799,-0.001953125,0.0,0.00390625,-0.0006921440362930298,-0.003953725099563599,-0.03761863708496094
345,923000000,imu2_frame,-0.005523217879038241,0.014685544425813296,-0.7704694916751116,0.6372837603823536,0.0,0.001953125,0.0,0.009912937879562378,0.043880850076675415,-0.036212921142578125
345,947000000,imu2_frame,-0.004414378362646525,0.012560870595208638,-0.7705234542954386,0.6372725823179489,0.0,0.001953125,-0.00390625,0.0001380443572998047,-0.0019182264804840088,-0.037560462951660156
345,973000000,imu2_frame,-0.006062051459086528,0.01457630382909663,-0.7705360044464371,0.6372009484852558,0.0,0.001953125,-0.00390625,0.00040553510189056396,0.009894520044326782,0.0029087066650390625
345,998000000,imu2_frame,-0.004534144371972291,0.012596555781932958,-0.770588005308062,0.6371929804953824,0.0,0.001953125,-0.00390625,-0.001246631145477295,-0.03894251585006714,0.0015411376953125
346,23000000,imu2_frame,-0.006050577450903773,0.014586822566814747,-0.7707543811416608,0.6369366523217599,0.0,0.001953125,-0.0234375,0.0006081908941268921,0.009941041469573975,0.0029115676879882812
346,47000000,imu2_frame,-0.004691903925567973,0.012662018981928657,-0.770938447879387,0.6367664947955225,-0.00390625,-0.001953125,-0.021484375,-0.00294523686170578,-0.035943835973739624,0.0016021728515625
346,72000000,imu2_frame,-0.0022636886714848133,0.01235310947254521,-0.7710995660711307,0.6365907127855949,-0.00390625,-0.001953125,-0.021484375,0.029752545058727264,-0.03172940015792847,0.0011205673217773438
346,98000000,imu2_frame,-0.003343658885812968,0.01476566508790552,-0.771253994753529,0.6363474449202188,-0.00390625,-0.001953125,-0.021484375,0.0043522268533706665,0.018101781606674194,0.0025177001953125
346,122000000,imu2_frame,-0.0022769212120310736,0.012623489852695359,-0.7713335197956853,0.636301865762888,0.0,0.001953125,-0.0078125,-0.006226591765880585,-0.027444422245025635,0.0012531280517578125
346,148000000,imu2_frame,-0.003435779973581656,0.01489076053178878,-0.7713291235574438,0.6362529715599478,0.00390625,-0.001953125,-0.001953125,0.004486903548240662,0.02114906907081604,0.0026025772094726562
346,173000000,imu2_frame,-0.004461769324802213,0.012563751371604103,-0.7713809822973263,0.6362339388275169,0.00390625,-0.001953125,-0.001953125,-0.0008697286248207092,-0.001164466142654419,0.0015125274658203125
346,197000000,imu2_frame,-0.00452190883634301,0.014992600003643719,-0.7713492866969658,0.6362193428352273,0.0,0.00390625,0.0,0.028428450226783752,0.036195576190948486,0.0028314590454101562
346,222000000,imu2_frame,-0.006885590807905209,0.015718329225077977,-0.7713516470682981,0.6361777733704801,0.0,0.00390625,0.0,0.0018019229173660278,-0.0015965402126312256,0.007699012756347656
346,247000000,imu2_frame,-0.009380849736116782,0.015549873977644539,-0.7713792425388311,0.6361165500580275,0.0,0.0,-0.001953125,-0.03793942928314209,0.026890426874160767,0.008390426635742188
346,273000000,imu2_frame,-0.007143434103052915,0.014223569931022102,-0.7714106673302649,0.6361385413074011,0.0,0.0,-0.001953125,-0.02069292962551117,0.05720844864845276,0.0029897689819335938
346,298000000,imu2_frame,-0.007092569436462546,0.01172415460277231,-0.7714623948152693,0.6361273559936945,0.0,0.0,-0.001953125,-0.015858907252550125,-0.02016463875770569,0.0056133270263671875
346,323000000,imu2_frame,-0.0071427792204894905,0.01422325002909212,-0.7714417248076654,0.6361008922249612,0.0,0.0,-0.001953125,0.014454372227191925,0.01813611388206482,0.0068950653076171875
346,348000000,imu2_frame,-0.007091589359785087,0.011723990966979594,-0.7714779203860544,0.6361085408583718,0.0,0.0,0.0,-0.015852633863687515,-0.020178407430648804,0.0056133270263671875
346,372000000,imu2_frame,-0.005928184215597038,0.013826169750227307,-0.7714448788544473,0.636118300751669,0.0,0.0,0.0,-0.007319338619709015,-0.0029509663581848145,0.0024614334106445312
346,397000000,imu2_frame,-0.007166424581956597,0.01600079373894682,-0.7714162884945065,0.6360892443704699,0.0,0.0,0.0,0.0010433793067932129,0.006162464618682861,0.007951736450195312
346,422000000,imu2_frame,-0.005926478930442307,0.013862494476056544,-0.7714602222485446,0.6360989180800534,-0.001953125,0.001953125,-0.001953125,-0.006848931312561035,-0.041484832763671875,0.006386756896972656
346,447000000,imu2_frame,-0.007233641947118822,0.01604841421544007,-0.7714154071004286,0.6360883527572493,-0.00390625,-0.001953125,0.001953125,0.0006217435002326965,0.007715821266174316,0.008001327514648438
346,473000000,imu2_frame,-0.005659580659766245,0.014043435334076157,-0.7714226745186556,0.6361429150035842,-0.00390625,-0.001953125,0.001953125,-0.0005580857396125793,-0.0030177533626556396,0.0025186538696289062
346,497000000,imu2_frame,-0.006877939779492669,0.016158657056450306,-0.7713797957393639,0.6361326925033949,-0.00390625,-0.001953125,0.001953125,0.007374897599220276,0.04401272535324097,0.00406646728515625
346,523000000,imu2_frame,-0.0056462928209221,0.013948435204852717,-0.7714074022443657,0.6361636427015581,-0.005859375,-0.001953125,0.0,-0.0015317052602767944,-0.004617452621459961,0.0024633407592773438
346,548000000,imu2_frame,-0.0065915764977688895,0.016369226326098565,-0.7714052537026304,0.6360994687222583,-0.0078125,0.001953125,-0.00390625,0.014297202229499817,0.04363080859184265,0.004124641418457031
346,573000000,imu2_frame,-0.004557566484711991,0.015065629487132108,-0.771445007408874,0.6361012937731038,-0.0078125,0.001953125,-0.00390625,-0.010306693613529205,0.0377579927444458,0.002880096435546875
346,598000000,imu2_frame,-0.002466250702572705,0.013598540310051038,-0.7714519347739325,0.6361374927187237,0.00390625,0.001953125,0.0,0.00299699604511261,-0.010364815592765808,0.0017709732055664062
346,623000000,imu2_frame,-0.004899135926199877,0.013272268717409741,-0.7714707591715012,0.6361074697671903,0.00390625,0.001953125,0.0,0.03646185249090195,-0.024093329906463623,0.005856513977050781
346,647000000,imu2_frame,-0.007407249259495459,0.013154549958769631,-0.7714953888352477,0.6360557801637684,-0.015625,0.0,-0.001953125,-0.002841249108314514,0.005316406488418579,0.0063991546630859375
346,673000000,imu2_frame,-0.004970227298641982,0.013741894388196403,-0.7714932298273229,0.6360696923371125,-0.015625,0.0,-0.001953125,-0.03300189971923828,0.022937506437301636,0.0022115707397460938
346,698000000,imu2_frame,-0.006890119389015801,0.01563458663160277,-0.7714880963054378,0.6360143105423616,-0.015625,0.0,-0.001953125,0.0006238669157028198,-0.0027832984924316406,0.007649421691894531
346,723000000,imu2_frame,-0.009060706617974704,0.017226492817946002,-0.7714835346588158,0.6359514975932644,-0.015625,0.0,-0.001953125,-0.01233876496553421,0.04819592833518982,0.009348869323730469
346,747000000,imu2_frame,-0.007203016772246522,0.01589622717951573,-0.7715287148066134,0.6359550839011285,-0.009765625,0.0,-0.00390625,-0.0008659884333610535,0.005056947469711304,0.007897377014160156
346,772000000,imu2_frame,-0.004808974023360242,0.015622632774646152,-0.7715505207690615,0.6359580182803117,-0.009765625,0.0,-0.00390625,-0.007225722074508667,0.010239601135253906,0.0032596588134765625
346,798000000,imu2_frame,-0.006290346318574564,0.013527325759521907,-0.7716201559600186,0.6359086238739216,-0.009765625,0.0,-0.00390625,-0.016573451459407806,-0.002933502197265625,0.0023870468139648438
346,822000000,imu2_frame,-0.004740367373412486,0.015365878046897055,-0.771645050184729,0.6358500886485902,-0.001953125,0.0,-0.0078125,0.02963849902153015,0.005532711744308472,0.0030918121337890625
346,847000000,imu2_frame,-0.006391088714511948,0.013467246042482055,-0.7717266571889013,0.6357796425280685,-0.00390625,-0.001953125,-0.005859375,-0.018887020647525787,-0.0025754570960998535,0.0023813247680664062
346,873000000,imu2_frame,-0.004051017833096604,0.012464108887631062,-0.7717778818164783,0.6357571363209563,-0.00390625,-0.001953125,-0.005859375,0.0039369165897369385,-0.0077162981033325195,0.0013952255249023438
346,897000000,imu2_frame,-0.005776358381788982,0.014202063633676178,-0.7718066869864363,0.6356723786632636,-0.00390625,-0.001953125,-0.005859375,-0.0005205497145652771,0.0008795559406280518,0.00263214111328125
346,923000000,imu2_frame,-0.0033627104499045473,0.013199822491999094,-0.7718727077792463,0.6356311665188736,0.0,0.001953125,-0.0078125,0.023424901068210602,-0.04421737790107727,0.0016641616821289062
346,947000000,imu2_frame,-0.005533005645228429,0.014098816842401992,-0.7719770309273571,0.6354699622584503,0.00390625,0.001953125,-0.013671875,0.0017937198281288147,-0.0036768317222595215,0.002521514892578125
346,973000000,imu2_frame,-0.007223872726237922,0.016010003022060584,-0.7720685809250596,0.6352964676546166,0.00390625,0.001953125,-0.013671875,-4.859268665313721e-05,0.007107764482498169,0.007973670959472656
346,998000000,imu2_frame,-0.00586788292281872,0.014269749169078073,-0.7721647428211575,0.6352350369371886,-0.0234375,-0.00390625,-0.009765625,-0.0012232735753059387,-0.03597456216812134,0.006596565246582031
347,22000000,imu2_frame,-0.008423636067444399,0.013904801066176685,-0.7722510565910505,0.6351094428968282,-0.0234375,-0.00390625,-0.009765625,0.029839899390935898,-0.009745538234710693,0.003204345703125
347,47000000,imu2_frame,-0.010733485808324873,0.01296811618295031,-0.7722846760187251,0.6350535406024604,0.001953125,0.0,-0.001953125,-0.01667777879629284,0.0047875940799713135,0.0035772323608398438
347,72000000,imu2_frame,-0.008414530420757366,0.013929089609150316,-0.7722816864247918,0.6350717856694139,0.001953125,0.0,-0.001953125,0.03026360273361206,-0.009489715099334717,0.0032138824462890625
347,97000000,imu2_frame,-0.010844770502542395,0.014437005827037068,-0.7722924031611499,0.6350105572626908,0.001953125,0.0,-0.001953125,0.03892506565898657,-0.04978874325752258,0.004410743713378906
347,123000000,imu2_frame,-0.012950276903739413,0.015920998942989328,-0.7722808752738722,0.6349496529702143,0.001953125,0.0,-0.001953125,0.3302318179048598,-1.223926603794098,0.2406454086303711
347,147000000,imu2_frame,-0.0163842554210149,0.016273450450319964,-0.7698800358549079,0.6377706965491481,-0.01171875,-0.15625,0.306640625,0.28443359583616257,-1.1758457124233246,0.24283599853515625
347,173000000,imu2_frame,-0.018272076727051927,0.012576446262392692,-0.7673477668799242,0.6408473834509142,-0.01171875,-0.15625,0.306640625,0.05925169587135315,0.09331110119819641,0.04671764373779297
347,197000000,imu2_frame,-0.02199324992424907,0.01241653294158882,-0.7649114348724824,0.6436401350667933,-0.01171875,-0.15625,0.306640625,0.194564551115036,-0.39702075719833374,-0.5207433700561523
347,223000000,imu2_frame,-0.02393792228039113,0.01258910046312167,-0.7640030417780684,0.6446455169938643,0.07421875,-0.021484375,0.103515625,0.16833172738552094,-0.369727224111557,-0.5189132690429688
347,248000000,imu2_frame,-0.025631411081116922,0.014965929871931202,-0.7640194858847384,0.6445101061251711,-0.05078125,0.1015625,-0.005859375,0.17294354736804962,-0.312954843044281,-0.5159931182861328
347,273000000,imu2_frame,-0.023023866663516347,0.014841519343889744,-0.7641473904398556,0.6444597710884555,-0.05078125,0.1015625,-0.005859375,-0.09444165229797363,0.4570392966270447,0.012704849243164062
347,298000000,imu2_frame,-0.01999038813067147,0.01577647178167907,-0.7642400344345099,0.6444289387419269,-0.05078125,0.1015625,-0.005859375,-0.03739859163761139,0.08515095710754395,-0.06741142272949219
347,323000000,imu2_frame,-0.017346463158806176,0.01493924325955642,-0.7663288304916671,0.6420405304838519,0.00390625,0.04296875,-0.25390625,-0.009853765368461609,0.039139002561569214,-0.06984424591064453
347,348000000,imu2_frame,-0.013883689611430477,0.01353454850398314,-0.7752922920771351,0.6313049350395964,0.06640625,0.115234375,-1.1171875,0.01911528781056404,-0.02590310573577881,-0.0727386474609375
347,373000000,imu2_frame,-0.010517354793215212,0.011997638056983869,-0.7840936259641255,0.6204374486212428,0.06640625,0.115234375,-1.1171875,-0.07038009539246559,0.44815635681152344,0.04598236083984375
347,398000000,imu2_frame,-0.00881031589916725,0.010823833040093628,-0.7820823064856357,0.6230188511226488,-0.0390625,0.013671875,0.26171875,-0.05755975842475891,0.40948230028152466,0.044814109802246094
347,423000000,imu2_frame,-0.00725222540915354,0.013181765875206213,-0.7800075355425451,0.6255892348593215,-0.0390625,0.013671875,0.26171875,-0.004068572074174881,0.00450897216796875,0.12355613708496094
347,447000000,imu2_frame,-0.004901651959008651,0.013123977094843062,-0.7790890891368331,0.6267566722590407,-0.05859375,0.0703125,0.123046875,0.03145129978656769,-0.0252397358417511,0.12296772003173828
347,473000000,imu2_frame,-0.007196956676910484,0.014803667003764665,-0.7780814706032368,0.627947673267237,-0.05859375,0.0703125,0.123046875,0.1347484141588211,-0.12400725483894348,0.00724029541015625
347,498000000,imu2_frame,-0.005915324932825837,0.013660242235942666,-0.7771416765174014,0.6291496017106878,-0.05859375,0.0703125,0.123046875,0.06251072883605957,0.18650886416435242,-0.032787322998046875
347,523000000,imu2_frame,-0.0042323146463877715,0.012744222089849605,-0.7761903764637627,0.6303555915521815,-0.05859375,0.0703125,0.123046875,0.038128480315208435,0.3041023164987564,-0.07656288146972656
347,548000000,imu2_frame,-0.002836076553626174,0.010983825183523232,-0.778035478425766,0.6281179081708379,-0.017578125,0.025390625,-0.232421875,0.037038907408714294,0.26046112179756165,-0.07757186889648438
347,572000000,imu2_frame,-0.0019459848197158677,0.00907379561112106,-0.7798007044338788,0.625959056760676,-0.017578125,0.025390625,-0.232421875,0.02667451649904251,0.06837140023708344,0.12081432342529297
347,598000000,imu2_frame,-0.0037741151652073254,0.011215549416899196,-0.7816771693619987,0.6235709826509009,-0.017578125,0.025390625,-0.232421875,0.06341493129730225,-0.37637847661972046,-0.034381866455078125
347,623000000,imu2_frame,-0.0057501938229371635,0.013468668299514446,-0.7841180131518302,0.6204389347035391,-0.041015625,0.025390625,-0.31640625,0.05958569049835205,-0.3175748288631439,-0.03292655944824219
347,647000000,imu2_frame,-0.00805453186357949,0.014906164508888804,-0.7853870807513671,0.6187730312197989,-0.015625,-0.037109375,-0.173828125,0.04101496934890747,-0.26748788356781006,-0.03150749206542969
347,673000000,imu2_frame,-0.011186996169611135,0.014957694230055057,-0.7867764954417964,0.6169553182527451,-0.015625,-0.037109375,-0.173828125,0.031775595620274544,-0.037393778562545776,0.04782581329345703
347,698000000,imu2_frame,-0.0106484228223939,0.01706696319781991,-0.7880624604188693,0.6152665181343429,-0.015625,-0.037109375,-0.173828125,-0.048616670072078705,-0.01137232780456543,-0.10733318328857422
347,722000000,imu2_frame,-0.00867991743530011,0.020749531549623692,-0.7885031654415504,0.614619291970601,-0.080078125,0.12890625,-0.06640625,0.025658801198005676,0.0217495858669281,-0.10535526275634766
347,748000000,imu2_frame,-0.00901566030244615,0.01853946018108201,-0.7894540119884446,0.613463421273717,0.00390625,0.041015625,-0.111328125,-0.006654307246208191,-0.00813940167427063,-0.10693645477294922
347,772000000,imu2_frame,-0.010489712116876753,0.020296836012242917,-0.7902535675427917,0.6123539036974351,0.00390625,0.041015625,-0.111328125,0.026224270462989807,-0.07653623819351196,0.008241653442382812
347,798000000,imu2_frame,-0.012681600427244536,0.02122289207770584,-0.7898438355676065,0.6128094983584322,0.029296875,-0.025390625,0.048828125,0.0037409812211990356,-0.03605195879936218,0.009984970092773438
347,823000000,imu2_frame,-0.011182656594715491,0.018755844105601816,-0.7895144150689172,0.61334342329706,0.029296875,-0.025390625,0.048828125,-0.002400662750005722,0.2907125651836395,-0.027797698974609375
347,847000000,imu2_frame,-0.00928376131219645,0.016721081423515458,-0.7903481516285233,0.6123593850259036,0.03125,0.021484375,-0.107421875,0.0020365603268146515,0.23663821816444397,-0.029969215393066406
347,872000000,imu2_frame,-0.010013306985858587,0.018777771801565684,-0.7911382663998092,0.6112670221820247,0.03125,0.021484375,-0.107421875,-0.02032778412103653,-0.14465445280075073,0.010796546936035156
347,898000000,imu2_frame,-0.008068915257952742,0.01649002478631647,-0.7920372794756662,0.6101966237286897,0.03125,0.021484375,-0.107421875,0.017075538635253906,0.29685544967651367,0.04759407043457031
347,922000000,imu2_frame,-0.006429671203664133,0.014274840236673086,-0.7928611652217586,0.609201166239548,0.03125,0.021484375,-0.107421875,0.015651270747184753,0.08686220645904541,-0.03232860565185547
347,948000000,imu2_frame,-0.004957584032698714,0.011949779877109002,-0.7925989108330354,0.6096060954975216,0.013671875,0.015625,0.037109375,0.010898776352405548,0.03327608108520508,-0.033847808837890625
347,973000000,imu2_frame,-0.004539927460651855,0.00943948733474699,-0.7923471591021353,0.6099805444440706,0.013671875,0.015625,0.037109375,0.10473565384745598,0.1456439346075058,0.00018215179443359375
347,998000000,imu2_frame,-0.004023087841653615,0.006938766110296127,-0.7920889699989767,0.6103529568168283,0.013671875,0.015625,0.037109375,0.043931782245635986,0.06168164312839508,-0.039768218994140625
348,22000000,imu2_frame,-0.003885511077408467,0.004671604387046921,-0.7914903635768433,0.6111514405457249,-0.005859375,0.009765625,0.083984375,0.019131514243781567,0.024943605065345764,-0.04030323028564453
348,47000000,imu2_frame,-0.003926036364755693,0.0021228790474422947,-0.7914730494818623,0.611187771120213,0.001953125,-0.00390625,0.00390625,-0.011940397322177887,-0.014002539217472076,-0.04063606262207031
348,72000000,imu2_frame,-0.005212931759044398,0.004231494043592115,-0.7914295618862572,0.6112235011623501,0.001953125,-0.00390625,0.00390625,-0.045713525265455246,-0.3488180339336395,0.0028247833251953125
348,98000000,imu2_frame,-0.0064051115292836705,0.006503428166993925,-0.791378782237159,0.6112579676316748,0.001953125,-0.00390625,0.00390625,-0.03700171411037445,-0.18614783883094788,0.0035724639892578125
348,122000000,imu2_frame,-0.0074312385458451076,0.008387173456088717,-0.7921443552946265,0.6102309008809309,0.01953125,-0.009765625,-0.107421875,-0.03064700309187174,-0.14477099478244781,0.004398345947265625
348,148000000,imu2_frame,-0.008514044537693348,0.011306347648591763,-0.7932888570263685,0.6086809236917624,-0.033203125,0.03125,-0.1484375,-0.01312565733678639,-0.08665904402732849,0.005859375
348,172000000,imu2_frame,-0.009869729279765836,0.013793061999878968,-0.794339700072583,0.6072370054379185,-0.033203125,0.03125,-0.1484375,-0.0051527973264455795,-0.3014952838420868,0.0075664520263671875
348,198000000,imu2_frame,-0.011407300541485518,0.0154742610597221,-0.79670458850561,0.6040630922288817,0.025390625,-0.013671875,-0.3046875,-0.010558747686445713,-0.2571330666542053,0.009168624877929688
348,222000000,imu2_frame,-0.010601288623377482,0.012832498494448993,-0.7989510201879831,0.6011657067751742,0.025390625,-0.013671875,-0.3046875,0.008670540526509285,0.03982841968536377,0.0034532546997070312
348,248000000,imu2_frame,-0.009188860683620237,0.010042126582843694,-0.8007162792344336,0.5988891055128619,0.041015625,0.00390625,-0.220703125,-0.0028251055628061295,-0.020409375429153442,0.001659393310546875
348,272000000,imu2_frame,-0.0065348569760434365,0.010147446635448247,-0.8022986814795816,0.5968007629579642,0.041015625,0.00390625,-0.220703125,-0.07395003363490105,0.02443552017211914,0.000885009765625
348,297000000,imu2_frame,-0.006158829607345808,0.012245698019037599,-0.8039155805868262,0.59458544464832,0.041015625,0.00390625,-0.220703125,-0.009143918752670288,-0.02114349603652954,0.005616188049316406
348,323000000,imu2_frame,-0.005840259576244254,0.009229022818296594,-0.8056565557435974,0.5922822221654683,0.041015625,0.00390625,-0.220703125,0.038311755284667015,0.041081637144088745,0.03943157196044922
348,348000000,imu2_frame,-0.0063603925151425825,0.006317064278240845,-0.80784334617868,0.5893290830603823,0.015625,-0.033203125,-0.29296875,-0.004228981211781502,0.001147925853729248,0.03867053985595703
348,373000000,imu2_frame,-0.006149355469468449,0.008353092264508711,-0.8099718630783692,0.586377005260512,0.015625,-0.033203125,-0.29296875,-0.09146115859039128,-0.08242076635360718,0.04310894012451172
348,397000000,imu2_frame,-0.005223547251504262,0.005848343606563303,-0.8120465060022264,0.5835400444877343,0.015625,-0.033203125,-0.29296875,0.0072324927896261215,0.13288334012031555,-0.0007610321044921875
348,423000000,imu2_frame,-0.003334549676712305,0.0035976096315455813,-0.813470411840948,0.5815856145424432,0.025390625,0.029296875,-0.185546875,0.011313575319945812,0.07558280229568481,-0.0014925003051757812
348,448000000,imu2_frame,-0.0024265357573166712,0.001506099663245191,-0.8146554859508246,0.5799381715305939,-0.01953125,-0.0078125,-0.162109375,0.0018702168017625809,0.031959742307662964,-0.0018033981323242188
348,473000000,imu2_frame,-0.0012886133730534708,0.00023971533278719167,-0.8152693424191156,0.5790804618735094,-0.064453125,0.02734375,-0.083984375,0.005615329369902611,-0.0011247973889112473,-0.0019283294677734375
348,497000000,imu2_frame,-0.003425887322695728,-1.00989222214808e-05,-0.8161345378790308,0.5778517796762807,-0.046875,0.0390625,-0.125,-0.03133013844490051,0.019004274159669876,-0.0017337799072265625
348,523000000,imu2_frame,-0.0008157844146912199,-0.0006034890186115797,-0.8178500874725778,0.5754304516776029,0.048828125,-0.033203125,-0.228515625,0.0036077816039323807,-0.02000304707325995,-0.0019426345825195312
348,548000000,imu2_frame,-0.002869541240331457,0.0014999360859217026,-0.8186450091765592,0.5742907494249926,-0.03515625,-0.001953125,-0.111328125,-0.005643509328365326,0.03668375685811043,-0.0017576217651367188
348,573000000,imu2_frame,-0.00259168534208473,0.004282269399925355,-0.8194332746444736,0.5731527316006693,-0.03515625,-0.001953125,-0.111328125,-0.04822361469268799,-0.03518488258123398,0.07665252685546875
348,597000000,imu2_frame,-0.00188331504319628,0.00593757656271524,-0.8196629175736968,0.5728122727941373,0.037109375,-0.03515625,-0.03515625,-0.018379967659711838,-0.016592994332313538,0.07692146301269531
348,623000000,imu2_frame,-0.0006716740027665446,0.003034990575534929,-0.8199334901601399,0.5724503554021538,0.037109375,-0.03515625,-0.03515625,0.007570706307888031,0.19287755340337753,-0.07599258422851562
348,648000000,imu2_frame,0.0005575331802933553,0.0011451365605748844,-0.82042398405969,0.5717541991088793,-0.01953125,0.001953125,-0.068359375,0.0061143748462200165,0.14885216858237982,-0.07614994049072266
348,672000000,imu2_frame,-0.001006510964821081,0.0032688685342271,-0.8208900057700983,0.5710760893794727,-0.01953125,0.001953125,-0.068359375,0.004714557901024818,-0.10818693041801453,-0.0017337799072265625
348,698000000,imu2_frame,-0.0020946913508507916,0.005906596906850337,-0.8213861522414907,0.5703380692949079,-0.01953125,0.001953125,-0.068359375,-0.02246975153684616,-0.09274996072053909,0.0027112960815429688
348,723000000,imu2_frame,-0.003805684511757191,0.008052447331947894,-0.821859623638189,0.5696204296640505,-0.01953125,0.001953125,-0.068359375,0.01289624348282814,-0.152481809258461,-0.00041294097900390625
348,747000000,imu2_frame,-0.005467164486960984,0.010307589330253853,-0.8261017749273651,0.5634001430391442,-0.033203125,0.015625,-0.626953125,0.009607696905732155,-0.09756329655647278,0.0006990432739257812
348,773000000,imu2_frame,-0.006956869829392305,0.012966369308280924,-0.8306344504295169,0.5566236475292732,-0.033203125,0.015625,-0.626953125,-0.026563622057437897,-0.4208088517189026,0.041332244873046875
348,798000000,imu2_frame,-0.007907949181779172,0.015739259611615264,-0.8349294781032384,0.550075000923393,-0.033203125,0.015625,-0.626953125,-0.12779556587338448,-0.4432545006275177,-0.07011699676513672
348,822000000,imu2_frame,-0.008898332674040114,0.018699348489345465,-0.8371391717459012,0.5465978056764247,-0.05859375,0.017578125,-0.34375,-0.11378641054034233,-0.3840924799442291,-0.06779861450195312
348,848000000,imu2_frame,-0.008110751497968074,0.01706356221786981,-0.8396054273788053,0.5428681026461483,-0.05859375,0.017578125,-0.34375,0.0713951475918293,0.5028318464756012,-0.030141830444335938
348,873000000,imu2_frame,-0.007278587967462401,0.015021467483555196,-0.8427397161559222,0.5380624020364887,-0.0234375,0.00390625,-0.458984375,0.06152578815817833,0.46072322130203247,-0.03167247772216797
348,898000000,imu2_frame,-0.006003174962421462,0.013237458740693557,-0.8458375654654999,0.5332424818259093,-0.0234375,0.00390625,-0.458984375,-0.05111955851316452,0.761906623840332,-0.032989501953125
348,923000000,imu2_frame,-0.005279349136209139,0.011148149243375509,-0.8489092420975992,0.5283946876364535,-0.0234375,0.00390625,-0.458984375,0.090040672570467,0.4895181804895401,0.004918098449707031
348,947000000,imu2_frame,-0.004624861868015606,0.008885952522481875,-0.8487078463130445,0.528767096278828,-0.0078125,-0.017578125,0.03515625,0.0776186129078269,0.4452185332775116,0.0039052963256835938
348,973000000,imu2_frame,-0.0034917765647752724,0.006648450310795231,-0.8484824104254064,0.5291702984896057,-0.0078125,-0.017578125,0.03515625,-0.0047675007954239845,0.54872927069664,-0.03601646423339844
348,998000000,imu2_frame,-0.0027710842102750413,0.004305149483843339,-0.8482625881342085,0.5295511007939416,-0.0078125,-0.017578125,0.03515625,0.022053356748074293,0.15866206586360931,0.0415191650390625
349,23000000,imu2_frame,-0.0055065200407243015,0.004118835000937323,-0.8480261945864419,0.5299096967696613,-0.0078125,-0.017578125,0.03515625,0.013885002583265305,-0.0074988603591918945,-0.036194801330566406
349,47000000,imu2_frame,-0.007884547555180105,0.0042486165889842,-0.8479688143567135,0.5299704454452148,-0.015625,0.01171875,0.0078125,-0.024176180362701416,0.019289225339889526,-0.03555107116699219
349,73000000,imu2_frame,-0.007169048740455829,0.007012278434740908,-0.8478954100149925,0.5300686808016659,-0.015625,0.01171875,0.0078125,-0.06178785115480423,-0.05559174716472626,0.003909111022949219
349,98000000,imu2_frame,-0.009017318318299323,0.008916557074334707,-0.8478197400758569,0.530132880811965,-0.015625,0.01171875,0.0078125,0.005459439009428024,-0.004881694912910461,0.0050868988037109375
349,123000000,imu2_frame,-0.01046294347312974,0.011188535618487361,-0.8477351627879092,0.5301984885470247,-0.015625,0.01171875,0.0078125,0.005077127367258072,-0.030379176139831543,-0.03643798828125
349,148000000,imu2_frame,-0.012731194774572458,0.012501839267729917,-0.8522181400826236,0.5228822643852528,0.009765625,-0.0546875,-0.6875,-0.021802254021167755,0.014165937900543213,-0.034801483154296875
349,172000000,imu2_frame,-0.01181278388226752,0.01381271845211976,-0.8564695015317988,0.5158775628885066,0.009765625,-0.0546875,-0.6875,-0.14832134917378426,-0.051978230476379395,0.08652496337890625
349,198000000,imu2_frame,-0.010455313848989073,0.01486511144551914,-0.8610151002019873,0.5082545741045461,0.009765625,-0.0546875,-0.6875,-0.08297071605920792,-0.00922277569770813,-0.07363128662109375
349,223000000,imu2_frame,-0.008693177003337488,0.01603255556346584,-0.861706570636889,0.507079058882247,0.01953125,-0.02734375,-0.11328125,-0.042200641706585884,-0.0070638954639434814,-0.07358646392822266
349,247000000,imu2_frame,-0.0070040839793454645,0.014155598025315025,-0.8624194081748514,0.5059479481680851,0.01953125,-0.02734375,-0.11328125,-0.0327646229416132,0.061808645725250244,0.006819725036621094
349,273000000,imu2_frame,-0.004818332354096329,0.012680969943455273,-0.8624617505614663,0.5059404169396524,0.005859375,-0.005859375,-0.00390625,-0.01050722599029541,0.015342563390731812,0.0055408477783203125
349,298000000,imu2_frame,-0.005641100518077637,0.010211038313301283,-0.8625176023814795,0.5058925758138911,0.005859375,-0.005859375,-0.00390625,0.10742938285693526,0.09512677788734436,-0.07742786407470703
349,323000000,imu2_frame,-0.004548684830506586,0.007872270546619698,-0.8625655329362755,0.5058636557543076,0.005859375,-0.005859375,-0.00390625,0.02458603074774146,0.3886478692293167,-0.07456588745117188
349,347000000,imu2_frame,-0.00374278632637505,0.005976085616700523,-0.8635978459534773,0.5041319652786672,-0.029296875,-0.0078125,-0.16796875,0.019146387930959463,0.3487018346786499,-0.0752096176147461
349,372000000,imu2_frame,-0.002420086137315642,0.004314163351066399,-0.8646638503505529,0.5023265442664011,-0.029296875,-0.0078125,-0.16796875,-0.053230104269459844,0.3076172471046448,0.03757762908935547
349,397000000,imu2_frame,-0.0019223713509282188,0.002199601163564056,-0.865724494264237,0.5005123038188387,-0.029296875,-0.0078125,-0.16796875,0.012426264584064484,0.07556159794330597,-0.0017957687377929688
349,422000000,imu2_frame,-0.003174672807397253,0.004766165207673688,-0.8667617741715531,0.498689514584737,-0.029296875,-0.0078125,-0.16796875,-0.06201471947133541,-0.4820515885949135,0.07680320739746094
349,448000000,imu2_frame,-0.004263430588404068,0.00767059288670143,-0.8672351548713421,0.49782142513120453,-0.037109375,0.013671875,-0.076171875,-0.05231860629282892,-0.4222308397293091,0.0776681900024414
349,472000000,imu2_frame,-0.005421727043236078,0.00975352753473168,-0.8675504250399152,0.4972240275666094,0.0,-0.021484375,-0.056640625,-0.051832302240654826,-0.37565281987190247,0.07859611511230469
349,497000000,imu2_frame,-0.004852358199047321,0.011984410116734182,-0.8678719451773492,0.496619688804367,0.0,-0.021484375,-0.056640625,-0.13394754752516747,-0.1128683090209961,0.00130462646484375
349,523000000,imu2_frame,-0.003328976390279766,0.009937210850882328,-0.8682545529605912,0.49600826708826307,0.0,-0.021484375,-0.056640625,-0.01483982428908348,0.02905474603176117,0.2384653091430664
349,548000000,imu2_frame,-0.001374690962936482,0.009398300534763484,-0.8685479933437552,0.4955140416076529,-0.0703125,0.0390625,-0.046875,0.013004422187805176,0.0010011941194534302,0.2380819320678711
349,573000000,imu2_frame,-0.0018554535138789853,0.007946140974566173,-0.8688529226664731,0.49500304535406436,-0.0703125,0.0390625,-0.046875,0.1078738197684288,0.1333761215209961,-0.03581714630126953
349,597000000,imu2_frame,-0.003398451202761736,0.010760603880397086,-0.8691099688869366,0.4944901636179429,-0.0703125,0.0390625,-0.046875,0.06971313431859016,-0.3390306085348129,0.15677642822265625
349,623000000,imu2_frame,-0.005294427490350468,0.013645618379898732,-0.8709309018892905,0.49118746957845605,-0.068359375,0.02734375,-0.2890625,0.0643199011683464,-0.2715480327606201,0.15847492218017578
349,648000000,imu2_frame,-0.003984158796476062,0.012523484541740614,-0.8727150944522806,0.4880529200084395,-0.068359375,0.02734375,-0.2890625,-0.0031790025532245636,0.07977354526519775,0.04438209533691406
349,672000000,imu2_frame,-0.002458627535622877,0.010473351412405416,-0.8741758312372062,0.48549035020438147,0.01171875,0.0234375,-0.24609375,0.0026919879019260406,0.030422329902648926,0.04326820373535156
349,698000000,imu2_frame,-0.0034551922361741798,0.01272871511281987,-0.8757046594149841,0.4826669565415416,0.01171875,0.0234375,-0.24609375,0.0062605589628219604,-0.07373565435409546,-0.07278156280517578
349,722000000,imu2_frame,-0.002445218856792538,0.010446093057556057,-0.8771533213154266,0.4800905653622985,0.01171875,0.0234375,-0.24609375,0.04048001766204834,0.18252287805080414,-0.11690044403076172
349,747000000,imu2_frame,-0.0015666668708237581,0.007975976208583422,-0.8770694328118955,0.48029484630324304,0.01171875,0.009765625,0.017578125,0.03239739313721657,0.13191914558410645,-0.11785888671875
349,773000000,imu2_frame,-0.0009793122677414052,0.006400762849531349,-0.8773235337551316,0.47985569528956784,-0.06640625,0.029296875,-0.0390625,0.02761857956647873,0.0994224026799202,-0.1183309555053711
349,797000000,imu2_frame,-0.0019290302123118224,0.009503738048313493,-0.8775273095680988,0.4794285961097056,-0.06640625,0.029296875,-0.0390625,0.0012874826788902283,-0.02984049916267395,-0.14856243133544922
349,822000000,imu2_frame,-0.0037652936432289613,0.012188074279612424,-0.8777379811429973,0.4789710950236456,-0.06640625,0.029296875,-0.0390625,0.03388391062617302,-0.07985194027423859,0.04418659210205078
349,848000000,imu2_frame,-0.00604764367788324,0.013086445339912756,-0.8779191970318798,0.47859174087860107,0.0390625,-0.041015625,-0.03125,0.0030175503343343735,-0.0430682897567749,0.04506874084472656
349,873000000,imu2_frame,-0.004846070092163577,0.01035104132731054,-0.8781337295193999,0.4782787101977795,0.0390625,-0.041015625,-0.03125,-0.04109859839081764,0.2815755158662796,0.004496574401855469
349,898000000,imu2_frame,-0.003068923943794966,0.008172703380183492,-0.878335355939502,0.47796526142797807,0.0390625,-0.041015625,-0.03125,-0.031021276488900185,0.036176905035972595,0.0034332275390625
349,922000000,imu2_frame,-0.004643793865958279,0.00949897630670474,-0.8784995623036423,0.4776261337698808,0.0390625,-0.041015625,-0.03125,-0.0066843535751104355,-0.03962025046348572,0.039284706115722656
349,948000000,imu2_frame,-0.005730454941896731,0.011798231850458201,-0.879220801411249,0.4762339193895402,0.001953125,-0.021484375,-0.12109375,-0.004280160181224346,0.010018646717071533,0.040462493896484375
349,973000000,imu2_frame,-0.004963219550862434,0.009350705159499385,-0.8799659756303552,0.4749187430473001,0.001953125,-0.021484375,-0.12109375,0.024871505796909332,0.37879009544849396,0.004134178161621094
349,998000000,imu2_frame,-0.006187280783718717,0.011493769194671634,-0.8806557467740517,0.47357688552128513,0.001953125,-0.021484375,-0.12109375,-0.015736040892079473,-0.10814782977104187,-0.03378868103027344
350,23000000,imu2_frame,-0.00708640908532176,0.01379396314953878,-0.8810266772309472,0.4728123342239511,0.001953125,-0.00390625,-0.068359375,-0.010178379248827696,-0.06023415923118591,-0.032418251037597656
350,48000000,imu2_frame,-0.005814285252852377,0.011614015878167147,-0.8814602385455139,0.4720796083135404,0.001953125,-0.00390625,-0.068359375,-0.008633396588265896,0.12095072865486145,-0.07678985595703125
350,72000000,imu2_frame,-0.004506816721054267,0.009414119211726683,-0.8819933241825099,0.4711463032434789,0.013671875,-0.00390625,-0.08984375,-0.006624595262110233,0.07099716365337372,-0.0779581069946289
350,98000000,imu2_frame,-0.004883858457179919,0.01179544640461273,-0.8825152807437837,0.47011040684546307,0.013671875,-0.00390625,-0.08984375,-0.06570141576230526,-0.18914145231246948,0.04419231414794922
350,122000000,imu2_frame,-0.005827576052553863,0.009427186781405077,-0.883049544560608,0.46914887760501256,0.013671875,-0.00390625,-0.08984375,0.009299339726567268,0.005228191614151001,0.000438690185546875
350,148000000,imu2_frame,-0.006872667576879319,0.007538589106869766,-0.884023677985942,0.467330795983812,-0.0078125,0.037109375,-0.15625,-0.026458296924829483,-0.017887815833091736,7.152557373046875e-05
350,172000000,imu2_frame,-0.005895049582777144,0.009863111487360772,-0.8846789027743643,0.4660592305792808,-0.021484375,-0.001953125,-0.12109375,0.011348911561071873,0.01332952082157135,0.00061798095703125
350,198000000,imu2_frame,-0.007671716188472005,0.012130474023793915,-0.8853804385273395,0.46464553741945885,-0.021484375,-0.001953125,-0.12109375,0.0008406694978475571,-0.0055398643016815186,-0.036998748779296875
350,223000000,imu2_frame,-0.005782022074141407,0.010915036717683088,-0.8860999662428914,0.4633295587576218,-0.021484375,-0.001953125,-0.12109375,-0.05598133918829262,0.10861054062843323,0.07914447784423828
350,248000000,imu2_frame,-0.0034636647766113655,0.009694036060704049,-0.8863763654719237,0.4628509127396767,-0.005859375,0.029296875,-0.044921875,-0.02699340507388115,0.06648500263690948,0.07823371887207031
350,273000000,imu2_frame,-0.001636351506216797,0.00793988116045485,-0.8868733889111735,0.46194141693738217,0.005859375,-0.0078125,-0.083984375,-0.011360745877027512,0.01960785686969757,0.07744693756103516
350,297000000,imu2_frame,-0.0024505138616432004,0.010114191903603856,-0.8873203644658859,0.46103608200235074,0.005859375,-0.0078125,-0.083984375,-0.041198380291461945,-0.23998962342739105,0.1993732452392578
350,323000000,imu2_frame,-0.0015049448749651067,0.007601122626998922,-0.8878422399610365,0.4600827262750712,0.005859375,-0.0078125,-0.083984375,0.026616252958774567,0.3563878685235977,-0.11797618865966797
350,348000000,imu2_frame,-0.00035492046942369176,0.006624542617255085,-0.8879388499428532,0.4599136747572698,-0.087890625,0.060546875,-0.015625,0.03776944428682327,0.3291083350777626,-0.11828994750976562
350,372000000,imu2_frame,0.00041442084377507323,0.004335680634650981,-0.888345970804432,0.4591540768460296,0.0,-0.0078125,-0.072265625,0.030484691262245178,0.2825055494904518,-0.11877918243408203
350,397000000,imu2_frame,0.0007074872031381774,0.001820550114632632,-0.8887657145598339,0.45835760022288885,0.0,-0.0078125,-0.072265625,0.012977443635463715,0.04482058994472027,0.002017974853515625
350,422000000,imu2_frame,0.0011507688328013731,-0.00045739666867073396,-0.8898929786712522,0.45616768082689446,-0.013671875,0.00390625,-0.197265625,0.0003139786422252655,0.0013137366622686386,0.0019731521606445312
350,447000000,imu2_frame,0.00031099411962092047,0.002088475762242909,-0.8910147824617134,0.4539693811110545,-0.013671875,0.00390625,-0.197265625,-0.030738238245248795,-0.2124788798391819,0.0020303726196289062
350,473000000,imu2_frame,-0.0007383345382587921,0.00422376273258691,-0.89315493909966,0.44972866203119743,0.015625,-0.025390625,-0.365234375,-0.03044707141816616,-0.16586196422576904,0.0023031234741210938
350,498000000,imu2_frame,-0.0021432915116244215,0.0017018187911750182,-0.8952061977516035,0.44564377435505054,0.015625,-0.025390625,-0.365234375,0.03981976956129074,0.028918787837028503,-0.0369720458984375
350,523000000,imu2_frame,-0.0034687132602318317,0.0036111141366321586,-0.8972217812798239,0.4415518124524803,0.015625,-0.025390625,-0.365234375,-0.00622943602502346,-0.19188529253005981,0.04149627685546875
350,548000000,imu2_frame,-0.004419263021545223,0.006173351714878764,-0.8971843189231902,0.44159105258290937,-0.017578125,0.015625,0.00390625,-0.0007774513214826584,-0.1387452930212021,0.04213237762451172
350,573000000,imu2_frame,-0.0049251002892619225,0.009177164563244876,-0.8970337388416219,0.4418393309988833,-0.033203125,0.068359375,0.0234375,0.016338965389877558,-0.0817030668258667,0.04312610626220703
350,598000000,imu2_frame,-0.0029683364757002277,0.007837102173739225,-0.8969243952057925,0.4421045103737447,-0.033203125,0.068359375,0.0234375,6.0521066188812256e-05,0.1435234099626541,0.03847312927246094
350,622000000,imu2_frame,-0.001950835582455971,0.006202087609862718,-0.8968169523439791,0.4423540237618136,-0.033203125,0.068359375,0.0234375,0.04286691173911095,0.1060611754655838,-0.04019927978515625
350,648000000,imu2_frame,-0.0020348770074674802,0.00491571080683422,-0.896623034416025,0.44276272338288336,-0.099609375,0.025390625,0.03515625,0.030317628756165504,0.08423498272895813,-0.04047203063964844
350,673000000,imu2_frame,-0.0014948279754702348,0.002204617923212394,-0.8976375647440363,0.4407263408392247,0.025390625,0.01171875,-0.181640625,0.016201520804315805,0.03202942758798599,-0.04088592529296875
350,697000000,imu2_frame,-0.003325510970614849,0.0031762581628312736,-0.8985911088086525,0.4387628875952296,0.025390625,0.01171875,-0.181640625,0.031329117715358734,-0.04850037395954132,0.0023565292358398438
350,723000000,imu2_frame,-0.005896701242334154,0.0036420967409649257,-0.899489975673401,0.4368864242670541,0.048828125,-0.052734375,-0.16015625,-0.010075479745864868,-0.018418297171592712,0.0028829574584960938
350,748000000,imu2_frame,-0.006395740720228867,0.006725094163425118,-0.9005413097428546,0.434671389736841,-0.064453125,-0.0234375,-0.197265625,0.007056005299091339,0.03991144895553589,0.0036268234252929688
350,773000000,imu2_frame,-0.005781726337834559,0.003842064991788106,-0.9016413448146241,0.4324288328708311,0.03125,-0.01953125,-0.19921875,-0.006924167275428772,-0.016226395964622498,0.0028858184814453125
350,797000000,imu2_frame,-0.004433468768103464,0.0014435961127161078,-0.9026858328713112,0.43027496733876236,0.03125,-0.01953125,-0.19921875,-0.042649224400520325,0.19947928935289383,-0.036693572998046875
350,822000000,imu2_frame,-0.0027766174058725447,-0.00021359153055455478,-0.9035657494528597,0.4284404056460264,-0.01953125,0.021484375,-0.162109375,-0.02739228680729866,0.1561998575925827,-0.03696727752685547
350,847000000,imu2_frame,-0.003378672322825365,0.0025044775366405182,-0.904425065548623,0.4266117825060302,-0.01953125,0.021484375,-0.162109375,-0.015408884733915329,-0.1384860947728157,-0.0016164779663085938
350,873000000,imu2_frame,-0.004038428613027439,0.005697708958809479,-0.9049504754721334,0.4254595916767158,-0.044921875,0.037109375,-0.09765625,-0.0006139595061540604,-0.07656386494636536,-0.0010089874267578125
350,897000000,imu2_frame,-0.004862288862929791,0.008555749538429594,-0.9054268996558257,0.42438813211079385,-0.044921875,0.037109375,-0.09765625,0.00835710484534502,0.019884586334228516,-0.035225868225097656
350,923000000,imu2_frame,-0.0034864238163779164,0.011594051895418825,-0.905935507427812,0.42324257724280523,-0.044921875,0.037109375,-0.09765625,-0.020506925880908966,-0.01193709671497345,0.03996467590332031
350,948000000,imu2_frame,-0.00164229432239205,0.014411558740473658,-0.9057958639254913,0.42346601131554984,-0.046875,0.052734375,0.01953125,0.03552694618701935,0.022667616605758667,0.04121208190917969
350,972000000,imu2_frame,-0.0028589164184290618,0.012089046164271724,-0.905482613171358,0.424201507310051,0.021484375,-0.0078125,0.068359375,-0.0050476230680942535,-0.00841626524925232,0.040116310119628906
350,998000000,imu2_frame,-0.003270478869476616,0.009235015140093193,-0.9051368687413464,0.4250073732400854,0.021484375,-0.0078125,0.068359375,0.04229501262307167,0.05775141716003418,-0.03914928436279297
351,22000000,imu2_frame,-0.004872219331649399,0.010726653252105858,-0.9047722493567931,0.4257327532415639,0.021484375,-0.0078125,0.068359375,0.026534525444731116,-0.09396424889564514,0.03981304168701172
351,47000000,imu2_frame,-0.006773088844566056,0.012299763579598194,-0.905556768796634,0.42399266452379714,0.013671875,-0.02734375,-0.15234375,0.00548524409532547,-0.050365597009658813,0.040953636169433594
351,72000000,imu2_frame,-0.00787465357532577,0.01447095969523727,-0.9062379803042571,0.42244680636812554,0.00390625,0.017578125,-0.134765625,0.00343882292509079,-0.0028488636016845703,0.042405128479003906
351,98000000,imu2_frame,-0.007637013748140213,0.017109728019039774,-0.9069332608715933,0.4208574503949566,0.00390625,0.017578125,-0.134765625,-0.049321917816996574,-0.11041557788848877,0.008806228637695312
351,122000000,imu2_frame,-0.0070551818129226595,0.018888422768067962,-0.9076318070413649,0.41928266687492344,0.068359375,0.02734375,-0.14453125,-0.025052422657608986,-0.08362862467765808,0.009890556335449219
351,148000000,imu2_frame,-0.007019914592917188,0.02145625713252213,-0.908550052426048,0.41716561707024297,0.013671875,0.03125,-0.177734375,-0.004395272582769394,-0.03826570510864258,0.011905670166015625
351,173000000,imu2_frame,-0.007869779331043884,0.024230612211562474,-0.9093411378273295,0.41527056127304673,-0.03125,0.01171875,-0.1640625,0.002115461975336075,0.018019020557403564,0.014630317687988281
351,198000000,imu2_frame,-0.006945326769014762,0.02234340361447357,-0.9102356323867731,0.41342910914018094,-0.03125,0.01171875,-0.1640625,0.002302836626768112,0.09039214253425598,-0.02641773223876953
351,223000000,imu2_frame,-0.00597840431235934,0.020496570063230805,-0.9106091152683572,0.4127168381441454,-0.033203125,0.015625,-0.064453125,0.0042528919875621796,0.04978474974632263,-0.02820873260498047
351,248000000,imu2_frame,-0.0049851126721135825,0.018659752760743994,-0.9109774410389732,0.41200371866845864,-0.033203125,0.015625,-0.064453125,0.006818879395723343,0.27867239713668823,-0.029827117919921875
351,272000000,imu2_frame,-0.003887633613624294,0.016781760443951212,-0.9114745987243079,0.41099551664422074,-0.01953125,0.025390625,-0.09375,0.010868802666664124,0.23647889494895935,-0.03131866455078125
351,298000000,imu2_frame,-0.00469833478665101,0.014740107105240824,-0.9120135809015664,0.40986812896816005,-0.01953125,0.025390625,-0.09375,0.0577731654047966,0.054324209690093994,0.002716064453125
351,323000000,imu2_frame,-0.0024728425615540015,0.013658114996410753,-0.9125067794958449,0.40882602451230066,-0.01953125,0.025390625,-0.09375,-0.024804338812828064,0.05244264006614685,0.08383369445800781
351,347000000,imu2_frame,-0.0005628353448019845,0.011931980515255543,-0.9127038284759675,0.4084470988300322,0.013671875,0.005859375,-0.037109375,-0.004620447754859924,0.006431907415390015,0.08285808563232422
351,372000000,imu2_frame,0.0012622751256388645,0.01078470148210336,-0.9133432366135468,0.40704573331229005,-0.037109375,0.01171875,-0.125,0.0185014009475708,-0.028438761830329895,0.08237361907958984
351,397000000,imu2_frame,-0.000532508487553474,0.013086142718367505,-0.9139615910563103,0.40558929889394635,-0.037109375,0.01171875,-0.125,0.07861002534627914,-0.19948971271514893,-0.1470470428466797
351,423000000,imu2_frame,-0.002996510147361584,0.014619974622276146,-0.9146082545054829,0.40406561108242656,-0.037109375,0.01171875,-0.125,0.007214345037937164,-0.00011309981346130371,0.12348461151123047
351,447000000,imu2_frame,-0.004361248259113316,0.013123776351593385,-0.9146552425043023,0.40399818485643174,-0.01171875,0.029296875,-0.00390625,-0.029023179784417152,-0.016076505184173584,0.12286949157714844
351,473000000,imu2_frame,-0.002760807562283934,0.014675824176056427,-0.9148214489213049,0.40358235184393493,0.021484375,-0.021484375,-0.037109375,0.01171921193599701,-0.0009412169456481934,0.1234903335571289
351,498000000,imu2_frame,-0.005252968209671036,0.013460925981087538,-0.9150287084009936,0.40312984582976397,0.021484375,-0.021484375,-0.037109375,-0.04257051646709442,-0.002997666597366333,0.006024360656738281
351,522000000,imu2_frame,-0.0034800796835676717,0.014313867700953099,-0.9152918473441866,0.4025218458942348,0.0078125,-0.03515625,-0.05859375,-0.004327066242694855,-0.0016799569129943848,0.0061855316162109375
351,547000000,imu2_frame,-0.0008704994966340495,0.017245994589147908,-0.9156210776896192,0.4016713332959642,-0.064453125,0.09765625,-0.07421875,0.06513996422290802,0.030343621969223022,0.007771492004394531
351,572000000,imu2_frame,-0.0028331943724768135,0.014427321565575808,-0.9157760814340368,0.40141997219297854,0.05859375,-0.052734375,-0.021484375,0.007801707834005356,-0.004664331674575806,0.006169319152832031
351,597000000,imu2_frame,-0.003592793760582553,0.011028000507196236,-0.9159237784261035,0.40118462975475155,0.05859375,-0.052734375,-0.021484375,0.0065324753522872925,0.014679402112960815,0.004573822021484375
351,623000000,imu2_frame,-0.004230962963746044,0.007876595361052084,-0.9162747182355648,0.4004506198275314,0.01953125,-0.060546875,-0.0625,-0.029748556204140186,-0.03674454987049103,0.0035066604614257812
351,648000000,imu2_frame,-0.00477667298657384,0.009849237110793373,-0.9165618279949882,0.39974315677194544,0.01953125,-0.060546875,-0.0625,-0.06330684199929237,-0.11043395102024078,0.08241081237792969
351,672000000,imu2_frame,-0.004564497632832561,0.01209922587867865,-0.9173192296258791,0.3979424645009377,0.0078125,-0.0078125,-0.1640625,-0.04241786431521177,-0.07176223397254944,0.08333778381347656
351,697000000,imu2_frame,-0.002260675786497292,0.012731020890986548,-0.9181201376700919,0.39609118048337427,0.0078125,-0.0078125,-0.1640625,-0.03184589743614197,-0.00011152029037475586,0.044274330139160156
351,723000000,imu2_frame,-0.0018888433624093205,0.010030172496754914,-0.9189914526060435,0.39414532592366436,0.0078125,-0.0078125,-0.1640625,0.06678362563252449,0.2923875153064728,-0.11711406707763672
351,748000000,imu2_frame,-0.0011932861821478638,0.007520831593149084,-0.9195229773401917,0.392962475694136,0.01171875,0.017578125,-0.103515625,0.059759072959423065,0.24200215935707092,-0.11801624298095703
351,773000000,imu2_frame,-0.0011531418653207386,0.00479781326340506,-0.9205416441799597,0.39061327752930314,0.0078125,-0.033203125,-0.205078125,0.03932102024555206,0.1927926391363144,-0.11867427825927734
351,798000000,imu2_frame,0.00015595383630203228,0.002678362343296739,-0.9215448361248341,0.3882626907973671,0.0078125,-0.033203125,-0.205078125,-0.03155096247792244,0.06659455224871635,-0.03697776794433594
351,822000000,imu2_frame,-0.0006791650854094169,0.004789518864531505,-0.9224903815405888,0.38598976049751904,0.0078125,-0.033203125,-0.205078125,-0.0307973213493824,-0.11944829672574997,0.0024003982543945312
351,848000000,imu2_frame,-0.001086454686613819,0.007350856181269063,-0.9233552869372424,0.38387471734233664,0.0,-0.001953125,-0.17578125,-0.019138574600219727,-0.07010973989963531,0.0030221939086914062
351,873000000,imu2_frame,-0.001619429343753441,0.008795090304979727,-0.9239226944161036,0.38247467704152044,0.0703125,-0.046875,-0.12109375,-0.01817983388900757,-0.03999035060405731,0.0035076141357421875
351,898000000,imu2_frame,-0.0005465485524096597,0.009898398524381243,-0.9244851236759445,0.3810892009663952,0.0703125,-0.046875,-0.12109375,-0.025985218584537506,-0.02799166738986969,0.04292774200439453
351,923000000,imu2_frame,0.0003849532787148585,0.01180102795215965,-0.9248154678431446,0.3802327418678082,0.033203125,-0.009765625,-0.07421875,0.004825994372367859,-0.0004654824733734131,0.043730735778808594
351,948000000,imu2_frame,-0.0017033406881138361,0.010569730684172045,-0.9249579851636855,0.3799185506206551,0.009765625,0.0078125,-0.025390625,-0.04214636981487274,-0.0071839988231658936,0.04324626922607422
351,973000000,imu2_frame,0.0006598897970386251,0.012524851341686339,-0.9253377090634753,0.37893642848040243,-0.04296875,0.037109375,-0.0859375,0.01486533135175705,0.010720595717430115,0.044081687927246094
351,998000000,imu2_frame,-0.0002286533119831677,0.015445728161248961,-0.9257132552698729,0.3779105002733935,-0.04296875,0.037109375,-0.0859375,0.02011749893426895,-0.15631958842277527,-0.036360740661621094
352,22000000,imu2_frame,-0.0010053344966322894,0.016266528007494063,-0.9261342948537681,0.37684168727045714,0.111328125,-0.0078125,-0.09375,0.011778570711612701,-0.13561692833900452,-0.03583240509033203
352,48000000,imu2_frame,-0.0008115965968358398,0.012298012452909743,-0.9266502556020059,0.37572250929829765,0.111328125,-0.0078125,-0.09375,0.0209321528673172,0.017781749367713928,-0.034149169921875
352,73000000,imu2_frame,-0.0016091790675365825,0.010952240430164163,-0.927285585982412,0.37419099535069394,-0.05078125,0.056640625,-0.130859375,-0.0037464089691638947,-0.0006492435932159424,-0.03472328186035156
352,98000000,imu2_frame,-0.002031899722273269,0.014163436596172951,-0.9278624450607685,0.37264802628372673,-0.05078125,0.056640625,-0.130859375,0.011629216372966766,-0.013472229242324829,0.04110145568847656
352,122000000,imu2_frame,-0.0008340461059970667,0.012718934698577171,-0.9284662755713254,0.3711979366779105,-0.05078125,0.056640625,-0.130859375,0.022462375462055206,0.2954798936843872,0.00511932373046875
352,147000000,imu2_frame,-0.00015364019398068433,0.010229882328483672,-0.9286439714759016,0.37083109381995055,0.005859375,-0.0078125,-0.033203125,0.016676880419254303,0.2454039305448532,0.00399017333984375
352,172000000,imu2_frame,0.000796672853923975,0.00803230773514273,-0.9289316533775621,0.37016324871337575,-0.0078125,0.01953125,-0.05859375,0.017897367477416992,0.19867978990077972,0.0032176971435546875
352,198000000,imu2_frame,-0.0008838515132677215,0.006416731140007478,-0.9292296866578508,0.3694458469136332,-0.0078125,0.01953125,-0.05859375,-0.024402430281043053,-0.009877435863018036,0.0027637481689453125
352,222000000,imu2_frame,-0.0012505264421439747,0.008930791940315309,-0.9294719405311397,0.36878257673623094,-0.0078125,0.01953125,-0.05859375,-0.01302877813577652,-0.11388227343559265,-0.035529136657714844
352,248000000,imu2_frame,-0.0015932660957618892,0.011188348110360971,-0.9288801238641968,0.37020804672473545,0.02734375,0.015625,0.119140625,-0.0026517435908317566,-0.07048016786575317,-0.0346221923828125
352,273000000,imu2_frame,-0.0026632235729397297,0.014132036419353384,-0.9281381021343976,0.3719581376354079,-0.05078125,-0.001953125,0.15234375,-0.00025481730699539185,-0.009402871131896973,-0.03307628631591797
352,297000000,imu2_frame,-0.0006046007490604873,0.013945324138368534,-0.9274500390383672,0.37368648287079004,-0.05078125,-0.001953125,0.15234375,0.0010591670870780945,0.011137515306472778,0.0018453598022460938
352,322000000,imu2_frame,-0.00020569424635365677,0.011372956425317802,-0.9277673359995104,0.37298576890331425,0.00390625,-0.02734375,-0.0625,-0.010655947029590607,-0.038342997431755066,0.0005655288696289062
352,347000000,imu2_frame,-0.00037495046275928015,0.013827784629734724,-0.9280493402254673,0.3722003142011822,0.005859375,0.0078125,-0.06640625,0.003957800567150116,0.007480114698410034,0.00177764892578125
352,373000000,imu2_frame,-0.0009477146333444303,0.01188978207951913,-0.9284217655321297,0.3713364514901258,-0.0546875,-0.001953125,-0.072265625,-0.020740024745464325,-0.023438796401023865,0.0008182525634765625
352,398000000,imu2_frame,-0.002391920144325957,0.014734173542523248,-0.9287227223845124,0.3704744090686182,-0.0546875,-0.001953125,-0.072265625,0.008590608835220337,-0.07847714424133301,-0.03276348114013672
352,423000000,imu2_frame,-0.003765833629366669,0.017265293355389833,-0.9293616072472072,0.36874751676088047,-0.029296875,-0.00390625,-0.146484375,0.0013485811650753021,-0.022489488124847412,-0.031014442443847656
352,448000000,imu2_frame,-0.002354955382756536,0.015679645925009696,-0.9300552341937056,0.36707746353828774,-0.029296875,-0.00390625,-0.146484375,-0.02015015482902527,0.05585893988609314,0.08498287200927734
352,473000000,imu2_frame,-0.000575978152806737,0.014415708039920825,-0.9304721690775686,0.3660784044203643,-0.04296875,0.033203125,-0.087890625,0.0028361305594444275,0.020222008228302002,0.0841379165649414
352,497000000,imu2_frame,-3.115034188297055e-05,0.01266894980866525,-0.9308795426596623,0.3651065239052019,-0.04296875,0.033203125,-0.087890625,0.03516141325235367,0.13699723780155182,0.0050811767578125
352,523000000,imu2_frame,-0.0019394290270909696,0.011802841768322402,-0.9313148149341115,0.36401874543144397,-0.04296875,0.033203125,-0.087890625,0.03305206075310707,0.017728164792060852,0.004740715026855469
352,547000000,imu2_frame,-0.0033144709737766742,0.009411807209582963,-0.9310957413486319,0.3646383860890882,0.048828125,-0.00390625,0.056640625,-0.0088652647100389,-0.016015589237213135,0.0038890838623046875
352,572000000,imu2_frame,-0.0033908045401986847,0.012149496545070847,-0.9309113405084852,0.36502735279834375,-0.03125,-0.0234375,0.033203125,0.009363297373056412,0.03433699905872345,0.005053520202636719
352,597000000,imu2_frame,-0.0026342053877305665,0.010195163145164002,-0.9307782359585698,0.3654326135914415,-0.03125,-0.0234375,0.033203125,-0.029788639396429062,0.22383935749530792,0.004111289978027344
352,623000000,imu2_frame,-0.0022340164665523277,0.007997629934415822,-0.9306378535630242,0.36584728043470016,-0.03125,-0.0234375,0.033203125,0.0009285286068916321,0.14193236827850342,0.0032911300659179688
352,648000000,imu2_frame,-0.0013750240694399931,0.005697560911491946,-0.9307067228180542,0.3657193503353981,-0.00390625,-0.001953125,-0.01171875,9.021349251270294e-05,0.09395235031843185,0.0026149749755859375
352,672000000,imu2_frame,-0.0004951386714838231,0.0035144338070869285,-0.9307504658544699,0.3656377632362376,-0.00390625,0.001953125,-0.0078125,0.0004849713295698166,0.04794754832983017,0.00218963623046875
352,698000000,imu2_frame,-0.0007801533837980904,0.006154510496374932,-0.9307754677479004,0.36553870109733244,-0.00390625,0.001953125,-0.0078125,-0.024906160309910774,-0.09338787943124771,-0.03636646270751953
352,723000000,imu2_frame,-0.0010639445117248706,0.008638221870285508,-0.9307759009335212,0.3654866227187906,0.0,0.0,-0.00390625,-0.012331537902355194,-0.046172454953193665,-0.035637855529785156
352,748000000,imu2_frame,-0.0013703343531633447,0.011112759595212908,-0.930797263537283,0.3653643153750035,0.0,-0.001953125,-0.009765625,-0.00025450438261032104,0.0010395795106887817,-0.03466796875
352,772000000,imu2_frame,0.0009822966480963259,0.010635822760907248,-0.9308788056676283,0.36517196432133714,0.0,0.0,-0.01953125,0.03910570591688156,-0.024419397115707397,-0.03488922119140625
352,798000000,imu2_frame,-7.835184860086747e-05,0.013013701517357477,-0.9309507180546246,0.3649128635542791,0.0,0.0,-0.01953125,0.07577603310346603,-1.696218878030777,0.0013475418090820312
352,822000000,imu2_frame,-0.0008280642435243523,0.01625848241011523,-0.9313815046620825,0.3636804487908633,-0.07421875,0.05078125,-0.107421875,0.08487957715988159,-1.6317075192928314,0.0032176971435546875
352,848000000,imu2_frame,-0.001581201495671069,0.014994408898342406,-0.9319145438378427,0.36236438909904667,-0.07421875,0.05078125,-0.107421875,0.13990473747253418,0.1515299677848816,0.04154396057128906
352,872000000,imu2_frame,-0.0024675724218211244,0.01298011936349273,-0.9320131531418475,0.36218353076616255,-0.017578125,0.005859375,-0.015625,0.10944009199738503,0.12113165855407715,0.0405120849609375
352,897000000,imu2_frame,-0.0042449703294646455,0.014983714947278204,-0.9320590522682313,0.36197153423733064,-0.017578125,0.005859375,-0.015625,0.013052923604846,-0.021193653345108032,-0.036284446716308594
352,922000000,imu2_frame,-0.0038521351417224584,0.01274867740182777,-0.9321619871090846,0.36179643733485933,-0.017578125,0.005859375,-0.015625,0.04340711981058121,0.20485037565231323,0.005410194396972656
352,948000000,imu2_frame,-0.0035304767387848712,0.01019906329072572,-0.9323935957625223,0.36128340319342483,-0.00390625,-0.005859375,-0.04296875,0.031118720769882202,0.15612949430942535,0.0042209625244140625
352,973000000,imu2_frame,-0.002990749514725091,0.008116719379702944,-0.9325565428601091,0.3609203078972597,-0.025390625,0.01953125,-0.03125,0.02618281659670174,0.11437048017978668,0.003406524658203125
352,998000000,imu2_frame,-0.0007951070473432352,0.009881804649678912,-0.9326796664083382,0.36056949068117194,-0.025390625,0.01953125,-0.03125,0.03952724114060402,0.013886481523513794,-4.100799560546875e-05
353,23000000,imu2_frame,-0.002194711394008778,0.012262626675510544,-0.932799208373524,0.3601811323301664,-0.025390625,0.01953125,-0.03125,0.030692793428897858,-0.08517538011074066,0.0010709762573242188
353,48000000,imu2_frame,-0.003456017276243554,0.01469307455640676,-0.9331858625753507,0.3590770326742787,-0.029296875,0.044921875,-0.091796875,0.024463064968585968,-0.03194299340248108,0.002490997314453125
353,73000000,imu2_frame,-0.005595852164508498,0.01599659503567737,-0.9332729472933781,0.3587678932626898,0.0,0.0,-0.0234375,-0.005526799708604813,0.006847470998764038,0.003650665283203125
353,97000000,imu2_frame,-0.004660321839690398,0.013785433811238569,-0.9334080794485887,0.35852140861472037,0.0,0.0,-0.0234375,-0.004045429639518261,0.11230677366256714,-0.03688621520996094
353,123000000,imu2_frame,-0.00361514212534513,0.01140188918244936,-0.9334392223258834,0.3585361151880441,0.0,0.001953125,0.0,-0.0016786176711320877,0.061501145362854004,-0.03822898864746094
353,147000000,imu2_frame,-0.0026911343468738066,0.009187730497114462,-0.933462314618059,0.35854769639775325,0.0,0.0,0.0,-0.00033584795892238617,0.014630377292633057,-0.03923320770263672
353,173000000,imu2_frame,-0.0016800392198723989,0.006762353404015502,-0.9334905612327574,0.35853426633170055,0.001953125,0.0,-0.001953125,0.0011119581758975983,-0.036707475781440735,-0.040076255798339844
353,198000000,imu2_frame,-0.0026020146317553994,0.009059465806596162,-0.9334813727344203,0.35850199770296626,0.001953125,0.0,-0.001953125,0.00038225576281547546,-0.02739618718624115,0.0036802291870117188
353,222000000,imu2_frame,-0.0034870220364726047,0.011267957901354443,-0.9334671307791734,0.35846895201251083,0.001953125,0.0,-0.001953125,-0.0002962695434689522,0.0190984308719635,0.0046634674072265625
353,247000000,imu2_frame,-0.002547506818094656,0.008925677249123817,-0.9334997534190742,0.35845788157213654,0.001953125,0.0,-0.001953125,0.00043069757521152496,-0.030218273401260376,0.003627777099609375
353,273000000,imu2_frame,-0.0034818005507840748,0.011323832432314202,-0.933484538059413,0.3584219093302945,0.001953125,0.001953125,-0.001953125,0.0001789238303899765,0.020082011818885803,0.0046863555908203125
353,298000000,imu2_frame,-0.004375394645924292,0.013631428300588493,-0.9334640947501985,0.3583850218638754,0.001953125,0.001953125,-0.001953125,3.278069198131561e-05,0.033284395933151245,0.005949974060058594
353,322000000,imu2_frame,-0.0034838392001131694,0.011378026716702988,-0.9335015037305393,0.3583759839962546,0.001953125,0.001953125,-0.001953125,0.0005100555717945099,-0.014070287346839905,-0.034351348876953125
353,348000000,imu2_frame,-0.0044774685848957396,0.013806786035712114,-0.9335705119978639,0.35809974038315345,-0.001953125,0.001953125,-0.021484375,-0.0006875796243548393,0.0372028648853302,-0.033000946044921875
353,372000000,imu2_frame,-0.0036182461373215203,0.011615264323038985,-0.9338000231469727,0.357588465558257,-0.00390625,-0.001953125,-0.046875,-0.0004805121570825577,-0.008787721395492554,-0.0342254638671875
353,398000000,imu2_frame,-0.005147015578024508,0.009512880614501645,-0.9340410240361673,0.3570019310179174,-0.00390625,-0.001953125,-0.046875,-0.0041514914482831955,-0.0013349652290344238,0.000324249267578125
353,423000000,imu2_frame,-0.0032376985042611253,0.011111024407701942,-0.9342325550438136,0.356476640947643,-0.00390625,-0.001953125,-0.046875,0.041734762489795685,0.01452811062335968,0.0006551742553710938
353,447000000,imu2_frame,-0.005075766560617664,0.009563749901817397,-0.934249428004242,0.35645585639092014,0.0,0.0,0.0,-0.0026184264570474625,-0.0009186118841171265,0.00032901763916015625
353,472000000,imu2_frame,-0.0027544074760126867,0.010502749577083055,-0.9342395029341448,0.35648093448056795,0.0,0.0,0.0,0.007259899750351906,5.404651165008545e-05,0.004248619079589844
353,497000000,imu2_frame,-0.0041037733157790295,0.012611097981202172,-0.9342153950410315,0.35646278195712205,0.0,0.0,0.0,-0.002693014219403267,0.012795060873031616,0.005381584167480469
353,522000000,imu2_frame,-0.002722906245292634,0.010490408787617264,-0.9342137148998987,0.35654911582835064,0.001953125,0.001953125,0.005859375,0.0077645424753427505,-0.03554859757423401,0.0042400360107421875
353,548000000,imu2_frame,-0.0022582748038106047,0.007909956135608477,-0.9342108016320135,0.356626570663087,0.001953125,0.001953125,0.005859375,-0.0017231469973921776,-0.011687427759170532,-0.0006399154663085938
353,573000000,imu2_frame,-0.0028222210579466923,0.01034208098414511,-0.9341708028987672,0.35666509142428016,0.0,-0.001953125,0.00390625,0.0049429647624492645,0.036651283502578735,0.00028324127197265625
353,597000000,imu2_frame,-0.003985709988226725,0.012443797797574737,-0.9341300126786367,0.35669368570984394,0.0,-0.001953125,0.00390625,-0.0016399342566728592,0.008914589881896973,0.005280494689941406
353,622000000,imu2_frame,-0.0030689678112215298,0.010114686222740612,-0.9341391765439436,0.3567523978966251,0.0,-0.001953125,0.00390625,-0.0011289166286587715,0.034218281507492065,0.00022125244140625
353,648000000,imu2_frame,-0.0020780931774221677,0.007709514292305073,-0.9341423343480711,0.3568113564572446,0.0,-0.001953125,0.00390625,0.00020052865147590637,-0.01660655438899994,-0.039778709411621094
353,673000000,imu2_frame,-0.003030061531953715,0.01007781994203397,-0.9341210817439363,0.35680115038192745,-0.00390625,-0.001953125,0.0,-0.0006649065762758255,0.03327304124832153,-0.038860321044921875
353,697000000,imu2_frame,-0.003674758371810309,0.012436800088976534,-0.9340938198324986,0.3567920373343372,-0.00390625,-0.001953125,0.0,0.004015633836388588,0.0417732298374176,-0.03383159637451172
353,722000000,imu2_frame,-0.0030505739744842173,0.010060175559583504,-0.9341208421836942,0.35680210070032126,-0.00390625,-0.001953125,0.0,-0.0011623026803135872,-0.005968451499938965,-0.034958839416503906
353,747000000,imu2_frame,-0.0035528724504918095,0.012556595664712816,-0.9341005053337028,0.3567715724913973,-0.00390625,-0.001953125,-0.001953125,0.007071126252412796,0.04311069846153259,-0.033789634704589844
353,773000000,imu2_frame,-0.0030279307701162965,0.01006237879913639,-0.9341204180897288,0.35680334173886896,-0.00390625,0.001953125,0.001953125,-0.0007332218810915947,-0.006086170673370361,-0.03496074676513672
353,797000000,imu2_frame,-0.0036168799575369242,0.012442126796407812,-0.9340849052225447,0.3568157808947703,-0.00390625,0.001953125,0.001953125,0.005115984007716179,0.041466355323791504,-0.033837318420410156
353,823000000,imu2_frame,-0.002988979537882007,0.009970719106918496,-0.9341042552022225,0.35684855495702134,-0.00390625,0.001953125,0.001953125,-0.0006515169516205788,-0.00803200900554657,-0.03500080108642578
353,848000000,imu2_frame,-0.0036741425073601374,0.012327896181413653,-0.9340688099314176,0.35686129233342334,0.00390625,0.0,0.001953125,0.0032858308404684067,0.03977939486503601,-0.03388500213623047
353,872000000,imu2_frame,-0.0029832634974185607,0.010030315187456057,-0.9340951411396273,0.35687078924378945,0.0,0.001953125,0.0,-0.00012654345482587814,-0.006984159350395203,-0.03497886657714844
353,898000000,imu2_frame,-0.003845862917021421,0.01248613215754822,-0.9340672225832451,0.3568581364320986,0.0,0.001953125,0.0,0.001253640279173851,0.04386577010154724,0.005280494689941406
353,923000000,imu2_frame,-0.0029974290269721366,0.010132761932390077,-0.9340944755042946,0.35686951871406253,0.0,0.001953125,0.0,0.0003292430192232132,-0.005015015602111816,0.004126548767089844
353,947000000,imu2_frame,-0.0008816151786211985,0.011317966900117975,-0.9340776900290032,0.3568893321045142,0.0,0.001953125,0.0,0.008171550929546356,0.0018625855445861816,-0.03459930419921875
353,973000000,imu2_frame,-0.003182810390919814,0.010053777980647995,-0.9340954377262155,0.35686762880009315,0.0,-0.001953125,0.0,-0.04266952909529209,-0.005163967609405518,-0.03494548797607422
353,997000000,imu2_frame,-0.0038586281311225558,0.012357424586049177,-0.9340687314066298,0.35685852946924945,0.0,-0.001953125,0.0,0.00012274645268917084,0.006448984146118164,0.005219459533691406
354,23000000,imu2_frame,-0.00154575596420099,0.011204952994227382,-0.9340784060024265,0.3568887657336139,0.0,-0.001953125,0.0,-0.0047432370483875275,0.0044325292110443115,0.004445075988769531
354,47000000,imu2_frame,0.0006446770330071989,0.010262227857150176,-0.9340803559023296,0.35691477944785144,0.0,-0.001953125,0.0,0.028679579496383667,-0.028061121702194214,0.004010200500488281
354,73000000,imu2_frame,-0.0017453621856891536,0.011294004485946495,-0.9340777305796291,0.35688680615668905,0.0,0.0,0.0,-0.007766958326101303,0.0074506402015686035,0.004496574401855469
354,98000000,imu2_frame,-0.0038069937952371355,0.009879226253953767,-0.9340955677943903,0.35686605037988933,0.0,0.0,0.0,-0.016221883648540825,-0.003997012972831726,0.0041351318359375
354,123000000,imu2_frame,-0.0015378492055550467,0.01093511579163785,-0.9340815312069977,0.35688899019223763,0.0,0.0,0.0,-0.006481356918811798,-0.0005488842725753784,0.004326820373535156
354,147000000,imu2_frame,0.0006396727016075791,0.011948155806655387,-0.9340458321694131,0.35695268005521874,0.0,0.0,0.00390625,0.04035879671573639,0.002747967839241028,0.004742622375488281
354,173000000,imu2_frame,-0.001697705993456558,0.010859190101847018,-0.9340752583763345,0.3569070011555893,0.0,0.001953125,-0.001953125,-0.009925764054059982,-0.0008206963539123535,0.0043048858642578125
354,198000000,imu2_frame,0.0005907933536254312,0.011930211647635284,-0.9340644207415499,0.3569047196633977,0.0,0.001953125,-0.001953125,0.039330191910266876,0.0027663111686706543,0.004733085632324219
354,222000000,imu2_frame,-0.0015633613485547145,0.01092066498389584,-0.9340917240680072,0.35686264305088206,0.0,0.001953125,-0.001953125,-0.0070539116859436035,-0.0006333589553833008,0.004323005676269531
354,247000000,imu2_frame,0.0006759454239542944,0.01198155234736459,-0.9340630832517902,0.3569063490711398,0.0,-0.001953125,0.001953125,0.04124344140291214,0.0031092464923858643,0.0047588348388671875
354,272000000,imu2_frame,-0.001630285684139296,0.010946151604249393,-0.9340738541267601,0.3569083341285613,0.0,-0.001953125,0.001953125,-0.008087731897830963,0.0002965182065963745,-0.03472423553466797
354,298000000,imu2_frame,0.0008174296167846682,0.011747137651305622,-0.9340470049616038,0.3569559203712422,0.0,-0.001953125,0.001953125,0.042202435433864594,-0.0021622925996780396,0.0046539306640625
354,323000000,imu2_frame,-0.0015624036337290078,0.010968691937336905,-0.9340641893694006,0.356933238617187,0.0,0.0,0.0,-0.006685439497232437,0.00023311376571655273,0.0043430328369140625
354,348000000,imu2_frame,0.0007936378424800995,0.011738040827330931,-0.9340383186492754,0.3569790019473775,0.0,-0.001953125,0.001953125,0.04170973598957062,-0.0021647214889526367,0.004649162292480469
354,373000000,imu2_frame,-0.0015777607256971088,0.01093819467235385,-0.9340470049779457,0.35697907370059045,0.001953125,0.0,0.001953125,-0.007168281823396683,-0.00021882355213165283,0.004330635070800781
354,397000000,imu2_frame,0.0005418205359651302,0.012058377525530729,-0.9340187640825095,0.35701995785073415,0.001953125,0.0,0.001953125,0.03935684263706207,0.005436033010482788,-0.034270286560058594
354,423000000,imu2_frame,-0.001727084927516036,0.010776104491050324,-0.9340317284547884,0.3570232807386818,0.001953125,0.0,0.001953125,-0.011015858501195908,-0.002137988805770874,0.004271507263183594
354,447000000,imu2_frame,0.00023929373881993718,0.012143954130882366,-0.9340017116809735,0.35706199698873775,0.001953125,0.0,0.001953125,0.03444059193134308,0.00910542905330658,-0.03423500061035156
354,472000000,imu2_frame,-0.001843557704004124,0.010711979713184923,-0.9340241516035371,0.3570444496234454,0.0,-0.001953125,0.0,-0.013585180044174194,-0.0024967193603515625,-0.034809112548828125
354,497000000,imu2_frame,0.00020323305228499397,0.012108799833466948,-0.9340018962171387,0.3570627305190345,0.0,-0.001953125,0.0,0.033537037670612335,0.008715331554412842,-0.034252166748046875
354,523000000,imu2_frame,-0.0021213894452660163,0.010884567959380937,-0.9340227203578775,0.35704143140877853,0.0,-0.001953125,0.0,0.02160874754190445,0.002592921257019043,0.0043468475341796875
354,547000000,imu2_frame,0.00020668067770449115,0.011382574586407162,-0.9340100139471308,0.35706538354391454,0.0,-0.001953125,0.0,0.02853187918663025,-0.00456567108631134,0.0044765472412109375
354,573000000,imu2_frame,-0.002318700504093453,0.010793354173195413,-0.9340058716258434,0.35708704667365443,0.00390625,0.0,0.00390625,-0.02168237417936325,0.0023031085729599,0.00432586669921875
354,597000000,imu2_frame,2.3948177958697534e-05,0.01135587696835854,-0.9339763849459061,0.3571542465772188,0.00390625,0.0,0.00390625,0.025029055774211884,-0.0037852078676223755,0.004464149475097656
354,623000000,imu2_frame,-0.002513582179792941,0.010830952423166791,-0.9339711755314383,0.3571753290061564,0.00390625,0.0,0.00390625,-0.024957528337836266,0.0043468475341796875,-0.034702301025390625
354,648000000,imu2_frame,-5.194829829960985e-05,0.011393299239536843,-0.9339497308878134,0.3572227459280743,0.0,0.001953125,0.001953125,0.023919999599456787,-0.0025779902935028076,-0.03458118438720703
354,672000000,imu2_frame,-0.0023134552727315386,0.010663963981629679,-0.9339557718063249,0.3572219815556588,0.0,0.001953125,0.001953125,0.016603130847215652,-0.0001001209020614624,-0.034790992736816406
354,697000000,imu2_frame,-0.004627630258741698,0.009780342595502305,-0.933957721778773,0.3572196857211357,0.0,0.001953125,0.001953125,-0.03181552514433861,-7.237493991851807e-05,0.0042324066162109375
354,722000000,imu2_frame,-0.002300982069574465,0.01069488169210034,-0.9339555981809248,0.35722159175170054,-0.001953125,0.0,-0.001953125,0.017046663910150528,0.00037716329097747803,0.004282951354980469
354,748000000,imu2_frame,0.00010459526949574477,0.01168906128931928,-0.9339467023545274,0.3572210968953376,-0.001953125,0.0,-0.001953125,0.02884267270565033,0.0017276257276535034,-0.03444862365722656
354,773000000,imu2_frame,-0.0021910511334998725,0.010693280118202086,-0.93396449856628,0.3571990600114748,0.001953125,0.0,0.0,-0.02002520114183426,-0.0004188120365142822,-0.0347900390625
354,798000000,imu2_frame,-0.0045678385262341295,0.009922953433948294,-0.9339741260789667,0.35717362957163595,0.001953125,0.0,0.0,-0.02973854634910822,0.0021127015352249146,-0.034786224365234375
354,823000000,imu2_frame,-0.0022035021673691433,0.010748163223013954,-0.9339638963247144,0.35719891087108296,0.001953125,0.0,0.0,-0.019869301468133926,0.0006699562072753906,-0.034766197204589844
354,847000000,imu2_frame,-0.0018339578690221563,0.013101918543420056,-0.9339351325788197,0.35719762662145305,0.001953125,0.0,0.0,0.003312360495328903,0.005896955728530884,-0.033698081970214844
354,873000000,imu2_frame,-0.002335409479218079,0.010571688023916033,-0.934074857976323,0.3569130776133058,-0.001953125,0.0,-0.0234375,-0.02357375994324684,-0.03677713871002197,-0.03482818603515625
354,898000000,imu2_frame,-0.0018336721925559193,0.013055021071601215,-0.9342100605474418,0.35647968643816924,-0.001953125,0.001953125,-0.037109375,0.002797059714794159,0.005083233118057251,-0.033721923828125
354,923000000,imu2_frame,-0.0021550082635907832,0.010607810296003798,-0.9344050196485186,0.3560478753703769,-0.001953125,0.001953125,-0.037109375,-0.02022119238972664,-0.03734411299228668,0.004233360290527344
354,947000000,imu2_frame,-5.63119178427055e-07,0.01172019560033401,-0.9345451901077027,0.3556514089123378,-0.001953125,0.001953125,-0.037109375,0.026780717074871063,0.003167465329170227,0.0046291351318359375
354,972000000,imu2_frame,-0.002215540110187886,0.010553722433834008,-0.9345729533180038,0.35560807815806655,0.0,0.0,-0.001953125,-0.02180125191807747,-0.00273895263671875,0.0042171478271484375
354,997000000,imu2_frame,-2.4067595015259894e-05,0.01171087181472537,-0.9345712455197901,0.35558324194157126,0.0,-0.001953125,-0.00390625,0.02627091109752655,0.003166496753692627,0.004624366760253906
355,23000000,imu2_frame,-0.0026406565087075252,0.011936449581944236,-0.9345942429238612,0.35550548406199795,0.0,-0.001953125,-0.00390625,0.01908157765865326,-0.00968053936958313,0.004864692687988281
355,47000000,imu2_frame,-0.005023083479816624,0.012156273139692843,-0.9345765071111488,0.3555189812255214,0.001953125,0.0,0.00390625,-0.022909640800207853,0.010888159275054932,0.0053253173828125
355,72000000,imu2_frame,-0.0031784607906948283,0.010435487511884573,-0.9345794811841638,0.3555871079453395,0.001953125,0.0,0.00390625,-0.0011561829596757889,0.0017945170402526855,0.004269599914550781
355,97000000,imu2_frame,-0.001190999327589106,0.008878403731778598,-0.9345833098082073,0.3556315403556239,0.001953125,0.0,0.001953125,0.024336285889148712,-0.040463462471961975,0.0035114288330078125
355,123000000,imu2_frame,-0.003228646170008717,0.010458621236406234,-0.9345706226670203,0.35560925794124115,0.001953125,0.0,0.0,-0.001907111145555973,0.002565443515777588,0.0042858123779296875
355,148000000,imu2_frame,-0.0008269547287154072,0.01117286578252475,-0.9345582124948553,0.35563384354487904,0.001953125,0.0,0.0,0.007875360548496246,-0.0010833740234375,0.004397392272949219
355,172000000,imu2_frame,-0.0031203000317709534,0.010569356903657774,-0.934569690709737,0.35560940036655536,0.00390625,0.001953125,0.0,-0.0382204856723547,0.003835141658782959,0.0043182373046875
355,198000000,imu2_frame,-0.0006086078974332351,0.011240565314821089,-0.934557039602698,0.35563523309266126,0.0,0.0,0.0,0.012335062026977539,-0.0013647526502609253,0.004420280456542969
355,223000000,imu2_frame,-0.0029673888864319774,0.010409231555677426,-0.9345711189793847,0.3556116787610293,0.0,0.0,0.0,0.002522742375731468,-0.0001525580883026123,0.004233360290527344
355,248000000,imu2_frame,-0.005328633702752523,0.009576961375245227,-0.934579357490558,0.35558587152221754,0.0,0.0,0.0,-0.0464039221405983,0.0010556727647781372,0.004291534423828125
355,272000000,imu2_frame,-0.003065334962184444,0.010374480391341135,-0.9346132417394838,0.35550114239393427,0.0,0.0,-0.009765625,0.00046694278717041016,-0.00010463595390319824,0.004230499267578125
355,298000000,imu2_frame,-0.005523980763885145,0.009525368696625099,-0.9346663795778423,0.35535547255468386,0.0,0.0,-0.009765625,-0.05038351193070412,0.0014623403549194336,0.004313468933105469
355,322000000,imu2_frame,-0.004131694198709843,0.011478389725326872,-0.9346865757135983,0.3552635371849327,0.0,0.0,-0.009765625,-0.011402541771531105,-0.007686153054237366,0.004852294921875
355,347000000,imu2_frame,-0.0058387564220084036,0.013308326048984388,-0.9347050442853732,0.355127128742225,0.0,0.0,-0.009765625,0.048203845508396626,-0.11865869164466858,0.006072044372558594
355,372000000,imu2_frame,-0.007619446825116221,0.01474262126927536,-0.9345219299592776,0.35551844055319665,0.02734375,-0.017578125,0.03515625,0.02576570212841034,-0.08008641004562378,0.0073261260986328125
355,397000000,imu2_frame,-0.006084716053269287,0.012435727591004956,-0.9343999361152274,0.35595658204013075,0.02734375,-0.017578125,0.03515625,-0.04023447632789612,0.09759905934333801,-0.037278175354003906
355,423000000,imu2_frame,-0.005213517153643182,0.009606563179207472,-0.9342706245296845,0.3563971567278364,0.02734375,-0.017578125,0.03515625,-0.004848897457122803,0.03988359868526459,-0.034783363342285156
355,448000000,imu2_frame,-0.004059804207585392,0.007362275532073554,-0.9342586144576592,0.3564970633826323,0.001953125,-0.001953125,0.0078125,0.000600988045334816,-0.009133562445640564,-0.035737037658691406
355,473000000,imu2_frame,-0.0033113424543283468,0.009711718631186694,-0.9342021047062958,0.3565966139697708,0.001953125,-0.001953125,0.0078125,-0.008398363832384348,-0.010510340332984924,0.004001617431640625
355,498000000,imu2_frame,-0.002563327958790056,0.012083527186708153,-0.9341831426910726,0.3565799680749534,0.0,-0.001953125,-0.001953125,0.021790727972984314,0.02758195996284485,0.0049266815185546875
355,522000000,imu2_frame,-0.003017100893907154,0.009964049599167336,-0.9341350130120789,0.35676798102226687,-0.005859375,0.025390625,0.017578125,-0.0012290151789784431,-0.007956370711326599,0.004061698913574219
355,547000000,imu2_frame,-0.0018454618761498298,0.0078098044485710024,-0.9340776177714076,0.35697983865119154,-0.005859375,0.025390625,0.017578125,0.005175881087779999,0.518754631280899,-0.11789131164550781
355,572000000,imu2_frame,-0.0011953002572121542,0.004993625457036698,-0.9355414219448325,0.35317967493547914,0.029296875,-0.02734375,-0.326171875,-0.0030093779787421227,0.46285253018140793,-0.11863422393798828
355,598000000,imu2_frame,-0.002559233445354873,0.006841304528605501,-0.9370183709747457,0.34920369318257954,0.029296875,-0.02734375,-0.326171875,0.023260791727807373,-0.3337877243757248,-0.07513904571533203
355,622000000,imu2_frame,-0.00036737785543807997,0.006362385184589367,-0.9383774813477568,0.34555330643435433,0.029296875,-0.02734375,-0.326171875,-0.09266965463757515,0.025434233248233795,0.041800498962402344
355,647000000,imu2_frame,-0.002407847392503685,0.004184370269881184,-0.9397903790560588,0.34171733457647174,0.029296875,-0.02734375,-0.326171875,0.007154718041419983,-0.0007986724376678467,-0.001506805419921875
355,673000000,imu2_frame,-0.005009134253922037,0.0022280856152836342,-0.9394512747204793,0.3426386531531196,0.095703125,-0.041015625,0.076171875,-0.05362537503242493,-0.01928509771823883,-0.0013751983642578125
355,697000000,imu2_frame,-0.0031446021287917132,0.003378163386592782,-0.9391692793007868,0.3434235931138481,0.03125,-0.009765625,0.068359375,-0.01161392405629158,-0.010623805224895477,-0.0015459060668945312
355,723000000,imu2_frame,-0.0015547141704134722,0.0008800388217561082,-0.9388722041290979,0.3442612274266303,0.03125,-0.009765625,0.068359375,-0.0772979874163866,0.2375504057854414,-0.08002471923828125
355,748000000,imu2_frame,0.0001254610909661895,-0.000956780242207831,-0.9384445863693905,0.34542846892673174,-0.005859375,0.013671875,0.099609375,-0.05884636985138059,0.1925392672419548,-0.08006858825683594
355,772000000,imu2_frame,0.001501716283241819,-0.002871837260663119,-0.9382622819499657,0.34590950791933417,-0.001953125,-0.005859375,0.04296875,-0.04656354710459709,0.14811304211616516,-0.07988262176513672
355,798000000,imu2_frame,0.003139193895730267,-0.004995729910899266,-0.9379700150082174,0.3466661781740856,0.005859375,0.001953125,0.0625,-0.030984248965978622,0.09807032346725464,-0.07940673828125
355,823000000,imu2_frame,0.0025221096501263016,-0.0026454211033893967,-0.9377104156723995,0.34739864284362715,0.005859375,0.001953125,0.0625,-0.026422450318932533,-0.3117099702358246,-0.03685760498046875
355,847000000,imu2_frame,0.001985760229366048,-0.00034213477732795766,-0.937675412462073,0.34750648995980904,0.00390625,0.0078125,0.009765625,-0.020614761859178543,-0.26585350185632706,-0.037039756774902344
355,873000000,imu2_frame,0.0014737463006296463,0.0021690174362157433,-0.9376316303427789,0.34762055350043,0.00390625,0.0078125,0.009765625,-0.04809441417455673,-0.44682276993989944,-0.04089069366455078
355,897000000,imu2_frame,0.0012481106067840425,0.00493341094000857,-0.9377791046044046,0.3471951247407878,-0.0234375,0.041015625,-0.037109375,-0.033483270555734634,-0.394599087536335,-0.040518760681152344
355,923000000,imu2_frame,0.00014212227306432352,0.006857820357869543,-0.9382812751228424,0.34580514579030147,0.03125,-0.044921875,-0.11328125,-0.04088163748383522,-0.35174573212862015,-0.04010486602783203
355,948000000,imu2_frame,-0.0005172565419475894,0.008786674888859517,-0.9387555412644476,0.3444714219428972,0.03125,-0.044921875,-0.11328125,-0.07923339307308197,-0.2727815955877304,0.08158302307128906
355,973000000,imu2_frame,-0.0009698308660389618,0.010634893398701634,-0.938661775436356,0.3446738020290454,0.041015625,-0.0390625,0.017578125,-0.07504943385720253,-0.23583510518074036,0.08229732513427734
355,997000000,imu2_frame,-0.0010401518370986094,0.013143950116933737,-0.9386253678315223,0.3446861957239055,-0.0078125,0.005859375,0.001953125,-0.05943126231431961,-0.18933382630348206,0.0834665298461914
356,22000000,imu2_frame,-0.0021670115242573007,0.01547479941459488,-0.9385886183379646,0.3446842615649319,-0.0078125,0.005859375,0.001953125,0.009817846119403839,-0.06476885080337524,0.04187202453613281
356,48000000,imu2_frame,-0.0016670637945152172,0.01303491546019348,-0.9386131457658602,0.34472115466383313,-0.0078125,0.005859375,0.001953125,0.041622452437877655,0.2308565080165863,-0.07671165466308594
356,72000000,imu2_frame,-0.0009239350342062334,0.011117948696138085,-0.9388308029020721,0.3441979969190599,-0.025390625,0.0390625,-0.046875,0.0422220453619957,0.19071589410305023,-0.07765388488769531
356,97000000,imu2_frame,0.00013708786067799498,0.009349683066505797,-0.9388843179065968,0.34410580091381593,-0.033203125,0.07421875,-0.0078125,0.04977962374687195,0.15113697946071625,-0.07837867736816406
356,122000000,imu2_frame,-0.0015033972671706693,0.009255757701361908,-0.9389275734446568,0.3439870383769704,-0.033203125,0.07421875,-0.0078125,0.019018027931451797,0.008108079433441162,-0.00024318695068359375
356,147000000,imu2_frame,-0.0036045757526103383,0.0068981401562531516,-0.939557514343718,0.3423026437763555,0.041015625,-0.037109375,-0.142578125,-0.035669730976223946,-0.021067574620246887,-0.0007781982421875
356,172000000,imu2_frame,-0.0018455005043204282,0.00915112806474912,-0.94062973071141,0.33930599859833205,-0.01953125,0.0234375,-0.255859375,0.011137012392282486,0.008623659610748291,-0.0002593994140625
356,197000000,imu2_frame,-0.002595457029206017,0.007412467644588789,-0.9415489265398258,0.3367847054988237,-0.01171875,0.056640625,-0.212890625,-0.014595729997381568,-0.0183650404214859,-0.0007572174072265625
356,223000000,imu2_frame,-0.0008372870464080277,0.005455539857689042,-0.9424932713761468,0.33417954671995137,-0.01171875,0.056640625,-0.212890625,0.004586614668369293,0.08644591271877289,0.0025386810302734375
356,248000000,imu2_frame,-0.00034660786481743524,0.002408758410150453,-0.9429921721466936,0.3328060110874955,0.04296875,-0.033203125,-0.1171875,-0.0063439952209591866,0.027123771607875824,0.0020589828491210938
356,273000000,imu2_frame,-0.000272308329376377,0.004248116569263299,-0.9434721495877327,0.33142447451280754,0.04296875,-0.033203125,-0.1171875,-0.06734468974173069,-0.13082877546548843,-0.040671348571777344
356,297000000,imu2_frame,0.00021707019676651463,0.006383805319964746,-0.9433210758924427,0.33182005317233393,0.0234375,0.005859375,0.03515625,-0.04443489760160446,-0.09463289380073547,-0.04022693634033203
356,323000000,imu2_frame,0.00024981292896903557,0.00876044863976535,-0.9436565800643915,0.3308102946316925,0.009765625,-0.021484375,-0.08203125,-0.028587184846401215,-0.05095940828323364,-0.039524078369140625
356,348000000,imu2_frame,-0.0017897580404343178,0.010273084520072199,-0.9439850100027477,0.3298235306807452,0.009765625,-0.021484375,-0.08203125,0.01758170872926712,-0.044993773102760315,-0.07796192169189453
356,373000000,imu2_frame,-0.0035226557685541127,0.012279775950697727,-0.944132131467021,0.3293194745691128,-0.009765625,-0.0078125,-0.041015625,-0.0015878574922680855,0.003206878900527954,-0.07689762115478516
356,398000000,imu2_frame,-0.0013410227732295645,0.011883864610486706,-0.944461645885868,0.3284039812036365,-0.03125,-0.005859375,-0.080078125,0.035904522985219955,-0.018090739846229553,-0.07729148864746094
356,423000000,imu2_frame,-0.0010293431353784529,0.009779418567403326,-0.944810226586268,0.32747051647926717,-0.03125,-0.005859375,-0.080078125,0.027963940054178238,0.24579250812530518,0.038990020751953125
356,448000000,imu2_frame,-0.00157464082307927,0.007647057778174939,-0.945155842802305,0.3265263784601174,-0.03125,-0.005859375,-0.080078125,0.043154431506991386,0.09664319455623627,-0.03592681884765625
356,472000000,imu2_frame,-0.0017670517762271149,0.005336186057748506,-0.9451945331814593,0.32645933451237186,-0.005859375,0.00390625,-0.005859375,0.024841765873134136,0.05517936497926712,-0.03650188446044922
356,498000000,imu2_frame,-0.002036074763661634,0.0032755256295349654,-0.9455274283803862,0.3255195962024113,-0.0390625,0.01171875,-0.076171875,0.006648115813732147,0.018807515501976013,-0.036828041076660156
356,522000000,imu2_frame,-0.002937984693202112,0.0015252083199278315,-0.945829149333314,0.32464790505552815,-0.0390625,0.01171875,-0.076171875,0.017860621213912964,0.02731151133775711,-0.036904335021972656
356,548000000,imu2_frame,-0.003756552854341242,-0.001237495413625591,-0.9462489414971671,0.3234150547380943,0.013671875,-0.017578125,-0.099609375,-0.01480625569820404,-0.01867221057182178,-0.036812782287597656
356,572000000,imu2_frame,-0.0025266647146873953,0.0015306384895835176,-0.9464016971959124,0.32297848327083706,-0.02734375,0.048828125,-0.0390625,0.025421448051929474,0.024736370891332626,-0.03694915771484375
356,597000000,imu2_frame,-0.0039289959890505535,-0.0007815664274957945,-0.9464083048531757,0.3229477862586702,0.0,-0.021484375,-0.001953125,-0.015118613839149475,-0.009187293238937855,-0.036805152893066406
356,623000000,imu2_frame,-0.002330932819362719,0.0009443101988019341,-0.9464192234487522,0.3229308416938538,0.0,-0.021484375,-0.001953125,-0.0527859628200531,-0.022504206746816635,-0.00183868408203125
356,648000000,imu2_frame,-0.00037115606494128654,0.0023071368304811235,-0.9476094882097474,0.3194225997290764,0.025390625,0.0,-0.296875,-0.008094641380012035,-0.009634822607040405,-0.0018558502197265625
356,672000000,imu2_frame,0.00012050806336328393,0.004383261646020687,-0.9487343392909163,0.31604418353353353,0.025390625,0.0,-0.296875,-0.02537391148507595,-0.05226912349462509,0.0374755859375
356,697000000,imu2_frame,0.0007878071847352927,0.006801607876147848,-0.9497578204058861,0.3129108500324003,0.013671875,0.025390625,-0.263671875,0.0015403293073177338,-0.011358879506587982,0.038016319274902344
356,722000000,imu2_frame,-8.972787572749977e-05,0.008034337666163046,-0.9497456147467541,0.31291965204583216,0.08203125,-0.00390625,0.001953125,-0.007209744304418564,0.01689240336418152,0.038361549377441406
356,748000000,imu2_frame,-0.0019299160708573149,0.008502793616628115,-0.9497382174338265,0.31292378668022336,0.08203125,-0.00390625,0.001953125,0.039618851616978645,-0.07643723487854004,0.04249286651611328
356,773000000,imu2_frame,-0.0036236546740132493,0.010588908753381192,-0.9501840216374092,0.31148847356391146,-0.0234375,0.017578125,-0.119140625,0.020606765523552895,-0.02735842764377594,0.04345512390136719
356,798000000,imu2_frame,-0.005762868926801747,0.011911193212288479,-0.9504008139483944,0.3107462078034443,0.00390625,-0.005859375,-0.060546875,-0.011271927505731583,0.010192811489105225,0.04442882537841797
356,823000000,imu2_frame,-0.0049856879788480754,0.009483873524955503,-0.9506651695055225,0.3100337635603197,0.00390625,-0.005859375,-0.060546875,-0.011735666543245316,0.3431704640388489,-0.22628116607666016
356,848000000,imu2_frame,-0.005040231357869822,0.011914001754970987,-0.9508704019477875,0.30931881825989005,0.00390625,-0.005859375,-0.060546875,-0.037271175533533096,-0.11136320233345032,0.07943344116210938
356,873000000,imu2_frame,-0.004904669585681126,0.014828396465491778,-0.9514108200815978,0.307528070761319,-0.029296875,0.01953125,-0.150390625,-0.017701048171147704,-0.058028608560562134,0.08093070983886719
356,898000000,imu2_frame,-0.005100740310769736,0.017241553417029615,-0.9520344541936268,0.3054621241861143,0.001953125,-0.013671875,-0.173828125,-0.007599697448313236,-0.011967390775680542,0.08248138427734375
356,923000000,imu2_frame,-0.004757310904875295,0.014710603878567392,-0.9527361543981717,0.30340531674488724,0.001953125,-0.013671875,-0.173828125,0.022085089818574488,0.2826428711414337,0.0027103424072265625
356,947000000,imu2_frame,-0.0039954811149815195,0.013103168152045016,-0.9531539980502584,0.3021751133297504,-0.052734375,0.037109375,-0.107421875,0.026391911087557673,0.24819988012313843,0.0017061233520507812
356,973000000,imu2_frame,-0.003891654507863352,0.00989240099389823,-0.9534640377600395,0.3013193059299212,0.0390625,-0.044921875,-0.0703125,0.009172348305583,0.1877601593732834,0.0002460479736328125
356,997000000,imu2_frame,-0.003879274769993204,0.006743012771535041,-0.953480145917686,0.30135542860019965,0.05078125,-0.068359375,0.001953125,-0.009143084287643433,0.12899532914161682,-0.0007791519165039062
357,22000000,imu2_frame,-0.0051545166512688935,0.008296611324686185,-0.9534523802372552,0.3013853941692122,0.05078125,-0.068359375,0.001953125,-0.023751456290483475,-0.1782885491847992,-9.72747802734375e-05
357,48000000,imu2_frame,-0.005713467285928725,0.011037651852699688,-0.953413709847272,0.3014097284568186,-0.015625,-0.00390625,0.001953125,-0.01801111549139023,-0.12391574680805206,0.001056671142578125
357,72000000,imu2_frame,-0.0036401973164149736,0.012221356270511609,-0.9533937210361876,0.3014594501805822,-0.015625,-0.00390625,0.001953125,-0.011447728145867586,0.0031156688928604126,-0.03394031524658203
357,97000000,imu2_frame,-0.0013108575798013585,0.01311788642130161,-0.9530693288363917,0.3024649684502206,-0.05078125,0.001953125,0.08203125,0.037511274218559265,0.006040036678314209,-0.033721923828125
357,123000000,imu2_frame,-0.0037265065310052984,0.012272090825135137,-0.9532828400018206,0.3018067856989254,-0.021484375,0.001953125,-0.05078125,-0.012665839632973075,0.004568427801132202,-0.033904075622558594
357,148000000,imu2_frame,-0.0024488797854485427,0.01042475760503807,-0.953495468113228,0.30121706409864757,-0.021484375,0.001953125,-0.05078125,-0.03894970379769802,0.15402938425540924,-0.07393932342529297
357,173000000,imu2_frame,-0.0012674827351823264,0.008358027478138382,-0.9533805938370522,0.30165208462581633,-0.0078125,-0.009765625,0.03515625,-0.02902553603053093,0.10854539275169373,-0.0747842788696289
357,198000000,imu2_frame,0.0009227105332222981,0.006109803647103926,-0.9535577975752928,0.3011467177108571,0.03125,0.060546875,-0.04296875,-0.0015230216085910797,0.053763680160045624,-0.07543563842773438
357,223000000,imu2_frame,0.0004026093098916285,0.008070576259284614,-0.9537111327584628,0.3006156665198216,0.03125,0.060546875,-0.04296875,0.039304740726947784,-0.09800516068935394,0.0032196044921875
357,248000000,imu2_frame,0.0009635055031341168,0.010412593183629727,-0.9538544569140566,0.3000871949709413,0.03125,0.060546875,-0.04296875,-0.010800331830978394,-0.13572627305984497,0.004080772399902344
357,273000000,imu2_frame,0.0009469441693206524,0.013251154154660508,-0.9537165088135211,0.3004135999365855,-0.017578125,0.05078125,0.029296875,0.005623437464237213,-0.08274553716182709,0.005393028259277344
357,297000000,imu2_frame,-0.0002978337951843113,0.016554355375907465,-0.9538270895681694,0.2998995628857001,-0.09375,-0.001953125,-0.04296875,0.0016478821635246277,-0.013823479413986206,0.007302284240722656
357,323000000,imu2_frame,-0.0002821745311230572,0.015143123297676381,-0.9540121645004318,0.2993850299856796,-0.09375,-0.001953125,-0.04296875,0.02866995334625244,0.2293563187122345,0.08455276489257812
357,347000000,imu2_frame,8.803350730750105e-05,0.01217422098825183,-0.954041846096014,0.2994260117143137,0.046875,-0.01953125,0.001953125,0.018209077417850494,0.17183201014995575,0.08296585083007812
357,372000000,imu2_frame,0.0005164813376438409,0.010013661613006085,-0.9545147662950401,0.29799500122125,-0.0234375,0.00390625,-0.12109375,0.013278186321258545,0.1291394829750061,0.08203411102294922
357,397000000,imu2_frame,0.00103292286830886,0.007499763248045764,-0.95507778275163,0.2962585281739611,0.005859375,0.001953125,-0.146484375,0.008027419447898865,0.07934434711933136,0.08118915557861328
357,423000000,imu2_frame,0.0004634686008183524,0.004906129028443817,-0.9556566904702032,0.29444185343519136,0.005859375,0.001953125,-0.146484375,0.021270006895065308,0.03429334610700607,0.08054351806640625
357,447000000,imu2_frame,0.00011784975607925507,0.003789580729524114,-0.9561645750764735,0.29280527754491825,-0.08984375,0.05078125,-0.142578125,0.008267352357506752,0.015466377139091492,0.08034896850585938
357,473000000,imu2_frame,-0.0009817982785499523,0.007304248479353894,-0.9566884163755387,0.29102054566500263,-0.08984375,0.05078125,-0.142578125,0.04662846773862839,-0.10391530394554138,-0.0009012222290039062
357,497000000,imu2_frame,-0.0026147395465555175,0.008780678867025759,-0.9570308402029044,0.2898413940696885,0.025390625,-0.01171875,-0.1015625,0.024270557856652886,-0.06701759994029999,-0.0003223419189453125
357,523000000,imu2_frame,-0.004369123381643728,0.011841725861038018,-0.9572105505157331,0.2891170113827185,-0.076171875,0.0078125,-0.056640625,0.008610458113253117,0.00016549229621887207,0.0011510848999023438
357,548000000,imu2_frame,-0.002140336480003996,0.013408502946759132,-0.957394520515552,0.28846379858705934,-0.076171875,0.0078125,-0.056640625,0.019925832748413086,0.016906172037124634,0.040703773498535156
357,573000000,imu2_frame,-0.003863629950994,0.011249514739055536,-0.9578203422075744,0.2871214252456659,-0.0078125,-0.03125,-0.111328125,-0.024825585074722767,-0.013788551092147827,0.03986549377441406
357,597000000,imu2_frame,-0.0020895538844169243,0.013616609639715409,-0.9581064582055038,0.28608082153718223,-0.0546875,0.021484375,-0.091796875,0.0213862843811512,0.02060648798942566,0.04080963134765625
357,623000000,imu2_frame,-0.0015506691219427094,0.01182018078123439,-0.958470350018275,0.28494291864761,-0.0546875,0.021484375,-0.091796875,0.021158985793590546,0.17540504038333893,-0.038247108459472656
357,647000000,imu2_frame,-0.0026690619189006903,0.010423187801375937,-0.9588016423741558,0.283872583820896,-0.0546875,0.021484375,-0.091796875,-0.007810896262526512,-0.0007773339748382568,0.07842540740966797
357,673000000,imu2_frame,-0.0002737115396463415,0.01087183943958899,-0.95894329443431,0.2833892839340705,-0.00390625,-0.01171875,-0.041015625,0.03946844860911369,-0.00563281774520874,0.0784749984741211
357,698000000,imu2_frame,-0.0026828675959977,0.010572997025595337,-0.9590129777627899,0.2831521189006112,-0.01171875,0.0078125,-0.017578125,-0.007398352026939392,0.0021128803491592407,0.07848834991455078
357,723000000,imu2_frame,-0.002583166025064637,0.01323949776079096,-0.959043205474114,0.2829384614828204,-0.01171875,0.0078125,-0.017578125,-0.10410882718861103,-0.33126839995384216,0.00159454345703125
357,748000000,imu2_frame,-0.003117566977046655,0.015775083382878176,-0.9591817559962388,0.28233275843298594,-0.015625,-0.04296875,-0.05078125,-0.10029880329966545,-0.28077346086502075,0.0030918121337890625
357,773000000,imu2_frame,-0.003133689569071296,0.013371274163192347,-0.9593914815875374,0.28174345435911596,-0.015625,-0.04296875,-0.05078125,-0.0007528495043516159,0.1742647886276245,-0.0764007568359375
357,798000000,imu2_frame,-0.0026695548220728106,0.01125654719913377,-0.959759774333975,0.28058392539951954,-0.02734375,-0.01171875,-0.09765625,-0.0039695193991065025,0.132070854306221,-0.07747173309326172
357,822000000,imu2_frame,-0.0005181618632089957,0.011759590391550731,-0.9600774550077125,0.27948653621958297,-0.02734375,-0.01171875,-0.09765625,-0.035323381423950195,0.012582987546920776,0.0007457733154296875
357,848000000,imu2_frame,-0.0029303202178622497,0.010590996646433627,-0.9604465464001686,0.2782475076643901,-0.02734375,-0.01171875,-0.09765625,-0.013034951407462358,0.0038357973098754883,0.004303932189941406
357,873000000,imu2_frame,-0.0007463821043922286,0.011464988577199211,-0.9607720085187558,0.27710132550659977,-0.02734375,-0.01171875,-0.09765625,-0.04176046699285507,0.008421972393989563,0.00061798095703125
357,897000000,imu2_frame,0.001575506831107794,0.012521858850809647,-0.9612369104615283,0.2754347886442841,-0.0703125,0.015625,-0.146484375,0.007176436483860016,0.01585887372493744,0.0011501312255859375
357,923000000,imu2_frame,-0.000570502786052843,0.011878446937463323,-0.9617740821013914,0.27358580376721164,-0.0703125,0.015625,-0.146484375,-0.0018890611827373505,0.01542767882347107,0.03986358642578125
357,948000000,imu2_frame,-0.0003963295849370158,0.010287221146436308,-0.9622900458679341,0.2718306156918932,-0.0703125,0.015625,-0.146484375,0.03158134967088699,0.1760776937007904,-0.03504753112792969
357,972000000,imu2_frame,-3.724298703967868e-05,0.007786832521613602,-0.9624327737424524,0.2714084005307307,0.01171875,0.0078125,-0.037109375,0.02498554438352585,0.12715864181518555,-0.035933494567871094
357,998000000,imu2_frame,0.0002501842287970849,0.005640923014593011,-0.9627490020175813,0.2703377082642127,-0.03125,0.015625,-0.0859375,0.018891744315624237,0.08530327677726746,-0.03649616241455078
358,23000000,imu2_frame,-2.8907342788641207e-06,0.008552084714121373,-0.9630197427490078,0.2692950740624889,-0.03125,0.015625,-0.0859375,-0.009724147617816925,-0.08509156107902527,0.0033731460571289062
358,47000000,imu2_frame,0.0015563708092548479,0.007079742063963789,-0.9633036344912895,0.2683161619024915,-0.03125,0.015625,-0.0859375,-0.023405544459819794,0.07046011090278625,0.03812694549560547
358,72000000,imu2_frame,0.00323892558168116,0.005185472018429388,-0.963504212049041,0.26762334278754313,-0.0078125,0.02734375,-0.05859375,-0.0017159506678581238,0.0260307714343071,0.037830352783203125
358,98000000,imu2_frame,0.0039158986045940885,0.002781879723803317,-0.9635007600709339,0.2676624968613531,-0.0078125,-0.009765625,0.001953125,-0.0015379637479782104,-0.022782541811466217,0.037550926208496094
358,123000000,imu2_frame,0.001817233618124244,0.0044011521672796235,-0.9634973355320011,0.26767557218452337,-0.0078125,-0.009765625,0.001953125,0.04162824526429176,-0.05943111330270767,0.037543296813964844
358,148000000,imu2_frame,-0.0005247696770467446,0.00622945492245515,-0.9637658518545675,0.2666763981067594,-0.02734375,-0.025390625,-0.08203125,0.006961613893508911,-0.012721039354801178,0.037863731384277344
358,172000000,imu2_frame,-0.0009611723111907742,0.008863960057529329,-0.9640075591947175,0.2657252945719132,-0.02734375,-0.025390625,-0.08203125,-0.02675851248204708,-0.07407233119010925,0.0034971237182617188
358,198000000,imu2_frame,-0.00061832008512853,0.011103030012863694,-0.9642749260912142,0.26466999700870725,0.029296875,0.00390625,-0.083984375,-0.00890008732676506,-0.03361572325229645,0.004361152648925781
358,223000000,imu2_frame,0.001720745285114838,0.009587545312043576,-0.9645602264263606,0.2636829300635159,0.029296875,0.00390625,-0.083984375,-0.007983468472957611,2.3424625396728516e-05,0.038954734802246094
358,247000000,imu2_frame,0.0018167024867820297,0.006862997289562529,-0.9648464363541138,0.26271839127675223,0.029296875,0.00390625,-0.083984375,0.05388226360082626,0.17870046943426132,0.038084983825683594
358,273000000,imu2_frame,-0.0003333725145113511,0.00773844849342849,-0.9651331996394713,0.26164462966275054,0.029296875,0.00390625,-0.083984375,0.01766331121325493,-0.02417944371700287,0.042179107666015625
358,298000000,imu2_frame,-0.002318514074133867,0.00952264536906512,-0.9656034738645294,0.25983432217167973,-0.01953125,0.005859375,-0.1484375,-0.011020766571164131,0.019638791680336,0.042883872985839844
358,323000000,imu2_frame,-0.0011888795619648261,0.011997392279052178,-0.966056141528889,0.258050732527937,-0.01953125,0.005859375,-0.1484375,-0.01662115380167961,-0.013542354106903076,-0.034277915954589844
358,348000000,imu2_frame,-0.00044997475620931984,0.009865549301393061,-0.9665549222003239,0.2562694886833507,-0.01953125,0.005859375,-0.1484375,-0.013769146054983139,0.32536667585372925,-5.626678466796875e-05
358,373000000,imu2_frame,0.00017827224736362588,0.006815630626385906,-0.9668897841357295,0.2551032354403465,0.048828125,-0.021484375,-0.09765625,-0.017331715673208237,0.26464489102363586,-0.0010547637939453125
358,398000000,imu2_frame,0.00124770371008697,0.00426363303174547,-0.9669141676929728,0.25506324114507,0.01953125,0.017578125,-0.00390625,-0.009847905486822128,0.21108247339725494,-0.0015764236450195312
358,423000000,imu2_frame,0.001056757096052666,0.006542996273281229,-0.966916568929379,0.25500670813538484,0.01953125,0.017578125,-0.00390625,-0.0020997077226638794,-0.09253937751054764,0.03795814514160156
358,447000000,imu2_frame,0.0012451422238499816,0.0039693882127322805,-0.9669413571779939,0.25496491005006644,0.01953125,0.017578125,-0.00390625,0.06675467640161514,0.20553840696811676,-0.07974910736083984
358,472000000,imu2_frame,0.0010826329725874525,0.001263025790763375,-0.9671218488808869,0.2543080063405661,0.015625,-0.005859375,-0.0546875,0.05018262192606926,0.15521383844316006,-0.08003425598144531
358,498000000,imu2_frame,0.0010246285617512673,-0.0016567135103898634,-0.9670949632548945,0.2544082103306987,0.025390625,0.0,0.0078125,0.03456826973706484,0.10030487179756165,-0.08001327514648438
358,523000000,imu2_frame,0.0007344509857397348,0.0005090160820312295,-0.9670720971598146,0.2545010027078401,0.025390625,0.0,0.0078125,-0.03827155940234661,-0.35731278359889984,0.037116050720214844
358,548000000,imu2_frame,1.8835181435323768e-05,0.0036013140395320603,-0.967283676970422,0.253671674510586,-0.0546875,-0.013671875,-0.068359375,-0.036474041640758514,-0.295282281935215,0.037353515625
358,572000000,imu2_frame,0.00030095286889353715,0.006516309362381717,-0.9674762856228448,0.25287760655520225,-0.0546875,-0.013671875,-0.068359375,-0.016785696148872375,-0.011067532002925873,0.03793144226074219
358,597000000,imu2_frame,0.00158539423190054,0.008168686724125442,-0.9678785460115013,0.251280479251761,0.005859375,-0.03515625,-0.1328125,0.015430115163326263,0.01394595205783844,0.038453102111816406
358,623000000,imu2_frame,0.003196279855103251,0.009584948493819911,-0.9682907112825496,0.24962173583522942,0.005859375,-0.03515625,-0.1328125,-0.02164047211408615,-0.006053447723388672,-0.03512382507324219
358,648000000,imu2_frame,0.0022819289259960202,0.011860504038942317,-0.9686848502694524,0.24799956069067422,0.005859375,-0.03515625,-0.1328125,-0.028201870620250702,-0.3411705642938614,0.039951324462890625
358,673000000,imu2_frame,0.0016312747335621332,0.009194028679135133,-0.9691218471335011,0.2464054670415042,0.005859375,-0.03515625,-0.1328125,0.09862299263477325,0.30302953720092773,-0.0783834457397461
358,698000000,imu2_frame,0.0014243725993990446,0.005408976465348429,-0.9696699729801954,0.24435395973235763,0.099609375,-0.02734375,-0.169921875,0.07627104595303535,0.23243866115808487,-0.07947635650634766
358,723000000,imu2_frame,0.0014096353992030706,0.001618560716321174,-0.9701992583766957,0.24229897283017676,0.099609375,-0.02734375,-0.169921875,0.01877414435148239,0.0826127752661705,0.037189483642578125
358,747000000,imu2_frame,0.0013857641175423062,-0.0020177320563460987,-0.9706902243780854,0.2403216526074621,0.099609375,-0.02734375,-0.169921875,0.04025280475616455,0.1661428026854992,-0.0018453598022460938
358,773000000,imu2_frame,0.0013988438925363995,-0.004621723166459986,-0.9706809545687402,0.24032304789232445,0.0,0.0,0.0,0.028268080204725266,0.11667345464229584,-0.0015077590942382812
358,797000000,imu2_frame,0.001416306079590638,-0.007044424455204357,-0.9706551547191568,0.24036834396050158,0.001953125,0.0,0.00390625,0.01721149915829301,0.07062526047229767,-0.00095367431640625
358,823000000,imu2_frame,0.0012918756228862216,-0.0044695555427219265,-0.9706581623327527,0.24041856423211014,0.001953125,0.0,0.00390625,-0.05118063115514815,-0.2627497985959053,-0.0015392303466796875
358,848000000,imu2_frame,0.0007943173070978364,-0.0020445367014463476,-0.9706548132504795,0.2404670922254621,0.001953125,0.0,0.00390625,-0.01016422500833869,-0.2534632571041584,0.0020380020141601562
358,872000000,imu2_frame,0.0003336653111963994,0.0003120484625696664,-0.9706516098271947,0.24048959152755967,0.0,0.001953125,0.001953125,-0.007827301509678364,-0.2065853769890964,0.0019474029541015625
358,898000000,imu2_frame,-0.000177360990401062,0.0028896946736101095,-0.970641779804559,0.24051227308727946,-0.001953125,0.001953125,0.001953125,-0.00540471076965332,-0.15527666732668877,0.0021076202392578125
358,922000000,imu2_frame,0.0001323672076042876,0.00530002421201528,-0.9706262772072541,0.24053382759408523,-0.001953125,0.001953125,0.001953125,-0.02725669927895069,-0.0719400942325592,-0.04047584533691406
358,947000000,imu2_frame,0.0004346079921692063,0.007759574076385433,-0.9706044419482731,0.24055481162580694,0.001953125,0.0,0.001953125,-0.009955104440450668,-0.026699677109718323,-0.039844512939453125
358,972000000,imu2_frame,0.0007250148760391578,0.010220948001318515,-0.9705766685328712,0.24057418206245,0.001953125,0.0,0.001953125,0.007131911814212799,0.018627524375915527,9.059906005859375e-05
358,998000000,imu2_frame,0.0004250230276607994,0.007668526121130164,-0.9705993699545075,0.24057821203606272,-0.001953125,0.001953125,0.0,-0.010561581701040268,-0.028382867574691772,-0.0008096694946289062
359,22000000,imu2_frame,0.0007106112882810999,0.01008123892943236,-0.9705782052355705,0.2405739203965039,-0.001953125,0.001953125,0.0,0.006201624870300293,0.016044989228248596,-0.039028167724609375
359,47000000,imu2_frame,0.0004141976649608502,0.0076274647372261304,-0.970599832100587,0.24057767175756176,-0.001953125,0.001953125,0.0,-0.010960143059492111,-0.02911093831062317,-0.0008220672607421875
359,72000000,imu2_frame,0.0007240160615534761,0.010139307073594627,-0.9705777430853457,0.24057330458753476,-0.001953125,0.001953125,0.0,0.0067288838326931,0.01708357036113739,5.7220458984375e-05
359,97000000,imu2_frame,0.00037022472925075993,0.007654102949267499,-0.970605581863441,0.24055369898885928,0.0,-0.001953125,-0.001953125,-0.011672694236040115,-0.028397709131240845,-0.0008144378662109375
359,123000000,imu2_frame,0.000158897231263607,0.010244317520265642,-0.9705897725233932,0.24052135494213817,0.0,-0.001953125,-0.001953125,-0.003509126603603363,-0.017326653003692627,0.0039958953857421875
359,148000000,imu2_frame,0.0011518092344665728,0.007950764489737612,-0.9706126157239776,0.24051321975511933,0.0,-0.001953125,-0.001953125,0.004544783383607864,-0.026442423462867737,-0.039763450622558594
359,172000000,imu2_frame,0.00024281746417495514,0.010145840805682286,-0.9705907795077624,0.2405213954901704,0.001953125,0.001953125,0.001953125,-0.00237993523478508,0.019473209977149963,-0.03901195526123047
359,198000000,imu2_frame,0.0012393958450033036,0.007713568785213048,-0.9705965082012324,0.24058550044030055,0.001953125,0.001953125,0.00390625,0.005101919174194336,-0.031358614563941956,-0.039832115173339844
359,223000000,imu2_frame,0.00030934598378526716,0.010004516123124188,-0.9705682897411377,0.24061797295956006,0.001953125,0.001953125,0.00390625,-0.0017634257674217224,0.016474172472953796,-0.03906726837158203
359,247000000,imu2_frame,0.0011610269537721063,0.007731420662638204,-0.9705738879899837,0.24067655702821728,0.001953125,0.001953125,0.00390625,0.003712274134159088,-0.0306568443775177,-0.0007677078247070312
359,273000000,imu2_frame,0.00023698673369184373,0.010161032928052852,-0.970555815603705,0.24066180844693674,0.0,0.0,0.0,-0.0023914165794849396,0.019781216979026794,5.7220458984375e-05
359,298000000,imu2_frame,0.001103189955556337,0.007815977827707063,-0.9705674688540356,0.2406999831009333,0.0,-0.001953125,0.001953125,0.003016240894794464,-0.028782010078430176,-0.0007448196411132812
359,323000000,imu2_frame,0.0002516204533703419,0.010168962756101102,-0.9705437558813946,0.24071008870267172,0.0,-0.001953125,0.001953125,-0.0020669475197792053,0.019860178232192993,-0.039002418518066406
359,347000000,imu2_frame,0.0011239673584007841,0.007929905085846343,-0.9705606802009957,0.2407235330217782,0.0,0.001953125,0.0,0.00394994392991066,-0.02671995759010315,-0.039771080017089844
359,373000000,imu2_frame,0.0016651725890785033,0.010486571459249446,-0.9705368459373436,0.24071869411674676,0.0,0.001953125,0.0,-0.008910223841667175,-0.019829556345939636,0.00024127960205078125
359,398000000,imu2_frame,0.0020877960219233003,0.012943207391206425,-0.9705020680134135,0.2407360597664728,0.0,-0.001953125,0.001953125,0.010669775307178497,0.02477768063545227,0.0013971328735351562
359,423000000,imu2_frame,0.00019755065416980267,0.011273452632372328,-0.9705228223202911,0.24074534594658648,0.0,-0.001953125,0.001953125,0.0021118372678756714,0.002001166343688965,-0.034633636474609375
359,447000000,imu2_frame,0.002085076352018686,0.00981147832693902,-0.9705247327308422,0.2407927127372707,0.0,-0.001953125,0.001953125,-0.004106953740119934,0.004444539546966553,0.003910064697265625
359,473000000,imu2_frame,0.001735662598388997,0.012388411766207693,-0.9704935128775768,0.24080252530194987,0.0,-0.001953125,0.001953125,0.0013947412371635437,0.015905678272247314,0.0010957717895507812
359,498000000,imu2_frame,0.0021227331037772953,0.009918834799603088,-0.9705114577508493,0.24084148541044523,0.0,0.0,0.001953125,-0.002878338098526001,-0.03276309370994568,4.863739013671875e-05
359,522000000,imu2_frame,0.0017704975324310513,0.012294747918901122,-0.9704829220522584,0.24084975091747246,0.0,0.0,0.001953125,0.0016256645321846008,0.013960644602775574,-0.038008689880371094
359,548000000,imu2_frame,0.0023180735926782974,0.00975092149036462,-0.9705002298606656,0.24089178048514404,0.0,0.0,0.001953125,4.5999884605407715e-05,0.0021898895502090454,0.003907203674316406
359,572000000,imu2_frame,0.001759474371342958,0.012084261453555586,-0.9704735796609478,0.24089812380988843,0.0,0.0,0.001953125,0.0004367157816886902,0.010015740990638733,-0.038109779357910156
359,598000000,imu2_frame,0.0023873871924911054,0.00956045492708897,-0.9704960668559659,0.24091550863545663,0.0,0.001953125,0.0,0.00046828389167785645,-0.04081416130065918,-0.03912639617919922
359,622000000,imu2_frame,0.0016917960399706847,0.011855551567687968,-0.9704766111315619,0.24089776040840255,0.0,0.001953125,0.0,-0.0019240975379943848,0.04505901038646698,-0.03431510925292969
359,648000000,imu2_frame,0.00246989639280287,0.00937098932437661,-0.9704975342193203,0.24091621000902,0.0,0.001953125,0.0,0.0011414885520935059,-0.00573420524597168,-0.03528308868408203
359,672000000,imu2_frame,0.0015651182904683734,0.011647839260450075,-0.9704792776660888,0.24089800718562643,-0.00390625,-0.001953125,0.0,-0.005305111408233643,0.041715845465660095,-0.03441905975341797
359,698000000,imu2_frame,0.002554254110330417,0.00923519508983097,-0.9704920826196645,0.2409425336675505,0.0,0.001953125,0.001953125,0.002106793224811554,-0.008709803223609924,-0.0353240966796875
359,723000000,imu2_frame,0.001408345012244381,0.011454564838299645,-0.9704701349223799,0.2409450699483791,0.0,0.001953125,0.001953125,-0.00917895883321762,0.03878425061702728,0.004547119140625
359,748000000,imu2_frame,0.0025755673817147587,0.009234101736805484,-0.9704804405632815,0.24098923690047944,0.0,0.001953125,0.001953125,0.002513796091079712,-0.00883542001247406,0.0037393569946289062
359,773000000,imu2_frame,0.0018904271754005561,0.011636885332609235,-0.9704548205558179,0.24099471040839338,0.0,0.001953125,0.001953125,0.0008355379104614258,0.0009045600891113281,-0.038308143615722656
359,797000000,imu2_frame,-0.0003197880465457294,0.01070302680509837,-0.9704724029985364,0.24097439277039615,0.0,0.0,0.0,-0.04549495130777359,-0.0063949525356292725,-0.038784027099609375
359,823000000,imu2_frame,0.002145143003689431,0.01154219289611583,-0.9704547370821283,0.24099746766200653,0.0,0.0,0.0,-0.03384055942296982,-0.0020917952060699463,-0.038331031799316406
359,847000000,imu2_frame,0.0044200975908414986,0.012316626787567021,-0.9704325931020497,0.24101731408157137,0.0,0.0,0.0,0.012965559959411621,0.0018750131130218506,-0.037677764892578125
359,872000000,imu2_frame,0.001998869878852016,0.011681725797603053,-0.9704540415583076,0.24099480289986247,0.0,0.0,0.0,0.03826016187667847,0.001244187355041504,-0.03437328338623047
359,898000000,imu2_frame,-0.0005155911769646703,0.01102216968806638,-0.9704637622860608,0.24099446473039612,0.0,0.0,0.001953125,-0.012545406818389893,0.0005797445774078369,-0.03473854064941406
359,923000000,imu2_frame,0.0017473090089427583,0.009959787241799143,-0.970461463325696,0.24104418215147577,0.0,0.0,0.001953125,-0.009769894182682037,0.008826971054077148,-0.03512001037597656
359,948000000,imu2_frame,0.001920025345457885,0.012453202278692335,-0.9704287871266866,0.24105849989474917,0.0,0.0,0.001953125,0.005257010459899902,0.016241595149040222,0.001140594482421875
359,972000000,imu2_frame,0.001769884989826494,0.010084965751726188,-0.9704543892686707,0.2410672921034312,-0.001953125,0.001953125,0.0,-0.008747495710849762,-0.027969449758529663,8.678436279296875e-05
359,997000000,imu2_frame,0.0019072892515125716,0.012627827099809356,-0.9704208847644951,0.2410813278612492,-0.00390625,0.0,0.001953125,0.005843602120876312,0.019611284136772156,0.0012254714965820312
360,22000000,imu2_frame,0.002253762727672455,0.010201170166345178,-0.970438896985303,0.2411207247391916,-0.00390625,0.0,0.001953125,0.0009890198707580566,0.011011824011802673,0.004076957702636719
360,48000000,imu2_frame,0.0015254622074114476,0.01275162990930527,-0.9704087669819127,0.24112630272194288,-0.00390625,0.0,0.001953125,-0.0008049905300140381,0.023754730820655823,0.0012617111206054688
360,73000000,imu2_frame,0.0022091380278673077,0.0103471845694984,-0.9704314930772183,0.24114471324202655,0.0,0.0,0.0,0.0008352547883987427,-0.0250730961561203,0.000225067138671875
360,98000000,imu2_frame,0.001502028187172474,0.01274566572988968,-0.9704029321730536,0.24115024600104906,0.0,-0.001953125,0.001953125,-0.0012718439102172852,0.023749828338623047,0.0012569427490234375
360,123000000,imu2_frame,0.0021431606420885055,0.01033056547743899,-0.9704199683865052,0.24119239464815792,0.0,-0.001953125,0.001953125,-0.0004854723811149597,0.013980820775032043,-0.034942626953125
360,148000000,imu2_frame,0.0028627351735765255,0.007960598314566802,-0.9704360718892105,0.2412099997886469,-0.001953125,-0.001953125,0.0,0.0019942596554756165,-0.0343659371137619,-0.035719871520996094
360,172000000,imu2_frame,0.0022044595213390333,0.01029297801031108,-0.9704197730710787,0.24119423499448336,-0.001953125,-0.001953125,0.0,0.000500410795211792,-0.02608385682106018,-0.03885936737060547
360,197000000,imu2_frame,0.0016173492196684901,0.012700483410781864,-0.9703969025816732,0.24117614592353168,0.001953125,0.001953125,0.0,0.0007089003920555115,0.022346869111061096,-0.03782176971435547
360,223000000,imu2_frame,0.002244218215093262,0.010152177179994079,-0.970421276201597,0.24119378822509682,0.001953125,0.001953125,0.0,0.0005908086895942688,0.010120794177055359,0.0040569305419921875
360,248000000,imu2_frame,0.00165174586612441,0.012555322150489002,-0.9703988313852604,0.24117575265231797,0.001953125,0.001953125,0.0,0.0006769895553588867,0.01943175494670868,-0.03789043426513672
360,273000000,imu2_frame,0.0022415235783181074,0.010101958662817849,-0.9704221213189738,0.2411925215631807,0.001953125,0.001953125,0.0,0.0003027096390724182,-0.029881402850151062,-0.038931846618652344
360,298000000,imu2_frame,0.0016248614189436036,0.012498823221044718,-0.9704056216115187,0.2411515473477631,0.001953125,-0.001953125,-0.001953125,-0.00010501593351364136,0.01848919689655304,-0.03791999816894531
360,323000000,imu2_frame,0.000853200031454971,0.01008410659404587,-0.9704401943901093,0.24112945061935723,0.001953125,-0.001953125,-0.001953125,0.009027563035488129,0.015392541885375977,-0.039023399353027344
360,347000000,imu2_frame,0.002175597661462948,0.012051123323201483,-0.9704198896585834,0.24111257735026473,0.001953125,-0.001953125,-0.001953125,0.00822276622056961,0.007405877113342285,0.00096893310546875
360,373000000,imu2_frame,0.0007390465303358101,0.009924474902834325,-0.9704477349449688,0.24110610184793826,-0.001953125,0.001953125,0.0,-0.02905094623565674,-0.026158243417739868,-2.6702880859375e-05
360,397000000,imu2_frame,0.002118205202065094,0.011873949682865476,-0.970405471066596,0.24117990017758234,0.00390625,0.001953125,0.005859375,0.006314083933830261,0.004309430718421936,0.000881195068359375
360,423000000,imu2_frame,0.00029165147146780493,0.010014650150277547,-0.9704135222917297,0.24124099459906298,0.00390625,0.001953125,0.005859375,-0.037086598575115204,-0.02234657108783722,-0.0390625
360,447000000,imu2_frame,0.002003556712206697,0.011694944179518843,-0.9703731026312237,0.24131982042714917,0.00390625,0.001953125,0.005859375,0.0033261701464653015,0.0014415383338928223,-0.038272857666015625
360,473000000,imu2_frame,-0.00037201849479168256,0.010589255115054043,-0.9704051692343634,0.24124994673900835,-0.001953125,-0.001953125,-0.00390625,-0.04696415364742279,-0.00831913948059082,-0.03883075714111328
360,497000000,imu2_frame,0.0017873840945634512,0.011571706094518715,-0.9703930767767794,0.2412471293504983,0.001953125,-0.001953125,-0.001953125,-0.0013712644577026367,0.00013074278831481934,-0.0383453369140625
360,522000000,imu2_frame,0.004248551365880929,0.011885548662792029,-0.9703813742191207,0.24124815463104962,0.001953125,-0.001953125,-0.001953125,0.046792447566986084,-0.005525067448616028,0.00115203857421875
360,548000000,imu2_frame,0.0016691982396085001,0.011557224459052398,-0.9703934522177552,0.24124716005156843,0.0,0.0,0.001953125,-0.0036813095211982727,0.0004135221242904663,0.0007028579711914062
360,573000000,imu2_frame,0.004149314457007868,0.011875709871266052,-0.9703701501218744,0.2412955085720432,0.0,0.0,0.001953125,0.044873788952827454,-0.005250155925750732,0.0011310577392578125
360,598000000,imu2_frame,0.0016444510955540515,0.011551156324765983,-0.9703817217846789,0.2412948001809343,0.0,-0.001953125,0.001953125,-0.004168935120105743,0.0004110187292098999,0.000698089599609375
360,622000000,imu2_frame,-0.0006969988428050061,0.010928453476598621,-0.9703900938723943,0.24129473432205,0.0,-0.001953125,0.001953125,-0.016362998634576797,-0.0003550797700881958,0.0042877197265625
360,648000000,imu2_frame,0.001848542666167763,0.010527247450172101,-0.970379943367985,0.24134731293362396,0.0,-0.001953125,0.001953125,-0.04417885094881058,0.019086867570877075,-0.03488636016845703
360,673000000,imu2_frame,0.003769527600630504,0.012092114915468305,-0.9703473399780513,0.24138270695321012,0.0,-0.001953125,0.001953125,-0.00035287439823150635,0.0006340742111206055,-0.03788948059082031
360,698000000,imu2_frame,0.006031017081403707,0.01322703297543172,-0.9703406870052832,0.24130400654308579,-0.001953125,0.001953125,-0.0078125,0.04787580668926239,0.011497780680656433,-0.036894798278808594
360,722000000,imu2_frame,0.0037784299078737187,0.012474509202796443,-0.9703895292033126,0.24119343212482802,-0.001953125,0.001953125,-0.0078125,0.07579605281352997,0.007869571447372437,-0.0337982177734375
360,748000000,imu2_frame,0.0014346676114995664,0.011407522647497649,-0.9704384451186491,0.24107474855652195,-0.001953125,0.001953125,-0.0078125,-0.008873090147972107,-0.0013051629066467285,0.000621795654296875
360,772000000,imu2_frame,0.003640574162639194,0.012288906977417639,-0.9704509289317866,0.24095792894299833,0.001953125,-0.001953125,-0.01171875,0.037097588181495667,0.005030319094657898,0.0012483596801757812
360,798000000,imu2_frame,0.0012491863327249162,0.011334254608045474,-0.9704861598405363,0.2408870850916566,0.0,0.001953125,-0.00390625,-0.012777239084243774,-0.0018058419227600098,0.0005788803100585938
360,823000000,imu2_frame,0.0035744425449780776,0.01224464406458092,-0.9704760297209626,0.24086005851793216,0.001953125,0.0,-0.00390625,0.03561294078826904,0.0045149922370910645,0.0012178421020507812
360,848000000,imu2_frame,0.0012256293908939637,0.011368278280786272,-0.9705095499836112,0.24079134841628966,0.001953125,0.0,-0.00390625,-0.013084635138511658,-0.001042008399963379,-0.03846931457519531
360,873000000,imu2_frame,0.00350521724312852,0.012342896324483313,-0.9706571576881066,0.24012506864392136,-0.00390625,-0.001953125,-0.056640625,0.03459739685058594,0.006798848509788513,-0.03780651092529297
360,897000000,imu2_frame,0.0013189668498604099,0.011381699554876066,-0.9708701414407815,0.2393321660380163,0.0,0.001953125,-0.06640625,-0.011566109955310822,-0.0011088252067565918,-0.038458824157714844
360,923000000,imu2_frame,0.0031441342467492875,0.009519710446985056,-0.9710858994234621,0.2385197381219628,0.0,0.001953125,-0.06640625,-0.0639023408293724,0.1113562136888504,-0.03515338897705078
360,948000000,imu2_frame,0.0049009557016921204,0.007725380161181222,-0.9711295742668453,0.2383771153422051,0.0,0.001953125,-0.013671875,-0.03893762826919556,0.06912557035684586,-0.03548240661621094
360,972000000,imu2_frame,0.002972288021410759,0.00913315776665332,-0.9711697792756134,0.23819532059820953,0.0,0.001953125,-0.013671875,0.0442616268992424,-0.05139629542827606,0.00374603271484375
360,997000000,imu2_frame,0.0009205368532409738,0.010631447708383413,-0.9711821236048015,0.23809957522430317,-0.00390625,0.0,-0.005859375,0.012268409132957458,-0.013396009802818298,0.004169464111328125
361,22000000,imu2_frame,0.0003888333808035998,0.008231079376614032,-0.9712226253114135,0.23803090182601055,-0.00390625,0.0,-0.005859375,-0.009007826447486877,-0.017420008778572083,-0.03969764709472656
361,48000000,imu2_frame,0.00016218672785696256,0.010872826981325466,-0.9712169345992722,0.2379483584236138,-0.00390625,0.0,-0.005859375,-0.0010366328060626984,-0.005276426672935486,0.004254341125488281
361,72000000,imu2_frame,-0.0022414223483905524,0.010719901335920127,-0.9712389875727692,0.23785476400490022,-0.00390625,0.0,-0.005859375,-0.008337372913956642,0.0030006766319274902,-0.0347747802734375
361,97000000,imu2_frame,0.00025026025236532024,0.010612742605832205,-0.9712244765780733,0.23792923981687467,0.00390625,-0.001953125,0.00390625,0.03848428279161453,-0.010621920228004456,-0.034915924072265625
361,122000000,imu2_frame,-0.0022919980004995582,0.010696439135051609,-0.9712331155111721,0.23787931450518807,0.001953125,-0.00390625,-0.001953125,-0.009401238989084959,0.002790212631225586,-0.03477954864501953
361,147000000,imu2_frame,0.00016576426448921918,0.01073091471507595,-0.9712345781416261,0.23788277410027886,0.001953125,-0.00390625,-0.001953125,0.03742005676031113,-0.007983162999153137,-0.034867286682128906
361,173000000,imu2_frame,-0.0027528371890864546,0.010440243568804172,-0.9710461288597825,0.2386479390819566,0.013671875,-0.029296875,0.0625,-0.019174550427123904,7.243454456329346e-05,-0.03484058380126953
361,198000000,imu2_frame,-0.00036416992898656727,0.01028674325214594,-0.9730709236548026,0.23027598188069115,0.064453125,-0.009765625,-0.69140625,0.023751307278871536,-0.013636529445648193,-0.03504753112792969
361,222000000,imu2_frame,-0.0019132868700843077,0.011358944065709475,-0.9749382780499156,0.22217710889317618,0.064453125,-0.009765625,-0.69140625,0.036306578665971756,-0.09943908452987671,-0.03452491760253906
361,248000000,imu2_frame,-0.0014156505523721863,0.013043207283848368,-0.9768739309792419,0.21341319933506384,0.064453125,-0.009765625,-0.69140625,-0.10152694582939148,-0.2215956449508667,0.0014019012451171875
361,273000000,imu2_frame,-0.0008109829411569988,0.015275327879413103,-0.9768155643007567,0.2135353834956629,0.017578125,0.001953125,0.009765625,-0.0806317888200283,-0.18151095509529114,0.0026111602783203125
361,297000000,imu2_frame,-0.00047217295778646974,0.01735140778986297,-0.9766247425556454,0.21424942923734272,0.01953125,-0.017578125,0.060546875,-0.06525304913520813,-0.14334270358085632,0.003926277160644531
361,323000000,imu2_frame,-0.0013046656977839528,0.01956434903483924,-0.9764168039770423,0.21500176512186572,0.01953125,-0.017578125,0.060546875,0.002633955329656601,-0.13673362135887146,-0.03351020812988281
361,348000000,imu2_frame,-0.001566354652891989,0.021169693162366502,-0.9765236844651027,0.21436157375614923,0.0703125,0.01171875,-0.05078125,0.004117861390113831,-0.104969322681427,-0.03221702575683594
361,372000000,imu2_frame,-0.0005148643133564946,0.018093186405241112,-0.9767127749113413,0.21378617084702028,0.0703125,0.01171875,-0.05078125,-0.024063654243946075,0.25383612513542175,-0.0697774887084961
361,397000000,imu2_frame,7.5214704447115e-05,0.015727062624303605,-0.9767694696997133,0.2137148963139916,-0.00390625,-0.013671875,-0.0078125,-0.022707529366016388,0.2062138020992279,-0.07134723663330078
361,423000000,imu2_frame,-0.00013314932230647382,0.013139195549564463,-0.9768270706185984,0.21362635117947373,-0.00390625,-0.013671875,-0.0078125,0.07576164603233337,0.3490947186946869,-0.033743858337402344
361,448000000,imu2_frame,0.0021856515733135943,0.013258192415063201,-0.976836559213211,0.213564462974485,-0.00390625,-0.013671875,-0.0078125,0.007237270474433899,-0.0020609498023986816,0.04453563690185547
361,473000000,imu2_frame,-0.0004449283227675447,0.013756774697798414,-0.9768597277700821,0.21343763831541676,-0.00390625,-0.013671875,-0.0078125,-0.040944963693618774,0.018445760011672974,-0.037322044372558594
361,498000000,imu2_frame,0.0020813801925779296,0.012088732834169698,-0.9771989181230463,0.21197123581775482,0.095703125,-0.013671875,-0.123046875,2.5257468223571777e-06,-0.023805350065231323,-0.03808403015136719
361,522000000,imu2_frame,0.0016115759734134619,0.008593630166947728,-0.9775480842002214,0.21053098446526206,0.095703125,-0.013671875,-0.123046875,0.0895972028374672,0.1771087944507599,-0.03953075408935547
361,547000000,imu2_frame,0.001614432084633992,0.009890470752170194,-0.977860530375896,0.20901759574331472,0.095703125,-0.013671875,-0.123046875,-0.018575377762317657,-0.10270203649997711,-0.0390625
361,572000000,imu2_frame,0.00015235721315750455,0.012927381830439648,-0.9783383337601754,0.20660823865870687,-0.064453125,-0.09765625,-0.197265625,-0.03472154960036278,-0.03855180740356445,-0.03775787353515625
361,597000000,imu2_frame,0.00035962472933186835,0.014541864975839187,-0.9786773866173716,0.20488771987815704,0.02734375,-0.087890625,-0.142578125,-0.024724259972572327,-0.008405506610870361,-0.036889076232910156
361,623000000,imu2_frame,0.0028304568142178597,0.015591536085597404,-0.9790718974022646,0.20289680193104034,0.03125,0.017578125,-0.158203125,0.02616260200738907,0.002009838819503784,-0.036116600036621094
361,648000000,imu2_frame,0.004560003002786509,0.013234942647489029,-0.9794936116138062,0.2009883267094749,0.03125,0.017578125,-0.158203125,-0.028664663434028625,0.06361033022403717,0.0057735443115234375
361,672000000,imu2_frame,0.006159446536055858,0.011266848480643013,-0.9798931124008917,0.1991095367203114,0.005859375,0.017578125,-0.162109375,-0.006139039993286133,0.019958972930908203,0.0051670074462890625
361,698000000,imu2_frame,0.006961800832494188,0.008697062873085231,-0.9803344679944517,0.1970284885202791,0.015625,-0.03515625,-0.166015625,-0.0010660439729690552,-0.032027602195739746,0.0043697357177734375
361,723000000,imu2_frame,0.006549179726709917,0.010476595594997147,-0.9805748492667865,0.19575575132052997,0.0546875,-0.009765625,-0.1015625,-0.0023493319749832153,0.0038743913173675537,0.0049266815185546875
361,748000000,imu2_frame,0.008585183263384621,0.009345172514985506,-0.9806698158592518,0.1952579694700847,-0.052734375,0.04296875,-0.04296875,0.03227134048938751,-0.025501906871795654,0.005091667175292969
361,773000000,imu2_frame,0.006479614574499378,0.010018397350519289,-0.9807875937735665,0.19471348748700112,-0.052734375,0.04296875,-0.04296875,0.10766817629337311,-0.004468187689781189,0.08285045623779297
361,798000000,imu2_frame,0.0036520791987140248,0.009051064795809588,-0.9812733618145361,0.19237289293657556,0.0390625,-0.03515625,-0.189453125,0.049398548901081085,-0.011998593807220459,0.08193111419677734
361,823000000,imu2_frame,0.0007937407948196398,0.008569425182706989,-0.981740746811739,0.19002905298168993,0.0390625,-0.03515625,-0.189453125,-0.007624052464962006,-0.010374024510383606,0.042453765869140625
361,847000000,imu2_frame,-0.0019198240040229863,0.008428147831092407,-0.9821733329112067,0.18777865884605463,0.0390625,-0.03515625,-0.189453125,-0.021547273267060518,-0.0030187666416168213,-0.0747213363647461
361,873000000,imu2_frame,-0.0025609024966401685,0.0052525989584409115,-0.9826533502363086,0.18535977247488972,0.0390625,-0.03515625,-0.189453125,0.03234149143099785,0.1297024041414261,0.0026111602783203125
361,898000000,imu2_frame,-0.0032537483002522192,0.0019284162008519903,-0.982933980209775,0.18391977838700393,0.056640625,-0.0546875,-0.1171875,0.006916753947734833,0.06828058511018753,0.0022230148315429688
361,923000000,imu2_frame,-0.002127986043544615,0.002967627962370659,-0.9832004426839399,0.18249261455132962,0.056640625,-0.0546875,-0.1171875,-0.08499863184988499,-0.06818734109401703,-0.07982730865478516
361,947000000,imu2_frame,-0.0017010156289260924,-2.771181781397641e-05,-0.983460990377413,0.18111208182714733,0.056640625,-0.0546875,-0.1171875,-0.04842320829629898,0.14220800250768661,-0.0019063949584960938
361,973000000,imu2_frame,-0.0005678687183984158,-0.003095755070336331,-0.9834119855110877,0.18135865178921923,0.05859375,-0.021484375,0.01953125,-0.037515683099627495,0.07922244817018509,-0.0017690658569335938
361,997000000,imu2_frame,0.0010299763860534572,-0.004675475990477903,-0.9833299096846546,0.18176734523141333,-0.02734375,0.021484375,0.03515625,-0.012439641170203686,0.04319047927856445,-0.0015153884887695312
362,23000000,imu2_frame,0.0021127668565926135,-0.006579358995595379,-0.9832674370215393,0.18203679722657698,-0.033203125,0.0,0.021484375,0.0015712101012468338,0.0027450770139694214,-0.0010290145874023438
362,48000000,imu2_frame,0.0009642356172755095,-0.003909947332579176,-0.9832335369635936,0.18230632010874542,-0.033203125,0.0,0.021484375,0.028036177158355713,-0.09811428189277649,-0.04070854187011719
362,73000000,imu2_frame,-9.299787702948658e-05,-0.0017104213999888107,-0.983306330486094,0.18194979042582657,0.00390625,0.00390625,-0.029296875,0.01556671317666769,-0.05207624286413193,-0.04096794128417969
362,98000000,imu2_frame,-0.0012319609983355221,0.0011625852502951239,-0.9833991349423769,0.18144771164778892,-0.05078125,0.009765625,-0.041015625,0.0038793738931417465,0.0071862321346998215,-0.040968894958496094
362,123000000,imu2_frame,-0.002060522909605666,-0.002029545584452972,-0.983560444680326,0.1805560490548543,0.064453125,-0.013671875,-0.072265625,-0.02334071323275566,-0.05127858743071556,-0.04086112976074219
362,147000000,imu2_frame,-0.002049489484231979,-0.0004183822019447609,-0.9837174506337794,0.17970977120837014,0.064453125,-0.013671875,-0.072265625,-0.056504081934690475,-0.2860017928760499,0.0020284652709960938
362,173000000,imu2_frame,-0.002180167782447875,0.0013220136319787967,-0.9838835279449518,0.17879234487805273,0.064453125,-0.013671875,-0.072265625,-0.05293399095535278,-0.36929918453097343,0.03722667694091797
362,198000000,imu2_frame,-0.002341029578437191,0.0037830754312107697,-0.9839762494558769,0.1782440698243293,0.001953125,-0.005859375,-0.044921875,-0.047471366822719574,-0.3214237689971924,0.037487030029296875
362,223000000,imu2_frame,-0.002115871218699137,0.0062288137959353096,-0.9840633342215357,0.17769659312568653,0.001953125,-0.005859375,-0.044921875,-0.10890832915902138,-0.3493978828191757,-0.07533550262451172
362,247000000,imu2_frame,-0.0018536984076410982,0.0038120245138653793,-0.9841718782799169,0.17716587220539765,0.001953125,-0.005859375,-0.044921875,0.0009778700768947601,0.060223110020160675,-0.0016117095947265625
362,273000000,imu2_frame,-0.0017777325561867759,0.006372384053177858,-0.9842614629277837,0.17659446475950613,0.001953125,-0.005859375,-0.044921875,-0.06689324881881475,-0.2736055999994278,0.037955284118652344
362,298000000,imu2_frame,-0.0019967250622880185,0.008009076287670306,-0.9845140111259651,0.17511147787254525,0.0625,-0.041015625,-0.12109375,-0.06569885369390249,-0.24137885868549347,0.03843116760253906
362,323000000,imu2_frame,-0.0018016826526826915,0.010492139114444778,-0.9846440630258986,0.1742490691632884,0.0,-0.001953125,-0.0703125,-0.05362746957689524,-0.19426502287387848,0.039315223693847656
362,347000000,imu2_frame,-0.0014708015268983874,0.012862120232456474,-0.9847625618475364,0.17342173851472956,0.0,-0.001953125,-0.0703125,-0.03939809184521437,-0.11070850491523743,-0.1471242904663086
362,372000000,imu2_frame,-0.0007360118305643897,0.01543937895298557,-0.9848998318572038,0.17243377010256178,-0.00390625,0.029296875,-0.080078125,-0.01681739091873169,-0.06356176733970642,-0.14573001861572266
362,398000000,imu2_frame,-0.000332889771513736,0.0129556427491543,-0.9851149409654806,0.17140768241807003,-0.00390625,0.029296875,-0.080078125,0.06043563410639763,0.348248153924942,0.040383338928222656
362,423000000,imu2_frame,0.00020948911524115463,0.010573621283598832,-0.9852483879678988,0.1708033039900524,-0.001953125,0.044921875,-0.048828125,0.06277438253164291,0.30059224367141724,0.03928565979003906
362,448000000,imu2_frame,0.0022284648093233773,0.008671813940481036,-0.985366320601628,0.17021471091414175,-0.001953125,0.044921875,-0.048828125,0.017088189721107483,-0.012260809540748596,-0.00039577484130859375
362,472000000,imu2_frame,0.0007933310325394238,0.007399636803151338,-0.9854811871076008,0.16962147817433992,-0.001953125,0.044921875,-0.048828125,0.02419159561395645,0.007098987698554993,0.0030260086059570312
362,497000000,imu2_frame,-0.0013332728106356685,0.005473340719817611,-0.9854916239130519,0.1696305518537061,0.06640625,-0.001953125,0.001953125,-0.02316010370850563,-0.02295561134815216,0.0025634765625
362,523000000,imu2_frame,-0.00021002787540531941,0.007445925919108456,-0.9854991743625154,0.16951664049968326,0.005859375,-0.03125,-0.009765625,0.005001666024327278,0.011319547891616821,0.0030279159545898438
362,547000000,imu2_frame,-0.0006625899242936461,0.00971168867488092,-0.9854992579788874,0.1694002851259012,0.005859375,-0.03125,-0.009765625,-0.03529318608343601,-0.21306662261486053,0.003795623779296875
362,573000000,imu2_frame,-8.297685553488161e-05,0.011983258658770604,-0.9854941656278279,0.16928568793690055,0.005859375,-0.03125,-0.009765625,-0.016632694751024246,-0.014978408813476562,-0.03431224822998047
362,598000000,imu2_frame,0.0009032037054980849,0.012926716129376065,-0.985556477629601,0.16885056599108764,0.076171875,-0.0546875,-0.037109375,0.005377806723117828,-4.391372203826904e-05,-0.03383636474609375
362,623000000,imu2_frame,-0.0017124841979766958,0.013039979656556493,-0.9858054700562701,0.167375630052779,-0.009765625,-0.005859375,-0.1171875,-0.0450234143063426,0.010785460472106934,-0.033738136291503906
362,648000000,imu2_frame,-0.000216520666121013,0.015062068111287977,-0.9860187940190984,0.16595187574756326,-0.009765625,-0.005859375,-0.1171875,-0.0451572984457016,-0.03321215510368347,-0.032683372497558594
362,673000000,imu2_frame,0.00019000421822634852,0.012725526445127784,-0.9862914385198706,0.1645211937031082,-0.009765625,-0.005859375,-0.1171875,-0.01010005921125412,0.19003944098949432,-0.03785896301269531
362,698000000,imu2_frame,0.00032958504911014886,0.010217490083057588,-0.9862614136859207,0.16487546252959343,0.0,-0.033203125,0.02734375,-0.015404138714075089,0.14122934639453888,-0.038982391357421875
362,723000000,imu2_frame,0.0010224411706724413,0.007439342535379573,-0.9863120687462342,0.1647182863018482,0.029296875,-0.00390625,-0.013671875,-0.011022225022315979,0.08544805645942688,-0.03992271423339844
362,748000000,imu2_frame,0.0010084108415835539,0.009572966911345565,-0.9863228442887725,0.16454357552391577,0.029296875,-0.00390625,-0.013671875,-0.004455439746379852,-0.029615968465805054,-0.035307884216308594
362,773000000,imu2_frame,0.0007955573634402148,0.011771591966302153,-0.9864203768245351,0.16381586277403734,0.021484375,-0.017578125,-0.05859375,-0.0016535855829715729,0.013491421937942505,-0.03439807891845703
362,797000000,imu2_frame,0.0003460723367231041,0.009097043141339354,-0.9865630448666889,0.1631271974362024,0.021484375,-0.017578125,-0.05859375,0.020056340843439102,0.0805785059928894,-0.07846832275390625
362,822000000,imu2_frame,0.00015991276951840766,0.00638052420116245,-0.9865082437757025,0.16358712755410712,0.017578125,-0.001953125,0.037109375,0.007861441001296043,0.028777100145816803,-0.07929134368896484
362,848000000,imu2_frame,0.0013211587004590727,0.003815310880486997,-0.986440019970033,0.16407249904872687,0.017578125,-0.001953125,0.037109375,-0.052132751792669296,0.16698630154132843,0.037418365478515625
362,873000000,imu2_frame,0.0012208475338789913,0.006095309983641465,-0.9863534590775601,0.164524194248853,0.017578125,-0.001953125,0.037109375,-0.011546678841114044,-0.09734369814395905,0.0026988983154296875
362,898000000,imu2_frame,0.001019478387260421,0.007714851576221537,-0.9865314957360029,0.1633861978560598,0.068359375,-0.017578125,-0.091796875,-0.010388806462287903,-0.06542116403579712,0.0031270980834960938
362,923000000,imu2_frame,0.0012535910377753645,0.010980715270081137,-0.9868937582034875,0.16099242969985839,-0.056640625,0.03125,-0.193359375,0.004051171243190765,-0.003053918480873108,0.0043315887451171875
362,948000000,imu2_frame,0.0017471430452181917,0.014231833602368736,-0.9872391674204296,0.1585976945434931,-0.056640625,0.03125,-0.193359375,-0.012007318437099457,-0.05499330163002014,-0.033100128173828125
362,972000000,imu2_frame,-0.0001990971971893191,0.01598420174695938,-0.9875853435638574,0.1562678944398887,-0.056640625,0.03125,-0.193359375,-0.009705737233161926,0.024018675088882446,0.006937980651855469
362,997000000,imu2_frame,0.0010182303418546897,0.014027919060655022,-0.98791403669391,0.15436332724109866,-0.015625,0.0,-0.15625,0.007302820682525635,-0.017336636781692505,0.005810737609863281
363,23000000,imu2_frame,-0.0004098463428180839,0.016742250109169975,-0.9881142416401063,0.15280633021983983,-0.0390625,0.00390625,-0.119140625,-0.012595701962709427,0.039441436529159546,0.007426261901855469
363,47000000,imu2_frame,2.194408583506973e-05,0.014859486715495912,-0.9883600913133335,0.15140516857791986,-0.0390625,0.00390625,-0.119140625,-0.010286271572113037,0.23232749104499817,-0.07186508178710938
363,72000000,imu2_frame,-0.00010702563329272781,0.012849962327433994,-0.988612124000444,0.14993643750945887,-0.0390625,0.00390625,-0.119140625,0.01996786892414093,0.11582113802433014,0.005171775817871094
363,97000000,imu2_frame,-0.00017751623051156848,0.010198554918096828,-0.9885690771637005,0.1504231951571307,0.01171875,-0.00390625,0.0390625,0.010932022705674171,0.06478354334831238,0.0039768218994140625
363,122000000,imu2_frame,-0.00020413897052303274,0.007922471624877539,-0.98861164378969,0.15028043962565696,-0.017578125,0.00390625,-0.01171875,0.0037028156220912933,0.020885393023490906,0.0031709671020507812
363,148000000,imu2_frame,4.9957443970787695e-05,0.0107450568230485,-0.9886081595062595,0.1501281060153936,-0.017578125,0.00390625,-0.01171875,-0.0573461540043354,-0.23000402748584747,-0.07392501831054688
363,173000000,imu2_frame,0.00015037323906309086,0.012697393106840935,-0.9888038306990353,0.1486799851731661,0.041015625,-0.015625,-0.1171875,-0.05003523826599121,-0.19251805543899536,-0.0730295181274414
363,198000000,imu2_frame,0.0005270441058965427,0.01461148190967615,-0.9889934647625234,0.1472350280263951,0.041015625,-0.015625,-0.1171875,-0.0024464689195156097,-0.004203885793685913,0.006122589111328125
363,222000000,imu2_frame,0.000988079842922607,0.017190944873634224,-0.9891763688257422,0.14571755717584295,-0.03515625,-0.03125,-0.12890625,0.013383641839027405,0.04442620277404785,0.007740020751953125
363,248000000,imu2_frame,0.00011288230112210974,0.015013726450766639,-0.9894537099970484,0.14406918840864028,-0.03515625,-0.03125,-0.12890625,-0.010223418474197388,0.004906594753265381,0.0063495635986328125
363,273000000,imu2_frame,-0.0008763752852125602,0.012942990791845731,-0.9897129512251011,0.14247801631487703,-0.03515625,-0.03125,-0.12890625,0.0034673362970352173,0.041899412870407104,-0.033829689025878906
363,298000000,imu2_frame,-0.0007576262176443252,0.010021692267078134,-0.9899504228077182,0.1410572652132406,0.033203125,-0.005859375,-0.115234375,-0.0026531070470809937,-0.014921516180038452,-0.035144805908203125
363,322000000,imu2_frame,-0.00048342406758689554,0.012591719708858974,-0.9900470134845882,0.14017177314349755,-0.01171875,0.01953125,-0.07421875,0.009520282968878746,0.03406955301761627,-0.03401470184326172
363,348000000,imu2_frame,0.000589633016115958,0.010323025457748155,-0.990206568106063,0.13922657777133576,-0.01171875,0.01953125,-0.07421875,-0.015180766582489014,0.10445499420166016,-0.03502845764160156
363,373000000,imu2_frame,0.0009499975210775261,0.008007688917841769,-0.9903559396626453,0.13831155843899745,-0.01171875,0.01953125,-0.07421875,0.024415243417024612,0.2501058876514435,-0.03975486755371094
363,398000000,imu2_frame,0.0009098565455474561,0.005293377174638195,-0.9904171327510946,0.13800382412184836,0.015625,-0.013671875,-0.025390625,0.016269009560346603,0.1976807937026024,-0.04046154022216797
363,423000000,imu2_frame,0.0009696671891135891,0.0031578372474401098,-0.9906199301877396,0.13660615551394004,-0.029296875,-0.001953125,-0.11328125,0.01158369891345501,0.15621473267674446,-0.04081249237060547
363,447000000,imu2_frame,0.0009163060075543982,0.0059043545581157425,-0.990792661514115,0.1352560566863045,-0.029296875,-0.001953125,-0.11328125,-0.02133088931441307,-0.1341656595468521,-0.07938957214355469
363,472000000,imu2_frame,-0.00017630990979435407,0.003974828820347647,-0.9909934572591101,0.133851176013888,-0.029296875,-0.001953125,-0.11328125,0.030421964824199677,0.05792688578367233,-0.0016536712646484375
363,497000000,imu2_frame,-0.0014713119587389729,0.0010237603150148945,-0.9910847383946293,0.13322097611557512,0.04296875,-0.041015625,-0.05078125,-0.0024001039564609528,0.004133379086852074,-0.00189971923828125
363,522000000,imu2_frame,7.236420759327258e-05,-0.00013952522133784258,-0.9912582070182222,0.13193612968081608,-0.064453125,0.009765625,-0.103515625,0.024479817016981542,-0.022421355824917555,-0.0019617080688476562
363,547000000,imu2_frame,0.0025900843862604736,0.0007578034284003005,-0.9914245356143488,0.13065262101737019,-0.064453125,0.009765625,-0.103515625,-0.11583878844976425,0.02760234009474516,-0.0018205642700195312
363,573000000,imu2_frame,0.0012866936440343872,0.003850436841580916,-0.9915954950322666,0.12931315782745884,-0.064453125,0.009765625,-0.103515625,0.019047584384679794,-0.022369854152202606,-0.03679656982421875
363,597000000,imu2_frame,0.0006649410214975016,0.006953067452242808,-0.9917399136388689,0.1280748078351523,-0.064453125,0.009765625,-0.103515625,0.014672331511974335,-0.07781216502189636,0.03805351257324219
363,622000000,imu2_frame,0.00013668539689842946,0.009782649259082336,-0.99187951167878,0.1268042404749975,-0.033203125,0.025390625,-0.1015625,0.011272996664047241,-0.02160617709159851,0.038970947265625
363,647000000,imu2_frame,0.002128219862606524,0.012032862765795982,-0.9920113080499472,0.1255557469608974,-0.033203125,0.025390625,-0.1015625,0.016112543642520905,0.017168506979942322,-0.03420066833496094
363,673000000,imu2_frame,0.0035420399634611232,0.010176574656368339,-0.9921906381195539,0.1242643509180047,-0.033203125,0.025390625,-0.1015625,0.003571435809135437,0.016891002655029297,-0.03484916687011719
363,698000000,imu2_frame,0.0032913138852520194,0.007358924308543168,-0.9923631651252623,0.1230868067198974,0.025390625,-0.0078125,-0.095703125,-0.008293680846691132,-0.03704635798931122,-0.03584861755371094
363,723000000,imu2_frame,0.003917708124242215,0.010189254239240476,-0.9923852584243306,0.12268793552414206,-0.0234375,0.033203125,-0.03125,0.01058901846408844,0.016383826732635498,-0.0347900390625
363,747000000,imu2_frame,0.0030014067486784533,0.01255627680375965,-0.9924104792663845,0.1222897056690453,-0.0234375,0.033203125,-0.03125,0.03355090320110321,-0.04875418543815613,-0.03386116027832031
363,773000000,imu2_frame,0.0050507468195690915,0.010914812851917689,-0.9924682016745859,0.1219107275090498,-0.0234375,0.033203125,-0.03125,-0.004912018775939941,0.027835652232170105,-0.03429126739501953
363,798000000,imu2_frame,0.005490653965402494,0.00798727120764337,-0.9926536098477423,0.12060210227825316,0.041015625,-0.03125,-0.107421875,-0.0035385936498641968,-0.02983732521533966,-0.03528308868408203
363,823000000,imu2_frame,0.006105931964933724,0.011403758378600436,-0.9927943636307665,0.11913027924362286,-0.06640625,0.056640625,-0.1171875,0.01614275574684143,0.03521113097667694,-0.033847808837890625
363,848000000,imu2_frame,0.004193771356709835,0.012195733977789185,-0.9929717317023332,0.11764699908888453,-0.06640625,0.056640625,-0.1171875,0.01960252970457077,0.01613473892211914,0.0012884140014648438
363,872000000,imu2_frame,0.0044245130264950775,0.010694031220723127,-0.9931519937857356,0.1162548004176472,-0.06640625,0.056640625,-0.1171875,0.05550861358642578,0.17802080512046814,-0.034501075744628906
363,897000000,imu2_frame,0.004326507824253989,0.007723274943849948,-0.9933852649931928,0.11448732527486338,0.044921875,0.025390625,-0.142578125,0.046607986092567444,0.12075598537921906,-0.035587310791015625
363,922000000,imu2_frame,0.003070775991167044,0.004568135310061458,-0.9934613099351791,0.1140365210644342,0.052734375,-0.056640625,-0.037109375,0.0151277557015419,0.062333934009075165,-0.03652667999267578
363,947000000,imu2_frame,0.002367284132425833,0.0013340010905295895,-0.993524580746694,0.11358487513323606,0.052734375,-0.056640625,-0.037109375,-0.005751617252826691,0.04018234461545944,-0.07994365692138672
363,972000000,imu2_frame,0.0031865129974105997,-0.00012715301975151698,-0.993632673011555,0.11262300427061561,-0.07421875,0.021484375,-0.078125,0.006923247128725052,0.010046616196632385,-0.07988834381103516
363,998000000,imu2_frame,0.003345443211414318,0.003466599668020309,-0.9937406345135709,0.11160798364376152,-0.07421875,0.021484375,-0.078125,-0.01729637384414673,-0.18605420738458633,0.04146003723144531
364,23000000,imu2_frame,0.003800408310827267,0.006226138965839841,-0.9938945669754653,0.1100926056867653,-0.015625,0.04296875,-0.12109375,-0.002611517906188965,-0.13331198692321777,0.04204559326171875
364,47000000,imu2_frame,0.004100892962062429,0.004078669885058529,-0.9940626842677228,0.10865508214221789,-0.015625,0.04296875,-0.12109375,0.03366004675626755,0.12913691997528076,-0.03646564483642578
364,73000000,imu2_frame,0.004966779046794264,0.0017690145956576996,-0.9942341492401083,0.10710115862145694,-0.015625,0.04296875,-0.12109375,0.010386355221271515,0.004450514912605286,0.0415496826171875
364,97000000,imu2_frame,0.002586002271046682,0.00036414310795123203,-0.994261991516273,0.10694050784499497,0.017578125,-0.025390625,-0.013671875,-0.03882360830903053,-0.017859864979982376,0.04113960266113281
364,123000000,imu2_frame,0.005096338807121709,0.0015022679622830133,-0.9941972662673847,0.10744098970221631,0.017578125,0.01953125,0.0390625,0.012352123856544495,-0.0010397396981716156,0.041558265686035156
364,148000000,imu2_frame,0.0048293503841665905,0.0037513013716932004,-0.9941417098837304,0.1079113792995837,0.017578125,0.01953125,0.0390625,0.011916130781173706,-0.07010164111852646,-0.0012311935424804688
364,173000000,imu2_frame,0.003479668481527782,0.005466023859868787,-0.9940884845203448,0.10837942348281018,0.017578125,0.01953125,0.0390625,0.10263287276029587,-0.14725184440612793,-0.07536029815673828
364,197000000,imu2_frame,0.00217396625850082,0.007688968731130229,-0.9940487194068677,0.10864297987502507,-0.03125,0.025390625,0.0234375,0.08200822025537491,-0.10130752623081207,-0.07493305206298828
364,222000000,imu2_frame,0.0005186354074750936,0.009820924261577588,-0.9940634125120339,0.10835687504211321,-0.02734375,0.01171875,-0.021484375,0.054316552355885506,-0.056360796093940735,-0.07429122924804688
364,248000000,imu2_frame,0.0005013957985519812,0.007594317988910036,-0.994113011551543,0.10808050333181539,-0.02734375,0.01171875,-0.021484375,0.010162431746721268,0.0527641624212265,0.0030755996704101562
364,273000000,imu2_frame,0.0013754411675928118,0.010333127417533004,-0.9941163476795984,0.10781475741077119,-0.02734375,0.01171875,-0.021484375,-0.006182953715324402,-0.013041362166404724,-0.034995079040527344
364,298000000,imu2_frame,0.0014044085674406947,0.00992061080718544,-0.9942763656607592,0.10636784197406884,0.21484375,-0.083984375,-0.1171875,-0.0067656151950359344,-0.02104775607585907,-0.03515625
364,323000000,imu2_frame,0.002216143021303662,0.013636442440128786,-0.9944703108634472,0.1041054127259721,-0.09765625,0.037109375,-0.181640625,0.01614191383123398,0.049632370471954346,-0.03338813781738281
364,348000000,imu2_frame,0.0017168369062484424,0.012534901469981565,-0.9947202080568128,0.1018412313338087,-0.09765625,0.037109375,-0.181640625,0.08177292346954346,0.18562288582324982,-0.07695865631103516
364,373000000,imu2_frame,0.0008880501912785371,0.009986037300390544,-0.9949425316958218,0.09994422969137136,0.013671875,-0.00390625,-0.15234375,0.06021755188703537,0.1377890557050705,-0.07812309265136719
364,398000000,imu2_frame,0.0013426940025178385,0.007361252683082425,-0.9951524841788149,0.09805887193153522,0.013671875,-0.00390625,-0.15234375,-0.014459017664194107,0.12108920514583588,0.0030374526977539062
364,422000000,imu2_frame,0.0020448698194643015,0.005249082341613573,-0.9952121261677344,0.09757607068687302,-0.017578125,0.017578125,-0.041015625,-0.0048957206308841705,0.07868190854787827,0.0025634765625
364,448000000,imu2_frame,0.002052556335750937,0.0029069824517373847,-0.9952731433986758,0.09705002058130956,-0.017578125,0.017578125,-0.041015625,0.02982170134782791,0.15031710639595985,-0.0017147064208984375
364,472000000,imu2_frame,0.0016439626648553835,0.00546319355162554,-0.9953115287477001,0.09655263665426406,-0.017578125,0.017578125,-0.041015625,0.026669982820749283,-0.14290722459554672,0.037735939025878906
364,498000000,imu2_frame,0.0005453640910591069,0.006573736099299308,-0.9952453935270268,0.09717558970718275,0.103515625,-0.0390625,0.048828125,0.007471486926078796,-0.11924275755882263,0.03795051574707031
364,522000000,imu2_frame,0.0001540806348976465,0.009178915306461524,-0.995331899459691,0.0960735847718731,-0.01953125,0.001953125,-0.091796875,0.004610460251569748,-0.06779898703098297,0.03874778747558594
364,547000000,imu2_frame,0.00023430312884224993,0.011922994159092933,-0.9954125988816838,0.09492915937654982,-0.01953125,0.001953125,-0.091796875,-0.02800430729985237,-0.20594336092472076,0.039879798889160156
364,572000000,imu2_frame,-0.0007415741842808153,0.009861492473647024,-0.9955440070964598,0.09377809428776702,-0.01953125,0.001953125,-0.091796875,-0.011979019502177835,-0.017672881484031677,0.0038547515869140625
364,597000000,imu2_frame,0.0005682609319036158,0.01186754619426957,-0.9956553036684488,0.09235450559517559,0.015625,0.0078125,-0.115234375,0.016858723014593124,0.01900552213191986,0.004703521728515625
364,623000000,imu2_frame,-0.0011369504762056453,0.009804893389212699,-0.9957949065646414,0.09107730490719279,-0.00390625,-0.01171875,-0.09765625,-0.02030001999810338,-0.018061548471450806,0.0038480758666992188
364,647000000,imu2_frame,-0.0007950979709466921,0.007486716448502722,-0.9959209252865758,0.08991566866996555,-0.00390625,-0.01171875,-0.09765625,-0.017944888677448034,0.12761330604553223,-0.0789804458618164
364,673000000,imu2_frame,0.001052220300130308,0.005874494975997494,-0.9960434456177609,0.0886670039141703,-0.00390625,-0.01171875,-0.09765625,-0.09823810122907162,0.09302043169736862,0.0807647705078125
364,697000000,imu2_frame,0.003463965897754568,0.004770809325669353,-0.9959236373152689,0.09000749388446483,-0.029296875,0.046875,0.111328125,-0.05307786166667938,0.06724989414215088,0.08074760437011719
364,723000000,imu2_frame,0.0053723785128400444,0.002512272002681685,-0.9958256749580496,0.09108266098904033,0.02734375,0.0078125,0.08203125,-0.019857004284858704,0.01980651542544365,0.08075618743896484
364,747000000,imu2_frame,0.004825215305294308,-0.00011572260320123123,-0.9957406476588949,0.09207207234216612,0.02734375,0.0078125,0.08203125,0.039021752774715424,0.08671966753900051,-0.04057025909423828
364,773000000,imu2_frame,0.003990679615665392,-0.0025786242401455747,-0.9957399035885706,0.09208403539516231,0.0,0.0,0.0,0.018345162272453308,0.04028305038809776,-0.04058361053466797
364,798000000,imu2_frame,0.0035257350597544647,-0.0001218855014115022,-0.9957457390724558,0.09207593309471106,0.0,0.0,0.0,0.013718031346797943,-0.14153057802468538,-0.03687572479248047
364,823000000,imu2_frame,0.0030843834031196895,0.0023406747219706548,-0.9957430156549036,0.09209155550508982,0.0,0.001953125,0.001953125,0.009560272097587585,-0.09280602633953094,-0.036826133728027344
364,847000000,imu2_frame,0.003350085701870835,0.004733064715245656,-0.9957322113859809,0.0921072105352014,0.0,0.001953125,0.001953125,-0.016116999089717865,-0.08578348904848099,-0.036461830139160156
364,872000000,imu2_frame,0.0025987911762955012,0.007115243400541114,-0.995719217658079,0.09211872329855746,0.0,0.001953125,0.001953125,0.008706137537956238,-0.03806716203689575,0.04212760925292969
364,898000000,imu2_frame,0.0017374531084150822,0.009574555474699537,-0.9957041004453535,0.09207960415025303,0.0,-0.001953125,-0.001953125,-0.003637954592704773,0.011349037289619446,0.04285717010498047
364,923000000,imu2_frame,0.0025818546193522836,0.007260147345753448,-0.9957227206621053,0.09207001599053667,-0.001953125,-0.00390625,-0.001953125,0.008630700409412384,-0.035213321447372437,0.042166709899902344
364,947000000,imu2_frame,0.0003921472363601272,0.006187954994682286,-0.9957364337732221,0.09203537303729696,-0.001953125,-0.00390625,-0.001953125,-0.03592249937355518,-0.013076744973659515,-0.03636741638183594
364,973000000,imu2_frame,0.0026907779366555063,0.007317122887094437,-0.9957263194030551,0.0920234550253143,-0.001953125,-0.00390625,-0.001953125,0.01084679365158081,0.004765033721923828,0.0031309127807617188
364,998000000,imu2_frame,0.0005067979429199195,0.0060994916584605355,-0.9957413452231313,0.09198756856544155,0.0,0.0,-0.001953125,-0.03385576047003269,-0.015003792941570282,0.0026760101318359375
365,23000000,imu2_frame,0.0026926190056390273,0.007292528999784845,-0.9957332329917289,0.0919505167985322,0.001953125,0.0,-0.00390625,0.010828346014022827,0.004287838935852051,0.003124237060546875
365,47000000,imu2_frame,0.0005165511415528592,0.006256404289797781,-0.9957492249788713,0.09189162929373901,0.001953125,0.0,-0.00390625,-0.03339543379843235,-0.011965245008468628,-0.03634834289550781
365,73000000,imu2_frame,0.0017288119239377655,0.00853174657444132,-0.9957351975364216,0.09184572334531564,0.001953125,0.0,-0.00390625,-0.00572102889418602,-0.0089186429977417,-0.039544105529785156
365,98000000,imu2_frame,0.002866920587067149,0.010773724289332308,-0.9957150271093348,0.09180028551122019,0.0,0.001953125,-0.00390625,0.020445242524147034,0.03267374634742737,-0.03859519958496094
365,123000000,imu2_frame,0.0017326440436885805,0.008523248279368234,-0.9957420353193267,0.09177227948302594,0.001953125,0.0,-0.001953125,-0.005673684179782867,-0.00908726453781128,-0.039546966552734375
365,147000000,imu2_frame,0.0028144735427648253,0.010646816726683283,-0.9957209691138508,0.09175225173934043,0.001953125,0.0,-0.001953125,0.019187048077583313,0.030301660299301147,0.000408172607421875
365,172000000,imu2_frame,0.0016722290786556088,0.008442339640921575,-0.995749481922635,0.0917000534465491,-0.001953125,0.0,-0.00390625,-0.007006403058767319,-0.010550066828727722,-0.000514984130859375
365,197000000,imu2_frame,0.004021564130266218,0.009322623415116565,-0.9957378168019849,0.09166851097853994,-0.001953125,0.0,-0.00390625,0.005136169493198395,0.0023730099201202393,-0.035103797912597656
365,222000000,imu2_frame,0.0017594558127522458,0.00822911192506192,-0.9957599102299034,0.09160451523316214,0.001953125,0.0,-0.00390625,-0.04086209461092949,-0.014851763844490051,-0.03573417663574219
365,248000000,imu2_frame,0.002467374773197825,0.010705886915774489,-0.9957395961588963,0.0915530048026463,0.001953125,0.0,-0.00390625,0.012496426701545715,0.03208741545677185,0.000396728515625
365,272000000,imu2_frame,0.00405667741827832,0.008881328051270678,-0.995754563643889,0.09152876248883751,0.001953125,0.0,-0.00390625,0.00500594824552536,-0.006265193223953247,-0.03525543212890625
365,297000000,imu2_frame,0.002468313083380918,0.010788648756549285,-0.9957475308459057,0.09145691500817454,0.001953125,0.0,-0.00390625,-0.022513315081596375,0.03370293974876404,-0.03472423553466797
365,323000000,imu2_frame,0.0041086785831288926,0.008813349865795718,-0.9957639525711792,0.09143081747565078,-0.001953125,-0.001953125,-0.00390625,0.005880378186702728,-0.00767187774181366,-0.035269737243652344
365,347000000,imu2_frame,0.002442273780270127,0.010586627361097906,-0.9957584938023167,0.0913618117182488,-0.001953125,-0.001953125,-0.00390625,-0.02340046316385269,0.02982412278652191,0.004250526428222656
365,372000000,imu2_frame,0.004128081834765839,0.008788104862766391,-0.9957726964883472,0.09133709586806758,-0.001953125,-0.001953125,-0.00390625,0.006197527050971985,-0.008188873529434204,0.0037870407104492188
365,398000000,imu2_frame,0.0023631970398787536,0.010675330713687054,-0.9957622618015616,0.0913124886625187,0.001953125,0.0,0.0,-0.024791352450847626,0.0316949188709259,0.00428009033203125
365,422000000,imu2_frame,0.004030427834383354,0.008924775223988149,-0.9957742200645103,0.0913115912334771,0.0,0.001953125,-0.001953125,0.004536427557468414,-0.005352035164833069,0.003818511962890625
365,448000000,imu2_frame,0.002368791416037562,0.010906635386796473,-0.9957643844229356,0.0912618477052636,0.0,0.001953125,-0.001953125,-0.024280287325382233,0.03618998825550079,-0.034684181213378906
365,472000000,imu2_frame,0.003934023314800941,0.00906514675641038,-0.9957737347365165,0.09130726030131996,0.0,0.001953125,0.001953125,0.0029096901416778564,-0.002447456121444702,-0.03520965576171875
365,498000000,imu2_frame,0.0020833544145976426,0.010892067274015947,-0.995765630042194,0.09125695881166633,0.0,0.0,-0.001953125,-0.02986311912536621,0.036416083574295044,-0.03471565246582031
365,523000000,imu2_frame,0.003862755397684206,0.0091354444917336,-0.9957780043530654,0.09125671932138767,0.0,0.0,-0.001953125,0.00163925439119339,-0.0009473711252212524,-0.03519630432128906
365,548000000,imu2_frame,0.0036516032871744958,0.011626750479244509,-0.9957563195779258,0.09121861919230223,0.0,0.0,-0.001953125,0.0019630342721939087,-0.04583066701889038,-0.24905967712402344
365,573000000,imu2_frame,0.003438552714581513,0.014143536248989466,-0.9957280443770296,0.09118003278513652,-0.001953125,0.0,-0.001953125,0.0022911876440048218,0.003531217575073242,-0.24782085418701172
365,897000000,imu2_frame,0.0008254055072504799,0.04673007300775178,-0.994787321088194,0.09063004349890326,-0.001953125,0.0,-0.001953125,0.008990757167339325,0.6415836811065674,-0.20926475524902344
365,923000000,imu2_frame,0.0010294798489616191,0.04417367933282253,-0.994904181340873,0.09062723749452213,-0.001953125,0.0,-0.001953125,0.008431121706962585,0.5916221737861633,-0.21379947662353516
366,23000000,imu2_frame,0.002712270995768386,0.03444390383785389,-0.9952833236341152,0.09064969260997793,-0.001953125,0.0,-0.001953125,-0.1205747127532959,-0.053448259830474854,7.326059341430664
366,347000000,imu2_frame,0.008297204287484393,0.0025232169958109892,-0.9955816526313376,0.09349846373528568,0.0,0.0,0.015625,-0.06829188764095306,-0.6848101131618023,7.304194450378418
366,398000000,imu2_frame,0.006038802612400414,0.0070992530376965774,-0.9955426196730587,0.09385108355164923,0.0,0.0,0.015625,0.19303898513317108,-0.505739152431488,0.0036420822143554688
366,423000000,imu2_frame,0.005087201838705927,0.010041559481042635,-0.9951360245185205,0.09786511209882386,-0.056640625,0.015625,0.32421875,0.1806659996509552,-0.4472150355577469,0.004420280456542969
366,448000000,imu2_frame,0.005989572186772419,0.008352577554816136,-0.9947394628699896,0.10192036343309879,-0.056640625,0.015625,0.32421875,0.004197448492050171,0.017665058374404907,0.00010204315185546875
366,472000000,imu2_frame,0.004933842878914434,0.011099910223094762,-0.9943166093263529,0.10576828260509076,-0.056640625,0.015625,0.32421875,0.0641556829214096,-0.11868080496788025,0.0009212493896484375
366,497000000,imu2_frame,0.003442292072798961,0.012805156688550222,-0.9942068510541405,0.10666262655905914,0.02734375,-0.009765625,0.07421875,0.03890783339738846,-0.08254143595695496,0.0014734268188476562
366,523000000,imu2_frame,0.0022849352909076344,0.014563655495159688,-0.9942352631036152,0.10620226273775712,0.037109375,0.01171875,-0.033203125,0.019952446222305298,-0.045925289392471313,0.0022859573364257812
366,547000000,imu2_frame,0.0007410960990630046,0.017485136477133283,-0.9942571492480351,0.10557671120146989,-0.072265625,-0.021484375,-0.05078125,-0.004199877381324768,0.014073669910430908,0.004023551940917969
366,573000000,imu2_frame,0.0012147205376888564,0.015934670519053486,-0.9943494064480635,0.10494698007016941,-0.072265625,-0.021484375,-0.05078125,-0.03354493901133537,0.13535073399543762,0.00693511962890625
366,598000000,imu2_frame,0.001934082239125061,0.013184154594662472,-0.994729353460947,0.10166587803527219,0.03125,-0.009765625,-0.265625,-0.0260365828871727,0.08063596487045288,0.005414009094238281
366,622000000,imu2_frame,0.0031650131504863204,0.011708990493183791,-0.9952087837149511,0.09701731314562043,-0.056640625,0.033203125,-0.390625,-0.006068065762519836,0.0499037504196167,0.0048198699951171875
366,647000000,imu2_frame,0.002373551657214189,0.014723927517343399,-0.9956351035654172,0.09213203980850397,-0.056640625,0.033203125,-0.390625,0.05708525329828262,-0.12006378173828125,-0.14605236053466797
366,672000000,imu2_frame,0.0016073128782610354,0.017050653887482992,-0.9958069539965023,0.08986212839415997,-0.0078125,0.041015625,-0.1796875,0.045611947774887085,-0.07327285408973694,-0.1446676254272461
366,697000000,imu2_frame,6.14952237997406e-05,0.019121237068071287,-0.995972562894806,0.08759582451279202,-0.001953125,-0.005859375,-0.1796875,0.018312525004148483,-0.030188709497451782,-0.14325332641601562
366,722000000,imu2_frame,-0.0014920962514489917,0.02086788069283497,-0.9961887592217309,0.08467739488455049,0.029296875,-0.017578125,-0.232421875,-0.010139517486095428,0.00647890567779541,-0.1418447494506836
366,747000000,imu2_frame,-0.0013726264460784247,0.018005753098741167,-0.9964855070619227,0.08179573929936358,0.029296875,-0.017578125,-0.232421875,-0.013572713825851679,0.10682544112205505,-0.030744552612304688
366,773000000,imu2_frame,-0.0012937594872072075,0.015933263259944562,-0.9967059686274384,0.07950892661027618,-0.0390625,-0.029296875,-0.177734375,-0.016067962569650263,0.06634116172790527,-0.032123565673828125
366,797000000,imu2_frame,3.738304712488014e-05,0.014730989584723086,-0.9968900667249255,0.07741570521241718,-0.0390625,-0.029296875,-0.177734375,-0.10588601231575012,0.11512196063995361,0.04134178161621094
366,822000000,imu2_frame,0.0019138440865689855,0.012460732283152934,-0.9971086351406342,0.07493622007922053,0.044921875,0.00390625,-0.201171875,-0.07335183769464493,0.06818929314613342,0.040205955505371094
366,847000000,imu2_frame,0.002148628727645001,0.00941305420742677,-0.997326350293934,0.07243568743692548,0.044921875,0.00390625,-0.201171875,0.0005278624594211578,0.16093304753303528,0.038921356201171875
366,873000000,imu2_frame,0.0029478868353525448,0.006340609559640888,-0.9975337819440702,0.0698388181026725,0.044921875,0.00390625,-0.201171875,-0.023707151412963867,0.10007970035076141,-0.001007080078125
366,897000000,imu2_frame,0.0035520761241692902,0.003834395532289099,-0.9976442033017141,0.06840119724535829,0.017578125,-0.009765625,-0.12109375,-0.015447534620761871,0.05049442499876022,-0.0014286041259765625
366,923000000,imu2_frame,0.004410621650407097,0.0016099781454001335,-0.9977744075352832,0.06651455520893831,-0.015625,-0.00390625,-0.146484375,-0.0017272531986236572,0.0061346497386693954,-0.0015316009521484375
366,947000000,imu2_frame,0.0048371062007593665,-0.0005786033462159128,-0.9978254518478044,0.0657315393589365,-0.0078125,-0.03125,-0.06640625,0.0037588924169540405,-0.03703173249959946,-0.001499176025390625
366,972000000,imu2_frame,0.002854384109048734,-0.0024371613545778725,-0.997883808470324,0.0649139239967167,-0.0078125,-0.03125,-0.06640625,-0.002102956175804138,0.007433108985424042,-0.036843299865722656
366,998000000,imu2_frame,0.004209075545163737,-0.004258394188348433,-0.9978757541463495,0.06487009363987274,-0.044921875,0.037109375,-0.00390625,0.022013448178768158,-0.029806144535541534,-0.036418914794921875
367,22000000,imu2_frame,0.004287692516608635,-0.001314426914228046,-0.997886936043215,0.06481937093998104,-0.044921875,0.037109375,-0.00390625,0.02728217840194702,-0.24200917221605778,0.0023365020751953125
367,47000000,imu2_frame,0.00462607544031693,0.0017786227211370412,-0.9978883656698071,0.06476299551501301,-0.044921875,0.037109375,-0.00390625,0.0026435405015945435,-0.21725644916296005,-0.04054450988769531
367,73000000,imu2_frame,0.004027264520403528,0.0046628555520015404,-0.9980022528319497,0.0628771998496827,-0.0234375,-0.029296875,-0.14453125,-0.005548462271690369,-0.16008005291223526,-0.040283203125
367,97000000,imu2_frame,0.0027435728411412535,0.0027067310145945764,-0.9981208807347097,0.06115434454433362,-0.0234375,-0.029296875,-0.14453125,0.08020138368010521,0.18624857813119888,0.0022344589233398438
367,122000000,imu2_frame,0.0018204525945899794,0.00035260149593867513,-0.9981987619357096,0.059964933874328434,0.0,-0.005859375,-0.095703125,0.059371381998062134,0.1414648606441915,0.002010345458984375
367,147000000,imu2_frame,0.0021148218628448266,0.0028250374745857156,-0.9982655392849908,0.05876614474169375,0.0,-0.005859375,-0.095703125,-0.010175295174121857,-0.041053641587495804,0.0021877288818359375
367,173000000,imu2_frame,0.0019959673201807504,0.0054238742474992585,-0.9983277331168511,0.05751812751101425,0.0,-0.005859375,-0.095703125,-0.009639110416173935,-0.1815563216805458,0.0025968551635742188
367,198000000,imu2_frame,0.0037087113165659344,0.003676597596800545,-0.9983981220231012,0.056337536609497786,0.0,-0.005859375,-0.095703125,-0.013416282832622528,0.012980245053768158,0.0024766921997070312
367,222000000,imu2_frame,0.005785466520676565,0.0018714809476285952,-0.9985283263084141,0.05389069953078921,0.021484375,0.021484375,-0.205078125,0.025050684809684753,-0.024253668263554573,0.002666473388671875
367,247000000,imu2_frame,0.004171804951650713,0.003273469703966349,-0.9986683866281902,0.051316020782894274,0.021484375,0.021484375,-0.205078125,-0.005121849477291107,0.005029648542404175,0.0024929046630859375
367,272000000,imu2_frame,0.002694804653954284,0.004817196345210747,-0.9987962196265745,0.04874058172521399,0.021484375,0.021484375,-0.205078125,0.0025143958628177643,-0.002268292009830475,0.0025396347045898438
367,298000000,imu2_frame,0.0010579549273384648,0.006318067843326245,-0.9989180745130906,0.046061297866631115,0.021484375,0.021484375,-0.205078125,0.04978371970355511,-0.04946091026067734,-0.0792856216430664
367,322000000,imu2_frame,-0.0004912528139045606,0.008153395878449448,-0.9989966779735446,0.044033148923781955,-0.015625,0.01953125,-0.16796875,0.020862354431301355,-0.012236401438713074,-0.07878398895263672
367,348000000,imu2_frame,0.0015841068666373548,0.010195750437897257,-0.999070009671913,0.04186469936124047,-0.015625,0.01953125,-0.16796875,-0.015407972037792206,-0.013121277093887329,-0.035037994384765625
367,373000000,imu2_frame,0.004181587040314286,0.011166241013538828,-0.9991370292660287,0.03978726103800972,-0.015625,0.01953125,-0.16796875,0.000508137047290802,0.0038902312517166138,-0.03824615478515625
367,398000000,imu2_frame,0.004172962756279411,0.008141243590325737,-0.999259221762937,0.03738066687964527,0.04296875,0.001953125,-0.193359375,-0.0023859143257141113,-0.05496630072593689,-0.039389610290527344
367,423000000,imu2_frame,0.004150316377619256,0.01011522977791544,-0.9993292037667254,0.03495138766155831,0.04296875,0.001953125,-0.193359375,-0.0018605664372444153,-0.09040042757987976,0.00037384033203125
367,447000000,imu2_frame,0.003454567520483567,0.012782795103521913,-0.9993644125781872,0.033097386374795576,-0.0234375,-0.052734375,-0.154296875,-0.014089763164520264,-0.03768278658390045,0.00146484375
367,473000000,imu2_frame,0.004155770942220809,0.014440770299778487,-0.9994121888223809,0.03081348007419275,0.0625,-0.009765625,-0.17578125,3.987550735473633e-05,-0.005549401044845581,0.0024518966674804688
367,498000000,imu2_frame,0.0035634728870228504,0.01120590216916085,-0.9995211885455373,0.028620326100082447,0.0625,-0.009765625,-0.17578125,0.06026654690504074,0.27553893625736237,0.07886505126953125
367,523000000,imu2_frame,0.004163220410561892,0.008174761722826619,-0.9996096401383214,0.026389547345941126,0.048828125,0.0859375,-0.177734375,0.0699392780661583,0.21617725491523743,0.07780742645263672
367,548000000,imu2_frame,0.004874625051269078,0.0051274823309969885,-0.9996829480328603,0.024165065029588748,0.048828125,0.0859375,-0.177734375,0.08205189555883408,0.3478933796286583,0.07714080810546875
367,572000000,imu2_frame,0.005169282909996003,0.002294118684095337,-0.9997412635204983,0.022032284223322506,0.048828125,0.0859375,-0.177734375,0.08638168126344681,0.1793244145810604,0.04163169860839844
367,597000000,imu2_frame,0.003766175887128575,0.002017820561569294,-0.9997948616214828,0.019798459400888768,0.048828125,0.0859375,-0.177734375,0.05875883996486664,-0.01671045646071434,-0.040668487548828125
367,623000000,imu2_frame,0.0011645171320406233,0.001858758163901356,-0.999847935302733,0.017300149964640958,0.064453125,-0.0078125,-0.19140625,0.007763111963868141,-0.01875338703393936,-0.040930747985839844
367,647000000,imu2_frame,0.001778258206956387,0.003383387231050186,-0.9998801671137807,0.015001396638709537,0.064453125,-0.0078125,-0.19140625,-0.018939655274152756,-0.06720628589391708,0.0022296905517578125
367,673000000,imu2_frame,0.002715961799458258,0.00016305648247623352,-0.9999179203647086,0.012519963961760522,0.064453125,-0.0078125,-0.19140625,-0.0015626288950443268,-0.017008897615596652,-0.03697395324707031
367,698000000,imu2_frame,0.0003324779055472067,0.00036338758354710285,-0.9999486468344191,0.010122307144162965,0.064453125,-0.0078125,-0.19140625,-0.009054434020072222,-0.012494204565882683,0.03710460662841797
367,722000000,imu2_frame,0.002221243642496355,0.0036633270550221874,-0.9999677407868349,0.006794372468594481,-0.111328125,0.04296875,-0.27734375,0.028279125690460205,0.05177906155586243,0.03745841979980469
367,747000000,imu2_frame,0.0005882209063759126,0.0037845470013428252,-0.9999871418157626,0.0033237634244196947,-0.111328125,0.04296875,-0.27734375,-0.00388121884316206,0.01925045996904373,-0.0016756057739257812
367,773000000,imu2_frame,0.0011940840726665225,0.007838500369699415,-0.9999685251684497,-0.0002841612518620604,-0.111328125,0.04296875,-0.27734375,0.007671670988202095,-0.05771532654762268,-0.035889625549316406
367,797000000,imu2_frame,0.00035801306964901265,0.01005636854790037,-0.9999478983943674,-0.0017151603302702682,0.013671875,-0.04296875,-0.119140625,-0.008964382577687502,-0.014362350106239319,-0.035140037536621094
367,823000000,imu2_frame,0.002350500905713167,0.0103187107585202,-0.9999387727570113,-0.0032326600465458952,0.013671875,-0.04296875,-0.119140625,-0.044552985578775406,-0.00909985601902008,0.0002269744873046875
367,848000000,imu2_frame,0.004973714562976865,0.01135337911177943,-0.9999065165233699,-0.0057724483791544426,-0.04296875,0.015625,-0.205078125,0.006088055670261383,0.011529222130775452,0.0010404586791992188
367,872000000,imu2_frame,0.004211893705833193,0.009434129050884438,-0.9999124878496733,-0.008262796302629315,-0.015625,0.033203125,-0.20703125,-0.00904412567615509,-0.025862887501716614,0.00012302398681640625
367,897000000,imu2_frame,0.004199733613420311,0.007166024729132192,-0.9999066695715072,-0.01084723345256042,-0.015625,0.033203125,-0.20703125,0.025878287851810455,0.12142160534858704,-0.07873916625976562
367,922000000,imu2_frame,0.0014082513544157308,0.0036862566312543853,-0.9999018705166851,-0.013441639684403608,0.0859375,-0.177734375,-0.208984375,-0.028131436556577682,0.05288753658533096,-0.07978343963623047
367,948000000,imu2_frame,-0.002102951127094512,0.004923507122870516,-0.9998551088724342,-0.01615852517591747,0.0859375,-0.177734375,-0.208984375,-0.058280859142541885,0.0018123835325241089,0.03766059875488281
367,973000000,imu2_frame,-0.002520034739681346,0.0021797069601060684,-0.9998186153874656,-0.018751923292557388,0.0859375,-0.177734375,-0.208984375,-0.178955789655447,0.1002693846821785,-0.040808677673339844
367,998000000,imu2_frame,-0.0024110520996064038,0.00029337465729346564,-0.999769042407994,-0.02135328081785539,0.0859375,-0.177734375,-0.208984375,-0.06286578625440598,-0.014804296661168337,0.037215232849121094
368,23000000,imu2_frame,0.00015486865612117563,0.0007098477453721045,-0.9997520789917667,-0.022254273376552516,0.0078125,0.009765625,-0.072265625,-0.012907297350466251,-0.005591812543570995,0.037110328674316406
368,48000000,imu2_frame,0.0016627814414176872,0.0013957861701704578,-0.9997005131344266,-0.02437562260968058,0.021484375,-0.064453125,-0.169921875,0.016202859580516815,0.008536500856280327,0.03719139099121094
368,72000000,imu2_frame,0.0016050426665491745,0.00345166517742551,-0.9996437893385268,-0.026415985358349398,0.021484375,-0.064453125,-0.169921875,-0.09932570345699787,-0.29500628262758255,-0.0016794204711914062
368,97000000,imu2_frame,0.0012026768833144988,0.0007423334066163529,-0.9995918925765148,-0.028531575573902398,0.021484375,-0.064453125,-0.169921875,-0.03160218521952629,0.07376908510923386,0.03713798522949219
368,123000000,imu2_frame,0.002341333696905463,-0.0013789970204946265,-0.999547737099414,-0.02994891956612085,-0.0234375,0.013671875,-0.109375,-0.008134491741657257,0.033021122217178345,0.03724384307861328
368,151000000,imu2_frame,0.002768930900355626,0.0017406907993424603,-0.9994988667431065,-0.03148520916963524,-0.0234375,0.013671875,-0.109375,-0.0016611889004707336,-0.09709986299276352,0.037308692932128906
368,173000000,imu2_frame,0.001636464879195921,0.00021165622369726048,-0.999464349539819,-0.03268472400508359,-0.0234375,0.013671875,-0.109375,0.016210883855819702,0.02471183892339468,-0.03706550598144531
368,197000000,imu2_frame,-0.000544567765408317,-0.0027120647958215733,-0.9994197712843317,-0.03394803258608658,0.08203125,-0.064453125,-0.10546875,-0.024463881738483906,-0.0338125117123127,-0.03696918487548828
368,223000000,imu2_frame,-0.0007203055100740235,-0.0012410832905585152,-0.9993749981418287,-0.035320729908341564,0.08203125,-0.064453125,-0.10546875,-0.06790175568312407,-0.23567929863929749,-0.037078857421875
368,248000000,imu2_frame,-0.0009537188137776377,0.00019328018742365425,-0.999353815742886,-0.03593054443405145,0.078125,-0.078125,-0.048828125,-0.07345369458198547,-0.207831698236987,-0.037100791931152344
368,272000000,imu2_frame,-0.0007374668592341162,0.00221635457781717,-0.9992789875925215,-0.037895235466771066,0.01953125,-0.0546875,-0.1640625,-0.07073423825204372,-0.1681915782392025,-0.03701210021972656
368,298000000,imu2_frame,-0.0031429951688617193,0.003976329656798101,-0.9991857634470449,-0.040026497580667376,0.01953125,-0.0546875,-0.1640625,-0.0019976869225502014,-0.018546447157859802,0.037601470947265625
368,323000000,imu2_frame,-0.002606421015394589,0.006333578623168561,-0.9990675836937114,-0.04262693472117646,0.0078125,0.01171875,-0.208984375,0.006322033703327179,0.027766242623329163,0.038016319274902344
368,348000000,imu2_frame,-0.0028353915775023043,0.004621190552088729,-0.9989498167833213,-0.04549580970872297,-0.05859375,0.03125,-0.228515625,0.0030246563255786896,-0.006035253405570984,0.0376739501953125
368,372000000,imu2_frame,-0.0005335575404723764,0.006754381419916116,-0.9988134969655063,-0.04822542822538716,-0.05859375,0.03125,-0.228515625,-0.1456905584782362,-0.11472444236278534,0.04190349578857422
368,397000000,imu2_frame,0.002375906644297028,0.007412361717018163,-0.9986650329762861,-0.05106431113671609,-0.05859375,0.03125,-0.228515625,-0.015706021338701248,0.014256194233894348,-0.0359344482421875
368,423000000,imu2_frame,0.004844844512612584,0.0057584997160985115,-0.9986469100661555,-0.05145596348323631,-0.013671875,0.044921875,-0.03125,0.034095294773578644,-0.015529468655586243,-0.036011695861816406
368,447000000,imu2_frame,0.002466511781502966,0.006394544566899629,-0.998618001473474,-0.052106748627583084,0.04296875,-0.01953125,-0.052734375,-0.013053931295871735,-0.005477845668792725,-0.03620147705078125
368,473000000,imu2_frame,0.0021724637376758305,0.0032500374724861872,-0.9985982295645472,-0.05278535372892501,0.04296875,-0.01953125,-0.052734375,-0.0156349278986454,0.20240025967359543,-0.0016641616821289062
368,498000000,imu2_frame,0.0023930429272403545,0.005181531421897841,-0.9985543715227593,-0.05344709711911166,0.04296875,-0.01953125,-0.052734375,-0.013391289860010147,-0.06823713332414627,-0.0013256072998046875
368,522000000,imu2_frame,0.003980046942830494,0.008751910393759487,-0.9984583434889643,-0.0546671712096548,-0.107421875,0.078125,-0.1015625,0.013638980686664581,0.003189265727996826,-0.00015544891357421875
368,547000000,imu2_frame,0.0020200379473502062,0.009097411704174434,-0.9984412271140397,-0.0550297423761586,-0.064453125,0.037109375,-0.02734375,-0.02504890225827694,0.007849305868148804,-0.0002651214599609375
368,572000000,imu2_frame,0.003955403826132891,0.011928326064308624,-0.9983871919577525,-0.05536320757136357,-0.064453125,0.037109375,-0.02734375,-0.10368532687425613,-0.1652744710445404,-0.07309436798095703
368,598000000,imu2_frame,0.005963762037231211,0.014695108620613026,-0.9981955342042873,-0.057915134633436276,-0.05078125,0.0390625,-0.197265625,-0.06824053823947906,-0.10886317491531372,-0.07126522064208984
368,623000000,imu2_frame,0.006169242488768558,0.017799261299721716,-0.9979967085505006,-0.06039616268163089,-0.05078125,0.0390625,-0.197265625,0.044648729264736176,-0.20017635822296143,0.004974365234375
368,648000000,imu2_frame,0.004771079945061111,0.019068769235958273,-0.9978174705696806,-0.0630389900133902,0.1015625,-0.0703125,-0.2109375,0.014872804284095764,-0.1768818497657776,0.005589485168457031
368,672000000,imu2_frame,0.004641668405382061,0.02128932853582,-0.9977070348166927,-0.06407723528829265,0.015625,-0.00390625,-0.0859375,0.009170368313789368,-0.13368231058120728,0.007317543029785156
368,697000000,imu2_frame,0.005706090500180128,0.01888309711078852,-0.9976826582652233,-0.06511668427942253,0.015625,-0.00390625,-0.0859375,-0.08072461932897568,0.1294248104095459,-0.03341865539550781
368,722000000,imu2_frame,0.006130693973671769,0.015245208089473451,-0.9977717387670042,-0.06466494830724505,0.119140625,-0.0546875,0.033203125,-0.06766828149557114,0.05899214744567871,-0.035747528076171875
368,748000000,imu2_frame,0.00844594571520989,0.013634622685098609,-0.9977835899368148,-0.0645807302375309,-0.017578125,0.033203125,0.00390625,-0.020452335476875305,0.030495643615722656,-0.035996437072753906
368,773000000,imu2_frame,0.007909419177673415,0.01613385590746465,-0.9977516138091387,-0.06456668586112042,-0.017578125,0.033203125,0.00390625,0.04405277967453003,-0.07769948244094849,0.1645050048828125
368,798000000,imu2_frame,0.006958993153148401,0.014242730818303326,-0.9977897637212909,-0.06453142216116144,-0.017578125,0.033203125,0.00390625,0.18026209622621536,0.3060991168022156,-0.14548873901367188
368,823000000,imu2_frame,0.006069257217886096,0.012290088620609855,-0.9978158749381937,-0.06461886380808263,-0.01171875,0.041015625,-0.005859375,0.16535386443138123,0.266909122467041,-0.1467275619506836
368,848000000,imu2_frame,0.004571461832165929,0.011050070550864169,-0.9977376594092744,-0.06615557931150369,-0.0625,-0.005859375,-0.123046875,0.13736751675605774,0.2409517467021942,-0.14760494232177734
368,872000000,imu2_frame,0.003941233214137381,0.014137211833584936,-0.9976018591551365,-0.06763975556238681,-0.0625,-0.005859375,-0.123046875,0.08160091936588287,-0.23473450541496277,-0.14618968963623047
368,897000000,imu2_frame,0.0032085281484183644,0.012525894812098226,-0.9975208966480588,-0.06917274070564147,-0.0625,-0.005859375,-0.123046875,0.06906299293041229,0.3462333232164383,-0.033850669860839844
368,922000000,imu2_frame,0.002352393664089716,0.009321851281164282,-0.997443642049722,-0.0708078404368264,0.064453125,-0.009765625,-0.130859375,0.056400272995233536,0.28266213834285736,-0.03531169891357422
368,948000000,imu2_frame,0.001304877089884723,0.006434260530625178,-0.9972685742336428,-0.07356825696726572,0.03125,-0.0234375,-0.212890625,0.039621682837605476,0.22496072947978973,-0.036276817321777344
368,972000000,imu2_frame,0.0007992234695783514,0.003689624509556602,-0.9970920225732112,-0.07611337880876944,0.03125,-0.0234375,-0.212890625,-0.005537307821214199,0.20981978625059128,-0.04074668884277344
368,998000000,imu2_frame,0.00035111389765032247,0.001065686506322203,-0.9968561444967698,-0.07922479542628141,0.00390625,-0.0234375,-0.240234375,-0.01043364079669118,0.1580281462520361,-0.0410003662109375
369,22000000,imu2_frame,0.0004187875888697654,0.003415820023609453,-0.996618326147568,-0.08209792188199336,0.00390625,-0.0234375,-0.240234375,-0.012948218965902925,-0.10465916991233826,0.041237831115722656
369,48000000,imu2_frame,0.0009671727599098756,0.005630527595727033,-0.996460520723367,-0.08386770758499865,0.025390625,0.00390625,-0.13671875,-0.0060169873759150505,-0.060618214309215546,0.04164409637451172
369,73000000,imu2_frame,0.0014587395741897677,0.008160520928561024,-0.9961670960436659,-0.08707694721887614,-0.005859375,0.00390625,-0.2578125,-0.0011101625859737396,-0.010488510131835938,0.04234886169433594
369,97000000,imu2_frame,0.002538025710557116,0.00607173922056458,-0.9959066144924748,-0.09014825355195229,-0.005859375,0.00390625,-0.2578125,-0.015978645533323288,0.028921812772750854,-0.03627204895019531
369,123000000,imu2_frame,0.002485052929129365,0.002940574115014439,-0.9957559257488697,-0.0919527806639094,0.06640625,-0.080078125,-0.140625,-0.011603355407714844,-0.03204738721251488,-0.03682899475097656
369,147000000,imu2_frame,0.0038094448495974015,0.00558383972984353,-0.9955903558667503,-0.09356362631347123,-0.041015625,0.021484375,-0.134765625,0.009235642850399017,0.021883979439735413,-0.036225318908691406
369,172000000,imu2_frame,0.0017497405008363395,0.005259694115726643,-0.9954378210779682,-0.09525134326368208,-0.041015625,0.021484375,-0.134765625,0.00862843170762062,0.01185087114572525,0.0025434494018554688
369,198000000,imu2_frame,0.002349449583808296,0.003178535556887776,-0.9952774309790148,-0.09699078503744082,-0.041015625,0.021484375,-0.134765625,-0.05016173794865608,0.2772297337651253,0.08037471771240234
369,223000000,imu2_frame,0.003395826709804102,0.0015830733345999885,-0.9951955567214754,-0.09783540321175495,-0.078125,0.060546875,-0.068359375,-0.026811383664608,0.24822760373353958,0.08034324645996094
369,248000000,imu2_frame,0.003553257908726901,-0.0017379146926280646,-0.9951353985013385,-0.0984372524014022,0.064453125,0.017578125,-0.048828125,-0.017381489276885986,0.1839685272425413,0.08037471771240234
369,273000000,imu2_frame,0.004022537607714022,-0.005041386795000869,-0.9950627716513161,-0.09903779119093198,0.064453125,0.017578125,-0.048828125,-0.0018431395292282104,0.007385276257991791,0.11994457244873047
369,298000000,imu2_frame,0.002565015979844671,-0.0039388388200241615,-0.9950116122585657,-0.09964837034484077,0.064453125,0.017578125,-0.048828125,0.08099839836359024,-0.09114403277635574,-0.04059314727783203
369,323000000,imu2_frame,0.0009171209965204819,-0.0015275920243888739,-0.9950040656748931,-0.09981850851479214,-0.029296875,-0.017578125,-0.013671875,0.044255634769797325,-0.04745269753038883,-0.040963172912597656
369,347000000,imu2_frame,-0.00041773446516172544,0.001101140158687331,-0.9949699322625045,-0.10016709480570288,-0.060546875,0.00390625,-0.029296875,0.013157040812075138,0.0010667219758033752,-0.04099750518798828
369,373000000,imu2_frame,0.000686770471019964,0.004291609997908833,-0.9949231659429763,-0.10054354429773575,-0.060546875,0.00390625,-0.029296875,-0.08492196863517165,-0.27846863120794296,-0.07581233978271484
369,398000000,imu2_frame,0.0014248719921756085,0.006598093236477823,-0.994764398612773,-0.10197169292512835,0.001953125,-0.017578125,-0.115234375,-0.07528907433152199,-0.23214243352413177,-0.07529067993164062
369,423000000,imu2_frame,0.003687822313803726,0.006383079777291487,-0.9946140016096535,-0.10338589875399219,0.001953125,-0.017578125,-0.115234375,0.004111107438802719,-0.0012607574462890625,0.0772247314453125
369,448000000,imu2_frame,0.0015982743184858217,0.006726255586134096,-0.9945442870306495,-0.1040858498533299,0.0,0.03125,-0.0546875,-0.03730134665966034,0.0012011975049972534,0.07709598541259766
369,473000000,imu2_frame,0.004090013066282565,0.006387771292567812,-0.994433997113108,-0.10508802765624055,-0.005859375,0.001953125,-0.08203125,0.011694051325321198,-0.00024312734603881836,0.0772867202758789
369,497000000,imu2_frame,0.00375868415475108,0.004083380987716659,-0.9943441556356626,-0.1060608242770879,-0.005859375,0.001953125,-0.08203125,0.009902939200401306,0.22387827187776566,-0.0013608932495117188
369,523000000,imu2_frame,0.0031065146517067254,0.0014629514999387474,-0.9943113913973304,-0.10645687519898457,0.005859375,-0.01953125,-0.03125,0.0026463083922863007,0.1716170608997345,-0.00173187255859375
369,548000000,imu2_frame,0.0028348036463076787,-0.0009242796539631396,-0.9941934581695709,-0.10756615326503888,-0.0078125,0.001953125,-0.08984375,0.0023465044796466827,0.12471711076796055,-0.0017881393432617188
369,573000000,imu2_frame,0.0006519049907055835,0.00033326890958272723,-0.9940760791122187,-0.10868400475044443,-0.0078125,0.001953125,-0.08984375,0.03539688512682915,-0.011670432053506374,-0.041014671325683594
369,598000000,imu2_frame,0.0031866965193442774,0.0003428211386132881,-0.9939486595188979,-0.10979886010130753,-0.0078125,0.001953125,-0.08984375,-0.10679060965776443,-0.006031157448887825,-0.0017614364624023438
369,622000000,imu2_frame,0.005541566114305176,0.00045673459360676404,-0.993871529753667,-0.11040138035195751,-0.01953125,-0.005859375,-0.05078125,-0.061296381056308746,0.0013007819652557373,-0.0013580322265625
369,648000000,imu2_frame,0.008314438754870253,0.0009663389418368201,-0.9937629028890083,-0.1111990518792873,-0.06640625,0.0078125,-0.0625,-0.008559271693229675,0.017312586307525635,-0.0005931854248046875
369,672000000,imu2_frame,0.006299064349294356,0.0027216950546141,-0.9936902089960289,-0.11194946498211485,-0.06640625,0.0078125,-0.0625,0.13983353972434998,-0.02710007131099701,-0.04010486602783203
369,697000000,imu2_frame,0.004145832829594912,0.003850898106536658,-0.9935509181451799,-0.11324555490963935,-0.03125,0.015625,-0.103515625,0.0954296737909317,-0.009783998131752014,-0.04039955139160156
369,723000000,imu2_frame,0.0008472227191981083,0.0036136734379680793,-0.9934343094458585,-0.11434376412283247,0.068359375,-0.05078125,-0.083984375,0.03181265853345394,-0.021683111786842346,-0.040755271911621094
369,748000000,imu2_frame,-0.001028635331894161,0.005532294370407718,-0.993371360424411,-0.11481147990034771,-0.021484375,-0.001953125,-0.037109375,-0.00895189493894577,0.01136527955532074,-0.040406227111816406
369,773000000,imu2_frame,0.0006531201192553666,0.007660269357653243,-0.9933056210121021,-0.11525986714047726,-0.021484375,-0.001953125,-0.037109375,-0.020202432293444872,-0.021669432520866394,-0.039870262145996094
369,798000000,imu2_frame,0.0022737755503041564,0.008771835938001545,-0.993276208399673,-0.1154134249825078,0.044921875,-0.015625,-0.013671875,0.008732698857784271,0.003566175699234009,-0.039420127868652344
369,823000000,imu2_frame,0.0029497364977430435,0.01055559546350116,-0.9932380553688888,-0.11557700388067219,0.044921875,-0.015625,-0.013671875,-0.021265655755996704,-0.073555588722229,-0.07773971557617188
369,848000000,imu2_frame,0.0038402772375182915,0.012772712728166824,-0.9933501532570675,-0.11435726082966127,0.0078125,-0.005859375,0.09765625,-0.008671790361404419,-0.02856197953224182,-0.07661056518554688
369,872000000,imu2_frame,0.00476968617549238,0.014839011452757083,-0.9933796942824326,-0.11381492353919628,0.01171875,0.0,0.044921875,0.004915833473205566,0.013595223426818848,-0.07533836364746094
369,898000000,imu2_frame,0.004784587463311999,0.012086350995433412,-0.9934841369727563,-0.1132267522536903,0.01171875,0.0,0.044921875,-0.023678280413150787,0.19061657786369324,0.0052471160888671875
369,923000000,imu2_frame,0.004158297765038043,0.009565476470126247,-0.9934275383879965,-0.11398656145336773,0.0078125,-0.05078125,-0.0625,-0.03040802851319313,0.14032670855522156,0.004070281982421875
369,948000000,imu2_frame,0.0036132663223554583,0.006557046291290799,-0.9932227901190583,-0.11598464828817089,0.048828125,-0.056640625,-0.162109375,-0.03455926105380058,0.08080737292766571,0.0030393600463867188
369,973000000,imu2_frame,0.0035570006071643477,0.008431052849904707,-0.9929719055081103,-0.1179960167383418,0.048828125,-0.056640625,-0.162109375,-0.04024927690625191,-0.15236973762512207,0.03873634338378906
369,998000000,imu2_frame,0.00028199834201048335,0.008226972895886326,-0.9927366088615642,-0.12002609224642377,0.048828125,-0.056640625,-0.162109375,0.04867035988718271,-0.01156751811504364,-0.03970050811767578
370,22000000,imu2_frame,-0.001361057453549564,0.009390827437002919,-0.9926493834269402,-0.12065306239284732,-0.03125,0.046875,-0.05078125,0.013943210244178772,0.007129698991775513,-0.03926563262939453
370,48000000,imu2_frame,-0.0037325833800433703,0.009231843692421714,-0.9924007229922726,-0.12264438791793328,-0.048828125,0.00390625,-0.15234375,-0.03203888237476349,-0.0017383545637130737,-0.03908729553222656
370,73000000,imu2_frame,-0.0013269530088728786,0.010804171807874612,-0.9921584594612585,-0.12451144681000438,-0.048828125,0.00390625,-0.15234375,-0.21999919041991234,-0.11791357398033142,0.07847881317138672
370,98000000,imu2_frame,0.0013342280969414907,0.011593489157832393,-0.9920274327634778,-0.1254806100130052,0.00390625,0.02734375,-0.080078125,-0.1705326959490776,-0.09613317251205444,0.07882499694824219
370,123000000,imu2_frame,0.004299778382024297,0.013396846350572582,-0.9919008925877364,-0.1262325461098536,-0.076171875,0.04296875,-0.0625,-0.11765759065747261,-0.053859859704971313,0.0800323486328125
370,152000000,imu2_frame,0.006825642849989099,0.014798066052216239,-0.9917503633584184,-0.1271441883030604,-0.037109375,-0.021484375,-0.06640625,-0.07242529094219208,-0.02038121223449707,0.08135318756103516
370,172000000,imu2_frame,0.008462820953239514,0.01604641561844344,-0.9916375508289269,-0.12777269267461216,-0.037109375,-0.021484375,-0.06640625,-0.004942953586578369,0.00795668363571167,-0.0306854248046875
370,198000000,imu2_frame,0.008724370731326928,0.013104922690639996,-0.991373300762861,-0.13011965605228393,0.064453125,-0.0703125,-0.185546875,0.006827294826507568,-0.04807436466217041,-0.03227424621582031
370,222000000,imu2_frame,0.007206768797727318,0.010130381741944425,-0.9911299682507002,-0.132313354898984,0.064453125,-0.0703125,-0.185546875,0.02357788383960724,0.3867780417203903,-0.03409767150878906
370,248000000,imu2_frame,0.006909679922226852,0.008775036070211259,-0.9907121051503273,-0.13551671400216836,-0.091796875,0.005859375,-0.25,0.020721644163131714,0.3601124584674835,-0.03468036651611328
370,273000000,imu2_frame,0.00656389889737919,0.006454716786681367,-0.990604128348414,-0.13645040403585298,-0.01171875,0.009765625,-0.076171875,0.02004019170999527,0.31436827778816223,-0.035462379455566406
370,298000000,imu2_frame,0.004826748235555131,0.00493024139622037,-0.9904919783381742,-0.13739736558237028,-0.01171875,0.009765625,-0.076171875,0.1427108719944954,0.1670129969716072,0.0028743743896484375
370,323000000,imu2_frame,0.0027672483588815507,0.0028012664521344464,-0.9905242933704815,-0.13728116945048485,0.0390625,-0.009765625,0.009765625,0.10856220126152039,0.12025747075676918,0.0022459030151367188
370,348000000,imu2_frame,0.001129901976198457,0.0012503592295918253,-0.9905404081153064,-0.13721100471202513,-0.0078125,0.021484375,0.005859375,0.08102388121187687,0.08583402074873447,0.0019989013671875
370,372000000,imu2_frame,0.003361127409108484,0.002688984574067725,-0.9905423689593533,-0.13713966414168055,-0.0078125,0.021484375,0.005859375,-0.0319729708135128,-0.03267497196793556,-0.04066276550292969
370,398000000,imu2_frame,0.006100936811881288,0.0018760037259768205,-0.9905430377033478,-0.13705382022206367,-0.0078125,0.021484375,0.005859375,0.023258574306964874,-0.0020192712545394897,0.037896156311035156
370,423000000,imu2_frame,0.003202076591885317,0.001061066137413084,-0.9906523030741643,-0.1363694806692676,0.111328125,-0.021484375,0.056640625,-0.030665747821331024,-0.025604980066418648,0.037322998046875
370,447000000,imu2_frame,0.005138581512209754,0.0021386404854520373,-0.990642258721058,-0.13637058492562393,0.017578125,-0.005859375,0.0,0.0039600953459739685,0.00042333826422691345,0.037705421447753906
370,473000000,imu2_frame,0.005954398400732897,0.004357420753867185,-0.9906290789799544,-0.13638029880956515,0.017578125,-0.005859375,0.0,-0.025221630930900574,-0.11068698763847351,-0.07511711120605469
370,497000000,imu2_frame,0.006888931086007325,0.005951594743384952,-0.9905779145125038,-0.13664741647232767,0.052734375,0.013671875,-0.021484375,-0.011413127183914185,-0.07729607820510864,-0.07456111907958984
370,523000000,imu2_frame,0.007811978963299738,0.008752253483554068,-0.9905665529310289,-0.13652939338463232,-0.025390625,0.009765625,0.009765625,-0.001002475619316101,-0.020621448755264282,-0.07349109649658203
370,547000000,imu2_frame,0.008167105094655068,0.01119362334535564,-0.9904450485556304,-0.13721008338460441,-0.005859375,-0.015625,-0.056640625,-0.0008100271224975586,0.02768002450466156,-0.07242774963378906
370,573000000,imu2_frame,0.009378340408407494,0.013486420580612285,-0.9903053292261687,-0.13793302033000182,-0.005859375,-0.015625,-0.056640625,-0.022788211703300476,-0.03786754608154297,0.0072174072265625
370,598000000,imu2_frame,0.01063931902391389,0.015632298796016873,-0.9900702046697915,-0.1392961806733283,-0.01171875,-0.025390625,-0.111328125,-0.004629805684089661,0.007283061742782593,0.008933067321777344
370,623000000,imu2_frame,0.00967564250295109,0.013419429938223417,-0.9899200370093296,-0.14065781588570123,-0.01171875,-0.025390625,-0.111328125,0.02142252027988434,0.23158308863639832,-0.031768798828125
370,647000000,imu2_frame,0.009309986242762946,0.011172282288743628,-0.9900152990209741,-0.140207745752621,-0.009765625,0.013671875,0.037109375,0.020641043782234192,0.18703393638134003,-0.03298473358154297
370,673000000,imu2_frame,0.008385458286833555,0.008922467175694206,-0.9901144377533633,-0.13972642492084206,-0.009765625,0.013671875,0.037109375,0.08323453366756439,0.254181370139122,0.004874229431152344
370,698000000,imu2_frame,0.009792222345620582,0.011198473027150558,-0.9901426487692502,-0.13927039050569004,-0.009765625,0.013671875,0.037109375,-0.08705656230449677,-0.2331642508506775,-0.03669929504394531
370,722000000,imu2_frame,0.01130581842800522,0.013804506940725278,-0.9899855537125433,-0.14003648631076765,-0.044921875,0.025390625,-0.064453125,-0.06509765982627869,-0.17847847938537598,-0.034801483154296875
370,747000000,imu2_frame,0.012088260683863272,0.015153823439361912,-0.9899142666181417,-0.1403352426679564,0.072265625,-0.021484375,-0.0234375,-0.053755179047584534,-0.15017607808113098,-0.033679962158203125
370,772000000,imu2_frame,0.00978312904957361,0.012686206387212358,-0.9899301421422573,-0.14064730438835596,0.072265625,-0.021484375,-0.0234375,0.09974163770675659,0.10050362348556519,0.0030546188354492188
370,798000000,imu2_frame,0.008151769264366601,0.009502692328158355,-0.989937185110584,-0.14095253467643076,0.072265625,-0.021484375,-0.0234375,0.041714757680892944,0.11259147524833679,0.0011014938354492188
370,823000000,imu2_frame,0.0072058753325116714,0.007495150126608846,-0.9898965912497969,-0.14140946473735283,-0.017578125,0.017578125,-0.037109375,0.028869807720184326,0.07119683921337128,0.0001506805419921875
370,848000000,imu2_frame,0.005868971755731511,0.005497238943069394,-0.9898500386452131,-0.14188811271069618,-0.01171875,-0.0078125,-0.0390625,0.008466921746730804,0.028892412781715393,-0.000698089599609375
370,872000000,imu2_frame,0.005859624920320215,0.0032521795753902203,-0.9897954364567432,-0.14233791516390795,-0.01171875,-0.0078125,-0.0390625,-0.024584583938121796,0.13781916350126266,-0.040146827697753906
370,898000000,imu2_frame,0.005944766137894394,0.0007554647513995487,-0.9897624091614773,-0.14259895665622405,-0.0078125,-0.001953125,-0.021484375,-0.01599840819835663,0.08978022262454033,-0.04032325744628906
370,922000000,imu2_frame,0.00614956617776344,-0.001514282011124384,-0.9896619705978711,-0.14327970455774458,-0.01171875,0.0078125,-0.05859375,-0.0057013556361198425,0.04652300197631121,-0.04024028778076172
370,948000000,imu2_frame,0.00557084557691072,-0.004900976025798792,-0.9895100390801267,-0.1442734510337876,0.06640625,-0.033203125,-0.078125,-0.007332958281040192,-0.020490892231464386,-0.03994941711425781
370,973000000,imu2_frame,0.005134992739020185,-0.0031561558475054832,-0.9893748550866397,-0.14526206198497654,0.06640625,-0.033203125,-0.078125,0.018426045775413513,-0.25739526003599167,-0.0012521743774414062
370,997000000,imu2_frame,0.0052319017563692925,-0.0006949906967287111,-0.9891719119714364,-0.14666653591980672,-0.00390625,-0.0078125,-0.1171875,0.013310164213180542,-0.2093760798452422,-0.0014181137084960938
371,23000000,imu2_frame,0.006804567877231116,0.0013756488456614926,-0.9889355923751978,-0.14818299355787778,-0.00390625,-0.0078125,-0.1171875,-0.07947760820388794,-0.12557268142700195,0.0028848648071289062
371,48000000,imu2_frame,0.00864820378431004,0.0035474705246502755,-0.9885538119049083,-0.15057883314881007,-0.0234375,0.013671875,-0.193359375,-0.05036003887653351,-0.07787075638771057,0.0036516189575195312
371,73000000,imu2_frame,0.006409689469023176,0.0032881832533962017,-0.9882041272365838,-0.15297289512977336,-0.0234375,0.013671875,-0.193359375,0.059293538331985474,0.027995139360427856,0.08108329772949219
371,98000000,imu2_frame,0.006505158715051409,0.006064882449671161,-0.987815681573139,-0.15537399830460216,-0.0234375,0.013671875,-0.193359375,0.017344489693641663,-0.07407385110855103,0.11677074432373047
371,123000000,imu2_frame,0.007106785351506194,0.009538622221678911,-0.9876415488123481,-0.156277571479806,-0.087890625,0.0546875,-0.072265625,0.018218472599983215,-0.005079194903373718,0.11799049377441406
371,148000000,imu2_frame,0.0049198004285761305,0.010961605295711883,-0.9876209676496829,-0.15639841121887382,-0.05859375,0.0078125,-0.0078125,-0.028377309441566467,0.01571883261203766,0.11804676055908203
371,172000000,imu2_frame,0.003991117442271157,0.009520906275972999,-0.9876248310920203,-0.1564947805382172,-0.05859375,0.0078125,-0.0078125,0.03229983523488045,0.10226251184940338,-0.03503608703613281
371,197000000,imu2_frame,0.00392819995121564,0.007740609872067567,-0.9876262419662051,-0.15658562636354162,-0.05859375,0.0078125,-0.0078125,-0.002544950693845749,0.10677069425582886,-0.0004892349243164062
371,223000000,imu2_frame,0.0032564249484151836,0.004696988845599994,-0.9877398776660937,-0.15600406424356328,0.0390625,-0.01953125,0.044921875,-0.006137210875749588,0.045929916203022,-0.001323699951171875
371,248000000,imu2_frame,0.0030156779106670006,0.002299541409167475,-0.9877427016872024,-0.1560447790210015,-0.005859375,-0.015625,-0.00390625,-0.0034762248396873474,-0.0010904259979724884,-0.0016813278198242188
371,273000000,imu2_frame,0.0032685679720459095,0.004864679220624612,-0.9877243306874317,-0.15609707853626736,-0.005859375,-0.015625,-0.00390625,-0.006423965096473694,-0.1421971544623375,0.0026149749755859375
371,298000000,imu2_frame,0.004343924527975462,0.00828998958010773,-0.9876896003424982,-0.15614627682955848,-0.083984375,0.033203125,-0.00390625,0.003875732421875,-0.07278430461883545,0.0036554336547851562
371,323000000,imu2_frame,0.00390554409048306,0.010174722893400809,-0.987543371287364,-0.15696914208145166,0.056640625,-0.046875,-0.06640625,-0.010515298694372177,-0.037700966000556946,0.004265785217285156
371,347000000,imu2_frame,0.005222401679676557,0.012975105930984198,-0.9872280900400062,-0.15869805097334252,-0.0546875,0.01953125,-0.146484375,0.005841769278049469,0.02049371600151062,0.005767822265625
371,373000000,imu2_frame,0.00511042665746655,0.011085228091677128,-0.9869480981436223,-0.16057538051712936,-0.0546875,0.01953125,-0.146484375,0.00910879671573639,0.32755346596241,-0.07326889038085938
371,398000000,imu2_frame,0.004407941155282482,0.008295395379974757,-0.986865464457859,-0.16127092586897235,0.029296875,-0.013671875,-0.056640625,0.0041932351887226105,0.271573469042778,-0.07445621490478516
371,422000000,imu2_frame,0.004116157861031366,0.005578489232168208,-0.9867771339834451,-0.16193463357098106,0.029296875,-0.013671875,-0.056640625,-0.02810640260577202,0.1792246326804161,-0.0400848388671875
371,447000000,imu2_frame,0.004126825680560029,0.0030730058128253905,-0.9867815092519717,-0.16197462438134458,0.0,0.001953125,-0.00390625,-0.01997191458940506,0.13093440234661102,-0.04050731658935547
371,472000000,imu2_frame,0.00417926406632692,0.0055694845126184386,-0.9867610664608757,-0.16203120783084532,0.0,0.001953125,-0.00390625,0.008283749222755432,-0.051211945712566376,-0.00101470947265625
371,498000000,imu2_frame,0.005769402958444262,0.007642041168241789,-0.9867315024913909,-0.1620779293653778,0.0,0.001953125,-0.00390625,-0.002775944769382477,-0.006198510527610779,-0.03532695770263672
371,523000000,imu2_frame,0.007194595910002158,0.009788180770483984,-0.98669581137389,-0.16212280877198318,-0.005859375,0.001953125,-0.00390625,0.017899945378303528,0.039710476994514465,-0.034234046936035156
371,548000000,imu2_frame,0.005811053895861597,0.007702211195236353,-0.9867150127773918,-0.16217395338042126,0.0,0.0,-0.00390625,-0.0021794959902763367,-0.00489749014377594,-0.03529930114746094
371,572000000,imu2_frame,0.005600941577981553,0.005309365673698093,-0.9867259483783377,-0.16221079768761668,0.0,0.0,-0.00390625,0.0013507604598999023,-0.012647837400436401,-0.03986072540283203
371,598000000,imu2_frame,0.00595380159761399,0.007886590590289014,-0.9866968805922576,-0.16227020602965214,0.0,0.0,-0.00390625,-2.7723610401153564e-05,-0.0008804053068161011,0.0038518905639648438
371,623000000,imu2_frame,0.0063577461592546234,0.010330207756636277,-0.9866665514640769,-0.16230213212852623,0.001953125,0.001953125,-0.001953125,2.0042061805725098e-06,0.04752899706363678,0.0048198699951171875
371,647000000,imu2_frame,0.005946126325493398,0.007989912983664556,-0.9866806374827635,-0.16236417242988851,-0.001953125,-0.001953125,-0.005859375,-0.0005199983716011047,0.0010965168476104736,0.0038824081420898438
371,673000000,imu2_frame,0.0055354279243713,0.005445584325616826,-0.986689495592211,-0.16243012016567276,-0.001953125,-0.001953125,-0.005859375,-0.0003720521926879883,-0.010208368301391602,-0.0007839202880859375
371,697000000,imu2_frame,0.005990222112961459,0.00780502105553062,-0.9866660057687944,-0.162460431938405,0.0,-0.001953125,-0.001953125,0.0009007975459098816,0.03674189746379852,-7.05718994140625e-05
371,723000000,imu2_frame,0.005530128741623488,0.0052452945477312485,-0.9866869384281857,-0.16245242410140365,0.0,0.001953125,0.0,0.00015910714864730835,-0.014086030423641205,-0.0008268356323242188
371,747000000,imu2_frame,0.005898313729408744,0.007642658085659302,-0.9866601975103263,-0.16250678238590252,-0.001953125,0.0,-0.00390625,-0.00036375969648361206,0.033323124051094055,-0.000141143798828125
371,772000000,imu2_frame,0.008405185688594859,0.007653988053391008,-0.9866376257503419,-0.1625329651921335,-0.001953125,0.0,-0.00390625,0.008878663182258606,0.0024432390928268433,-0.034592628479003906
371,798000000,imu2_frame,0.0057840255703902445,0.007550599526302113,-0.986649635582608,-0.16257930403252915,-0.001953125,-0.001953125,-0.001953125,-0.04134993255138397,-0.00787121057510376,-0.03534984588623047
371,822000000,imu2_frame,0.0067962910298746725,0.00974486844860153,-0.9866200954874295,-0.16260269108330305,-0.001953125,-0.001953125,-0.001953125,0.010253600776195526,0.03766222298145294,0.004703521728515625
371,847000000,imu2_frame,0.005794546499872794,0.007415084780623212,-0.9866428090998968,-0.16262658761722104,0.00390625,0.00390625,-0.001953125,-0.0016614720225334167,-0.01044696569442749,0.0036745071411132812
371,872000000,imu2_frame,0.0083290179998816,0.007575356472334061,-0.9866226959975739,-0.16263116914033893,0.00390625,0.00390625,-0.001953125,0.007642537355422974,0.0006985515356063843,0.004421234130859375
371,898000000,imu2_frame,0.0057979152470121085,0.007918801712758687,-0.9866297365592626,-0.1626820201965259,0.00390625,0.00390625,-0.001953125,0.03194843977689743,-0.0007172822952270508,-8.0108642578125e-05
371,923000000,imu2_frame,0.003364336949161484,0.008377610075500858,-0.9866214917497345,-0.1627775442247615,0.0,0.001953125,-0.005859375,-0.01646028459072113,0.00039739906787872314,-0.00036907196044921875
371,948000000,imu2_frame,0.005841498450630654,0.007884152978376087,-0.9866058406991055,-0.16282700060516997,0.001953125,0.001953125,-0.005859375,0.03287406265735626,-0.001234099268913269,-8.0108642578125e-05
371,973000000,imu2_frame,0.005603535810965023,0.005370138067643689,-0.9866136772735757,-0.16289018945370015,0.001953125,0.001953125,-0.005859375,0.0011244788765907288,-0.011404834687709808,-0.00078582763671875
371,998000000,imu2_frame,0.006023796074307082,0.007809829816610607,-0.9865815244938549,-0.16297121207891885,0.001953125,0.001953125,-0.005859375,0.0014451295137405396,-0.2520739883184433,-0.03521728515625
372,23000000,imu2_frame,0.006411707568479339,0.010229844571898856,-0.9865476922737509,-0.16302727120156174,0.00390625,0.0,-0.00390625,0.001201234757900238,-0.2041683793067932,-0.03426933288574219
372,47000000,imu2_frame,0.006776845516526143,0.012649797777802755,-0.9865124153440242,-0.16305616012014157,-0.00390625,-0.001953125,-0.001953125,0.000519096851348877,-0.15634283423423767,-0.03309345245361328
372,73000000,imu2_frame,0.006398299568930522,0.010127478450537422,-0.9865412759000878,-0.1630730109131697,-0.00390625,-0.001953125,-0.001953125,0.0012590959668159485,0.04381948709487915,-0.2843141555786133
372,98000000,imu2_frame,0.00605353818017701,0.007627400060961977,-0.9865634014678839,-0.16308841874250407,0.001953125,-0.001953125,-0.001953125,0.002580292522907257,-0.00548611581325531,-0.2852649688720703
372,198000000,imu2_frame,0.006186199176521154,0.017543844703618996,-0.9864140139627285,-0.16322174337600284,0.001953125,-0.001953125,-0.001953125,-0.026538074016571045,-0.5013649463653564,8.008708000183105
372,248000000,imu2_frame,0.0064035507126939195,0.02253656722711716,-0.9863015400249263,-0.16328003497165988,0.0,0.0,-0.001953125,-0.038316309452056885,-0.40444618463516235,8.012673377990723
372,323000000,imu2_frame,0.012199584765063746,0.017779875882173345,-0.9863573195553343,-0.1632001357376587,0.0,0.0,-0.001953125,-0.0363493412733078,0.022347688674926758,-0.0280303955078125
372,348000000,imu2_frame,0.0141347265315214,0.016192562777501505,-0.9863635787111804,-0.16317138538557835,0.0,0.0,-0.001953125,0.006035566329956055,-0.002089381217956543,-0.02808856964111328
372,423000000,imu2_frame,0.008335606195893124,0.02095022228933603,-0.9863024020546087,-0.16339882972862174,0.0,0.0,-0.001953125,-0.12105284631252289,0.07115665078163147,-0.02718067169189453
372,473000000,imu2_frame,0.012205638677822544,0.017774924542934844,-0.9863334545956578,-0.1633443931922822,0.0,0.0,-0.001953125,-0.03627268970012665,0.02229750156402588,-0.0280303955078125
