timestamp_sec,timestamp_nsec,frame_id,orientation_x,orientation_y,orientation_z,orientation_w,angular_velocity_x,angular_velocity_y,angular_velocity_z,linear_acceleration_x,linear_acceleration_y,linear_acceleration_z
553,466000000,imu2_frame,0.1982531798830588,0.11016323959194535,-0.9475872475097286,0.2250292106945221,-0.005859375,0.00390625,0.01171875,0.05127239227294922,-0.007321000099182129,-0.08238983154296875
553,491000000,imu2_frame,0.19716780375345158,0.11237339168042108,-0.9476509981233773,0.22462115608518693,-0.005859375,0.00390625,0.01171875,0.040242671966552734,-0.07708287239074707,-0.03819561004638672
553,516000000,imu2_frame,0.19693165398849086,0.11481545228135788,-0.9475035299377053,0.2242150671350442,-0.005859375,0.00390625,0.01171875,0.009945869445800781,-0.029580235481262207,-0.02917194366455078
553,541000000,imu2_frame,0.1965413574364599,0.11747518068093951,-0.947362460215343,0.22377543590784663,-0.0234375,0.00390625,0.005859375,0.012824535369873047,0.02275669574737549,-0.020096778869628906
553,566000000,imu2_frame,0.1948744112988274,0.11628167392998978,-0.9477754177792224,0.22410777224896855,-0.0234375,0.00390625,0.005859375,0.014251708984375,0.007629275321960449,-0.03829669952392578
553,591000000,imu2_frame,0.19727289698756972,0.1154325528752878,-0.9472839886837884,0.2245256658695345,0.0078125,0.00390625,0.009765625,0.05398893356323242,-0.021337509155273438,-0.023763656616210938
553,615000000,imu2_frame,0.19617215828127865,0.11734775269306251,-0.9473831574156337,0.22407842890010077,0.0078125,0.00390625,0.009765625,0.006215572357177734,0.020900845527648926,-0.023512840270996094
553,640000000,imu2_frame,0.19472895631383477,0.11913382524118211,-0.9475622876390942,0.22363692964377394,0.0078125,0.00390625,0.009765625,0.022124290466308594,-0.01572859287261963,-0.026284217834472656
553,665000000,imu2_frame,0.19652280588822457,0.11730067695373568,-0.9472787903009446,0.22423699828082264,0.0078125,0.00390625,0.009765625,0.04761648178100586,-0.021419286727905273,-0.06010150909423828
553,690000000,imu2_frame,0.19501608998202694,0.11873499317499167,-0.9474466939485336,0.2240881259010618,0.01953125,0.005859375,0.03515625,0.026308536529541016,0.012704014778137207,-0.06501293182373047
553,715000000,imu2_frame,0.19729284176668768,0.11731728087190706,-0.9469716341253669,0.2248486476685572,0.01953125,0.005859375,0.03515625,-0.012064456939697266,0.011508584022521973,-0.01503753662109375
553,740000000,imu2_frame,0.1968015353552641,0.11934265629437082,-0.9468710637756134,0.22463676158379006,0.01953125,0.005859375,0.03515625,0.02593231201171875,-0.026383280754089355,-0.048514366149902344
553,766000000,imu2_frame,0.1961087950535111,0.12144793705144913,-0.946869885181802,0.22411862846360714,0.021484375,0.005859375,0.01171875,0.02112293243408203,0.01760876178741455,-0.04392433166503906
553,790000000,imu2_frame,0.1968874753236788,0.1189981834852804,-0.946799300581406,0.22504630369422096,0.015625,0.01171875,0.0390625,0.026706218719482422,-0.034873366355895996,-0.049452781677246094
553,816000000,imu2_frame,0.1981403168487325,0.11641939465031832,-0.9466163892330389,0.22606271480220114,0.015625,0.01171875,0.0390625,0.040143489837646484,0.06378328800201416,-0.09461593627929688
553,841000000,imu2_frame,0.1965000956953963,0.11500235571240458,-0.9470022564736928,0.22660294968519618,0.015625,0.01171875,0.0390625,0.04140472412109375,0.004546642303466797,-0.031642913818359375
553,866000000,imu2_frame,0.194489808702795,0.1145399892682353,-0.9474620238426668,0.22664955006604523,0.001953125,0.01171875,0.009765625,0.0039958953857421875,0.005744576454162598,-0.04908180236816406
553,890000000,imu2_frame,0.1967076016401804,0.11509317449336245,-0.947013431846817,0.22632993735633483,0.01171875,0.009765625,-0.025390625,0.04503297805786133,0.0063703060150146484,-0.02965068817138672
553,916000000,imu2_frame,0.1973059473625276,0.11743461230394403,-0.9468067862247649,0.22546925406167928,0.01171875,0.009765625,-0.025390625,0.028542518615722656,0.010850071907043457,-0.05346107482910156
553,940000000,imu2_frame,0.1963759815208539,0.11612918626598583,-0.9471995319196713,0.2253076401502549,-0.01953125,0.017578125,-0.04296875,0.006763458251953125,-0.007685184478759766,-0.06656646728515625
553,965000000,imu2_frame,0.19755734220884796,0.11434265559386889,-0.947153371258873,0.225382663406194,-0.01953125,0.017578125,-0.04296875,0.02073383331298828,-0.007303953170776367,-0.02646160125732422
553,991000000,imu2_frame,0.1959031270398915,0.11599343423670094,-0.9473918996969213,0.2249801689452362,0.001953125,0.013671875,0.009765625,-0.0026111602783203125,0.03263139724731445,-0.03175067901611328
554,16000000,imu2_frame,0.19601812128415477,0.11361958671392978,-0.9475098062535507,0.22559399969091593,0.001953125,0.013671875,0.009765625,0.026051998138427734,0.06420016288757324,-0.002460479736328125
554,40000000,imu2_frame,0.19761403014453807,0.11524138218479486,-0.9470253923884271,0.22541301003650455,0.001953125,0.013671875,0.009765625,-0.09189891815185547,-0.06945347785949707,-0.025903701782226562
554,65000000,imu2_frame,0.19915859175674053,0.11685299154298762,-0.9465542068484313,0.2252029466824616,0.009765625,0.005859375,0.009765625,-0.05851888656616211,-0.0466839075088501,-0.006613731384277344
554,90000000,imu2_frame,0.20069336672656515,0.11818983968887918,-0.9460847083709626,0.22511565679202336,0.03515625,0.00390625,0.02734375,-0.026280879974365234,-0.029447555541992188,0.011524200439453125
554,115000000,imu2_frame,0.20054932150706495,0.11540103747121414,-0.9462842789045929,0.22585091031837337,0.03515625,0.00390625,0.02734375,0.039389610290527344,0.10859858989715576,0.04063987731933594
554,141000000,imu2_frame,0.1992555554989814,0.11312492794307534,-0.9467022064665536,0.22639546495463475,0.03515625,0.00390625,0.02734375,0.008249282836914062,-0.0032050609588623047,0.01645660400390625
554,166000000,imu2_frame,0.19693206968104687,0.11289494840357005,-0.947189066950935,0.22650686966339798,-0.01171875,-0.01171875,0.01171875,-0.033644676208496094,0.0034673213958740234,-0.0025529861450195312
554,191000000,imu2_frame,0.1990742190567245,0.11303338761609757,-0.9467249479602566,0.22650558823268363,0.0078125,-0.01171875,-0.0078125,0.004775047302246094,-0.004487872123718262,0.014629364013671875
554,216000000,imu2_frame,0.19849868678353838,0.11065420746093318,-0.9470338921818514,0.2268936419895829,0.0078125,-0.01171875,-0.0078125,0.024729251861572266,-0.007732272148132324,-0.07836246490478516
554,241000000,imu2_frame,0.19715770413567954,0.10863434772153592,-0.9474861510604676,0.2271506366790223,0.0078125,-0.01171875,-0.0078125,0.0674581527709961,0.035013437271118164,-0.09348392486572266
554,269000000,imu2_frame,0.19546159457239787,0.10805439362142677,-0.9476032897099032,0.22840100349449108,-0.130859375,-0.005859375,0.03515625,0.03656196594238281,0.027274489402770996,-0.10895729064941406
554,290000000,imu2_frame,0.19684750762177633,0.1076162732835023,-0.947071875053587,0.22961850959830796,-0.083984375,-0.01953125,0.068359375,0.060761451721191406,0.0071599483489990234,-0.10018348693847656
554,316000000,imu2_frame,0.19664813147073887,0.11087762890596788,-0.9466043382878666,0.2301649202894471,-0.083984375,-0.01953125,0.068359375,-0.08125448226928711,-0.20421576499938965,-0.009664535522460938
554,341000000,imu2_frame,0.1966073842917411,0.1127940977610777,-0.9464399721658883,0.22994435639705693,0.0234375,-0.033203125,0.025390625,-0.07450485229492188,-0.16808617115020752,-0.0015993118286132812
554,366000000,imu2_frame,0.19779635304401916,0.11408092522367323,-0.9460378925873847,0.22994445201269018,0.0234375,-0.033203125,0.025390625,0.02983856201171875,0.005727291107177734,-0.06485271453857422
554,391000000,imu2_frame,0.1974353035656639,0.11657585888709027,-0.9457185740295166,0.2303166272031809,-0.02734375,-0.03125,0.068359375,0.03401947021484375,0.051331162452697754,-0.05638599395751953
554,416000000,imu2_frame,0.19553351735493546,0.11850850614407149,-0.9457776672169329,0.23070973485313595,-0.02734375,-0.03125,0.068359375,0.08291816711425781,-0.061995625495910645,-0.10508251190185547
554,441000000,imu2_frame,0.19735152593354272,0.11916386300422507,-0.9450875124873134,0.23165047529878888,-0.02734375,-0.03125,0.068359375,0.005702495574951172,0.014800786972045898,-0.12714576721191406
554,465000000,imu2_frame,0.1980314858613293,0.1211644720196905,-0.9445640655416733,0.23216680946063184,-0.02734375,-0.03125,0.068359375,-0.012539863586425781,-0.032681822776794434,-0.06952285766601562
554,491000000,imu2_frame,0.19918621492240676,0.12256339847301402,-0.9438781963582226,0.2332316779067088,0.021484375,-0.0234375,0.119140625,0.015007495880126953,-0.01788318157196045,-0.053893089294433594
554,515000000,imu2_frame,0.19951892681096237,0.12399249722944211,-0.9433438407981739,0.23435113932549648,0.037109375,-0.01953125,0.1484375,0.028300762176513672,0.0013091564178466797,-0.044409751892089844
554,540000000,imu2_frame,0.19880440009632253,0.12099841907813971,-0.9433554229150778,0.2364672052096168,0.037109375,-0.01953125,0.1484375,0.11977338790893555,0.09743714332580566,-0.06820964813232422
554,565000000,imu2_frame,0.19788559257639288,0.11730273560816158,-0.9435196634773444,0.23843658507269955,0.103515625,-0.033203125,0.15234375,0.09090089797973633,0.026294827461242676,-0.09254837036132812
554,591000000,imu2_frame,0.19650380666195114,0.11245218989657246,-0.9438635565402681,0.24054593239126673,0.248046875,-0.0390625,0.208984375,0.048770904541015625,-0.06406974792480469,-0.1249837875366211
554,615000000,imu2_frame,0.19775816743107136,0.10681560665538373,-0.9436490026807534,0.24291704989309923,0.248046875,-0.0390625,0.208984375,0.04951190948486328,0.19923126697540283,-0.1394805908203125
554,641000000,imu2_frame,0.19814168146927083,0.10560530735617663,-0.9433408550263294,0.24432647085596657,0.248046875,-0.0390625,0.208984375,0.017383575439453125,-0.17476308345794678,-0.1024789810180664
554,665000000,imu2_frame,0.1983313232809541,0.10599207446506904,-0.943009163834161,0.2452836791982165,0.1328125,-0.009765625,0.158203125,0.023426532745361328,-0.172934889793396,-0.0994100570678711
554,691000000,imu2_frame,0.19852979010353075,0.10537863057064645,-0.9427301980168277,0.24645697475960454,0.20703125,-0.025390625,0.18359375,0.025477886199951172,-0.19032180309295654,-0.10040473937988281
554,715000000,imu2_frame,0.198742904866419,0.1002826240986401,-0.9426905165664486,0.2485543060275372,0.20703125,-0.025390625,0.18359375,0.0830531120300293,0.050273120403289795,-0.07626152038574219
554,740000000,imu2_frame,0.1980684151334454,0.09610295837595327,-0.9423344216241127,0.25206935978072326,0.12109375,-0.021484375,0.2890625,0.05554771423339844,-0.03774541616439819,-0.09753704071044922
554,766000000,imu2_frame,0.19882572957224612,0.09130802258919528,-0.9416228324342465,0.25588594277416293,0.12109375,-0.021484375,0.2890625,0.04990720748901367,0.0455014705657959,-0.07016754150390625
554,790000000,imu2_frame,0.19876815800849673,0.0888194771691183,-0.9406037875461841,0.2605126382559718,-0.056640625,-0.00390625,0.353515625,0.040477752685546875,-0.019759953022003174,-0.079376220703125
554,815000000,imu2_frame,0.19846927944681017,0.0909809988865262,-0.9394117758364552,0.2642686481164034,-0.056640625,-0.00390625,0.353515625,-0.02619171142578125,-0.18659627437591553,0.03136444091796875
554,840000000,imu2_frame,0.1995316173284386,0.08848680425163022,-0.9380544234189643,0.2690931397560061,-0.056640625,-0.00390625,0.353515625,-0.016510963439941406,0.0456392765045166,0.03088092803955078
554,866000000,imu2_frame,0.2005832711471829,0.08587155040313312,-0.9366211290660398,0.27410452158677523,-0.056640625,-0.00390625,0.353515625,-0.008193016052246094,0.12244260311126709,0.0028486251831054688
554,890000000,imu2_frame,0.20135969369122642,0.08192800814391245,-0.9349377747077813,0.28041653421759655,0.02734375,-0.056640625,0.517578125,-0.011623382568359375,0.018542945384979248,-0.003985404968261719
554,915000000,imu2_frame,0.19986757728171517,0.08204795380767425,-0.9335582232113682,0.2859897353087074,0.02734375,-0.056640625,0.517578125,0.07859945297241211,-0.29975923895835876,0.012041091918945312
554,941000000,imu2_frame,0.1983360204376334,0.08219477393311289,-0.9320797474124152,0.2917776321081782,0.02734375,-0.056640625,0.517578125,0.0941009521484375,-0.39145776629447937,0.039653778076171875
554,966000000,imu2_frame,0.19700361754668974,0.08290869232415464,-0.9312723978687579,0.29503803886683866,0.033203125,-0.041015625,0.32421875,0.07607030868530273,-0.3847152292728424,0.0316619873046875
554,991000000,imu2_frame,0.19571596663966515,0.08359317420651714,-0.930381241179498,0.29849319538253616,0.03515625,-0.046875,0.341796875,0.058812618255615234,-0.3795037269592285,0.024003982543945312
555,15000000,imu2_frame,0.19451100163038026,0.08420991516030477,-0.9293725894438005,0.30222632318175985,0.033203125,-0.0546875,0.37890625,0.04280662536621094,-0.37711119651794434,0.01683521270751953
555,40000000,imu2_frame,0.19549908426465767,0.08475584520254886,-0.9278213329567265,0.30617663017625174,0.033203125,-0.0546875,0.37890625,0.025516033172607422,-0.043042153120040894,-0.08320808410644531
555,65000000,imu2_frame,0.1950328845200233,0.08590116024017817,-0.926692591364148,0.3095545278880456,0.01953125,-0.05859375,0.3359375,0.025295257568359375,-0.03425219655036926,-0.08294391632080078
555,91000000,imu2_frame,0.19474718814051964,0.08664940081781668,-0.9256471086702073,0.3126385201151006,0.060546875,-0.064453125,0.30859375,0.025890350341796875,-0.03248056769371033,-0.0825967788696289
555,116000000,imu2_frame,0.19649310491201155,0.0835143093678499,-0.9242615467227163,0.316474980215783,0.060546875,-0.064453125,0.30859375,-0.038866519927978516,0.035470545291900635,-0.07576847076416016
555,141000000,imu2_frame,0.19871781881745787,0.08152268237703399,-0.9226362331095744,0.3203243076880997,0.056640625,-0.0546875,0.33203125,-0.011181831359863281,-0.031816452741622925,-0.06500816345214844
555,166000000,imu2_frame,0.20033996102754334,0.0780980935557425,-0.9211347949241057,0.3244615191029076,0.056640625,-0.0546875,0.33203125,-0.002921581268310547,-0.008947446942329407,-0.06303691864013672
555,190000000,imu2_frame,0.2018092406006612,0.07827378193327424,-0.9195789239019162,0.3279037178585205,0.013671875,-0.056640625,0.3359375,0.023765087127685547,-0.031062252819538116,-0.05095386505126953
555,215000000,imu2_frame,0.2000824041302717,0.07897240854849641,-0.9186619754919705,0.33134659351001383,0.013671875,-0.056640625,0.3359375,0.07708358764648438,-0.21372215449810028,-0.06627178192138672
555,241000000,imu2_frame,0.19744631178031236,0.07774939156303697,-0.9178828584419018,0.3353521198001482,0.013671875,-0.056640625,0.3359375,0.024919986724853516,-0.043847352266311646,-0.0514373779296875
555,266000000,imu2_frame,0.19706495314481717,0.0741278418031926,-0.9166487011148824,0.3397434709542346,0.013671875,-0.056640625,0.3359375,-0.004063606262207031,-0.04690484516322613,-0.033881187438964844
555,291000000,imu2_frame,0.19703299468450772,0.07447351925669145,-0.9156476412654171,0.3423756576923307,0.095703125,-0.0625,0.291015625,-0.0023818016052246094,-0.05209379270672798,-0.033127784729003906
555,315000000,imu2_frame,0.1953075346594181,0.07109342473591387,-0.9150377185799146,0.3456973610553661,0.095703125,-0.0625,0.291015625,0.059710025787353516,-0.03644819185137749,-0.08331584930419922
555,340000000,imu2_frame,0.19440996625786236,0.07130909936791224,-0.9142011704072023,0.34836187706615573,0.095703125,-0.0625,0.291015625,0.010473251342773438,-0.0768793523311615,-0.06221294403076172
555,366000000,imu2_frame,0.19389650650369242,0.07225039657274407,-0.9135468391285468,0.3501659573387823,0.068359375,-0.05078125,0.20703125,0.007770538330078125,-0.06432382017374039,-0.06347084045410156
555,391000000,imu2_frame,0.19203532198141476,0.06932075868264789,-0.9131868448307386,0.35271355794077014,0.068359375,-0.05078125,0.20703125,-0.008236408233642578,-0.03973215073347092,-0.042644500732421875
555,415000000,imu2_frame,0.1922919249579276,0.07050329134835875,-0.9125657326885463,0.3539447485521433,0.046875,-0.046875,0.162109375,0.003828287124633789,-0.025876060128211975,-0.0374908447265625
555,440000000,imu2_frame,0.19224997634534097,0.07189772868473383,-0.9120848213514375,0.3549252623659075,0.044921875,-0.04296875,0.13671875,0.012302398681640625,-0.005072485655546188,-0.033924102783203125
555,466000000,imu2_frame,0.19270762369643038,0.0683607782256143,-0.9114556594463402,0.3569862135053687,0.044921875,-0.04296875,0.13671875,-0.0036842823028564453,0.03727655112743378,-0.0011129379272460938
555,490000000,imu2_frame,0.19357274392249568,0.06544236471205206,-0.9107989063372957,0.3587370094177583,0.033203125,-0.041015625,0.125,-0.00888514518737793,-0.02822035551071167,-0.0022144317626953125
555,516000000,imu2_frame,0.1957297737406294,0.0647251112212369,-0.9098494453717065,0.36010346069655963,0.033203125,-0.041015625,0.125,0.022564411163330078,-0.023481279611587524,-0.06575489044189453
555,541000000,imu2_frame,0.19682405565053812,0.06180356355515664,-0.9091072712754782,0.3618902871910373,0.033203125,-0.041015625,0.125,0.020780563354492188,0.022365659475326538,-0.09582996368408203
555,565000000,imu2_frame,0.19572495993104821,0.05887942078032772,-0.9088335023031517,0.36365728228642635,0.033203125,-0.041015625,0.125,0.059694528579711914,0.010162651538848877,-0.08381366729736328
555,591000000,imu2_frame,0.19420404606747513,0.05625141210080189,-0.9086423721919559,0.3653622949690662,0.0234375,-0.025390625,0.111328125,0.015147924423217773,-0.032396018505096436,-0.1013193130493164
555,615000000,imu2_frame,0.19574272997994452,0.057130468804530175,-0.9079222881873609,0.3661939538097261,0.0234375,-0.025390625,0.111328125,0.007829427719116211,-0.03175434470176697,-0.11499404907226562
555,640000000,imu2_frame,0.19794688024778423,0.056459717929389745,-0.907010184928125,0.367371552094268,0.0234375,-0.025390625,0.111328125,0.03991556167602539,-0.02593618631362915,-0.06827163696289062
555,666000000,imu2_frame,0.1993132048257817,0.0537221207381662,-0.906201130008457,0.3690361663805669,0.0234375,-0.025390625,0.111328125,0.004025697708129883,-0.01740124821662903,-0.02839946746826172
555,691000000,imu2_frame,0.1993533200202861,0.055673269696630494,-0.9056511723029016,0.37007390470628426,0.00390625,-0.021484375,0.13671875,0.017800569534301758,0.012228608131408691,-0.02391338348388672
555,716000000,imu2_frame,0.19704522627294999,0.05456042745496903,-0.9055122663213077,0.3718116110352421,0.00390625,-0.021484375,0.13671875,0.20070219039916992,-0.03668197989463806,-0.005127906799316406
555,741000000,imu2_frame,0.19483069077685977,0.053165189308798246,-0.9053362617905387,0.3736050289601366,0.00390625,-0.021484375,0.13671875,0.1525566577911377,-0.013233602046966553,-0.021123886108398438
555,765000000,imu2_frame,0.19262742119162693,0.05171750340417747,-0.9052188850361826,0.3752315906484326,0.029296875,-0.03125,0.13671875,0.10419487953186035,-0.029005825519561768,-0.04077911376953125
555,791000000,imu2_frame,0.1938256463790769,0.04872233394559178,-0.9043172001088923,0.3771845099786586,0.029296875,-0.03125,0.13671875,-0.02315211296081543,0.045484185218811035,0.0014495849609375
555,815000000,imu2_frame,0.19528251649640074,0.046285218494560174,-0.9033017010870336,0.3791681079851197,0.02734375,-0.041015625,0.162109375,-0.017454862594604492,-0.016827166080474854,0.00800323486328125
555,840000000,imu2_frame,0.19560611483394041,0.04774957136212394,-0.9025616387741662,0.380579445697736,0.0234375,-0.04296875,0.171875,-0.002397298812866211,0.0005431771278381348,0.0131683349609375
555,866000000,imu2_frame,0.19350949271387655,0.04525285204650717,-0.902143744711134,0.3829398379508815,0.0234375,-0.04296875,0.171875,0.05975961685180664,-0.002054274082183838,-0.007312774658203125
555,891000000,imu2_frame,0.19117253446212149,0.04326779764931508,-0.901843541647462,0.38504439502824767,0.04296875,-0.046875,0.171875,0.0043485164642333984,-0.027684926986694336,-0.028319358825683594
555,916000000,imu2_frame,0.1906695202214219,0.04414475116410737,-0.9013639874888364,0.38631507485654315,0.078125,-0.056640625,0.16796875,0.0013728141784667969,-0.013586103916168213,-0.030579566955566406
555,941000000,imu2_frame,0.1914390399291453,0.04033045110536577,-0.9004576354431361,0.38845925845164375,0.078125,-0.056640625,0.16796875,0.05864238739013672,0.1351296305656433,-0.18738079071044922
555,965000000,imu2_frame,0.19243615346143458,0.03680696408292681,-0.8995263380006974,0.39046887389268364,0.078125,-0.056640625,0.16796875,0.012221574783325195,0.17449885606765747,-0.1461496353149414
555,991000000,imu2_frame,0.19365657368031924,0.03379043310703507,-0.8981890370975345,0.39320705962462293,0.021484375,-0.0390625,0.208984375,0.0074002742767333984,0.10089600086212158,-0.14110183715820312
556,16000000,imu2_frame,0.19524464469027236,0.030992460738797505,-0.8968111897117773,0.3957886887025321,0.037109375,-0.033203125,0.21484375,0.010079383850097656,0.028879225254058838,-0.13257408142089844
556,41000000,imu2_frame,0.19563330451738206,0.03226964124770702,-0.8958674641417143,0.3976276739735903,0.037109375,-0.033203125,0.21484375,0.02432990074157715,-0.03749269247055054,-0.09286785125732422
556,65000000,imu2_frame,0.19373879300403596,0.029918237048954778,-0.8952127341775327,0.40020537195745903,0.037109375,-0.033203125,0.21484375,0.007083892822265625,-0.03503274917602539,-0.06717205047607422
556,91000000,imu2_frame,0.1941039710982259,0.03122898297299515,-0.8941194168972356,0.4023665832965242,0.037109375,-0.03125,0.236328125,0.02087712287902832,-0.023814499378204346,-0.06284141540527344
556,116000000,imu2_frame,0.19350665017451305,0.0328023286046919,-0.8931782431095676,0.4046131604533579,0.009765625,-0.029296875,0.2421875,0.02070164680480957,-0.0007219314575195312,-0.06539535522460938
556,141000000,imu2_frame,0.1928798447625681,0.029572053705150265,-0.8919825748914946,0.4077866417797019,0.009765625,-0.029296875,0.2421875,0.020602941513061523,-0.02575695514678955,-0.0740671157836914
556,165000000,imu2_frame,0.1930127964525695,0.030573909147529502,-0.8908399053618202,0.4101409020080063,0.0546875,-0.02734375,0.2734375,0.02799391746520996,-0.018911123275756836,-0.07188796997070312
556,191000000,imu2_frame,0.19411737316057456,0.02678372370679211,-0.8891373126563425,0.41356488828706645,0.0546875,-0.02734375,0.2734375,0.01217031478881836,0.08375740051269531,-0.0677804946899414
556,215000000,imu2_frame,0.19544235743932972,0.023206934287084376,-0.8871864989192216,0.41732941335952584,0.0625,-0.03125,0.337890625,0.0005364418029785156,-0.004384517669677734,-0.061186790466308594
556,241000000,imu2_frame,0.19733928264873796,0.022648514806184284,-0.8851817090373708,0.4207108202630819,0.015625,-0.05078125,0.3203125,0.02263021469116211,-0.04347038269042969,-0.04712486267089844
556,265000000,imu2_frame,0.19476880915031913,0.02145076995813518,-0.8840980684210547,0.42423528950869926,0.015625,-0.05078125,0.3203125,0.11803555488586426,-0.09600317478179932,0.037616729736328125
556,291000000,imu2_frame,0.19219247167853717,0.019892603630546478,-0.8832925954907763,0.42715398734187215,0.08984375,-0.0703125,0.267578125,0.058699846267700195,-0.11284470558166504,0.016870498657226562
556,316000000,imu2_frame,0.19019053010873777,0.01886288733502452,-0.8826062366203906,0.4295090043493089,0.12890625,-0.078125,0.251953125,0.013849496841430664,-0.12291514873504639,0.0011262893676757812
556,341000000,imu2_frame,0.18880684290564506,0.0143971938780398,-0.8815504498364486,0.4324505766831586,0.12890625,-0.078125,0.251953125,0.027539491653442383,-0.04715168476104736,-0.07843494415283203
556,365000000,imu2_frame,0.18710328807391138,0.010433550406330937,-0.8805976855448435,0.43523696629642394,0.12890625,-0.078125,0.251953125,0.03988814353942871,-0.03331255912780762,-0.022563934326171875
556,391000000,imu2_frame,0.18449838557232875,0.010058417769537016,-0.8799016805096931,0.4377581599346791,0.029296875,-0.044921875,0.22265625,-0.010152101516723633,-0.026839256286621094,-0.041634559631347656
556,416000000,imu2_frame,0.18521760870872028,0.011042686646549928,-0.8787737577143062,0.43969214144504276,0.044921875,-0.044921875,0.2265625,0.0069522857666015625,-0.023300647735595703,-0.036034584045410156
556,441000000,imu2_frame,0.18725064604373956,0.010339642319946734,-0.8772859251989056,0.4418140930309921,0.044921875,-0.044921875,0.2265625,-0.08638191223144531,-0.021851301193237305,-0.1348104476928711
556,466000000,imu2_frame,0.1887761613281656,0.0106529053399977,-0.8757632661616026,0.4441720141611598,-0.00390625,-0.048828125,0.24609375,-0.06264352798461914,-0.03867208957672119,-0.12346935272216797
556,491000000,imu2_frame,0.1901185600508867,0.01128987740602942,-0.8743757727097612,0.4463120879950956,0.001953125,-0.048828125,0.232421875,-0.03881549835205078,-0.047683000564575195,-0.11325359344482422
556,516000000,imu2_frame,0.1913892851889053,0.011760240108438503,-0.8731273372756556,0.44819693346719297,0.046875,-0.052734375,0.22265625,-0.01722860336303711,-0.05806899070739746,-0.10356426239013672
556,541000000,imu2_frame,0.189527322287618,0.008654690886839424,-0.8721470746369011,0.4509589456197031,0.046875,-0.052734375,0.22265625,0.07298898696899414,-0.030949711799621582,-0.11866283416748047
556,565000000,imu2_frame,0.187181572774878,0.006775682387704201,-0.8714093118896569,0.4533905161047139,0.07421875,-0.056640625,0.2265625,0.014061927795410156,-0.05130195617675781,-0.13650226593017578
556,591000000,imu2_frame,0.18891872259958395,0.0035145258912061663,-0.8697523040028833,0.45588188606346014,0.07421875,-0.056640625,0.2265625,-0.02638387680053711,0.0598599910736084,-0.15954875946044922
556,616000000,imu2_frame,0.19085156530097444,0.0013490734775395976,-0.8679667242410259,0.45848405166725603,0.044921875,-0.046875,0.25390625,-0.019414424896240234,-0.0039327144622802734,-0.14540672302246094
556,641000000,imu2_frame,0.19294775062476924,0.0003702820759664496,-0.8662457678824336,0.46085713409450335,0.05078125,-0.04296875,0.255859375,0.0009038448333740234,-0.04828751087188721,-0.1297140121459961
556,666000000,imu2_frame,0.19052339650789404,-0.001511644709247521,-0.8652144827777193,0.4637913853286332,0.05078125,-0.04296875,0.255859375,0.09134697914123535,-0.06922769546508789,-0.030651092529296875
556,690000000,imu2_frame,0.18834466890432006,-0.0026687383026605086,-0.864246238769525,0.4664735815712644,0.072265625,-0.0390625,0.26171875,0.04030418395996094,-0.07886922359466553,-0.046690940856933594
556,715000000,imu2_frame,0.18667345730380272,-0.0026997706102231157,-0.8631730233183893,0.46912478445749245,0.076171875,-0.0390625,0.2734375,0.007729291915893555,-0.07377076148986816,-0.05893898010253906
556,741000000,imu2_frame,0.18722488014484495,-0.0069459889810074005,-0.8612628487089945,0.472360987937712,0.076171875,-0.0390625,0.2734375,0.04486870765686035,0.0684213638305664,-0.09317493438720703
556,765000000,imu2_frame,0.1879631131978029,-0.010792293490235406,-0.859444999410645,0.4752974726066265,0.076171875,-0.0390625,0.2734375,0.014482975006103516,0.06457197666168213,-0.051270484924316406
556,791000000,imu2_frame,0.1890896014935926,-0.014654230660104227,-0.8570105088868686,0.4791277113549427,0.056640625,-0.03515625,0.3359375,-0.012571334838867188,-0.0242307186126709,-0.04104900360107422
556,815000000,imu2_frame,0.19019480159604413,-0.014260927533254046,-0.8550941596591016,0.4821167301687709,0.064453125,-0.033203125,0.349609375,0.0016722679138183594,-0.0385737419128418,-0.03307533264160156
556,840000000,imu2_frame,0.19158580783675963,-0.017895971880912312,-0.8526042486052302,0.4858401050616186,0.064453125,-0.033203125,0.349609375,-0.019967317581176758,0.02683401107788086,-0.05556774139404297
556,865000000,imu2_frame,0.1934087834707291,-0.020506179553909053,-0.8497730074463801,0.48995752355894084,0.0546875,-0.05859375,0.4140625,-0.026732683181762695,-0.048407793045043945,-0.03989124298095703
556,890000000,imu2_frame,0.1934764886651508,-0.01969713124173611,-0.847580863593008,0.4937464440637323,0.021484375,-0.056640625,0.40625,-0.02759552001953125,-0.049112558364868164,-0.04001140594482422
556,915000000,imu2_frame,0.1936246943281424,-0.01891384857031449,-0.8453963483576163,0.4974502570732078,0.02734375,-0.052734375,0.400390625,-0.027217626571655273,-0.050776004791259766,-0.039481163024902344
556,940000000,imu2_frame,0.19084579014124137,-0.02051626881667869,-0.8433773628336396,0.5018681011570495,0.02734375,-0.052734375,0.400390625,0.2105851173400879,-0.18310546875,-0.06303215026855469
556,966000000,imu2_frame,0.1882179248841754,-0.022256267959691163,-0.8415646594097471,0.5058137951078022,0.080078125,-0.064453125,0.361328125,0.14180850982666016,-0.19973969459533691,-0.08104896545410156
556,990000000,imu2_frame,0.18633654540283154,-0.025894908959048533,-0.8395344196952983,0.5096960895320073,0.080078125,-0.064453125,0.361328125,-0.012607097625732422,-0.05879092216491699,-0.067962646484375
557,15000000,imu2_frame,0.18641604873154805,-0.025447873742000346,-0.8375564389480308,0.5129334012072349,0.07421875,-0.056640625,0.365234375,-0.015674591064453125,-0.06305289268493652,-0.06783485412597656
557,41000000,imu2_frame,0.18652319858554994,-0.024750980674088173,-0.8353813054447448,0.5164635126110273,0.05859375,-0.04296875,0.376953125,-0.0165712833404541,-0.06453609466552734,-0.06773757934570312
557,65000000,imu2_frame,0.18610261531754643,-0.02879296747770833,-0.8328584353495,0.5204648002151344,0.05859375,-0.04296875,0.376953125,0.041512489318847656,-0.06130337715148926,-0.17985153198242188
557,91000000,imu2_frame,0.18624739799122597,-0.02850180567122772,-0.8306646103890124,0.5239235238679855,0.083984375,-0.060546875,0.37890625,0.03691911697387695,-0.06940722465515137,-0.1791229248046875
557,116000000,imu2_frame,0.18618094411203817,-0.02800558758829251,-0.8285591281005882,0.5272969887592548,0.068359375,-0.0546875,0.37890625,0.03141307830810547,-0.07179427146911621,-0.18015575408935547
557,141000000,imu2_frame,0.18438980473587577,-0.03181148741562899,-0.8261359121825859,0.5314958925336277,0.068359375,-0.0546875,0.37890625,0.10417962074279785,-0.054386138916015625,-0.15352153778076172
557,166000000,imu2_frame,0.18247685894345697,-0.035505900135754054,-0.8237050807098427,0.5356785108798662,0.068359375,-0.0546875,0.37890625,0.023332834243774414,-0.06834173202514648,-0.12331581115722656
557,190000000,imu2_frame,0.18183904209126864,-0.035573868995662214,-0.8217153026086864,0.5389369388664357,0.109375,-0.064453125,0.380859375,0.0030121803283691406,-0.07295489311218262,-0.1277637481689453
557,215000000,imu2_frame,0.18203607579585623,-0.03536446047236766,-0.8193582310447862,0.5424613454095162,0.091796875,-0.0546875,0.40234375,-0.002444744110107422,-0.08257412910461426,-0.12665462493896484
557,241000000,imu2_frame,0.18264832267281222,-0.04008974644152433,-0.8161702980827913,0.5467160570008075,0.091796875,-0.0546875,0.40234375,0.05581355094909668,0.05303788185119629,-0.19344711303710938
557,265000000,imu2_frame,0.18362998323225718,-0.04423687027618957,-0.8131753269618976,0.5505170444107059,0.091796875,-0.05859375,0.40234375,0.013116836547851562,-0.03466677665710449,-0.17958354949951172
557,290000000,imu2_frame,0.18591336127646466,-0.04648924774504242,-0.8102202064623449,0.5539117158745624,0.12109375,-0.0625,0.40234375,0.011346578598022461,-0.10468769073486328,-0.15909576416015625
557,316000000,imu2_frame,0.18584397057819552,-0.04676948409999598,-0.8076781217727234,0.5576115902368213,0.1328125,-0.056640625,0.4140625,-0.0053882598876953125,-0.11950922012329102,-0.15908527374267578
557,341000000,imu2_frame,0.18719453505907127,-0.05148351362761146,-0.8043710491877355,0.5615112368396517,0.1328125,-0.056640625,0.4140625,-0.012423515319824219,0.049952030181884766,-0.09721851348876953
557,366000000,imu2_frame,0.18883695173790518,-0.05474642670381418,-0.8008478728801303,0.5656731555632374,0.06640625,-0.05078125,0.44921875,-0.03987455368041992,-0.030966997146606445,-0.07837104797363281
557,390000000,imu2_frame,0.18944079154922713,-0.058836618570239044,-0.7974074458740612,0.5699050833928653,0.06640625,-0.05078125,0.44921875,-0.015126228332519531,-0.07823538780212402,-0.10779285430908203
557,416000000,imu2_frame,0.18928619486996762,-0.05790982954733668,-0.7943447162384843,0.5743114658941166,0.015625,-0.03515625,0.46875,-0.023521900177001953,-0.07491660118103027,-0.11104965209960938
557,440000000,imu2_frame,0.18657022584550306,-0.058954156393668196,-0.791494543724942,0.5790097974348228,0.015625,-0.03515625,0.46875,0.137251615524292,-0.22684812545776367,-0.0856466293334961
557,466000000,imu2_frame,0.18361238063004917,-0.06012336722841972,-0.7883588377795062,0.5840907611728067,0.015625,-0.03515625,0.46875,0.021968603134155273,-0.1088247299194336,-0.10823345184326172
557,491000000,imu2_frame,0.1823260007011176,-0.060850775493959224,-0.7857005131649182,0.5879873435734004,0.126953125,-0.06640625,0.43359375,-0.02027153968811035,-0.11606860160827637,-0.11571598052978516
557,516000000,imu2_frame,0.18164958907318624,-0.060633314551755614,-0.7829902881543194,0.5918219636107014,0.0703125,-0.0703125,0.4375,-0.04233241081237793,-0.11535263061523438,-0.12104606628417969
557,541000000,imu2_frame,0.18000744946062258,-0.06500218798880186,-0.7796155878535205,0.5962982214221001,0.0703125,-0.0703125,0.4375,0.05583465099334717,-0.06139969825744629,-0.16098976135253906
557,565000000,imu2_frame,0.17758682113958474,-0.06836070522009727,-0.7765598161559168,0.6006201685518368,0.0703125,-0.0703125,0.4375,0.002483844757080078,-0.09529352188110352,-0.16915225982666016
557,590000000,imu2_frame,0.17748287949069183,-0.06761754136033202,-0.773766405074726,0.6043287565272821,0.05078125,-0.033203125,0.42578125,-0.00496518611907959,-0.09196114540100098,-0.17185020446777344
557,615000000,imu2_frame,0.17764202069121507,-0.06647125242981168,-0.770981300046333,0.6079578275374209,0.017578125,-0.01953125,0.416015625,-0.0034046173095703125,-0.08548402786254883,-0.1737508773803711
557,641000000,imu2_frame,0.17836533438101929,-0.06994114739994016,-0.7672339720345648,0.612083389374023,0.017578125,-0.01953125,0.416015625,0.021763920783996582,0.035788536071777344,-0.1985311508178711
557,666000000,imu2_frame,0.17952958607121008,-0.07272874242176934,-0.763856692471734,0.6156318795489645,0.01171875,-0.029296875,0.390625,-0.011025071144104004,-0.027595996856689453,-0.18261241912841797
557,691000000,imu2_frame,0.17689519515770677,-0.07509992268256784,-0.7608897152823022,0.6197700643955033,0.01171875,-0.029296875,0.390625,0.021973729133605957,-0.08034133911132812,-0.1511402130126953
557,715000000,imu2_frame,0.17624565227054623,-0.07511499427061233,-0.7585908409252635,0.6227641156615857,0.1171875,-0.03515625,0.36328125,-0.00018548965454101562,-0.07963705062866211,-0.1555795669555664
557,740000000,imu2_frame,0.17623526117972577,-0.07972906835305835,-0.7553157973653588,0.6261648781485587,0.1171875,-0.03515625,0.36328125,0.04018259048461914,-0.0021796226501464844,-0.06747055053710938
557,766000000,imu2_frame,0.17840496317572727,-0.08340064553264004,-0.7518887606702858,0.6291893935983888,0.1171875,-0.03515625,0.36328125,-0.02867269515991211,-0.04882931709289551,-0.1149435043334961
557,791000000,imu2_frame,0.18066848385150883,-0.0866036970110388,-0.7486177752402846,0.6320048458683717,0.1171875,-0.03515625,0.36328125,-0.05111658573150635,-0.010961532592773438,-0.12747478485107422
557,815000000,imu2_frame,0.18248998530441232,-0.08697955005963134,-0.7456016330348866,0.634988321113648,0.009765625,-0.00390625,0.38671875,-0.044934630393981934,-0.04448437690734863,-0.11326789855957031
557,841000000,imu2_frame,0.17973240774268984,-0.08862571379611825,-0.7424763254764285,0.6391953148828333,0.009765625,-0.00390625,0.38671875,0.03243708610534668,-0.08270525932312012,-0.09197998046875
557,865000000,imu2_frame,0.1771417239930039,-0.08960898313899511,-0.7396656453111468,0.6430285941604983,0.009765625,-0.00390625,0.38671875,0.0012619495391845703,-0.07295775413513184,-0.10662555694580078
557,891000000,imu2_frame,0.1762360596830841,-0.0882801393698687,-0.7369963712988299,0.6465166795625414,0.015625,-0.0078125,0.376953125,-0.010345220565795898,-0.04976916313171387,-0.11750316619873047
557,916000000,imu2_frame,0.17765891714341847,-0.08756850605096428,-0.734090711620856,0.6495228194755097,0.037109375,0.0,0.3828125,0.0039031505584716797,-0.06294751167297363,-0.11010932922363281
557,941000000,imu2_frame,0.17694472680019457,-0.09113056042345138,-0.7305296619171799,0.6532321162295094,0.037109375,0.0,0.3828125,0.046692728996276855,-0.07241582870483398,-0.21199321746826172
557,966000000,imu2_frame,0.17449133890022608,-0.09237768711268952,-0.7275040043459325,0.657082231713162,0.037109375,0.0,0.3828125,0.09175121784210205,-0.18377375602722168,-0.18530654907226562
557,990000000,imu2_frame,0.17233699665941588,-0.0931445475979139,-0.7251119308178912,0.6601793245935096,0.0625,-0.01953125,0.33203125,0.03756844997406006,-0.17308735847473145,-0.19713115692138672
558,16000000,imu2_frame,0.17056425580325973,-0.09280409941706055,-0.7225689190326565,0.6634677015662832,0.05078125,-0.00390625,0.337890625,0.0023916959762573242,-0.15173721313476562,-0.2102499008178711
558,41000000,imu2_frame,0.17190274638724556,-0.09590468904074896,-0.71926694960471,0.6662633050160085,0.05078125,-0.00390625,0.337890625,0.0038001537322998047,0.053473472595214844,-0.15861034393310547
558,65000000,imu2_frame,0.1732346870436135,-0.09801730336197233,-0.7161628199718761,0.668949300572531,0.001953125,0.001953125,0.33984375,-0.020644783973693848,0.003277301788330078,-0.1416168212890625
558,91000000,imu2_frame,0.17444394404072816,-0.09680683926435989,-0.7134795535738404,0.6716730401700169,0.001953125,0.001953125,0.33984375,-0.0021872520446777344,-0.07793998718261719,-0.16925525665283203
558,115000000,imu2_frame,0.17514698435105155,-0.09556571195358171,-0.7111571451421792,0.6741262815561806,0.017578125,-0.005859375,0.330078125,0.011380791664123535,-0.07392764091491699,-0.16911602020263672
558,141000000,imu2_frame,0.1760699072106799,-0.09860611003633889,-0.7077679170951111,0.6770087136582306,0.017578125,-0.005859375,0.330078125,0.005982041358947754,0.024529457092285156,-0.1512451171875
558,166000000,imu2_frame,0.17347786603928178,-0.09924271833443503,-0.7051501467312999,0.6803084472626186,0.017578125,-0.005859375,0.330078125,0.09877324104309082,-0.22565340995788574,-0.16648578643798828
558,191000000,imu2_frame,0.17109351314784757,-0.09919807447172346,-0.7026308416464989,0.6835178506425138,0.017578125,-0.005859375,0.330078125,0.09091579914093018,-0.35152482986450195,-0.15146923065185547
558,216000000,imu2_frame,0.16924872045376618,-0.09943694612575156,-0.7007916187253292,0.6858267066061805,0.076171875,-0.02734375,0.25,0.051814138889312744,-0.33422064781188965,-0.16281414031982422
558,241000000,imu2_frame,0.16839028598053754,-0.10311917326147164,-0.6982176431255611,0.6881157391903269,0.076171875,-0.02734375,0.25,0.05572432279586792,-0.07079172134399414,-0.18124866485595703
558,266000000,imu2_frame,0.1685647171159892,-0.10694454833466024,-0.695545221962065,0.6901924687584209,0.076171875,-0.02734375,0.25,-0.0064980387687683105,-0.08753156661987305,-0.16829967498779297
558,290000000,imu2_frame,0.16891208172758587,-0.10575777268849695,-0.6938864825403926,0.6919577671434456,0.056640625,-0.015625,0.248046875,0.005114376544952393,-0.07850217819213867,-0.17093849182128906
558,316000000,imu2_frame,0.16842451722692356,-0.10382277801164522,-0.692237620716941,0.6940180755765453,-0.03515625,-0.033203125,0.248046875,0.015064537525177002,-0.049100399017333984,-0.18208026885986328
558,340000000,imu2_frame,0.16979280275132014,-0.10424935999406391,-0.6901884058918552,0.6956597152682763,-0.03515625,-0.033203125,0.248046875,-0.021422982215881348,-0.03561973571777344,-0.10099220275878906
558,366000000,imu2_frame,0.17123063917740422,-0.1051041268847802,-0.6878888140441801,0.6974540631694512,-0.03515625,-0.033203125,0.248046875,-0.025032401084899902,-0.02891826629638672,-0.08400344848632812
558,391000000,imu2_frame,0.17275835153522162,-0.10488296401878218,-0.6859962580838826,0.6989729964228794,0.03515625,-0.046875,0.24609375,-0.010977327823638916,-0.0480349063873291,-0.07463645935058594
558,415000000,imu2_frame,0.17273295883529743,-0.10393853680075982,-0.6845536594404718,0.7005329348762832,0.05859375,-0.046875,0.228515625,-0.006450295448303223,-0.03737640380859375,-0.0786600112915039
558,440000000,imu2_frame,0.17170045975088583,-0.10763509153676948,-0.6821504327527799,0.7025698728855377,0.05859375,-0.046875,0.228515625,0.18238532543182373,-0.039311885833740234,-0.2578268051147461
558,466000000,imu2_frame,0.17070962185535296,-0.11100663000108696,-0.6797754706359025,0.7045857383055246,0.04296875,-0.017578125,0.208984375,0.1105719804763794,-0.07223391532897949,-0.2500486373901367
558,491000000,imu2_frame,0.17043485043207762,-0.11437152579213948,-0.6774249392825065,0.7063756560671283,0.04296875,-0.017578125,0.208984375,0.0878068208694458,-0.035738229751586914,-0.2370586395263672
558,516000000,imu2_frame,0.17025467919816226,-0.11717684800357549,-0.6750899180520149,0.7081924406879825,0.01171875,0.013671875,0.203125,0.03475356101989746,-0.07109355926513672,-0.22556114196777344
558,541000000,imu2_frame,0.17120524878116503,-0.11538398185831163,-0.6736673206414899,0.7096109079065909,0.01171875,0.013671875,0.203125,0.025096893310546875,-0.06215071678161621,-0.15314483642578125
558,566000000,imu2_frame,0.17047798315995533,-0.11356731215868783,-0.6723015325292307,0.7113721756054369,0.01171875,0.013671875,0.203125,-0.002896904945373535,-0.03098773956298828,-0.08800506591796875
558,591000000,imu2_frame,0.17274823175727388,-0.11339423389536821,-0.6705997740324273,0.7124575350234392,0.009765625,0.013671875,0.189453125,0.021187424659729004,-0.06014704704284668,-0.07354736328125
558,616000000,imu2_frame,0.1706243618059355,-0.11357845158472986,-0.6691056639952183,0.7143422659366101,0.037109375,0.001953125,0.181640625,-0.01838064193725586,-0.03598356246948242,-0.08697891235351562
558,640000000,imu2_frame,0.17150157316596037,-0.11632183120304385,-0.6670311151631705,0.7156297460218856,0.037109375,0.001953125,0.181640625,0.01911640167236328,0.02960491180419922,-0.06488609313964844
558,665000000,imu2_frame,0.1730495968961434,-0.11875416688231404,-0.6649304325679056,0.71681155452966,0.037109375,0.001953125,0.181640625,-0.004573941230773926,0.01618218421936035,-0.08625221252441406
558,691000000,imu2_frame,0.1739451585793325,-0.12003984709054828,-0.6623773128962089,0.7187418258858229,-0.0703125,-0.0078125,0.251953125,-0.024158775806427002,-0.013646841049194336,-0.07417774200439453
558,716000000,imu2_frame,0.17428051329360963,-0.11864478125875905,-0.6600289674645909,0.7210488753710134,-0.16796875,0.0,0.296875,-0.013566255569458008,-0.0027184486389160156,-0.07840156555175781
558,741000000,imu2_frame,0.17411888986652108,-0.119316052528974,-0.6572433955472314,0.7235173880495885,-0.16796875,0.0,0.296875,-0.040351808071136475,0.10618925094604492,0.15408706665039062
558,766000000,imu2_frame,0.16986073119143147,-0.11909568393407832,-0.6547527829418214,0.726816581605928,-0.16796875,0.0,0.296875,0.04445788264274597,0.04686284065246582,0.1595935821533203
558,791000000,imu2_frame,0.166233705739946,-0.12055261448357357,-0.6514065750880018,0.7304128258384156,-0.078125,-0.02734375,0.3671875,-0.04201000928878784,0.07594895362854004,0.14258861541748047
558,815000000,imu2_frame,0.16729567072299822,-0.1204023257907963,-0.6486745133301192,0.7326232416852758,-0.013671875,-0.044921875,0.345703125,-0.040480464696884155,0.06192159652709961,0.14880084991455078
558,840000000,imu2_frame,0.16404640171622262,-0.12092182020238998,-0.6457637666913749,0.7358368359299963,-0.013671875,-0.044921875,0.345703125,0.05020269751548767,-0.20627284049987793,-0.06510066986083984
558,865000000,imu2_frame,0.1607095999040669,-0.12143764874873755,-0.6430551368435918,0.7388541215585946,-0.00390625,-0.08984375,0.33984375,-0.015008032321929932,-0.16783905029296875,-0.08383941650390625
558,891000000,imu2_frame,0.1572324519218017,-0.12430016801910873,-0.6397292218152855,0.7420067028327231,-0.00390625,-0.08984375,0.33984375,0.034403473138809204,-0.08098006248474121,-0.11904525756835938
558,915000000,imu2_frame,0.1539449676471563,-0.12596318867535602,-0.6367605807856458,0.7449632103616792,0.00390625,-0.07421875,0.341796875,-0.04703942686319351,-0.05568718910217285,-0.1309051513671875
558,941000000,imu2_frame,0.15525843269572445,-0.12725827032510756,-0.6336063205328702,0.7471567320793723,0.00390625,-0.07421875,0.341796875,-0.06457976251840591,-0.050650835037231445,-0.1556253433227539
558,965000000,imu2_frame,0.15232600785914308,-0.12746400487006893,-0.6309010311029605,0.7500090691087679,0.00390625,-0.07421875,0.341796875,-0.040939655154943466,-0.12543988227844238,-0.2151927947998047
558,991000000,imu2_frame,0.15198918219138563,-0.12685529615106317,-0.6281769585788071,0.7524631094252393,0.068359375,-0.06640625,0.33203125,-0.05034797315602191,-0.1135263442993164,-0.22022342681884766
559,16000000,imu2_frame,0.15237387699625055,-0.1262601173278331,-0.6254483343123945,0.7547549042486204,0.064453125,-0.05859375,0.33984375,-0.05065338582789991,-0.11196351051330566,-0.22088146209716797
559,40000000,imu2_frame,0.15290006413393867,-0.12992556425549046,-0.621962344239327,0.7569040629360175,0.064453125,-0.05859375,0.33984375,0.03816934674978256,0.029323577880859375,-0.3165779113769531
559,65000000,imu2_frame,0.15291467355176788,-0.13393538353638215,-0.6182744352436108,0.759220085596866,0.064453125,-0.05859375,0.33984375,0.03615270555019379,-0.01691126823425293,-0.2528400421142578
559,91000000,imu2_frame,0.15347803336739735,-0.13673329286877103,-0.6141660915618904,0.7619373411708671,0.005859375,0.013671875,0.3671875,-0.01814909279346466,-0.05625271797180176,-0.2346639633178711
559,115000000,imu2_frame,0.15538799016771937,-0.1383017171528404,-0.6105439941991957,0.7641748744178293,0.03515625,0.01953125,0.369140625,-0.03562994301319122,-0.10053420066833496,-0.21470069885253906
559,141000000,imu2_frame,0.1533068571022977,-0.13776537579947343,-0.6070303807230849,0.7674840882229625,0.03515625,0.01953125,0.369140625,-0.028929606080055237,-0.18072915077209473,-0.07780075073242188
559,166000000,imu2_frame,0.1515361513533736,-0.13681715064527417,-0.603829355858937,0.7705244779533593,0.025390625,0.01171875,0.361328125,-0.053327858448028564,-0.1433572769165039,-0.09344100952148438
559,191000000,imu2_frame,0.1502410715820969,-0.13557975400299313,-0.6007947975244687,0.7733636673531308,0.025390625,0.0,0.353515625,-0.06641325354576111,-0.10954093933105469,-0.10766983032226562
559,215000000,imu2_frame,0.14972678322567648,-0.13413138638941052,-0.5980346144507285,0.775851314034406,0.025390625,0.0,0.341796875,-0.06515797972679138,-0.08479642868041992,-0.11832237243652344
559,241000000,imu2_frame,0.1470552625285565,-0.13592335960580695,-0.5943055533271923,0.7789098146515987,0.025390625,0.0,0.341796875,0.1232154369354248,-0.17739009857177734,-0.16342449188232422
559,266000000,imu2_frame,0.1446440417479607,-0.13752599412556568,-0.5909684401302226,0.7816143581694496,0.048828125,-0.00390625,0.31640625,0.05409732460975647,-0.157973051071167,-0.16860580444335938
559,291000000,imu2_frame,0.14533763608144024,-0.14067010114788983,-0.5873725057613212,0.7836341197631508,0.048828125,-0.00390625,0.31640625,-0.0016933977603912354,-0.009304285049438477,-0.1436767578125
559,315000000,imu2_frame,0.1463677982132965,-0.14273686673692837,-0.584227943603312,0.7854173186487302,-0.001953125,-0.00390625,0.306640625,-0.03549540042877197,-0.04514050483703613,-0.12635326385498047
559,341000000,imu2_frame,0.14428908630399753,-0.14148356588513752,-0.5814437322529905,0.7880902526879114,-0.001953125,-0.00390625,0.306640625,-0.05524331331253052,-0.11598062515258789,-0.14511871337890625
559,366000000,imu2_frame,0.14594706009805436,-0.14109298935302758,-0.5786920409874972,0.7898783106921509,-0.001953125,-0.00390625,0.306640625,-0.004098773002624512,-0.09551024436950684,-0.18084335327148438
559,391000000,imu2_frame,0.14340161012154512,-0.14170147054082188,-0.5761123395433938,0.7921182005780162,0.04296875,-0.0390625,0.265625,-0.05572563409805298,-0.06224489212036133,-0.19187259674072266
559,415000000,imu2_frame,0.14523955134379973,-0.14197557311059616,-0.573851728049189,0.7933741888795783,0.072265625,-0.056640625,0.267578125,-0.04917186498641968,-0.09105873107910156,-0.17998695373535156
559,441000000,imu2_frame,0.1465854587519166,-0.14542284727167218,-0.5707334910873794,0.7947503890688588,0.072265625,-0.056640625,0.267578125,-0.022254884243011475,0.0457453727722168,-0.07482337951660156
559,466000000,imu2_frame,0.14755677355086128,-0.14896186452508872,-0.5676699937043799,0.796108120636976,0.072265625,-0.056640625,0.267578125,0.03409433364868164,0.11336374282836914,-0.1660604476928711
559,490000000,imu2_frame,0.14841791289995188,-0.1519449767700678,-0.5645190874043631,0.7976233742317931,0.0390625,-0.0546875,0.30078125,-0.016413867473602295,0.0718240737915039,-0.14353179931640625
559,515000000,imu2_frame,0.1499165450350321,-0.15440058958580963,-0.5612237150507101,0.7991954886790796,0.04296875,-0.037109375,0.310546875,-0.052564263343811035,0.026700496673583984,-0.1200876235961914
559,540000000,imu2_frame,0.14721496620997823,-0.1564427862409472,-0.5578340508323654,0.801669869764929,0.04296875,-0.037109375,0.310546875,-0.014244377613067627,-0.06747293472290039,-0.08039474487304688
559,566000000,imu2_frame,0.14511902913841612,-0.15541124503925896,-0.5542330054728422,0.8047444239892635,0.013671875,0.013671875,0.3671875,-0.04049175977706909,-0.02117466926574707,-0.09865665435791016
559,591000000,imu2_frame,0.14678410217474763,-0.1551726923232069,-0.5505098962555487,0.8070407158443903,0.0078125,0.013671875,0.39453125,-0.036341071128845215,-0.04004812240600586,-0.09061145782470703
559,616000000,imu2_frame,0.14740625066823512,-0.15384716162055528,-0.5470995694225361,0.8094964541385639,-0.0078125,0.001953125,0.38671875,-0.02595001459121704,-0.032433271408081055,-0.09503746032714844
559,640000000,imu2_frame,0.14441672855996443,-0.1541654607214658,-0.5433032480895736,0.8125259379539184,-0.0078125,0.001953125,0.38671875,0.14375633001327515,-0.3684682846069336,0.04217243194580078
559,665000000,imu2_frame,0.14116321191339706,-0.1548449290438069,-0.5403107447910385,0.8149603024780195,0.0,-0.05859375,0.302734375,0.08278614282608032,-0.3216700553894043,0.02811431884765625
559,691000000,imu2_frame,0.13775109964444665,-0.15562507404718431,-0.5371581684340551,0.8174757323365175,0.0,-0.05859375,0.302734375,0.09630513191223145,-0.3117988109588623,0.04940223693847656
559,716000000,imu2_frame,0.13437944644637614,-0.15573317866378625,-0.5344551749548514,0.8197847323535722,-0.029296875,-0.044921875,0.27734375,0.045046448707580566,-0.2568941116333008,0.03212547302246094
559,740000000,imu2_frame,0.13104184259650703,-0.15699722094419166,-0.5316013848207295,0.8219366616482048,-0.029296875,-0.044921875,0.27734375,-0.023989319801330566,-0.0219571590423584,-0.04777812957763672
559,766000000,imu2_frame,0.1311672356654806,-0.15971684060526697,-0.5284598403548298,0.8234171993874648,-0.029296875,-0.044921875,0.27734375,-0.0399855375289917,-0.007126808166503906,-0.1513986587524414
559,790000000,imu2_frame,0.13280900551380054,-0.1597658492664772,-0.526204452491109,0.8245880884666774,-0.04296875,0.048828125,0.234375,-0.033329129219055176,-0.030060529708862305,-0.14262104034423828
559,815000000,imu2_frame,0.13440348861167634,-0.1594514811900766,-0.5236630929877719,0.8260071987808469,-0.05859375,0.0546875,0.259765625,-0.022961854934692383,-0.04833626747131348,-0.13625240325927734
559,840000000,imu2_frame,0.131318271966296,-0.159591022537744,-0.5207170493713117,0.8283356635248648,-0.05859375,0.0546875,0.259765625,0.0025898218154907227,-0.07097911834716797,-0.14749622344970703
559,865000000,imu2_frame,0.12819911706996207,-0.1588689762807288,-0.5179298069043544,0.8307071384537476,-0.05859375,0.0546875,0.259765625,0.0072438716888427734,-0.16666793823242188,-0.21078205108642578
559,890000000,imu2_frame,0.12494253752151942,-0.15887943829893064,-0.515302395713798,0.8328325926469978,-0.037109375,-0.00390625,0.248046875,-0.038913726806640625,-0.11092448234558105,-0.22683048248291016
559,915000000,imu2_frame,0.121668443075387,-0.1589624780045049,-0.5126451201629796,0.834938741057907,-0.037109375,-0.00390625,0.248046875,-0.04704582691192627,-0.12942957878112793,-0.2811603546142578
559,940000000,imu2_frame,0.12275056928718654,-0.16030694335076512,-0.5100586995745875,0.8361065151291952,-0.037109375,-0.00390625,0.248046875,-0.06799829006195068,-0.002886056900024414,-0.3027629852294922
559,966000000,imu2_frame,0.123928649922909,-0.16205010653670893,-0.5079119171519296,0.8369031826410853,-0.01953125,-0.068359375,0.212890625,-0.09246575832366943,-0.03465008735656738,-0.2860984802246094
559,991000000,imu2_frame,0.1205083874892746,-0.16353040919495096,-0.5055367999012979,0.8385511777815483,-0.01953125,-0.068359375,0.212890625,-0.04823112487792969,-0.14205336570739746,-0.2930145263671875
560,15000000,imu2_frame,0.1179219395228574,-0.16369851538941504,-0.5036692462921616,0.8400086324425211,0.021484375,-0.080078125,0.197265625,-0.0855175256729126,-0.09871172904968262,-0.30399131774902344
560,40000000,imu2_frame,0.11933245260324656,-0.16595646359263685,-0.5016532742332919,0.8405725491583323,0.021484375,-0.080078125,0.197265625,-0.08006668090820312,0.05256175994873047,-0.20868968963623047
560,65000000,imu2_frame,0.12082433045327873,-0.16805240523121484,-0.49967675536109,0.8411200927443915,0.021484375,-0.080078125,0.197265625,-0.06727993488311768,-0.022460222244262695,-0.1489391326904297
560,91000000,imu2_frame,0.12138234377543575,-0.17136463075313754,-0.49731825051009837,0.8417689989872505,0.021484375,-0.080078125,0.197265625,-0.04593002796173096,-0.022464513778686523,-0.16338539123535156
560,116000000,imu2_frame,0.12288595489061292,-0.17201504853594732,-0.4951040026762639,0.8427229032735137,-0.025390625,-0.01171875,0.23046875,-0.0505448579788208,-0.04838204383850098,-0.1518383026123047
560,141000000,imu2_frame,0.11998042863540385,-0.1713374588503208,-0.492757107204506,0.8446529495826238,-0.025390625,-0.01171875,0.23046875,-0.04042172431945801,-0.18206477165222168,-0.12720298767089844
560,165000000,imu2_frame,0.11748325966800496,-0.17026553455950963,-0.4905990650004754,0.8464749782832355,-0.025390625,-0.01171875,0.23046875,-0.05779671669006348,-0.08845043182373047,-0.1498584747314453
560,190000000,imu2_frame,0.11662207613508577,-0.1684620678256335,-0.48877399015223844,0.8480093216542574,0.009765625,-0.005859375,0.20703125,-0.04542839527130127,-0.05439496040344238,-0.165740966796875
560,215000000,imu2_frame,0.11842588368467634,-0.1677202988210403,-0.4869637876535779,0.8489472780750082,-0.001953125,0.00390625,0.20703125,-0.0231553316116333,-0.07342529296875,-0.16233158111572266
560,241000000,imu2_frame,0.12021986773486447,-0.16888646289832973,-0.4847028720209022,0.8497574194475689,-0.001953125,0.00390625,0.20703125,-0.03341054916381836,0.008467674255371094,-0.06816864013671875
560,266000000,imu2_frame,0.12071923884620438,-0.16695886255836728,-0.4830019618468589,0.8510350806151852,-0.001953125,0.00390625,0.20703125,-0.004858255386352539,-0.018120288848876953,-0.07846450805664062
560,291000000,imu2_frame,0.12130566474725409,-0.1699235282577433,-0.4804905350147957,0.8517862267058925,0.02734375,-0.03515625,0.205078125,-0.0570758581161499,-0.04927563667297363,-0.056174278259277344
560,315000000,imu2_frame,0.12323719282525403,-0.17090313965338527,-0.4785624012942367,0.8523982280769129,0.02734375,-0.03515625,0.205078125,-0.06193745136260986,-0.01145625114440918,-0.11463165283203125
560,341000000,imu2_frame,0.12092538624208382,-0.17343665217945123,-0.47578254848997314,0.8537726542794476,0.02734375,-0.03515625,0.205078125,0.01533210277557373,-0.10375308990478516,-0.1867361068725586
560,366000000,imu2_frame,0.11831385310042697,-0.17585552480661173,-0.4728500769583512,0.8552715775003886,0.025390625,-0.0546875,0.234375,-0.06125926971435547,-0.07605361938476562,-0.1824331283569336
560,390000000,imu2_frame,0.11647048943579803,-0.17882890234821905,-0.46996179481582745,0.8564991302908619,0.025390625,-0.0546875,0.234375,-0.0998070240020752,-0.06541085243225098,-0.17418575286865234
560,416000000,imu2_frame,0.11752579331055885,-0.1780081826271147,-0.4680094074265141,0.8575942918331481,0.04296875,-0.056640625,0.22265625,-0.08467578887939453,-0.07127594947814941,-0.1750802993774414
560,441000000,imu2_frame,0.11537333571586643,-0.18085284352854686,-0.4651021349152216,0.8588720780714296,0.04296875,-0.056640625,0.22265625,-0.04983925819396973,-0.05380868911743164,-0.12195873260498047
560,466000000,imu2_frame,0.112616904587129,-0.1823083487223892,-0.4623832647721855,0.8603968940238826,0.04296875,-0.056640625,0.22265625,-0.032636165618896484,-0.12772703170776367,-0.16687679290771484
560,491000000,imu2_frame,0.11122682627837865,-0.1814678954782981,-0.4602362697372018,0.8619051989894841,0.04296875,-0.056640625,0.22265625,-0.11921358108520508,-0.131486177444458,-0.10080718994140625
560,516000000,imu2_frame,0.11040347935757373,-0.1788932816208536,-0.4585871832280883,0.8634269285328037,-0.013671875,0.05078125,0.181640625,-0.09212446212768555,-0.09196996688842773,-0.12251091003417969
560,540000000,imu2_frame,0.10977837749151508,-0.17637580347490833,-0.45702255794141616,0.8648529732368363,-0.013671875,0.05078125,0.181640625,-0.06351161003112793,-0.05651712417602539,-0.0997152328491211
560,565000000,imu2_frame,0.11094754262317702,-0.17405170723017527,-0.45552585648403043,0.8659635327602603,-0.013671875,0.05078125,0.181640625,-0.020796537399291992,-0.013766050338745117,-0.07153034210205078
560,591000000,imu2_frame,0.11293193621316581,-0.1745697104277489,-0.45350718840907706,0.8666620010393967,-0.013671875,0.05078125,0.181640625,-0.018721342086791992,0.027621030807495117,-0.059322357177734375
560,616000000,imu2_frame,0.11469168197502144,-0.1758623011321227,-0.4521378998877422,0.8668849915711755,0.001953125,-0.03125,0.138671875,-0.028856277465820312,-0.009443044662475586,-0.04263782501220703
560,641000000,imu2_frame,0.11184084354317701,-0.17648474097923628,-0.4504065944151905,0.8680314865397178,0.001953125,-0.03125,0.138671875,-0.03329110145568848,-0.0764768123626709,-0.13299942016601562
560,665000000,imu2_frame,0.11279890931907961,-0.17867848551394752,-0.44884105236931643,0.8682696093834407,0.001953125,-0.03125,0.138671875,-0.02728271484375,0.006206512451171875,-0.1526327133178711
560,691000000,imu2_frame,0.11428176851231332,-0.18048486813998335,-0.4471547400364596,0.8685721203337792,-0.001953125,-0.029296875,0.15234375,-0.049765586853027344,-0.02953648567199707,-0.13336753845214844
560,716000000,imu2_frame,0.11451958211142242,-0.18314730588112324,-0.4452274981786949,0.8689734199197647,-0.001953125,-0.029296875,0.15234375,-0.024420976638793945,-0.011780261993408203,-0.10947418212890625
560,740000000,imu2_frame,0.11171647212534609,-0.18373992908519973,-0.4434030000560531,0.870145302726461,-0.001953125,-0.029296875,0.15234375,-0.028031349182128906,-0.043485164642333984,-0.07855033874511719
560,766000000,imu2_frame,0.10962050560904818,-0.18217475240804457,-0.44190422630427917,0.8715023574893535,-0.037109375,-0.0390625,0.16796875,-0.027626752853393555,0.008148908615112305,-0.09881019592285156
560,790000000,imu2_frame,0.10650065677324419,-0.18351652133988422,-0.4398590619926901,0.872641565641407,-0.037109375,-0.0390625,0.16796875,-0.007641315460205078,-0.058591604232788086,-0.10631084442138672
560,816000000,imu2_frame,0.10267747542311101,-0.18502811194663632,-0.4379023642004796,0.8737639574037315,-0.060546875,-0.068359375,0.154296875,-0.07428479194641113,-0.0015506744384765625,-0.1110525131225586
560,841000000,imu2_frame,0.10241476307634216,-0.1835501324852173,-0.4369551465171322,0.8745803365619806,-0.060546875,-0.068359375,0.154296875,-0.05612015724182129,-0.02171778678894043,-0.11884689331054688
560,866000000,imu2_frame,0.10301676128058505,-0.1853364237962068,-0.4355274556847281,0.8748450104186908,-0.060546875,-0.068359375,0.154296875,-0.011112451553344727,0.14880657196044922,0.013631820678710938
560,891000000,imu2_frame,0.1036183668377924,-0.1871136301078543,-0.43410529068711373,0.8751024626174848,-0.060546875,-0.068359375,0.154296875,-0.04020404815673828,0.24525666236877441,-0.16631221771240234
560,916000000,imu2_frame,0.10446853209286099,-0.18865405507128366,-0.4320590138371149,0.8756831515277792,-0.044921875,-0.05078125,0.2109375,-0.06566095352172852,0.22400164604187012,-0.15153884887695312
560,940000000,imu2_frame,0.10532948966407492,-0.1899477054488388,-0.4300320166842191,0.8762979130571579,-0.046875,-0.052734375,0.22265625,-0.0869903564453125,0.20459794998168945,-0.13843441009521484
560,966000000,imu2_frame,0.10161299964536183,-0.18991301226724966,-0.42750333146662917,0.8779799244057832,-0.046875,-0.052734375,0.22265625,-0.05079793930053711,-0.10824441909790039,-0.1146554946899414
560,990000000,imu2_frame,0.09878355797333754,-0.18916592728472958,-0.42521800266307747,0.8795724591185534,-0.03515625,-0.0546875,0.234375,-0.07192349433898926,-0.04806876182556152,-0.13127422332763672
561,16000000,imu2_frame,0.09877892188836367,-0.18780866568585552,-0.4232028973299497,0.8808347957338012,-0.025390625,-0.056640625,0.234375,-0.05714893341064453,-0.031743764877319336,-0.1412944793701172
561,40000000,imu2_frame,0.09543316034406689,-0.18912548180851618,-0.4204523935156206,0.8822379774326347,-0.025390625,-0.056640625,0.234375,-0.039687156677246094,-0.016535043716430664,-0.06617069244384766
561,66000000,imu2_frame,0.09304971985608877,-0.18793169890223332,-0.4180732266171625,0.8838768032753989,-0.025390625,-0.056640625,0.234375,-0.04904675483703613,0.0010623931884765625,-0.08374691009521484
561,90000000,imu2_frame,0.09407975220496857,-0.18816366972534684,-0.4161250789337469,0.884637412900294,-0.03125,-0.072265625,0.236328125,-0.051001548767089844,-0.012842655181884766,-0.0782785415649414
561,116000000,imu2_frame,0.09166895730857168,-0.19133390155660543,-0.4130484801620894,0.8856517901618414,-0.03125,-0.072265625,0.236328125,-0.021448850631713867,-0.02630615234375,-0.14164257049560547
561,140000000,imu2_frame,0.08812833256200152,-0.192183726132085,-0.41036824258262894,0.887071991379208,-0.03125,-0.072265625,0.236328125,-0.01221609115600586,-0.10098743438720703,-0.06567859649658203
561,166000000,imu2_frame,0.08474726428473327,-0.19240159684507985,-0.40782873245715356,0.888524198719488,-0.013671875,-0.06640625,0.2109375,-0.05278754234313965,-0.03696751594543457,-0.07546615600585938
561,191000000,imu2_frame,0.08256362288112142,-0.19137287329419284,-0.40572434748202796,0.889914279806854,-0.013671875,-0.06640625,0.2109375,-0.0999903678894043,-0.06334066390991211,-0.20751094818115234
561,215000000,imu2_frame,0.08337825658161117,-0.19047214327680728,-0.40412344050526194,0.8907596049435227,0.025390625,-0.0625,0.1953125,-0.08361172676086426,-0.06577873229980469,-0.2115936279296875
561,240000000,imu2_frame,0.08388061333658495,-0.18927303896800002,-0.4025325276271358,0.8916879070774736,-0.01953125,-0.052734375,0.197265625,-0.06480836868286133,-0.06069040298461914,-0.21885108947753906
561,266000000,imu2_frame,0.08278666926128517,-0.19238668327694453,-0.3999574311516938,0.8922823458731306,-0.01953125,-0.052734375,0.197265625,-0.02078557014465332,-0.018312454223632812,-0.19528770446777344
561,291000000,imu2_frame,0.08164274190819182,-0.19538135979397947,-0.39746674591188036,0.8928498041848856,-0.01953125,-0.052734375,0.197265625,-0.0881032943725586,-0.052229881286621094,-0.21532726287841797
561,316000000,imu2_frame,0.08337358328122356,-0.19499469148545748,-0.3960052319472964,0.8934236241412626,0.009765625,-0.03515625,0.17578125,-0.07249140739440918,-0.0748140811920166,-0.2126903533935547
561,341000000,imu2_frame,0.08243382235500277,-0.19338575698521138,-0.39447470698911746,0.8945369301896096,-0.0078125,-0.0390625,0.169921875,-0.058356523513793945,-0.041971683502197266,-0.22794628143310547
561,365000000,imu2_frame,0.07999695127855443,-0.19544792912517198,-0.3922066513841196,0.8953069514958956,-0.0078125,-0.0390625,0.169921875,-0.0024862289428710938,-0.08199882507324219,-0.1848592758178711
561,390000000,imu2_frame,0.07750964697208261,-0.19797678466878393,-0.39052697909522327,0.8957042625539035,-0.0078125,-0.072265625,0.111328125,-0.06989288330078125,-0.05195736885070801,-0.17307090759277344
561,416000000,imu2_frame,0.07849225897149892,-0.19696490684760187,-0.3901166438227731,0.8960205326690466,-0.00390625,-0.068359375,0.087890625,-0.046538352966308594,-0.06035804748535156,-0.17788124084472656
561,440000000,imu2_frame,0.07977451444277925,-0.19635426853671425,-0.3897447461631395,0.8962031359636389,-0.00390625,-0.068359375,0.087890625,-0.02734065055847168,-0.002793550491333008,-0.022360801696777344
561,466000000,imu2_frame,0.08100247374101058,-0.19874768501181267,-0.38884390919991435,0.8959566793257423,-0.00390625,-0.068359375,0.087890625,0.013855218887329102,0.11762094497680664,0.00388336181640625
561,491000000,imu2_frame,0.08260161234002283,-0.19978091751202492,-0.38777322387278235,0.8960449126490208,-0.01953125,0.00390625,0.11328125,0.005839109420776367,0.08579778671264648,0.01704692840576172
561,515000000,imu2_frame,0.08373463774618921,-0.20042184257330997,-0.38660237610525744,0.8963025149193785,-0.060546875,0.001953125,0.140625,0.0002739429473876953,0.06525826454162598,0.02574443817138672
561,541000000,imu2_frame,0.08026911328140592,-0.20097696745371357,-0.38462723993887665,0.8973444234535185,-0.060546875,0.001953125,0.140625,-0.042850494384765625,0.04976153373718262,-0.023972511291503906
561,566000000,imu2_frame,0.08182768515741233,-0.20097626820350756,-0.3831817259101451,0.897822106260084,-0.0234375,-0.029296875,0.17578125,-0.03529930114746094,0.02735280990600586,-0.019042015075683594
561,591000000,imu2_frame,0.07941964992374415,-0.2031923946087636,-0.3807632274606548,0.8985681580118962,-0.0234375,-0.029296875,0.17578125,-0.020817041397094727,-0.016659021377563477,-0.083343505859375
561,615000000,imu2_frame,0.07969564311831742,-0.20579483854138741,-0.37894386211584896,0.8987205562700826,-0.0234375,-0.06640625,0.171875,-0.06791400909423828,-0.033788442611694336,-0.061682701110839844
561,641000000,imu2_frame,0.07761618252793008,-0.20454423264072702,-0.37722642089101843,0.8999097801918586,-0.0234375,-0.06640625,0.171875,-0.06873893737792969,-0.022023677825927734,-0.08200454711914062
561,666000000,imu2_frame,0.07644053840473737,-0.2031398468998483,-0.3757293653789466,0.900954211201565,-0.0234375,-0.06640625,0.171875,-0.020025253295898438,0.013396501541137695,-0.05767345428466797
561,691000000,imu2_frame,0.07301698419946934,-0.20403743357236045,-0.37350743944599674,0.9019586677881167,-0.0234375,-0.06640625,0.171875,-0.06814384460449219,0.0003159046173095703,-0.09959697723388672
561,716000000,imu2_frame,0.07433138612110143,-0.20370488122175934,-0.37229820785480755,0.9024262910796889,-0.021484375,-0.0546875,0.162109375,-0.05629849433898926,-0.01629042625427246,-0.0984640121459961
561,741000000,imu2_frame,0.0756370319453343,-0.20297078740256727,-0.3712036292952701,0.9029339756913025,-0.01171875,-0.044921875,0.150390625,-0.03748369216918945,-0.030390262603759766,-0.10047054290771484
561,766000000,imu2_frame,0.07364584162393592,-0.20556487446007318,-0.36906833771678893,0.9033869240224163,-0.01171875,-0.044921875,0.150390625,0.01068735122680664,-0.006125450134277344,-0.042601585388183594
561,790000000,imu2_frame,0.07236990020442956,-0.20842514636056744,-0.3670187075262807,0.9036696433070637,-0.025390625,-0.05859375,0.1640625,-0.05307459831237793,0.003723621368408203,-0.023097991943359375
561,815000000,imu2_frame,0.07269956077073657,-0.20731654981761302,-0.3657762117151843,0.9044016723661846,-0.03515625,-0.06640625,0.169921875,-0.03588390350341797,0.009827136993408203,-0.031165122985839844
561,841000000,imu2_frame,0.0740003080868716,-0.20704524467342897,-0.3644017916469052,0.9049130098002203,-0.009765625,-0.0703125,0.171875,-0.02583909034729004,-0.006400346755981445,-0.029634475708007812
561,866000000,imu2_frame,0.07106034658790626,-0.2092386064809869,-0.3620045336853145,0.9056060679412321,-0.009765625,-0.0703125,0.171875,0.09967327117919922,-0.15257620811462402,-0.1373128890991211
561,891000000,imu2_frame,0.06828010049245958,-0.21129905442036107,-0.3597223166411543,0.9062507337310807,0.0,-0.060546875,0.158203125,0.03781604766845703,-0.1093754768371582,-0.12794780731201172
561,916000000,imu2_frame,0.06560171000478636,-0.21308935516966784,-0.3575406488896864,0.906892511133136,0.005859375,-0.044921875,0.146484375,-0.0182037353515625,-0.0662541389465332,-0.12010574340820312
561,941000000,imu2_frame,0.06269614348076093,-0.21426838160094053,-0.355398172735813,0.9076620478211033,0.005859375,-0.044921875,0.146484375,0.05192375183105469,-0.20636558532714844,-0.12144756317138672
561,965000000,imu2_frame,0.060640089151262615,-0.216573714327577,-0.3533028695054141,0.9080725126603736,0.005859375,-0.044921875,0.146484375,-0.046533823013305664,-0.025165796279907227,-0.10308647155761719
561,990000000,imu2_frame,0.062173510889359504,-0.2160281036449099,-0.35220261857163526,0.9085260747224363,0.005859375,-0.044921875,0.146484375,-0.02953195571899414,-0.04453706741333008,-0.10401344299316406
562,16000000,imu2_frame,0.0592352281958934,-0.21656421204957396,-0.3503888359345534,0.9092957678623367,-0.021484375,0.013671875,0.111328125,-0.06463217735290527,0.010746240615844727,-0.10645580291748047
562,41000000,imu2_frame,0.057638095046045244,-0.21445343506911646,-0.3492279888704336,0.9103446523026493,-0.021484375,0.013671875,0.111328125,-0.08283710479736328,-0.056017398834228516,-0.1317892074584961
562,66000000,imu2_frame,0.05922080986545214,-0.21302376903498058,-0.3485569386978934,0.9108357865117971,-0.021484375,0.013671875,0.111328125,-0.10018277168273926,0.017656803131103516,-0.12059307098388672
562,90000000,imu2_frame,0.06105275032907425,-0.21240273825149494,-0.3478649305977439,0.9111243759886734,-0.021484375,0.013671875,0.111328125,-0.07866191864013672,-0.008194684982299805,-0.16051483154296875
562,115000000,imu2_frame,0.0635079889084275,-0.21256837214017707,-0.34766516296174577,0.9109941585835031,0.0234375,-0.021484375,0.0546875,-0.0646214485168457,-0.05205535888671875,-0.15316200256347656
562,141000000,imu2_frame,0.06233456861248702,-0.21094824924880148,-0.3471182207672583,0.9116601222528786,0.013671875,-0.021484375,0.05078125,-0.04718303680419922,-0.018724441528320312,-0.16945362091064453
562,166000000,imu2_frame,0.06356678176458377,-0.21315006214460785,-0.3464993182349693,0.9112982704507592,0.013671875,-0.021484375,0.05078125,-0.03821754455566406,-0.013501167297363281,-0.1130228042602539
562,190000000,imu2_frame,0.06524498424389653,-0.21443446290423065,-0.3458346224514573,0.9111308177555217,-0.001953125,-0.00390625,0.078125,-0.04988265037536621,-0.04909944534301758,-0.09806060791015625
562,216000000,imu2_frame,0.06347276412009083,-0.2127686581346209,-0.34490417941798684,0.9119988011782435,-0.00390625,-0.005859375,0.078125,-0.03699088096618652,-0.003506898880004883,-0.11642074584960938
562,241000000,imu2_frame,0.06530743104535582,-0.2140840831025836,-0.34424213143557936,0.9118115483788696,0.00390625,-0.001953125,0.07421875,-0.04809975624084473,-0.042046546936035156,-0.10083675384521484
562,265000000,imu2_frame,0.06292119746965169,-0.2148877662697429,-0.34291519328140607,0.9122901627406498,0.00390625,-0.001953125,0.07421875,0.0702054500579834,-0.11323142051696777,-0.029761314392089844
562,291000000,imu2_frame,0.060249618264004955,-0.21539179276941658,-0.3415086722690789,0.9128790642092901,0.00390625,-0.001953125,0.07421875,0.039171457290649414,-0.10280442237854004,-0.02804851531982422
562,316000000,imu2_frame,0.059481829083275685,-0.21335710465274035,-0.3408270291009693,0.9136616409466443,0.00390625,-0.001953125,0.07421875,-0.011844635009765625,0.0006182193756103516,-0.04689311981201172
562,341000000,imu2_frame,0.0607757101431987,-0.2150751199349923,-0.3406538375929687,0.9132381774623322,-0.0234375,-0.01953125,0.03125,-0.03229856491088867,-0.032679080963134766,-0.029473304748535156
562,365000000,imu2_frame,0.05832588093266181,-0.21635125058108265,-0.33985490061096496,0.9133941506907856,-0.0234375,-0.01953125,0.03125,0.0051517486572265625,-0.10753273963928223,-0.17675495147705078
562,391000000,imu2_frame,0.05852650370063166,-0.21873980112777353,-0.33938732661108084,0.912986193927896,-0.0234375,-0.01953125,0.03125,-0.03493452072143555,-0.01122283935546875,-0.1520824432373047
562,415000000,imu2_frame,0.05969522669884721,-0.22074439034191826,-0.33921886150906044,0.9124905249033793,0.0078125,-0.01171875,0.01171875,-0.06101655960083008,-0.04407548904418945,-0.13215923309326172
562,440000000,imu2_frame,0.05908197001993199,-0.2188374833179509,-0.33907533365618614,0.9130429315314673,0.01171875,-0.005859375,0.0234375,-0.03363919258117676,-0.02054595947265625,-0.14995670318603516
562,466000000,imu2_frame,0.061625500235116745,-0.21855065167414056,-0.3392978939362426,0.912860805130777,0.01171875,-0.005859375,0.0234375,-0.04965496063232422,0.013370275497436523,-0.06828880310058594
562,490000000,imu2_frame,0.062037467335931816,-0.21657279284625683,-0.3393729141852956,0.9132763016539385,0.01171875,-0.005859375,0.0234375,-0.013316869735717773,-0.02076101303100586,-0.08801746368408203
562,515000000,imu2_frame,0.061580264892872716,-0.21884542753977396,-0.33866548750434156,0.913028059477968,0.001953125,0.001953125,0.02734375,-0.05667567253112793,-0.024324893951416016,-0.06978893280029297
562,541000000,imu2_frame,0.062133169866003216,-0.21665427441209612,-0.33885462994221466,0.9134429015259221,0.001953125,-0.00390625,0.01953125,-0.015471935272216797,-0.021017789840698242,-0.08709430694580078
562,566000000,imu2_frame,0.05968198832166291,-0.2165779241539828,-0.33820000309908016,0.9138669601987516,0.001953125,-0.00390625,0.01953125,-0.03289294242858887,-0.04867982864379883,-0.09358024597167969
562,591000000,imu2_frame,0.05730462731669271,-0.2162611768303536,-0.33787433244864573,0.9142145363952748,-0.001953125,-0.001953125,-0.005859375,-0.04478764533996582,-0.003132343292236328,-0.10169696807861328
562,616000000,imu2_frame,0.05947239502977912,-0.21521136559627455,-0.338496588012106,0.9140936288213428,-0.001953125,-0.001953125,-0.005859375,-0.049535512924194336,-0.0022547245025634766,-0.07435417175292969
562,640000000,imu2_frame,0.06165790010192977,-0.21431066039524918,-0.339222159758004,0.9138914435123506,0.0078125,-0.009765625,-0.01953125,-0.01726055145263672,-0.03814220428466797,-0.07674121856689453
562,666000000,imu2_frame,0.06157841896989981,-0.21680580229454768,-0.3390845542832758,0.9133591886301343,0.0078125,-0.009765625,-0.01953125,-0.021182775497436523,-0.012962102890014648,-0.01685047149658203
562,691000000,imu2_frame,0.06257835068420509,-0.21903026876526815,-0.3391739986649257,0.9127270621713283,0.0078125,-0.009765625,-0.01953125,-0.05145454406738281,-0.04516863822937012,-0.06578445434570312
562,716000000,imu2_frame,0.06165014244577634,-0.21729091090833652,-0.3394573718707971,0.9131005490391582,0.0078125,-0.01953125,-0.017578125,-0.027859926223754883,-0.018758773803710938,-0.08286285400390625
562,741000000,imu2_frame,0.0627818646495311,-0.21959516879996221,-0.33957775785309896,0.9124271728101405,0.005859375,-0.01953125,-0.017578125,-0.05840587615966797,-0.05391359329223633,-0.06044197082519531
562,765000000,imu2_frame,0.0614912292149878,-0.21811395296212613,-0.33975662253134836,0.9128036862869016,0.005859375,-0.01953125,-0.017578125,-0.0810394287109375,-0.09651970863342285,-0.07233428955078125
562,791000000,imu2_frame,0.06360969951482225,-0.21696344489601072,-0.3405462680447386,0.9126384328020001,0.005859375,-0.01953125,-0.017578125,-0.08381152153015137,-0.01653313636779785,-0.11991024017333984
562,815000000,imu2_frame,0.06568499986909852,-0.21597295008855638,-0.3412413996277613,0.9124666968182066,0.037109375,-0.033203125,-0.021484375,-0.05070972442626953,-0.04967665672302246,-0.1230478286743164
562,841000000,imu2_frame,0.06389959163666602,-0.21537895802974974,-0.34111299319623484,0.9127818318192976,0.033203125,-0.0390625,-0.01171875,-0.05352139472961426,-0.013730049133300781,-0.13257503509521484
562,866000000,imu2_frame,0.062158835235057004,-0.21733355628205073,-0.34063077497850763,0.9126188030352864,0.033203125,-0.0390625,-0.01171875,0.01731562614440918,-0.0715639591217041,-0.08127689361572266
562,890000000,imu2_frame,0.060268571544900694,-0.21885334575161136,-0.3401708503843288,0.9125539462881442,0.033203125,-0.0390625,-0.01171875,0.016412019729614258,-0.08107781410217285,-0.06893539428710938
562,916000000,imu2_frame,0.05807234733394305,-0.21961565229113778,-0.34004678796099574,0.912559449976424,0.013671875,-0.005859375,-0.0390625,-0.011957168579101562,-0.0464472770690918,-0.06748104095458984
562,940000000,imu2_frame,0.05603404071540984,-0.22001441316446654,-0.3399920077171017,0.9126112419697083,0.013671875,0.0,-0.04296875,-0.03290414810180664,-0.012561321258544922,-0.06859970092773438
562,965000000,imu2_frame,0.058681836320013156,-0.22041751208281088,-0.34084795437094273,0.9120280886324054,0.013671875,0.0,-0.04296875,-0.018991708755493164,0.04779672622680664,-0.027945518493652344
562,990000000,imu2_frame,0.061039093741677236,-0.22078962564432777,-0.34173665993508234,0.9114506160508347,-0.009765625,-0.001953125,-0.041015625,-0.00636744499206543,0.00014710426330566406,-0.019220352172851562
563,16000000,imu2_frame,0.058608220253114726,-0.22147521756061184,-0.3416874262285407,0.9114622906530788,-0.009765625,-0.001953125,-0.041015625,0.00022029876708984375,-0.07421112060546875,-0.09319400787353516
563,41000000,imu2_frame,0.05690687633921691,-0.22257686677605223,-0.34166922814025696,0.9113085560574474,0.046875,-0.017578125,-0.056640625,-0.030121564865112305,-0.05100679397583008,-0.08747386932373047
563,66000000,imu2_frame,0.059881187853950135,-0.2233557760049151,-0.3425943248194139,0.9105797984075706,0.046875,-0.017578125,-0.056640625,-0.09407734870910645,0.15325379371643066,-0.1520223617553711
563,91000000,imu2_frame,0.06283571198788317,-0.22303325282959072,-0.3436654676396314,0.9100559805766132,0.046875,-0.017578125,-0.056640625,-0.14308643341064453,-0.014489173889160156,-0.22196483612060547
563,116000000,imu2_frame,0.06556612705012663,-0.22254646307846151,-0.34456513941802175,0.9096422480584071,0.046875,-0.029296875,-0.0390625,-0.11313509941101074,-0.06317663192749023,-0.21935081481933594
563,140000000,imu2_frame,0.06704281152014965,-0.2210454935264854,-0.3454562095190419,0.9095626193505547,0.02734375,-0.02734375,-0.041015625,-0.07499885559082031,-0.08307766914367676,-0.22853469848632812
563,166000000,imu2_frame,0.0648541985078738,-0.22143254814767027,-0.3454179643853156,0.9096416818927309,0.02734375,-0.02734375,-0.041015625,-0.01891779899597168,-0.1990518569946289,-0.15270709991455078
563,191000000,imu2_frame,0.06288945849287654,-0.2227012136751404,-0.34527541775148013,0.9095240356002876,0.02734375,-0.02734375,-0.041015625,-0.015334606170654297,-0.13675570487976074,-0.18566417694091797
563,215000000,imu2_frame,0.06153924797568429,-0.22316787743001196,-0.34589769017596966,0.9092655318293438,0.044921875,0.0234375,-0.1171875,-0.030869722366333008,-0.11830520629882812,-0.18488025665283203
563,241000000,imu2_frame,0.05992877783775442,-0.22328062035830146,-0.3467603849047592,0.909016799415714,0.0234375,0.04296875,-0.12890625,-0.04166674613952637,-0.0939180850982666,-0.18771934509277344
563,265000000,imu2_frame,0.06203110248940033,-0.22454531064410463,-0.34808393866717346,0.9080578822044546,0.0234375,0.04296875,-0.12890625,-0.04405522346496582,-0.06635284423828125,-0.13258075714111328
563,291000000,imu2_frame,0.06057574148457995,-0.2232178594062712,-0.34917547171428087,0.9080643461444706,0.0234375,0.04296875,-0.12890625,-0.02916264533996582,-0.18862581253051758,-0.10861492156982422
563,316000000,imu2_frame,0.05998596493125885,-0.22170570156093997,-0.3513705904892928,0.907627111784263,0.056640625,0.091796875,-0.24609375,-0.0018756389617919922,-0.1768341064453125,-0.12315654754638672
563,341000000,imu2_frame,0.05963183703096775,-0.22068939498470982,-0.35412890552451015,0.9068257568163839,0.0703125,0.09375,-0.306640625,0.020398378372192383,-0.17453384399414062,-0.13277435302734375
563,365000000,imu2_frame,0.06327262186727863,-0.21818318684247792,-0.35774036861240976,0.9057673547696218,0.0703125,0.09375,-0.306640625,-0.057247161865234375,-0.08347344398498535,-0.18458938598632812
563,391000000,imu2_frame,0.06304334018606833,-0.2166838821024081,-0.36210236039125976,0.9044089302380266,0.03515625,0.13671875,-0.431640625,-0.021170377731323242,-0.08572673797607422,-0.19790267944335938
563,415000000,imu2_frame,0.06630802289997968,-0.21310336725211065,-0.3670724478803606,0.9030216049309273,0.03515625,0.13671875,-0.431640625,-0.18817567825317383,-0.02372884750366211,-0.036131858825683594
563,441000000,imu2_frame,0.07014126778425762,-0.20944854041112693,-0.37318620275808007,0.9010791139207871,0.0859375,0.1171875,-0.509765625,-0.07982635498046875,-0.08753776550292969,-0.05609416961669922
563,466000000,imu2_frame,0.07479455898209597,-0.2064824109323805,-0.37913432039598155,0.8989037518111173,0.0859375,0.1171875,-0.509765625,-0.09334015846252441,-0.05149364471435547,-0.1334362030029297
563,490000000,imu2_frame,0.07667922895571339,-0.20316444961318866,-0.3844753497286823,0.8972308553048848,0.0859375,0.1171875,-0.509765625,-0.08065128326416016,-0.19591927528381348,-0.08410835266113281
563,515000000,imu2_frame,0.07643482534507964,-0.20051970354996362,-0.391532606103581,0.8947914753284365,-0.0234375,0.044921875,-0.634765625,-0.015996456146240234,-0.19577264785766602,-0.10571002960205078
563,540000000,imu2_frame,0.07579494456545907,-0.19890822478845288,-0.398618733076017,0.8920727269290863,-0.01171875,0.029296875,-0.658203125,0.028364896774291992,-0.19576692581176758,-0.12019634246826172
563,566000000,imu2_frame,0.07998945354091322,-0.1981383441464566,-0.4065685010357811,0.8882820148278612,-0.01171875,0.029296875,-0.658203125,-0.16792869567871094,0.5559954643249512,-0.1524677276611328
563,591000000,imu2_frame,0.08395224567710981,-0.19762250757123997,-0.414117965813594,0.8845358530536997,-0.01171875,0.029296875,-0.658203125,-0.1006171703338623,0.5463993549346924,-0.17500877380371094
563,616000000,imu2_frame,0.08614816383676588,-0.1962306885573588,-0.42063165519045187,0.8815560228298593,-0.15625,0.06640625,-0.54296875,-0.0363774299621582,0.49973225593566895,-0.1784229278564453
563,641000000,imu2_frame,0.08891284600567563,-0.19519178213621857,-0.42694710946468833,0.878470739251687,-0.1015625,0.080078125,-0.546875,0.027005672454833984,0.44190120697021484,-0.1769123077392578
563,666000000,imu2_frame,0.0916206790157816,-0.19422699841484212,-0.4332020653985228,0.8753385029792201,-0.1015625,0.080078125,-0.546875,0.01114034652709961,0.03766226768493652,-0.21376323699951172
563,691000000,imu2_frame,0.09407576284599856,-0.1938647360703093,-0.438980842949235,0.8722740592708874,-0.064453125,0.119140625,-0.54296875,0.06036972999572754,-0.017537593841552734,-0.20760059356689453
563,716000000,imu2_frame,0.09484913409483318,-0.1935811740440634,-0.4446171820490231,0.8693937728348233,-0.103515625,0.125,-0.546875,0.09318804740905762,-0.044280052185058594,-0.2068920135498047
563,741000000,imu2_frame,0.09640141396341559,-0.19374647724573918,-0.4500781375379657,0.866371017550262,0.013671875,0.134765625,-0.56640625,0.12560510635375977,-0.08708524703979492,-0.19983673095703125
563,766000000,imu2_frame,0.10084953010585977,-0.19056401051090704,-0.4564809284610873,0.8632148586109541,0.013671875,0.134765625,-0.56640625,-0.13980984687805176,0.004191398620605469,-0.2065887451171875
563,790000000,imu2_frame,0.10533156767760209,-0.1881837106766693,-0.46250676857055567,0.8599881632400302,0.037109375,0.109375,-0.564453125,-0.035375118255615234,-0.06571531295776367,-0.20614910125732422
563,816000000,imu2_frame,0.10851455308280605,-0.18407539880284693,-0.46908284661526456,0.8569143027958698,0.037109375,0.109375,-0.564453125,-0.06488204002380371,-0.09923958778381348,-0.0782022476196289
563,840000000,imu2_frame,0.1117788845397818,-0.18234601117118143,-0.47433949473976017,0.853965723498918,0.263671875,0.0546875,-0.55078125,0.016010761260986328,-0.15035796165466309,-0.07653141021728516
563,866000000,imu2_frame,0.11855192433833997,-0.18350689963995923,-0.4797790614585581,0.8497545005506894,0.263671875,0.0546875,-0.55078125,0.012944340705871582,0.555945634841919,-0.03774452209472656
563,891000000,imu2_frame,0.1251718277514536,-0.18434960863070693,-0.48501868054277625,0.8456382884304672,0.263671875,0.0546875,-0.55078125,0.049619197845458984,-0.10588359832763672,-0.03920936584472656
563,916000000,imu2_frame,0.1228638661880176,-0.1822480344244835,-0.49022962082259836,0.8434245924810805,-0.140625,0.06640625,-0.5,0.0828636884689331,-0.06108450889587402,-0.06545162200927734
563,941000000,imu2_frame,0.12323738968483743,-0.18273495706456916,-0.49502004362145596,0.8404615622759255,0.0625,0.0625,-0.525390625,0.10054516792297363,-0.08186912536621094,-0.06018352508544922
563,966000000,imu2_frame,0.12457572890002419,-0.17959552063342205,-0.500624075939151,0.8376167807103132,0.0625,0.0625,-0.525390625,-0.04177367687225342,-0.19952678680419922,-0.07593059539794922
563,991000000,imu2_frame,0.12611290967051364,-0.17635606848669239,-0.5062545447440728,0.8346858133743053,0.0625,0.0625,-0.525390625,-0.10205018520355225,-0.24424052238464355,-0.047969818115234375
564,16000000,imu2_frame,0.12617222137066603,-0.17292521812559594,-0.51245141821218,0.8316074695810111,-0.021484375,0.0546875,-0.57421875,-0.019797563552856445,-0.22461199760437012,-0.07110118865966797
564,40000000,imu2_frame,0.12621481519797037,-0.17052487856094248,-0.5182788429075215,0.82847940663046,0.033203125,0.0546875,-0.591796875,0.044452786445617676,-0.2129659652709961,-0.0870065689086914
564,65000000,imu2_frame,0.1305489171943348,-0.16917768463798272,-0.5244274463952048,0.8242037034054885,0.033203125,0.0546875,-0.591796875,-0.09044897556304932,0.18204092979431152,-0.07811260223388672
564,91000000,imu2_frame,0.13403173663208773,-0.16784962563559505,-0.5302787608837113,0.8201624427544904,-0.041015625,0.05078125,-0.5390625,-0.004759788513183594,0.13093805313110352,-0.06885051727294922
564,116000000,imu2_frame,0.13720984173007414,-0.16767340978745718,-0.5354687314844705,0.8162918133762386,-0.01171875,0.044921875,-0.525390625,0.057614684104919434,0.07518863677978516,-0.05315685272216797
564,141000000,imu2_frame,0.13869244503645803,-0.16793579543182308,-0.5402535363688507,0.8128272207200254,-0.072265625,0.048828125,-0.501953125,0.09329092502593994,0.04247117042541504,-0.04343986511230469
564,165000000,imu2_frame,0.13811991158626238,-0.16435271283926578,-0.545512299438952,0.8101403625092407,-0.072265625,0.048828125,-0.501953125,0.014648079872131348,-0.11168169975280762,-0.06589412689208984
564,190000000,imu2_frame,0.13674673497672235,-0.16191229880158753,-0.5504406557613979,0.8075269793975639,-0.0546875,0.05859375,-0.486328125,0.060097336769104004,-0.07252383232116699,-0.088836669921875
564,216000000,imu2_frame,0.13541383843181215,-0.15911340767127213,-0.5556144699977817,0.8047599496679009,-0.0546875,0.05859375,-0.486328125,0.0731741189956665,-0.1473255157470703,-0.07833480834960938
564,240000000,imu2_frame,0.134078160874176,-0.15748860358809727,-0.5601827984953343,0.8021319210618696,-0.046875,0.068359375,-0.4921875,0.10429251194000244,-0.11583685874938965,-0.0954275131225586
564,265000000,imu2_frame,0.13312377198260442,-0.15444342695940408,-0.5652302500668852,0.7993372589911503,-0.046875,0.068359375,-0.4921875,0.04597073793411255,-0.0755000114440918,-0.15413475036621094
564,291000000,imu2_frame,0.13444065006636088,-0.15009457651946256,-0.5708143743612629,0.7959700243927139,-0.046875,0.068359375,-0.4921875,0.0006821751594543457,-0.055556297302246094,-0.055950164794921875
564,316000000,imu2_frame,0.1339556296689013,-0.14794448855208628,-0.5759072441046329,0.7927793916184228,0.025390625,0.0546875,-0.517578125,0.0512847900390625,-0.03039836883544922,-0.07101917266845703
564,340000000,imu2_frame,0.13380060117946163,-0.1486151832591541,-0.5802898842545898,0.7894774073149006,0.0078125,0.04296875,-0.515625,0.06020534038543701,-0.039620399475097656,-0.0679473876953125
564,366000000,imu2_frame,0.1375607363893512,-0.14644717834449106,-0.5857451303479885,0.7851960965469545,0.0078125,0.04296875,-0.515625,-0.028167366981506348,0.040033817291259766,-0.021445274353027344
564,391000000,imu2_frame,0.14055803275144055,-0.14675464148837813,-0.5904436234450616,0.7810780000510377,0.0078125,0.04296875,-0.515625,0.06521850824356079,0.06257796287536621,-0.08151531219482422
564,416000000,imu2_frame,0.14300123746493051,-0.14870354004631253,-0.5941958646628069,0.7774118455997521,0.091796875,0.017578125,-0.451171875,0.08480584621429443,0.002121448516845703,-0.0567169189453125
564,441000000,imu2_frame,0.14354238039824702,-0.15007941996798424,-0.5977249180702832,0.774336280339202,0.0390625,0.0390625,-0.4296875,0.08910572528839111,-0.023816823959350586,-0.04564857482910156
564,466000000,imu2_frame,0.14601906805205556,-0.15127302203730178,-0.6013282305474541,0.770843216040447,0.0390625,0.0390625,-0.4296875,0.12059187889099121,0.11548519134521484,-0.06366539001464844
564,490000000,imu2_frame,0.14738836185261625,-0.1519060154779036,-0.6040458171338589,0.7683292810085519,-0.0234375,0.083984375,-0.35546875,0.14244234561920166,0.08658123016357422,-0.052059173583984375
564,516000000,imu2_frame,0.15093500953965144,-0.14961485138580755,-0.6076634057420305,0.7652314711654667,-0.0234375,0.083984375,-0.35546875,0.007992565631866455,0.019859790802001953,-0.048786163330078125
564,541000000,imu2_frame,0.15303007385101008,-0.1495021803713143,-0.6107624051327399,0.7623648595245247,-0.060546875,0.08203125,-0.3671875,0.052211225032806396,-0.010611534118652344,-0.03699970245361328
564,565000000,imu2_frame,0.15336578291138847,-0.1454367685762419,-0.6145410010942448,0.7600437098957934,-0.060546875,0.08203125,-0.3671875,-0.09574335813522339,-0.1623072624206543,0.019707679748535156
564,591000000,imu2_frame,0.1549508029142254,-0.14104248127288982,-0.6186309913905077,0.7572271545869316,-0.060546875,0.08203125,-0.3671875,-0.14360877871513367,-0.09674429893493652,-0.07347393035888672
564,616000000,imu2_frame,0.15523074916889285,-0.13679936035870952,-0.6225284777374054,0.7547500539409462,-0.060546875,0.08203125,-0.3671875,-0.09803076088428497,-0.2048356533050537,-0.05185127258300781
564,640000000,imu2_frame,0.15515010715981004,-0.13357878787650942,-0.6265789630460524,0.751986671920371,-0.01953125,0.02734375,-0.40234375,-0.03199848532676697,-0.16665220260620117,-0.06936168670654297
564,665000000,imu2_frame,0.15732703124251918,-0.13043278139827844,-0.6307405027880604,0.7485999685544937,-0.01953125,0.02734375,-0.40234375,-0.011877883225679398,-0.08217215538024902,-0.19339752197265625
564,690000000,imu2_frame,0.16021315888825924,-0.12990479779264263,-0.6343250612173517,0.7450424175448679,-0.01953125,0.02734375,-0.40234375,0.0126279816031456,-0.0025534629821777344,-0.2172374725341797
564,716000000,imu2_frame,0.1623547524955152,-0.12989528160842673,-0.6380619536054402,0.7413805321959813,-0.0546875,0.04296875,-0.42578125,0.06047782301902771,-0.031490325927734375,-0.2037830352783203
564,741000000,imu2_frame,0.16332904029115633,-0.1307845688083619,-0.6414696838701319,0.7380621016111949,-0.021484375,0.046875,-0.4296875,0.07910493016242981,-0.0548250675201416,-0.19304656982421875
564,765000000,imu2_frame,0.16619183953820443,-0.12821744043144342,-0.645428485057855,0.7344131201960102,-0.021484375,0.046875,-0.4296875,-0.09548768401145935,0.05126953125,-0.03135204315185547
564,790000000,imu2_frame,0.16686784795311324,-0.12437122723735734,-0.6498031999747594,0.7310558942088718,-0.021484375,0.046875,-0.4296875,-0.00931134819984436,-0.10102438926696777,-0.08109283447265625
564,815000000,imu2_frame,0.16614565356677435,-0.12072358875682214,-0.653954689681424,0.7281240970893734,-0.052734375,0.056640625,-0.4140625,0.054042667150497437,-0.044652462005615234,-0.10326862335205078
564,841000000,imu2_frame,0.16556733324772574,-0.1167852642194367,-0.6582785744106504,0.724995157704046,-0.052734375,0.056640625,-0.4140625,0.04962122440338135,-0.09910321235656738,-0.1682720184326172
564,866000000,imu2_frame,0.16673134393797598,-0.11725755431691987,-0.6614985973939808,0.7217138841327961,-0.052734375,0.056640625,-0.4140625,0.1110730767250061,0.03401589393615723,-0.15855789184570312
564,891000000,imu2_frame,0.1677360934807162,-0.1183309874404656,-0.6643743220124734,0.7186578745172556,-0.001953125,0.0546875,-0.38671875,0.12541955709457397,0.00932621955871582,-0.14704513549804688
564,916000000,imu2_frame,0.1673521594443272,-0.11902433003470513,-0.6673506524444893,0.7158697998037244,-0.001953125,0.0546875,-0.38671875,0.12691831588745117,-0.031163692474365234,-0.10727691650390625
564,940000000,imu2_frame,0.1667366392815549,-0.11983726935049731,-0.6701832328140884,0.7132267216324459,-0.005859375,0.033203125,-0.37890625,0.1229366660118103,-0.03117656707763672,-0.10750198364257812
564,966000000,imu2_frame,0.16572648530173922,-0.12040725790805401,-0.673313960068406,0.7104119477384913,-0.005859375,0.033203125,-0.37890625,0.04430580139160156,-0.022815465927124023,-0.0684194564819336
564,991000000,imu2_frame,0.1684480532396929,-0.11778523273925554,-0.6768615361738836,0.706831205562295,-0.005859375,0.033203125,-0.37890625,0.05833476781845093,-0.022465944290161133,-0.06285285949707031
565,16000000,imu2_frame,0.17022000254424502,-0.11874775550444873,-0.6796693713951985,0.7035436495937893,-0.005859375,0.033203125,-0.37890625,0.046389102935791016,-0.016186237335205078,-0.04667472839355469
565,40000000,imu2_frame,0.16887110640884595,-0.11892799929752049,-0.6824761303347561,0.7011169744961522,-0.080078125,0.03125,-0.3671875,0.04089897871017456,0.0014345645904541016,-0.05477428436279297
565,66000000,imu2_frame,0.1678933105226202,-0.11499148571657938,-0.6863479647894147,0.6982229341147975,-0.080078125,0.03125,-0.3671875,-0.012262403964996338,-0.1623396873474121,-0.0049877166748046875
565,91000000,imu2_frame,0.16736353108490204,-0.11100400226176278,-0.6900752496388778,0.695315546914136,-0.080078125,0.03125,-0.3671875,0.014491796493530273,-0.06112384796142578,-0.06513786315917969
565,116000000,imu2_frame,0.16617489043879763,-0.10885427123170648,-0.6937614314707438,0.692265649607094,0.001953125,0.025390625,-0.396484375,0.046140313148498535,-0.013911008834838867,-0.08212471008300781
565,141000000,imu2_frame,0.16604934672262667,-0.11013325160681246,-0.6967411195170066,0.689093675575163,-0.00390625,0.01953125,-0.3984375,0.043625831604003906,-0.025652170181274414,-0.0774698257446289
565,165000000,imu2_frame,0.16878977489030766,-0.10815006790220935,-0.700098982271067,0.6853283809446701,-0.00390625,0.01953125,-0.3984375,-0.06470727920532227,0.008837699890136719,-0.10705947875976562
565,191000000,imu2_frame,0.17099009163308534,-0.10500409955860826,-0.7039370786644058,0.6813289344513539,-0.00390625,0.01953125,-0.3984375,-0.049537479877471924,-0.05023002624511719,-0.10555076599121094
565,216000000,imu2_frame,0.17346793585492276,-0.10211691568967865,-0.7074726376162025,0.6774684330539933,0.015625,0.033203125,-0.392578125,0.04270315170288086,-0.03746819496154785,-0.10055732727050781
565,241000000,imu2_frame,0.17634205838362524,-0.1023074308125215,-0.7103479773489504,0.6736782756789937,0.015625,0.033203125,-0.392578125,0.023193359375,0.0854184627532959,-0.04108428955078125
565,266000000,imu2_frame,0.17958007896100073,-0.10094224877964013,-0.7134803056412776,0.6697070337944041,0.015625,0.033203125,-0.392578125,-0.01222383975982666,0.03042769432067871,-0.059136390686035156
565,291000000,imu2_frame,0.18226887275518472,-0.10094537557456208,-0.7157681069319874,0.6665313993156391,-0.00390625,0.03125,-0.322265625,0.0396503210067749,0.001989603042602539,-0.040106773376464844
565,316000000,imu2_frame,0.184495337864539,-0.10156717969480422,-0.7179390517486011,0.6634825516088666,-0.00390625,0.03125,-0.322265625,0.041425466537475586,0.12331104278564453,-0.0646514892578125
565,340000000,imu2_frame,0.18508605025206773,-0.10125299405820339,-0.7197043695304673,0.6614503803575074,-0.150390625,0.046875,-0.271484375,0.06420004367828369,0.12391424179077148,-0.061629295349121094
565,366000000,imu2_frame,0.18262459049456947,-0.09748449867124243,-0.7225169045989616,0.6596319837865977,-0.150390625,0.046875,-0.271484375,0.12697076797485352,-0.29015064239501953,-0.13301563262939453
565,391000000,imu2_frame,0.1800723770161264,-0.09417679972438876,-0.7251571628679678,0.6579147046317737,-0.150390625,0.046875,-0.271484375,0.18509185314178467,-0.32262277603149414,-0.16350269317626953
565,416000000,imu2_frame,0.1772704879734329,-0.09214946101410387,-0.7275556336721107,0.6563127690670392,-0.150390625,0.046875,-0.271484375,0.14358139038085938,-0.06521272659301758,-0.10842609405517578
565,440000000,imu2_frame,0.17634822538834274,-0.09207234506821727,-0.7297864073006547,0.6540915734017864,-0.0078125,0.080078125,-0.318359375,0.14313924312591553,-0.04863619804382324,-0.1150808334350586
565,466000000,imu2_frame,0.17787944639604272,-0.09303054301152969,-0.7318151666936865,0.6512685946780399,-0.0078125,0.080078125,-0.318359375,0.05162990093231201,0.0023894309997558594,-0.02289104461669922
565,491000000,imu2_frame,0.18028106996046772,-0.0895628735786561,-0.7345156551386175,0.6480462790931913,-0.0078125,0.080078125,-0.318359375,-0.007052421569824219,-0.011024236679077148,-0.022357940673828125
565,515000000,imu2_frame,0.18262020175943494,-0.08711044228129305,-0.7369473604274348,0.6449575340392087,0.041015625,0.03515625,-0.296875,0.07153952121734619,0.0014383792877197266,-0.014233589172363281
565,541000000,imu2_frame,0.18159432980894324,-0.08795375630596879,-0.7391111634378826,0.6426525688226964,-0.00390625,0.037109375,-0.294921875,0.05777573585510254,0.006680011749267578,-0.018650054931640625
565,565000000,imu2_frame,0.18077526232558563,-0.0887715872535439,-0.7410417341552408,0.6405443451220185,-0.021484375,0.0390625,-0.29296875,0.04614758491516113,0.009255409240722656,-0.021627426147460938
565,590000000,imu2_frame,0.1790248240138792,-0.08726032121659877,-0.7435643821741789,0.6383163465632911,-0.021484375,0.0390625,-0.29296875,0.09141039848327637,-0.06064319610595703,-0.03913593292236328
565,616000000,imu2_frame,0.17720833025911906,-0.08676207897517602,-0.7461701930992038,0.6358455726581552,-0.013671875,0.03125,-0.3125,0.08444082736968994,-0.026594877243041992,-0.05347919464111328
565,640000000,imu2_frame,0.1757015864563967,-0.08701442766236266,-0.7485040529528648,0.6334817476521576,-0.03125,0.025390625,-0.32421875,0.07136154174804688,-0.007393360137939453,-0.0630178451538086
565,666000000,imu2_frame,0.1772108217969637,-0.08348371367590705,-0.751463824275599,0.6300229479900044,-0.03125,0.025390625,-0.32421875,-0.0031937360763549805,-0.04148244857788086,-0.1034383773803711
565,690000000,imu2_frame,0.1793103278513843,-0.08074931247437175,-0.7542172491850369,0.6264851920775949,-0.005859375,0.025390625,-0.34765625,0.07655394077301025,-0.019115209579467773,-0.09758567810058594
565,715000000,imu2_frame,0.18215516087719955,-0.07989610756680447,-0.7566406421360713,0.6228411097779184,-0.005859375,0.025390625,-0.34765625,0.02997446060180664,0.006891489028930664,-0.07626056671142578
565,741000000,imu2_frame,0.18298631949244523,-0.0809662899808998,-0.7590149972315641,0.6195617005132795,-0.037109375,0.017578125,-0.35546875,0.04292440414428711,-0.011089563369750977,-0.06696224212646484
565,766000000,imu2_frame,0.1848992859033522,-0.07790738698339382,-0.7619157938108733,0.6158141085322723,-0.037109375,0.017578125,-0.35546875,-0.14498627185821533,-0.018812894821166992,-0.06661033630371094
565,790000000,imu2_frame,0.187259571946005,-0.07594815721103108,-0.7644444947468778,0.6122012288308789,-0.037109375,0.017578125,-0.35546875,-0.07163441181182861,0.030495643615722656,-0.13345909118652344
565,816000000,imu2_frame,0.18873017971602965,-0.07234916798960055,-0.7675268398882711,0.6083165846881804,-0.037109375,0.017578125,-0.35546875,-0.028782367706298828,-0.04055142402648926,-0.09401893615722656
565,840000000,imu2_frame,0.19065092261443087,-0.06938462741920487,-0.7702244483812336,0.6046422895398478,-0.029296875,0.025390625,-0.357421875,0.05031919479370117,-0.008875846862792969,-0.08798885345458984
565,866000000,imu2_frame,0.1905402603929987,-0.07079720520298688,-0.7725955169201856,0.601480117825723,0.0,0.021484375,-0.35546875,0.045168399810791016,-0.020343780517578125,-0.08494186401367188
565,891000000,imu2_frame,0.19312295564073428,-0.06860839383900404,-0.7751855013818649,0.5975649343349771,0.0,0.021484375,-0.35546875,-0.027416467666625977,-0.006336688995361328,-0.11060237884521484
565,915000000,imu2_frame,0.19578637209081762,-0.06718624984961162,-0.7774348615693214,0.5939265445754649,-0.013671875,0.029296875,-0.3515625,0.042937517166137695,-0.004923820495605469,-0.0941305160522461
565,940000000,imu2_frame,0.19646360938301544,-0.06885816144372316,-0.7795152534703504,0.5907762464739449,0.021484375,0.015625,-0.34765625,0.046054840087890625,-0.028905153274536133,-0.08448982238769531
565,966000000,imu2_frame,0.1988628462854957,-0.06966681790457811,-0.7816226974268177,0.5870826702582073,0.021484375,0.015625,-0.34765625,0.04742574691772461,0.0597536563873291,-0.14188861846923828
565,991000000,imu2_frame,0.20163227534815883,-0.06965224108521278,-0.7837100400014917,0.5833451500189164,0.021484375,0.015625,-0.34765625,0.06806540489196777,-0.03804135322570801,-0.08118534088134766
566,15000000,imu2_frame,0.20034413764514175,-0.06961240622668814,-0.785888312933938,0.5808578991495286,-0.0078125,0.046875,-0.322265625,0.060721397399902344,-0.015996456146240234,-0.09140682220458984
566,41000000,imu2_frame,0.2000659764524885,-0.07077086193117726,-0.7879146238314552,0.5780619652945237,0.009765625,0.048828125,-0.322265625,0.05508112907409668,-0.02249431610107422,-0.0904073715209961
566,66000000,imu2_frame,0.199687558104185,-0.06772291840597101,-0.7906079064835639,0.574871832382351,0.009765625,0.048828125,-0.322265625,0.020311355590820312,-0.07568073272705078,0.05463695526123047
566,90000000,imu2_frame,0.19869306237222373,-0.0658894884020529,-0.793007182939101,0.5721182133879802,0.037109375,0.029296875,-0.298828125,0.038411617279052734,-0.02856898307800293,0.04210472106933594
566,115000000,imu2_frame,0.2000967795835274,-0.06762864418486898,-0.7945549696754521,0.569271504161291,0.037109375,0.029296875,-0.298828125,0.01145792007446289,0.01210641860961914,0.057579994201660156
566,141000000,imu2_frame,0.19838936678347854,-0.06757757655522625,-0.7966771643098246,0.5669042477891921,0.005859375,0.025390625,-0.27734375,-0.0031175613403320312,0.03825068473815918,0.044152259826660156
566,166000000,imu2_frame,0.19929820887979388,-0.06889532981044492,-0.7981087554829097,0.5644077177795649,-0.015625,0.02734375,-0.27734375,0.005354642868041992,0.015480995178222656,0.05472564697265625
566,191000000,imu2_frame,0.19804569472389646,-0.06626909324841666,-0.8004896357411416,0.5617852375707073,-0.015625,0.02734375,-0.27734375,0.0664827823638916,-0.11409139633178711,-0.04006004333496094
566,216000000,imu2_frame,0.19737038180573493,-0.06314516496267097,-0.8028682671574445,0.5589813647334747,-0.015625,0.02734375,-0.27734375,0.024731159210205078,-0.04991006851196289,-0.010214805603027344
566,241000000,imu2_frame,0.19565626991401128,-0.060805811294446656,-0.8053965817200017,0.5561992660098505,-0.029296875,0.01953125,-0.302734375,0.036370277404785156,0.013164520263671875,-0.02904987335205078
566,266000000,imu2_frame,0.1952725329761215,-0.06219093783429202,-0.8072542457578717,0.5534812623949164,-0.009765625,0.013671875,-0.314453125,0.02565312385559082,0.0036613941192626953,-0.028656005859375
566,290000000,imu2_frame,0.1960043470817958,-0.05895857034671016,-0.8096328433397383,0.5500916668095617,-0.009765625,0.013671875,-0.314453125,-0.028088808059692383,-0.05628776550292969,-0.03461933135986328
566,315000000,imu2_frame,0.1965525472041803,-0.055354278721505695,-0.8121619286098901,0.5465308790282889,-0.025390625,0.01953125,-0.322265625,0.0329136848449707,0.005802154541015625,-0.038466453552246094
566,340000000,imu2_frame,0.19605273993018218,-0.0568021205145484,-0.8140769589396072,0.5437053863946542,-0.009765625,0.001953125,-0.322265625,0.019986391067504883,-0.0031402111053466797,-0.03912830352783203
566,366000000,imu2_frame,0.19608604489637493,-0.058516433626384104,-0.8159196506483892,0.5407413556205555,0.009765625,0.013671875,-0.31640625,0.01274871826171875,-0.02151942253112793,-0.03500938415527344
566,390000000,imu2_frame,0.19851510347850782,-0.056748404062497516,-0.8178178072571842,0.5371642267131422,0.009765625,0.013671875,-0.31640625,0.0033757686614990234,-0.007209300994873047,-0.09447860717773438
566,416000000,imu2_frame,0.20094801310419866,-0.05589825752902722,-0.8194670313174242,0.5338249389252071,-0.04296875,0.017578125,-0.296875,0.06131744384765625,-0.007844686508178711,-0.07735538482666016
566,440000000,imu2_frame,0.19992709022111635,-0.0565647086713753,-0.8211513397001542,0.5315449836441711,-0.046875,0.02734375,-0.29296875,0.047132253646850586,-0.0008413791656494141,-0.08388328552246094
566,465000000,imu2_frame,0.19980663509921365,-0.05745878029321452,-0.8227160621841758,0.529069067477687,-0.0546875,0.03515625,-0.294921875,0.04479503631591797,-0.006021261215209961,-0.08283424377441406
566,491000000,imu2_frame,0.1993553052529133,-0.058007723088421476,-0.8244446130081176,0.5264823324780329,-0.083984375,0.037109375,-0.3046875,0.04153037071228027,-0.0020630359649658203,-0.08511638641357422
566,515000000,imu2_frame,0.19895160365568373,-0.053949052561821954,-0.8267513147977719,0.5234405626340674,-0.083984375,0.037109375,-0.3046875,-0.024302959442138672,-0.2317051887512207,-0.10104560852050781
566,541000000,imu2_frame,0.19850150128717328,-0.04996335966289489,-0.8292466582483828,0.5200488404581096,-0.052734375,0.03125,-0.306640625,0.022199392318725586,-0.15196585655212402,-0.11263751983642578
566,566000000,imu2_frame,0.19799072773380108,-0.04614958052940802,-0.8316294172637134,0.5167808048776736,-0.052734375,0.03125,-0.306640625,0.02579641342163086,-0.10961246490478516,-0.08469867706298828
566,590000000,imu2_frame,0.19627107868007623,-0.0435496141804989,-0.8339217166751688,0.5139607623506184,-0.052734375,0.03125,-0.306640625,0.07436871528625488,-0.04111289978027344,-0.0634469985961914
566,615000000,imu2_frame,0.1956022797465452,-0.03979861381322197,-0.8362739153708908,0.5106875335924507,-0.052734375,0.03125,-0.306640625,0.0775294303894043,-0.00552821159362793,-0.16061973571777344
566,640000000,imu2_frame,0.19526667700071937,-0.039585269509971543,-0.8378822679441068,0.5081901576730504,-0.146484375,0.056640625,-0.3125,0.08223462104797363,0.009606361389160156,-0.16351795196533203
566,666000000,imu2_frame,0.1946766214275374,-0.034327350310703206,-0.8402631602546005,0.5048568783419292,-0.146484375,0.056640625,-0.3125,0.02282404899597168,-0.11780500411987305,-0.13654708862304688
566,691000000,imu2_frame,0.19349807911423014,-0.029483978069390848,-0.8425825597872586,0.5017407880157421,-0.146484375,0.056640625,-0.3125,0.06183576583862305,-0.16852068901062012,-0.14762401580810547
566,716000000,imu2_frame,0.19226849401415352,-0.024719120473138012,-0.8452931131239647,0.49789692125756335,-0.1328125,0.078125,-0.384765625,0.10036182403564453,-0.06484746932983398,-0.16194438934326172
566,741000000,imu2_frame,0.19430203986410854,-0.02051323844634983,-0.847390202590761,0.4937162838172127,-0.1328125,0.078125,-0.384765625,0.028264760971069336,0.038971900939941406,-0.07217693328857422
566,765000000,imu2_frame,0.19519406424878483,-0.01987616544578872,-0.8490640401213567,0.4905043028374085,-0.14453125,0.0703125,-0.373046875,0.056827545166015625,0.05251765251159668,-0.065887451171875
566,791000000,imu2_frame,0.19549964835785166,-0.014357592197080118,-0.85151628961867,0.48630623639051956,-0.14453125,0.0703125,-0.373046875,-0.02697610855102539,-0.03487873077392578,-0.028182029724121094
566,816000000,imu2_frame,0.19747262008449998,-0.010342595030228297,-0.8534082901191105,0.4822778093598954,-0.14453125,0.0703125,-0.373046875,-0.06114768981933594,0.06352686882019043,-0.0149688720703125
566,840000000,imu2_frame,0.19994926647266556,-0.010489519184349518,-0.8548470390415891,0.4786928040676524,0.03515625,0.01171875,-0.330078125,-0.014861345291137695,0.051445960998535156,0.004330635070800781
566,865000000,imu2_frame,0.20171653248093482,-0.011230568852389627,-0.8562655453436552,0.4753878739560493,-0.009765625,0.01953125,-0.32421875,0.01405787467956543,0.03524446487426758,0.01852130889892578
566,891000000,imu2_frame,0.2008837126949569,-0.012450754642663058,-0.8581414044443558,0.4723177348575713,-0.009765625,0.01953125,-0.32421875,0.18831753730773926,0.11227273941040039,-0.06949424743652344
566,916000000,imu2_frame,0.19936883448812448,-0.013041588433372662,-0.8601215200798579,0.4693324573279545,-0.009765625,0.01953125,-0.32421875,0.12687277793884277,0.01419210433959961,-0.12011337280273438
566,940000000,imu2_frame,0.19819516851179284,-0.013542193873792654,-0.861783060767264,0.46676036714600455,-0.05078125,0.03125,-0.306640625,0.10966157913208008,0.026070117950439453,-0.12897491455078125
566,966000000,imu2_frame,0.19719150373733024,-0.009744464604283586,-0.863990373509962,0.4631859138029812,-0.05078125,0.03125,-0.306640625,0.05846858024597168,-0.004628300666809082,-0.09939861297607422
566,991000000,imu2_frame,0.19743684925332491,-0.010702991324402751,-0.8654079187467851,0.46040555025323826,-0.05078125,0.03125,-0.306640625,0.05997610092163086,0.02646458148956299,-0.09321880340576172
567,15000000,imu2_frame,0.19974836447169259,-0.009402053716937883,-0.8666268869211443,0.45713240001355604,-0.05078125,0.03125,-0.306640625,0.0770711898803711,0.0011701583862304688,-0.07578754425048828
567,41000000,imu2_frame,0.19818729352497125,-0.009739360081992854,-0.8683687530403096,0.4544916394100756,-0.0546875,0.029296875,-0.291015625,0.05489039421081543,0.019288301467895508,-0.08779716491699219
567,66000000,imu2_frame,0.1983711842118515,-0.010966779446053709,-0.8696723947397623,0.45188331331282466,-0.025390625,0.041015625,-0.287109375,0.052710533142089844,0.006661176681518555,-0.0858774185180664
567,91000000,imu2_frame,0.2006924446517112,-0.008501303799636284,-0.8709667264667862,0.4484052094714741,-0.025390625,0.041015625,-0.287109375,0.0063076019287109375,0.0024453401565551758,-0.11168098449707031
567,116000000,imu2_frame,0.2029306779739786,-0.006700803607267565,-0.8718134583739715,0.4457752045213526,-0.115234375,0.0546875,-0.25390625,0.06389427185058594,0.02380383014678955,-0.0945577621459961
567,141000000,imu2_frame,0.20103089671027413,-0.003119070485962035,-0.8735666887571775,0.4432359306971712,-0.115234375,0.0546875,-0.25390625,0.06980657577514648,-0.0020319223403930664,-0.07117652893066406
567,166000000,imu2_frame,0.19925896324975126,-0.002213056621575563,-0.8748589989827934,0.4414891842886398,-0.1484375,0.064453125,-0.236328125,0.052506208419799805,0.03553974628448486,-0.08513545989990234
567,191000000,imu2_frame,0.19917718392058345,0.0028074866976020335,-0.8762161677020393,0.43882319318999147,-0.1484375,0.064453125,-0.236328125,-0.052785396575927734,-0.09790575504302979,-0.0036859512329101562
567,216000000,imu2_frame,0.19914066002850878,0.007824533253566041,-0.8775332114120661,0.4361390111783167,-0.1484375,0.064453125,-0.236328125,-0.0056612491607666016,-0.040074944496154785,-0.045897483825683594
567,241000000,imu2_frame,0.19970481353138575,0.012170218454334844,-0.8786507808369339,0.4335235617239443,-0.09375,0.06640625,-0.21484375,0.044803619384765625,0.040134429931640625,-0.03980064392089844
567,266000000,imu2_frame,0.19962423434168444,0.01131463543104446,-0.8794706673739513,0.431918382703695,-0.072265625,0.05078125,-0.205078125,0.03902006149291992,0.032564401626586914,-0.040821075439453125
567,291000000,imu2_frame,0.1997569624116047,0.015346363418145482,-0.880625823819995,0.429371405102019,-0.072265625,0.05078125,-0.205078125,0.000957489013671875,-0.0022335052490234375,0.0013780593872070312
567,316000000,imu2_frame,0.19875943878986493,0.014817393759617405,-0.8816400332655714,0.4277686081020819,-0.072265625,0.05078125,-0.205078125,0.06096029281616211,0.04261147975921631,-0.045764923095703125
567,341000000,imu2_frame,0.1983969463166743,0.013165791828318028,-0.8824379796011397,0.426343201863488,-0.01171875,0.02734375,-0.17578125,0.04362607002258301,0.022914886474609375,-0.049483299255371094
567,366000000,imu2_frame,0.19793202097610302,0.011840118864061906,-0.8832005992395717,0.42501697396746624,-0.044921875,0.025390625,-0.173828125,0.027201414108276367,0.009230613708496094,-0.053732872009277344
567,390000000,imu2_frame,0.19800445702010633,0.015208935364730626,-0.8841820815533034,0.42282971743399483,-0.044921875,0.025390625,-0.173828125,-0.05760765075683594,-0.15491974353790283,-0.05139350891113281
567,415000000,imu2_frame,0.1998277180432458,0.017746304605119743,-0.8847873368505336,0.42060114160975803,-0.044921875,0.025390625,-0.173828125,-0.0035462379455566406,-0.003934144973754883,-0.1137075424194336
567,441000000,imu2_frame,0.2027888353817851,0.017556039701906983,-0.8851673959257786,0.4183863703617271,0.095703125,0.01171875,-0.1484375,0.046843767166137695,-0.022658348083496094,-0.09053611755371094
567,466000000,imu2_frame,0.2007542488138423,0.018693475681640353,-0.886409606714595,0.4166848865440245,0.001953125,0.01171875,-0.154296875,0.025235891342163086,0.02077770233154297,-0.10577106475830078
567,490000000,imu2_frame,0.2007049446414672,0.016764982480531907,-0.887016337055669,0.41549786805137406,0.001953125,0.01171875,-0.154296875,0.010650157928466797,-0.007374286651611328,-0.029372215270996094
567,516000000,imu2_frame,0.2006437606178669,0.019532547365279592,-0.8882008923381,0.4128676976567024,0.017578125,0.005859375,-0.18359375,0.03571772575378418,0.051873207092285156,-0.027886390686035156
567,541000000,imu2_frame,0.19986179797553003,0.017589466498876362,-0.8891553572121053,0.4112768205470456,0.017578125,0.005859375,-0.18359375,0.04870009422302246,0.030993342399597168,-0.035419464111328125
567,566000000,imu2_frame,0.19945772093547454,0.015408188408322953,-0.8901174049390885,0.40947553127592723,0.0390625,0.013671875,-0.197265625,0.027348041534423828,0.0036432743072509766,-0.03998088836669922
567,591000000,imu2_frame,0.20196618460382845,0.016208558362941192,-0.8907205632513189,0.4068953441778617,0.0390625,0.013671875,-0.197265625,0.004717826843261719,0.007878303527832031,-0.01980876922607422
567,616000000,imu2_frame,0.20187783866686831,0.01875776206794221,-0.8919385378400144,0.4041523590593199,0.0390625,0.013671875,-0.197265625,-0.011785745620727539,-0.16624009609222412,-0.05391502380371094
567,640000000,imu2_frame,0.20158161721823742,0.021073710414445328,-0.8929682468225542,0.4019060344106594,0.037109375,0.00390625,-0.162109375,0.004477977752685547,-0.11424660682678223,-0.05444812774658203
567,666000000,imu2_frame,0.2012639474273187,0.023670438653914317,-0.8940279652331581,0.39955791968244586,0.03125,0.015625,-0.15625,0.022417306900024414,-0.05669713020324707,-0.05467796325683594
567,691000000,imu2_frame,0.20355524643741443,0.022586308922586795,-0.8943024182501964,0.3978420603818903,0.03125,0.015625,-0.15625,0.015243291854858398,0.030603885650634766,-0.07659435272216797
567,716000000,imu2_frame,0.20471578157077444,0.02496004192316563,-0.8950103753984986,0.395505844472745,0.03125,0.015625,-0.15625,0.055690765380859375,-0.005359172821044922,-0.10809326171875
567,741000000,imu2_frame,0.20419580200488693,0.022368210488389155,-0.8953691792965539,0.3951174133962505,0.060546875,0.015625,-0.064453125,0.02784109115600586,-0.0449826717376709,-0.11464309692382812
567,766000000,imu2_frame,0.20481278445207124,0.024707957139386696,-0.8956089448669723,0.3941140165653291,0.021484375,0.013671875,-0.0390625,0.057168006896972656,-0.004659414291381836,-0.10756111145019531
567,790000000,imu2_frame,0.20506884118830807,0.022290839618780447,-0.8956162440591589,0.39410840161069854,0.021484375,0.013671875,-0.0390625,0.12118840217590332,0.10341978073120117,-0.1467914581298828
567,816000000,imu2_frame,0.20537355786211534,0.019753022363269604,-0.895511455092736,0.3943231588890812,0.015625,0.025390625,-0.021484375,0.10663580894470215,0.05574023723602295,-0.14643192291259766
567,840000000,imu2_frame,0.20552696269196438,0.01723664573221994,-0.8954656608079692,0.3944652278265668,0.033203125,0.0234375,-0.0234375,0.08978986740112305,0.00992274284362793,-0.1470184326171875
567,865000000,imu2_frame,0.20514289428111165,0.015032868411975122,-0.8954462155155649,0.39479929193468605,0.005859375,0.02734375,-0.013671875,0.06609964370727539,-0.027037382125854492,-0.1514911651611328
567,890000000,imu2_frame,0.20703402343592042,0.016915849838252114,-0.8952578707664556,0.3941625451446351,0.005859375,0.02734375,-0.013671875,0.03461098670959473,-0.006150007247924805,-0.05305194854736328
567,915000000,imu2_frame,0.2055883691360728,0.015693642739400025,-0.8954472439009987,0.39453943458625723,0.013671875,0.033203125,0.00390625,0.0008068084716796875,-0.017868638038635254,-0.06548404693603516
567,940000000,imu2_frame,0.20419290704647333,0.01714231315319653,-0.8958095083700448,0.3943814429273857,0.013671875,0.033203125,0.00390625,0.028005361557006836,-0.016152501106262207,-0.036670684814453125
567,966000000,imu2_frame,0.2022170122068319,0.018309895044553166,-0.8962408708149816,0.3943669981101397,-0.021484375,0.03125,-0.005859375,0.004111051559448242,0.019734859466552734,-0.05155658721923828
567,991000000,imu2_frame,0.20362746020763353,0.016584646485024696,-0.8958128707616513,0.3946898877956268,-0.021484375,0.03125,-0.005859375,0.01389622688293457,-0.022777557373046875,-0.0063934326171875
568,16000000,imu2_frame,0.20350852915419249,0.019413662897400832,-0.8959906289861719,0.3942184432815989,-0.021484375,0.03125,-0.005859375,-0.000980377197265625,-0.044600725173950195,-0.00925445556640625
568,41000000,imu2_frame,0.2031002598130701,0.021490955501460917,-0.8963142117889458,0.3935851331550247,0.03125,0.01171875,-0.01171875,0.008897542953491211,-0.002423524856567383,-0.010837554931640625
568,65000000,imu2_frame,0.20146581335966682,0.020841034495150755,-0.8966056888552764,0.39379616052071315,0.029296875,0.017578125,0.0078125,-0.02348470687866211,-0.0019544363021850586,-0.02429676055908203
568,90000000,imu2_frame,0.20407780613379065,0.02080536268342601,-0.8960947822374218,0.39361596407424526,0.029296875,0.017578125,0.0078125,-0.05826306343078613,0.012996196746826172,-0.07394218444824219
568,115000000,imu2_frame,0.2058847463757888,0.022407732798818598,-0.8958443121973896,0.39315688093200124,0.029296875,0.017578125,0.0078125,0.023576974868774414,-0.006260275840759277,-0.022951126098632812
568,141000000,imu2_frame,0.20374199876246596,0.021803948273235344,-0.896223654542794,0.3934424313898184,0.013671875,0.00390625,0.0078125,-0.016916990280151367,-0.0013530254364013672,-0.04062175750732422
568,165000000,imu2_frame,0.20605076155622265,0.022273793029230333,-0.8957805177307684,0.393222870469392,0.021484375,0.009765625,0.009765625,0.02522110939025879,-0.010173439979553223,-0.021732330322265625
568,191000000,imu2_frame,0.20724432401871423,0.019708251062968675,-0.895362085015456,0.39368529527890755,0.021484375,0.009765625,0.009765625,0.02489638328552246,0.04697287082672119,-0.053254127502441406
568,215000000,imu2_frame,0.20816638906865595,0.017245760060073438,-0.8949770632918725,0.39418954121529276,0.021484375,0.001953125,0.015625,0.02068948745727539,-0.00540316104888916,-0.047545433044433594
568,241000000,imu2_frame,0.20834239850845082,0.014848200770616436,-0.894720632226738,0.3947758429607969,0.013671875,0.00390625,0.015625,0.004449367523193359,-0.05117523670196533,-0.04761028289794922
568,266000000,imu2_frame,0.20826413264192953,0.0171923590797752,-0.8948497052363342,0.39442930783934255,0.0078125,0.005859375,0.013671875,0.021555662155151367,-0.008111357688903809,-0.046784400939941406
568,291000000,imu2_frame,0.20700198248021104,0.01906249732237366,-0.895179892432878,0.39425849468205243,0.0078125,0.005859375,0.013671875,0.05424165725708008,-0.07813823223114014,-0.09085845947265625
568,315000000,imu2_frame,0.2058577744567301,0.020924830118423835,-0.8955487719974496,0.39392527864316745,0.0078125,0.013671875,-0.001953125,0.04991936683654785,-0.03524065017700195,-0.09863758087158203
568,341000000,imu2_frame,0.207596012011042,0.018947420966824606,-0.895083354341422,0.3941708764187502,0.0078125,0.013671875,-0.001953125,0.02424025535583496,-0.010184168815612793,-0.047072410583496094
568,365000000,imu2_frame,0.20571062788045938,0.019696525656594778,-0.8955171199114678,0.39413737757228284,-0.0078125,0.01171875,-0.005859375,-0.001209259033203125,0.017739295959472656,-0.061730384826660156
568,391000000,imu2_frame,0.20816324420826712,0.018819170747046966,-0.8949598930490138,0.39415820733149853,0.00390625,0.017578125,0.0,0.03266191482543945,-0.016789793968200684,-0.04255867004394531
568,416000000,imu2_frame,0.21057873494612478,0.018190936320490843,-0.8944207018196495,0.39412852520557184,0.00390625,0.017578125,0.0,0.028784751892089844,-0.007397174835205078,-0.06621170043945312
568,440000000,imu2_frame,0.21127188731719476,0.015892560966247377,-0.89401315347902,0.39478107546064456,0.01171875,0.015625,0.025390625,0.021752357482910156,-0.055754661560058594,-0.062018394470214844
568,466000000,imu2_frame,0.21072463662810823,0.018028271688567528,-0.894203435502886,0.39455078871130284,0.021484375,0.005859375,0.0234375,0.029361724853515625,-0.01318967342376709,-0.06511878967285156
568,490000000,imu2_frame,0.20944501116836217,0.01929999520751621,-0.8944849449616905,0.3945338777830818,0.021484375,0.005859375,0.0234375,0.01796579360961914,0.019077658653259277,-0.07469654083251953
568,515000000,imu2_frame,0.2106404141801945,0.021218123592809647,-0.8942989040140485,0.394220594876102,0.021484375,0.005859375,0.0234375,0.052732229232788086,0.005557060241699219,-0.059462547302246094
568,540000000,imu2_frame,0.2094436258556415,0.019090539287557804,-0.8943148605573715,0.39493018254420814,0.01953125,0.0078125,0.025390625,0.01577019691467285,-0.025319933891296387,-0.07096099853515625
568,565000000,imu2_frame,0.21036467184071928,0.021327334835157846,-0.8942029546953184,0.39457942856202954,0.0078125,0.01171875,0.017578125,0.04851031303405762,0.00807499885559082,-0.06164073944091797
568,590000000,imu2_frame,0.20845493164062615,0.02217513603027036,-0.8945758625379433,0.39470093866272427,0.0078125,0.01171875,0.017578125,0.023267745971679688,-0.0017809867858886719,-0.07654857635498047
568,616000000,imu2_frame,0.21100422685314857,0.021001013539707465,-0.8940527898449931,0.39459572051758846,0.03125,0.009765625,-0.00390625,0.05655026435852051,-0.04174983501434326,-0.05664539337158203
568,640000000,imu2_frame,0.2090835801837816,0.02200390610378418,-0.8945407050709295,0.39445761696906334,-0.001953125,0.0078125,-0.0078125,0.03268933296203613,-0.00864565372467041,-0.07156562805175781
568,666000000,imu2_frame,0.20795720965545872,0.0202838550754331,-0.8947097532639628,0.39476172761544787,0.0,0.005859375,-0.01171875,0.0005500316619873047,-0.031209945678710938,-0.0821676254272461
568,691000000,imu2_frame,0.21024861011342885,0.019836059093587557,-0.8942634385605382,0.3945820005510761,0.0,0.005859375,-0.01171875,-0.003846406936645508,0.021983742713928223,-0.1067667007446289
568,716000000,imu2_frame,0.2125453957826469,0.018915490558618523,-0.8937164740764183,0.3946359371787361,0.025390625,-0.00390625,0.013671875,0.02694988250732422,-0.012249350547790527,-0.08848285675048828
568,741000000,imu2_frame,0.21473951792428297,0.01942543769868735,-0.8932862400111041,0.3943973696903732,0.025390625,-0.00390625,0.013671875,-0.0069026947021484375,-0.019427895545959473,-0.10493087768554688
568,765000000,imu2_frame,0.21707167370852254,0.019769102375224838,-0.8927778071291842,0.3942548137464702,0.06640625,0.009765625,0.037109375,0.03425788879394531,-0.03099846839904785,-0.08498287200927734
568,791000000,imu2_frame,0.2163863256437663,0.016753389569570103,-0.892659192311296,0.39503904667066114,0.06640625,0.009765625,0.037109375,0.19025182723999023,0.07063162326812744,-0.09684085845947266
568,815000000,imu2_frame,0.21555600554354726,0.014112877589571226,-0.8925919121823965,0.39574753753728514,0.06640625,0.009765625,0.037109375,0.03809809684753418,-0.007191300392150879,-0.023412704467773438
568,841000000,imu2_frame,0.21353136385104954,0.013098179426997895,-0.8928494169211211,0.3962987674106781,0.021484375,0.005859375,0.025390625,-0.0038521289825439453,-0.011471271514892578,-0.040932655334472656
568,865000000,imu2_frame,0.21559236476481153,0.01425807085463294,-0.8924468800986499,0.39604949927099603,0.02734375,0.017578125,0.0234375,0.03930020332336426,-0.006241559982299805,-0.02303314208984375
568,891000000,imu2_frame,0.2137259594309919,0.013183941443027808,-0.892680301071201,0.3965719077705315,0.02734375,0.017578125,0.0234375,0.11675810813903809,-0.012665867805480957,0.07011127471923828
568,916000000,imu2_frame,0.21188903769239453,0.012288093895431241,-0.8929187530099636,0.39704929036246844,0.02734375,0.017578125,0.0234375,0.07886266708374023,-0.015978455543518066,0.054383277893066406
568,941000000,imu2_frame,0.20956785774726638,0.012116788708002152,-0.8933683186172501,0.3972751486333053,-0.021484375,0.0,-0.0078125,0.03891348838806152,-0.001771688461303711,0.035178184509277344
568,966000000,imu2_frame,0.20734328399001473,0.011438044780802278,-0.8938118602122729,0.39746483147532025,0.0,-0.005859375,-0.009765625,-0.003364086151123047,0.0029807090759277344,0.016736984252929688
568,990000000,imu2_frame,0.20944524076392254,0.011133173438618804,-0.8934182247645337,0.39725636461750663,0.0,-0.005859375,-0.009765625,-0.08789205551147461,0.05632507801055908,-0.036594390869140625
569,16000000,imu2_frame,0.21147947897796737,0.011100636411650742,-0.892898642881852,0.39734773106463156,-0.033203125,-0.01171875,0.009765625,-0.05474996566772461,0.03947126865386963,-0.01987171173095703
569,41000000,imu2_frame,0.21009607923590956,0.013533735379434787,-0.8932596276181243,0.3971948050565463,-0.033203125,-0.01171875,0.009765625,0.05866384506225586,-0.019887328147888184,-0.14728069305419922
569,66000000,imu2_frame,0.21236246765324612,0.01228808519697316,-0.8925616238296248,0.39759895995970507,0.025390625,-0.01171875,0.04296875,0.08574461936950684,-0.06107127666473389,-0.1291980743408203
569,90000000,imu2_frame,0.21365251456761455,0.009951438311035338,-0.8919781165455442,0.3982820752912945,0.025390625,-0.01171875,0.04296875,0.009663105010986328,0.07657492160797119,-0.08431434631347656
569,116000000,imu2_frame,0.21469078210414236,0.00718565611589169,-0.8913925342823994,0.3990934530298605,0.025390625,-0.01171875,0.04296875,0.042955636978149414,-0.02228236198425293,-0.11170291900634766
569,141000000,imu2_frame,0.21695272563663626,0.006729663260327825,-0.8907487662247272,0.3993154917359996,0.025390625,-0.01171875,0.04296875,-0.0020291805267333984,-0.00983130931854248,-0.057590484619140625
569,165000000,imu2_frame,0.21902657281545426,0.006427273593175739,-0.8895584373828714,0.4008389165685125,0.060546875,-0.021484375,0.19140625,0.026818037033081055,-0.037956833839416504,-0.039994239807128906
569,191000000,imu2_frame,0.21952859905146402,0.0025713626469222577,-0.8883143074323857,0.4033587404576235,0.060546875,-0.021484375,0.19140625,0.00013780593872070312,0.03252387046813965,0.006604194641113281
569,215000000,imu2_frame,0.22002253808632355,-0.000979511103770957,-0.8871417642267768,0.4056705725790964,0.060546875,-0.021484375,0.19140625,0.014692544937133789,0.10939574241638184,0.010737419128417969
569,241000000,imu2_frame,0.22059727040741345,-0.006491198585560295,-0.884444893188997,0.41115926298896005,0.123046875,-0.0546875,0.46875,-0.03137373924255371,-0.014065027236938477,0.016492843627929688
569,265000000,imu2_frame,0.22157850851060604,-0.008097901581187218,-0.8819432851459001,0.4159488313990726,0.171875,-0.08203125,0.544921875,-0.03891921043395996,-0.0700753927230835,0.025430679321289062
569,290000000,imu2_frame,0.21986043486230702,-0.013589783713122711,-0.879443474148526,0.42196668439387314,0.171875,-0.08203125,0.544921875,-0.012227773666381836,-0.023651123046875,0.157470703125
569,315000000,imu2_frame,0.2179463351722552,-0.016019296513805473,-0.8772564718059954,0.42739192762461303,0.171875,-0.08203125,0.544921875,-0.07618570327758789,-0.10721349716186523,0.14640331268310547
569,341000000,imu2_frame,0.21707454010951355,-0.020493501410574013,-0.8744068045085799,0.43344134628029246,0.35546875,-0.171875,0.65625,-0.1430377960205078,-0.20117592811584473,0.142181396484375
569,365000000,imu2_frame,0.21569092768202797,-0.028751826664373505,-0.871311775717939,0.43984832121355205,0.35546875,-0.171875,0.65625,0.055289268493652344,-0.051192522048950195,0.029051780700683594
569,391000000,imu2_frame,0.21522207982435396,-0.03811902118359586,-0.8675805551873763,0.4466882322614376,0.35546875,-0.171875,0.65625,0.020181655883789062,0.03684258460998535,0.03343772888183594
569,416000000,imu2_frame,0.21343700018364606,-0.043644124730604965,-0.8638641603200535,0.4541789843702969,0.0859375,-0.095703125,0.669921875,-0.08022284507751465,-0.06935620307922363,0.027312278747558594
569,441000000,imu2_frame,0.21167264764015417,-0.04468485207201666,-0.8607017020658885,0.4608584753448631,0.0859375,-0.095703125,0.669921875,-0.06004452705383301,-0.0961456298828125,-0.0207061767578125
569,466000000,imu2_frame,0.21102913371406581,-0.04555289277667759,-0.8571855437507085,0.46757307692848366,0.080078125,-0.1015625,0.693359375,-0.0991828441619873,-0.12951207160949707,-0.02449512481689453
569,490000000,imu2_frame,0.21055496497402837,-0.050950882018370745,-0.8530577319822578,0.47472425707100996,0.080078125,-0.1015625,0.693359375,-0.028239965438842773,-0.010469675064086914,-0.061191558837890625
569,515000000,imu2_frame,0.21087305122941966,-0.056104817068749195,-0.848613794965403,0.4819122666640618,0.080078125,-0.1015625,0.693359375,-0.057906150817871094,-0.010829687118530273,-0.08685016632080078
569,540000000,imu2_frame,0.21193882592756141,-0.06002779388714873,-0.8441736382064476,0.4887222796054817,0.080078125,-0.1015625,0.693359375,-0.14263296127319336,0.0043392181396484375,-0.1042947769165039
569,566000000,imu2_frame,0.2129639001302842,-0.061662653933972654,-0.8389725899707033,0.4969598450870728,-0.005859375,-0.05078125,0.80078125,-0.17291474342346191,-0.060454368591308594,-0.09189033508300781
569,590000000,imu2_frame,0.20993448923631397,-0.06289440965023549,-0.8347549969183955,0.5051295859317744,-0.005859375,-0.05078125,0.80078125,0.04671072959899902,-0.23194241523742676,-0.07876777648925781
569,615000000,imu2_frame,0.20684066170532336,-0.06401642672507933,-0.8302798961239755,0.513569987311386,-0.005859375,-0.05078125,0.80078125,0.06977629661560059,-0.2872917652130127,-0.17931461334228516
569,641000000,imu2_frame,0.20481157512245654,-0.06482274970702356,-0.8257995077483615,0.5214454936221453,0.05078125,-0.0390625,0.75390625,0.0008311271667480469,-0.30585765838623047,-0.19361209869384766
569,665000000,imu2_frame,0.20337651955489186,-0.06499412312616187,-0.8214766116508452,0.5287626421783659,0.025390625,-0.03515625,0.76953125,-0.05056500434875488,-0.31758975982666016,-0.20462894439697266
569,691000000,imu2_frame,0.2046667325500577,-0.06848797910311151,-0.8157595740359265,0.5366164763351743,0.025390625,-0.03515625,0.76953125,-0.06030702590942383,-0.06310844421386719,-0.14226150512695312
569,716000000,imu2_frame,0.20499154766203295,-0.06881506929334567,-0.8108453453268182,0.5438499587083827,0.025390625,-0.03515625,0.76953125,-0.0489044189453125,-0.09412240982055664,-0.0997152328491211
569,740000000,imu2_frame,0.20486131460843426,-0.06842338913426294,-0.8058312760943707,0.551349286808647,-0.0234375,-0.0078125,0.8125,-0.07691049575805664,-0.10985779762268066,-0.10180854797363281
569,766000000,imu2_frame,0.2046710578805444,-0.0678697026953331,-0.8002932504504499,0.5594945708454727,-0.0390625,-0.0078125,0.81640625,-0.1069028377532959,-0.12432503700256348,-0.10480690002441406
569,791000000,imu2_frame,0.20167820357254926,-0.06846837663443027,-0.7950478408391085,0.5679233349510011,-0.0390625,-0.0078125,0.81640625,-0.0398716926574707,-0.09202837944030762,-0.05276012420654297
569,816000000,imu2_frame,0.2013749880236055,-0.06875161895233634,-0.7900369553770298,0.5749460307094211,0.064453125,-0.021484375,0.759765625,-0.07689905166625977,-0.11396217346191406,-0.05439186096191406
569,841000000,imu2_frame,0.19879463286745092,-0.07230444152836685,-0.7846481185154811,0.582735009921733,0.064453125,-0.021484375,0.759765625,0.04184889793395996,-0.12342500686645508,-0.10384082794189453
569,866000000,imu2_frame,0.19652713129018765,-0.07328604981227328,-0.7801187568637458,0.5894242671956479,0.056640625,-0.04296875,0.69140625,-0.031090974807739258,-0.13186359405517578,-0.11856746673583984
569,891000000,imu2_frame,0.19367039614825857,-0.07656491741380875,-0.7751641324579053,0.5964479514827562,0.056640625,-0.04296875,0.69140625,0.010642051696777344,-0.1290595531463623,-0.1698160171508789
569,916000000,imu2_frame,0.19521190278937295,-0.07829389963684437,-0.7699436255577133,0.602452646896046,0.056640625,-0.04296875,0.69140625,-0.05434846878051758,-0.10999894142150879,-0.18802833557128906
569,941000000,imu2_frame,0.19678620735378455,-0.08019382170681047,-0.764642473443698,0.6084127113738447,0.056640625,-0.04296875,0.69140625,-0.04370105266571045,-0.09752845764160156,-0.13101673126220703
569,965000000,imu2_frame,0.19704638256818172,-0.07972281737974515,-0.7608185569491297,0.6131656537247285,0.02734375,-0.01953125,0.5703125,-0.05633699893951416,-0.10594749450683594,-0.13048171997070312
569,991000000,imu2_frame,0.19600524924020435,-0.07920133380626404,-0.756780844085794,0.6185400916823317,0.02734375,-0.01953125,0.5703125,-0.011228680610656738,-0.061003923416137695,-0.14009761810302734
570,16000000,imu2_frame,0.19774854228539365,-0.08105768487707289,-0.7521287554413739,0.6233999526664894,0.02734375,-0.01953125,0.5703125,-0.0726470947265625,-0.04279947280883789,-0.12477874755859375
570,41000000,imu2_frame,0.19908199188498035,-0.08111057629140894,-0.7479053466176464,0.628032664295037,0.009765625,-0.0078125,0.552734375,-0.07746350765228271,-0.0711660385131836,-0.11426639556884766
570,66000000,imu2_frame,0.19964382329922112,-0.08032401980625498,-0.7441496668776186,0.6324015092854877,-0.021484375,-0.015625,0.515625,-0.08110630512237549,-0.07772350311279297,-0.11236763000488281
570,91000000,imu2_frame,0.19678280294240924,-0.08277218709583477,-0.740075281436378,0.6377412259814845,-0.021484375,-0.015625,0.515625,0.20552313327789307,-0.13099384307861328,-0.16579151153564453
570,116000000,imu2_frame,0.19500779886750277,-0.0862283896955345,-0.7356491784725712,0.6429283859062358,-0.021484375,-0.015625,0.515625,0.11113917827606201,-0.05788397789001465,-0.2421894073486328
570,141000000,imu2_frame,0.19414154715541568,-0.08979208103233034,-0.7316641960133664,0.6472356187078235,0.025390625,0.009765625,0.4375,0.031212210655212402,-0.10759115219116211,-0.23651790618896484
570,166000000,imu2_frame,0.19456433556587935,-0.08840076366397544,-0.7288457866709557,0.6504720159710404,0.01171875,0.013671875,0.392578125,0.038553833961486816,-0.10048913955688477,-0.23814868927001953
570,191000000,imu2_frame,0.19206599271017155,-0.08933672479464119,-0.7257971361367945,0.6544830946807184,0.01171875,0.013671875,0.392578125,0.12495899200439453,-0.20508646965026855,-0.13658809661865234
570,216000000,imu2_frame,0.1896348567200999,-0.08974134360594536,-0.7232301862248676,0.6579690039034438,0.013671875,0.005859375,0.34375,0.06966090202331543,-0.18814373016357422,-0.15331172943115234
570,241000000,imu2_frame,0.1908446755849112,-0.09242862543801683,-0.7198919483074018,0.6609015371163104,0.013671875,0.005859375,0.34375,-0.004627704620361328,0.02296733856201172,-0.13475322723388672
570,265000000,imu2_frame,0.1922428705332407,-0.09395681162786396,-0.7167370401554644,0.6637038583186408,-0.02734375,0.01171875,0.3515625,-0.021697163581848145,-0.021335124969482422,-0.11871623992919922
570,291000000,imu2_frame,0.19096384177006862,-0.09690767781983273,-0.7132559195464317,0.6673887220712961,-0.02734375,0.01171875,0.3515625,0.058382511138916016,-0.05326128005981445,-0.19540786743164062
570,315000000,imu2_frame,0.19139819221288853,-0.0993940366765458,-0.7099515929658136,0.6704150155956259,-0.02734375,0.01171875,0.3515625,0.013755559921264648,0.014799356460571289,-0.14356136322021484
570,341000000,imu2_frame,0.1926958780617841,-0.10205819357541028,-0.7066155206650104,0.6731618896353524,0.013671875,-0.015625,0.33203125,-0.02119576930999756,-0.042864322662353516,-0.12332916259765625
570,365000000,imu2_frame,0.1942824558748747,-0.10192379194430043,-0.7040417921792532,0.6754191460418839,0.013671875,-0.013671875,0.33203125,-0.011780500411987305,-0.06534123420715332,-0.1118612289428711
570,390000000,imu2_frame,0.19303667519363019,-0.10526203373430768,-0.7008110480935914,0.6786166967841775,0.013671875,-0.013671875,0.33203125,-0.017546653747558594,-0.06119680404663086,-0.1077718734741211
570,416000000,imu2_frame,0.1902606946875951,-0.1070924009609836,-0.6978773838697186,0.6821284650244136,0.013671875,-0.013671875,0.33203125,0.05423331260681152,-0.09544873237609863,-0.08190536499023438
570,441000000,imu2_frame,0.18749710394991548,-0.10810051239228839,-0.6952975994540407,0.6853614837619398,0.025390625,-0.033203125,0.330078125,-0.013193845748901367,-0.07875490188598633,-0.09807014465332031
570,465000000,imu2_frame,0.18693131064123794,-0.1071663496244628,-0.6931014143276188,0.6878826121273679,0.041015625,-0.029296875,0.328125,-0.02167665958404541,-0.06308269500732422,-0.10614395141601562
570,491000000,imu2_frame,0.18761996947754095,-0.11075210710356884,-0.6896517246768341,0.6905890358785276,0.041015625,-0.029296875,0.328125,0.038106560707092285,0.06805944442749023,-0.20692920684814453
570,515000000,imu2_frame,0.18920505083020164,-0.1130473966877424,-0.68662084205398,0.6928012370799784,0.041015625,-0.029296875,0.328125,-0.06573283672332764,0.05720710754394531,-0.1383380889892578
570,541000000,imu2_frame,0.19139337857850114,-0.11467774447193686,-0.6827572175675888,0.6957443290595329,0.041015625,0.0078125,0.396484375,-0.07949280738830566,0.0033416748046875,-0.11480140686035156
570,566000000,imu2_frame,0.19330177262377554,-0.11490299552617617,-0.6793699473120158,0.698489943384217,0.01171875,0.013671875,0.38671875,-0.07605040073394775,-0.02839183807373047,-0.09943771362304688
570,591000000,imu2_frame,0.19067687379785678,-0.11593753288053224,-0.6760249924474443,0.7022756067632454,0.01171875,0.013671875,0.38671875,0.2758030891418457,-0.35660696029663086,-0.07149505615234375
570,616000000,imu2_frame,0.18851070130389205,-0.1173382391925419,-0.6732082938470461,0.7053269073363486,0.07421875,-0.0078125,0.32421875,0.21057277917861938,-0.35016393661499023,-0.08116340637207031
570,641000000,imu2_frame,0.1863308222556554,-0.11897852499471184,-0.6703139726520765,0.7083813332767919,0.07421875,-0.0078125,0.32421875,0.02443873882293701,-0.11952495574951172,-0.09346485137939453
570,665000000,imu2_frame,0.18428530258446266,-0.11882452134680889,-0.6678333462150408,0.7112793277336805,0.029296875,0.0,0.32421875,-0.015897691249847412,-0.09386348724365234,-0.10899829864501953
570,690000000,imu2_frame,0.18494520393590916,-0.12195548936455024,-0.664390720745209,0.7137976606452419,0.029296875,0.0,0.32421875,-0.03020799160003662,-0.06664180755615234,-0.08950996398925781
570,716000000,imu2_frame,0.18696628553895456,-0.12199641101095741,-0.6614682024231655,0.715975070065486,0.029296875,0.0,0.32421875,-0.09852868318557739,0.016914844512939453,-0.00040149688720703125
570,740000000,imu2_frame,0.18456947515073763,-0.12328983038659339,-0.6586368741392606,0.7189792727122877,0.029296875,0.0,0.32421875,-0.04788285493850708,-0.005469322204589844,-0.015505790710449219
570,766000000,imu2_frame,0.18562474585318625,-0.12286976758078602,-0.6558917231014988,0.721285326003885,0.0234375,-0.04296875,0.337890625,-0.04389595985412598,-0.016643524169921875,-0.00989532470703125
570,790000000,imu2_frame,0.186227736310446,-0.1223153078581274,-0.6536454362643856,0.7232605611693473,0.044921875,-0.052734375,0.314453125,-0.04124605655670166,-0.019863605499267578,-0.008168220520019531
570,816000000,imu2_frame,0.18507193817665754,-0.1263867957161109,-0.6502058555822687,0.7259525473022871,0.044921875,-0.052734375,0.314453125,-0.019389450550079346,-0.05677318572998047,-0.1061410903930664
570,840000000,imu2_frame,0.1858140562658618,-0.12616112177188632,-0.6477583538514575,0.7279873782305132,0.06640625,-0.0625,0.333984375,-0.02066105604171753,-0.06580257415771484,-0.10187244415283203
570,865000000,imu2_frame,0.18570265413028106,-0.1257066993680348,-0.6450522317774748,0.7304929624998879,0.0546875,-0.06640625,0.361328125,-0.03158414363861084,-0.060916900634765625,-0.10491752624511719
570,890000000,imu2_frame,0.18626615355792153,-0.1256032827238293,-0.6420476880439362,0.7330098919422379,0.068359375,-0.068359375,0.384765625,-0.040122270584106445,-0.06943941116333008,-0.10132980346679688
570,916000000,imu2_frame,0.18519814597902398,-0.13020315336358051,-0.6378753847670002,0.7361139715346147,0.068359375,-0.068359375,0.384765625,0.08802911639213562,0.0008111000061035156,-0.12514972686767578
570,941000000,imu2_frame,0.1842334980292332,-0.13463879647918164,-0.6335184392305622,0.7393137357316057,0.05859375,-0.068359375,0.419921875,-0.011934787034988403,-0.04066896438598633,-0.10915374755859375
570,965000000,imu2_frame,0.18547060609911714,-0.1358755989658469,-0.6299646896065104,0.7418105996330002,0.02734375,-0.0703125,0.421875,-0.03400412201881409,-0.07347536087036133,-0.0936737060546875
570,990000000,imu2_frame,0.1833442249747164,-0.1398789344172831,-0.6256634366657916,0.7452275108275708,0.02734375,-0.0703125,0.421875,0.08747392892837524,-0.014308929443359375,-0.08351612091064453
571,15000000,imu2_frame,0.18002663539549726,-0.14223645237178698,-0.6217313156101981,0.7488720674150405,0.02734375,-0.0703125,0.421875,0.14093206077814102,-0.22719621658325195,-0.09798049926757812
571,41000000,imu2_frame,0.1765451571658883,-0.1444762534947474,-0.6176517579181617,0.7526385092446425,0.02734375,-0.0703125,0.421875,0.1583064580336213,-0.28305625915527344,-0.1057882308959961
571,65000000,imu2_frame,0.1737954709794571,-0.1467175499802638,-0.6144281740683585,0.7554780696392456,0.08984375,-0.09765625,0.36328125,0.07303962111473083,-0.2700662612915039,-0.11186027526855469
571,91000000,imu2_frame,0.17107791632772734,-0.1505478814997588,-0.6105733766193765,0.7584641281461574,0.08984375,-0.09765625,0.36328125,-0.00268515944480896,-0.08316326141357422,-0.0727682113647461
571,116000000,imu2_frame,0.17260673470591179,-0.15372751958184414,-0.6069990020791127,0.7603466159143064,0.08984375,-0.09765625,0.36328125,-0.08445090055465698,0.012988090515136719,-0.0787506103515625
571,141000000,imu2_frame,0.1698462341677032,-0.15712825841302497,-0.6033031388623266,0.763209204468869,0.08984375,-0.09765625,0.36328125,-0.03646928071975708,-0.09780311584472656,-0.11952590942382812
571,166000000,imu2_frame,0.16866131135249618,-0.15604752095988605,-0.6007584654067883,0.7656969371084169,0.01171875,-0.041015625,0.328125,-0.050298213958740234,-0.06783056259155273,-0.13397979736328125
571,191000000,imu2_frame,0.1701489398312705,-0.15696394263968447,-0.597783412604833,0.7675067756051542,0.01171875,-0.041015625,0.328125,-0.10105231404304504,-0.019585132598876953,-0.1536855697631836
571,215000000,imu2_frame,0.17156163979490038,-0.15768030565922253,-0.5949628869163713,0.7692351319006667,0.01171875,-0.041015625,0.328125,-0.18820321559906006,0.06702661514282227,-0.13984298706054688
571,241000000,imu2_frame,0.1730380129004384,-0.15870431603086152,-0.5919170272345633,0.7710415157658123,0.0390625,-0.07421875,0.3359375,-0.20233651995658875,0.03625631332397461,-0.1235666275024414
571,266000000,imu2_frame,0.1705200441719058,-0.16219426119638322,-0.5882915000480704,0.773646590596612,0.0390625,-0.07421875,0.3359375,0.004178822040557861,-0.0766596794128418,-0.12248611450195312
571,291000000,imu2_frame,0.16759488077646642,-0.16441525825575382,-0.5847935126406989,0.7764638603074637,0.0703125,-0.08203125,0.353515625,-0.08356243371963501,-0.055970191955566406,-0.12763595581054688
571,315000000,imu2_frame,0.1691629974227804,-0.16662286886590524,-0.5815331108214961,0.778100212628238,0.0703125,-0.08203125,0.353515625,-0.11524879932403564,0.013525009155273438,-0.13819408416748047
571,340000000,imu2_frame,0.16966257446540312,-0.17059719146106875,-0.5776875631192462,0.779992492597662,0.0703125,-0.08203125,0.353515625,-0.07579892873764038,-0.11082220077514648,-0.1516580581665039
571,366000000,imu2_frame,0.16950548980032218,-0.16997408700153602,-0.5746977543385987,0.7823676819972302,0.05078125,-0.05859375,0.35546875,-0.08587700128555298,-0.09937000274658203,-0.15683650970458984
571,391000000,imu2_frame,0.16989309764748534,-0.16941588841566452,-0.5718841269551568,0.7844635985568809,0.05078125,-0.052734375,0.345703125,-0.08926981687545776,-0.0966639518737793,-0.15797042846679688
571,415000000,imu2_frame,0.16712465534292925,-0.17161539977660928,-0.5683815329688091,0.7871212975876387,0.05078125,-0.052734375,0.345703125,0.05616527795791626,-0.18901634216308594,-0.1576385498046875
571,440000000,imu2_frame,0.16428063169647703,-0.17408572400163558,-0.5646635239434384,0.7898488079854337,0.05078125,-0.052734375,0.345703125,-0.03466153144836426,-0.09068441390991211,-0.12421226501464844
571,466000000,imu2_frame,0.1633517845711421,-0.17277692229778177,-0.5618563830161437,0.7923267851478618,0.03125,-0.005859375,0.318359375,-0.042041659355163574,-0.06034135818481445,-0.13903236389160156
571,490000000,imu2_frame,0.16110216086210996,-0.17508518840472115,-0.5583385356588028,0.7947637071263547,0.03125,-0.005859375,0.318359375,-0.004724860191345215,-0.08552742004394531,-0.13760948181152344
571,515000000,imu2_frame,0.15930039833387968,-0.17799818118029248,-0.5545611622010155,0.797121037211686,0.03125,-0.005859375,0.318359375,-0.05444991588592529,-0.044455528259277344,-0.08582210540771484
571,540000000,imu2_frame,0.16094329491859644,-0.17766222622477176,-0.5517437748096511,0.7988192512404797,0.03125,-0.005859375,0.318359375,-0.04616725444793701,-0.06197166442871094,-0.11693572998046875
571,565000000,imu2_frame,0.16178423983833817,-0.17714502775972144,-0.549437100195157,0.8003526546523574,0.056640625,-0.0546875,0.28515625,-0.04162955284118652,-0.06640100479125977,-0.11521434783935547
571,591000000,imu2_frame,0.16374178232288752,-0.1782432564672641,-0.5467020217827513,0.8015827278730007,0.056640625,-0.0546875,0.28515625,-0.05082082748413086,0.01007699966430664,0.022052764892578125
571,615000000,imu2_frame,0.16299390609533407,-0.17758991381356043,-0.5444348875839051,0.8034210989692632,0.056640625,-0.0546875,0.28515625,-0.023127436637878418,0.030753135681152344,0.047896385192871094
571,641000000,imu2_frame,0.16249792202645466,-0.1775328474965456,-0.5419711483281154,0.8051979804847728,-0.05859375,-0.134765625,0.326171875,-0.0414966344833374,0.042075157165527344,0.04434013366699219
571,665000000,imu2_frame,0.15897250339192634,-0.18095075131360375,-0.5386668495247514,0.8073553083911849,-0.05859375,-0.134765625,0.326171875,-0.03334963321685791,0.027282238006591797,0.010979652404785156
571,690000000,imu2_frame,0.15907866853985916,-0.18167768306543863,-0.5359231407016984,0.8089954165210006,-0.037109375,-0.134765625,0.345703125,-0.0580596923828125,0.022597789764404297,0.016791343688964844
571,716000000,imu2_frame,0.15909709910514538,-0.1815536140769888,-0.5330518718846691,0.8109143605536664,-0.02734375,-0.1015625,0.349609375,-0.07164633274078369,0.027819156646728516,0.016027450561523438
571,741000000,imu2_frame,0.15935174098144836,-0.18098487734190946,-0.5302956739729212,0.8127964043875446,-0.037109375,-0.060546875,0.341796875,-0.07522106170654297,0.033598899841308594,0.013582229614257812
571,766000000,imu2_frame,0.15965684372922204,-0.1801025884234084,-0.5275930118059262,0.81468912094563,-0.060546875,-0.03515625,0.333984375,-0.07313787937164307,0.04150724411010742,0.009256362915039062
571,791000000,imu2_frame,0.16025488573814234,-0.17916309673711242,-0.5249840780211811,0.8164622919577325,-0.064453125,-0.013671875,0.31640625,-0.0663909912109375,0.045257568359375,0.006397247314453125
571,816000000,imu2_frame,0.1566725784760721,-0.18065936519106895,-0.5215026810219617,0.8190548520150072,-0.064453125,-0.013671875,0.31640625,0.26721012592315674,-0.2953004837036133,-0.24354934692382812
571,841000000,imu2_frame,0.15348302095165384,-0.18270563300463255,-0.5179024575967888,0.8214856409963215,-0.064453125,-0.013671875,0.31640625,0.22151756286621094,-0.1813955307006836,-0.2874174118041992
571,866000000,imu2_frame,0.15070298395909792,-0.18518878638979588,-0.5149141850981938,0.8233207795300452,-0.033203125,-0.0390625,0.251953125,0.1380549669265747,-0.1564793586730957,-0.2860908508300781
571,891000000,imu2_frame,0.148147106706482,-0.18801793769828284,-0.5119699495378274,0.8249778546412124,-0.013671875,-0.0546875,0.244140625,0.05218350887298584,-0.13779783248901367,-0.2803821563720703
571,916000000,imu2_frame,0.14546225292382786,-0.19074834766556864,-0.5090252378788385,0.8266493259173272,-0.013671875,-0.0546875,0.244140625,0.11902248859405518,-0.1937255859375,-0.3497943878173828
571,941000000,imu2_frame,0.14286860474856414,-0.1935420692273814,-0.5060613753583998,0.8282704350553307,-0.013671875,-0.0546875,0.244140625,0.07272624969482422,-0.1729259490966797,-0.3434276580810547
571,965000000,imu2_frame,0.14099041167864287,-0.19631213052025281,-0.5034248272680123,0.8295460773913998,0.021484375,-0.041015625,0.2109375,-0.0028618574142456055,-0.1633157730102539,-0.33273983001708984
571,991000000,imu2_frame,0.14028768233422925,-0.1996487984297453,-0.5006117180677719,0.8305706659906085,0.021484375,-0.041015625,0.2109375,0.03769266605377197,-0.024229049682617188,-0.19750118255615234
572,16000000,imu2_frame,0.140364379198568,-0.2027019704234148,-0.4980135971677013,0.8313797022268176,0.021484375,-0.041015625,0.2109375,0.017604708671569824,0.030852794647216797,-0.13400650024414062
572,40000000,imu2_frame,0.14109473733371752,-0.20412946332328036,-0.4952055871293404,0.83258324735486,-0.01953125,0.064453125,0.24609375,-0.011030435562133789,0.012972831726074219,-0.1186361312866211
572,65000000,imu2_frame,0.1393944087364767,-0.2020184589487709,-0.49284599364371334,0.8347817484865806,-0.01953125,0.064453125,0.24609375,-0.00826883316040039,0.02529144287109375,0.003734588623046875
572,91000000,imu2_frame,0.14102109484192593,-0.20199573884090066,-0.49017713797327767,0.8360844130277932,-0.037109375,0.046875,0.265625,-0.004707932472229004,0.005955696105957031,0.012459754943847656
572,116000000,imu2_frame,0.14153295055546933,-0.20050070158651748,-0.4880892136749288,0.8375779438742207,-0.00390625,-0.001953125,0.255859375,0.012984037399291992,0.015931129455566406,0.0035333633422851562
572,140000000,imu2_frame,0.13869196907249234,-0.20056076894016447,-0.4853801233722285,0.8396106547156752,-0.00390625,-0.001953125,0.255859375,0.008644938468933105,-0.16348552703857422,-0.050620079040527344
572,166000000,imu2_frame,0.13566913960386556,-0.20056409248632423,-0.482701822359472,0.841645341016707,0.001953125,-0.02734375,0.2421875,-0.0351710319519043,-0.10880613327026367,-0.0668039321899414
572,191000000,imu2_frame,0.1327015306887464,-0.20076393330629458,-0.48005952023540116,0.8435798740294875,0.001953125,-0.02734375,0.2421875,-0.08090543746948242,-0.056517601013183594,-0.19017887115478516
572,216000000,imu2_frame,0.1343150059959077,-0.20136211262048392,-0.4778333439842867,0.8444454240163358,0.001953125,-0.02734375,0.2421875,-0.08486342430114746,-0.08221244812011719,-0.2122211456298828
572,241000000,imu2_frame,0.1351997692251001,-0.20359863891652652,-0.4751600822845476,0.8452759980244084,0.001953125,-0.02734375,0.2421875,-0.08481884002685547,-0.1092519760131836,-0.18985939025878906
572,266000000,imu2_frame,0.13505561219967857,-0.2022119967150024,-0.47320494642830724,0.8467274465102006,0.03125,-0.02734375,0.232421875,-0.07416725158691406,-0.09013795852661133,-0.20160865783691406
572,291000000,imu2_frame,0.13619667528882146,-0.2012585946087988,-0.4713756054679696,0.847791532339211,0.021484375,-0.02734375,0.2265625,-0.05688309669494629,-0.09582948684692383,-0.2030811309814453
572,316000000,imu2_frame,0.13343711352975957,-0.20291687165134392,-0.46851466184279944,0.8494193849744692,0.021484375,-0.02734375,0.2265625,0.06769704818725586,-0.1715559959411621,-0.13030529022216797
572,340000000,imu2_frame,0.13084018794931204,-0.20478786473003882,-0.46590510423939757,0.8508085622044339,0.048828125,-0.0625,0.21484375,0.0006124973297119141,-0.13868045806884766,-0.12880897521972656
572,366000000,imu2_frame,0.12780008788555208,-0.20602230385157996,-0.463182288008642,0.8524576915760759,0.03515625,-0.06640625,0.22265625,-0.06105160713195801,-0.09252548217773438,-0.1342639923095703
572,391000000,imu2_frame,0.12617054440349965,-0.20525932682532516,-0.46115971879897866,0.8539796931036392,0.015625,-0.078125,0.23046875,-0.07419109344482422,-0.05411028861999512,-0.1484851837158203
572,416000000,imu2_frame,0.12350428669669378,-0.20817105416973583,-0.45820500952195936,0.8552541567407802,0.015625,-0.078125,0.23046875,0.0713353157043457,-0.06593847274780273,-0.06766319274902344
572,441000000,imu2_frame,0.12025664621539006,-0.21076073985900715,-0.4554108018749601,0.8565741363774161,-0.029296875,-0.08203125,0.2265625,-0.01305389404296875,-0.026432514190673828,-0.06193065643310547
572,465000000,imu2_frame,0.12060969892318725,-0.21311591093341806,-0.45321296084205537,0.8571072985090344,-0.029296875,-0.08203125,0.2265625,-0.05673575401306152,-0.006330251693725586,-0.06810283660888672
572,491000000,imu2_frame,0.12182742293035095,-0.21247372876694978,-0.4511548908765954,0.8581796187536413,-0.015625,-0.025390625,0.2421875,-0.04455757141113281,-0.01507115364074707,-0.06766796112060547
572,515000000,imu2_frame,0.12259973990954186,-0.2112279463302702,-0.44903331469992447,0.8594888834375973,-0.060546875,0.013671875,0.26953125,-0.027339696884155273,-0.011419296264648438,-0.0742959976196289
572,540000000,imu2_frame,0.12179156566768254,-0.21332189653406258,-0.4458778304782609,0.8607284956821891,-0.060546875,0.013671875,0.26953125,-0.008058547973632812,0.03307390213012695,-0.060787200927734375
572,565000000,imu2_frame,0.1224676210349032,-0.2144059989160514,-0.4427926407012419,0.8619550027511195,-0.052734375,0.029296875,0.294921875,-0.03293299674987793,0.022243499755859375,-0.04849529266357422
572,590000000,imu2_frame,0.12368713300703774,-0.21442410633440723,-0.43992824029651867,0.8632421092259104,-0.04296875,0.0234375,0.302734375,-0.03500938415527344,0.010423660278320312,-0.042471885681152344
572,615000000,imu2_frame,0.12310611548594623,-0.21219722005684896,-0.4372853341565817,0.8652160196515509,-0.04296875,0.0234375,0.302734375,-0.05605936050415039,-0.032566070556640625,-0.14586734771728516
572,641000000,imu2_frame,0.12071742075798378,-0.21024249447424248,-0.43419535601961096,0.8675827284206341,-0.04296875,0.0234375,0.302734375,-0.09559512138366699,-0.08163046836853027,-0.13432979583740234
572,665000000,imu2_frame,0.11989422957808482,-0.2086649668033125,-0.43175617026782515,0.8692933421915245,-0.025390625,-0.02734375,0.291015625,-0.08851957321166992,-0.04833674430847168,-0.15112018585205078
572,690000000,imu2_frame,0.12069295944263103,-0.2078354427785334,-0.42939879899608646,0.8705482810773617,-0.01171875,-0.03515625,0.27734375,-0.07833456993103027,-0.048279523849487305,-0.15412139892578125
572,716000000,imu2_frame,0.1173972966204288,-0.20981616817616497,-0.42578577011905294,0.8722966973926999,-0.01171875,-0.03515625,0.27734375,0.07140135765075684,-0.22848105430603027,-0.270477294921875
572,741000000,imu2_frame,0.11507876032946995,-0.21224194623660947,-0.42295738074731487,0.8733941202287199,0.0625,-0.060546875,0.203125,-0.00017213821411132812,-0.19987130165100098,-0.2610006332397461
572,766000000,imu2_frame,0.11271849633810324,-0.2142765221667928,-0.42023443360017526,0.8745188010832706,0.0703125,-0.05859375,0.1953125,-0.06513428688049316,-0.16747450828552246,-0.254547119140625
572,791000000,imu2_frame,0.11017515275193944,-0.21509329752671877,-0.41772516017115485,0.8758435931347287,0.052734375,-0.052734375,0.197265625,-0.11096954345703125,-0.12301874160766602,-0.25876903533935547
572,816000000,imu2_frame,0.11207510073059189,-0.2170603875538961,-0.4156503423127573,0.8761043047985027,0.052734375,-0.052734375,0.197265625,-0.09569740295410156,0.06712484359741211,-0.19484615325927734
572,841000000,imu2_frame,0.11379139556788927,-0.2181131820541557,-0.4139376799698954,0.8764324019626748,0.0078125,-0.033203125,0.18359375,-0.10499405860900879,0.03574681282043457,-0.1783123016357422
572,866000000,imu2_frame,0.11126082740653043,-0.2202200349361148,-0.4113588566207841,0.8774440469780348,0.0078125,-0.033203125,0.18359375,-0.019191503524780273,-0.04624462127685547,-0.08935737609863281
572,890000000,imu2_frame,0.10895024291854234,-0.22209027417346447,-0.40889303043464204,0.8784146198393564,0.037109375,-0.03515625,0.177734375,-0.07931804656982422,-0.01302194595336914,-0.08313179016113281
572,916000000,imu2_frame,0.10987987716711763,-0.22109025738297478,-0.407493572254506,0.8792010573556716,-0.021484375,-0.0390625,0.1875,-0.06112408638000488,-0.016635894775390625,-0.08781719207763672
572,940000000,imu2_frame,0.10728999878997325,-0.22323164438723658,-0.4050380935028539,0.8801139880239328,-0.021484375,-0.0390625,0.1875,-0.010490179061889648,-0.054589271545410156,-0.12318611145019531
572,965000000,imu2_frame,0.10507633275702996,-0.22599847987696256,-0.4025202535316476,0.880829777473749,-0.01171875,-0.0546875,0.18359375,-0.08394622802734375,-0.028754472732543945,-0.10808086395263672
572,991000000,imu2_frame,0.10586604835367269,-0.2250057738389698,-0.4011754365762279,0.8816025468616666,-0.01953125,-0.048828125,0.18359375,-0.06683921813964844,-0.030245542526245117,-0.11356925964355469
573,16000000,imu2_frame,0.10641277397340747,-0.22729654279054926,-0.3992098727762093,0.8818413012831453,-0.01953125,-0.048828125,0.18359375,-0.03293156623840332,0.024855852127075195,-0.051995277404785156
573,40000000,imu2_frame,0.10753892614712275,-0.2287224734584037,-0.39757974352229747,0.8820724216519512,-0.01953125,-0.048828125,0.18359375,-0.05318903923034668,0.0011124610900878906,-0.07363605499267578
573,66000000,imu2_frame,0.10904826018801379,-0.2285642415659539,-0.39590378436159074,0.8826817421673107,-0.013671875,-0.029296875,0.201171875,-0.04503750801086426,-0.01750636100769043,-0.06865596771240234
573,90000000,imu2_frame,0.11024494440303714,-0.2277078778067368,-0.39450634025119274,0.883379828907098,-0.0078125,-0.021484375,0.19140625,-0.027126550674438477,-0.026819467544555664,-0.07116127014160156
573,115000000,imu2_frame,0.1071652030793941,-0.22799052591144744,-0.39208121368653287,0.8847645230329193,-0.0078125,-0.021484375,0.19140625,-0.027950525283813477,-0.15932464599609375,-0.11688518524169922
573,141000000,imu2_frame,0.10427838104372648,-0.22775804423360982,-0.3895198874417902,0.8862993567757542,0.00390625,0.0,0.1953125,-0.05811190605163574,-0.09934520721435547,-0.13088703155517578
573,165000000,imu2_frame,0.1018128426167551,-0.2267927496351071,-0.3873434764818433,0.8877861369824395,-0.01171875,0.0,0.19921875,-0.07108569145202637,-0.04259324073791504,-0.14939498901367188
573,190000000,imu2_frame,0.1035176581309193,-0.22635242805632927,-0.38579739756545084,0.8883743809902555,0.0,-0.009765625,0.189453125,-0.056252479553222656,-0.06317663192749023,-0.14645862579345703
573,216000000,imu2_frame,0.10048427896575979,-0.22736022969568784,-0.3830789254855716,0.8896408109356694,0.0,-0.009765625,0.189453125,0.009587526321411133,-0.16085529327392578,-0.15352153778076172
573,241000000,imu2_frame,0.10122531312138226,-0.22946364969141148,-0.3808853791151274,0.8899585369162436,0.0,-0.009765625,0.189453125,-0.06624531745910645,-0.027912378311157227,-0.16698265075683594
573,266000000,imu2_frame,0.10231057883088497,-0.23127257266254425,-0.37880979009478544,0.8902520348315313,0.0,-0.009765625,0.189453125,-0.05604982376098633,0.026660680770874023,-0.18543624877929688
573,291000000,imu2_frame,0.10365471561800729,-0.23336063804675988,-0.377242364118364,0.8902172270041434,0.01171875,-0.0703125,0.16015625,-0.08545279502868652,-0.004973888397216797,-0.16105937957763672
573,316000000,imu2_frame,0.10142502952868504,-0.23618671328166574,-0.37488884440548303,0.8907228268067633,0.01171875,-0.0703125,0.16015625,-0.005735874176025391,-0.05528402328491211,-0.10890007019042969
573,341000000,imu2_frame,0.10145094516883803,-0.23509861754073672,-0.37369476926061074,0.8915091503636084,0.01171875,-0.0703125,0.16015625,-0.03167223930358887,-0.0047991275787353516,-0.03677940368652344
573,366000000,imu2_frame,0.10329354036606853,-0.2346241580919547,-0.37229918734202533,0.8920063139141742,0.05078125,-0.0390625,0.171875,-0.015031814575195312,-0.02803635597229004,-0.03376483917236328
573,390000000,imu2_frame,0.10145930467548646,-0.23440173781059717,-0.3701903906939243,0.8931522319537799,0.05859375,-0.021484375,0.16796875,-0.033945560455322266,0.012943029403686523,-0.04314136505126953
573,415000000,imu2_frame,0.0992264970327717,-0.23588558332315523,-0.36760147555720907,0.894081231787729,0.05859375,-0.021484375,0.16796875,0.03188943862915039,-0.10491085052490234,-0.046077728271484375
573,440000000,imu2_frame,0.09692171293629043,-0.2370082950912574,-0.3650572266422728,0.8950790305306471,0.05859375,-0.021484375,0.16796875,-0.013739347457885742,-0.0628046989440918,-0.04453563690185547
573,466000000,imu2_frame,0.09428417240657896,-0.2366841412480507,-0.36301205679833026,0.896277500964029,0.01171875,0.001953125,0.142578125,-0.036211252212524414,-0.0070993900299072266,-0.057392120361328125
573,490000000,imu2_frame,0.09610435174034004,-0.2360689010228659,-0.36216012634711253,0.8965910274091912,-0.001953125,0.001953125,0.130859375,-0.015550374984741211,-0.03126788139343262,-0.05630779266357422
573,516000000,imu2_frame,0.09363279115201574,-0.2376238810576057,-0.359985859307282,0.8973170970571115,-0.001953125,0.001953125,0.130859375,0.010479927062988281,-0.10346436500549316,-0.16045379638671875
573,540000000,imu2_frame,0.09144113045104899,-0.23920802383381193,-0.3579449841660997,0.8979384329149116,0.001953125,-0.001953125,0.1328125,-0.03927969932556152,-0.06773710250854492,-0.15361785888671875
573,566000000,imu2_frame,0.0935151862038831,-0.23947091699653175,-0.3568592795081342,0.8980868802577113,0.001953125,-0.001953125,0.1328125,-0.0711214542388916,0.0902395248413086,-0.0655355453491211
573,591000000,imu2_frame,0.09535646867055937,-0.23961528828591616,-0.35578998065430606,0.8982789918329085,-0.0078125,-0.0078125,0.140625,-0.06370711326599121,0.06155729293823242,-0.05738544464111328
573,616000000,imu2_frame,0.09719769067695312,-0.23980538359302972,-0.3547121751370647,0.8984571552035185,-0.0078125,-0.0078125,0.140625,-0.05712151527404785,-0.006442546844482422,-0.09164237976074219
573,640000000,imu2_frame,0.09452492244262974,-0.2395312272102745,-0.35289763177021466,0.8995293723494129,-0.0078125,-0.0078125,0.140625,-0.04017281532287598,0.009828805923461914,-0.06125068664550781
573,666000000,imu2_frame,0.09507703734174566,-0.24173267692975722,-0.35114676336054634,0.8995674629821281,-0.0078125,-0.0078125,0.140625,-0.039405107498168945,-0.006826639175415039,-0.08147811889648438
573,690000000,imu2_frame,0.09684545111907128,-0.24211300697978097,-0.3501377704706999,0.8996698239568558,-0.009765625,0.0,0.1328125,-0.03636431694030762,-0.0359649658203125,-0.07124042510986328
573,715000000,imu2_frame,0.0943155385661399,-0.24121830328367852,-0.34845894598992644,0.9008299907893342,-0.009765625,0.0,0.1328125,-0.04653620719909668,-0.09287858009338379,-0.05007457733154297
573,741000000,imu2_frame,0.09347783546593218,-0.23911103262277536,-0.34727374392010935,0.9019361147766424,-0.009765625,0.0,0.1328125,-0.061539649963378906,-0.025104522705078125,-0.07293415069580078
573,766000000,imu2_frame,0.09416091952720192,-0.23743981624893765,-0.3465168608158646,0.9025974296793566,-0.00390625,-0.015625,0.12109375,-0.031894683837890625,-0.02350139617919922,-0.08599853515625
573,790000000,imu2_frame,0.09545615221908799,-0.23916392192798241,-0.34513104049311255,0.9025371495621073,0.00390625,-0.01171875,0.134765625,-0.05581259727478027,-0.05141162872314453,-0.06514644622802734
573,816000000,imu2_frame,0.09340146836283436,-0.24132816214411054,-0.342898492710885,0.9030268587148533,0.00390625,-0.01171875,0.134765625,-0.0009648799896240234,-0.020129919052124023,-0.05240345001220703
573,841000000,imu2_frame,0.09065443414068183,-0.24136469580964331,-0.340959330141314,0.9040307474731915,0.00390625,-0.01171875,0.134765625,-0.028218746185302734,-0.07781791687011719,-0.06193351745605469
573,866000000,imu2_frame,0.0881893207698811,-0.24079282472561428,-0.3389480604050616,0.9051826730613293,0.01171875,0.005859375,0.146484375,-0.043435096740722656,-0.022966384887695312,-0.07593917846679688
573,890000000,imu2_frame,0.08793652940589972,-0.24304991043702232,-0.33695459134864497,0.9053482817135451,0.01171875,0.005859375,0.146484375,-0.05015897750854492,-0.02422952651977539,-0.09453868865966797
573,915000000,imu2_frame,0.08641441084393955,-0.2414060500240095,-0.3353089387217497,0.9065448605687387,0.01171875,0.005859375,0.146484375,-0.11378240585327148,-0.0940394401550293,-0.15433979034423828
573,940000000,imu2_frame,0.08533887489019852,-0.23956812612106218,-0.33438726102705946,0.9074742690799223,-0.00390625,-0.009765625,0.1015625,-0.09415340423583984,-0.06016898155212402,-0.1752309799194336
573,966000000,imu2_frame,0.08282629204056785,-0.23881254219401446,-0.3329464641797227,0.9084354831400321,-0.00390625,-0.009765625,0.1015625,-0.06883502006530762,-0.00548863410949707,-0.14758777618408203
573,991000000,imu2_frame,0.0850264169354879,-0.23956836046615665,-0.3324263077484277,0.9082236833530702,0.015625,-0.015625,0.078125,-0.06777811050415039,-0.0466618537902832,-0.13331127166748047
574,16000000,imu2_frame,0.08727890299724521,-0.2400833795045446,-0.3319572326171219,0.9080455713731861,0.015625,-0.015625,0.078125,-0.06225109100341797,-0.0523374080657959,-0.1248016357421875
574,40000000,imu2_frame,0.0880918418959142,-0.24227029233133132,-0.33094660453047997,0.9077550758849121,0.015625,-0.015625,0.078125,-0.018019437789916992,0.002464771270751953,-0.09749412536621094
574,66000000,imu2_frame,0.08935014523535786,-0.2442517757081303,-0.33028055529614453,0.9073435823342314,0.001953125,-0.01171875,0.056640625,-0.04423689842224121,-0.028781652450561523,-0.07428646087646484
574,90000000,imu2_frame,0.08974499195484434,-0.2425282908027076,-0.3301432252969297,0.9078167851333677,-0.001953125,-0.017578125,0.05859375,-0.01364898681640625,-0.024874210357666016,-0.08928680419921875
574,116000000,imu2_frame,0.08754074387279924,-0.24437788318781206,-0.3288106277683347,0.9080196250287955,-0.001953125,-0.017578125,0.05859375,-0.02485346794128418,0.008347034454345703,-0.009019851684570312
574,140000000,imu2_frame,0.08957786297990612,-0.24451653584804933,-0.32869024514968254,0.9078271822898146,-0.001953125,-0.017578125,0.05859375,-0.013513803482055664,0.011272192001342773,-0.004547119140625
574,165000000,imu2_frame,0.09129935550902335,-0.24413205121028586,-0.3284481925399918,0.9078467679474923,-0.009765625,-0.0390625,0.08203125,0.0038344860076904297,-0.01569390296936035,-0.0021305084228515625
574,191000000,imu2_frame,0.08841511824613167,-0.24474559149465316,-0.3268498470462774,0.9085436367039725,0.001953125,-0.0390625,0.095703125,-0.03167581558227539,0.03798484802246094,-0.0063953399658203125
574,215000000,imu2_frame,0.08957258665101712,-0.24670966477015302,-0.32592201864701015,0.9082323110254901,0.001953125,-0.0390625,0.095703125,-0.020188093185424805,0.04899120330810547,-0.08898162841796875
574,240000000,imu2_frame,0.09052683748236617,-0.2489647433853994,-0.3248682914950321,0.9078997970192427,0.001953125,-0.0390625,0.095703125,-0.05438733100891113,-0.01566028594970703,-0.10674285888671875
574,265000000,imu2_frame,0.09201769465830704,-0.25013426370512826,-0.3238272692740894,0.9078003600268895,-0.009765625,-0.080078125,0.14453125,-0.06707644462585449,-0.04428911209106445,-0.09000778198242188
574,290000000,imu2_frame,0.09155021815630542,-0.2490569098261815,-0.32247855778317375,0.9086235705689405,0.021484375,-0.0703125,0.154296875,-0.0573728084564209,-0.02410888671875,-0.10218620300292969
574,316000000,imu2_frame,0.08856810613477456,-0.2507042304202278,-0.32005437162481165,0.909322978170544,0.021484375,-0.0703125,0.154296875,0.000247955322265625,-0.2013108730316162,-0.13566207885742188
574,340000000,imu2_frame,0.0860159387973936,-0.251319546621329,-0.3180816850883937,0.9100899875123231,0.017578125,-0.017578125,0.12890625,-0.03374314308166504,-0.1513967514038086,-0.13833236694335938
574,365000000,imu2_frame,0.08337924479702646,-0.25159019484744766,-0.31608800778248186,0.9109547994987472,0.017578125,-0.017578125,0.12890625,-0.023395776748657227,-0.21106290817260742,-0.10533905029296875
574,391000000,imu2_frame,0.08075468673627774,-0.2513124495598384,-0.31438987593006107,0.911855108654352,0.0078125,0.009765625,0.099609375,-0.041770219802856445,-0.15569210052490234,-0.11648941040039062
574,415000000,imu2_frame,0.0784902993902166,-0.25232417859787776,-0.3126456232369765,0.9123730027062962,0.0078125,0.009765625,0.099609375,-0.0398712158203125,-0.11372876167297363,-0.19170856475830078
574,440000000,imu2_frame,0.07741267096904228,-0.2544654080929374,-0.3109341025351743,0.9124552692259382,0.0078125,0.009765625,0.099609375,-0.08762979507446289,-0.024978160858154297,-0.09566116333007812
574,465000000,imu2_frame,0.07895617818327202,-0.25241713599727733,-0.311024743553075,0.9128609534202717,0.0234375,0.025390625,0.03515625,-0.043613433837890625,-0.041158199310302734,-0.11122512817382812
574,491000000,imu2_frame,0.07756913313355707,-0.25418848706886155,-0.3100278458490454,0.9128274631192645,0.0078125,0.021484375,0.025390625,-0.08496999740600586,-0.022151947021484375,-0.09793663024902344
574,516000000,imu2_frame,0.07747400066263521,-0.2518583121857969,-0.30999372840773487,0.9134927794745393,0.0078125,0.021484375,0.025390625,-0.0863943099975586,-0.04626154899597168,-0.043137550354003906
574,540000000,imu2_frame,0.07981198652753829,-0.2511144551572915,-0.3102585693888118,0.9134063703184866,0.0078125,0.021484375,0.025390625,-0.01902008056640625,-0.006523609161376953,-0.03936576843261719
574,566000000,imu2_frame,0.0822441863787369,-0.2515260842737924,-0.31071587593042466,0.9129217749520392,-0.00390625,0.0078125,0.0,-0.008496522903442383,-0.053911685943603516,-0.027618408203125
574,591000000,imu2_frame,0.07984577402361823,-0.25103234441686934,-0.3103684217972777,0.9133886670953425,-0.01171875,0.005859375,-0.005859375,-0.017104625701904297,-0.0071506500244140625,-0.04006195068359375
574,615000000,imu2_frame,0.08188833938096214,-0.250015048695303,-0.311076312259018,0.9132460255871051,-0.01171875,0.005859375,-0.005859375,-0.06283426284790039,-0.001608133316040039,-0.08654022216796875
574,641000000,imu2_frame,0.0810231596599007,-0.24779910102861374,-0.311352293718468,0.9138329181663276,-0.01171875,0.005859375,-0.005859375,-0.07002711296081543,-0.05309653282165527,-0.10694503784179688
574,665000000,imu2_frame,0.08022880213583108,-0.24571319703475586,-0.31169305112194734,0.9143499362897665,-0.017578125,0.0078125,-0.01171875,-0.03954958915710449,-0.02865886688232422,-0.12957096099853516
574,691000000,imu2_frame,0.08100655506939544,-0.2476597684188253,-0.3117445629609967,0.913738422420104,-0.009765625,0.01171875,-0.017578125,-0.06650972366333008,-0.053663015365600586,-0.10836410522460938
574,716000000,imu2_frame,0.08317212506782364,-0.24826999000306577,-0.3123023978848431,0.9131876159645165,-0.009765625,0.01171875,-0.017578125,-0.060642242431640625,-0.058817148208618164,-0.13846397399902344
574,741000000,imu2_frame,0.08079765178066817,-0.24846283085747425,-0.31199252456114235,0.9134542275160725,-0.00390625,-0.0078125,-0.017578125,-0.08039283752441406,-0.016547203063964844,-0.14419174194335938
574,765000000,imu2_frame,0.08304911323903111,-0.2487039922045553,-0.3126647202460692,0.9129567031164042,-0.00390625,-0.0078125,-0.017578125,-0.06743574142456055,0.09168171882629395,-0.09167671203613281
574,791000000,imu2_frame,0.08548557202587691,-0.2489982638132188,-0.3131188695955899,0.9124958383996012,0.001953125,-0.0078125,0.00390625,-0.054793596267700195,0.04496288299560547,-0.08078765869140625
574,816000000,imu2_frame,0.08319050676609845,-0.24991094203549377,-0.3124495559259529,0.9126878632022047,0.001953125,-0.0078125,0.00390625,-0.009032726287841797,-0.030019044876098633,-0.04038715362548828
574,840000000,imu2_frame,0.08273970494864584,-0.24800318799583132,-0.31264609888426725,0.9131817873903116,0.001953125,-0.0078125,0.00390625,-0.018912553787231445,-0.012094497680664062,-0.0213470458984375
574,865000000,imu2_frame,0.08254477235788991,-0.24611819934070978,-0.3128287166732537,0.913646751504232,0.0078125,-0.009765625,0.0078125,0.0115966796875,0.0012729167938232422,-0.04018211364746094
574,891000000,imu2_frame,0.08261244655665355,-0.24854194286387027,-0.312491564540638,0.9130997253325186,-0.009765625,-0.015625,0.005859375,-0.02910900115966797,-0.012194633483886719,-0.016546249389648438
574,916000000,imu2_frame,0.08202710011804915,-0.2467723894438648,-0.31270029411440353,0.9135608730211439,-0.009765625,-0.015625,0.005859375,-0.04210972785949707,-0.03178977966308594,-0.15663623809814453
574,941000000,imu2_frame,0.08422729182405288,-0.24688474425817786,-0.3131964815115759,0.913160254464313,-0.009765625,-0.015625,0.005859375,-0.0669407844543457,0.004652976989746094,-0.10935306549072266
574,966000000,imu2_frame,0.08654984440935165,-0.24699737335746674,-0.3136598085927253,0.9127534970959049,0.00390625,-0.0234375,0.0078125,-0.0519864559173584,-0.03904318809509277,-0.10051250457763672
574,991000000,imu2_frame,0.0863673944230271,-0.24538811941037433,-0.3138900634982369,0.9131256058560018,0.0078125,-0.03125,0.0078125,-0.02582383155822754,-0.027681350708007812,-0.11660575866699219
575,16000000,imu2_frame,0.08446834304893203,-0.24729698883071524,-0.31316729836471363,0.9130364404407829,0.0078125,-0.03125,0.0078125,0.0058536529541015625,-0.11901378631591797,-0.17879486083984375
575,40000000,imu2_frame,0.08258036630594137,-0.24902328340655994,-0.31271696485294204,0.9128942914244541,0.00390625,-0.033203125,-0.013671875,-0.036550045013427734,-0.09346604347229004,-0.1682119369506836
575,66000000,imu2_frame,0.08049751311733284,-0.25069804958806047,-0.31231638072784346,0.9127590682341797,0.01171875,-0.033203125,-0.0234375,-0.07913804054260254,-0.0643622875213623,-0.1584911346435547
575,90000000,imu2_frame,0.07901816770000968,-0.2496106604395778,-0.3125259015064274,0.9131145646937442,0.00390625,-0.02734375,-0.02734375,-0.07020878791809082,-0.03292346000671387,-0.17372798919677734
575,116000000,imu2_frame,0.07998466042927319,-0.2519670423799727,-0.3127403624622675,0.9123094482341353,0.00390625,-0.02734375,-0.02734375,0.05033445358276367,0.052860260009765625,-0.07342052459716797
575,140000000,imu2_frame,0.08083424755489568,-0.25372500049821606,-0.31276821449606573,0.911737622644452,-0.0078125,0.0078125,-0.01171875,0.02705526351928711,0.027725934982299805,-0.053371429443359375
575,165000000,imu2_frame,0.0797188880454309,-0.2517558015647246,-0.3129780075919406,0.912309531919448,-0.0078125,0.0078125,-0.01171875,-0.021425247192382812,-0.020442724227905273,-0.03334331512451172
575,190000000,imu2_frame,0.0782511979665446,-0.24999024129604092,-0.31310035468971026,0.91287994674367,-0.015625,0.01171875,-0.01171875,-0.001522064208984375,0.015059232711791992,-0.055190086364746094
575,216000000,imu2_frame,0.07697509306124968,-0.25184420491127335,-0.31268745207763626,0.912620342099614,-0.015625,0.01171875,-0.01171875,0.03250885009765625,-0.04918265342712402,-0.1229238510131836
575,241000000,imu2_frame,0.07851712665452805,-0.25315912428338927,-0.31297670377490383,0.9120258228296939,-0.015625,0.01171875,-0.01171875,-0.05235433578491211,-0.04618334770202637,-0.10525798797607422
575,266000000,imu2_frame,0.07664881109758766,-0.25208193665762024,-0.31311229113668215,0.9124364909994599,-0.00390625,0.00390625,-0.03515625,-0.04644632339477539,-0.00760197639465332,-0.12154674530029297
575,290000000,imu2_frame,0.07848394988011427,-0.2531691054801918,-0.31373328452909094,0.9117659238094851,-0.009765625,0.00390625,-0.03515625,-0.05029106140136719,-0.04900026321411133,-0.10525894165039062
575,316000000,imu2_frame,0.08070104423582769,-0.25397385260107197,-0.3145143943993573,0.91107920587061,-0.009765625,0.00390625,-0.03515625,-0.08545780181884766,-0.018118619918823242,-0.20366382598876953
575,341000000,imu2_frame,0.07851220753108594,-0.2531652808567842,-0.3145662725864609,0.9114775005387471,-0.009765625,0.00390625,-0.03515625,-0.0864415168762207,-0.12740421295166016,-0.18332386016845703
575,366000000,imu2_frame,0.07665744276837552,-0.2522521071548934,-0.3151530559864999,0.911685835256038,0.001953125,0.0234375,-0.08984375,-0.08172273635864258,-0.09194803237915039,-0.19797134399414062
575,391000000,imu2_frame,0.07506262924579,-0.25229991621909587,-0.31595671492745303,0.9115271297437056,0.021484375,0.029296875,-0.130859375,-0.09042930603027344,-0.06754565238952637,-0.20223236083984375
575,415000000,imu2_frame,0.07434888469528024,-0.2504205042900428,-0.31721648554141124,0.9116663401028053,0.021484375,0.029296875,-0.130859375,-0.09927845001220703,-0.12772583961486816,-0.1798114776611328
575,440000000,imu2_frame,0.07358574577700516,-0.2484800866022735,-0.3194260914929999,0.9114876612736313,0.0234375,0.068359375,-0.23046875,-0.06538224220275879,-0.11256766319274902,-0.2009429931640625
575,465000000,imu2_frame,0.07231747693020937,-0.24790490251228897,-0.3218663325052876,0.9108871531866155,-0.005859375,0.076171875,-0.271484375,-0.056677818298339844,-0.09734416007995605,-0.2101459503173828
575,491000000,imu2_frame,0.0715519984366558,-0.24805803214792982,-0.3249894115408164,0.9097963544623443,-0.0078125,0.078125,-0.32421875,-0.05455279350280762,-0.09828805923461914,-0.2108173370361328
575,515000000,imu2_frame,0.07164624659836301,-0.24510971025282832,-0.32852717318336966,0.9093172943303593,-0.0078125,0.078125,-0.32421875,-0.14664530754089355,-0.2108170986175537,-0.1647472381591797
575,540000000,imu2_frame,0.07220391179868763,-0.24184473966147552,-0.3323432037761842,0.9087605360725246,-0.0078125,0.078125,-0.32421875,-0.11607670783996582,-0.14279890060424805,-0.3895692825317383
575,566000000,imu2_frame,0.07595402912501367,-0.2402261060584113,-0.3366928529800762,0.9072818339302435,-0.0078125,0.078125,-0.32421875,-0.24093890190124512,0.20476627349853516,-0.2728767395019531
575,591000000,imu2_frame,0.07713028865189343,-0.23660212646204162,-0.3438276140328858,0.9054573011216865,-0.30078125,0.150390625,-0.517578125,-0.14972901344299316,0.17751193046569824,-0.3031349182128906
575,615000000,imu2_frame,0.07440210851736939,-0.23176095802309948,-0.3500881447936669,0.9045382664427821,-0.30078125,0.150390625,-0.517578125,-0.1472616195678711,-0.4562098979949951,0.02337646484375
575,641000000,imu2_frame,0.07554815696923949,-0.22850371877401457,-0.357334530872181,0.9024359032814218,-0.30078125,0.150390625,-0.517578125,-0.1007680892944336,0.43454766273498535,-0.2642974853515625
575,666000000,imu2_frame,0.07888733936890696,-0.2278836484713165,-0.36560842035267505,0.8989862698695227,-0.0859375,0.029296875,-0.689453125,-0.03837919235229492,0.34844183921813965,-0.2597503662109375
575,690000000,imu2_frame,0.08210235335300636,-0.227960719207964,-0.3738350184907045,0.8952879386108921,-0.06640625,-0.005859375,-0.728515625,0.012926816940307617,0.26067447662353516,-0.2489461898803711
575,716000000,imu2_frame,0.08575162918497657,-0.22587241773750058,-0.38309446297613947,0.891553106345641,-0.06640625,-0.005859375,-0.728515625,-0.19655418395996094,0.13837146759033203,-0.0679931640625
575,740000000,imu2_frame,0.08928491204477444,-0.22463153475208328,-0.39150608961170097,0.8878580178570418,-0.06640625,-0.005859375,-0.728515625,-0.15662002563476562,0.20795345306396484,-0.1488656997680664
575,765000000,imu2_frame,0.09273223121110304,-0.22383457912001548,-0.4014426900373917,0.8832568035969598,-0.091796875,-0.052734375,-0.83203125,-0.07826113700866699,0.11909127235412598,-0.1435871124267578
575,791000000,imu2_frame,0.09630830147704611,-0.22276969601111138,-0.4117500208329219,0.8783850487968313,-0.091796875,-0.052734375,-0.83203125,-0.06541562080383301,0.10811853408813477,-0.09670066833496094
575,816000000,imu2_frame,0.09961048295954146,-0.2224042718434145,-0.42144599318595405,0.8734972045621394,-0.091796875,-0.052734375,-0.83203125,-0.0705556869506836,0.21313881874084473,-0.2356729507446289
575,840000000,imu2_frame,0.10266649607402242,-0.22226039445549112,-0.4306299508833702,0.8686873735945276,-0.091796875,-0.052734375,-0.83203125,-0.04265785217285156,0.3233048915863037,-0.2639036178588867
575,866000000,imu2_frame,0.1061771591162299,-0.2206570503701518,-0.4408245784151359,0.8635453480096275,-0.091796875,-0.052734375,-0.83203125,-0.1339585781097412,0.09153485298156738,-0.15407466888427734
575,891000000,imu2_frame,0.1094180625542608,-0.21843868124632632,-0.4506677073043646,0.8586098343923539,-0.142578125,0.013671875,-0.84375,-0.02645730972290039,0.024476289749145508,-0.15945911407470703
575,915000000,imu2_frame,0.10951724606870156,-0.2144260709084015,-0.4599990101309998,0.8546510069068032,-0.142578125,0.013671875,-0.84375,-0.034972190856933594,-0.16391420364379883,-0.1539134979248047
575,941000000,imu2_frame,0.11282175989125959,-0.21174293871738525,-0.4701549540837303,0.8493471007479156,-0.142578125,0.013671875,-0.84375,-0.10747146606445312,0.07938480377197266,-0.2009744644165039
575,966000000,imu2_frame,0.11593394201318433,-0.20987822702563602,-0.4796790413921581,0.8440488541304701,-0.142578125,0.013671875,-0.84375,-0.08271241188049316,0.2091999053955078,-0.23367881774902344
575,990000000,imu2_frame,0.11911625060319625,-0.20801862896348822,-0.48857301810851633,0.8389493279231605,-0.13671875,0.072265625,-0.849609375,0.019253015518188477,0.14984583854675293,-0.23424911499023438
576,16000000,imu2_frame,0.12280122321773322,-0.20526133793465035,-0.49830506031471933,0.8333544921521993,-0.13671875,0.072265625,-0.849609375,-0.006874561309814453,0.015908479690551758,-0.23909759521484375
576,41000000,imu2_frame,0.12636374561338753,-0.20194830758837948,-0.5077162569314772,0.8279331418081021,-0.13671875,0.072265625,-0.849609375,-0.02590632438659668,-0.033618927001953125,-0.25202178955078125
576,66000000,imu2_frame,0.12957620004141415,-0.19997863864045606,-0.5167021928890462,0.8223365468796753,-0.13671875,0.072265625,-0.849609375,0.04343235492706299,-0.012781143188476562,-0.25142765045166016
576,90000000,imu2_frame,0.1309630428410051,-0.1991124858227925,-0.5247633101504264,0.8172064413104321,-0.154296875,0.0703125,-0.8359375,0.11196506023406982,-0.044565677642822266,-0.25112152099609375
576,116000000,imu2_frame,0.13088258630299388,-0.19385037597244695,-0.5342422197174901,0.812328154756013,-0.154296875,0.0703125,-0.8359375,0.0074433088302612305,-0.2041950225830078,-0.25678539276123047
576,141000000,imu2_frame,0.13404950314372427,-0.1912726502822907,-0.5430354230854469,0.8065717781049115,-0.154296875,0.0703125,-0.8359375,0.047901034355163574,-0.12812519073486328,-0.29105091094970703
576,165000000,imu2_frame,0.13362658075218653,-0.18990902564365275,-0.5509030549673897,0.8016135745626785,-0.177734375,0.083984375,-0.84375,0.10386347770690918,-0.12324714660644531,-0.3034219741821289
576,191000000,imu2_frame,0.13673609067019926,-0.18696065383598545,-0.5599810128056145,0.7954685542010129,-0.177734375,0.083984375,-0.84375,0.0037093162536621094,0.03444623947143555,-0.35167980194091797
576,216000000,imu2_frame,0.13755554685776158,-0.18113423483434862,-0.5691273428787497,0.7901663926587938,-0.177734375,0.083984375,-0.84375,-0.2400907278060913,-0.31549978256225586,-0.19779300689697266
576,241000000,imu2_frame,0.14069652756427053,-0.1783765644824453,-0.576807096460515,0.7846527014212001,0.154296875,0.02734375,-0.771484375,-0.12220847606658936,-0.34495115280151367,-0.2000885009765625
576,265000000,imu2_frame,0.14594827244051092,-0.17880443355145664,-0.5835696767262359,0.7785720960319663,0.154296875,0.02734375,-0.771484375,-0.029001474380493164,0.5946798324584961,-0.054404258728027344
576,290000000,imu2_frame,0.14804546779904595,-0.17758613578494642,-0.590754110946893,0.7730170012622478,-0.146484375,0.00390625,-0.7265625,0.05353713035583496,0.5677986145019531,-0.05084037780761719
576,316000000,imu2_frame,0.14594903948607257,-0.1744912563092254,-0.5983631758488714,0.7682533365581785,-0.146484375,0.00390625,-0.7265625,0.1531011462211609,-0.21703720092773438,-0.08417510986328125
576,340000000,imu2_frame,0.14460945020084232,-0.17063696432793826,-0.6056042984946225,0.7636848610273692,-0.146484375,0.00390625,-0.7265625,0.07867610454559326,-0.010737419128417969,0.14783954620361328
576,366000000,imu2_frame,0.1423974375482016,-0.16877981191979155,-0.6128452304818494,0.7587206787373565,-0.146484375,0.00390625,-0.7265625,0.15581142902374268,-0.004853725433349609,0.04888629913330078
576,390000000,imu2_frame,0.1412395305198537,-0.1673795611815225,-0.6191904337217058,0.7540813512511354,-0.146484375,0.06640625,-0.724609375,0.19540631771087646,0.02115154266357422,0.03326416015625
576,416000000,imu2_frame,0.14050283300830335,-0.16601834320475664,-0.6260854025440228,0.7488083415383919,-0.14453125,0.08203125,-0.740234375,0.24260354042053223,0.04059791564941406,0.020334243774414062
576,441000000,imu2_frame,0.14110303480349423,-0.16051506200476862,-0.6336342002264221,0.7435271002070277,-0.14453125,0.08203125,-0.740234375,-0.014923810958862305,-0.14044761657714844,-0.12476444244384766
576,466000000,imu2_frame,0.14417278125075414,-0.1577227457326797,-0.6406009168996603,0.7375420055103853,-0.14453125,0.08203125,-0.740234375,0.0627080500125885,-0.002708911895751953,-0.16018104553222656
576,490000000,imu2_frame,0.14528756886419256,-0.15568838242157326,-0.6473208225963464,0.7318663829864546,-0.189453125,0.16015625,-0.80859375,0.14235267043113708,0.0023593902587890625,-0.1663360595703125
576,516000000,imu2_frame,0.14801672585046358,-0.14903140332815257,-0.6555097876488792,0.7253879017374576,-0.189453125,0.16015625,-0.80859375,-0.22047235071659088,-0.031801700592041016,-0.11611747741699219
576,540000000,imu2_frame,0.1510476965320408,-0.1434675015156225,-0.6628451931749063,0.7191925467259449,-0.189453125,0.16015625,-0.80859375,-0.21996087580919266,0.10752582550048828,-0.09115028381347656
576,566000000,imu2_frame,0.1545278197680939,-0.13945271005432675,-0.6702479162265752,0.7123495106828931,-0.1171875,0.0859375,-0.775390625,-0.07741586118936539,0.11111712455749512,-0.09256744384765625
576,591000000,imu2_frame,0.15785142840647168,-0.13648633242326977,-0.6770772012679648,0.7057059381462092,-0.1171875,0.0859375,-0.775390625,0.011073127388954163,0.10598611831665039,-0.1273365020751953
576,616000000,imu2_frame,0.15991253007930253,-0.13500301918669882,-0.683626076916062,0.6991834912914251,-0.138671875,0.05078125,-0.7734375,0.09649544954299927,0.1002964973449707,-0.1224069595336914
576,641000000,imu2_frame,0.16205160959616594,-0.13569574399959342,-0.6893758856502252,0.6928829837509769,0.017578125,0.03125,-0.728515625,0.15053769946098328,0.06650733947753906,-0.10527896881103516
576,666000000,imu2_frame,0.16603535158109997,-0.13378019042930533,-0.6955766612593549,0.6860817961331783,0.017578125,0.03125,-0.728515625,-0.0405200719833374,0.0832834243774414,-0.050757408142089844
576,690000000,imu2_frame,0.16891889680883349,-0.13224246728761452,-0.7008929101438545,0.6802407402211731,-0.07421875,0.046875,-0.673828125,0.0519600510597229,0.07106828689575195,-0.039875030517578125
576,716000000,imu2_frame,0.16946959306310067,-0.1272647355008849,-0.7073778237235726,0.6743147326204724,-0.07421875,0.046875,-0.673828125,0.009578585624694824,-0.09506464004516602,-0.026317596435546875
576,741000000,imu2_frame,0.16929222174845443,-0.12273808149825978,-0.7135224613316327,0.6687011321815205,-0.07421875,0.046875,-0.673828125,0.06153172254562378,-0.06536579132080078,-0.053519248962402344
576,766000000,imu2_frame,0.16806872477452073,-0.1214915072181028,-0.718973465271885,0.6633776252342836,-0.07421875,0.046875,-0.673828125,0.052247822284698486,0.011626958847045898,-0.06363391876220703
576,791000000,imu2_frame,0.16840505353185273,-0.12193873154600601,-0.7233519506420255,0.6584319548717708,-0.05078125,0.029296875,-0.5859375,0.07737261056900024,0.006844997406005859,-0.05929851531982422
576,815000000,imu2_frame,0.16798036000116795,-0.12209023706998844,-0.7275627945348263,0.6538569818199899,-0.068359375,0.02734375,-0.580078125,0.09416389465332031,0.015136241912841797,-0.061367034912109375
576,840000000,imu2_frame,0.16737119823651803,-0.11805675129291492,-0.7327900164732298,0.6488977401965569,-0.068359375,0.02734375,-0.580078125,0.052322328090667725,-0.1460435390472412,-0.1194448471069336
576,865000000,imu2_frame,0.16658541178551134,-0.11549156089100429,-0.7378706285284763,0.6437840752132679,0.0,0.04296875,-0.603515625,0.10169237852096558,-0.09415268898010254,-0.13628482818603516
576,891000000,imu2_frame,0.1653910738780817,-0.11441989020268513,-0.742737230011504,0.6386668055898149,-0.025390625,0.046875,-0.59765625,0.12512922286987305,-0.057999372482299805,-0.14885330200195312
576,916000000,imu2_frame,0.16437298487113222,-0.11394953984601187,-0.7471535985947085,0.633844242949649,-0.0625,0.044921875,-0.5859375,0.141149640083313,-0.032794952392578125,-0.1575174331665039
576,941000000,imu2_frame,0.16552262901323564,-0.1094214667539461,-0.7522138485159277,0.6283339303259208,-0.0625,0.044921875,-0.5859375,0.05079543590545654,-0.009061813354492188,-0.05659294128417969
576,965000000,imu2_frame,0.16529568572012254,-0.11000101739853617,-0.75647311408538,0.6231577168900093,0.001953125,0.025390625,-0.615234375,0.06523025035858154,-0.007222890853881836,-0.05557537078857422
576,990000000,imu2_frame,0.1652724816953052,-0.11093483447210456,-0.7607889246475156,0.6177205528623755,0.04296875,0.025390625,-0.609375,0.07924497127532959,-0.012542009353637695,-0.051692962646484375
577,15000000,imu2_frame,0.16481282465787683,-0.11136038260139014,-0.7650450574506726,0.6124880881171985,0.013671875,0.03125,-0.595703125,0.09237349033355713,-0.0057299137115478516,-0.052809715270996094
577,40000000,imu2_frame,0.1640035702558974,-0.11139025217774537,-0.7690292378827868,0.6076915927874248,-0.04296875,0.03515625,-0.55859375,0.10312962532043457,0.010214567184448242,-0.057880401611328125
577,65000000,imu2_frame,0.1670072965997575,-0.1086619867793586,-0.7732705513617664,0.601958295821457,-0.04296875,0.03515625,-0.55859375,-0.2542276382446289,0.0994868278503418,-0.08924674987792969
577,91000000,imu2_frame,0.16985095921634005,-0.10623234876167206,-0.777319667251556,0.5963551581346455,-0.05859375,0.017578125,-0.521484375,-0.1575794219970703,0.11294937133789062,-0.08072853088378906
577,116000000,imu2_frame,0.17230355889321622,-0.10310580712906933,-0.7813288786700516,0.5909364259251538,-0.05859375,0.017578125,-0.521484375,-0.17272233963012695,0.028748512268066406,-0.077117919921875
577,141000000,imu2_frame,0.17498600261621702,-0.1016254251555704,-0.7849546216301296,0.5855752845124588,-0.05859375,0.017578125,-0.521484375,-0.052544474601745605,0.10573625564575195,-0.1781148910522461
577,166000000,imu2_frame,0.177514852097556,-0.10061328266428703,-0.7884544245883526,0.580262927459052,-0.05859375,0.017578125,-0.521484375,0.020433902740478516,0.06871509552001953,-0.12562942504882812
577,190000000,imu2_frame,0.178498027228018,-0.09938290045545724,-0.7911833587556081,0.5764463428637234,-0.185546875,0.048828125,-0.44140625,0.06647896766662598,0.08453893661499023,-0.1235971450805664
577,215000000,imu2_frame,0.17939838158900312,-0.09924857358426152,-0.7938859888090015,0.5724604598550798,-0.107421875,0.05078125,-0.44140625,0.09912800788879395,0.08520245552062988,-0.11781978607177734
577,240000000,imu2_frame,0.18020267571763962,-0.09445312766331246,-0.7974452052254895,0.5680552323513078,-0.107421875,0.05078125,-0.44140625,-0.08358108997344971,-0.1099855899810791,-0.056099891662597656
577,265000000,imu2_frame,0.18065306135449136,-0.08941428310053207,-0.8009380388648605,0.563797672308231,-0.140625,0.041015625,-0.4296875,-0.0008344650268554688,-0.0275115966796875,-0.07103347778320312
577,290000000,imu2_frame,0.18255190092055482,-0.08542987813990621,-0.8041457087178778,0.5592192937854656,-0.1171875,0.037109375,-0.4375,0.09189021587371826,0.024932861328125,-0.07117176055908203
577,316000000,imu2_frame,0.18193759671070325,-0.08565278115531923,-0.8070002593395766,0.555259302857096,-0.078125,0.0390625,-0.439453125,0.09658217430114746,0.03744339942932129,-0.07480239868164062
577,341000000,imu2_frame,0.1814136954840468,-0.08138839285477649,-0.8105049404723442,0.5509507619281959,-0.078125,0.0390625,-0.439453125,0.04061126708984375,-0.11037921905517578,-0.09244441986083984
577,366000000,imu2_frame,0.17982731921555728,-0.0772693280149384,-0.8139884717952628,0.5469134794428441,-0.12109375,0.048828125,-0.44140625,0.07818365097045898,-0.019109249114990234,-0.11641979217529297
577,390000000,imu2_frame,0.17883281800372403,-0.07731796043110446,-0.8166735837084319,0.5432172805355586,-0.07421875,0.037109375,-0.44140625,0.07680535316467285,-0.0003781318664550781,-0.12324810028076172
577,416000000,imu2_frame,0.17944563511945547,-0.07272271906497337,-0.8201430383095841,0.5384013994044741,-0.07421875,0.037109375,-0.44140625,-0.07607007026672363,-0.11297464370727539,-0.015245437622070312
577,441000000,imu2_frame,0.18021989042323136,-0.06935653057463471,-0.8232858370228858,0.5337704500251154,0.009765625,0.013671875,-0.419921875,-0.010881423950195312,-0.05510520935058594,-0.019150733947753906
577,465000000,imu2_frame,0.182541280433958,-0.06983752328193965,-0.8254986241438973,0.529484110069328,0.009765625,0.013671875,-0.419921875,0.035192251205444336,0.003349781036376953,0.03767681121826172
577,490000000,imu2_frame,0.18090937497612777,-0.06996193967426403,-0.8282157646987105,0.5257715969385296,0.015625,0.0078125,-0.400390625,0.022275686264038086,0.027620315551757812,0.026429176330566406
577,516000000,imu2_frame,0.18034224209795463,-0.07117863742425391,-0.8306116731860723,0.5220100819491352,-0.0078125,0.015625,-0.392578125,0.014261960983276367,0.023687362670898438,0.025778770446777344
577,540000000,imu2_frame,0.1822106442254237,-0.06829686310569758,-0.8331558059540844,0.517673857390807,-0.0078125,0.015625,-0.392578125,-0.06740164756774902,-0.014659643173217773,-0.007901191711425781
577,565000000,imu2_frame,0.18152018234120093,-0.06515907343845277,-0.8361149188794047,0.5135334078506925,-0.0078125,0.015625,-0.392578125,0.04701519012451172,-0.023788928985595703,-0.060054779052734375
577,591000000,imu2_frame,0.17990385600256362,-0.06503145324794317,-0.8385484468590091,0.5101392113474643,-0.009765625,0.033203125,-0.359375,0.03475236892700195,0.0033638477325439453,-0.07179832458496094
577,616000000,imu2_frame,0.17995070229270801,-0.06578334887704532,-0.8404034102708895,0.5069639077488072,-0.068359375,0.029296875,-0.349609375,0.03861808776855469,-0.0006287097930908203,-0.069549560546875
577,640000000,imu2_frame,0.18052663039892217,-0.061844763032709534,-0.8428066332698433,0.5032517659368825,-0.068359375,0.029296875,-0.349609375,-0.0131988525390625,-0.08379030227661133,-0.1143789291381836
577,666000000,imu2_frame,0.18078636748933355,-0.05623270213944141,-0.845425746290767,0.4994091309225414,-0.173828125,0.056640625,-0.35546875,0.059766292572021484,0.01681065559387207,-0.12549686431884766
577,691000000,imu2_frame,0.17962735094375204,-0.05103001310398556,-0.8480542482220177,0.4959172759928066,-0.173828125,0.056640625,-0.35546875,0.02599501609802246,-0.10673356056213379,-0.03128814697265625
577,715000000,imu2_frame,0.17864346146369373,-0.04790739713939235,-0.8506631787287969,0.49210115965177054,-0.03125,0.037109375,-0.37890625,0.05264019966125488,-0.03455066680908203,-0.044216156005859375
577,740000000,imu2_frame,0.18114037286481532,-0.047554799423729796,-0.8525011211098558,0.4880251477911804,-0.03125,0.037109375,-0.37890625,0.029700040817260742,0.03816485404968262,-0.023413658142089844
577,766000000,imu2_frame,0.1830171616284317,-0.048085520671439785,-0.8543627524802325,0.4840008144886015,-0.03125,0.037109375,-0.37890625,0.031200647354125977,0.1373434066772461,-0.04812431335449219
577,791000000,imu2_frame,0.18409263426483605,-0.04923890535468946,-0.8559724535574565,0.4806210471460158,-0.021484375,0.013671875,-0.33984375,0.04729747772216797,0.11851668357849121,-0.038211822509765625
577,816000000,imu2_frame,0.18491737367475572,-0.05040816343344836,-0.857476606895714,0.47749183301823167,-0.02734375,0.02734375,-0.32421875,0.058634042739868164,0.10103201866149902,-0.029984474182128906
577,840000000,imu2_frame,0.18308232802850372,-0.048791977037544315,-0.8596464447112728,0.4744556820565013,-0.02734375,0.02734375,-0.32421875,0.05364060401916504,0.0016832351684570312,-0.007251739501953125
577,866000000,imu2_frame,0.18130680561541274,-0.0464188657091327,-0.8620339438315026,0.47103143294913824,-0.02734375,0.02734375,-0.32421875,0.05738258361816406,-0.006222248077392578,-0.06337738037109375
577,890000000,imu2_frame,0.17952080691814948,-0.04569838456655884,-0.8637195252904892,0.46869235022926825,-0.142578125,0.044921875,-0.30078125,0.04192066192626953,0.029069900512695312,-0.07727336883544922
577,916000000,imu2_frame,0.17933393254192379,-0.04521515041135197,-0.8651938611811139,0.4660842342182825,-0.181640625,0.044921875,-0.30078125,0.05065464973449707,0.04679059982299805,-0.07944488525390625
577,941000000,imu2_frame,0.17844539046175567,-0.03993442385723486,-0.8672994646744647,0.46298393383521347,-0.181640625,0.044921875,-0.30078125,0.01538848876953125,-0.15523838996887207,-0.13741493225097656
577,966000000,imu2_frame,0.17740292545297007,-0.034690896195608334,-0.8693849737869496,0.4598853238747009,-0.181640625,0.044921875,-0.30078125,0.05450248718261719,-0.04757809638977051,-0.15231609344482422
577,991000000,imu2_frame,0.17549777190034183,-0.031828874865108936,-0.8714932290526556,0.45682272983971844,-0.08984375,0.0546875,-0.3125,0.05699920654296875,0.0273745059967041,-0.16917705535888672
578,16000000,imu2_frame,0.1763373015730185,-0.03202005174287729,-0.8727620948992562,0.4540552808495805,-0.107421875,0.046875,-0.298828125,0.07567977905273438,0.025381088256835938,-0.16316890716552734
578,40000000,imu2_frame,0.17843330753285164,-0.02908889589430892,-0.8741236801265886,0.45080282024460144,-0.107421875,0.046875,-0.298828125,0.03076648712158203,0.028293848037719727,-0.07401084899902344
578,65000000,imu2_frame,0.17965486532170358,-0.030879507366065408,-0.8750779997245938,0.4483403615436306,0.017578125,0.03515625,-0.248046875,0.04070234298706055,-0.004997968673706055,-0.06336116790771484
578,91000000,imu2_frame,0.18211957454590036,-0.031883008394585466,-0.8759734357726743,0.4455182085656517,0.017578125,0.03515625,-0.248046875,0.0008814334869384766,0.08291840553283691,-0.044701576232910156
578,116000000,imu2_frame,0.18354238417964136,-0.03294533223164741,-0.8767226488068695,0.44337816292964416,-0.03125,0.01953125,-0.216796875,0.02006244659423828,0.05953049659729004,-0.03318500518798828
578,140000000,imu2_frame,0.18147839442235397,-0.031684687927323305,-0.8782126514874559,0.4413663010201447,-0.03125,0.01953125,-0.216796875,0.11545228958129883,-0.05103015899658203,-0.006529808044433594
578,165000000,imu2_frame,0.17970357459579978,-0.029384226352184774,-0.8798082972974468,0.43906782223905083,-0.03125,0.01953125,-0.216796875,0.1117551326751709,-0.14141178131103516,-0.02180767059326172
578,191000000,imu2_frame,0.17740790615750193,-0.02667809176102417,-0.8818609125320942,0.43604592097721023,-0.07421875,0.015625,-0.28515625,0.10419583320617676,-0.06576144695281982,-0.04079723358154297
578,216000000,imu2_frame,0.1751587207341803,-0.025053174872534736,-0.8838482615522183,0.4330173339840948,-0.0546875,0.0234375,-0.3046875,0.08756208419799805,-0.009184122085571289,-0.057941436767578125
578,241000000,imu2_frame,0.17738314387135534,-0.022693707876169325,-0.8852259791904593,0.4294126007227057,-0.0546875,0.0234375,-0.3046875,0.039034366607666016,0.024655699729919434,-0.04482078552246094
578,265000000,imu2_frame,0.17898226576641452,-0.023025328742781237,-0.8863512950773017,0.4263995362241818,-0.0546875,0.0234375,-0.3046875,0.03015303611755371,0.05459165573120117,-0.07635307312011719
578,291000000,imu2_frame,0.17984645779068675,-0.023716513271243862,-0.887609098129532,0.4233708392604246,-0.072265625,0.029296875,-0.302734375,0.04519534111022949,0.04547476768493652,-0.06965923309326172
578,315000000,imu2_frame,0.17990812936567446,-0.024194019463434333,-0.8887221608656664,0.42097581307791,-0.103515625,0.033203125,-0.279296875,0.047363996505737305,0.044573307037353516,-0.06877708435058594
578,341000000,imu2_frame,0.17988769063913299,-0.01960859774500097,-0.8904347177532272,0.4175906309661711,-0.103515625,0.033203125,-0.279296875,-0.021216154098510742,-0.09482479095458984,-0.0689401626586914
578,366000000,imu2_frame,0.1799237244535839,-0.01519960959517638,-0.8920415972689381,0.4143165625325477,-0.103515625,0.033203125,-0.279296875,0.022023677825927734,-0.007340550422668457,-0.0716867446899414
578,390000000,imu2_frame,0.18145076134482252,-0.0163581317481502,-0.8928220494534774,0.4119184637070626,-0.01171875,0.01171875,-0.2421875,0.04279661178588867,-0.03164875507354736,-0.060187339782714844
578,415000000,imu2_frame,0.17942595429156924,-0.014855384220418617,-0.8943592170914811,0.4095207385343705,-0.017578125,0.01953125,-0.2265625,0.02566695213317871,0.01883256435394287,-0.07538223266601562
578,441000000,imu2_frame,0.18200228887143008,-0.013731468414853095,-0.8951575158203615,0.4066689507339498,-0.017578125,0.01953125,-0.2265625,-0.03390860557556152,0.027805566787719727,-0.1398468017578125
578,465000000,imu2_frame,0.18430655097200363,-0.013442746295269018,-0.8954813385998154,0.40492414111821995,-0.021484375,0.017578125,-0.154296875,0.010332345962524414,0.020740747451782227,-0.12350082397460938
578,491000000,imu2_frame,0.18212250918115186,-0.012078189939005711,-0.8966898643784624,0.4032775670655301,-0.021484375,0.017578125,-0.154296875,0.0657498836517334,-0.006745576858520508,-0.2179431915283203
578,516000000,imu2_frame,0.1837515669855448,-0.013176725484165718,-0.8967236442037299,0.4024281817440898,-0.0390625,0.03515625,-0.1015625,0.08595871925354004,-0.03578674793243408,-0.20575618743896484
578,541000000,imu2_frame,0.18183340226846997,-0.01140202259062475,-0.8975908440190551,0.4014190882774209,-0.0390625,0.03515625,-0.1015625,0.06962776184082031,-0.025271892547607422,-0.10312271118164062
578,566000000,imu2_frame,0.18436712329970828,-0.0104155509138103,-0.897652943352426,0.4001493139267868,-0.0390625,0.03515625,-0.1015625,0.008994102478027344,0.015796542167663574,-0.04635143280029297
578,590000000,imu2_frame,0.18608746107966037,-0.012391200925126038,-0.8971760177333646,0.4003662175716883,0.021484375,0.017578125,0.0078125,0.02194666862487793,-0.033002257347106934,-0.033011436462402344
578,615000000,imu2_frame,0.1845533712082301,-0.010488665443378878,-0.897488863605534,0.40042949538831546,-0.013671875,0.013671875,0.015625,0.011069059371948242,0.012065291404724121,-0.04497241973876953
578,640000000,imu2_frame,0.18233102309475988,-0.010142028037894353,-0.8977775453971735,0.4008092018219179,-0.013671875,0.013671875,0.015625,0.08903241157531738,-0.04399549961090088,-0.018079757690429688
578,665000000,imu2_frame,0.18024674862014736,-0.009113531071691614,-0.8980966461211874,0.401061675293396,-0.013671875,0.013671875,0.015625,0.06159090995788574,-0.04962456226348877,-0.03714561462402344
578,691000000,imu2_frame,0.17811136235425407,-0.008605723111419526,-0.8986061966291865,0.40088550423988745,0.025390625,0.001953125,-0.015625,0.02989029884338379,-0.023442387580871582,-0.05227947235107422
578,715000000,imu2_frame,0.17615551071030425,-0.0074004258923402256,-0.8990668591253349,0.40074087957869864,-0.01171875,0.0078125,-0.015625,0.0065860748291015625,0.01348733901977539,-0.06620121002197266
578,740000000,imu2_frame,0.1783396020203776,-0.008120390717324327,-0.8987072623168415,0.4005674752957103,-0.01171875,0.0078125,-0.015625,-0.000985860824584961,0.02346348762512207,-0.08991622924804688
578,765000000,imu2_frame,0.17953552054909616,-0.010042790729734461,-0.8984047682301451,0.4006682064213017,-0.01171875,0.0078125,-0.015625,0.04295778274536133,-0.019968867301940918,-0.11992931365966797
578,791000000,imu2_frame,0.17792839121688583,-0.011639697981745908,-0.8983539083368562,0.40145517857633845,0.005859375,0.009765625,0.03515625,0.0018978118896484375,-0.03816485404968262,-0.1304759979248047
578,816000000,imu2_frame,0.1795713681153416,-0.009745375940788415,-0.8980945990867961,0.40135426058792983,-0.015625,0.005859375,0.025390625,0.04469585418701172,-0.017374873161315918,-0.11979293823242188
578,840000000,imu2_frame,0.17795398202967055,-0.007984436571504104,-0.8983545178654527,0.4015318035761917,-0.015625,0.005859375,0.025390625,0.031013965606689453,-0.013503193855285645,-0.09263896942138672
578,866000000,imu2_frame,0.17895352935501627,-0.010290190131992751,-0.8978970580007355,0.4020579803362376,-0.001953125,0.015625,0.017578125,0.028760433197021484,-0.06358551979064941,-0.08484268188476562
578,890000000,imu2_frame,0.18032362051777376,-0.008234713439211927,-0.897747358403708,0.4018274030689053,-0.001953125,0.015625,0.017578125,0.029393672943115234,0.0016301870346069336,-0.03690624237060547
578,916000000,imu2_frame,0.17875002677633245,-0.009937916940483937,-0.8977329963326435,0.4025234564965852,-0.01953125,0.0078125,0.017578125,-0.011766672134399414,-0.01833653450012207,-0.04734230041503906
578,941000000,imu2_frame,0.17782826516139277,-0.007462788878961794,-0.8979616336523114,0.4024752407047044,-0.01953125,0.0078125,0.017578125,0.031392812728881836,-0.0807948112487793,-0.0936727523803711
578,965000000,imu2_frame,0.17980406320519537,-0.008323468932332139,-0.8974514030036366,0.40271850959030764,-0.01953125,0.0078125,0.017578125,0.018387317657470703,0.0010731220245361328,-0.07959842681884766
578,990000000,imu2_frame,0.1818062975036848,-0.009661194512634952,-0.8969109639860586,0.40299361557001107,-0.0078125,0.013671875,0.015625,0.041010141372680664,-0.03903210163116455,-0.06497573852539062
579,16000000,imu2_frame,0.17988539465152908,-0.00821260280925588,-0.897232562760834,0.4031718321854679,-0.0078125,0.013671875,0.017578125,0.01987171173095703,0.0008050203323364258,-0.0790567398071289
579,41000000,imu2_frame,0.18107034746290457,-0.005906768107899164,-0.8971163793331502,0.4029402453123313,-0.0078125,0.013671875,0.017578125,-0.01579737663269043,-0.04537475109100342,-0.07133674621582031
579,66000000,imu2_frame,0.18237650946456896,-0.003672131950841296,-0.8969682328438727,0.40270747883717745,-0.0078125,0.013671875,0.017578125,0.05935192108154297,-0.015634894371032715,-0.13669490814208984
579,91000000,imu2_frame,0.18119643529939158,-0.005452695499261992,-0.8969937470716179,0.4031629170211517,-0.0078125,0.01953125,0.0,0.024704933166503906,-0.03918874263763428,-0.1447601318359375
579,116000000,imu2_frame,0.1827464682342654,-0.003338373385561711,-0.8969325352323754,0.4026221688539578,0.00390625,0.01953125,-0.0078125,0.0683431625366211,-0.012387871742248535,-0.13409996032714844
579,141000000,imu2_frame,0.18232638005944118,-0.0056227245101291325,-0.8968486679519407,0.40297387371433036,0.00390625,0.01953125,-0.0078125,0.007519245147705078,-0.011319994926452637,-0.02341461181640625
579,166000000,imu2_frame,0.18464301344304132,-0.004382165572289991,-0.8965882318286976,0.40251372244665046,0.00390625,0.01953125,-0.0078125,0.05698561668395996,-0.006128549575805664,-0.046105384826660156
579,191000000,imu2_frame,0.18276082841025681,-0.005318318312630955,-0.8968748416897268,0.4027228742363036,-0.00390625,0.017578125,-0.013671875,0.01766061782836914,-0.008515477180480957,-0.059439659118652344
579,215000000,imu2_frame,0.18530505965384747,-0.0054361796480132014,-0.896526556665471,0.40233396079758516,0.01171875,0.013671875,-0.017578125,0.06009697914123535,-0.02915513515472412,-0.04111480712890625
579,241000000,imu2_frame,0.18313655219692737,-0.005387018494582027,-0.8969942860484981,0.4022850159743787,0.01171875,0.013671875,-0.017578125,0.02418231964111328,-0.01112377643585205,-0.05673789978027344
579,265000000,imu2_frame,0.18111152776962958,-0.005180368517630591,-0.8974838170348577,0.4021126414967755,-0.021484375,0.015625,-0.0390625,-0.007944583892822266,0.008982419967651367,-0.0711984634399414
579,291000000,imu2_frame,0.18200554110032613,-0.002343532127056719,-0.8977051387761844,0.40124054466214976,-0.021484375,0.015625,-0.0390625,-0.008221864700317383,-0.01939225196838379,-0.02621173858642578
579,315000000,imu2_frame,0.18320593545559935,-0.00019772980849122346,-0.8979984526574398,0.40004290412605165,0.021484375,0.015625,-0.06640625,0.030727624893188477,0.013134241104125977,-0.01774883270263672
579,341000000,imu2_frame,0.1840222255623721,-0.0027060153333721888,-0.8980245169865496,0.39960038147023985,0.021484375,0.015625,-0.06640625,0.025560617446899414,0.07759332656860352,-0.007840156555175781
579,365000000,imu2_frame,0.18638757766040545,-0.0018368138400559836,-0.89801770628574,0.3985228929510845,0.021484375,0.015625,-0.06640625,0.03481245040893555,0.00018072128295898438,0.009206771850585938
579,390000000,imu2_frame,0.18423482484991677,-0.002360192299964735,-0.89849646222142,0.39844204871024874,-0.0234375,0.0078125,-0.041015625,-0.005297422409057617,0.008019566535949707,-0.006340980529785156
579,416000000,imu2_frame,0.18635510614056972,-0.003024135403435388,-0.8982048166523705,0.39810895036771055,-0.03125,0.0078125,-0.037109375,0.025700092315673828,-0.01891171932220459,0.009082794189453125
579,441000000,imu2_frame,0.18479056988141773,-0.0006904463166093916,-0.8987744945771761,0.39756304715645585,-0.03125,0.0078125,-0.037109375,0.018479108810424805,0.0010344982147216797,-0.041495323181152344
579,465000000,imu2_frame,0.18398012211716688,-0.0024523719184916053,-0.8988906237403195,0.3976693942076321,-0.03125,0.0078125,-0.037109375,0.03001856803894043,0.011148810386657715,-0.051136016845703125
579,491000000,imu2_frame,0.18369015502068076,-0.005243871178931211,-0.898800005214089,0.39798112944044284,0.021484375,-0.005859375,-0.0078125,0.002865314483642578,-0.03675532341003418,-0.05280017852783203
579,515000000,imu2_frame,0.18380116219819767,-0.002874951994723638,-0.8989284536036719,0.3976638061570739,-0.005859375,-0.005859375,0.0078125,0.023720264434814453,0.005135178565979004,-0.052379608154296875
579,540000000,imu2_frame,0.18566334236409526,-0.0015355364009730238,-0.8986718345452245,0.3973860833311537,-0.005859375,-0.005859375,0.0078125,0.02685403823852539,-0.019939184188842773,-0.11717414855957031
579,565000000,imu2_frame,0.18775072890794486,-0.0006730915488095659,-0.898395159432531,0.3970331828078092,0.0234375,-0.0078125,0.005859375,0.06921124458312988,-0.01970493793487549,-0.1019754409790039
579,591000000,imu2_frame,0.185547890866256,-0.0016047524587538312,-0.8987255009575771,0.39731835962258544,0.01171875,0.0,0.0,0.024513959884643555,-0.02002716064453125,-0.11800193786621094
579,616000000,imu2_frame,0.18753838533505793,-0.0003840597212960546,-0.8984744711307232,0.396954444804964,-0.0078125,-0.00390625,-0.001953125,0.06801676750183105,-0.012692928314208984,-0.10353851318359375
579,641000000,imu2_frame,0.18515706089832226,-0.00018516362271375156,-0.8989014484051144,0.3971057977027222,-0.0078125,-0.00390625,-0.001953125,0.0683736801147461,-0.030346989631652832,-0.12088298797607422
579,665000000,imu2_frame,0.1831140875727836,-0.0003270974881074908,-0.8992245901090398,0.3973213566910914,0.015625,0.0078125,0.0078125,0.032529592514038086,-0.017756104469299316,-0.1355886459350586
579,690000000,imu2_frame,0.18482611593398368,-0.002320659879367561,-0.8987622257418226,0.3975680859753297,0.015625,0.0078125,0.0078125,0.04543304443359375,-0.027890682220458984,-0.11927127838134766
579,716000000,imu2_frame,0.18328300810958711,-0.0006126721649940584,-0.8992526725016273,0.39717954953622686,0.01171875,0.00390625,-0.015625,0.03338217735290527,0.01548302173614502,-0.13046741485595703
579,741000000,imu2_frame,0.18531789647309796,0.0007147895950715013,-0.8990956667695775,0.39659015156555455,0.01171875,0.00390625,-0.015625,0.07885479927062988,-0.013899803161621094,-0.11971473693847656
579,766000000,imu2_frame,0.18416279281171902,-0.0014192943857188065,-0.8992234405867693,0.3968365598663099,0.01171875,0.00390625,-0.015625,0.08154535293579102,0.030868172645568848,-0.04989910125732422
579,790000000,imu2_frame,0.1830041852359372,-0.003099626835042829,-0.8993281679072588,0.39712555559695173,-0.013671875,0.015625,-0.015625,0.04850292205810547,0.009279608726501465,-0.058066368103027344
579,816000000,imu2_frame,0.18177772402383857,-0.005225786044900889,-0.8994774093946238,0.3973285041343781,0.00390625,0.00390625,-0.021484375,0.010947942733764648,-0.01931285858154297,-0.06646537780761719
579,841000000,imu2_frame,0.18394373224276264,-0.004152607247315853,-0.8993046455135961,0.3967349414651015,0.00390625,0.00390625,-0.021484375,-0.02135491371154785,-0.015107393264770508,-0.09024429321289062
579,866000000,imu2_frame,0.18555181107591898,-0.005967185588309941,-0.8989914422530486,0.3966727931915482,0.00390625,0.00390625,-0.021484375,0.030778169631958008,-0.020153522491455078,-0.07436370849609375
579,891000000,imu2_frame,0.1837130686044756,-0.0045843309920134264,-0.8994244918384137,0.3965653487314468,0.0,0.0,-0.001953125,0.010780096054077148,0.018738985061645508,-0.08791637420654297
579,916000000,imu2_frame,0.18572551717404093,-0.006133535436470206,-0.8989352438201846,0.3967163211054343,0.01171875,0.005859375,0.0078125,0.03232979774475098,-0.024573922157287598,-0.07306480407714844
579,940000000,imu2_frame,0.18748030873604954,-0.004632811251728738,-0.8987353438813365,0.39636404044090234,0.01171875,0.005859375,0.0078125,0.03504061698913574,-0.010503411293029785,-0.0644845962524414
579,966000000,imu2_frame,0.1854463901174122,-0.006310740203781505,-0.8987342675900645,0.3972990400313744,0.03515625,-0.0078125,0.056640625,-0.013782501220703125,-0.027624964714050293,-0.07894611358642578
579,990000000,imu2_frame,0.18698603404662692,-0.0086244354733672,-0.8980811563287993,0.3980101491562827,0.03515625,-0.0078125,0.056640625,-0.04629921913146973,0.1477646827697754,-0.028005599975585938
580,16000000,imu2_frame,0.18864612701734826,-0.011611311720695683,-0.8965387520033236,0.4006196230313764,0.044921875,-0.017578125,0.21875,-0.0466766357421875,0.07314407825469971,-0.014635086059570312
580,40000000,imu2_frame,0.1901206450151443,-0.014416184531281018,-0.8951054366371158,0.403029243684951,0.044921875,-0.017578125,0.21875,-0.12302422523498535,0.27342236042022705,0.03677082061767578
580,66000000,imu2_frame,0.19080153187056775,-0.01800679010549362,-0.8936397922411089,0.4058059298103086,0.044921875,-0.017578125,0.21875,0.0065076351165771484,0.15632879734039307,0.005055427551269531
580,91000000,imu2_frame,0.19145952451289283,-0.021455107391668112,-0.8922111329238411,0.4084632457478456,0.044921875,-0.017578125,0.21875,-0.01581263542175293,0.1205904483795166,0.05169391632080078
580,115000000,imu2_frame,0.19186720038039734,-0.026345849700776334,-0.8889326668581391,0.4150802180473183,0.091796875,-0.068359375,0.615234375,-0.06345725059509277,0.008913278579711914,0.05931854248046875
580,140000000,imu2_frame,0.1920782338282997,-0.03151253386808807,-0.8854720799584674,0.421962211474723,0.091796875,-0.068359375,0.615234375,-0.07988095283508301,0.35074830055236816,0.21518230438232422
580,165000000,imu2_frame,0.19179211750566955,-0.036793479061755334,-0.8820032608396302,0.42887325800227166,0.091796875,-0.068359375,0.615234375,-0.033082008361816406,0.16406774520874023,0.14977455139160156
580,191000000,imu2_frame,0.1902797864088007,-0.04224612205865912,-0.8762560951161266,0.4406632771482822,-0.021484375,-0.140625,1.0078125,-0.13598299026489258,0.04363679885864258,0.14690399169921875
580,215000000,imu2_frame,0.19032566332574544,-0.044999516603795336,-0.870406840275592,0.4518219979001684,0.03515625,-0.15234375,1.119140625,-0.19049406051635742,-0.04028487205505371,0.15194034576416016
580,241000000,imu2_frame,0.1896125435174117,-0.05100167791332999,-0.8636134474506132,0.4643465576197908,0.03515625,-0.15234375,1.119140625,-0.2542409896850586,0.4375276565551758,0.12275028228759766
580,266000000,imu2_frame,0.18910742535535255,-0.056533200575269796,-0.8569023095384551,0.47619408943816977,0.03515625,-0.15234375,1.119140625,-0.2766575813293457,0.27329444885253906,0.20485687255859375
580,291000000,imu2_frame,0.18628828987585,-0.05804201253338003,-0.8488047213879936,0.49138410921157877,-0.328125,-0.193359375,1.388671875,-0.3846445083618164,0.22813987731933594,0.18754863739013672
580,316000000,imu2_frame,0.17994630980793866,-0.05696617531686957,-0.841279607499072,0.5065795124780321,-0.328125,-0.193359375,1.388671875,-0.1400895118713379,-0.5428769588470459,0.10457897186279297
580,341000000,imu2_frame,0.17435058717596089,-0.05548155327848521,-0.8334204968133565,0.5214728616990363,-0.328125,-0.193359375,1.388671875,-0.260347843170166,-0.2748138904571533,0.0625619888305664
580,365000000,imu2_frame,0.17192903587087138,-0.05926421616131065,-0.8250277359190107,0.5350302741636674,0.142578125,-0.267578125,1.443359375,-0.38226985931396484,-0.34759020805358887,0.05465412139892578
580,391000000,imu2_frame,0.17128208799986142,-0.0663172541188176,-0.8150009694800214,0.549579737511467,0.142578125,-0.267578125,1.443359375,-0.40172266960144043,0.1230165958404541,0.10668563842773438
580,415000000,imu2_frame,0.16971139813401648,-0.07039492115805823,-0.8051278920505555,0.5639252378292506,0.01171875,-0.255859375,1.54296875,-0.523038387298584,0.04091978073120117,0.10711479187011719
580,441000000,imu2_frame,0.1636097501573431,-0.07721484793319199,-0.7941593461593465,0.580155711701492,0.01171875,-0.255859375,1.54296875,-0.1405264139175415,-0.034522056579589844,0.11829090118408203
580,465000000,imu2_frame,0.1606694220514507,-0.07992801457954099,-0.7840630734812627,0.5941733300192307,0.01171875,-0.255859375,1.54296875,-0.38773953914642334,-0.14966368675231934,0.1040792465209961
580,490000000,imu2_frame,0.15794225220265337,-0.08291486118068936,-0.7732173313345864,0.6085345752612263,0.01171875,-0.255859375,1.54296875,-0.5561445951461792,-0.15146088600158691,0.1356639862060547
580,516000000,imu2_frame,0.15513295612772002,-0.08706898773703127,-0.7601064733714376,0.6249727245539277,0.064453125,-0.2734375,1.73046875,-0.7157530784606934,-0.20836281776428223,0.13227462768554688
580,540000000,imu2_frame,0.15225141986932508,-0.09075430640050246,-0.7477199852886661,0.6399202955192587,0.064453125,-0.2734375,1.73046875,-0.4841545820236206,-0.13715004920959473,0.17074108123779297
580,566000000,imu2_frame,0.1465409518354988,-0.09514614002171429,-0.7340053046214355,0.6562843699660295,0.064453125,-0.2734375,1.73046875,-0.2352381944656372,-0.5341024398803711,0.1142873764038086
580,591000000,imu2_frame,0.1449726039235626,-0.10327623211348369,-0.7200717094717896,0.67068151697392,0.5078125,-0.314453125,1.724609375,-0.4305877685546875,-0.6432993412017822,0.13688373565673828
580,616000000,imu2_frame,0.14477077805848473,-0.11185337699219564,-0.7054374025541507,0.6847542003912322,0.6015625,-0.283203125,1.744140625,-0.6180566549301147,-0.7692060470581055,0.17180919647216797
580,640000000,imu2_frame,0.14413746127690308,-0.12447209635402506,-0.6902118614768802,0.6980964659432847,0.6015625,-0.283203125,1.744140625,0.011759132146835327,-0.05244731903076172,-4.1961669921875e-05
580,666000000,imu2_frame,0.1423799239734323,-0.1341207913813312,-0.6740628132409671,0.7123053378813319,0.6015625,-0.283203125,1.744140625,-0.22581233829259872,-0.27306103706359863,0.03889179229736328
580,691000000,imu2_frame,0.13864603528860842,-0.1365863125884948,-0.6589441743925041,0.7265769272048276,0.06640625,-0.130859375,1.74609375,-0.3884160965681076,-0.25186800956726074,0.03142547607421875
580,716000000,imu2_frame,0.1369005511448345,-0.14011588695891478,-0.6437765724059057,0.7397144733877125,0.208984375,-0.138671875,1.693359375,-0.5375986695289612,-0.26615118980407715,0.041113853454589844
580,741000000,imu2_frame,0.1329260256895931,-0.14452319236021266,-0.6280877575876366,0.7529604819198129,0.208984375,-0.138671875,1.693359375,-0.1553078293800354,-0.828465461730957,0.16186237335205078
580,766000000,imu2_frame,0.12982083741622255,-0.14865104070721077,-0.6129268615297276,0.7650948181006927,0.25,-0.13671875,1.60546875,-0.3279185891151428,-0.8201818466186523,0.1695699691772461
580,790000000,imu2_frame,0.1267981037389088,-0.15255277438184073,-0.5981093528761874,0.7764760742731541,0.25,-0.13671875,1.60546875,-0.2626821994781494,-0.49715137481689453,-0.021839141845703125
580,816000000,imu2_frame,0.12447288336178665,-0.15634559093189665,-0.5825849159946828,0.7878181091846186,0.271484375,-0.13671875,1.533203125,-0.41986966133117676,-0.4863545894622803,-0.010358810424804688
580,841000000,imu2_frame,0.12106602165944277,-0.1609919843336619,-0.5671406127952714,0.79860886840685,0.271484375,-0.13671875,1.533203125,-0.10463249683380127,-0.6199865341186523,-0.07601356506347656
580,866000000,imu2_frame,0.11828609427288389,-0.1647854782705663,-0.551641627661736,0.8090399623526132,0.271484375,-0.13671875,1.533203125,-0.2641056776046753,-0.32330965995788574,-0.10001850128173828
580,891000000,imu2_frame,0.11541102600665716,-0.16856565392305295,-0.535891901051631,0.8191982579210317,0.271484375,-0.13671875,1.533203125,-0.27154791355133057,-0.3677496910095215,-0.08852005004882812
580,916000000,imu2_frame,0.11321759672584213,-0.17034573013094603,-0.5216533183719138,0.8282764776627127,0.1875,-0.0703125,1.388671875,-0.3847687244415283,-0.32395267486572266,-0.08652973175048828
580,940000000,imu2_frame,0.11012737741197871,-0.1726467545894538,-0.5076100362922555,0.8368973114602912,0.1875,-0.0703125,1.388671875,-0.20426404476165771,-0.30370378494262695,-0.1197509765625
580,965000000,imu2_frame,0.11076096373974995,-0.17738514207375547,-0.4927336554722197,0.8446774917374674,0.1875,-0.0703125,1.388671875,-0.18231713771820068,0.05649828910827637,-0.15882110595703125
580,991000000,imu2_frame,0.11089966313976574,-0.17947878041129353,-0.4782335516796528,0.8525146932138037,0.10546875,-0.04296875,1.3359375,-0.2744845151901245,0.06791090965270996,-0.14361190795898438
581,15000000,imu2_frame,0.1117225277890352,-0.18158464739582703,-0.4651452280846438,0.8591769371931758,0.193359375,-0.05859375,1.28515625,-0.35411810874938965,0.06641459465026855,-0.1251678466796875
581,41000000,imu2_frame,0.11378976051513888,-0.18423550225513072,-0.4514123724093548,0.86564198150648,0.306640625,-0.064453125,1.21484375,-0.433671236038208,0.04266786575317383,-0.09709930419921875
581,66000000,imu2_frame,0.11155893605493951,-0.18825961194252333,-0.4373385980897448,0.8722659416247073,0.306640625,-0.064453125,1.21484375,0.11488866806030273,-0.8005666732788086,-0.1948099136352539
581,91000000,imu2_frame,0.10775414516512,-0.19012304597158827,-0.42617396870858415,0.8778485176756833,0.095703125,-0.0390625,0.986328125,0.0063250064849853516,-0.7218930721282959,-0.19733810424804688
581,115000000,imu2_frame,0.10412707115455393,-0.19096364524792528,-0.41628050073975187,0.8828368954400698,0.05859375,-0.005859375,0.91015625,-0.0770730972290039,-0.6398804187774658,-0.20609760284423828
581,141000000,imu2_frame,0.10008022522553892,-0.1921533252050427,-0.405413119386681,0.8880885376811318,0.05859375,-0.005859375,0.91015625,0.019888877868652344,-0.7405853271484375,-0.21334266662597656
581,165000000,imu2_frame,0.09628786788949042,-0.19342304180940206,-0.39526860685223486,0.8927927541325522,0.05859375,-0.005859375,0.91015625,-0.03002190589904785,-0.46390438079833984,-0.30036163330078125
581,191000000,imu2_frame,0.09215100743665616,-0.19529646345134616,-0.38411242845920934,0.8976776289375685,0.05859375,-0.005859375,0.91015625,-0.020138263702392578,-0.3333284854888916,-0.33652210235595703
581,215000000,imu2_frame,0.08957684919063706,-0.19627974853178154,-0.37740379564129456,0.9005646136957206,0.095703125,0.0078125,0.568359375,-0.0795450210571289,-0.2748603820800781,-0.3381385803222656
581,240000000,imu2_frame,0.0869180714621815,-0.197799507709686,-0.3703065074814168,0.9034343883869022,0.095703125,0.0078125,0.568359375,-0.0357818603515625,-0.32998037338256836,-0.4176368713378906
581,266000000,imu2_frame,0.08411154898404466,-0.19908740122758184,-0.362931007408084,0.9064052834475899,0.095703125,0.0078125,0.568359375,-0.024404525756835938,-0.38311147689819336,-0.37796592712402344
581,291000000,imu2_frame,0.08146496520010096,-0.20068635946163924,-0.3557593284224792,0.909133513193396,0.095703125,0.0078125,0.568359375,0.058713436126708984,-0.3979911804199219,-0.3701305389404297
581,316000000,imu2_frame,0.07903190650929977,-0.20199520173806892,-0.35365224823161484,0.9098802028558631,0.041015625,-0.0390625,0.138671875,0.012330293655395508,-0.3566889762878418,-0.3674612045288086
581,341000000,imu2_frame,0.0767794780338965,-0.20300637604426827,-0.3531408515003608,0.9100466262998923,0.029296875,-0.041015625,0.001953125,-0.022654056549072266,-0.3218405246734619,-0.3663158416748047
581,365000000,imu2_frame,0.07467200987625232,-0.20316238444701626,-0.3527751451770762,0.9103289698961231,0.029296875,-0.041015625,0.001953125,0.036487579345703125,-0.9367363452911377,-0.21897125244140625
581,391000000,imu2_frame,0.07350117083560824,-0.2025942147054538,-0.3580277729976062,0.9084983631333903,0.01171875,-0.02734375,-0.47265625,0.05332016944885254,-0.9301550388336182,-0.2268686294555664
581,415000000,imu2_frame,0.07356198348282715,-0.2022538231687064,-0.36454392267117114,0.9059744775893133,0.080078125,-0.02734375,-0.642578125,0.07914018630981445,-0.950984001159668,-0.22938823699951172
581,440000000,imu2_frame,0.07387994007516252,-0.2018141331548515,-0.37316801101361396,0.9025289168052122,0.0703125,-0.033203125,-0.8046875,0.11523962020874023,-0.9825258255004883,-0.23194503784179688
581,465000000,imu2_frame,0.07450808551220583,-0.2006399690290472,-0.3819260031902014,0.8990687827460627,0.0703125,-0.033203125,-0.8046875,-0.06361126899719238,-0.4792003631591797,-0.15732669830322266
581,490000000,imu2_frame,0.0769636479527721,-0.20032913941389507,-0.39377298829869206,0.8938051613644935,0.19140625,-0.0625,-1.11328125,-0.0013804435729980469,-0.5585060119628906,-0.15249347686767578
581,516000000,imu2_frame,0.07992825740288775,-0.20025129631491356,-0.4069455768159403,0.8876407998186405,0.216796875,-0.060546875,-1.203125,0.06751012802124023,-0.6516323089599609,-0.1440114974975586
581,541000000,imu2_frame,0.08725754369487217,-0.20154649343208317,-0.4199670106879731,0.880563934071443,0.216796875,-0.060546875,-1.203125,-0.07701754570007324,0.015439987182617188,-0.414581298828125
581,566000000,imu2_frame,0.09156131404300352,-0.20149759884760537,-0.4350597141695856,0.872776196132804,-0.0625,-0.02734375,-1.361328125,0.016843795776367188,-0.10373950004577637,-0.39992523193359375
581,590000000,imu2_frame,0.09626442783266055,-0.19919832295115794,-0.44987600911322656,0.8652541617882301,-0.0625,-0.02734375,-1.361328125,-0.19052815437316895,-0.09469366073608398,-0.4826936721801758
581,616000000,imu2_frame,0.10426050268419361,-0.1978494115210533,-0.4660265818476866,0.8560400591982675,0.150390625,0.013671875,-1.447265625,-0.02884364128112793,-0.2617459297180176,-0.4618215560913086
581,641000000,imu2_frame,0.11183751965738424,-0.1970094061686091,-0.48125292480999565,0.8468029791160403,0.150390625,0.013671875,-1.447265625,-0.18549847602844238,0.15489959716796875,-0.5925512313842773
581,665000000,imu2_frame,0.11911839158436702,-0.19533165307048322,-0.4958509091848911,0.837728016694931,0.150390625,0.013671875,-1.447265625,-0.4385683536529541,0.24602007865905762,-0.49051475524902344
581,690000000,imu2_frame,0.12568359715303168,-0.1919772887092548,-0.5110879721079093,0.8283341347506709,0.150390625,0.013671875,-1.447265625,-0.4035797119140625,-0.28496599197387695,-0.44542789459228516
581,716000000,imu2_frame,0.1302771813203928,-0.18567268472766893,-0.528609514360138,0.8180009116750251,-0.06640625,0.0859375,-1.58203125,-0.1734863519668579,-0.33364200592041016,-0.46898365020751953
581,741000000,imu2_frame,0.13594259175871076,-0.1805716619046619,-0.5451157759394919,0.8073179531540214,-0.06640625,0.0859375,-1.58203125,-0.2174321413040161,0.020498275756835938,-0.2885255813598633
581,766000000,imu2_frame,0.14170169638895347,-0.17581903204978175,-0.5612845983257511,0.7962210100794069,-0.06640625,0.0859375,-1.58203125,-0.38095414638519287,0.14683771133422852,-0.516942024230957
581,790000000,imu2_frame,0.14555304209720807,-0.170476972360558,-0.5770518328813498,0.7853426615174426,-0.23828125,0.076171875,-1.603515625,-0.17444533109664917,0.12391948699951172,-0.5314788818359375
581,815000000,imu2_frame,0.14914472663706743,-0.16595403734163708,-0.593200850847605,0.7735165535139129,-0.240234375,0.046875,-1.619140625,0.020944416522979736,0.1018991470336914,-0.5405340194702148
581,840000000,imu2_frame,0.15239144376312197,-0.16264493672591315,-0.6089396059812671,0.7612595015450343,-0.19921875,0.04296875,-1.640625,0.19447553157806396,0.07765674591064453,-0.5426540374755859
581,865000000,imu2_frame,0.15604733903757534,-0.15606741773396396,-0.6251240927424729,0.7486735321714295,-0.19921875,0.04296875,-1.640625,-0.5373100936412811,0.016324520111083984,-0.40533447265625
581,890000000,imu2_frame,0.15806089042033702,-0.14860044521325147,-0.6409658630848986,0.73627265667128,-0.36328125,0.02734375,-1.60546875,-0.31846436858177185,0.07040071487426758,-0.4374408721923828
581,916000000,imu2_frame,0.16112754383633296,-0.14206388717057075,-0.6568527801227521,0.7227725726840147,-0.287109375,0.037109375,-1.615234375,-0.0984424278140068,0.10657453536987305,-0.4554471969604492
581,941000000,imu2_frame,0.16538869873215312,-0.13820200716409295,-0.6711812493542051,0.7092689997898043,-0.12109375,0.052734375,-1.61328125,0.09363043308258057,0.10091161727905273,-0.44940948486328125
581,966000000,imu2_frame,0.1673201800222442,-0.13383847646081148,-0.6848320632798265,0.6964885244423401,-0.28515625,0.076171875,-1.568359375,0.25754937529563904,0.1374673843383789,-0.4600515365600586
581,991000000,imu2_frame,0.17040554507352262,-0.1273130883022969,-0.698620733144299,0.683141565838333,-0.28515625,0.076171875,-1.568359375,-0.1425403356552124,0.34529781341552734,-0.1722116470336914
582,16000000,imu2_frame,0.17293650094693075,-0.12114712377313096,-0.7122340674148147,0.6694318294311074,-0.33203125,0.08984375,-1.60546875,0.05284196138381958,0.40981483459472656,-0.18517208099365234
582,41000000,imu2_frame,0.17418208955516432,-0.11165717788140063,-0.7262522542205317,0.6555539165815077,-0.33203125,0.08984375,-1.60546875,-0.45808112621307373,-0.14914226531982422,0.12775516510009766
582,66000000,imu2_frame,0.17669774425161902,-0.10494729724346856,-0.7392710110672303,0.6412817977873031,-0.33203125,0.08984375,-1.60546875,-0.33636951446533203,0.8974266052246094,-0.11387348175048828
582,90000000,imu2_frame,0.1789145526446047,-0.09879842501633265,-0.7513869889200238,0.6274121826582373,-0.33203125,0.08984375,-1.60546875,-0.15810012817382812,0.8273496627807617,-0.12295341491699219
582,116000000,imu2_frame,0.1804592879329452,-0.09362827069870716,-0.7624121545280114,0.614325564300119,-0.310546875,0.05078125,-1.38671875,-0.00916433334350586,0.9103260040283203,-0.13154888153076172
582,140000000,imu2_frame,0.1832103725673098,-0.09136384489437546,-0.7715027088687907,0.6023870661277364,-0.080078125,0.0546875,-1.310546875,0.11290466785430908,0.9375524520874023,-0.1201791763305664
582,165000000,imu2_frame,0.18684327156862274,-0.08763369583362572,-0.7809293178700757,0.589541625091097,-0.080078125,0.0546875,-1.310546875,-0.271018385887146,0.5599229335784912,-0.03664112091064453
582,190000000,imu2_frame,0.18904096628424155,-0.08292792925874046,-0.7889795453249021,0.5787035067062308,-0.251953125,0.08203125,-1.146484375,-0.1359267234802246,0.6334288120269775,-0.03618144989013672
582,215000000,imu2_frame,0.1907957513369814,-0.07878426786262398,-0.7967847099022959,0.5679120939679144,-0.251953125,0.08203125,-1.146484375,0.06186223030090332,0.47914671897888184,-0.07140731811523438
582,241000000,imu2_frame,0.18993819981709611,-0.07149886660103122,-0.8047805387356903,0.5577989573289834,-0.568359375,0.103515625,-1.12109375,0.1732025146484375,0.6285059452056885,-0.09919071197509766
582,266000000,imu2_frame,0.18696066470770384,-0.06026741641085352,-0.8132223779736405,0.5477982405357942,-0.568359375,0.103515625,-1.12109375,0.06100606918334961,-0.13186168670654297,0.006201744079589844
582,291000000,imu2_frame,0.18579884640948247,-0.048858911069980006,-0.8212144196413685,0.5373066837989752,-0.568359375,0.103515625,-1.12109375,-0.026733875274658203,0.12756967544555664,0.012459754943847656
582,315000000,imu2_frame,0.18808320277344137,-0.045403353467548944,-0.8282489774373375,0.5258962594489434,-0.169921875,0.12109375,-1.19921875,0.08220839500427246,0.1947638988494873,0.022785186767578125
582,340000000,imu2_frame,0.18871850057679831,-0.04246894456447294,-0.8355361180405365,0.5142578261313826,-0.169921875,0.12109375,-1.19921875,0.2373359203338623,0.23745965957641602,-0.09476184844970703
582,366000000,imu2_frame,0.18779055405398445,-0.0351741608012413,-0.8437166267507352,0.5016370599989461,-0.169921875,0.12109375,-1.19921875,0.1818852424621582,-0.054317474365234375,-0.11265945434570312
582,390000000,imu2_frame,0.18738927745230263,-0.027997358111096306,-0.8510513059479424,0.4897071382765463,-0.169921875,0.12109375,-1.19921875,0.16184473037719727,-0.3923332691192627,-0.2338399887084961
582,416000000,imu2_frame,0.18626679094639914,-0.015718622062263446,-0.8601308864311413,0.47458662614761193,-0.466796875,0.2734375,-1.4609375,0.2984137535095215,-0.12505996227264404,-0.2525300979614258
582,441000000,imu2_frame,0.18811044029112245,-0.0037308716892005627,-0.868038630379117,0.4594665156673175,-0.466796875,0.2734375,-1.4609375,-0.3729712963104248,0.040201783180236816,0.10014915466308594
582,466000000,imu2_frame,0.1902241511129229,0.007872824746903205,-0.8754578339201927,0.4442143311416646,-0.466796875,0.2734375,-1.4609375,-0.168593168258667,0.1587740182876587,-0.03952980041503906
582,491000000,imu2_frame,0.1923747067627874,0.019283480328844048,-0.8824481331022739,0.4288419428748195,-0.466796875,0.2734375,-1.4609375,-0.012221813201904297,0.24346435070037842,0.13495349884033203
582,515000000,imu2_frame,0.1940263417511691,0.024795541853019097,-0.88898907562169,0.4140499767373096,-0.28125,0.26953125,-1.482421875,0.08012557029724121,0.3839644193649292,0.15218067169189453
582,541000000,imu2_frame,0.19690354780812871,0.0348612517232718,-0.895750843632985,0.3970442193505085,-0.28125,0.26953125,-1.482421875,-0.2310199737548828,0.10956305265426636,-0.005504608154296875
582,565000000,imu2_frame,0.1996185635398213,0.04128114028709096,-0.9014879213444581,0.3817955267115421,-0.28125,0.26953125,-1.482421875,-0.010289192199707031,0.3783084750175476,-0.017873764038085938
582,590000000,imu2_frame,0.2033429072854791,0.03898813756340286,-0.9051781403936994,0.3711928357867787,0.27734375,0.166015625,-0.90625,0.044825077056884766,0.3550608158111572,0.007866859436035156
582,615000000,imu2_frame,0.20649384691522216,0.03651520619930251,-0.9088393557210552,0.3606077597541581,0.27734375,0.166015625,-0.90625,0.20314264297485352,1.2517494559288025,0.2677421569824219
582,641000000,imu2_frame,0.20654209823346165,0.038936978611392975,-0.9108765422695976,0.35514531968888063,-0.251953125,0.099609375,-0.55859375,0.22513985633850098,1.3180362582206726,0.27170372009277344
582,665000000,imu2_frame,0.20486662133347328,0.04177824498112459,-0.9131075577162545,0.3500269043247407,-0.251953125,0.099609375,-0.55859375,0.2588639259338379,0.3322603106498718,0.37209033966064453
582,691000000,imu2_frame,0.20371331540269846,0.04438740140771632,-0.9153328826201467,0.34452337760767987,-0.251953125,0.099609375,-0.55859375,0.29927611351013184,0.5238493084907532,0.25789928436279297
582,716000000,imu2_frame,0.20351032310256267,0.040879360075365044,-0.9165309732674516,0.341882145412622,0.15625,-0.005859375,-0.240234375,0.2746729850769043,0.47391438484191895,0.25043487548828125
582,741000000,imu2_frame,0.2029385890726191,0.03807544871935193,-0.9174933242550816,0.339959099330191,0.083984375,-0.009765625,-0.193359375,0.2480783462524414,0.4358460307121277,0.24156570434570312
582,765000000,imu2_frame,0.20212849718030623,0.03550328012466798,-0.9184642681819571,0.33809314663418155,0.083984375,-0.009765625,-0.193359375,0.25806307792663574,0.2508012056350708,0.032233238220214844
582,791000000,imu2_frame,0.2015664796030415,0.0325681982147962,-0.9194325681047487,0.33608632741274225,0.083984375,-0.009765625,-0.193359375,0.2311108112335205,0.24940705299377441,-0.05423164367675781
582,816000000,imu2_frame,0.20087143402097793,0.030191314076189642,-0.9196515707980797,0.33612518483049325,0.013671875,-0.001953125,-0.037109375,0.2038865089416504,0.21123170852661133,-0.06261634826660156
582,841000000,imu2_frame,0.20018774728128755,0.02744682283530445,-0.9195378811400576,0.3370780664818522,0.025390625,-0.0078125,0.044921875,0.1736295223236084,0.16259759664535522,-0.07106781005859375
582,865000000,imu2_frame,0.20100714094266878,0.02481669678347597,-0.9191230701988555,0.3379246109401338,0.025390625,-0.0078125,0.044921875,0.05260872840881348,0.0673367977142334,-0.13373756408691406
582,891000000,imu2_frame,0.1988327999573133,0.023707313392895762,-0.9193647606408056,0.33863242290823264,0.025390625,-0.0078125,0.044921875,0.007509946823120117,-0.01900237798690796,-0.1205291748046875
582,916000000,imu2_frame,0.20112164419907805,0.024405024547977466,-0.9185954995518607,0.3393181209639999,0.029296875,0.013671875,0.095703125,0.050522804260253906,-0.024667561054229736,-0.10198688507080078
582,941000000,imu2_frame,0.2006933835446715,0.021588209450851676,-0.9181978209000001,0.3408355566964648,0.029296875,0.013671875,0.095703125,0.06231999397277832,0.03865468502044678,-0.029752731323242188
582,966000000,imu2_frame,0.19894181332464564,0.020085202281586577,-0.9181214669753766,0.3421574366273398,0.029296875,0.013671875,0.095703125,0.02109980583190918,-0.020887136459350586,-0.04856395721435547
582,991000000,imu2_frame,0.1980797968867843,0.022565783111460704,-0.9181109683515741,0.3425309172766623,-0.029296875,0.017578125,0.060546875,0.022335052490234375,0.027948081493377686,-0.05318737030029297
583,15000000,imu2_frame,0.19703850645542373,0.024852780442021317,-0.9181323964922975,0.34291554177293754,-0.029296875,0.017578125,0.060546875,0.05829143524169922,-0.26925718784332275,-0.016141891479492188
583,41000000,imu2_frame,0.19608612959675184,0.026867748400237482,-0.9185865331526392,0.34209229015907777,0.02734375,0.015625,-0.03125,0.05601382255554199,-0.22331678867340088,-0.021422386169433594
583,65000000,imu2_frame,0.19526126726144713,0.028863269433626527,-0.9191920620107296,0.3407725081656658,0.02734375,0.025390625,-0.08203125,0.05611276626586914,-0.17659074068069458,-0.0255584716796875
583,91000000,imu2_frame,0.19418307220321598,0.030891674752235337,-0.9198724301855947,0.33937199513980343,0.02734375,0.025390625,-0.08203125,0.09105396270751953,-0.12723690271377563,-0.10952186584472656
583,115000000,imu2_frame,0.19288731216395347,0.03311859058185428,-0.9205579210756752,0.3380395800921367,-0.01171875,0.0234375,-0.095703125,0.08424925804138184,-0.07313138246536255,-0.11653995513916016
583,141000000,imu2_frame,0.1912549379313323,0.03522725677651022,-0.9212967491448654,0.3367386065065705,-0.009765625,0.0234375,-0.087890625,0.0706787109375,-0.01902914047241211,-0.12597942352294922
583,166000000,imu2_frame,0.19307744462163856,0.033878094762333985,-0.9212256600400668,0.3360307401970772,-0.009765625,0.0234375,-0.087890625,0.015734195709228516,0.021525025367736816,-0.03598976135253906
583,191000000,imu2_frame,0.19406286174905135,0.0319813873197108,-0.9212942887860335,0.33546032553062377,-0.009765625,0.0234375,-0.087890625,0.02093195915222168,0.10029059648513794,-0.03097248077392578
583,216000000,imu2_frame,0.19487534619090097,0.029386749217112724,-0.9212649919628055,0.3353070726978467,0.03125,0.005859375,-0.044921875,0.018351078033447266,0.04880380630493164,-0.0279083251953125
583,241000000,imu2_frame,0.19556312745488386,0.02678596703227933,-0.9212920242128686,0.33505011755253244,0.03125,0.005859375,-0.0546875,0.013660430908203125,-0.0015431642532348633,-0.025514602661132812
583,265000000,imu2_frame,0.19577500368469336,0.024242967921543165,-0.9213975413542526,0.33482980337023716,0.03125,0.005859375,-0.0546875,0.04018545150756836,0.06544691324234009,-0.030336380004882812
583,291000000,imu2_frame,0.19550971752191382,0.022186884511753817,-0.9215153458441101,0.3348031658810494,-0.03125,-0.00390625,-0.05078125,0.022390365600585938,0.03030449151992798,-0.03423023223876953
583,316000000,imu2_frame,0.19564581592059316,0.019696873444482288,-0.9215356259794862,0.33482359226893504,0.0078125,-0.01171875,-0.037109375,0.008630037307739258,-0.015508830547332764,-0.035228729248046875
583,341000000,imu2_frame,0.19573715980691775,0.02206649371523889,-0.9216578289469167,0.3342856270716592,0.00390625,-0.009765625,-0.00390625,0.026018142700195312,0.028689801692962646,-0.03259563446044922
583,366000000,imu2_frame,0.1979291242944639,0.022110513303441277,-0.9212551225207954,0.3341020595367213,0.00390625,-0.009765625,-0.00390625,-0.04914212226867676,0.01570051908493042,-0.08991336822509766
583,391000000,imu2_frame,0.2003443115792458,0.021912832141597133,-0.9206627695261926,0.3343083149036723,0.0234375,0.001953125,0.03515625,-0.009172439575195312,-0.004693567752838135,-0.07128143310546875
583,416000000,imu2_frame,0.19858976625567512,0.022975940566161982,-0.9209608775353628,0.33446266300277927,0.0234375,0.001953125,0.03515625,0.11980390548706055,-0.11519449949264526,-0.12699127197265625
583,441000000,imu2_frame,0.19698204960581162,0.024786419041225815,-0.9213812798338293,0.334126088080504,-0.015625,0.025390625,-0.013671875,0.10415244102478027,-0.07059097290039062,-0.13773345947265625
583,466000000,imu2_frame,0.1950086278335671,0.027154067733125502,-0.9214244965435067,0.33497938570240327,-0.09765625,0.033203125,0.068359375,0.08469319343566895,-0.018289685249328613,-0.1504497528076172
583,491000000,imu2_frame,0.1972887729168742,0.02843576101715806,-0.9205798631836472,0.33585899284834814,-0.09765625,0.033203125,0.068359375,-0.020992279052734375,0.025073111057281494,-0.09251785278320312
583,515000000,imu2_frame,0.19959835784398972,0.027777784589791105,-0.9196594650517393,0.3370687742434982,0.001953125,0.0078125,0.111328125,0.013315916061401367,-0.007149815559387207,-0.07532215118408203
583,540000000,imu2_frame,0.20196181408613403,0.02872018906764772,-0.9186765716097385,0.338260156043146,-0.0234375,0.0234375,0.123046875,0.05880093574523926,-0.011035799980163574,-0.05572986602783203
583,566000000,imu2_frame,0.19998776395011916,0.029773838592685977,-0.9185523952607076,0.33967618398484317,-0.0234375,0.0234375,0.123046875,0.06975412368774414,-0.10186487436294556,0.11747169494628906
583,590000000,imu2_frame,0.1983849013969274,0.03119441919155846,-0.9184062832994636,0.34088155993702285,-0.0234375,0.0234375,0.123046875,0.05057168006896973,-0.10954070091247559,0.07152652740478516
583,616000000,imu2_frame,0.19670606158470239,0.0321946606956973,-0.9188028229613142,0.340692825983824,0.041015625,0.0078125,0.01171875,0.02850508689880371,-0.07942259311676025,0.05980110168457031
583,641000000,imu2_frame,0.1949402480366237,0.033672669313702636,-0.9191645076568268,0.34058928183472365,0.001953125,0.00390625,0.01171875,0.007942914962768555,-0.0404849648475647,0.04818439483642578
583,665000000,imu2_frame,0.1950408359614258,0.03129333730876503,-0.9190099305364436,0.34117524371347474,0.001953125,0.00390625,0.01171875,-0.006330728530883789,-0.008105933666229248,0.010771751403808594
583,690000000,imu2_frame,0.19465862299099151,0.03310847092651792,-0.9190557984902797,0.34109864982077154,0.037109375,-0.017578125,0.041015625,-0.0009663105010986328,0.02737104892730713,0.010146141052246094
583,715000000,imu2_frame,0.1951415705575532,0.030196713999866606,-0.9187698980910814,0.34186225335015485,0.03125,-0.01953125,0.033203125,-0.01234745979309082,-0.031239330768585205,0.010221481323242188
583,741000000,imu2_frame,0.19471494875798492,0.03227548235424387,-0.9188067428499034,0.3418165462094067,0.021484375,-0.021484375,0.041015625,-0.006007194519042969,0.009142100811004639,0.009509086608886719
583,766000000,imu2_frame,0.19588374756448235,0.029792432025203434,-0.9183516476245861,0.342596292652629,0.021484375,-0.021484375,0.041015625,-0.002902984619140625,0.07067567110061646,-0.05879974365234375
583,791000000,imu2_frame,0.19716978803351343,0.026399221597813716,-0.9171586097838805,0.3453219371617572,0.064453125,-0.048828125,0.22265625,-0.005733966827392578,-0.009968876838684082,-0.052646636962890625
583,816000000,imu2_frame,0.1977642281248542,0.02259381576519877,-0.9160636984890428,0.34814670740066606,0.064453125,-0.048828125,0.22265625,-0.023743152618408203,0.3243601322174072,0.022518157958984375
583,840000000,imu2_frame,0.19794151844865182,0.01805859081945304,-0.9140562934939641,0.3535450959862602,0.07421875,-0.103515625,0.470703125,-0.05729556083679199,0.22034859657287598,0.020284652709960938
583,866000000,imu2_frame,0.1981137085862421,0.011427214567127775,-0.9101917679737597,0.36355374121337813,0.1328125,-0.1640625,0.841796875,-0.11278271675109863,0.061054348945617676,0.01779460906982422
583,890000000,imu2_frame,0.19796656554295622,0.005138589752122323,-0.9065450182182749,0.3727719997077483,0.1328125,-0.1640625,0.841796875,-0.17327260971069336,0.6837074756622314,0.1279010772705078
583,916000000,imu2_frame,0.1967267566006372,-0.0010892938722504334,-0.9009120451093565,0.3868525347637394,0.0,-0.21875,1.171875,-0.2625882625579834,0.5283571481704712,0.11784172058105469
583,941000000,imu2_frame,0.19557985542718076,-0.006787900646279963,-0.8947684662162589,0.4013624751031202,-0.0234375,-0.234375,1.2734375,-0.35129308700561523,0.38202130794525146,0.1099233627319336
583,965000000,imu2_frame,0.1943013414223291,-0.01238969903601887,-0.8886563325319583,0.41519080761756944,-0.0234375,-0.234375,1.2734375,-0.252758264541626,0.1649101972579956,0.1804056167602539
583,991000000,imu2_frame,0.19355019678391472,-0.017221218038668096,-0.8817973361130823,0.4297385356214224,-0.0234375,-0.234375,1.2734375,-0.25774645805358887,-0.00470888614654541,0.1735992431640625
584,15000000,imu2_frame,0.19253454273089016,-0.02087753839146291,-0.8749800070178078,0.4437392990994114,0.0546875,-0.2578125,1.38671875,-0.33733105659484863,-0.10911297798156738,0.16865825653076172
584,40000000,imu2_frame,0.19110553499716032,-0.02485488331435771,-0.867711864855908,0.4581888571944554,0.103515625,-0.26953125,1.400390625,-0.4304380416870117,-0.21519160270690918,0.1614990234375
584,66000000,imu2_frame,0.18931930977153594,-0.033329630118518305,-0.8594110647086716,0.4737720512652679,0.103515625,-0.26953125,1.400390625,-0.19469714164733887,0.17902469635009766,0.12269783020019531
584,90000000,imu2_frame,0.18792126500266015,-0.03849210586984877,-0.851003412104459,0.4888733461051776,-0.029296875,-0.265625,1.494140625,-0.3082432746887207,0.0561063289642334,0.11963558197021484
584,115000000,imu2_frame,0.18634854520296085,-0.04255537120172894,-0.8418434103256993,0.5047404606070524,-0.01171875,-0.265625,1.55078125,-0.4197962284088135,-0.04663491249084473,0.11456584930419922
584,141000000,imu2_frame,0.18400918837547928,-0.04644359153992015,-0.8318714016341286,0.5215108652190675,-0.009765625,-0.287109375,1.599609375,-0.5477428436279297,-0.1388077735900879,0.10439586639404297
584,165000000,imu2_frame,0.18176560583074888,-0.04998928659095584,-0.8223832812646182,0.5367942571037323,-0.009765625,-0.287109375,1.599609375,-0.32526350021362305,-0.10143637657165527,0.05597686767578125
584,191000000,imu2_frame,0.17912648316874724,-0.0546937433038446,-0.8113670992107642,0.5537199001203763,0.060546875,-0.31640625,1.671875,-0.47371768951416016,-0.19685673713684082,0.046985626220703125
584,216000000,imu2_frame,0.17636586440005592,-0.05909815159612234,-0.8004758518108299,0.5697726748625886,0.060546875,-0.31640625,1.671875,-0.4689173698425293,-0.16631174087524414,0.1508808135986328
584,240000000,imu2_frame,0.1739898165711619,-0.0645339014449529,-0.7892412298678733,0.5853727021056528,0.158203125,-0.341796875,1.73828125,-0.6245226860046387,-0.26378607749938965,0.14774608612060547
584,266000000,imu2_frame,0.17096612308489742,-0.07007894042343642,-0.7762274455995781,0.602769010122785,0.119140625,-0.337890625,1.8046875,-0.8019393682479858,-0.3550436496734619,0.14194774627685547
584,292000000,imu2_frame,0.1691556226746542,-0.07842486918233955,-0.7622216174706282,0.6198823445394634,0.119140625,-0.337890625,1.8046875,-0.42607951164245605,0.15690112113952637,0.19319629669189453
584,316000000,imu2_frame,0.16645086366848852,-0.0830838516731414,-0.7481492264679938,0.6369175131133642,-0.033203125,-0.28515625,1.951171875,-0.5962789058685303,0.08768010139465332,0.19016361236572266
584,340000000,imu2_frame,0.16339379626833492,-0.08714327923874955,-0.7334993900435073,0.6539779514863953,-0.05078125,-0.271484375,1.986328125,-0.7673740386962891,0.036835670471191406,0.1839618682861328
584,366000000,imu2_frame,0.15564991629681624,-0.09292837600252028,-0.7171728287463709,0.6729045654461389,-0.05078125,-0.271484375,1.986328125,0.07687640190124512,-0.3969390392303467,0.0036897659301757812
584,391000000,imu2_frame,0.14826622176408133,-0.09775055257687426,-0.7010699139408128,0.6906250304772782,-0.05078125,-0.271484375,1.986328125,0.020816147327423096,-0.5794148445129395,-0.1003255844116211
584,415000000,imu2_frame,0.14370445344332178,-0.10203309366949948,-0.6857993289099371,0.7061285706749637,0.109375,-0.193359375,1.88671875,-0.17332810163497925,-0.5896129608154297,-0.10963630676269531
584,440000000,imu2_frame,0.13943963781281893,-0.10511287991882722,-0.6697506703268408,0.7217630563270381,0.05859375,-0.154296875,1.865234375,-0.3488767147064209,-0.5816709995269775,-0.12077045440673828
584,466000000,imu2_frame,0.1336480617162229,-0.10996847543197322,-0.6523569001681411,0.7378859023004017,0.05859375,-0.154296875,1.865234375,0.03998042643070221,-0.45497798919677734,-0.0922098159790039
584,490000000,imu2_frame,0.12817802480167298,-0.11240077229792136,-0.637293504761563,0.751527410766564,-0.029296875,-0.13671875,1.740234375,-0.1325688324868679,-0.40818119049072266,-0.10963249206542969
584,516000000,imu2_frame,0.12228612394428268,-0.11484232385674886,-0.6206434434561884,0.7659367210394801,-0.029296875,-0.13671875,1.740234375,-0.16163554787635803,-0.806140661239624,-0.049508094787597656
584,541000000,imu2_frame,0.11895127406407328,-0.1186226979132355,-0.6054419086652254,0.7779584469431048,0.19140625,-0.17578125,1.603515625,-0.3219143748283386,-0.7947793006896973,-0.04798126220703125
584,566000000,imu2_frame,0.11634877396708203,-0.12189729618442044,-0.5900651290404854,0.7895740341916773,0.19140625,-0.17578125,1.603515625,-0.35187768936157227,-0.3267025947570801,-0.044556617736816406
584,591000000,imu2_frame,0.1147843745700799,-0.12496121146826675,-0.5744983327481632,0.800725239175411,0.19140625,-0.17578125,1.603515625,-0.32703161239624023,-0.1686403751373291,-0.15402793884277344
584,616000000,imu2_frame,0.11075487636087737,-0.12941814536540824,-0.5583573208344286,0.8119245059012962,0.19140625,-0.17578125,1.603515625,-0.15766245126724243,-0.2171628475189209,-0.18088054656982422
584,640000000,imu2_frame,0.10932350348648626,-0.1327961272187967,-0.5430527433272243,0.8218924979253096,0.2734375,-0.173828125,1.576171875,-0.2854765057563782,-0.21288752555847168,-0.1697244644165039
584,666000000,imu2_frame,0.1087087804893675,-0.14120762855651445,-0.5254913646955407,0.831926458475975,0.2734375,-0.173828125,1.576171875,-0.1093289852142334,0.0044095516204833984,-0.13120365142822266
584,691000000,imu2_frame,0.10522720330853531,-0.14743972726884372,-0.5085006521060091,0.8417932343007496,0.2734375,-0.173828125,1.576171875,-0.11842262744903564,-0.13058781623840332,-0.110595703125
584,716000000,imu2_frame,0.10504890189528199,-0.15151022204134545,-0.49165558766849626,0.8510488610778604,0.400390625,-0.169921875,1.576171875,-0.24917805194854736,-0.1372382640838623,-0.0875396728515625
584,741000000,imu2_frame,0.10528134597020147,-0.15518579450826722,-0.4748782410213569,0.8598394405806252,0.3671875,-0.1640625,1.5625,-0.3692817687988281,-0.14362502098083496,-0.06454944610595703
584,766000000,imu2_frame,0.10362593608695393,-0.1594873100579795,-0.45763054249309504,0.8685618860380924,0.3671875,-0.1640625,1.5625,-0.17532694339752197,-0.04150652885437012,-0.04094409942626953
584,790000000,imu2_frame,0.1012277161693095,-0.16518452374573112,-0.4405227789250352,0.8765881038676068,0.3671875,-0.1640625,1.5625,-0.12280154228210449,-0.1647334098815918,-0.09251689910888672
584,815000000,imu2_frame,0.1001944180548712,-0.16788855572316472,-0.4252633125335386,0.8836999640493585,0.314453125,-0.123046875,1.36328125,-0.2312633991241455,-0.134171724319458,-0.0789785385131836
584,840000000,imu2_frame,0.09776280442331467,-0.17234535467182568,-0.4094044777521215,0.8905770524726334,0.314453125,-0.123046875,1.36328125,0.23134827613830566,-1.3936138153076172,-0.1798419952392578
584,865000000,imu2_frame,0.09529279922182446,-0.1767675624493058,-0.3933785332847532,0.8971765940064064,0.314453125,-0.123046875,1.36328125,0.12100672721862793,-1.0343284606933594,-0.19804859161376953
584,891000000,imu2_frame,0.0923781014092019,-0.1792407592210166,-0.384036501544221,0.9010299673682226,0.154296875,-0.10546875,0.759765625,0.02484750747680664,-0.9764611721038818,-0.1915283203125
584,915000000,imu2_frame,0.08964717439151842,-0.18163602100087395,-0.37533049667043256,0.9044881194729499,0.154296875,-0.10546875,0.759765625,0.23931598663330078,-1.534771203994751,-0.14138126373291016
584,941000000,imu2_frame,0.08822986428397986,-0.18444569715625717,-0.37028504633568105,0.906136998642675,0.22265625,-0.14453125,0.375,0.16459298133850098,-1.514981746673584,-0.12620258331298828
584,966000000,imu2_frame,0.08680031981160811,-0.18757189996030577,-0.36532814730374497,0.907644110658741,0.22265625,-0.14453125,0.375,0.006815195083618164,-0.5786993503570557,-0.33492374420166016
584,990000000,imu2_frame,0.0855164295109848,-0.19124737945904943,-0.36044901104859256,0.9089487832478961,0.22265625,-0.14453125,0.375,0.07565760612487793,-0.4137606620788574,-0.31203365325927734
585,16000000,imu2_frame,0.08403287245504858,-0.19474183024176203,-0.3551906082839349,0.9104140418995802,0.22265625,-0.14453125,0.375,0.14124369621276855,-0.7772274017333984,-0.37261390686035156
585,41000000,imu2_frame,0.08200414303083606,-0.19527719203163965,-0.357561540075697,0.9095558717619892,0.005859375,-0.05859375,-0.23828125,0.12470579147338867,-0.7525169849395752,-0.37511730194091797
585,66000000,imu2_frame,0.07999660705781804,-0.1955507312739523,-0.3599704712929922,0.9087253238215389,0.005859375,-0.05859375,-0.23828125,0.2650947570800781,-1.566490650177002,-0.37547779083251953
585,90000000,imu2_frame,0.07810687039867034,-0.19559469955271347,-0.36231736262669967,0.907947222608584,0.005859375,-0.05859375,-0.23828125,0.10523009300231934,-1.3496124744415283,-0.3067626953125
585,116000000,imu2_frame,0.07924395866169533,-0.19452321770934836,-0.37386811273135023,0.903384606394377,0.083984375,-0.001953125,-1.025390625,0.1675412654876709,-1.399057388305664,-0.31143665313720703
585,140000000,imu2_frame,0.08142121910041007,-0.19361920176686157,-0.3857022381093474,0.8983963342004502,0.15625,0.013671875,-1.15625,0.23713088035583496,-1.4677472114562988,-0.31145763397216797
585,165000000,imu2_frame,0.08552479603870675,-0.1908135409156307,-0.3985284830954211,0.8930009798580509,0.15625,0.013671875,-1.15625,-0.0629737377166748,-0.25670289993286133,-0.31914806365966797
585,191000000,imu2_frame,0.09275199209052572,-0.1903465000762464,-0.4118099347359907,0.8863283000811278,0.15625,0.013671875,-1.15625,-0.10193514823913574,0.11864328384399414,-0.29745006561279297
585,215000000,imu2_frame,0.09975364312277743,-0.1913832361956425,-0.4261019869465573,0.8785549295901836,0.203125,-0.083984375,-1.369140625,-0.006585359573364258,-0.04931282997131348,-0.2633686065673828
585,240000000,imu2_frame,0.10296288021230773,-0.19237067594600893,-0.44090939332838075,0.8706268289050487,-0.013671875,-0.05078125,-1.37890625,0.06280398368835449,-0.15236830711364746,-0.24324512481689453
585,266000000,imu2_frame,0.10844158269220186,-0.19076967164023426,-0.45688889091883383,0.8620324221747379,-0.013671875,-0.05078125,-1.37890625,-0.14056777954101562,-0.0036563873291015625,-0.4279060363769531
585,290000000,imu2_frame,0.11458956425649942,-0.19030723056686122,-0.4724344562833958,0.8529115278114662,0.080078125,-0.052734375,-1.5078125,-0.00911569595336914,-0.14051413536071777,-0.40454959869384766
585,315000000,imu2_frame,0.11803756929877939,-0.18699889480570736,-0.4886695046584374,0.8439790641907875,0.080078125,-0.052734375,-1.5078125,-0.19968318939208984,-0.5109038352966309,-0.37419891357421875
585,340000000,imu2_frame,0.12221785857796916,-0.18394037915715736,-0.5051508321166228,0.8342969308178116,0.181640625,0.01171875,-1.595703125,-0.03510773181915283,-0.5867798328399658,-0.37674427032470703
585,365000000,imu2_frame,0.13015335659510227,-0.18279755668667727,-0.5213896458498143,0.8232848803646369,0.181640625,0.01171875,-1.595703125,-0.31446707248687744,0.7182440757751465,-0.4200172424316406
585,390000000,imu2_frame,0.13546350765197496,-0.17896522269267212,-0.5377372989805042,0.8126867074379507,0.181640625,0.01171875,-1.595703125,-0.42691993713378906,-0.6580958366394043,-0.11875629425048828
585,416000000,imu2_frame,0.14171202062788027,-0.17488158840402412,-0.5545922924288823,0.801100194997683,0.181640625,0.01171875,-1.595703125,-0.3233506679534912,-0.35713911056518555,-0.10924339294433594
585,440000000,imu2_frame,0.14302466062949576,-0.16715955786676714,-0.5710481618788709,0.7908891360237333,-0.259765625,0.103515625,-1.63671875,-0.10882866382598877,-0.31920719146728516,-0.1535654067993164
585,465000000,imu2_frame,0.1454877095154244,-0.15909873648664868,-0.5879859420328154,0.7796110891977422,-0.259765625,0.103515625,-1.63671875,-0.5648790597915649,-0.24883794784545898,-0.1559276580810547
585,491000000,imu2_frame,0.1467437901526485,-0.1505353540084301,-0.6052824452764075,0.7677490010969762,-0.259765625,0.103515625,-1.63671875,-0.6010507345199585,-0.799715518951416,-0.07948684692382812
585,516000000,imu2_frame,0.1504189796363223,-0.14422177288107255,-0.6213860510239821,0.7552837787117033,0.017578125,0.11328125,-1.66796875,-0.38032734394073486,-0.7889180183410645,-0.09451580047607422
585,541000000,imu2_frame,0.1510823500222144,-0.13583670661605024,-0.6376612836731598,0.7430414523778389,-0.251953125,0.119140625,-1.66796875,-0.1679043471813202,-0.7039239406585693,-0.13650798797607422
585,565000000,imu2_frame,0.15390381468315292,-0.12796084986204143,-0.652965373660902,0.7304627694334848,-0.251953125,0.119140625,-1.66796875,-0.5931848734617233,0.0012807846069335938,-0.08217906951904297
585,591000000,imu2_frame,0.15601146617270006,-0.11891548355002231,-0.6692944242442734,0.7166341492492772,-0.251953125,0.119140625,-1.66796875,-0.4723758101463318,-0.21384024620056152,0.07053470611572266
585,615000000,imu2_frame,0.15909560851651292,-0.11287579087018189,-0.6832380975567752,0.7036571219231635,-0.037109375,0.05859375,-1.59375,-0.2754259705543518,-0.16843557357788086,0.062165260314941406
585,641000000,imu2_frame,0.15882092100399547,-0.10294201190092415,-0.6983947464710613,0.690234478520781,-0.396484375,0.0703125,-1.576171875,-0.0683969259262085,-0.02081751823425293,0.01855182647705078
585,666000000,imu2_frame,0.1603594137811411,-0.09557659748369085,-0.7121342585522684,0.6767678850399304,-0.396484375,0.0703125,-1.576171875,0.08504527807235718,0.15366554260253906,-0.14496612548828125
585,691000000,imu2_frame,0.15957511992197965,-0.08584945319445814,-0.7260736301140869,0.6633119448201206,-0.396484375,0.0703125,-1.576171875,-0.11393773555755615,-0.14293599128723145,-0.03983116149902344
585,716000000,imu2_frame,0.16074783882365876,-0.07745315399875682,-0.7393087733704985,0.6492947549969712,-0.396484375,0.0703125,-1.576171875,-0.2342207431793213,0.2545807361602783,-0.05929374694824219
585,740000000,imu2_frame,0.1649459065160754,-0.07290681991284452,-0.7506944233892302,0.6355590658830204,-0.083984375,0.138671875,-1.529296875,-0.05956912040710449,0.29506492614746094,-0.045929908752441406
585,766000000,imu2_frame,0.1692238225816567,-0.06863168076222963,-0.7626093561056392,0.6205481127573798,-0.083984375,0.138671875,-1.529296875,-0.11460411548614502,0.6430108547210693,-0.1743459701538086
585,791000000,imu2_frame,0.17349624117603774,-0.0631823958705488,-0.7739346820351073,0.6057492444015597,-0.083984375,0.138671875,-1.529296875,-0.041411757469177246,0.1734602451324463,-0.16367149353027344
585,816000000,imu2_frame,0.17551869452011135,-0.05675110915707005,-0.7849822435204054,0.591418106622607,-0.3359375,0.15234375,-1.541015625,0.11913418769836426,0.2837212085723877,-0.16495037078857422
585,841000000,imu2_frame,0.17819040929141025,-0.05320864307477109,-0.7953837574643279,0.5768723400377493,-0.12109375,0.16796875,-1.5234375,0.2524435520172119,0.347031831741333,-0.15409183502197266
585,865000000,imu2_frame,0.18209603630822271,-0.04717513631178556,-0.8053082379489082,0.5622225377610038,-0.12109375,0.16796875,-1.5234375,-0.22231054306030273,0.28744959831237793,0.013917922973632812
585,890000000,imu2_frame,0.18591470363098178,-0.04223230176081591,-0.8151463889944871,0.5469812795434923,-0.12109375,0.16796875,-1.5234375,-0.059546709060668945,0.4447779655456543,-0.04147052764892578
585,916000000,imu2_frame,0.1856105106913437,-0.03238608445616277,-0.8246949287908251,0.5332711826840006,-0.650390625,0.185546875,-1.4453125,0.08420562744140625,0.6486124992370605,-0.05803966522216797
585,941000000,imu2_frame,0.18546716339092784,-0.023636805276506374,-0.8334286014464675,0.5200384591845383,-0.595703125,0.21875,-1.435546875,0.2108774185180664,0.8350820541381836,-0.06865978240966797
585,965000000,imu2_frame,0.18390965958340716,-0.010802594006611415,-0.8422296532206766,0.5066653257431598,-0.595703125,0.21875,-1.435546875,-0.07143330574035645,-0.31176280975341797,-0.053386688232421875
585,990000000,imu2_frame,0.18354113077598874,0.002398791005334824,-0.8507956923707725,0.4923957645619245,-0.595703125,0.21875,-1.435546875,-0.0690467357635498,0.07801449298858643,-0.09336090087890625
586,16000000,imu2_frame,0.18875456294059603,0.005057309318604307,-0.8581096095739946,0.47748721087409957,0.10546875,0.205078125,-1.30859375,0.06874632835388184,0.12778258323669434,-0.05503559112548828
586,41000000,imu2_frame,0.19092581071193876,0.007179125868243509,-0.8647824072473789,0.4643782758389817,-0.037109375,0.197265625,-1.259765625,0.14804911613464355,0.19295942783355713,-0.038410186767578125
586,66000000,imu2_frame,0.1918964375448198,0.009440496939316277,-0.8714719942540571,0.4512462714593913,-0.037109375,0.197265625,-1.259765625,0.12953710556030273,0.15567636489868164,0.039902687072753906
586,91000000,imu2_frame,0.19335170943964433,0.012380286755179838,-0.8773307524537137,0.43903598457942766,-0.09375,0.255859375,-1.177734375,0.19944524765014648,0.24048566818237305,0.052115440368652344
586,115000000,imu2_frame,0.19342595591301998,0.016349984008762104,-0.8831150456665549,0.42711461426578023,-0.09375,0.255859375,-1.177734375,0.06144881248474121,0.16343903541564941,0.29318904876708984
586,141000000,imu2_frame,0.1944103612640594,0.01921529846710217,-0.8886782058105644,0.4148330149051711,-0.078125,0.24609375,-1.12109375,0.11888837814331055,0.253446102142334,0.302642822265625
586,166000000,imu2_frame,0.19567084982204208,0.021791289300325367,-0.8937939379965301,0.4029521741363412,-0.078125,0.24609375,-1.12109375,0.06289458274841309,0.22231388092041016,0.2713499069213867
586,191000000,imu2_frame,0.1984518241671039,0.024313727052339005,-0.898448632194964,0.3909165786565867,-0.078125,0.24609375,-1.12109375,0.03039264678955078,0.36760175228118896,0.2169198989868164
586,216000000,imu2_frame,0.20052161593277135,0.02672490762468417,-0.9030625078590586,0.3788864839968167,-0.078125,0.24609375,-1.12109375,0.17119169235229492,0.5999432802200317,0.27453136444091797
586,241000000,imu2_frame,0.20173698858042788,0.02579911401834642,-0.9052784250453861,0.37297126739430453,0.0390625,0.119140625,-0.5546875,0.19154763221740723,0.599042534828186,0.28313732147216797
586,266000000,imu2_frame,0.20258016422590774,0.02493701925743352,-0.9075311878839212,0.3670511751115333,0.0390625,0.119140625,-0.5546875,0.206221342086792,0.41077375411987305,0.21472835540771484
586,293000000,imu2_frame,0.20321786665574432,0.0240954371945131,-0.9099790056640297,0.36063848633915574,0.0390625,0.119140625,-0.5546875,0.2572636604309082,0.4178943634033203,0.2541370391845703
586,315000000,imu2_frame,0.20301513554096431,0.021833022960320882,-0.9106481611371904,0.35920481687632133,0.07421875,0.025390625,-0.169921875,0.23975086212158203,0.38505613803863525,0.25049591064453125
586,341000000,imu2_frame,0.2027243968853015,0.019062881555150964,-0.9112608096516702,0.3579708958103823,0.07421875,0.0234375,-0.130859375,0.21709442138671875,0.3429049253463745,0.24597549438476562
586,365000000,imu2_frame,0.20214991503709148,0.01666706096553804,-0.911887941468621,0.3568164838308181,0.07421875,0.0234375,-0.130859375,0.1531383991241455,0.19182682037353516,0.20460033416748047
586,391000000,imu2_frame,0.2009785138657525,0.014568962077710145,-0.9126971904087344,0.3554985526388175,0.07421875,0.0234375,-0.130859375,0.12043356895446777,0.05472409725189209,0.07690143585205078
586,415000000,imu2_frame,0.19934684273836026,0.013050634842079085,-0.9130924540595923,0.35546123214761083,0.015625,0.001953125,-0.03515625,0.08230257034301758,0.03922104835510254,0.06331443786621094
586,441000000,imu2_frame,0.197438893707064,0.011445136463454828,-0.9134830570621894,0.35557783474702187,0.0078125,-0.005859375,-0.0234375,0.03862786293029785,0.023459434509277344,0.04774665832519531
586,465000000,imu2_frame,0.19522263148302876,0.011411849296094241,-0.9140158250627323,0.3554334894004467,0.0078125,-0.005859375,-0.0234375,0.0008249282836914062,-0.00012409687042236328,-0.0044345855712890625
586,491000000,imu2_frame,0.1973989402038141,0.011080896115936385,-0.9135057873706242,0.3555531585966507,0.00390625,-0.009765625,0.01953125,0.03547215461730957,-0.02173149585723877,0.01212310791015625
586,515000000,imu2_frame,0.195341652174048,0.011997871207909053,-0.9138867279265992,0.35568066932573894,0.00390625,-0.009765625,0.01953125,0.04564857482910156,-0.030516743659973145,-0.08138275146484375
586,540000000,imu2_frame,0.19339347136875162,0.013220373152053693,-0.9141654695938932,0.35598550696319214,0.00390625,-0.009765625,0.041015625,0.020477771759033203,0.0037866830825805664,-0.09558486938476562
586,566000000,imu2_frame,0.19522172506241178,0.014530713934933367,-0.9137253427986246,0.3560664746135656,0.00390625,-0.009765625,0.041015625,0.0215151309967041,-0.025007128715515137,-0.12005424499511719
586,590000000,imu2_frame,0.19322462763080006,0.01552279639316857,-0.9140049532095265,0.3563961722262547,0.00390625,-0.009765625,0.041015625,0.03300023078918457,-0.029713988304138184,-0.052597999572753906
586,616000000,imu2_frame,0.19133858257575465,0.017311996560052598,-0.914114418821678,0.3570499557419265,-0.0234375,0.0,0.068359375,0.01239776611328125,0.01298367977142334,-0.0656270980834961
586,641000000,imu2_frame,0.1931546101146202,0.016045781823793074,-0.9132733864279574,0.35828138539357995,-0.033203125,0.005859375,0.0859375,0.03319549560546875,-0.0272219181060791,-0.052809715270996094
586,666000000,imu2_frame,0.19254840002465615,0.01863353815631389,-0.9131020584411209,0.35891856426536356,-0.033203125,0.005859375,0.0859375,0.040099143981933594,-0.09643256664276123,-0.13374710083007812
586,690000000,imu2_frame,0.19392710367857025,0.020608380585165474,-0.9125319814621499,0.35951767121695266,-0.033203125,0.005859375,0.0859375,0.037564754486083984,0.004771232604980469,-0.04760169982910156
586,715000000,imu2_frame,0.19240687443645393,0.01914244439993124,-0.9123569829860017,0.3608571699283119,-0.044921875,0.009765625,0.0703125,1.4781951904296875e-05,-0.015804409980773926,-0.06021595001220703
586,740000000,imu2_frame,0.19083127243276518,0.021398995408701257,-0.9123870404943536,0.361490521030836,-0.044921875,0.009765625,0.0703125,0.027269601821899414,-0.005858778953552246,-0.06632614135742188
586,766000000,imu2_frame,0.19167739174465637,0.02414913980927642,-0.9119623738167117,0.3619409140771811,-0.044921875,0.009765625,0.0703125,0.021331071853637695,-0.0037349462509155273,-0.05755424499511719
586,791000000,imu2_frame,0.19261831762850182,0.022310257253114484,-0.9113019900559871,0.36322048270336177,-0.044921875,0.009765625,0.0703125,0.02317070960998535,-0.009216725826263428,-0.056061744689941406
586,815000000,imu2_frame,0.19125568656018305,0.02442099286937383,-0.9112937273101458,0.36382498544059433,-0.044921875,0.009765625,0.0703125,0.014164447784423828,0.03578716516494751,-0.06435298919677734
586,841000000,imu2_frame,0.19229969044082235,0.022489369019875867,-0.9102674949583186,0.36596194468791315,-0.048828125,-0.017578125,0.142578125,0.016079187393188477,-0.0145224928855896,-0.058302879333496094
586,866000000,imu2_frame,0.1925772135975857,0.024885291611125036,-0.9095129315822431,0.36753362614744933,-0.048828125,-0.021484375,0.169921875,0.036084890365600586,0.019838452339172363,-0.05399608612060547
586,890000000,imu2_frame,0.19192917257204392,0.0225975083702361,-0.9087235749397622,0.36996487627877056,-0.048828125,-0.021484375,0.169921875,0.045311689376831055,0.013411343097686768,-0.10004997253417969
586,916000000,imu2_frame,0.1891423494573162,0.023136209769528054,-0.9084102184261403,0.37213003439421394,-0.048828125,-0.021484375,0.169921875,0.07766294479370117,-0.04314112663269043,-0.12032413482666016
586,941000000,imu2_frame,0.1869446100582389,0.024708559036148974,-0.9086646675126617,0.3725180826411438,-0.0546875,0.015625,0.029296875,0.051190853118896484,-0.0005291104316711426,-0.1350116729736328
586,966000000,imu2_frame,0.18748166078561238,0.027690696870232966,-0.9084735198025747,0.37250465231112245,-0.0546875,0.015625,0.029296875,0.0035903453826904297,-0.06480151414871216,-0.12802982330322266
586,991000000,imu2_frame,0.18861878950744537,0.02619861299518934,-0.907955798941103,0.37329994922461135,-0.0546875,0.015625,0.029296875,0.01141810417175293,0.0495682954788208,-0.03921031951904297
587,15000000,imu2_frame,0.19076098776725697,0.02697460878511348,-0.9073633502745083,0.3735965291669214,-0.0546875,0.015625,0.029296875,0.013972997665405273,0.007231473922729492,-0.06158256530761719
587,40000000,imu2_frame,0.19300127959857974,0.025984191620273295,-0.906867838871996,0.37371921368694355,-0.013671875,0.025390625,-0.00390625,0.04467368125915527,-0.027411043643951416,-0.04580211639404297
587,66000000,imu2_frame,0.19229115906112196,0.02863897250352042,-0.907114793173072,0.37329167069122765,-0.013671875,0.025390625,-0.00390625,0.013123273849487305,-0.12576615810394287,-0.013155937194824219
587,90000000,imu2_frame,0.19194469279009121,0.031197314821107335,-0.9072824014193179,0.37285735413488347,-0.013671875,0.025390625,-0.00390625,0.02600860595703125,0.0019826889038085938,-0.04792213439941406
587,116000000,imu2_frame,0.19193595314779874,0.02627885325836248,-0.907408108470976,0.3729350297864191,0.216796875,-0.01171875,0.01171875,-0.009470939636230469,-0.08541125059127808,-0.053511619567871094
587,141000000,imu2_frame,0.19331034134435404,0.021331533538995712,-0.9072268419780097,0.3729819496983884,0.216796875,-0.01171875,0.01171875,0.05628609657287598,0.23453760147094727,-0.012612342834472656
587,165000000,imu2_frame,0.19375062785450514,0.01836711672110089,-0.9069006309793883,0.3737038784365584,0.044921875,-0.015625,0.037109375,0.041504859924316406,0.17590630054473877,-0.011582374572753906
587,190000000,imu2_frame,0.1945608149336523,0.014705553980355175,-0.9066642353690036,0.3740184491134416,0.103515625,-0.009765625,0.01171875,0.02831125259399414,0.10381424427032471,-0.007800102233886719
587,216000000,imu2_frame,0.19698023109473176,0.01474676528187288,-0.9063477308396334,0.37351721817532685,0.103515625,-0.009765625,0.01171875,-0.008011579513549805,-0.024581551551818848,0.010737419128417969
587,241000000,imu2_frame,0.19644278845418495,0.016587072547472537,-0.9065895014665584,0.3731361356385448,0.0390625,-0.013671875,0.01171875,-0.0032701492309570312,0.0134810209274292,0.007737159729003906
587,266000000,imu2_frame,0.19443713997818024,0.01718137970538696,-0.9070330886809812,0.3730817267387459,0.0390625,-0.013671875,0.01171875,0.04532456398010254,-0.0391308069229126,-0.08141136169433594
587,291000000,imu2_frame,0.1926326790459143,0.018136419013754766,-0.9074547578771459,0.372947159360521,0.0390625,-0.013671875,0.01171875,0.02183365821838379,-0.04353785514831543,-0.016280174255371094
587,316000000,imu2_frame,0.19118898887370875,0.01949531218461858,-0.9078268681162186,0.37271581783252866,0.0390625,-0.013671875,0.01171875,0.046494483947753906,-0.046964168548583984,-0.10814476013183594
587,341000000,imu2_frame,0.1903835864205084,0.019552540456860962,-0.9081053804658554,0.3724465144853841,0.16015625,-0.037109375,0.0390625,0.033550262451171875,-0.038971543312072754,-0.11410808563232422
587,365000000,imu2_frame,0.19197247277113147,0.01560640684830009,-0.907699883028297,0.37280548830970583,0.16015625,-0.037109375,0.0390625,-0.0074656009674072266,0.18263542652130127,-0.1401042938232422
587,390000000,imu2_frame,0.1933625551357335,0.011330379505937993,-0.9073000304842936,0.373214682796419,0.16015625,-0.037109375,0.0390625,0.023681163787841797,0.17312562465667725,-0.13579177856445312
587,416000000,imu2_frame,0.19429339644299276,0.006685951051250212,-0.9069479960092409,0.3736986843594823,0.16015625,-0.037109375,0.0390625,0.04409980773925781,0.08207988739013672,-0.08740520477294922
587,441000000,imu2_frame,0.19493999461752687,0.004514142464546455,-0.9067036836088878,0.3739872339350668,-0.01171875,0.005859375,-0.01171875,0.038793325424194336,0.03773319721221924,-0.0829610824584961
587,466000000,imu2_frame,0.1956266667924126,0.001774935203764118,-0.9064981429444062,0.3741499347628643,0.033203125,-0.00390625,-0.013671875,0.030158281326293945,-0.01646411418914795,-0.07805442810058594
587,491000000,imu2_frame,0.1978935777282213,0.0022678167289497285,-0.9062340480265413,0.37359448483434116,0.033203125,-0.00390625,-0.013671875,0.03380894660949707,-0.022167325019836426,-0.10354995727539062
587,515000000,imu2_frame,0.19895223683539462,0.004394914036065704,-0.906206833551701,0.37307890185992615,0.0078125,0.009765625,-0.001953125,0.06795930862426758,0.009778857231140137,-0.09505748748779297
587,541000000,imu2_frame,0.20148214685413096,0.0041346547910514194,-0.9057218664238502,0.37290179646993704,0.0078125,0.009765625,-0.001953125,0.030810117721557617,-0.012616515159606934,-0.0713958740234375
587,566000000,imu2_frame,0.19955638270956394,0.004872821739936793,-0.9060887649198466,0.3730370702948859,-0.021484375,0.01171875,0.001953125,0.0035872459411621094,0.013978838920593262,-0.08635234832763672
587,591000000,imu2_frame,0.2018697194052324,0.004189983490409914,-0.9056792773763047,0.3727949932023458,-0.001953125,0.013671875,-0.021484375,0.037900686264038086,-0.014044880867004395,-0.06833076477050781
587,615000000,imu2_frame,0.20013865882859644,0.00554676251641555,-0.9061902715821402,0.372468713260274,-0.001953125,0.013671875,-0.021484375,0.05820059776306152,-0.05421626567840576,-0.04260540008544922
587,641000000,imu2_frame,0.19811044161853025,0.007202242600505699,-0.9066772123793052,0.3723396476005833,-0.03125,0.01953125,-0.01171875,0.036196231842041016,-0.009557485580444336,-0.05798149108886719
587,665000000,imu2_frame,0.19614751837887434,0.006694495502140295,-0.9070385051072478,0.3725083690557705,-0.009765625,0.01171875,-0.01171875,-0.0008780956268310547,-0.004870295524597168,-0.07324600219726562
587,691000000,imu2_frame,0.1986049178306667,0.007251036490346822,-0.9066418601999746,0.37216131773253863,-0.009765625,0.01171875,-0.01171875,0.04511666297912598,-0.011591076850891113,-0.09320354461669922
587,716000000,imu2_frame,0.19649832830144653,0.0068831343403711635,-0.9070420269798598,0.3723114163286653,-0.009765625,0.01171875,-0.01171875,0.006701469421386719,-0.0033228397369384766,-0.07050418853759766
587,740000000,imu2_frame,0.19883116170756782,0.007529014713554597,-0.9066452922835712,0.3720266079885953,-0.03125,0.0234375,-0.015625,0.05114412307739258,-0.007787108421325684,-0.05230236053466797
587,765000000,imu2_frame,0.19682702812321806,0.007240715568304988,-0.9070896345619783,0.3720149028042523,-0.037109375,0.0234375,-0.037109375,0.015271425247192383,0.0017729997634887695,-0.06787872314453125
587,791000000,imu2_frame,0.1971130220627414,0.010426827064211507,-0.9073402807442615,0.3711756359859719,-0.037109375,0.0234375,-0.037109375,0.005224466323852539,-0.014740705490112305,-0.02551746368408203
587,816000000,imu2_frame,0.19723788758515154,0.013496671680254674,-0.9076005524996625,0.3703731802612195,-0.037109375,0.0234375,-0.037109375,0.03050827980041504,0.041960835456848145,-0.023118019104003906
587,841000000,imu2_frame,0.19729377925441208,0.011512458026800291,-0.9076483100204624,0.370293361126946,-0.01953125,0.0234375,-0.052734375,0.01730179786682129,0.006672501564025879,-0.023657798767089844
587,865000000,imu2_frame,0.1968144782123598,0.009868846011291418,-0.9077684918190883,0.37030127235117616,-0.033203125,0.025390625,-0.048828125,-0.002629518508911133,-0.019028306007385254,-0.028036117553710938
587,891000000,imu2_frame,0.19584177920784848,0.012773213674808749,-0.908289972110465,0.3694484660851803,-0.033203125,0.025390625,-0.048828125,0.04197812080383301,-0.03518116474151611,-0.07718467712402344
587,916000000,imu2_frame,0.19425262146325084,0.014763628059671543,-0.9089032317945644,0.3687043118469962,-0.01171875,0.01171875,-0.048828125,0.030256032943725586,0.014635205268859863,-0.08823013305664062
587,941000000,imu2_frame,0.1960916913895076,0.013488522696773877,-0.9086648004017222,0.3683671929398154,-0.01171875,0.01171875,-0.048828125,0.01364898681640625,0.058089375495910645,-0.11397075653076172
587,966000000,imu2_frame,0.197845999002565,0.011621811896080076,-0.9083430768472125,0.36828623231213553,0.017578125,0.00390625,-0.0234375,0.030106067657470703,0.012540936470031738,-0.10137748718261719
587,991000000,imu2_frame,0.19954555971927557,0.009815463979567146,-0.9080013910793833,0.3682644431126796,0.0078125,0.0078125,-0.021484375,0.04594278335571289,-0.03174746036529541,-0.08893203735351562
588,16000000,imu2_frame,0.20030470224761637,0.012169542012233825,-0.9081141899279297,0.3675031245530389,0.0078125,0.0078125,-0.021484375,0.03756570816040039,-0.03148674964904785,-0.1171417236328125
588,40000000,imu2_frame,0.20094837154063055,0.014228504163275648,-0.9082980638222412,0.3666223246083254,0.03515625,0.01171875,-0.029296875,0.06426382064819336,0.003947615623474121,-0.11103057861328125
588,65000000,imu2_frame,0.20028900559424365,0.012000035549354044,-0.9084532505246089,0.3666783399604553,0.013671875,0.015625,-0.03515625,0.03721952438354492,-0.031079769134521484,-0.11734199523925781
588,91000000,imu2_frame,0.20095751192442665,0.009490694111872368,-0.908332884117782,0.366684301213852,0.013671875,0.015625,-0.03515625,0.030623197555541992,-0.04141104221343994,-0.07799816131591797
588,115000000,imu2_frame,0.2014978072768355,0.011822535499901456,-0.9085453103522695,0.36579267400247234,0.013671875,0.015625,-0.03515625,0.05755877494812012,-0.00031960010528564453,-0.10793304443359375
588,140000000,imu2_frame,0.20103768941902836,0.009612308509522192,-0.9087056942195344,0.36571219866333465,0.015625,0.025390625,-0.046875,0.0342099666595459,-0.035939574241638184,-0.11247730255126953
588,165000000,imu2_frame,0.2016017512668985,0.012138289965583634,-0.9089928593699741,0.364611268911466,0.01171875,0.021484375,-0.05078125,0.06314587593078613,0.009306669235229492,-0.10696697235107422
588,191000000,imu2_frame,0.20002447460445782,0.013799079203194007,-0.9096457465540435,0.3637917134137218,0.01171875,0.021484375,-0.05078125,0.04930591583251953,-0.024692654609680176,-0.07944107055664062
588,216000000,imu2_frame,0.19812092025199424,0.014695791488611018,-0.9103874914131306,0.3629417999480541,0.01171875,0.017578125,-0.0703125,0.024466991424560547,0.00829160213470459,-0.09375572204589844
588,240000000,imu2_frame,0.2001843625567659,0.013539153541436966,-0.9101588535375461,0.3624276115810474,0.001953125,0.0234375,-0.060546875,0.051918983459472656,-0.024968862533569336,-0.07833480834960938
588,265000000,imu2_frame,0.19819145589969248,0.0143466205396431,-0.9107637722280818,0.3619719222319966,0.0,0.017578125,-0.041015625,0.02443075180053711,0.0054405927658081055,-0.09340763092041016
588,294000000,imu2_frame,0.2005646112554978,0.012867844814970542,-0.9104058057715804,0.361620690916806,0.0,0.017578125,-0.041015625,0.019533157348632812,0.04174625873565674,-0.11476612091064453
588,316000000,imu2_frame,0.20221767854451872,0.011812940217781424,-0.9101533492959504,0.3613714788037935,-0.021484375,0.02734375,-0.048828125,0.04044365882873535,0.012213349342346191,-0.10225868225097656
588,341000000,imu2_frame,0.20341019423353127,0.010044112043677354,-0.9099528163905252,0.36126068238611614,-0.01953125,0.029296875,-0.046875,0.048352718353271484,-0.027280211448669434,-0.09355831146240234
588,366000000,imu2_frame,0.20178679691578605,0.011883683418139172,-0.9105213628423539,0.3606822902037017,-0.021484375,0.03125,-0.04296875,0.034598588943481445,0.01930999755859375,-0.1056222915649414
588,391000000,imu2_frame,0.2034350638499373,0.010155209670128233,-0.9102368466165613,0.3605272937996047,-0.00390625,0.029296875,-0.041015625,0.05055952072143555,-0.022505640983581543,-0.09331703186035156
588,416000000,imu2_frame,0.20233455797347977,0.012362560751353087,-0.9107503226673284,0.359780132167832,-0.00390625,0.029296875,-0.041015625,0.04840540885925293,-0.050528645515441895,-0.06200695037841797
588,440000000,imu2_frame,0.2008978248118977,0.01402068282708121,-0.9113378289418719,0.35903599537988645,0.005859375,0.01953125,-0.048828125,0.03659415245056152,-0.007822871208190918,-0.07247638702392578
588,466000000,imu2_frame,0.19938072782636307,0.012432217354794958,-0.9117636914505651,0.3588589364855107,0.03515625,0.017578125,-0.0390625,4.482269287109375e-05,-0.024681806564331055,-0.08516597747802734
588,490000000,imu2_frame,0.20056726421011464,0.010039750400735181,-0.9115904635668552,0.35871270213518636,0.03515625,0.017578125,-0.0390625,0.0036745071411132812,0.0772475004196167,0.001178741455078125
588,516000000,imu2_frame,0.20213961045560797,0.007596552203450369,-0.911348460392391,0.35850502649181054,0.03515625,0.017578125,-0.0390625,0.013571023941040039,0.023473024368286133,-0.030256271362304688
588,541000000,imu2_frame,0.20298518896902798,0.005057437707565133,-0.9110479128922697,0.35883580618115773,0.01953125,0.001953125,-0.001953125,0.009685993194580078,-0.029029011726379395,-0.024187088012695312
588,566000000,imu2_frame,0.20231442195572164,0.006898951224039467,-0.9113653661715665,0.3583775222913642,0.037109375,-0.001953125,0.001953125,0.011862993240356445,0.01032114028930664,-0.0290679931640625
588,591000000,imu2_frame,0.2043530488972537,0.007819677961641994,-0.9110867856624761,0.3579099789530745,0.037109375,-0.001953125,0.001953125,-0.024703502655029297,-0.02478635311126709,-0.047760009765625
588,615000000,imu2_frame,0.20600573908103353,0.009517895639582087,-0.9108911487659362,0.3574190261138095,-0.001953125,0.0078125,-0.005859375,0.015733718872070312,-0.004165530204772949,-0.033926963806152344
588,640000000,imu2_frame,0.20474926498215856,0.008353236330002477,-0.9111798301506258,0.3574343003388984,-0.005859375,0.0078125,-0.03125,-0.013571500778198242,-0.016153931617736816,-0.044411659240722656
588,665000000,imu2_frame,0.20663572414500403,0.009700416948392881,-0.9110991196367446,0.35651924718764594,0.025390625,0.0,-0.037109375,0.02889394760131836,-0.0016427040100097656,-0.028777122497558594
588,690000000,imu2_frame,0.2078438472653754,0.007325140669368709,-0.9108961332297414,0.3563923567294989,0.025390625,0.0,-0.037109375,0.033025503158569336,-0.05188167095184326,-0.06274604797363281
588,716000000,imu2_frame,0.2066289203008217,0.009684222844954255,-0.9112967787801298,0.3560180980064988,-0.01171875,0.001953125,-0.00390625,0.029389142990112305,0.00016927719116210938,-0.07180118560791016
588,740000000,imu2_frame,0.20582794056934303,0.012029087981245367,-0.9116075274252231,0.3556147857794912,-0.01171875,0.001953125,-0.00390625,0.032590627670288086,-0.025008559226989746,-0.07726478576660156
588,766000000,imu2_frame,0.20508769133399007,0.014104351152182549,-0.9119207921559873,0.35516274435174994,0.0234375,0.00390625,0.001953125,0.034960269927978516,0.019014477729797363,-0.08214950561523438
588,791000000,imu2_frame,0.20599414960276127,0.011493498933485627,-0.9116370672689149,0.3554605004681016,0.02734375,0.0,-0.00390625,0.031903743743896484,-0.03507661819458008,-0.07617473602294922
588,816000000,imu2_frame,0.2054167453490486,0.008874389644097739,-0.9116429497309567,0.3558543777228111,0.02734375,0.0,-0.00390625,0.04258251190185547,-0.005102634429931641,-0.07795238494873047
588,840000000,imu2_frame,0.2040593208866817,0.007236656505578111,-0.9117910153225376,0.3562928132014207,-0.013671875,0.001953125,-0.00390625,0.007660388946533203,-0.026575326919555664,-0.08933162689208984
588,865000000,imu2_frame,0.20564722437319707,0.009093861454197591,-0.9116310042695523,0.3557463040509893,-0.001953125,0.00390625,-0.0078125,0.048127174377441406,-0.002355217933654785,-0.07602882385253906
588,890000000,imu2_frame,0.20797668772714556,0.009187813772962267,-0.9111981221767894,0.35549861262965776,-0.001953125,0.00390625,-0.0078125,0.04941844940185547,-0.01594841480255127,-0.06106758117675781
588,915000000,imu2_frame,0.20841992268483706,0.006837771016762466,-0.9109722009074397,0.3558708050534976,-0.001953125,0.00390625,-0.0078125,0.040129899978637695,-0.023376107215881348,-0.09725570678710938
588,940000000,imu2_frame,0.20784853488983995,0.00942496710137114,-0.9112438754682416,0.3554500752017148,-0.017578125,0.013671875,-0.00390625,0.04899024963378906,0.02842414379119873,-0.10107898712158203
588,965000000,imu2_frame,0.20841788358618427,0.007196287047581305,-0.9109675920078001,0.35587672804736015,-0.009765625,0.009765625,-0.00390625,0.04256796836853027,-0.017002105712890625,-0.09717369079589844
588,991000000,imu2_frame,0.20707311691542502,0.009408283737327052,-0.9113838412130986,0.35554423413086883,-0.009765625,0.009765625,-0.00390625,0.03564858436584473,-0.08012282848358154,-0.025342941284179688
589,15000000,imu2_frame,0.20570377711168006,0.011228149738122967,-0.9118069772732005,0.35520124004760417,0.001953125,0.0,-0.005859375,0.02552652359008789,-0.0367128849029541,-0.03565788269042969
589,41000000,imu2_frame,0.20556902047554723,0.013762065330347824,-0.9120264129445708,0.3546262898743217,0.001953125,0.0,-0.005859375,0.002373933792114258,0.011757850646972656,0.0035572052001953125
589,66000000,imu2_frame,0.20563066599683563,0.011334139285006694,-0.9119016914040247,0.35499700238571763,0.0,-0.00390625,-0.009765625,-0.013774633407592773,-0.03347170352935791,0.0028619766235351562
589,90000000,imu2_frame,0.20375528466466628,0.012627302243179612,-0.912400780705403,0.35475223829801455,0.0,-0.00390625,-0.009765625,0.04183340072631836,-0.035375356674194336,-0.05060005187988281
589,116000000,imu2_frame,0.20563336487272366,0.011126234005033429,-0.9119749877600373,0.3548136804973368,0.0,-0.00390625,-0.009765625,0.02412867546081543,0.0026252269744873047,-0.07924270629882812
589,141000000,imu2_frame,0.20596386723644045,0.008714210244142038,-0.9117914487284098,0.3551609521872845,0.0,-0.00390625,-0.009765625,0.012626886367797852,-0.008942961692810059,-0.03454780578613281
589,166000000,imu2_frame,0.20589992483195887,0.011182136273213437,-0.9120144277533058,0.35455586915516074,-0.005859375,-0.009765625,-0.01171875,0.029394865036010742,0.037967562675476074,-0.034099578857421875
589,190000000,imu2_frame,0.20411747934726782,0.00972873383703589,-0.9123165918920675,0.35485185996594215,-0.005859375,-0.009765625,-0.01171875,0.02787637710571289,-0.01187121868133545,-0.08804130554199219
589,216000000,imu2_frame,0.20507119615508035,0.007518988858623235,-0.9120253863697432,0.35510415927047256,-0.005859375,-0.009765625,-0.01171875,0.02840280532836914,0.015279412269592285,-0.0811624526977539
589,240000000,imu2_frame,0.2062637303040163,0.0055289178385941355,-0.9116200124571179,0.35549072775009244,-0.001953125,0.00390625,0.005859375,0.03425717353820801,-0.030078887939453125,-0.07208251953125
589,266000000,imu2_frame,0.20495537486047963,0.007640358792470463,-0.9120444155700383,0.35511956192362865,0.0,0.0,-0.00390625,0.027280330657958984,0.01818084716796875,-0.08205032348632812
589,290000000,imu2_frame,0.203858608076148,0.009680075510715725,-0.9124149198920839,0.3547491761931018,0.0,0.0,-0.00390625,0.02328944206237793,-0.010513663291931152,-0.054968833923339844
589,316000000,imu2_frame,0.2056365083902393,0.00798795051618006,-0.9119656268947811,0.35492043393700395,0.0,0.0,-0.00390625,0.002398252487182617,0.020447134971618652,-0.037421226501464844
589,340000000,imu2_frame,0.20738125021173837,0.006311002798593863,-0.9114186776962303,0.355343752232606,0.005859375,0.0078125,0.021484375,0.01970362663269043,-0.02333509922027588,-0.0238037109375
589,365000000,imu2_frame,0.2059189816853823,0.00782895269988726,-0.9117470338554687,0.35532158214360277,0.01171875,0.01171875,0.01953125,0.005542755126953125,0.013994455337524414,-0.03519153594970703
589,390000000,imu2_frame,0.20466287556189233,0.009593081959737109,-0.9120469344247832,0.35523438678090596,0.01171875,0.01171875,0.01953125,0.03565096855163574,-0.0977780818939209,-0.005610466003417969
589,416000000,imu2_frame,0.2031962998829769,0.011574236495587639,-0.9126611240130285,0.3544389559270924,0.0078125,0.001953125,-0.041015625,0.025522232055664062,-0.04897630214691162,-0.01648235321044922
589,440000000,imu2_frame,0.201703070254502,0.013202740082982164,-0.9132116115443426,0.35381649430855183,0.013671875,-0.005859375,-0.03125,0.012175559997558594,-0.006982088088989258,-0.027512550354003906
589,465000000,imu2_frame,0.20025629430443245,0.015344820469645446,-0.9137175668696111,0.353245185487486,-0.021484375,-0.009765625,-0.029296875,0.0029816627502441406,0.0436474084854126,-0.037682533264160156
589,491000000,imu2_frame,0.20202090893713398,0.014210509707938109,-0.9133973248208412,0.35311604434829297,-0.021484375,-0.009765625,-0.029296875,-0.052796125411987305,0.0897606611251831,-0.02447032928466797
589,515000000,imu2_frame,0.20342717192134566,0.012858724107432051,-0.9131230986588382,0.353069746132537,-0.021484375,-0.009765625,-0.029296875,-0.03811788558959961,0.09118938446044922,-0.014039993286132812
589,541000000,imu2_frame,0.20479805698698442,0.01051747369101478,-0.9127725077954407,0.3532612172519609,0.03125,-0.041015625,0.001953125,-0.031171560287475586,0.03910112380981445,-0.004170417785644531
589,565000000,imu2_frame,0.20630800921099676,0.008946833886420362,-0.912337815216466,0.3535486818315828,0.015625,-0.04296875,0.01953125,-0.01678180694580078,-0.0005832910537719727,0.007365226745605469
589,591000000,imu2_frame,0.20539249356702174,0.010995454574714937,-0.9126266381096171,0.3532784213304771,0.015625,-0.04296875,0.01953125,0.06029868125915527,0.00826120376586914,-0.15935516357421875
589,616000000,imu2_frame,0.20272773761453317,0.01034223327755878,-0.9130824874164811,0.35365926226504685,0.015625,-0.04296875,0.01953125,0.049208879470825195,-0.025473833084106445,-0.18088245391845703
589,640000000,imu2_frame,0.20466238021565414,0.01111526737629467,-0.9127835667646748,0.3532929679458323,0.01171875,-0.01171875,-0.001953125,0.08777070045471191,-0.023638367652893066,-0.1651601791381836
589,666000000,imu2_frame,0.20239713564691175,0.010236892544828543,-0.913269465102587,0.3533687728481193,0.01171875,-0.0078125,-0.015625,0.04326224327087402,-0.023882031440734863,-0.18354320526123047
589,691000000,imu2_frame,0.20359068228552368,0.00803235248912666,-0.9129797683201725,0.3534886957712364,0.01171875,-0.0078125,-0.015625,0.04817843437194824,0.0022243261337280273,-0.1318960189819336
589,716000000,imu2_frame,0.20551094081666824,0.009150031874058821,-0.9127655498585127,0.35290307608866023,0.01171875,-0.0078125,-0.015625,0.011071920394897461,-0.023936867713928223,-0.12007331848144531
589,740000000,imu2_frame,0.20731470989790057,0.010155520055068108,-0.9125155714307387,0.3524667478909079,0.017578125,-0.01171875,-0.001953125,0.049092769622802734,-0.01672208309173584,-0.10513782501220703
589,765000000,imu2_frame,0.20518808231392424,0.010083780047525776,-0.9130339142031467,0.35237088383004694,0.015625,-0.005859375,-0.015625,0.01276707649230957,-0.0028766393661499023,-0.12230491638183594
589,790000000,imu2_frame,0.20294098963230134,0.010234113428027939,-0.9135858262315409,0.3522373571304399,0.015625,-0.005859375,-0.015625,0.05397963523864746,-0.023136377334594727,-0.09720420837402344
589,816000000,imu2_frame,0.20078899777783948,0.010418714681328642,-0.9141536994169916,0.3519918217771375,0.0390625,-0.005859375,-0.013671875,0.019001245498657227,-0.003943920135498047,-0.11411190032958984
589,841000000,imu2_frame,0.20273399037268022,0.008517315836068406,-0.9137773359447564,0.3519053349868724,0.0390625,-0.005859375,-0.013671875,6.937980651855469e-05,0.023208022117614746,-0.06432628631591797
589,866000000,imu2_frame,0.20474114878951324,0.007198652583802466,-0.9133767437125472,0.3518126851584402,0.009765625,-0.001953125,-0.015625,0.02523326873779297,-0.013837456703186035,-0.04874420166015625
589,891000000,imu2_frame,0.20290483571255044,0.008401706839950968,-0.9139037099233491,0.3514812199179032,0.009765625,-0.001953125,-0.015625,0.0027923583984375,0.021658897399902344,-0.06300163269042969
589,915000000,imu2_frame,0.20269973919265422,0.0059893880546330585,-0.9138614193805819,0.35175879396209736,0.009765625,-0.001953125,-0.015625,0.05662202835083008,-0.021125435829162598,-0.13952922821044922
589,940000000,imu2_frame,0.20249429723939807,0.006727763852074029,-0.914043693149044,0.3513899881805529,0.095703125,-0.015625,0.01953125,0.05872631072998047,-0.005047440528869629,-0.14096736907958984
589,965000000,imu2_frame,0.20349700113053037,0.0029421788715347976,-0.9137426171916235,0.3516457644308704,0.1171875,-0.01171875,0.01171875,0.04942655563354492,-0.08059585094451904,-0.13373279571533203
589,990000000,imu2_frame,0.20355141751630282,-0.0008992119909433638,-0.9136080107623942,0.3519750197324803,0.1171875,-0.01171875,0.01171875,0.10158324241638184,0.00535893440246582,-0.1725139617919922
590,16000000,imu2_frame,0.20163923801089545,-0.0018980080487266135,-0.914065188828872,0.3518847053099508,0.1171875,-0.01171875,0.01171875,0.023321866989135742,-0.03805196285247803,-0.07041358947753906
590,41000000,imu2_frame,0.20170334234838064,-0.00039780740051994715,-0.9142710164624608,0.35131767944619996,0.08203125,0.01171875,0.005859375,0.03558826446533203,-0.009448647499084473,-0.06997871398925781
590,66000000,imu2_frame,0.2002774227784598,-0.0024805525281622587,-0.9144765661647495,0.3515898330724333,0.076171875,0.009765625,0.0078125,-0.003391742706298828,-0.03795933723449707,-0.08106231689453125
590,90000000,imu2_frame,0.2026580363958967,-0.002208142826607558,-0.914126404161091,0.3511378099905086,0.076171875,0.009765625,0.0078125,-0.07365012168884277,-0.008568286895751953,0.08609199523925781
590,116000000,imu2_frame,0.20367388687995025,-0.0006080017229571956,-0.914144014532889,0.35051005524922,0.076171875,0.009765625,0.0078125,-0.08348751068115234,-0.10164213180541992,0.05891990661621094
590,141000000,imu2_frame,0.20376642765926747,0.0016572777742060003,-0.914433755235935,0.34969615907880086,0.01171875,-0.021484375,-0.025390625,-0.06518411636352539,-0.0585474967956543,0.05970287322998047
590,166000000,imu2_frame,0.20395390973598804,0.003946125430569134,-0.9146858736061823,0.3489082736519527,0.0078125,-0.021484375,-0.0234375,-0.04524374008178711,-0.01575613021850586,0.061448097229003906
590,191000000,imu2_frame,0.2057958653557146,0.004878716914685324,-0.9145124236340154,0.3482689864785526,0.0078125,-0.021484375,-0.0234375,-0.04578685760498047,-0.00908350944519043,-0.036922454833984375
