timestamp_sec,timestamp_nsec,frame_id,orientation_x,orientation_y,orientation_z,orientation_w,angular_velocity_x,angular_velocity_y,angular_velocity_z,linear_acceleration_x,linear_acceleration_y,linear_acceleration_z
83,111000000,imu1_frame,nan,nan,nan,nan,-0.016294079088295565,0.008830384328711431,-0.006945922494540834,-0.15234375,0.4609375,9.6484375
83,131000000,imu1_frame,nan,nan,nan,nan,-0.016294079088295565,0.008830384328711431,-0.006945922494540834,-0.15234375,0.4609375,9.6484375
83,151000000,imu1_frame,nan,nan,nan,nan,-0.016294079088295565,0.0029710093287114315,-0.010852172494540834,-0.15234375,0.4609375,9.6484375
83,171000000,imu1_frame,nan,nan,nan,nan,-0.016294079088295565,0.0029710093287114315,-0.010852172494540834,-0.11328125,0.4609375,9.6484375
83,191000000,imu1_frame,nan,nan,nan,nan,-0.016294079088295565,0.0029710093287114315,-0.010852172494540834,-0.15234375,0.4609375,9.6484375
83,211000000,imu1_frame,nan,nan,nan,nan,-0.018247204088295565,0.008830384328711431,-0.008899047494540834,-0.15234375,0.4609375,9.6484375
83,231000000,imu1_frame,nan,nan,nan,nan,-0.018247204088295565,0.0010178843287114315,-0.006945922494540834,-0.15234375,0.4609375,9.6484375
83,251000000,imu1_frame,nan,nan,nan,nan,-0.012387829088295565,0.010783509328711431,-0.008899047494540834,-0.15234375,0.4609375,9.6484375
83,271000000,imu1_frame,nan,nan,nan,nan,-0.012387829088295565,0.010783509328711431,-0.008899047494540834,-0.15234375,0.4609375,9.6484375
83,291000000,imu1_frame,nan,nan,nan,nan,-0.018247204088295565,0.0049241343287114315,-0.006945922494540834,-0.15234375,0.4609375,9.6484375
83,311000000,imu1_frame,nan,nan,nan,nan,-0.010434704088295565,0.010783509328711431,-0.006945922494540834,-0.15234375,0.4609375,9.6484375
83,331000000,imu1_frame,nan,nan,nan,nan,-0.010434704088295565,0.010783509328711431,-0.006945922494540834,-0.15234375,0.4609375,9.6484375
83,351000000,imu1_frame,nan,nan,nan,nan,-0.010434704088295565,0.010783509328711431,-0.006945922494540834,-0.15234375,0.4609375,9.6484375
83,371000000,imu1_frame,nan,nan,nan,nan,-0.014340954088295565,0.0029710093287114315,-0.006945922494540834,-0.15234375,0.4609375,9.6484375
83,391000000,imu1_frame,nan,nan,nan,nan,-0.016294079088295565,0.0029710093287114315,-0.008899047494540834,-0.15234375,0.4609375,9.6484375
83,411000000,imu1_frame,nan,nan,nan,nan,-0.016294079088295565,0.0029710093287114315,-0.008899047494540834,-0.15234375,0.4609375,9.6484375
83,431000000,imu1_frame,nan,nan,nan,nan,-0.010434704088295565,0.010783509328711431,-0.006945922494540834,-0.15234375,0.4609375,9.6484375
83,451000000,imu1_frame,nan,nan,nan,nan,-0.016294079088295565,0.0049241343287114315,-0.006945922494540834,-0.15234375,0.4609375,9.6484375
83,471000000,imu1_frame,nan,nan,nan,nan,-0.008481579088295565,0.0049241343287114315,-0.006945922494540834,-0.15234375,0.4609375,9.6484375
83,491000000,imu1_frame,nan,nan,nan,nan,-0.008481579088295565,0.0049241343287114315,-0.006945922494540834,-0.11328125,0.421875,9.61328125
83,511000000,imu1_frame,nan,nan,nan,nan,-0.010434704088295565,0.014689759328711431,-0.006945922494540834,-0.11328125,0.421875,9.61328125
83,531000000,imu1_frame,nan,nan,nan,nan,-0.018247204088295565,-0.010700865671288569,-0.008899047494540834,-0.11328125,0.421875,9.61328125
83,551000000,imu1_frame,nan,nan,nan,nan,-0.01806473204741261,-0.010593857014575683,-0.008810057019595426,-0.19140625,0.4609375,9.7265625
83,571000000,imu1_frame,nan,nan,nan,nan,-0.01806473204741261,-0.010593857014575683,-0.008810057019595426,-0.11328125,0.49609375,9.6484375
83,591000000,imu1_frame,nan,nan,nan,nan,-0.008299107047412609,0.024562392985424317,-0.008810057019595426,-0.11328125,0.49609375,9.6484375
83,611000000,imu1_frame,nan,nan,nan,nan,-0.01806473204741261,-0.012546982014575683,-0.004903807019595426,-0.11328125,0.49609375,9.6484375
83,631000000,imu1_frame,nan,nan,nan,nan,-0.01806473204741261,-0.012546982014575683,-0.004903807019595426,-0.15234375,0.4609375,9.6484375
83,651000000,imu1_frame,nan,nan,nan,nan,-0.01806473204741261,-0.012546982014575683,-0.004903807019595426,-0.19140625,0.4609375,9.6875
83,671000000,imu1_frame,nan,nan,nan,nan,-0.012205357047412609,0.010890517985424317,-0.006856932019595426,-0.19140625,0.4609375,9.6875
83,691000000,imu1_frame,nan,nan,nan,nan,-0.01611160704741261,-0.0027813570145756826,-0.008810057019595426,-0.19140625,0.4609375,9.6875
83,711000000,imu1_frame,nan,nan,nan,nan,-0.01611160704741261,-0.0027813570145756826,-0.008810057019595426,-0.15234375,0.421875,9.65234375
83,731000000,imu1_frame,nan,nan,nan,nan,-0.01611160704741261,-0.0008282320145756826,-0.006856932019595426,-0.15234375,0.421875,9.65234375
83,751000000,imu1_frame,nan,nan,nan,nan,-0.012205357047412609,0.008937392985424317,-0.006856932019595426,-0.15234375,0.421875,9.65234375
83,771000000,imu1_frame,nan,nan,nan,nan,-0.01806473204741261,-0.0008282320145756826,-0.006856932019595426,-0.15234375,0.421875,9.65234375
83,791000000,imu1_frame,nan,nan,nan,nan,-0.01806473204741261,-0.0008282320145756826,-0.006856932019595426,-0.15234375,0.4609375,9.609375
83,811000000,imu1_frame,nan,nan,nan,nan,-0.01611160704741261,0.0030780179854243174,-0.006856932019595426,-0.15234375,0.4609375,9.609375
83,831000000,imu1_frame,nan,nan,nan,nan,-0.014158482047412609,0.010890517985424317,-0.008810057019595426,-0.15234375,0.4609375,9.609375
83,851000000,imu1_frame,nan,nan,nan,nan,-0.014158482047412609,-0.0008282320145756826,-0.004903807019595426,-0.15234375,0.4609375,9.609375
83,871000000,imu1_frame,nan,nan,nan,nan,-0.014158482047412609,-0.0008282320145756826,-0.004903807019595426,-0.15234375,0.4609375,9.609375
83,891000000,imu1_frame,nan,nan,nan,nan,-0.014158482047412609,0.0030780179854243174,-0.008810057019595426,-0.15234375,0.4609375,9.609375
83,911000000,imu1_frame,nan,nan,nan,nan,-0.01806473204741261,0.0011248929854243174,-0.0029506820195954256,-0.15234375,0.4609375,9.609375
83,931000000,imu1_frame,nan,nan,nan,nan,-0.01806473204741261,0.0011248929854243174,-0.0029506820195954256,-0.15234375,0.4609375,9.6484375
83,951000000,imu1_frame,nan,nan,nan,nan,-0.01806473204741261,0.0011248929854243174,-0.0029506820195954256,-0.15234375,0.4609375,9.6484375
83,971000000,imu1_frame,nan,nan,nan,nan,-0.014158482047412609,0.012843642985424317,-0.008810057019595426,-0.15234375,0.4609375,9.6484375
83,991000000,imu1_frame,nan,nan,nan,nan,-0.006345982047412609,0.010890517985424317,-0.006856932019595426,-0.15234375,0.4609375,9.6484375
84,11000000,imu1_frame,nan,nan,nan,nan,-0.01611160704741261,0.0030780179854243174,-0.008810057019595426,-0.15234375,0.4609375,9.6484375
84,31000000,imu1_frame,nan,nan,nan,nan,-0.01611160704741261,0.0030780179854243174,-0.008810057019595426,-0.15234375,0.4609375,9.6484375
84,51000000,imu1_frame,nan,nan,nan,nan,-0.012205357047412609,0.010890517985424317,-0.006856932019595426,-0.15234375,0.4609375,9.6484375
84,71000000,imu1_frame,nan,nan,nan,nan,-0.014158482047412609,0.005031142985424317,-0.004903807019595426,-0.15234375,0.4609375,9.6484375
84,91000000,imu1_frame,nan,nan,nan,nan,-0.014158482047412609,0.005031142985424317,-0.004903807019595426,-0.11328125,0.4609375,9.6484375
84,111000000,imu1_frame,nan,nan,nan,nan,-0.01806473204741261,-0.0008282320145756826,-0.008810057019595426,-0.11328125,0.4609375,9.6484375
84,131000000,imu1_frame,nan,nan,nan,nan,-0.012205357047412609,0.005031142985424317,-0.006856932019595426,-0.11328125,0.4609375,9.6484375
84,151000000,imu1_frame,nan,nan,nan,nan,-0.014158482047412609,0.005031142985424317,-0.010763182019595426,-0.11328125,0.4609375,9.6484375
84,171000000,imu1_frame,nan,nan,nan,nan,-0.014158482047412609,0.005031142985424317,-0.010763182019595426,-0.15234375,0.4609375,9.6484375
84,191000000,imu1_frame,nan,nan,nan,nan,-0.014158482047412609,0.0011248929854243174,-0.004903807019595426,-0.15234375,0.4609375,9.6484375
84,211000000,imu1_frame,nan,nan,nan,nan,-0.01611160704741261,0.0030780179854243174,-0.006856932019595426,-0.15234375,0.4609375,9.6484375
84,231000000,imu1_frame,nan,nan,nan,nan,-0.014158482047412609,0.006984267985424317,-0.010763182019595426,-0.15234375,0.4609375,9.6484375
84,251000000,imu1_frame,nan,nan,nan,nan,-0.014158482047412609,0.006984267985424317,-0.010763182019595426,-0.15234375,0.421875,9.65234375
84,271000000,imu1_frame,nan,nan,nan,nan,-0.014158482047412609,0.008937392985424317,-0.006856932019595426,-0.15234375,0.421875,9.65234375
84,291000000,imu1_frame,nan,nan,nan,nan,-0.014158482047412609,0.006984267985424317,-0.008810057019595426,-0.15234375,0.421875,9.65234375
84,311000000,imu1_frame,nan,nan,nan,nan,-0.014158482047412609,0.006984267985424317,-0.008810057019595426,-0.15234375,0.4609375,9.6484375
84,331000000,imu1_frame,nan,nan,nan,nan,-0.014158482047412609,0.006984267985424317,-0.008810057019595426,-0.15234375,0.4609375,9.6484375
84,351000000,imu1_frame,nan,nan,nan,nan,-0.014158482047412609,0.005031142985424317,-0.006856932019595426,-0.15234375,0.4609375,9.6484375
84,371000000,imu1_frame,nan,nan,nan,nan,-0.012205357047412609,0.005031142985424317,-0.006856932019595426,-0.15234375,0.4609375,9.6484375
84,391000000,imu1_frame,nan,nan,nan,nan,-0.012205357047412609,0.005031142985424317,-0.006856932019595426,-0.15234375,0.4609375,9.6484375
84,411000000,imu1_frame,nan,nan,nan,nan,-0.014158482047412609,0.0030780179854243174,-0.008810057019595426,-0.15234375,0.4609375,9.6484375
84,431000000,imu1_frame,nan,nan,nan,nan,-0.012205357047412609,0.005031142985424317,-0.006856932019595426,-0.15234375,0.4609375,9.6484375
84,451000000,imu1_frame,nan,nan,nan,nan,-0.014158482047412609,0.005031142985424317,-0.006856932019595426,-0.15234375,0.4609375,9.6484375
84,471000000,imu1_frame,nan,nan,nan,nan,-0.014158482047412609,0.005031142985424317,-0.006856932019595426,-0.15234375,0.4609375,9.6484375
84,491000000,imu1_frame,nan,nan,nan,nan,-0.014158482047412609,0.0011248929854243174,-0.006856932019595426,-0.15234375,0.4609375,9.6484375
84,511000000,imu1_frame,nan,nan,nan,nan,-0.014158482047412609,0.0030780179854243174,-0.006856932019595426,-0.15234375,0.4609375,9.6484375
84,531000000,imu1_frame,nan,nan,nan,nan,-0.012205357047412609,0.0030780179854243174,-0.006856932019595426,-0.15234375,0.4609375,9.6484375
84,551000000,imu1_frame,nan,nan,nan,nan,-0.012205357047412609,0.0030780179854243174,-0.006856932019595426,-0.11328125,0.4609375,9.6484375
84,571000000,imu1_frame,nan,nan,nan,nan,-0.012205357047412609,0.008937392985424317,-0.008810057019595426,-0.11328125,0.4609375,9.6484375
84,591000000,imu1_frame,nan,nan,nan,nan,-0.01611160704741261,0.008937392985424317,-0.0029506820195954256,-0.11328125,0.4609375,9.6484375
84,611000000,imu1_frame,nan,nan,nan,nan,-0.012205357047412609,0.008937392985424317,-0.004903807019595426,-0.11328125,0.4609375,9.6484375
84,631000000,imu1_frame,nan,nan,nan,nan,-0.012205357047412609,0.008937392985424317,-0.004903807019595426,-0.15234375,0.4609375,9.6484375
84,651000000,imu1_frame,nan,nan,nan,nan,-0.014158482047412609,0.0030780179854243174,-0.006856932019595426,-0.15234375,0.4609375,9.6484375
84,671000000,imu1_frame,nan,nan,nan,nan,-0.014158482047412609,-0.0008282320145756826,-0.008810057019595426,-0.15234375,0.4609375,9.6484375
84,691000000,imu1_frame,nan,nan,nan,nan,-0.014158482047412609,-0.0008282320145756826,-0.008810057019595426,-0.15234375,0.4609375,9.6484375
84,711000000,imu1_frame,nan,nan,nan,nan,-0.014158482047412609,-0.0008282320145756826,-0.008810057019595426,-0.15234375,0.4609375,9.6484375
84,731000000,imu1_frame,nan,nan,nan,nan,-0.01611160704741261,0.008937392985424317,-0.008810057019595426,-0.15234375,0.4609375,9.6484375
84,751000000,imu1_frame,nan,nan,nan,nan,-0.01806473204741261,-0.0008282320145756826,-0.006856932019595426,-0.15234375,0.4609375,9.6484375
84,771000000,imu1_frame,nan,nan,nan,nan,-0.01611160704741261,-0.0008282320145756826,-0.006856932019595426,-0.15234375,0.4609375,9.6484375
84,791000000,imu1_frame,nan,nan,nan,nan,-0.01806473204741261,0.008937392985424317,-0.008810057019595426,-0.15234375,0.4609375,9.6484375
84,811000000,imu1_frame,nan,nan,nan,nan,-0.012205357047412609,0.006984267985424317,-0.004903807019595426,-0.15234375,0.4609375,9.6484375
84,831000000,imu1_frame,nan,nan,nan,nan,-0.01806473204741261,0.0011248929854243174,-0.006856932019595426,-0.15234375,0.4609375,9.6484375
84,851000000,imu1_frame,nan,nan,nan,nan,-0.01806473204741261,0.0011248929854243174,-0.006856932019595426,-0.15234375,0.4609375,9.6484375
84,871000000,imu1_frame,nan,nan,nan,nan,-0.01806473204741261,0.0011248929854243174,-0.008810057019595426,-0.15234375,0.4609375,9.6484375
84,891000000,imu1_frame,nan,nan,nan,nan,-0.01611160704741261,0.0030780179854243174,-0.008810057019595426,-0.15234375,0.4609375,9.6484375
84,911000000,imu1_frame,nan,nan,nan,nan,-0.01806473204741261,0.0030780179854243174,-0.004903807019595426,-0.15234375,0.4609375,9.6484375
84,931000000,imu1_frame,nan,nan,nan,nan,-0.01806473204741261,0.0030780179854243174,-0.004903807019595426,-0.11328125,0.4609375,9.6484375
84,951000000,imu1_frame,nan,nan,nan,nan,-0.01806473204741261,-0.0008282320145756826,-0.006856932019595426,-0.11328125,0.4609375,9.6484375
84,971000000,imu1_frame,nan,nan,nan,nan,-0.05712723204741261,-0.07895323201457569,0.0009555679804045744,-0.11328125,0.4609375,9.6484375
84,995000000,imu1_frame,nan,nan,nan,nan,-0.01806473204741261,0.0011248929854243174,-0.008810057019595426,-0.11328125,0.4609375,9.6484375
85,11000000,imu1_frame,nan,nan,nan,nan,-0.01806473204741261,0.0011248929854243174,-0.008810057019595426,-0.11328125,0.421875,9.65234375
85,31000000,imu1_frame,nan,nan,nan,nan,-0.014158482047412609,0.008937392985424317,-0.006856932019595426,-0.11328125,0.421875,9.65234375
85,51000000,imu1_frame,nan,nan,nan,nan,-0.02001785704741261,-0.0008282320145756826,-0.004903807019595426,-0.11328125,0.421875,9.65234375
85,71000000,imu1_frame,nan,nan,nan,nan,-0.02001785704741261,-0.0008282320145756826,-0.004903807019595426,-0.11328125,0.4609375,9.6484375
85,91000000,imu1_frame,nan,nan,nan,nan,-0.02001785704741261,-0.0008282320145756826,-0.004903807019595426,-0.11328125,0.4609375,9.6484375
85,111000000,imu1_frame,nan,nan,nan,nan,-0.014158482047412609,0.005031142985424317,-0.008810057019595426,-0.11328125,0.4609375,9.6484375
85,131000000,imu1_frame,nan,nan,nan,nan,-0.012205357047412609,-0.0008282320145756826,-0.006856932019595426,-0.11328125,0.4609375,9.6484375
85,151000000,imu1_frame,nan,nan,nan,nan,-0.012205357047412609,-0.0008282320145756826,-0.006856932019595426,-0.11328125,0.421875,9.65234375
85,171000000,imu1_frame,nan,nan,nan,nan,-0.012205357047412609,0.006984267985424317,-0.004903807019595426,-0.11328125,0.421875,9.65234375
85,191000000,imu1_frame,nan,nan,nan,nan,-0.012205357047412609,0.0030780179854243174,-0.006856932019595426,-0.11328125,0.421875,9.65234375
85,211000000,imu1_frame,nan,nan,nan,nan,-0.01611160704741261,0.006984267985424317,-0.006856932019595426,-0.11328125,0.421875,9.65234375
85,231000000,imu1_frame,nan,nan,nan,nan,-0.01611160704741261,0.006984267985424317,-0.006856932019595426,-0.11328125,0.4609375,9.69140625
85,251000000,imu1_frame,nan,nan,nan,nan,-0.014158482047412609,0.005031142985424317,-0.006856932019595426,-0.11328125,0.4609375,9.69140625
85,271000000,imu1_frame,nan,nan,nan,nan,-0.014158482047412609,0.0030780179854243174,-0.010763182019595426,-0.11328125,0.4609375,9.69140625
85,291000000,imu1_frame,nan,nan,nan,nan,-0.012205357047412609,0.005031142985424317,-0.0029506820195954256,-0.11328125,0.4609375,9.69140625
85,311000000,imu1_frame,nan,nan,nan,nan,-0.012205357047412609,0.005031142985424317,-0.0029506820195954256,-0.11328125,0.421875,9.65234375
85,331000000,imu1_frame,nan,nan,nan,nan,-0.012205357047412609,0.008937392985424317,-0.010763182019595426,-0.11328125,0.421875,9.65234375
85,351000000,imu1_frame,nan,nan,nan,nan,-0.014158482047412609,0.010890517985424317,-0.006856932019595426,-0.11328125,0.421875,9.65234375
85,371000000,imu1_frame,nan,nan,nan,nan,-0.012205357047412609,0.008937392985424317,-0.010763182019595426,-0.11328125,0.421875,9.65234375
85,391000000,imu1_frame,nan,nan,nan,nan,-0.012205357047412609,0.008937392985424317,-0.010763182019595426,-0.15234375,0.421875,9.65234375
85,411000000,imu1_frame,nan,nan,nan,nan,-0.014158482047412609,0.005031142985424317,-0.010763182019595426,-0.15234375,0.421875,9.65234375
85,431000000,imu1_frame,nan,nan,nan,nan,-0.010252232047412609,0.008937392985424317,-0.010763182019595426,-0.15234375,0.421875,9.65234375
85,451000000,imu1_frame,nan,nan,nan,nan,-0.010252232047412609,0.008937392985424317,-0.010763182019595426,-0.11328125,0.4609375,9.6484375
85,471000000,imu1_frame,nan,nan,nan,nan,-0.01611160704741261,0.005031142985424317,-0.008810057019595426,-0.11328125,0.4609375,9.6484375
85,491000000,imu1_frame,nan,nan,nan,nan,-0.012205357047412609,0.005031142985424317,-0.010763182019595426,-0.11328125,0.4609375,9.6484375
85,511000000,imu1_frame,nan,nan,nan,nan,-0.01611160704741261,0.006984267985424317,-0.008810057019595426,-0.11328125,0.4609375,9.6484375
85,531000000,imu1_frame,nan,nan,nan,nan,-0.01611160704741261,0.006984267985424317,-0.008810057019595426,-0.11328125,0.4609375,9.6484375
85,551000000,imu1_frame,nan,nan,nan,nan,-0.012205357047412609,0.005031142985424317,-0.006856932019595426,-0.11328125,0.4609375,9.6484375
85,571000000,imu1_frame,nan,nan,nan,nan,-0.014158482047412609,0.005031142985424317,-0.008810057019595426,-0.11328125,0.4609375,9.6484375
85,591000000,imu1_frame,nan,nan,nan,nan,-0.012205357047412609,0.008937392985424317,-0.010763182019595426,-0.11328125,0.4609375,9.6484375
85,611000000,imu1_frame,nan,nan,nan,nan,-0.012205357047412609,0.008937392985424317,-0.010763182019595426,-0.11328125,0.4609375,9.6484375
85,631000000,imu1_frame,nan,nan,nan,nan,-0.01611160704741261,0.0011248929854243174,-0.008810057019595426,-0.11328125,0.4609375,9.6484375
85,651000000,imu1_frame,nan,nan,nan,nan,-0.01611160704741261,0.0030780179854243174,-0.006856932019595426,-0.11328125,0.4609375,9.6484375
85,671000000,imu1_frame,nan,nan,nan,nan,-0.012205357047412609,0.0030780179854243174,-0.004903807019595426,-0.11328125,0.4609375,9.6484375
85,691000000,imu1_frame,nan,nan,nan,nan,-0.012205357047412609,0.0030780179854243174,-0.004903807019595426,-0.11328125,0.4609375,9.6484375
85,711000000,imu1_frame,nan,nan,nan,nan,-0.014158482047412609,-0.006687607014575683,-0.004903807019595426,-0.11328125,0.4609375,9.6484375
85,731000000,imu1_frame,nan,nan,nan,nan,-0.01806473204741261,0.0011248929854243174,-0.004903807019595426,-0.11328125,0.4609375,9.6484375
85,751000000,imu1_frame,nan,nan,nan,nan,-0.014158482047412609,0.0030780179854243174,-0.006856932019595426,-0.11328125,0.4609375,9.6484375
85,771000000,imu1_frame,nan,nan,nan,nan,-0.014158482047412609,0.0030780179854243174,-0.006856932019595426,-0.11328125,0.4609375,9.6484375
85,791000000,imu1_frame,nan,nan,nan,nan,-0.014158482047412609,0.005031142985424317,-0.006856932019595426,-0.11328125,0.4609375,9.6484375
85,811000000,imu1_frame,nan,nan,nan,nan,-0.014158482047412609,0.005031142985424317,-0.006856932019595426,-0.11328125,0.4609375,9.6484375
85,831000000,imu1_frame,nan,nan,nan,nan,-0.014158482047412609,0.005031142985424317,-0.006856932019595426,-0.11328125,0.421875,9.6875
85,851000000,imu1_frame,nan,nan,nan,nan,-0.014158482047412609,0.005031142985424317,-0.008810057019595426,-0.11328125,0.421875,9.6875
85,871000000,imu1_frame,nan,nan,nan,nan,-0.01611160704741261,0.0030780179854243174,-0.006856932019595426,-0.11328125,0.421875,9.6875
85,891000000,imu1_frame,nan,nan,nan,nan,-0.01611160704741261,0.005031142985424317,-0.004903807019595426,-0.11328125,0.421875,9.6875
85,911000000,imu1_frame,nan,nan,nan,nan,-0.01611160704741261,0.005031142985424317,-0.004903807019595426,-0.11328125,0.421875,9.65234375
85,931000000,imu1_frame,nan,nan,nan,nan,-0.012205357047412609,0.0011248929854243174,-0.004903807019595426,-0.11328125,0.421875,9.65234375
85,951000000,imu1_frame,nan,nan,nan,nan,-0.01806473204741261,0.0011248929854243174,-0.006856932019595426,-0.11328125,0.421875,9.65234375
85,971000000,imu1_frame,nan,nan,nan,nan,-0.014158482047412609,0.0030780179854243174,-0.006856932019595426,-0.11328125,0.421875,9.65234375
85,991000000,imu1_frame,nan,nan,nan,nan,-0.014158482047412609,0.0030780179854243174,-0.006856932019595426,-0.11328125,0.421875,9.6875
86,11000000,imu1_frame,nan,nan,nan,nan,-0.01611160704741261,0.0011248929854243174,0.0009555679804045744,-0.11328125,0.421875,9.6875
86,31000000,imu1_frame,nan,nan,nan,nan,-0.02001785704741261,0.0030780179854243174,-0.0029506820195954256,-0.11328125,0.421875,9.6875
86,51000000,imu1_frame,nan,nan,nan,nan,-0.02197098204741261,-0.010593857014575683,-0.0029506820195954256,-0.11328125,0.421875,9.6875
86,71000000,imu1_frame,nan,nan,nan,nan,-0.02197098204741261,-0.010593857014575683,-0.0029506820195954256,-0.11328125,0.4609375,9.6484375
86,91000000,imu1_frame,nan,nan,nan,nan,-0.01611160704741261,0.0011248929854243174,-0.0009975570195954256,-0.11328125,0.4609375,9.6484375
86,111000000,imu1_frame,nan,nan,nan,nan,-0.012205357047412609,0.006984267985424317,-0.0009975570195954256,-0.11328125,0.4609375,9.6484375
86,131000000,imu1_frame,nan,nan,nan,nan,-0.01806473204741261,-0.004734482014575683,-0.0009975570195954256,-0.11328125,0.4609375,9.6484375
86,151000000,imu1_frame,nan,nan,nan,nan,-0.02001785704741261,-0.006687607014575683,-0.0009975570195954256,-0.11328125,0.4609375,9.6484375
86,171000000,imu1_frame,nan,nan,nan,nan,-0.01611160704741261,-0.0008282320145756826,-0.006856932019595426,-0.11328125,0.4609375,9.6484375
86,191000000,imu1_frame,nan,nan,nan,nan,-0.01611160704741261,0.0011248929854243174,-0.0029506820195954256,-0.11328125,0.4609375,9.6484375
86,211000000,imu1_frame,nan,nan,nan,nan,-0.01611160704741261,0.0011248929854243174,-0.0029506820195954256,-0.11328125,0.421875,9.6875
86,231000000,imu1_frame,nan,nan,nan,nan,-0.01611160704741261,0.005031142985424317,-0.006856932019595426,-0.11328125,0.421875,9.6875
86,251000000,imu1_frame,nan,nan,nan,nan,-0.014158482047412609,0.006984267985424317,-0.008810057019595426,-0.11328125,0.421875,9.6875
86,271000000,imu1_frame,nan,nan,nan,nan,-0.008299107047412609,0.005031142985424317,-0.006856932019595426,-0.11328125,0.421875,9.6875
86,291000000,imu1_frame,nan,nan,nan,nan,-0.01806473204741261,0.005031142985424317,-0.006856932019595426,-0.11328125,0.421875,9.6875
86,311000000,imu1_frame,nan,nan,nan,nan,-0.01611160704741261,0.005031142985424317,-0.006856932019595426,-0.11328125,0.421875,9.6875
86,331000000,imu1_frame,nan,nan,nan,nan,-0.014158482047412609,0.008937392985424317,-0.008810057019595426,-0.11328125,0.421875,9.6875
86,351000000,imu1_frame,nan,nan,nan,nan,-0.012205357047412609,0.010890517985424317,-0.006856932019595426,-0.11328125,0.421875,9.6875
86,371000000,imu1_frame,nan,nan,nan,nan,-0.012205357047412609,0.010890517985424317,-0.006856932019595426,-0.11328125,0.4609375,9.6484375
86,391000000,imu1_frame,nan,nan,nan,nan,-0.004392857047412609,0.024562392985424317,-0.0029506820195954256,-0.11328125,0.4609375,9.6484375
86,411000000,imu1_frame,nan,nan,nan,nan,-0.004392857047412609,0.038234267985424314,0.012674317980404574,-0.11328125,0.4609375,9.6484375
86,431000000,imu1_frame,nan,nan,nan,nan,-0.008299107047412609,0.024562392985424317,-0.0029506820195954256,-0.11328125,0.4609375,9.6484375
86,451000000,imu1_frame,nan,nan,nan,nan,-0.008299107047412609,0.024562392985424317,-0.0029506820195954256,-0.11328125,0.4609375,9.6484375
86,471000000,imu1_frame,nan,nan,nan,nan,-0.01806473204741261,0.049953017985424314,-0.0029506820195954256,-0.11328125,0.4609375,9.6484375
86,491000000,imu1_frame,nan,nan,nan,nan,-0.01806473204741261,0.038234267985424314,-0.018575682019595426,-0.11328125,0.4609375,9.6484375
86,511000000,imu1_frame,nan,nan,nan,nan,-0.01611160704741261,0.0030780179854243174,-0.010763182019595426,-0.11328125,0.4609375,9.6484375
86,531000000,imu1_frame,nan,nan,nan,nan,-0.01611160704741261,-0.0008282320145756826,-0.012716307019595426,-0.11328125,0.4609375,9.6484375
86,551000000,imu1_frame,nan,nan,nan,nan,-0.014158482047412609,0.028468642985424317,-0.010763182019595426,-0.11328125,0.4609375,9.6484375
86,571000000,imu1_frame,nan,nan,nan,nan,-0.01806473204741261,0.008937392985424317,-0.012716307019595426,-0.11328125,0.4609375,9.6484375
86,591000000,imu1_frame,nan,nan,nan,nan,-0.01806473204741261,0.008937392985424317,-0.012716307019595426,-0.15234375,0.4609375,9.6484375
86,611000000,imu1_frame,nan,nan,nan,nan,-0.01611160704741261,-0.010593857014575683,-0.012716307019595426,-0.15234375,0.4609375,9.6484375
86,631000000,imu1_frame,nan,nan,nan,nan,-0.014158482047412609,0.0011248929854243174,-0.008810057019595426,-0.15234375,0.4609375,9.6484375
86,651000000,imu1_frame,nan,nan,nan,nan,-0.014158482047412609,0.012843642985424317,-0.008810057019595426,-0.15234375,0.4609375,9.6484375
86,671000000,imu1_frame,nan,nan,nan,nan,-0.014158482047412609,0.012843642985424317,-0.008810057019595426,-0.11328125,0.4609375,9.6484375
86,691000000,imu1_frame,nan,nan,nan,nan,-0.02197098204741261,0.012843642985424317,-0.010763182019595426,-0.11328125,0.4609375,9.6484375
86,711000000,imu1_frame,nan,nan,nan,nan,-0.02001785704741261,0.0030780179854243174,-0.008810057019595426,-0.11328125,0.4609375,9.6484375
86,731000000,imu1_frame,nan,nan,nan,nan,-0.01806473204741261,0.012843642985424317,-0.014669432019595426,-0.11328125,0.4609375,9.6484375
86,751000000,imu1_frame,nan,nan,nan,nan,-0.01806473204741261,0.012843642985424317,-0.014669432019595426,-0.11328125,0.4609375,9.6484375
86,771000000,imu1_frame,nan,nan,nan,nan,-0.01806473204741261,0.008937392985424317,-0.008810057019595426,-0.11328125,0.4609375,9.6484375
86,791000000,imu1_frame,nan,nan,nan,nan,-0.01806473204741261,0.005031142985424317,-0.010763182019595426,-0.11328125,0.4609375,9.6484375
86,811000000,imu1_frame,nan,nan,nan,nan,-0.01611160704741261,0.010890517985424317,-0.012716307019595426,-0.11328125,0.4609375,9.6484375
86,831000000,imu1_frame,nan,nan,nan,nan,-0.01611160704741261,0.010890517985424317,-0.012716307019595426,-0.15234375,0.421875,9.65234375
86,851000000,imu1_frame,nan,nan,nan,nan,-0.01806473204741261,-0.0008282320145756826,-0.008810057019595426,-0.15234375,0.421875,9.65234375
86,871000000,imu1_frame,nan,nan,nan,nan,-0.01611160704741261,0.008937392985424317,-0.008810057019595426,-0.15234375,0.421875,9.65234375
86,891000000,imu1_frame,nan,nan,nan,nan,-0.014158482047412609,0.005031142985424317,-0.010763182019595426,-0.15234375,0.421875,9.65234375
86,911000000,imu1_frame,nan,nan,nan,nan,-0.01806473204741261,-0.0027813570145756826,-0.010763182019595426,-0.15234375,0.421875,9.65234375
86,931000000,imu1_frame,nan,nan,nan,nan,-0.01611160704741261,-0.0008282320145756826,-0.010763182019595426,-0.15234375,0.421875,9.65234375
86,951000000,imu1_frame,nan,nan,nan,nan,-0.01611160704741261,-0.0027813570145756826,-0.010763182019595426,-0.15234375,0.421875,9.65234375
86,971000000,imu1_frame,nan,nan,nan,nan,-0.01611160704741261,-0.0027813570145756826,-0.010763182019595426,-0.15234375,0.421875,9.65234375
86,996000000,imu1_frame,nan,nan,nan,nan,-0.01806473204741261,0.006984267985424317,-0.010763182019595426,-0.15234375,0.421875,9.65234375
87,11000000,imu1_frame,nan,nan,nan,nan,-0.012205357047412609,0.008937392985424317,-0.006856932019595426,-0.15234375,0.421875,9.65234375
87,31000000,imu1_frame,nan,nan,nan,nan,-0.012205357047412609,0.008937392985424317,-0.006856932019595426,-0.15234375,0.421875,9.65234375
87,51000000,imu1_frame,nan,nan,nan,nan,-0.012205357047412609,0.008937392985424317,-0.006856932019595426,-0.15234375,0.421875,9.65234375
87,71000000,imu1_frame,nan,nan,nan,nan,-0.006345982047412609,0.024562392985424317,-0.010763182019595426,-0.15234375,0.421875,9.65234375
87,91000000,imu1_frame,nan,nan,nan,nan,-0.010252232047412609,0.012843642985424317,-0.008810057019595426,-0.15234375,0.421875,9.65234375
87,111000000,imu1_frame,nan,nan,nan,nan,-0.012205357047412609,0.018703017985424317,-0.008810057019595426,-0.15234375,0.421875,9.65234375
87,131000000,imu1_frame,nan,nan,nan,nan,-0.012205357047412609,0.018703017985424317,-0.008810057019595426,-0.15234375,0.421875,9.65234375
87,151000000,imu1_frame,nan,nan,nan,nan,-0.012205357047412609,0.006984267985424317,-0.010763182019595426,-0.15234375,0.421875,9.65234375
87,171000000,imu1_frame,nan,nan,nan,nan,-0.01611160704741261,-0.010593857014575683,-0.010763182019595426,-0.15234375,0.421875,9.65234375
87,191000000,imu1_frame,nan,nan,nan,nan,-0.01611160704741261,-0.0008282320145756826,-0.010763182019595426,-0.15234375,0.421875,9.65234375
87,211000000,imu1_frame,nan,nan,nan,nan,-0.014158482047412609,0.0030780179854243174,-0.012716307019595426,-0.15234375,0.421875,9.65234375
87,231000000,imu1_frame,nan,nan,nan,nan,-0.01611160704741261,-0.0027813570145756826,-0.006856932019595426,-0.15234375,0.421875,9.65234375
87,251000000,imu1_frame,nan,nan,nan,nan,-0.014158482047412609,-0.0027813570145756826,-0.010763182019595426,-0.15234375,0.421875,9.65234375
87,271000000,imu1_frame,nan,nan,nan,nan,-0.014158482047412609,0.0011248929854243174,-0.012716307019595426,-0.15234375,0.421875,9.65234375
87,291000000,imu1_frame,nan,nan,nan,nan,-0.01611160704741261,-0.0008282320145756826,-0.010763182019595426,-0.15234375,0.421875,9.65234375
87,311000000,imu1_frame,nan,nan,nan,nan,-0.012205357047412609,0.0011248929854243174,-0.012716307019595426,-0.15234375,0.421875,9.65234375
87,331000000,imu1_frame,nan,nan,nan,nan,-0.014158482047412609,-0.006687607014575683,-0.012716307019595426,-0.15234375,0.421875,9.65234375
87,351000000,imu1_frame,nan,nan,nan,nan,-0.014158482047412609,-0.006687607014575683,-0.012716307019595426,-0.15234375,0.421875,9.61328125
87,371000000,imu1_frame,nan,nan,nan,nan,-0.012205357047412609,0.0011248929854243174,-0.010763182019595426,-0.15234375,0.421875,9.61328125
87,391000000,imu1_frame,nan,nan,nan,nan,-0.012205357047412609,0.022609267985424317,-0.012716307019595426,-0.15234375,0.421875,9.61328125
87,411000000,imu1_frame,nan,nan,nan,nan,-0.012205357047412609,0.005031142985424317,-0.012716307019595426,-0.15234375,0.421875,9.61328125
87,431000000,imu1_frame,nan,nan,nan,nan,-0.012205357047412609,0.005031142985424317,-0.012716307019595426,-0.15234375,0.421875,9.6875
87,451000000,imu1_frame,nan,nan,nan,nan,-0.006345982047412609,0.005031142985424317,-0.010763182019595426,-0.15234375,0.421875,9.6875
87,471000000,imu1_frame,nan,nan,nan,nan,-0.010252232047412609,0.012843642985424317,-0.016622557019595426,-0.15234375,0.421875,9.6875
87,491000000,imu1_frame,nan,nan,nan,nan,-0.012205357047412609,0.012843642985424317,-0.012716307019595426,-0.15234375,0.421875,9.6875
87,511000000,imu1_frame,nan,nan,nan,nan,-0.012205357047412609,0.012843642985424317,-0.012716307019595426,-0.15234375,0.4609375,9.6484375
87,531000000,imu1_frame,nan,nan,nan,nan,-0.012205357047412609,0.010890517985424317,-0.014669432019595426,-0.15234375,0.4609375,9.6484375
87,551000000,imu1_frame,nan,nan,nan,nan,-0.012205357047412609,0.0030780179854243174,-0.008810057019595426,-0.15234375,0.4609375,9.6484375
87,571000000,imu1_frame,nan,nan,nan,nan,-0.008299107047412609,0.0011248929854243174,-0.010763182019595426,-0.15234375,0.4609375,9.6484375
87,591000000,imu1_frame,nan,nan,nan,nan,-0.012205357047412609,0.008937392985424317,-0.008810057019595426,-0.15234375,0.4609375,9.6484375
87,611000000,imu1_frame,nan,nan,nan,nan,-0.012205357047412609,0.006984267985424317,-0.012716307019595426,-0.15234375,0.4609375,9.6484375
87,631000000,imu1_frame,nan,nan,nan,nan,-0.008299107047412609,0.010890517985424317,-0.010763182019595426,-0.15234375,0.4609375,9.6484375
87,651000000,imu1_frame,nan,nan,nan,nan,-0.008299107047412609,-0.0008282320145756826,-0.008810057019595426,-0.15234375,0.4609375,9.6484375
87,671000000,imu1_frame,nan,nan,nan,nan,-0.012205357047412609,0.0011248929854243174,-0.010763182019595426,-0.15234375,0.4609375,9.6484375
87,691000000,imu1_frame,nan,nan,nan,nan,-0.0024397320474126086,0.006984267985424317,-0.008810057019595426,-0.15234375,0.4609375,9.6484375
87,711000000,imu1_frame,nan,nan,nan,nan,-0.006345982047412609,0.010890517985424317,-0.006856932019595426,-0.15234375,0.4609375,9.6484375
87,731000000,imu1_frame,nan,nan,nan,nan,-0.006345982047412609,0.010890517985424317,-0.006856932019595426,-0.11328125,0.4609375,9.6484375
87,751000000,imu1_frame,nan,nan,nan,nan,-0.014158482047412609,0.0030780179854243174,-0.008810057019595426,-0.11328125,0.4609375,9.6484375
87,771000000,imu1_frame,nan,nan,nan,nan,-0.014158482047412609,0.010890517985424317,-0.006856932019595426,-0.11328125,0.4609375,9.6484375
87,791000000,imu1_frame,nan,nan,nan,nan,-0.014158482047412609,0.022609267985424317,-0.010763182019595426,-0.11328125,0.4609375,9.6484375
87,811000000,imu1_frame,nan,nan,nan,nan,-0.014158482047412609,0.022609267985424317,-0.010763182019595426,-0.11328125,0.4609375,9.6484375
87,831000000,imu1_frame,nan,nan,nan,nan,-0.008299107047412609,0.010890517985424317,-0.008810057019595426,-0.11328125,0.4609375,9.6484375
87,851000000,imu1_frame,nan,nan,nan,nan,-0.008299107047412609,0.010890517985424317,-0.008810057019595426,-0.11328125,0.4609375,9.6484375
87,871000000,imu1_frame,nan,nan,nan,nan,-0.014158482047412609,0.014796767985424317,-0.008810057019595426,-0.11328125,0.4609375,9.6484375
87,891000000,imu1_frame,nan,nan,nan,nan,-0.014158482047412609,0.014796767985424317,-0.008810057019595426,-0.15234375,0.4609375,9.6484375
87,911000000,imu1_frame,nan,nan,nan,nan,-0.014158482047412609,0.006984267985424317,-0.008810057019595426,-0.15234375,0.4609375,9.6484375
87,931000000,imu1_frame,nan,nan,nan,nan,-0.01611160704741261,0.008937392985424317,-0.012716307019595426,-0.15234375,0.4609375,9.6484375
87,951000000,imu1_frame,nan,nan,nan,nan,-0.008299107047412609,0.006984267985424317,-0.008810057019595426,-0.15234375,0.4609375,9.6484375
87,971000000,imu1_frame,nan,nan,nan,nan,-0.014158482047412609,0.005031142985424317,-0.012716307019595426,-0.15234375,0.4609375,9.6484375
87,991000000,imu1_frame,nan,nan,nan,nan,-0.014158482047412609,-0.004734482014575683,-0.006856932019595426,-0.15234375,0.4609375,9.6484375
88,11000000,imu1_frame,nan,nan,nan,nan,-0.014158482047412609,-0.0008282320145756826,-0.010763182019595426,-0.15234375,0.4609375,9.6484375
88,31000000,imu1_frame,nan,nan,nan,nan,-0.01611160704741261,0.0011248929854243174,-0.010763182019595426,-0.15234375,0.4609375,9.6484375
88,51000000,imu1_frame,nan,nan,nan,nan,-0.01806473204741261,-0.008640732014575683,-0.010763182019595426,-0.15234375,0.4609375,9.6484375
88,71000000,imu1_frame,nan,nan,nan,nan,-0.02001785704741261,-0.004734482014575683,-0.012716307019595426,-0.15234375,0.4609375,9.6484375
88,91000000,imu1_frame,nan,nan,nan,nan,-0.01806473204741261,-0.010593857014575683,-0.010763182019595426,-0.15234375,0.4609375,9.6484375
88,111000000,imu1_frame,nan,nan,nan,nan,-0.01806473204741261,-0.010593857014575683,-0.010763182019595426,-0.15234375,0.4609375,9.6484375
88,131000000,imu1_frame,nan,nan,nan,nan,-0.01806473204741261,-0.0008282320145756826,-0.010763182019595426,-0.15234375,0.4609375,9.6484375
88,151000000,imu1_frame,nan,nan,nan,nan,-0.02001785704741261,-0.004734482014575683,-0.006856932019595426,-0.15234375,0.4609375,9.6484375
88,171000000,imu1_frame,nan,nan,nan,nan,-0.01611160704741261,0.0011248929854243174,-0.008810057019595426,-0.15234375,0.4609375,9.6484375
88,191000000,imu1_frame,nan,nan,nan,nan,-0.01611160704741261,0.0011248929854243174,-0.008810057019595426,-0.11328125,0.4609375,9.6484375
88,211000000,imu1_frame,nan,nan,nan,nan,-0.014158482047412609,0.005031142985424317,-0.008810057019595426,-0.11328125,0.4609375,9.6484375
88,231000000,imu1_frame,nan,nan,nan,nan,-0.014158482047412609,0.0030780179854243174,-0.010763182019595426,-0.11328125,0.4609375,9.6484375
88,251000000,imu1_frame,nan,nan,nan,nan,-0.01806473204741261,-0.0008282320145756826,-0.008810057019595426,-0.11328125,0.4609375,9.6484375
88,271000000,imu1_frame,nan,nan,nan,nan,-0.01806473204741261,0.0030780179854243174,-0.008810057019595426,-0.11328125,0.4609375,9.6484375
88,291000000,imu1_frame,nan,nan,nan,nan,-0.014158482047412609,0.008937392985424317,-0.010763182019595426,-0.11328125,0.4609375,9.6484375
88,311000000,imu1_frame,nan,nan,nan,nan,-0.01611160704741261,0.0011248929854243174,-0.008810057019595426,-0.11328125,0.4609375,9.6484375
88,331000000,imu1_frame,nan,nan,nan,nan,-0.01611160704741261,0.0011248929854243174,-0.012716307019595426,-0.11328125,0.4609375,9.6484375
88,351000000,imu1_frame,nan,nan,nan,nan,-0.01806473204741261,0.0011248929854243174,-0.016622557019595426,-0.11328125,0.4609375,9.6484375
88,371000000,imu1_frame,nan,nan,nan,nan,-0.014158482047412609,0.0030780179854243174,-0.012716307019595426,-0.11328125,0.4609375,9.6484375
88,391000000,imu1_frame,nan,nan,nan,nan,-0.01806473204741261,0.0011248929854243174,-0.010763182019595426,-0.11328125,0.4609375,9.6484375
88,411000000,imu1_frame,nan,nan,nan,nan,-0.01611160704741261,0.0011248929854243174,-0.008810057019595426,-0.11328125,0.4609375,9.6484375
88,431000000,imu1_frame,nan,nan,nan,nan,-0.01611160704741261,0.005031142985424317,-0.010763182019595426,-0.11328125,0.4609375,9.6484375
88,451000000,imu1_frame,nan,nan,nan,nan,-0.012205357047412609,0.016749892985424317,-0.008810057019595426,-0.11328125,0.4609375,9.6484375
88,471000000,imu1_frame,nan,nan,nan,nan,-0.014158482047412609,0.005031142985424317,-0.008810057019595426,-0.11328125,0.4609375,9.6484375
88,491000000,imu1_frame,nan,nan,nan,nan,-0.014158482047412609,0.005031142985424317,-0.008810057019595426,-0.15234375,0.4609375,9.6484375
88,511000000,imu1_frame,nan,nan,nan,nan,-0.008299107047412609,0.008937392985424317,-0.012716307019595426,-0.15234375,0.4609375,9.6484375
88,531000000,imu1_frame,nan,nan,nan,nan,-0.012205357047412609,0.014796767985424317,-0.010763182019595426,-0.15234375,0.4609375,9.6484375
88,551000000,imu1_frame,nan,nan,nan,nan,-0.012205357047412609,0.006984267985424317,-0.010763182019595426,-0.15234375,0.4609375,9.6484375
88,571000000,imu1_frame,nan,nan,nan,nan,-0.012205357047412609,0.006984267985424317,-0.010763182019595426,-0.11328125,0.4609375,9.69140625
88,591000000,imu1_frame,nan,nan,nan,nan,-0.01806473204741261,-0.0027813570145756826,-0.012716307019595426,-0.11328125,0.4609375,9.69140625
88,611000000,imu1_frame,nan,nan,nan,nan,-0.01611160704741261,0.0030780179854243174,-0.012716307019595426,-0.11328125,0.4609375,9.69140625
88,631000000,imu1_frame,nan,nan,nan,nan,-0.014158482047412609,0.005031142985424317,-0.008810057019595426,-0.11328125,0.4609375,9.69140625
88,651000000,imu1_frame,nan,nan,nan,nan,-0.01611160704741261,0.005031142985424317,-0.012716307019595426,-0.11328125,0.4609375,9.69140625
88,671000000,imu1_frame,nan,nan,nan,nan,-0.014158482047412609,0.008937392985424317,-0.012716307019595426,-0.11328125,0.4609375,9.69140625
88,691000000,imu1_frame,nan,nan,nan,nan,-0.02197098204741261,-0.012546982014575683,-0.018575682019595426,-0.11328125,0.4609375,9.69140625
88,711000000,imu1_frame,nan,nan,nan,nan,-0.02197098204741261,-0.0027813570145756826,-0.014669432019595426,-0.11328125,0.4609375,9.69140625
88,731000000,imu1_frame,nan,nan,nan,nan,-0.02197098204741261,0.0030780179854243174,-0.022481932019595426,-0.11328125,0.4609375,9.69140625
88,751000000,imu1_frame,nan,nan,nan,nan,-0.02001785704741261,-0.0008282320145756826,-0.020528807019595426,-0.11328125,0.4609375,9.69140625
88,771000000,imu1_frame,nan,nan,nan,nan,-0.02197098204741261,0.012843642985424317,-0.014669432019595426,-0.11328125,0.4609375,9.69140625
88,791000000,imu1_frame,nan,nan,nan,nan,-0.02001785704741261,0.005031142985424317,-0.020528807019595426,-0.11328125,0.4609375,9.69140625
88,811000000,imu1_frame,nan,nan,nan,nan,-0.02587723204741261,0.005031142985424317,-0.024435057019595426,-0.11328125,0.4609375,9.69140625
88,831000000,imu1_frame,nan,nan,nan,nan,-0.02392410704741261,-0.0008282320145756826,-0.026388182019595426,-0.11328125,0.4609375,9.69140625
88,851000000,imu1_frame,nan,nan,nan,nan,-0.02392410704741261,-0.006687607014575683,-0.034200682019595426,-0.11328125,0.4609375,9.69140625
88,871000000,imu1_frame,nan,nan,nan,nan,-0.02392410704741261,-0.006687607014575683,-0.034200682019595426,-0.11328125,0.421875,9.65234375
88,891000000,imu1_frame,nan,nan,nan,nan,-0.02197098204741261,0.0011248929854243174,-0.047872557019595426,-0.11328125,0.421875,9.65234375
88,911000000,imu1_frame,nan,nan,nan,nan,-0.02197098204741261,-0.0008282320145756826,-0.047872557019595426,-0.11328125,0.421875,9.65234375
88,931000000,imu1_frame,nan,nan,nan,nan,-0.01806473204741261,0.0011248929854243174,-0.038106932019595426,-0.11328125,0.421875,9.65234375
88,951000000,imu1_frame,nan,nan,nan,nan,-0.01806473204741261,0.0011248929854243174,-0.038106932019595426,-0.11328125,0.421875,9.65234375
88,971000000,imu1_frame,nan,nan,nan,nan,-0.01806473204741261,-0.004734482014575683,-0.024435057019595426,-0.11328125,0.421875,9.65234375
88,991000000,imu1_frame,nan,nan,nan,nan,-0.01806473204741261,-0.008640732014575683,-0.022481932019595426,-0.11328125,0.421875,9.65234375
89,11000000,imu1_frame,nan,nan,nan,nan,-0.01611160704741261,-0.010593857014575683,-0.018575682019595426,-0.11328125,0.421875,9.65234375
89,31000000,imu1_frame,nan,nan,nan,nan,-0.008299107047412609,-0.0027813570145756826,-0.014669432019595426,-0.11328125,0.421875,9.65234375
89,51000000,imu1_frame,nan,nan,nan,nan,-0.014158482047412609,-0.047703232014575686,-0.020528807019595426,-0.11328125,0.421875,9.65234375
89,71000000,imu1_frame,nan,nan,nan,nan,-0.014158482047412609,-0.0027813570145756826,-0.018575682019595426,-0.11328125,0.421875,9.65234375
89,91000000,imu1_frame,nan,nan,nan,nan,-0.006345982047412609,0.0011248929854243174,-0.008810057019595426,-0.11328125,0.421875,9.65234375
89,111000000,imu1_frame,nan,nan,nan,nan,-0.004392857047412609,-0.008640732014575683,-0.008810057019595426,-0.11328125,0.421875,9.65234375
89,131000000,imu1_frame,nan,nan,nan,nan,-0.008299107047412609,0.0030780179854243174,-0.006856932019595426,-0.11328125,0.421875,9.65234375
89,151000000,imu1_frame,nan,nan,nan,nan,-0.008299107047412609,0.0030780179854243174,-0.006856932019595426,-0.11328125,0.421875,9.65234375
89,171000000,imu1_frame,nan,nan,nan,nan,-0.012205357047412609,0.012843642985424317,-0.010763182019595426,-0.11328125,0.421875,9.65234375
89,191000000,imu1_frame,nan,nan,nan,nan,-0.004392857047412609,0.012843642985424317,-0.004903807019595426,-0.11328125,0.421875,9.65234375
89,211000000,imu1_frame,nan,nan,nan,nan,-0.008299107047412609,0.008937392985424317,-0.006856932019595426,-0.11328125,0.421875,9.65234375
89,231000000,imu1_frame,nan,nan,nan,nan,-0.006345982047412609,0.016749892985424317,-0.0029506820195954256,-0.11328125,0.421875,9.65234375
89,251000000,imu1_frame,nan,nan,nan,nan,-0.008299107047412609,0.006984267985424317,-0.0029506820195954256,-0.11328125,0.421875,9.65234375
89,271000000,imu1_frame,nan,nan,nan,nan,-0.012205357047412609,0.0030780179854243174,-0.004903807019595426,-0.11328125,0.421875,9.65234375
89,291000000,imu1_frame,nan,nan,nan,nan,-0.006345982047412609,0.018703017985424317,-0.0029506820195954256,-0.11328125,0.421875,9.65234375
89,311000000,imu1_frame,nan,nan,nan,nan,-0.008299107047412609,0.012843642985424317,-0.0029506820195954256,-0.11328125,0.421875,9.65234375
89,331000000,imu1_frame,nan,nan,nan,nan,-0.012205357047412609,0.010890517985424317,-0.006856932019595426,-0.11328125,0.421875,9.65234375
89,351000000,imu1_frame,nan,nan,nan,nan,-0.012205357047412609,0.010890517985424317,-0.010763182019595426,-0.11328125,0.421875,9.65234375
89,371000000,imu1_frame,nan,nan,nan,nan,-0.006345982047412609,0.026515517985424317,0.0009555679804045744,-0.11328125,0.421875,9.65234375
89,391000000,imu1_frame,nan,nan,nan,nan,-0.006345982047412609,0.022609267985424317,-0.004903807019595426,-0.11328125,0.421875,9.65234375
89,411000000,imu1_frame,nan,nan,nan,nan,-0.014158482047412609,0.005031142985424317,-0.006856932019595426,-0.11328125,0.421875,9.65234375
89,431000000,imu1_frame,nan,nan,nan,nan,-0.014158482047412609,0.005031142985424317,-0.004903807019595426,-0.11328125,0.421875,9.65234375
89,451000000,imu1_frame,nan,nan,nan,nan,-0.01611160704741261,0.0030780179854243174,-0.004903807019595426,-0.11328125,0.421875,9.65234375
89,471000000,imu1_frame,nan,nan,nan,nan,-0.01806473204741261,-0.0008282320145756826,-0.008810057019595426,-0.11328125,0.421875,9.65234375
89,491000000,imu1_frame,nan,nan,nan,nan,-0.01611160704741261,-0.010593857014575683,-0.008810057019595426,-0.11328125,0.421875,9.65234375
89,511000000,imu1_frame,nan,nan,nan,nan,-0.01611160704741261,-0.006687607014575683,-0.006856932019595426,-0.11328125,0.421875,9.65234375
89,531000000,imu1_frame,nan,nan,nan,nan,-0.014158482047412609,0.008937392985424317,-0.008810057019595426,-0.11328125,0.421875,9.65234375
89,551000000,imu1_frame,nan,nan,nan,nan,-0.01611160704741261,0.0011248929854243174,-0.0029506820195954256,-0.11328125,0.421875,9.65234375
89,571000000,imu1_frame,nan,nan,nan,nan,-0.02197098204741261,-0.010593857014575683,-0.008810057019595426,-0.11328125,0.421875,9.65234375
89,591000000,imu1_frame,nan,nan,nan,nan,-0.02197098204741261,-0.016453232014575683,-0.0029506820195954256,-0.11328125,0.421875,9.65234375
89,611000000,imu1_frame,nan,nan,nan,nan,-0.02197098204741261,-0.010593857014575683,-0.008810057019595426,-0.11328125,0.421875,9.65234375
89,631000000,imu1_frame,nan,nan,nan,nan,-0.01806473204741261,-0.014500107014575683,-0.010763182019595426,-0.11328125,0.421875,9.65234375
89,651000000,imu1_frame,nan,nan,nan,nan,-0.01806473204741261,-0.008640732014575683,-0.010763182019595426,-0.11328125,0.421875,9.65234375
89,671000000,imu1_frame,nan,nan,nan,nan,-0.02001785704741261,-0.0027813570145756826,-0.010763182019595426,-0.11328125,0.421875,9.65234375
89,691000000,imu1_frame,nan,nan,nan,nan,-0.01806473204741261,-0.012546982014575683,-0.010763182019595426,-0.11328125,0.421875,9.65234375
89,711000000,imu1_frame,nan,nan,nan,nan,-0.01611160704741261,-0.004734482014575683,-0.008810057019595426,-0.11328125,0.421875,9.65234375
89,731000000,imu1_frame,nan,nan,nan,nan,-0.01806473204741261,-0.004734482014575683,0.0009555679804045744,-0.11328125,0.421875,9.65234375
89,751000000,imu1_frame,nan,nan,nan,nan,-0.02001785704741261,-0.006687607014575683,-0.010763182019595426,-0.11328125,0.421875,9.65234375
89,771000000,imu1_frame,nan,nan,nan,nan,-0.01806473204741261,-0.004734482014575683,-0.012716307019595426,-0.11328125,0.421875,9.65234375
89,791000000,imu1_frame,nan,nan,nan,nan,-0.02001785704741261,-0.008640732014575683,-0.006856932019595426,-0.11328125,0.421875,9.65234375
89,811000000,imu1_frame,nan,nan,nan,nan,-0.02001785704741261,-0.010593857014575683,-0.008810057019595426,-0.11328125,0.421875,9.65234375
89,831000000,imu1_frame,nan,nan,nan,nan,-0.01806473204741261,0.0011248929854243174,-0.012716307019595426,-0.11328125,0.421875,9.65234375
89,851000000,imu1_frame,nan,nan,nan,nan,-0.01806473204741261,0.0011248929854243174,-0.010763182019595426,-0.11328125,0.421875,9.65234375
89,871000000,imu1_frame,nan,nan,nan,nan,-0.01806473204741261,0.0011248929854243174,-0.012716307019595426,-0.11328125,0.421875,9.65234375
89,891000000,imu1_frame,nan,nan,nan,nan,-0.014158482047412609,0.0011248929854243174,-0.008810057019595426,-0.11328125,0.421875,9.65234375
89,911000000,imu1_frame,nan,nan,nan,nan,-0.012205357047412609,0.010890517985424317,-0.008810057019595426,-0.11328125,0.421875,9.65234375
89,931000000,imu1_frame,nan,nan,nan,nan,-0.010252232047412609,0.005031142985424317,-0.008810057019595426,-0.11328125,0.421875,9.65234375
89,951000000,imu1_frame,nan,nan,nan,nan,-0.01611160704741261,0.006984267985424317,-0.010763182019595426,-0.11328125,0.421875,9.65234375
89,971000000,imu1_frame,nan,nan,nan,nan,-0.014158482047412609,0.008937392985424317,-0.010763182019595426,-0.11328125,0.421875,9.65234375
89,991000000,imu1_frame,nan,nan,nan,nan,-0.012205357047412609,0.012843642985424317,-0.010763182019595426,-0.11328125,0.421875,9.65234375
90,11000000,imu1_frame,nan,nan,nan,nan,-0.01611160704741261,0.006984267985424317,-0.006856932019595426,-0.11328125,0.421875,9.65234375
90,31000000,imu1_frame,nan,nan,nan,nan,-0.012205357047412609,0.012843642985424317,-0.006856932019595426,-0.11328125,0.421875,9.65234375
90,51000000,imu1_frame,nan,nan,nan,nan,-0.008299107047412609,0.014796767985424317,-0.010763182019595426,-0.11328125,0.421875,9.65234375
90,71000000,imu1_frame,nan,nan,nan,nan,-0.010252232047412609,0.012843642985424317,-0.010763182019595426,-0.11328125,0.421875,9.65234375
90,91000000,imu1_frame,nan,nan,nan,nan,-0.012205357047412609,0.008937392985424317,-0.006856932019595426,-0.11328125,0.421875,9.65234375
90,111000000,imu1_frame,nan,nan,nan,nan,-0.012205357047412609,0.014796767985424317,-0.006856932019595426,-0.11328125,0.421875,9.65234375
90,131000000,imu1_frame,nan,nan,nan,nan,-0.008299107047412609,0.014796767985424317,-0.006856932019595426,-0.11328125,0.421875,9.65234375
90,151000000,imu1_frame,nan,nan,nan,nan,-0.010252232047412609,0.010890517985424317,-0.008810057019595426,-0.11328125,0.421875,9.65234375
90,171000000,imu1_frame,nan,nan,nan,nan,-0.010252232047412609,0.012843642985424317,-0.008810057019595426,-0.11328125,0.421875,9.65234375
90,191000000,imu1_frame,nan,nan,nan,nan,-0.014158482047412609,0.012843642985424317,-0.006856932019595426,-0.11328125,0.421875,9.65234375
90,211000000,imu1_frame,nan,nan,nan,nan,-0.012205357047412609,0.008937392985424317,-0.006856932019595426,-0.11328125,0.421875,9.65234375
90,231000000,imu1_frame,nan,nan,nan,nan,-0.012205357047412609,0.0011248929854243174,-0.008810057019595426,-0.11328125,0.421875,9.65234375
90,251000000,imu1_frame,nan,nan,nan,nan,-0.014158482047412609,0.008937392985424317,-0.006856932019595426,-0.11328125,0.421875,9.65234375
90,271000000,imu1_frame,nan,nan,nan,nan,-0.008299107047412609,0.005031142985424317,-0.0029506820195954256,-0.11328125,0.421875,9.65234375
90,291000000,imu1_frame,nan,nan,nan,nan,-0.01806473204741261,0.0011248929854243174,-0.008810057019595426,-0.11328125,0.421875,9.65234375
90,311000000,imu1_frame,nan,nan,nan,nan,-0.01611160704741261,-0.0008282320145756826,-0.008810057019595426,-0.11328125,0.421875,9.65234375
90,331000000,imu1_frame,nan,nan,nan,nan,-0.014158482047412609,0.0011248929854243174,-0.008810057019595426,-0.11328125,0.421875,9.65234375
90,351000000,imu1_frame,nan,nan,nan,nan,-0.01611160704741261,-0.0027813570145756826,-0.006856932019595426,-0.11328125,0.421875,9.65234375
90,371000000,imu1_frame,nan,nan,nan,nan,-0.012205357047412609,0.0011248929854243174,-0.008810057019595426,-0.11328125,0.421875,9.65234375
90,391000000,imu1_frame,nan,nan,nan,nan,-0.012205357047412609,0.0011248929854243174,-0.008810057019595426,-0.11328125,0.421875,9.65234375
90,411000000,imu1_frame,nan,nan,nan,nan,-0.02001785704741261,0.0011248929854243174,-0.006856932019595426,-0.11328125,0.421875,9.65234375
90,431000000,imu1_frame,nan,nan,nan,nan,-0.014158482047412609,0.005031142985424317,-0.006856932019595426,-0.11328125,0.421875,9.65234375
90,451000000,imu1_frame,nan,nan,nan,nan,-0.01611160704741261,0.0030780179854243174,-0.0029506820195954256,-0.11328125,0.421875,9.65234375
90,471000000,imu1_frame,nan,nan,nan,nan,-0.01806473204741261,-0.006687607014575683,-0.004903807019595426,-0.11328125,0.421875,9.65234375
90,491000000,imu1_frame,nan,nan,nan,nan,-0.01806473204741261,-0.004734482014575683,-0.004903807019595426,-0.11328125,0.421875,9.65234375
90,511000000,imu1_frame,nan,nan,nan,nan,-0.012205357047412609,0.0030780179854243174,-0.008810057019595426,-0.11328125,0.421875,9.65234375
90,531000000,imu1_frame,nan,nan,nan,nan,-0.008299107047412609,0.018703017985424317,-0.006856932019595426,-0.11328125,0.421875,9.65234375
90,551000000,imu1_frame,nan,nan,nan,nan,-0.014158482047412609,0.0011248929854243174,-0.012716307019595426,-0.11328125,0.421875,9.65234375
90,571000000,imu1_frame,nan,nan,nan,nan,-0.01611160704741261,-0.004734482014575683,-0.008810057019595426,-0.11328125,0.421875,9.65234375
90,591000000,imu1_frame,nan,nan,nan,nan,-0.012205357047412609,0.0030780179854243174,-0.006856932019595426,-0.11328125,0.421875,9.65234375
90,611000000,imu1_frame,nan,nan,nan,nan,-0.014158482047412609,0.0030780179854243174,-0.008810057019595426,-0.11328125,0.421875,9.65234375
90,631000000,imu1_frame,nan,nan,nan,nan,-0.014158482047412609,0.0011248929854243174,-0.004903807019595426,-0.11328125,0.421875,9.65234375
90,651000000,imu1_frame,nan,nan,nan,nan,-0.01806473204741261,-0.0008282320145756826,-0.010763182019595426,-0.11328125,0.421875,9.65234375
90,671000000,imu1_frame,nan,nan,nan,nan,-0.01611160704741261,-0.0008282320145756826,-0.012716307019595426,-0.11328125,0.421875,9.65234375
90,691000000,imu1_frame,nan,nan,nan,nan,-0.01611160704741261,-0.0008282320145756826,-0.010763182019595426,-0.11328125,0.421875,9.65234375
90,711000000,imu1_frame,nan,nan,nan,nan,-0.012205357047412609,0.008937392985424317,-0.008810057019595426,-0.11328125,0.421875,9.65234375
90,731000000,imu1_frame,nan,nan,nan,nan,-0.014158482047412609,0.005031142985424317,-0.006856932019595426,-0.11328125,0.421875,9.65234375
90,751000000,imu1_frame,nan,nan,nan,nan,-0.014158482047412609,0.0011248929854243174,-0.006856932019595426,-0.11328125,0.421875,9.65234375
90,771000000,imu1_frame,nan,nan,nan,nan,-0.01611160704741261,0.005031142985424317,-0.006856932019595426,-0.11328125,0.421875,9.65234375
90,791000000,imu1_frame,nan,nan,nan,nan,-0.01611160704741261,0.005031142985424317,-0.008810057019595426,-0.11328125,0.421875,9.65234375
90,811000000,imu1_frame,nan,nan,nan,nan,-0.01611160704741261,0.0030780179854243174,-0.006856932019595426,-0.11328125,0.421875,9.65234375
90,831000000,imu1_frame,nan,nan,nan,nan,-0.01806473204741261,-0.0027813570145756826,-0.010763182019595426,-0.11328125,0.421875,9.65234375
90,851000000,imu1_frame,nan,nan,nan,nan,-0.012205357047412609,0.008937392985424317,-0.008810057019595426,-0.11328125,0.421875,9.65234375
90,871000000,imu1_frame,nan,nan,nan,nan,-0.01806473204741261,0.0030780179854243174,-0.008810057019595426,-0.11328125,0.421875,9.65234375
90,891000000,imu1_frame,nan,nan,nan,nan,-0.014158482047412609,0.005031142985424317,-0.008810057019595426,-0.11328125,0.421875,9.65234375
90,911000000,imu1_frame,nan,nan,nan,nan,-0.014158482047412609,0.0030780179854243174,-0.006856932019595426,-0.11328125,0.421875,9.65234375
90,931000000,imu1_frame,nan,nan,nan,nan,-0.01611160704741261,-0.0008282320145756826,-0.006856932019595426,-0.11328125,0.421875,9.65234375
90,951000000,imu1_frame,nan,nan,nan,nan,-0.014158482047412609,0.006984267985424317,-0.010763182019595426,-0.11328125,0.421875,9.65234375
90,971000000,imu1_frame,nan,nan,nan,nan,-0.014158482047412609,0.006984267985424317,-0.010763182019595426,-0.11328125,0.421875,9.65234375
90,991000000,imu1_frame,nan,nan,nan,nan,-0.01806473204741261,-0.006687607014575683,-0.006856932019595426,-0.11328125,0.421875,9.65234375
91,11000000,imu1_frame,nan,nan,nan,nan,-0.014158482047412609,0.008937392985424317,-0.010763182019595426,-0.11328125,0.421875,9.65234375
91,31000000,imu1_frame,nan,nan,nan,nan,-0.012205357047412609,0.0011248929854243174,-0.012716307019595426,-0.11328125,0.421875,9.65234375
91,51000000,imu1_frame,nan,nan,nan,nan,-0.012205357047412609,0.0030780179854243174,-0.008810057019595426,-0.11328125,0.421875,9.65234375
91,71000000,imu1_frame,nan,nan,nan,nan,-0.012205357047412609,0.010890517985424317,-0.008810057019595426,-0.11328125,0.421875,9.65234375
91,91000000,imu1_frame,nan,nan,nan,nan,-0.01806473204741261,0.005031142985424317,-0.008810057019595426,-0.11328125,0.421875,9.65234375
91,111000000,imu1_frame,nan,nan,nan,nan,-0.014158482047412609,0.008937392985424317,-0.008810057019595426,-0.11328125,0.421875,9.65234375
91,131000000,imu1_frame,nan,nan,nan,nan,-0.01806473204741261,0.0030780179854243174,-0.010763182019595426,-0.11328125,0.421875,9.65234375
91,151000000,imu1_frame,nan,nan,nan,nan,-0.014158482047412609,0.008937392985424317,-0.008810057019595426,-0.11328125,0.421875,9.65234375
91,171000000,imu1_frame,nan,nan,nan,nan,-0.012205357047412609,0.012843642985424317,-0.010763182019595426,-0.11328125,0.421875,9.65234375
91,191000000,imu1_frame,nan,nan,nan,nan,-0.012205357047412609,0.005031142985424317,-0.006856932019595426,-0.11328125,0.421875,9.65234375
91,211000000,imu1_frame,nan,nan,nan,nan,-0.01611160704741261,0.006984267985424317,-0.008810057019595426,-0.11328125,0.421875,9.65234375
91,231000000,imu1_frame,nan,nan,nan,nan,-0.01611160704741261,0.008937392985424317,-0.010763182019595426,-0.11328125,0.421875,9.65234375
91,251000000,imu1_frame,nan,nan,nan,nan,-0.012205357047412609,0.010890517985424317,-0.010763182019595426,-0.11328125,0.421875,9.65234375
91,271000000,imu1_frame,nan,nan,nan,nan,-0.012205357047412609,0.008937392985424317,-0.006856932019595426,-0.11328125,0.421875,9.65234375
91,291000000,imu1_frame,nan,nan,nan,nan,-0.014158482047412609,0.005031142985424317,-0.006856932019595426,-0.11328125,0.421875,9.65234375
91,311000000,imu1_frame,nan,nan,nan,nan,-0.012205357047412609,0.010890517985424317,-0.010763182019595426,-0.11328125,0.421875,9.65234375
91,331000000,imu1_frame,nan,nan,nan,nan,-0.01611160704741261,0.005031142985424317,-0.008810057019595426,-0.11328125,0.421875,9.65234375
91,351000000,imu1_frame,nan,nan,nan,nan,-0.014158482047412609,0.006984267985424317,-0.010763182019595426,-0.11328125,0.421875,9.65234375
91,371000000,imu1_frame,nan,nan,nan,nan,-0.01611160704741261,0.0011248929854243174,-0.006856932019595426,-0.11328125,0.421875,9.65234375
91,391000000,imu1_frame,nan,nan,nan,nan,-0.012205357047412609,0.006984267985424317,-0.008810057019595426,-0.11328125,0.421875,9.65234375
91,411000000,imu1_frame,nan,nan,nan,nan,-0.012205357047412609,0.005031142985424317,-0.006856932019595426,-0.11328125,0.421875,9.65234375
91,431000000,imu1_frame,nan,nan,nan,nan,-0.010252232047412609,0.012843642985424317,-0.008810057019595426,-0.11328125,0.421875,9.65234375
91,451000000,imu1_frame,nan,nan,nan,nan,-0.012205357047412609,0.0030780179854243174,-0.008810057019595426,-0.11328125,0.421875,9.65234375
91,471000000,imu1_frame,nan,nan,nan,nan,-0.012205357047412609,-0.0008282320145756826,-0.010763182019595426,-0.11328125,0.421875,9.65234375
91,491000000,imu1_frame,nan,nan,nan,nan,-0.014158482047412609,0.0011248929854243174,-0.010763182019595426,-0.11328125,0.421875,9.65234375
91,511000000,imu1_frame,nan,nan,nan,nan,-0.014158482047412609,-0.0027813570145756826,-0.008810057019595426,-0.11328125,0.421875,9.65234375
91,531000000,imu1_frame,nan,nan,nan,nan,-0.01611160704741261,-0.0027813570145756826,-0.008810057019595426,-0.11328125,0.421875,9.65234375
91,551000000,imu1_frame,nan,nan,nan,nan,-0.01611160704741261,-0.0008282320145756826,-0.012716307019595426,-0.11328125,0.421875,9.65234375
91,571000000,imu1_frame,nan,nan,nan,nan,-0.012205357047412609,0.0011248929854243174,-0.004903807019595426,-0.11328125,0.421875,9.65234375
91,591000000,imu1_frame,nan,nan,nan,nan,-0.01611160704741261,0.005031142985424317,-0.008810057019595426,-0.11328125,0.421875,9.65234375
91,611000000,imu1_frame,nan,nan,nan,nan,-0.014158482047412609,0.0011248929854243174,-0.010763182019595426,-0.11328125,0.421875,9.65234375
91,631000000,imu1_frame,nan,nan,nan,nan,-0.014158482047412609,0.012843642985424317,-0.010763182019595426,-0.11328125,0.421875,9.65234375
91,651000000,imu1_frame,nan,nan,nan,nan,-0.012205357047412609,0.008937392985424317,-0.012716307019595426,-0.11328125,0.421875,9.65234375
91,671000000,imu1_frame,nan,nan,nan,nan,-0.012205357047412609,0.008937392985424317,-0.008810057019595426,-0.11328125,0.421875,9.65234375
91,691000000,imu1_frame,nan,nan,nan,nan,-0.006345982047412609,0.016749892985424317,-0.010763182019595426,-0.11328125,0.421875,9.65234375
91,711000000,imu1_frame,nan,nan,nan,nan,-0.008299107047412609,0.018703017985424317,-0.010763182019595426,-0.11328125,0.421875,9.65234375
91,731000000,imu1_frame,nan,nan,nan,nan,-0.014158482047412609,0.016749892985424317,-0.008810057019595426,-0.11328125,0.421875,9.65234375
91,751000000,imu1_frame,nan,nan,nan,nan,-0.010252232047412609,0.018703017985424317,-0.008810057019595426,-0.11328125,0.421875,9.65234375
91,771000000,imu1_frame,nan,nan,nan,nan,-0.006345982047412609,0.018703017985424317,-0.012716307019595426,-0.11328125,0.421875,9.65234375
91,791000000,imu1_frame,nan,nan,nan,nan,-0.014158482047412609,0.012843642985424317,-0.010763182019595426,-0.11328125,0.421875,9.65234375
91,811000000,imu1_frame,nan,nan,nan,nan,-0.012205357047412609,0.018703017985424317,-0.012716307019595426,-0.11328125,0.421875,9.65234375
91,831000000,imu1_frame,nan,nan,nan,nan,-0.008299107047412609,0.022609267985424317,-0.010763182019595426,-0.11328125,0.421875,9.65234375
91,851000000,imu1_frame,nan,nan,nan,nan,-0.008299107047412609,0.026515517985424317,-0.010763182019595426,-0.11328125,0.421875,9.65234375
91,871000000,imu1_frame,nan,nan,nan,nan,-0.008299107047412609,0.020656142985424317,-0.014669432019595426,-0.11328125,0.421875,9.65234375
91,891000000,imu1_frame,nan,nan,nan,nan,-0.012205357047412609,0.008937392985424317,-0.012716307019595426,-0.11328125,0.421875,9.65234375
91,911000000,imu1_frame,nan,nan,nan,nan,-0.008299107047412609,0.010890517985424317,-0.016622557019595426,-0.11328125,0.421875,9.65234375
91,931000000,imu1_frame,nan,nan,nan,nan,-0.012205357047412609,0.010890517985424317,-0.018575682019595426,-0.11328125,0.421875,9.65234375
91,951000000,imu1_frame,nan,nan,nan,nan,-0.01611160704741261,-0.004734482014575683,-0.012716307019595426,-0.11328125,0.421875,9.65234375
91,971000000,imu1_frame,nan,nan,nan,nan,-0.01611160704741261,0.0011248929854243174,-0.010763182019595426,-0.11328125,0.421875,9.65234375
91,991000000,imu1_frame,nan,nan,nan,nan,-0.014158482047412609,0.0030780179854243174,-0.014669432019595426,-0.11328125,0.421875,9.65234375
92,11000000,imu1_frame,nan,nan,nan,nan,-0.01611160704741261,-0.0027813570145756826,-0.014669432019595426,-0.11328125,0.421875,9.65234375
92,31000000,imu1_frame,nan,nan,nan,nan,-0.01611160704741261,-0.0027813570145756826,-0.014669432019595426,-0.11328125,0.421875,9.65234375
92,51000000,imu1_frame,nan,nan,nan,nan,-0.012205357047412609,0.005031142985424317,-0.012716307019595426,-0.11328125,0.421875,9.65234375
92,71000000,imu1_frame,nan,nan,nan,nan,-0.012205357047412609,0.010890517985424317,-0.012716307019595426,-0.11328125,0.421875,9.65234375
92,91000000,imu1_frame,nan,nan,nan,nan,-0.01611160704741261,0.0030780179854243174,-0.010763182019595426,-0.11328125,0.421875,9.65234375
92,111000000,imu1_frame,nan,nan,nan,nan,-0.012205357047412609,0.006984267985424317,-0.010763182019595426,-0.11328125,0.421875,9.65234375
92,131000000,imu1_frame,nan,nan,nan,nan,-0.010252232047412609,0.010890517985424317,-0.014669432019595426,-0.11328125,0.421875,9.65234375
92,151000000,imu1_frame,nan,nan,nan,nan,-0.014158482047412609,0.005031142985424317,-0.012716307019595426,-0.11328125,0.421875,9.65234375
92,171000000,imu1_frame,nan,nan,nan,nan,-0.012205357047412609,0.005031142985424317,-0.012716307019595426,-0.11328125,0.421875,9.65234375
92,191000000,imu1_frame,nan,nan,nan,nan,-0.014158482047412609,0.005031142985424317,-0.012716307019595426,-0.11328125,0.421875,9.65234375
92,211000000,imu1_frame,nan,nan,nan,nan,-0.014158482047412609,0.005031142985424317,-0.014669432019595426,-0.11328125,0.421875,9.65234375
92,231000000,imu1_frame,nan,nan,nan,nan,-0.014158482047412609,0.006984267985424317,-0.010763182019595426,-0.11328125,0.421875,9.65234375
92,251000000,imu1_frame,nan,nan,nan,nan,-0.012205357047412609,0.005031142985424317,-0.012716307019595426,-0.11328125,0.421875,9.65234375
92,271000000,imu1_frame,nan,nan,nan,nan,-0.02001785704741261,-0.0008282320145756826,-0.010763182019595426,-0.11328125,0.421875,9.65234375
92,291000000,imu1_frame,nan,nan,nan,nan,-0.02001785704741261,-0.0008282320145756826,-0.010763182019595426,-0.11328125,0.421875,9.65234375
92,311000000,imu1_frame,nan,nan,nan,nan,-0.014158482047412609,0.010890517985424317,-0.008810057019595426,-0.11328125,0.421875,9.65234375
92,331000000,imu1_frame,nan,nan,nan,nan,-0.01611160704741261,0.0030780179854243174,-0.008810057019595426,-0.11328125,0.421875,9.65234375
92,351000000,imu1_frame,nan,nan,nan,nan,-0.014158482047412609,0.0030780179854243174,-0.010763182019595426,-0.11328125,0.421875,9.65234375
92,371000000,imu1_frame,nan,nan,nan,nan,-0.014158482047412609,0.008937392985424317,-0.008810057019595426,-0.11328125,0.421875,9.65234375
92,391000000,imu1_frame,nan,nan,nan,nan,-0.01806473204741261,0.0030780179854243174,-0.012716307019595426,-0.11328125,0.421875,9.65234375
92,411000000,imu1_frame,nan,nan,nan,nan,-0.01611160704741261,0.012843642985424317,-0.008810057019595426,-0.11328125,0.421875,9.65234375
92,431000000,imu1_frame,nan,nan,nan,nan,-0.01611160704741261,0.0011248929854243174,-0.008810057019595426,-0.11328125,0.421875,9.65234375
92,451000000,imu1_frame,nan,nan,nan,nan,-0.01806473204741261,0.005031142985424317,-0.008810057019595426,-0.11328125,0.421875,9.65234375
92,471000000,imu1_frame,nan,nan,nan,nan,-0.014158482047412609,0.008937392985424317,-0.008810057019595426,-0.11328125,0.421875,9.65234375
92,491000000,imu1_frame,nan,nan,nan,nan,-0.01806473204741261,0.0011248929854243174,-0.006856932019595426,-0.11328125,0.421875,9.65234375
92,511000000,imu1_frame,nan,nan,nan,nan,-0.01611160704741261,0.0011248929854243174,-0.006856932019595426,-0.11328125,0.421875,9.65234375
92,531000000,imu1_frame,nan,nan,nan,nan,-0.01611160704741261,-0.0008282320145756826,-0.010763182019595426,-0.11328125,0.421875,9.65234375
92,551000000,imu1_frame,nan,nan,nan,nan,-0.01611160704741261,-0.0027813570145756826,-0.006856932019595426,-0.11328125,0.421875,9.65234375
92,571000000,imu1_frame,nan,nan,nan,nan,-0.01611160704741261,-0.008640732014575683,-0.008810057019595426,-0.11328125,0.421875,9.65234375
92,591000000,imu1_frame,nan,nan,nan,nan,-0.01611160704741261,-0.008640732014575683,-0.008810057019595426,-0.11328125,0.421875,9.65234375
92,611000000,imu1_frame,nan,nan,nan,nan,-0.02001785704741261,-0.008640732014575683,-0.006856932019595426,-0.11328125,0.421875,9.65234375
92,631000000,imu1_frame,nan,nan,nan,nan,-0.02001785704741261,-0.004734482014575683,-0.006856932019595426,-0.11328125,0.421875,9.65234375
92,651000000,imu1_frame,nan,nan,nan,nan,-0.02001785704741261,-0.010593857014575683,-0.006856932019595426,-0.11328125,0.421875,9.65234375
92,671000000,imu1_frame,nan,nan,nan,nan,-0.02001785704741261,-0.010593857014575683,-0.006856932019595426,-0.11328125,0.421875,9.65234375
92,691000000,imu1_frame,nan,nan,nan,nan,-0.02001785704741261,-0.010593857014575683,-0.006856932019595426,-0.11328125,0.421875,9.65234375
92,711000000,imu1_frame,nan,nan,nan,nan,-0.014158482047412609,0.008937392985424317,0.010721192980404574,-0.11328125,0.421875,9.65234375
92,731000000,imu1_frame,nan,nan,nan,nan,-0.010252232047412609,0.005031142985424317,-0.0009975570195954256,-0.11328125,0.421875,9.65234375
92,751000000,imu1_frame,nan,nan,nan,nan,-0.014158482047412609,0.006984267985424317,-0.006856932019595426,-0.11328125,0.421875,9.65234375
92,771000000,imu1_frame,nan,nan,nan,nan,-0.014158482047412609,0.006984267985424317,-0.006856932019595426,-0.11328125,0.421875,9.65234375
92,791000000,imu1_frame,nan,nan,nan,nan,-0.01611160704741261,0.0011248929854243174,-0.008810057019595426,-0.11328125,0.421875,9.65234375
92,811000000,imu1_frame,nan,nan,nan,nan,-0.010252232047412609,0.010890517985424317,-0.012716307019595426,-0.11328125,0.421875,9.65234375
92,831000000,imu1_frame,nan,nan,nan,nan,-0.010252232047412609,0.010890517985424317,-0.012716307019595426,-0.11328125,0.421875,9.65234375
92,851000000,imu1_frame,nan,nan,nan,nan,-0.010252232047412609,0.010890517985424317,-0.012716307019595426,-0.11328125,0.421875,9.65234375
92,871000000,imu1_frame,nan,nan,nan,nan,-0.010252232047412609,0.010890517985424317,-0.012716307019595426,-0.11328125,0.421875,9.65234375
92,891000000,imu1_frame,nan,nan,nan,nan,-0.01611160704741261,0.006984267985424317,-0.006856932019595426,-0.11328125,0.421875,9.65234375
92,911000000,imu1_frame,nan,nan,nan,nan,-0.014158482047412609,0.0011248929854243174,-0.008810057019595426,-0.11328125,0.421875,9.65234375
92,931000000,imu1_frame,nan,nan,nan,nan,-0.014158482047412609,0.0011248929854243174,-0.008810057019595426,-0.11328125,0.421875,9.65234375
92,951000000,imu1_frame,nan,nan,nan,nan,-0.014158482047412609,0.0011248929854243174,-0.008810057019595426,-0.11328125,0.421875,9.65234375
92,971000000,imu1_frame,nan,nan,nan,nan,-0.014158482047412609,0.0011248929854243174,-0.008810057019595426,-0.11328125,0.421875,9.65234375
92,991000000,imu1_frame,nan,nan,nan,nan,-0.014158482047412609,0.0011248929854243174,-0.008810057019595426,-0.11328125,0.421875,9.65234375
93,11000000,imu1_frame,nan,nan,nan,nan,-0.014158482047412609,0.0011248929854243174,-0.008810057019595426,-0.11328125,0.421875,9.65234375
93,31000000,imu1_frame,nan,nan,nan,nan,-0.014158482047412609,0.0011248929854243174,-0.008810057019595426,-0.11328125,0.421875,9.65234375
93,51000000,imu1_frame,nan,nan,nan,nan,-0.014158482047412609,0.0011248929854243174,-0.008810057019595426,-0.11328125,0.421875,9.65234375
93,71000000,imu1_frame,nan,nan,nan,nan,-0.014158482047412609,0.0011248929854243174,-0.008810057019595426,-0.11328125,0.421875,9.65234375
93,91000000,imu1_frame,nan,nan,nan,nan,-0.014158482047412609,0.0011248929854243174,-0.008810057019595426,-0.11328125,0.421875,9.65234375
93,111000000,imu1_frame,nan,nan,nan,nan,-0.014158482047412609,-0.0008282320145756826,-0.006856932019595426,-0.11328125,0.421875,9.65234375
93,131000000,imu1_frame,nan,nan,nan,nan,-0.01806473204741261,0.006984267985424317,-0.010763182019595426,-0.11328125,0.421875,9.65234375
93,151000000,imu1_frame,nan,nan,nan,nan,-0.01806473204741261,0.006984267985424317,-0.010763182019595426,-0.11328125,0.421875,9.65234375
93,171000000,imu1_frame,nan,nan,nan,nan,-0.01806473204741261,0.006984267985424317,-0.010763182019595426,-0.11328125,0.421875,9.65234375
93,191000000,imu1_frame,nan,nan,nan,nan,-0.01611160704741261,0.0011248929854243174,-0.006856932019595426,-0.11328125,0.421875,9.65234375
93,211000000,imu1_frame,nan,nan,nan,nan,-0.014158482047412609,0.005031142985424317,-0.008810057019595426,-0.11328125,0.421875,9.65234375
93,231000000,imu1_frame,nan,nan,nan,nan,-0.014158482047412609,0.005031142985424317,-0.008810057019595426,-0.11328125,0.421875,9.65234375
93,251000000,imu1_frame,nan,nan,nan,nan,-0.014158482047412609,0.005031142985424317,-0.008810057019595426,-0.11328125,0.421875,9.65234375
93,271000000,imu1_frame,nan,nan,nan,nan,-0.01806473204741261,-0.0008282320145756826,-0.010763182019595426,-0.11328125,0.421875,9.65234375
93,291000000,imu1_frame,nan,nan,nan,nan,-0.012205357047412609,0.0011248929854243174,-0.008810057019595426,-0.11328125,0.421875,9.65234375
93,311000000,imu1_frame,nan,nan,nan,nan,-0.012205357047412609,0.0011248929854243174,-0.008810057019595426,-0.11328125,0.421875,9.65234375
93,331000000,imu1_frame,nan,nan,nan,nan,-0.012205357047412609,0.0011248929854243174,-0.008810057019595426,-0.11328125,0.421875,9.65234375
93,351000000,imu1_frame,nan,nan,nan,nan,-0.012205357047412609,0.0011248929854243174,-0.008810057019595426,-0.11328125,0.421875,9.65234375
93,371000000,imu1_frame,nan,nan,nan,nan,-0.012205357047412609,0.0011248929854243174,-0.008810057019595426,-0.11328125,0.421875,9.65234375
93,391000000,imu1_frame,nan,nan,nan,nan,-0.012205357047412609,0.0011248929854243174,-0.008810057019595426,-0.11328125,0.421875,9.65234375
93,411000000,imu1_frame,nan,nan,nan,nan,-0.012205357047412609,0.0011248929854243174,-0.008810057019595426,-0.11328125,0.421875,9.65234375
93,431000000,imu1_frame,nan,nan,nan,nan,-0.012205357047412609,0.0011248929854243174,-0.008810057019595426,-0.11328125,0.421875,9.65234375
93,451000000,imu1_frame,nan,nan,nan,nan,-0.012205357047412609,0.0011248929854243174,-0.008810057019595426,-0.11328125,0.421875,9.65234375
93,471000000,imu1_frame,nan,nan,nan,nan,-0.012205357047412609,0.0011248929854243174,-0.008810057019595426,-0.11328125,0.421875,9.65234375
93,491000000,imu1_frame,nan,nan,nan,nan,-0.01806473204741261,-0.0027813570145756826,-0.012716307019595426,-0.11328125,0.421875,9.65234375
93,511000000,imu1_frame,nan,nan,nan,nan,-0.01611160704741261,-0.0008282320145756826,-0.006856932019595426,-0.11328125,0.421875,9.65234375
93,531000000,imu1_frame,nan,nan,nan,nan,-0.01611160704741261,-0.0008282320145756826,-0.006856932019595426,-0.11328125,0.421875,9.65234375
93,551000000,imu1_frame,nan,nan,nan,nan,-0.01611160704741261,-0.0008282320145756826,-0.006856932019595426,-0.11328125,0.421875,9.65234375
93,571000000,imu1_frame,nan,nan,nan,nan,-0.01806473204741261,-0.0008282320145756826,-0.012716307019595426,-0.11328125,0.421875,9.65234375
93,591000000,imu1_frame,nan,nan,nan,nan,-0.014158482047412609,0.0030780179854243174,-0.006856932019595426,-0.11328125,0.421875,9.65234375
93,611000000,imu1_frame,nan,nan,nan,nan,-0.014158482047412609,0.0030780179854243174,-0.006856932019595426,-0.11328125,0.421875,9.65234375
93,631000000,imu1_frame,nan,nan,nan,nan,-0.014158482047412609,0.0030780179854243174,-0.006856932019595426,-0.11328125,0.421875,9.65234375
93,651000000,imu1_frame,nan,nan,nan,nan,-0.01611160704741261,0.0011248929854243174,-0.008810057019595426,-0.11328125,0.421875,9.65234375
93,671000000,imu1_frame,nan,nan,nan,nan,-0.012205357047412609,0.005031142985424317,-0.010763182019595426,-0.11328125,0.421875,9.65234375
93,691000000,imu1_frame,nan,nan,nan,nan,-0.012205357047412609,0.005031142985424317,-0.010763182019595426,-0.11328125,0.421875,9.65234375
93,711000000,imu1_frame,nan,nan,nan,nan,-0.012205357047412609,0.005031142985424317,-0.010763182019595426,-0.11328125,0.421875,9.65234375
93,731000000,imu1_frame,nan,nan,nan,nan,-0.012205357047412609,0.005031142985424317,-0.010763182019595426,-0.11328125,0.421875,9.65234375
93,751000000,imu1_frame,nan,nan,nan,nan,-0.012205357047412609,0.005031142985424317,-0.010763182019595426,-0.11328125,0.421875,9.65234375
93,771000000,imu1_frame,nan,nan,nan,nan,-0.012205357047412609,0.005031142985424317,-0.010763182019595426,-0.11328125,0.421875,9.65234375
93,791000000,imu1_frame,nan,nan,nan,nan,-0.012205357047412609,0.005031142985424317,-0.010763182019595426,-0.11328125,0.421875,9.65234375
93,811000000,imu1_frame,nan,nan,nan,nan,-0.012205357047412609,0.005031142985424317,-0.010763182019595426,-0.11328125,0.421875,9.65234375
93,831000000,imu1_frame,nan,nan,nan,nan,-0.012205357047412609,0.005031142985424317,-0.010763182019595426,-0.11328125,0.421875,9.65234375
93,851000000,imu1_frame,nan,nan,nan,nan,-0.012205357047412609,0.005031142985424317,-0.010763182019595426,-0.11328125,0.421875,9.65234375
93,871000000,imu1_frame,nan,nan,nan,nan,-0.01806473204741261,0.0030780179854243174,-0.012716307019595426,-0.11328125,0.421875,9.65234375
93,891000000,imu1_frame,nan,nan,nan,nan,-0.01611160704741261,0.0011248929854243174,-0.008810057019595426,-0.11328125,0.421875,9.65234375
93,911000000,imu1_frame,nan,nan,nan,nan,-0.01611160704741261,0.0011248929854243174,-0.008810057019595426,-0.11328125,0.421875,9.65234375
93,931000000,imu1_frame,nan,nan,nan,nan,-0.01611160704741261,0.0011248929854243174,-0.008810057019595426,-0.11328125,0.421875,9.65234375
93,951000000,imu1_frame,nan,nan,nan,nan,-0.014158482047412609,0.008937392985424317,-0.010763182019595426,-0.11328125,0.421875,9.65234375
93,971000000,imu1_frame,nan,nan,nan,nan,-0.014158482047412609,0.008937392985424317,-0.010763182019595426,-0.11328125,0.421875,9.65234375
93,991000000,imu1_frame,nan,nan,nan,nan,-0.014158482047412609,0.008937392985424317,-0.010763182019595426,-0.11328125,0.421875,9.65234375
94,11000000,imu1_frame,nan,nan,nan,nan,-0.014158482047412609,0.008937392985424317,-0.010763182019595426,-0.11328125,0.421875,9.65234375
94,31000000,imu1_frame,nan,nan,nan,nan,-0.014158482047412609,0.008937392985424317,-0.010763182019595426,-0.11328125,0.421875,9.65234375
94,51000000,imu1_frame,nan,nan,nan,nan,-0.014158482047412609,0.008937392985424317,-0.010763182019595426,-0.11328125,0.421875,9.65234375
94,71000000,imu1_frame,nan,nan,nan,nan,-0.014158482047412609,0.008937392985424317,-0.010763182019595426,-0.11328125,0.421875,9.65234375
94,91000000,imu1_frame,nan,nan,nan,nan,-0.014158482047412609,0.008937392985424317,-0.010763182019595426,-0.11328125,0.421875,9.65234375
94,111000000,imu1_frame,nan,nan,nan,nan,-0.014158482047412609,0.008937392985424317,-0.010763182019595426,-0.11328125,0.421875,9.65234375
94,131000000,imu1_frame,nan,nan,nan,nan,-0.014158482047412609,0.008937392985424317,-0.010763182019595426,-0.11328125,0.421875,9.65234375
94,151000000,imu1_frame,nan,nan,nan,nan,-0.014158482047412609,0.008937392985424317,-0.010763182019595426,-0.11328125,0.421875,9.65234375
94,171000000,imu1_frame,nan,nan,nan,nan,-0.014158482047412609,0.008937392985424317,-0.010763182019595426,-0.11328125,0.421875,9.65234375
94,191000000,imu1_frame,nan,nan,nan,nan,-0.014158482047412609,0.008937392985424317,-0.010763182019595426,-0.11328125,0.421875,9.65234375
94,211000000,imu1_frame,nan,nan,nan,nan,-0.014158482047412609,0.008937392985424317,-0.010763182019595426,-0.078125,0.421875,9.65234375
94,231000000,imu1_frame,nan,nan,nan,nan,-0.014158482047412609,0.008937392985424317,-0.010763182019595426,-0.078125,0.421875,9.65234375
94,251000000,imu1_frame,nan,nan,nan,nan,-0.014158482047412609,0.008937392985424317,-0.010763182019595426,-0.078125,0.421875,9.65234375
94,271000000,imu1_frame,nan,nan,nan,nan,-0.014158482047412609,0.008937392985424317,-0.010763182019595426,-0.078125,0.421875,9.65234375
94,291000000,imu1_frame,nan,nan,nan,nan,-0.014158482047412609,0.008937392985424317,-0.010763182019595426,-0.078125,0.421875,9.65234375
94,311000000,imu1_frame,nan,nan,nan,nan,-0.014158482047412609,0.008937392985424317,-0.010763182019595426,-0.078125,0.421875,9.65234375
94,331000000,imu1_frame,nan,nan,nan,nan,-0.014158482047412609,0.008937392985424317,-0.010763182019595426,-0.078125,0.421875,9.65234375
94,351000000,imu1_frame,nan,nan,nan,nan,-0.014158482047412609,0.008937392985424317,-0.010763182019595426,-0.078125,0.421875,9.65234375
94,371000000,imu1_frame,nan,nan,nan,nan,-0.014158482047412609,0.008937392985424317,-0.010763182019595426,-0.078125,0.421875,9.65234375
94,391000000,imu1_frame,nan,nan,nan,nan,-0.014158482047412609,0.008937392985424317,-0.010763182019595426,-0.078125,0.421875,9.65234375
94,411000000,imu1_frame,nan,nan,nan,nan,-0.014158482047412609,0.008937392985424317,-0.010763182019595426,-0.078125,0.421875,9.65234375
94,431000000,imu1_frame,nan,nan,nan,nan,-0.014158482047412609,0.008937392985424317,-0.010763182019595426,-0.078125,0.421875,9.65234375
94,451000000,imu1_frame,nan,nan,nan,nan,-0.014158482047412609,0.008937392985424317,-0.010763182019595426,-0.078125,0.421875,9.65234375
94,471000000,imu1_frame,nan,nan,nan,nan,-0.014158482047412609,0.008937392985424317,-0.010763182019595426,-0.078125,0.421875,9.65234375
94,491000000,imu1_frame,nan,nan,nan,nan,-0.014158482047412609,0.008937392985424317,-0.010763182019595426,-0.078125,0.421875,9.65234375
94,511000000,imu1_frame,nan,nan,nan,nan,-0.014158482047412609,0.008937392985424317,-0.010763182019595426,-0.078125,0.421875,9.65234375
94,531000000,imu1_frame,nan,nan,nan,nan,-0.014158482047412609,0.008937392985424317,-0.010763182019595426,-0.078125,0.421875,9.65234375
94,551000000,imu1_frame,nan,nan,nan,nan,-0.014158482047412609,0.008937392985424317,-0.010763182019595426,-0.078125,0.421875,9.65234375
94,571000000,imu1_frame,nan,nan,nan,nan,-0.01611160704741261,0.005031142985424317,-0.008810057019595426,-0.078125,0.421875,9.65234375
94,591000000,imu1_frame,nan,nan,nan,nan,-0.01611160704741261,0.005031142985424317,-0.008810057019595426,-0.078125,0.421875,9.65234375
94,611000000,imu1_frame,nan,nan,nan,nan,-0.01611160704741261,0.005031142985424317,-0.008810057019595426,-0.078125,0.421875,9.65234375
94,631000000,imu1_frame,nan,nan,nan,nan,-0.01611160704741261,0.005031142985424317,-0.008810057019595426,-0.078125,0.421875,9.65234375
94,651000000,imu1_frame,nan,nan,nan,nan,-0.01611160704741261,0.005031142985424317,-0.008810057019595426,-0.078125,0.421875,9.65234375
94,671000000,imu1_frame,nan,nan,nan,nan,-0.01611160704741261,0.005031142985424317,-0.008810057019595426,-0.078125,0.421875,9.65234375
94,691000000,imu1_frame,nan,nan,nan,nan,-0.01611160704741261,0.005031142985424317,-0.008810057019595426,-0.11328125,0.421875,9.65234375
94,711000000,imu1_frame,nan,nan,nan,nan,-0.01611160704741261,0.005031142985424317,-0.008810057019595426,-0.11328125,0.421875,9.65234375
94,731000000,imu1_frame,nan,nan,nan,nan,-0.01611160704741261,0.005031142985424317,-0.008810057019595426,-0.11328125,0.421875,9.65234375
94,751000000,imu1_frame,nan,nan,nan,nan,-0.01611160704741261,0.005031142985424317,-0.008810057019595426,-0.078125,0.421875,9.65234375
94,771000000,imu1_frame,nan,nan,nan,nan,-0.01611160704741261,0.005031142985424317,-0.008810057019595426,-0.11328125,0.421875,9.65234375
94,791000000,imu1_frame,nan,nan,nan,nan,-0.01611160704741261,0.005031142985424317,-0.008810057019595426,-0.11328125,0.421875,9.65234375
94,811000000,imu1_frame,nan,nan,nan,nan,-0.01611160704741261,0.005031142985424317,-0.008810057019595426,-0.11328125,0.421875,9.65234375
94,831000000,imu1_frame,nan,nan,nan,nan,-0.01611160704741261,0.005031142985424317,-0.008810057019595426,-0.11328125,0.421875,9.65234375
94,851000000,imu1_frame,nan,nan,nan,nan,-0.01611160704741261,0.005031142985424317,-0.008810057019595426,-0.078125,0.421875,9.65234375
94,871000000,imu1_frame,nan,nan,nan,nan,-0.01611160704741261,0.005031142985424317,-0.008810057019595426,-0.078125,0.421875,9.65234375
94,891000000,imu1_frame,nan,nan,nan,nan,-0.01611160704741261,0.005031142985424317,-0.008810057019595426,-0.078125,0.421875,9.65234375
94,911000000,imu1_frame,nan,nan,nan,nan,-0.01611160704741261,0.005031142985424317,-0.008810057019595426,-0.078125,0.421875,9.65234375
94,931000000,imu1_frame,nan,nan,nan,nan,-0.01611160704741261,0.005031142985424317,-0.008810057019595426,-0.11328125,0.3828125,9.6484375
94,951000000,imu1_frame,nan,nan,nan,nan,-0.01611160704741261,0.005031142985424317,-0.008810057019595426,-0.11328125,0.3828125,9.6484375
94,971000000,imu1_frame,nan,nan,nan,nan,-0.01611160704741261,0.005031142985424317,-0.008810057019595426,-0.078125,0.421875,9.65234375
94,991000000,imu1_frame,nan,nan,nan,nan,-0.01611160704741261,0.005031142985424317,-0.008810057019595426,-0.078125,0.421875,9.65234375
95,11000000,imu1_frame,nan,nan,nan,nan,-0.01611160704741261,0.005031142985424317,-0.008810057019595426,-0.078125,0.421875,9.65234375
95,31000000,imu1_frame,nan,nan,nan,nan,-0.01611160704741261,0.005031142985424317,-0.008810057019595426,-0.078125,0.421875,9.65234375
95,51000000,imu1_frame,nan,nan,nan,nan,-0.01611160704741261,0.005031142985424317,-0.008810057019595426,-0.078125,0.421875,9.65234375
95,71000000,imu1_frame,nan,nan,nan,nan,-0.01611160704741261,0.005031142985424317,-0.008810057019595426,-0.078125,0.421875,9.65234375
95,91000000,imu1_frame,nan,nan,nan,nan,-0.01611160704741261,0.005031142985424317,-0.008810057019595426,-0.11328125,0.421875,9.6875
95,111000000,imu1_frame,nan,nan,nan,nan,-0.01611160704741261,0.005031142985424317,-0.008810057019595426,-0.078125,0.421875,9.65234375
95,131000000,imu1_frame,nan,nan,nan,nan,-0.01611160704741261,0.005031142985424317,-0.008810057019595426,-0.078125,0.421875,9.65234375
95,151000000,imu1_frame,nan,nan,nan,nan,-0.01611160704741261,0.005031142985424317,-0.008810057019595426,-0.078125,0.421875,9.65234375
95,171000000,imu1_frame,nan,nan,nan,nan,-0.01611160704741261,0.005031142985424317,-0.008810057019595426,-0.078125,0.421875,9.65234375
95,191000000,imu1_frame,nan,nan,nan,nan,-0.01611160704741261,0.005031142985424317,-0.008810057019595426,-0.078125,0.421875,9.65234375
95,211000000,imu1_frame,nan,nan,nan,nan,-0.01611160704741261,0.005031142985424317,-0.008810057019595426,-0.11328125,0.421875,9.65234375
95,231000000,imu1_frame,nan,nan,nan,nan,-0.01611160704741261,0.005031142985424317,-0.008810057019595426,-0.078125,0.421875,9.65234375
95,251000000,imu1_frame,nan,nan,nan,nan,-0.01611160704741261,0.005031142985424317,-0.008810057019595426,-0.078125,0.421875,9.65234375
95,271000000,imu1_frame,nan,nan,nan,nan,-0.01611160704741261,0.005031142985424317,-0.008810057019595426,-0.078125,0.421875,9.6875
95,291000000,imu1_frame,nan,nan,nan,nan,-0.01611160704741261,0.005031142985424317,-0.008810057019595426,-0.078125,0.421875,9.65234375
95,311000000,imu1_frame,nan,nan,nan,nan,-0.01611160704741261,0.005031142985424317,-0.008810057019595426,-0.078125,0.421875,9.65234375
95,331000000,imu1_frame,nan,nan,nan,nan,-0.01611160704741261,0.005031142985424317,-0.008810057019595426,-0.078125,0.421875,9.65234375
95,351000000,imu1_frame,nan,nan,nan,nan,-0.01611160704741261,0.005031142985424317,-0.008810057019595426,-0.11328125,0.421875,9.65234375
95,371000000,imu1_frame,nan,nan,nan,nan,-0.01611160704741261,0.005031142985424317,-0.008810057019595426,-0.078125,0.421875,9.65234375
95,391000000,imu1_frame,nan,nan,nan,nan,-0.01611160704741261,0.005031142985424317,-0.008810057019595426,-0.078125,0.421875,9.65234375
95,411000000,imu1_frame,nan,nan,nan,nan,-0.01611160704741261,0.005031142985424317,-0.008810057019595426,-0.078125,0.421875,9.65234375
95,431000000,imu1_frame,nan,nan,nan,nan,-0.01611160704741261,0.005031142985424317,-0.008810057019595426,-0.11328125,0.421875,9.65234375
95,451000000,imu1_frame,nan,nan,nan,nan,-0.01611160704741261,0.005031142985424317,-0.008810057019595426,-0.11328125,0.421875,9.65234375
95,471000000,imu1_frame,nan,nan,nan,nan,-0.01611160704741261,0.005031142985424317,-0.008810057019595426,-0.11328125,0.421875,9.6875
95,491000000,imu1_frame,nan,nan,nan,nan,-0.01611160704741261,0.005031142985424317,-0.008810057019595426,-0.078125,0.421875,9.65234375
95,511000000,imu1_frame,nan,nan,nan,nan,-0.01611160704741261,0.005031142985424317,-0.008810057019595426,-0.11328125,0.421875,9.65234375
95,531000000,imu1_frame,nan,nan,nan,nan,-0.01611160704741261,0.005031142985424317,-0.008810057019595426,-0.11328125,0.421875,9.65234375
95,551000000,imu1_frame,nan,nan,nan,nan,-0.01611160704741261,0.005031142985424317,-0.008810057019595426,-0.078125,0.421875,9.65234375
95,571000000,imu1_frame,nan,nan,nan,nan,-0.01611160704741261,0.005031142985424317,-0.008810057019595426,-0.11328125,0.421875,9.65234375
95,591000000,imu1_frame,nan,nan,nan,nan,-0.01611160704741261,0.005031142985424317,-0.008810057019595426,-0.11328125,0.421875,9.6875
95,611000000,imu1_frame,nan,nan,nan,nan,-0.01611160704741261,0.005031142985424317,-0.008810057019595426,-0.078125,0.4609375,9.6484375
95,631000000,imu1_frame,nan,nan,nan,nan,-0.01611160704741261,0.005031142985424317,-0.008810057019595426,-0.11328125,0.421875,9.65234375
95,651000000,imu1_frame,nan,nan,nan,nan,-0.01611160704741261,0.005031142985424317,-0.008810057019595426,-0.078125,0.421875,9.65234375
95,671000000,imu1_frame,nan,nan,nan,nan,-0.01611160704741261,0.005031142985424317,-0.008810057019595426,-0.11328125,0.421875,9.65234375
95,691000000,imu1_frame,nan,nan,nan,nan,-0.01611160704741261,0.005031142985424317,-0.008810057019595426,-0.078125,0.421875,9.6875
95,711000000,imu1_frame,nan,nan,nan,nan,-0.01611160704741261,0.005031142985424317,-0.008810057019595426,-0.11328125,0.421875,9.65234375
95,731000000,imu1_frame,nan,nan,nan,nan,-0.01611160704741261,0.005031142985424317,-0.008810057019595426,-0.11328125,0.4609375,9.6484375
95,751000000,imu1_frame,nan,nan,nan,nan,-0.01611160704741261,0.005031142985424317,-0.008810057019595426,-0.11328125,0.421875,9.65234375
95,771000000,imu1_frame,nan,nan,nan,nan,-0.01611160704741261,0.005031142985424317,-0.008810057019595426,-0.11328125,0.421875,9.65234375
95,791000000,imu1_frame,nan,nan,nan,nan,-0.01611160704741261,0.005031142985424317,-0.008810057019595426,-0.11328125,0.421875,9.65234375
95,811000000,imu1_frame,nan,nan,nan,nan,-0.01611160704741261,0.005031142985424317,-0.008810057019595426,-0.11328125,0.421875,9.65234375
95,831000000,imu1_frame,nan,nan,nan,nan,-0.01611160704741261,0.005031142985424317,-0.008810057019595426,-0.078125,0.421875,9.65234375
95,851000000,imu1_frame,nan,nan,nan,nan,-0.01611160704741261,0.005031142985424317,-0.008810057019595426,-0.11328125,0.421875,9.65234375
95,871000000,imu1_frame,nan,nan,nan,nan,-0.01611160704741261,0.005031142985424317,-0.008810057019595426,-0.11328125,0.421875,9.65234375
95,891000000,imu1_frame,nan,nan,nan,nan,-0.01611160704741261,0.005031142985424317,-0.008810057019595426,-0.11328125,0.421875,9.6875
95,911000000,imu1_frame,nan,nan,nan,nan,-0.01611160704741261,0.005031142985424317,-0.008810057019595426,-0.11328125,0.421875,9.65234375
95,931000000,imu1_frame,nan,nan,nan,nan,-0.01611160704741261,0.005031142985424317,-0.008810057019595426,-0.11328125,0.421875,9.65234375
95,951000000,imu1_frame,nan,nan,nan,nan,-0.01611160704741261,0.005031142985424317,-0.008810057019595426,-0.11328125,0.421875,9.65234375
95,971000000,imu1_frame,nan,nan,nan,nan,-0.01611160704741261,0.005031142985424317,-0.008810057019595426,-0.11328125,0.421875,9.65234375
95,991000000,imu1_frame,nan,nan,nan,nan,-0.01611160704741261,0.005031142985424317,-0.008810057019595426,-0.11328125,0.421875,9.65234375
96,11000000,imu1_frame,nan,nan,nan,nan,-0.01611160704741261,0.005031142985424317,-0.008810057019595426,-0.11328125,0.421875,9.65234375
96,31000000,imu1_frame,nan,nan,nan,nan,-0.01611160704741261,0.005031142985424317,-0.008810057019595426,-0.11328125,0.421875,9.65234375
96,51000000,imu1_frame,nan,nan,nan,nan,-0.01611160704741261,0.005031142985424317,-0.008810057019595426,-0.11328125,0.421875,9.65234375
96,71000000,imu1_frame,nan,nan,nan,nan,-0.01611160704741261,0.005031142985424317,-0.008810057019595426,-0.11328125,0.421875,9.65234375
96,91000000,imu1_frame,nan,nan,nan,nan,-0.01611160704741261,0.005031142985424317,-0.008810057019595426,-0.11328125,0.421875,9.65234375
96,111000000,imu1_frame,nan,nan,nan,nan,-0.01611160704741261,0.005031142985424317,-0.008810057019595426,-0.11328125,0.421875,9.65234375
96,131000000,imu1_frame,nan,nan,nan,nan,-0.01611160704741261,0.005031142985424317,-0.008810057019595426,-0.11328125,0.421875,9.65234375
96,151000000,imu1_frame,nan,nan,nan,nan,-0.01611160704741261,0.005031142985424317,-0.008810057019595426,-0.11328125,0.421875,9.65234375
96,171000000,imu1_frame,nan,nan,nan,nan,-0.01611160704741261,0.005031142985424317,-0.008810057019595426,-0.078125,0.421875,9.65234375
96,191000000,imu1_frame,nan,nan,nan,nan,-0.01611160704741261,0.005031142985424317,-0.008810057019595426,-0.078125,0.421875,9.65234375
96,211000000,imu1_frame,nan,nan,nan,nan,-0.014158482047412609,0.0011248929854243174,-0.010763182019595426,-0.078125,0.421875,9.65234375
96,231000000,imu1_frame,nan,nan,nan,nan,-0.014158482047412609,0.0011248929854243174,-0.010763182019595426,-0.11328125,0.421875,9.65234375
96,251000000,imu1_frame,nan,nan,nan,nan,-0.014158482047412609,0.0011248929854243174,-0.010763182019595426,-0.11328125,0.421875,9.65234375
96,271000000,imu1_frame,nan,nan,nan,nan,-0.014158482047412609,0.0011248929854243174,-0.010763182019595426,-0.078125,0.421875,9.65234375
96,291000000,imu1_frame,nan,nan,nan,nan,-0.014158482047412609,0.0011248929854243174,-0.010763182019595426,-0.11328125,0.4609375,9.6484375
96,311000000,imu1_frame,nan,nan,nan,nan,-0.014158482047412609,0.0011248929854243174,-0.010763182019595426,-0.11328125,0.421875,9.65234375
96,331000000,imu1_frame,nan,nan,nan,nan,-0.014158482047412609,0.0011248929854243174,-0.010763182019595426,-0.11328125,0.421875,9.65234375
96,351000000,imu1_frame,nan,nan,nan,nan,-0.014158482047412609,0.0011248929854243174,-0.010763182019595426,-0.11328125,0.421875,9.65234375
96,371000000,imu1_frame,nan,nan,nan,nan,-0.014158482047412609,0.0011248929854243174,-0.010763182019595426,-0.11328125,0.421875,9.65234375
96,391000000,imu1_frame,nan,nan,nan,nan,-0.014158482047412609,0.0011248929854243174,-0.010763182019595426,-0.11328125,0.421875,9.65234375
96,411000000,imu1_frame,nan,nan,nan,nan,-0.014158482047412609,0.0011248929854243174,-0.010763182019595426,-0.078125,0.421875,9.65234375
96,431000000,imu1_frame,nan,nan,nan,nan,-0.014158482047412609,0.0011248929854243174,-0.010763182019595426,-0.11328125,0.421875,9.6875
96,451000000,imu1_frame,nan,nan,nan,nan,-0.014158482047412609,0.0011248929854243174,-0.010763182019595426,-0.078125,0.421875,9.65234375
96,471000000,imu1_frame,nan,nan,nan,nan,-0.014158482047412609,0.0011248929854243174,-0.010763182019595426,-0.11328125,0.421875,9.65234375
96,491000000,imu1_frame,nan,nan,nan,nan,-0.014158482047412609,0.0011248929854243174,-0.010763182019595426,-0.078125,0.421875,9.65234375
96,511000000,imu1_frame,nan,nan,nan,nan,-0.014158482047412609,0.0011248929854243174,-0.010763182019595426,-0.078125,0.421875,9.65234375
96,531000000,imu1_frame,nan,nan,nan,nan,-0.014158482047412609,0.0011248929854243174,-0.010763182019595426,-0.078125,0.421875,9.6875
96,551000000,imu1_frame,nan,nan,nan,nan,-0.014158482047412609,0.0011248929854243174,-0.010763182019595426,-0.078125,0.421875,9.65234375
96,571000000,imu1_frame,nan,nan,nan,nan,-0.014158482047412609,0.0011248929854243174,-0.010763182019595426,-0.11328125,0.421875,9.65234375
96,591000000,imu1_frame,nan,nan,nan,nan,-0.014158482047412609,0.008937392985424317,-0.014669432019595426,-0.11328125,0.421875,9.65234375
96,611000000,imu1_frame,nan,nan,nan,nan,-0.014158482047412609,0.008937392985424317,-0.014669432019595426,-0.078125,0.421875,9.65234375
96,631000000,imu1_frame,nan,nan,nan,nan,-0.014158482047412609,0.008937392985424317,-0.014669432019595426,-0.11328125,0.421875,9.65234375
96,651000000,imu1_frame,nan,nan,nan,nan,-0.014158482047412609,0.008937392985424317,-0.014669432019595426,-0.11328125,0.421875,9.65234375
96,671000000,imu1_frame,nan,nan,nan,nan,-0.014158482047412609,0.008937392985424317,-0.014669432019595426,-0.078125,0.421875,9.65234375
96,691000000,imu1_frame,nan,nan,nan,nan,-0.014158482047412609,0.008937392985424317,-0.014669432019595426,-0.078125,0.421875,9.65234375
96,711000000,imu1_frame,nan,nan,nan,nan,-0.014158482047412609,0.008937392985424317,-0.014669432019595426,-0.078125,0.421875,9.65234375
96,731000000,imu1_frame,nan,nan,nan,nan,-0.014158482047412609,0.008937392985424317,-0.014669432019595426,-0.11328125,0.421875,9.65234375
96,751000000,imu1_frame,nan,nan,nan,nan,-0.014158482047412609,0.008937392985424317,-0.014669432019595426,-0.078125,0.421875,9.65234375
96,771000000,imu1_frame,nan,nan,nan,nan,-0.014158482047412609,0.008937392985424317,-0.014669432019595426,-0.078125,0.421875,9.65234375
96,791000000,imu1_frame,nan,nan,nan,nan,-0.014158482047412609,0.008937392985424317,-0.014669432019595426,-0.078125,0.421875,9.65234375
96,811000000,imu1_frame,nan,nan,nan,nan,-0.014158482047412609,0.008937392985424317,-0.014669432019595426,-0.11328125,0.421875,9.65234375
96,831000000,imu1_frame,nan,nan,nan,nan,-0.014158482047412609,0.008937392985424317,-0.014669432019595426,-0.078125,0.421875,9.6875
96,851000000,imu1_frame,nan,nan,nan,nan,-0.014158482047412609,0.008937392985424317,-0.014669432019595426,-0.078125,0.421875,9.65234375
96,871000000,imu1_frame,nan,nan,nan,nan,-0.014158482047412609,0.008937392985424317,-0.014669432019595426,-0.078125,0.421875,9.65234375
96,891000000,imu1_frame,nan,nan,nan,nan,-0.014158482047412609,0.008937392985424317,-0.014669432019595426,-0.078125,0.421875,9.65234375
96,911000000,imu1_frame,nan,nan,nan,nan,-0.014158482047412609,0.008937392985424317,-0.014669432019595426,-0.078125,0.421875,9.65234375
96,931000000,imu1_frame,nan,nan,nan,nan,-0.014158482047412609,0.008937392985424317,-0.014669432019595426,-0.078125,0.421875,9.65234375
96,951000000,imu1_frame,nan,nan,nan,nan,-0.014158482047412609,0.008937392985424317,-0.014669432019595426,-0.11328125,0.421875,9.65234375
96,971000000,imu1_frame,nan,nan,nan,nan,-0.014158482047412609,0.0030780179854243174,-0.008810057019595426,-0.11328125,0.421875,9.65234375
96,991000000,imu1_frame,nan,nan,nan,nan,-0.014158482047412609,0.0030780179854243174,-0.008810057019595426,-0.078125,0.421875,9.65234375
97,11000000,imu1_frame,nan,nan,nan,nan,-0.014158482047412609,0.0030780179854243174,-0.008810057019595426,-0.078125,0.421875,9.65234375
97,31000000,imu1_frame,nan,nan,nan,nan,-0.014158482047412609,0.0030780179854243174,-0.008810057019595426,-0.11328125,0.421875,9.65234375
97,51000000,imu1_frame,nan,nan,nan,nan,-0.014158482047412609,0.0030780179854243174,-0.008810057019595426,-0.11328125,0.421875,9.65234375
97,71000000,imu1_frame,nan,nan,nan,nan,-0.014158482047412609,0.0030780179854243174,-0.008810057019595426,-0.078125,0.421875,9.65234375
97,91000000,imu1_frame,nan,nan,nan,nan,-0.014158482047412609,0.0030780179854243174,-0.008810057019595426,-0.078125,0.421875,9.65234375
97,111000000,imu1_frame,nan,nan,nan,nan,-0.014158482047412609,0.0030780179854243174,-0.008810057019595426,-0.078125,0.421875,9.65234375
97,131000000,imu1_frame,nan,nan,nan,nan,-0.014158482047412609,0.0030780179854243174,-0.008810057019595426,-0.078125,0.421875,9.65234375
97,151000000,imu1_frame,nan,nan,nan,nan,-0.014158482047412609,0.0030780179854243174,-0.008810057019595426,-0.11328125,0.421875,9.65234375
97,171000000,imu1_frame,nan,nan,nan,nan,-0.014158482047412609,0.0030780179854243174,-0.008810057019595426,-0.078125,0.421875,9.6875
97,191000000,imu1_frame,nan,nan,nan,nan,-0.014158482047412609,0.0030780179854243174,-0.008810057019595426,-0.078125,0.421875,9.6875
97,211000000,imu1_frame,nan,nan,nan,nan,-0.014158482047412609,0.0030780179854243174,-0.008810057019595426,-0.11328125,0.421875,9.65234375
97,231000000,imu1_frame,nan,nan,nan,nan,-0.014158482047412609,0.0030780179854243174,-0.008810057019595426,-0.11328125,0.421875,9.65234375
97,251000000,imu1_frame,nan,nan,nan,nan,-0.014158482047412609,0.0030780179854243174,-0.008810057019595426,-0.078125,0.421875,9.65234375
97,271000000,imu1_frame,nan,nan,nan,nan,-0.014158482047412609,0.006984267985424317,-0.010763182019595426,-0.078125,0.421875,9.65234375
97,291000000,imu1_frame,nan,nan,nan,nan,-0.014158482047412609,0.006984267985424317,-0.010763182019595426,-0.11328125,0.421875,9.65234375
97,311000000,imu1_frame,nan,nan,nan,nan,-0.014158482047412609,0.006984267985424317,-0.010763182019595426,-0.11328125,0.421875,9.65234375
97,331000000,imu1_frame,nan,nan,nan,nan,-0.014158482047412609,0.006984267985424317,-0.010763182019595426,-0.078125,0.421875,9.65234375
97,351000000,imu1_frame,nan,nan,nan,nan,-0.014158482047412609,0.006984267985424317,-0.010763182019595426,-0.078125,0.421875,9.65234375
97,371000000,imu1_frame,nan,nan,nan,nan,-0.014158482047412609,0.006984267985424317,-0.010763182019595426,-0.11328125,0.421875,9.65234375
97,391000000,imu1_frame,nan,nan,nan,nan,-0.014158482047412609,0.006984267985424317,-0.010763182019595426,-0.078125,0.421875,9.6875
97,411000000,imu1_frame,nan,nan,nan,nan,-0.014158482047412609,0.006984267985424317,-0.010763182019595426,-0.11328125,0.421875,9.6875
97,431000000,imu1_frame,nan,nan,nan,nan,-0.014158482047412609,0.006984267985424317,-0.010763182019595426,-0.078125,0.421875,9.65234375
97,451000000,imu1_frame,nan,nan,nan,nan,-0.014158482047412609,0.006984267985424317,-0.010763182019595426,-0.11328125,0.421875,9.65234375
97,471000000,imu1_frame,nan,nan,nan,nan,-0.014158482047412609,0.006984267985424317,-0.010763182019595426,-0.078125,0.421875,9.6875
97,491000000,imu1_frame,nan,nan,nan,nan,-0.014158482047412609,0.006984267985424317,-0.010763182019595426,-0.11328125,0.421875,9.65234375
97,511000000,imu1_frame,nan,nan,nan,nan,-0.014158482047412609,0.006984267985424317,-0.010763182019595426,-0.078125,0.421875,9.65234375
97,531000000,imu1_frame,nan,nan,nan,nan,-0.014158482047412609,0.006984267985424317,-0.010763182019595426,-0.11328125,0.421875,9.65234375
97,551000000,imu1_frame,nan,nan,nan,nan,-0.014158482047412609,0.006984267985424317,-0.010763182019595426,-0.078125,0.421875,9.65234375
97,571000000,imu1_frame,nan,nan,nan,nan,-0.014158482047412609,0.006984267985424317,-0.010763182019595426,-0.078125,0.421875,9.65234375
97,591000000,imu1_frame,nan,nan,nan,nan,-0.014158482047412609,0.006984267985424317,-0.010763182019595426,-0.11328125,0.421875,9.6875
97,611000000,imu1_frame,nan,nan,nan,nan,-0.014158482047412609,0.006984267985424317,-0.010763182019595426,-0.078125,0.4609375,9.6484375
97,631000000,imu1_frame,nan,nan,nan,nan,-0.014158482047412609,0.006984267985424317,-0.010763182019595426,-0.11328125,0.421875,9.65234375
97,651000000,imu1_frame,nan,nan,nan,nan,-0.014158482047412609,0.0011248929854243174,-0.006856932019595426,-0.11328125,0.421875,9.65234375
97,671000000,imu1_frame,nan,nan,nan,nan,-0.014158482047412609,0.0011248929854243174,-0.006856932019595426,-0.11328125,0.421875,9.65234375
97,691000000,imu1_frame,nan,nan,nan,nan,-0.014158482047412609,0.0011248929854243174,-0.006856932019595426,-0.078125,0.421875,9.6875
97,711000000,imu1_frame,nan,nan,nan,nan,-0.014158482047412609,0.0011248929854243174,-0.006856932019595426,-0.11328125,0.421875,9.65234375
97,731000000,imu1_frame,nan,nan,nan,nan,-0.01611160704741261,0.0011248929854243174,-0.004903807019595426,-0.11328125,0.421875,9.65234375
97,751000000,imu1_frame,nan,nan,nan,nan,-0.01611160704741261,0.0011248929854243174,-0.004903807019595426,-0.078125,0.421875,9.65234375
97,771000000,imu1_frame,nan,nan,nan,nan,-0.01611160704741261,0.0011248929854243174,-0.004903807019595426,-0.078125,0.421875,9.65234375
97,791000000,imu1_frame,nan,nan,nan,nan,-0.01611160704741261,0.0011248929854243174,-0.004903807019595426,-0.078125,0.421875,9.65234375
97,811000000,imu1_frame,nan,nan,nan,nan,-0.01611160704741261,0.0011248929854243174,-0.004903807019595426,-0.078125,0.421875,9.6875
97,831000000,imu1_frame,nan,nan,nan,nan,-0.01611160704741261,0.0011248929854243174,-0.004903807019595426,-0.11328125,0.421875,9.65234375
97,851000000,imu1_frame,nan,nan,nan,nan,-0.01611160704741261,0.0011248929854243174,-0.004903807019595426,-0.11328125,0.421875,9.65234375
97,871000000,imu1_frame,nan,nan,nan,nan,-0.01611160704741261,0.0011248929854243174,-0.004903807019595426,-0.078125,0.421875,9.65234375
97,891000000,imu1_frame,nan,nan,nan,nan,-0.01611160704741261,0.0011248929854243174,-0.004903807019595426,-0.11328125,0.421875,9.65234375
97,911000000,imu1_frame,nan,nan,nan,nan,-0.01611160704741261,0.0011248929854243174,-0.004903807019595426,-0.11328125,0.421875,9.65234375
97,931000000,imu1_frame,nan,nan,nan,nan,-0.01611160704741261,0.0011248929854243174,-0.004903807019595426,-0.11328125,0.421875,9.65234375
97,951000000,imu1_frame,nan,nan,nan,nan,-0.01611160704741261,0.005031142985424317,-0.008810057019595426,-0.11328125,0.421875,9.65234375
97,971000000,imu1_frame,nan,nan,nan,nan,-0.01611160704741261,0.005031142985424317,-0.008810057019595426,-0.11328125,0.421875,9.65234375
97,991000000,imu1_frame,nan,nan,nan,nan,-0.01611160704741261,0.005031142985424317,-0.008810057019595426,-0.11328125,0.421875,9.65234375
98,11000000,imu1_frame,nan,nan,nan,nan,-0.01611160704741261,0.005031142985424317,-0.008810057019595426,-0.11328125,0.421875,9.65234375
98,31000000,imu1_frame,nan,nan,nan,nan,-0.014158482047412609,0.005031142985424317,-0.008810057019595426,-0.11328125,0.421875,9.65234375
98,51000000,imu1_frame,nan,nan,nan,nan,-0.014158482047412609,0.005031142985424317,-0.008810057019595426,-0.11328125,0.421875,9.65234375
98,71000000,imu1_frame,nan,nan,nan,nan,-0.014158482047412609,0.005031142985424317,-0.008810057019595426,-0.11328125,0.421875,9.65234375
98,91000000,imu1_frame,nan,nan,nan,nan,-0.014158482047412609,0.005031142985424317,-0.008810057019595426,-0.078125,0.421875,9.65234375
98,111000000,imu1_frame,nan,nan,nan,nan,-0.01611160704741261,0.008937392985424317,-0.010763182019595426,-0.078125,0.421875,9.65234375
98,131000000,imu1_frame,nan,nan,nan,nan,-0.01611160704741261,0.008937392985424317,-0.010763182019595426,-0.11328125,0.421875,9.65234375
98,151000000,imu1_frame,nan,nan,nan,nan,-0.01611160704741261,0.008937392985424317,-0.010763182019595426,-0.11328125,0.421875,9.65234375
98,171000000,imu1_frame,nan,nan,nan,nan,-0.01611160704741261,0.008937392985424317,-0.010763182019595426,-0.11328125,0.421875,9.65234375
98,191000000,imu1_frame,nan,nan,nan,nan,-0.01611160704741261,0.008937392985424317,-0.010763182019595426,-0.11328125,0.421875,9.65234375
98,211000000,imu1_frame,nan,nan,nan,nan,-0.01611160704741261,0.008937392985424317,-0.010763182019595426,-0.11328125,0.421875,9.65234375
98,231000000,imu1_frame,nan,nan,nan,nan,-0.01611160704741261,0.008937392985424317,-0.010763182019595426,-0.11328125,0.421875,9.65234375
98,251000000,imu1_frame,nan,nan,nan,nan,-0.01611160704741261,0.008937392985424317,-0.010763182019595426,-0.11328125,0.421875,9.6875
98,271000000,imu1_frame,nan,nan,nan,nan,-0.01611160704741261,0.008937392985424317,-0.010763182019595426,-0.11328125,0.421875,9.65234375
98,291000000,imu1_frame,nan,nan,nan,nan,-0.01611160704741261,0.008937392985424317,-0.010763182019595426,-0.11328125,0.4609375,9.6484375
98,311000000,imu1_frame,nan,nan,nan,nan,-0.01611160704741261,0.008937392985424317,-0.010763182019595426,-0.11328125,0.421875,9.65234375
98,331000000,imu1_frame,nan,nan,nan,nan,-0.012205357047412609,0.010890517985424317,-0.006856932019595426,-0.11328125,0.421875,9.65234375
98,351000000,imu1_frame,nan,nan,nan,nan,-0.012205357047412609,0.010890517985424317,-0.006856932019595426,-0.11328125,0.421875,9.65234375
98,371000000,imu1_frame,nan,nan,nan,nan,-0.012205357047412609,0.010890517985424317,-0.006856932019595426,-0.11328125,0.421875,9.65234375
98,391000000,imu1_frame,nan,nan,nan,nan,-0.012205357047412609,0.010890517985424317,-0.006856932019595426,-0.11328125,0.421875,9.65234375
98,411000000,imu1_frame,nan,nan,nan,nan,-0.014158482047412609,-0.0008282320145756826,-0.010763182019595426,-0.11328125,0.421875,9.65234375
98,431000000,imu1_frame,nan,nan,nan,nan,-0.014158482047412609,-0.0008282320145756826,-0.010763182019595426,-0.11328125,0.421875,9.65234375
98,451000000,imu1_frame,nan,nan,nan,nan,-0.014158482047412609,-0.0008282320145756826,-0.010763182019595426,-0.11328125,0.4609375,9.6484375
98,471000000,imu1_frame,nan,nan,nan,nan,-0.014158482047412609,-0.0008282320145756826,-0.010763182019595426,-0.11328125,0.421875,9.65234375
98,491000000,imu1_frame,nan,nan,nan,nan,-0.014158482047412609,-0.0008282320145756826,-0.010763182019595426,-0.11328125,0.4609375,9.69140625
98,511000000,imu1_frame,nan,nan,nan,nan,-0.014158482047412609,-0.0008282320145756826,-0.010763182019595426,-0.11328125,0.421875,9.65234375
98,531000000,imu1_frame,nan,nan,nan,nan,-0.014158482047412609,-0.0008282320145756826,-0.010763182019595426,-0.11328125,0.421875,9.65234375
98,551000000,imu1_frame,nan,nan,nan,nan,-0.014158482047412609,-0.0008282320145756826,-0.010763182019595426,-0.11328125,0.421875,9.65234375
98,571000000,imu1_frame,nan,nan,nan,nan,-0.014158482047412609,-0.0008282320145756826,-0.010763182019595426,-0.11328125,0.421875,9.65234375
98,591000000,imu1_frame,nan,nan,nan,nan,-0.014158482047412609,-0.0008282320145756826,-0.010763182019595426,-0.11328125,0.421875,9.65234375
98,611000000,imu1_frame,nan,nan,nan,nan,-0.014158482047412609,-0.0008282320145756826,-0.010763182019595426,-0.11328125,0.421875,9.65234375
98,631000000,imu1_frame,nan,nan,nan,nan,-0.014158482047412609,-0.0008282320145756826,-0.010763182019595426,-0.11328125,0.421875,9.65234375
98,651000000,imu1_frame,nan,nan,nan,nan,-0.014158482047412609,-0.0008282320145756826,-0.010763182019595426,-0.11328125,0.421875,9.65234375
98,671000000,imu1_frame,nan,nan,nan,nan,-0.014158482047412609,-0.0008282320145756826,-0.010763182019595426,-0.11328125,0.421875,9.65234375
98,691000000,imu1_frame,nan,nan,nan,nan,-0.014158482047412609,-0.0008282320145756826,-0.010763182019595426,-0.11328125,0.421875,9.6875
98,711000000,imu1_frame,nan,nan,nan,nan,-0.01806473204741261,0.0011248929854243174,-0.006856932019595426,-0.11328125,0.421875,9.6875
98,731000000,imu1_frame,nan,nan,nan,nan,-0.01806473204741261,0.0011248929854243174,-0.006856932019595426,-0.11328125,0.421875,9.65234375
98,751000000,imu1_frame,nan,nan,nan,nan,-0.01806473204741261,0.0011248929854243174,-0.006856932019595426,-0.11328125,0.421875,9.65234375
98,771000000,imu1_frame,nan,nan,nan,nan,-0.01806473204741261,0.0011248929854243174,-0.006856932019595426,-0.11328125,0.421875,9.65234375
98,791000000,imu1_frame,nan,nan,nan,nan,-0.01611160704741261,0.0011248929854243174,-0.008810057019595426,-0.11328125,0.421875,9.65234375
98,811000000,imu1_frame,nan,nan,nan,nan,-0.01611160704741261,0.0011248929854243174,-0.008810057019595426,-0.11328125,0.421875,9.65234375
98,831000000,imu1_frame,nan,nan,nan,nan,-0.01611160704741261,0.0011248929854243174,-0.008810057019595426,-0.11328125,0.421875,9.65234375
98,851000000,imu1_frame,nan,nan,nan,nan,-0.01611160704741261,0.0011248929854243174,-0.008810057019595426,-0.11328125,0.421875,9.65234375
98,871000000,imu1_frame,nan,nan,nan,nan,-0.01611160704741261,0.0011248929854243174,-0.008810057019595426,-0.11328125,0.421875,9.65234375
98,891000000,imu1_frame,nan,nan,nan,nan,-0.01611160704741261,0.0011248929854243174,-0.008810057019595426,-0.11328125,0.421875,9.65234375
98,911000000,imu1_frame,nan,nan,nan,nan,-0.01611160704741261,0.0011248929854243174,-0.008810057019595426,-0.11328125,0.421875,9.65234375
98,931000000,imu1_frame,nan,nan,nan,nan,-0.01611160704741261,0.0011248929854243174,-0.008810057019595426,-0.11328125,0.421875,9.65234375
98,951000000,imu1_frame,nan,nan,nan,nan,-0.01611160704741261,0.0011248929854243174,-0.008810057019595426,-0.11328125,0.421875,9.65234375
98,971000000,imu1_frame,nan,nan,nan,nan,-0.01611160704741261,0.0011248929854243174,-0.008810057019595426,-0.11328125,0.421875,9.65234375
98,991000000,imu1_frame,nan,nan,nan,nan,-0.01611160704741261,0.0011248929854243174,-0.008810057019595426,-0.11328125,0.421875,9.65234375
99,13000000,imu1_frame,nan,nan,nan,nan,-0.01611160704741261,-0.0008282320145756826,-0.006856932019595426,-0.11328125,0.421875,9.65234375
99,31000000,imu1_frame,nan,nan,nan,nan,-0.01611160704741261,-0.0008282320145756826,-0.006856932019595426,-0.11328125,0.421875,9.65234375
99,51000000,imu1_frame,nan,nan,nan,nan,-0.01611160704741261,-0.0008282320145756826,-0.006856932019595426,-0.11328125,0.421875,9.65234375
99,71000000,imu1_frame,nan,nan,nan,nan,-0.01611160704741261,-0.0008282320145756826,-0.006856932019595426,-0.11328125,0.421875,9.65234375
99,91000000,imu1_frame,nan,nan,nan,nan,-0.01611160704741261,0.0011248929854243174,-0.004903807019595426,-0.11328125,0.421875,9.65234375
99,111000000,imu1_frame,nan,nan,nan,nan,-0.01611160704741261,0.0011248929854243174,-0.004903807019595426,-0.11328125,0.421875,9.65234375
99,131000000,imu1_frame,nan,nan,nan,nan,-0.01611160704741261,0.0011248929854243174,-0.004903807019595426,-0.11328125,0.421875,9.65234375
99,151000000,imu1_frame,nan,nan,nan,nan,-0.01611160704741261,0.0011248929854243174,-0.004903807019595426,-0.11328125,0.421875,9.65234375
99,171000000,imu1_frame,nan,nan,nan,nan,-0.01611160704741261,0.008937392985424317,-0.0029506820195954256,-0.11328125,0.421875,9.65234375
99,191000000,imu1_frame,nan,nan,nan,nan,-0.01611160704741261,0.008937392985424317,-0.0029506820195954256,-0.11328125,0.421875,9.65234375
99,211000000,imu1_frame,nan,nan,nan,nan,-0.01611160704741261,0.008937392985424317,-0.0029506820195954256,-0.11328125,0.421875,9.65234375
99,231000000,imu1_frame,nan,nan,nan,nan,-0.01611160704741261,0.008937392985424317,-0.0029506820195954256,-0.11328125,0.421875,9.65234375
99,251000000,imu1_frame,nan,nan,nan,nan,-0.01611160704741261,0.008937392985424317,-0.0029506820195954256,-0.078125,0.421875,9.65234375
99,271000000,imu1_frame,nan,nan,nan,nan,-0.01611160704741261,0.008937392985424317,-0.0029506820195954256,-0.11328125,0.421875,9.65234375
99,291000000,imu1_frame,nan,nan,nan,nan,-0.01611160704741261,0.008937392985424317,-0.0029506820195954256,-0.11328125,0.421875,9.65234375
99,311000000,imu1_frame,nan,nan,nan,nan,-0.01611160704741261,0.0030780179854243174,-0.004903807019595426,-0.11328125,0.421875,9.65234375
99,331000000,imu1_frame,nan,nan,nan,nan,-0.01611160704741261,0.0030780179854243174,-0.004903807019595426,-0.11328125,0.4609375,9.6484375
99,351000000,imu1_frame,nan,nan,nan,nan,-0.01611160704741261,0.0030780179854243174,-0.004903807019595426,-0.11328125,0.421875,9.65234375
99,371000000,imu1_frame,nan,nan,nan,nan,-0.01611160704741261,0.0030780179854243174,-0.004903807019595426,-0.11328125,0.421875,9.65234375
99,391000000,imu1_frame,nan,nan,nan,nan,-0.014158482047412609,0.008937392985424317,-0.010763182019595426,-0.11328125,0.421875,9.65234375
99,411000000,imu1_frame,nan,nan,nan,nan,-0.014158482047412609,0.008937392985424317,-0.010763182019595426,-0.11328125,0.421875,9.65234375
99,431000000,imu1_frame,nan,nan,nan,nan,-0.014158482047412609,0.008937392985424317,-0.010763182019595426,-0.11328125,0.421875,9.6875
99,451000000,imu1_frame,nan,nan,nan,nan,-0.014158482047412609,0.008937392985424317,-0.010763182019595426,-0.11328125,0.421875,9.65234375
99,471000000,imu1_frame,nan,nan,nan,nan,-0.014158482047412609,0.005031142985424317,-0.008810057019595426,-0.11328125,0.421875,9.65234375
99,491000000,imu1_frame,nan,nan,nan,nan,-0.014158482047412609,0.005031142985424317,-0.008810057019595426,-0.11328125,0.421875,9.65234375
99,511000000,imu1_frame,nan,nan,nan,nan,-0.014158482047412609,0.005031142985424317,-0.008810057019595426,-0.11328125,0.421875,9.6875
99,531000000,imu1_frame,nan,nan,nan,nan,-0.014158482047412609,0.005031142985424317,-0.008810057019595426,-0.11328125,0.421875,9.65234375
99,551000000,imu1_frame,nan,nan,nan,nan,-0.01611160704741261,0.008937392985424317,-0.004903807019595426,-0.11328125,0.421875,9.65234375
99,571000000,imu1_frame,nan,nan,nan,nan,-0.01611160704741261,0.008937392985424317,-0.004903807019595426,-0.11328125,0.421875,9.65234375
99,591000000,imu1_frame,nan,nan,nan,nan,-0.01611160704741261,0.008937392985424317,-0.004903807019595426,-0.11328125,0.421875,9.65234375
99,611000000,imu1_frame,nan,nan,nan,nan,-0.01611160704741261,0.008937392985424317,-0.004903807019595426,-0.11328125,0.421875,9.6875
99,631000000,imu1_frame,nan,nan,nan,nan,-0.01611160704741261,0.008937392985424317,-0.004903807019595426,-0.11328125,0.421875,9.65234375
99,651000000,imu1_frame,nan,nan,nan,nan,-0.01611160704741261,0.008937392985424317,-0.004903807019595426,-0.11328125,0.421875,9.65234375
99,671000000,imu1_frame,nan,nan,nan,nan,-0.01611160704741261,0.008937392985424317,-0.004903807019595426,-0.11328125,0.421875,9.65234375
99,691000000,imu1_frame,nan,nan,nan,nan,-0.014158482047412609,0.010890517985424317,-0.008810057019595426,-0.11328125,0.421875,9.65234375
99,711000000,imu1_frame,nan,nan,nan,nan,-0.014158482047412609,0.010890517985424317,-0.008810057019595426,-0.11328125,0.421875,9.65234375
99,731000000,imu1_frame,nan,nan,nan,nan,-0.014158482047412609,0.010890517985424317,-0.008810057019595426,-0.11328125,0.421875,9.65234375
99,751000000,imu1_frame,nan,nan,nan,nan,-0.014158482047412609,0.010890517985424317,-0.008810057019595426,-0.11328125,0.4609375,9.6484375
99,771000000,imu1_frame,nan,nan,nan,nan,-0.014158482047412609,0.005031142985424317,-0.006856932019595426,-0.11328125,0.4609375,9.6484375
99,791000000,imu1_frame,nan,nan,nan,nan,-0.014158482047412609,0.005031142985424317,-0.006856932019595426,-0.11328125,0.421875,9.6875
99,811000000,imu1_frame,nan,nan,nan,nan,-0.014158482047412609,0.005031142985424317,-0.006856932019595426,-0.11328125,0.421875,9.65234375
99,831000000,imu1_frame,nan,nan,nan,nan,-0.014158482047412609,0.005031142985424317,-0.006856932019595426,-0.11328125,0.421875,9.65234375
99,851000000,imu1_frame,nan,nan,nan,nan,-0.014158482047412609,0.005031142985424317,-0.006856932019595426,-0.11328125,0.421875,9.65234375
99,871000000,imu1_frame,nan,nan,nan,nan,-0.014158482047412609,0.005031142985424317,-0.006856932019595426,-0.15234375,0.421875,9.65234375
99,891000000,imu1_frame,nan,nan,nan,nan,-0.014158482047412609,0.005031142985424317,-0.006856932019595426,-0.078125,0.421875,9.65234375
99,911000000,imu1_frame,nan,nan,nan,nan,-0.014158482047412609,0.005031142985424317,-0.006856932019595426,-0.19140625,0.421875,9.6484375
99,931000000,imu1_frame,nan,nan,nan,nan,-0.008299107047412609,0.014796767985424317,-0.008810057019595426,-0.19140625,0.421875,9.6484375
99,951000000,imu1_frame,nan,nan,nan,nan,-0.008299107047412609,0.014796767985424317,-0.008810057019595426,-0.15234375,0.421875,9.65234375
99,971000000,imu1_frame,nan,nan,nan,nan,-0.008299107047412609,0.014796767985424317,-0.008810057019595426,-0.15234375,0.421875,9.65234375
99,991000000,imu1_frame,nan,nan,nan,nan,-0.008299107047412609,0.014796767985424317,-0.008810057019595426,-0.15234375,0.421875,9.65234375
100,11000000,imu1_frame,nan,nan,nan,nan,-0.008299107047412609,0.014796767985424317,-0.008810057019595426,-0.15234375,0.421875,9.65234375
100,31000000,imu1_frame,nan,nan,nan,nan,-0.008299107047412609,0.014796767985424317,-0.008810057019595426,-0.15234375,0.4609375,9.6484375
100,51000000,imu1_frame,nan,nan,nan,nan,-0.008299107047412609,0.014796767985424317,-0.008810057019595426,-0.15234375,0.421875,9.6875
100,71000000,imu1_frame,nan,nan,nan,nan,-0.01806473204741261,-0.0008282320145756826,-0.008810057019595426,-0.15234375,0.421875,9.6875
100,91000000,imu1_frame,nan,nan,nan,nan,-0.01806473204741261,-0.0008282320145756826,-0.008810057019595426,-0.15234375,0.421875,9.65234375
100,111000000,imu1_frame,nan,nan,nan,nan,-0.01806473204741261,-0.0008282320145756826,-0.008810057019595426,-0.15234375,0.421875,9.65234375
100,131000000,imu1_frame,nan,nan,nan,nan,-0.01806473204741261,-0.0008282320145756826,-0.008810057019595426,-0.15234375,0.421875,9.65234375
100,151000000,imu1_frame,nan,nan,nan,nan,-0.014158482047412609,0.0030780179854243174,-0.010763182019595426,-0.15234375,0.421875,9.65234375
100,171000000,imu1_frame,nan,nan,nan,nan,-0.014158482047412609,0.0030780179854243174,-0.010763182019595426,-0.15234375,0.4609375,9.6484375
100,191000000,imu1_frame,nan,nan,nan,nan,-0.014158482047412609,0.0030780179854243174,-0.010763182019595426,-0.15234375,0.421875,9.65234375
100,211000000,imu1_frame,nan,nan,nan,nan,-0.014158482047412609,0.0030780179854243174,-0.010763182019595426,-0.15234375,0.421875,9.65234375
100,231000000,imu1_frame,nan,nan,nan,nan,-0.01611160704741261,-0.0008282320145756826,-0.008810057019595426,-0.15234375,0.421875,9.65234375
100,251000000,imu1_frame,nan,nan,nan,nan,-0.01611160704741261,-0.0008282320145756826,-0.008810057019595426,-0.11328125,0.421875,9.65234375
100,271000000,imu1_frame,nan,nan,nan,nan,-0.01611160704741261,-0.0008282320145756826,-0.008810057019595426,-0.15234375,0.421875,9.65234375
100,291000000,imu1_frame,nan,nan,nan,nan,-0.01611160704741261,-0.0008282320145756826,-0.008810057019595426,-0.15234375,0.421875,9.65234375
100,311000000,imu1_frame,nan,nan,nan,nan,-0.02001785704741261,-0.006687607014575683,-0.006856932019595426,-0.15234375,0.421875,9.65234375
100,331000000,imu1_frame,nan,nan,nan,nan,-0.02001785704741261,-0.006687607014575683,-0.006856932019595426,-0.11328125,0.4609375,9.6484375
100,351000000,imu1_frame,nan,nan,nan,nan,-0.02001785704741261,-0.006687607014575683,-0.006856932019595426,-0.11328125,0.4609375,9.6484375
100,371000000,imu1_frame,nan,nan,nan,nan,-0.014158482047412609,0.0011248929854243174,-0.006856932019595426,-0.11328125,0.4609375,9.6484375
100,391000000,imu1_frame,nan,nan,nan,nan,-0.014158482047412609,0.0011248929854243174,-0.006856932019595426,-0.11328125,0.421875,9.65234375
100,411000000,imu1_frame,nan,nan,nan,nan,-0.014158482047412609,0.0011248929854243174,-0.006856932019595426,-0.11328125,0.421875,9.65234375
100,431000000,imu1_frame,nan,nan,nan,nan,-0.014158482047412609,0.0011248929854243174,-0.006856932019595426,-0.11328125,0.421875,9.65234375
100,451000000,imu1_frame,nan,nan,nan,nan,-0.014158482047412609,0.008937392985424317,-0.0029506820195954256,-0.11328125,0.421875,9.65234375
100,471000000,imu1_frame,nan,nan,nan,nan,-0.014158482047412609,0.008937392985424317,-0.0029506820195954256,-0.11328125,0.421875,9.65234375
100,491000000,imu1_frame,nan,nan,nan,nan,-0.014158482047412609,0.008937392985424317,-0.0029506820195954256,-0.11328125,0.421875,9.6875
100,511000000,imu1_frame,nan,nan,nan,nan,-0.014158482047412609,0.008937392985424317,-0.0029506820195954256,-0.11328125,0.421875,9.65234375
100,531000000,imu1_frame,nan,nan,nan,nan,-0.014158482047412609,0.0011248929854243174,-0.008810057019595426,-0.11328125,0.421875,9.65234375
100,551000000,imu1_frame,nan,nan,nan,nan,-0.014158482047412609,0.0011248929854243174,-0.008810057019595426,-0.11328125,0.4609375,9.6484375
100,571000000,imu1_frame,nan,nan,nan,nan,-0.014158482047412609,0.0011248929854243174,-0.008810057019595426,-0.11328125,0.421875,9.6875
100,591000000,imu1_frame,nan,nan,nan,nan,-0.014158482047412609,0.0011248929854243174,-0.008810057019595426,-0.11328125,0.421875,9.65234375
100,611000000,imu1_frame,nan,nan,nan,nan,-0.014158482047412609,0.006984267985424317,-0.008810057019595426,-0.11328125,0.421875,9.65234375
100,631000000,imu1_frame,nan,nan,nan,nan,-0.014158482047412609,0.006984267985424317,-0.008810057019595426,-0.11328125,0.421875,9.65234375
100,651000000,imu1_frame,nan,nan,nan,nan,-0.014158482047412609,0.006984267985424317,-0.008810057019595426,-0.11328125,0.421875,9.65234375
100,671000000,imu1_frame,nan,nan,nan,nan,-0.014158482047412609,0.006984267985424317,-0.008810057019595426,-0.11328125,0.421875,9.65234375
100,691000000,imu1_frame,nan,nan,nan,nan,-0.01611160704741261,-0.0008282320145756826,-0.006856932019595426,-0.11328125,0.421875,9.65234375
100,711000000,imu1_frame,nan,nan,nan,nan,-0.01611160704741261,-0.0008282320145756826,-0.006856932019595426,-0.11328125,0.4609375,9.6484375
100,731000000,imu1_frame,nan,nan,nan,nan,-0.01611160704741261,-0.0008282320145756826,-0.006856932019595426,-0.11328125,0.4609375,9.6484375
100,751000000,imu1_frame,nan,nan,nan,nan,-0.02001785704741261,-0.004734482014575683,-0.006856932019595426,-0.11328125,0.4609375,9.6484375
100,771000000,imu1_frame,nan,nan,nan,nan,-0.01611160704741261,0.005031142985424317,-0.008810057019595426,-0.11328125,0.4609375,9.6484375
100,791000000,imu1_frame,nan,nan,nan,nan,-0.01611160704741261,0.005031142985424317,-0.008810057019595426,-0.15234375,0.421875,9.65234375
100,811000000,imu1_frame,nan,nan,nan,nan,-0.01611160704741261,0.005031142985424317,-0.008810057019595426,-0.11328125,0.421875,9.65234375
100,831000000,imu1_frame,nan,nan,nan,nan,-0.01806473204741261,-0.008640732014575683,-0.008810057019595426,-0.11328125,0.421875,9.65234375
100,851000000,imu1_frame,nan,nan,nan,nan,-0.01806473204741261,-0.008640732014575683,-0.008810057019595426,-0.11328125,0.421875,9.6875
100,871000000,imu1_frame,nan,nan,nan,nan,-0.01806473204741261,-0.008640732014575683,-0.008810057019595426,-0.11328125,0.421875,9.65234375
100,891000000,imu1_frame,nan,nan,nan,nan,-0.01806473204741261,-0.008640732014575683,-0.008810057019595426,-0.11328125,0.421875,9.65234375
100,911000000,imu1_frame,nan,nan,nan,nan,-0.01611160704741261,0.0030780179854243174,-0.008810057019595426,-0.11328125,0.421875,9.65234375
100,931000000,imu1_frame,nan,nan,nan,nan,-0.01611160704741261,0.0030780179854243174,-0.008810057019595426,-0.11328125,0.421875,9.65234375
100,951000000,imu1_frame,nan,nan,nan,nan,-0.01611160704741261,0.0030780179854243174,-0.008810057019595426,-0.11328125,0.421875,9.65234375
100,971000000,imu1_frame,nan,nan,nan,nan,-0.01611160704741261,0.0030780179854243174,-0.008810057019595426,-0.11328125,0.421875,9.65234375
100,991000000,imu1_frame,nan,nan,nan,nan,-0.010252232047412609,0.008937392985424317,-0.008810057019595426,-0.11328125,0.421875,9.65234375
101,13000000,imu1_frame,nan,nan,nan,nan,-0.010252232047412609,0.008937392985424317,-0.008810057019595426,-0.11328125,0.421875,9.65234375
101,31000000,imu1_frame,nan,nan,nan,nan,-0.010252232047412609,0.008937392985424317,-0.008810057019595426,-0.11328125,0.421875,9.65234375
101,51000000,imu1_frame,nan,nan,nan,nan,-0.01611160704741261,0.006984267985424317,-0.008810057019595426,-0.11328125,0.421875,9.65234375
101,71000000,imu1_frame,nan,nan,nan,nan,-0.014158482047412609,0.005031142985424317,-0.010763182019595426,-0.11328125,0.421875,9.65234375
101,91000000,imu1_frame,nan,nan,nan,nan,-0.014158482047412609,0.005031142985424317,-0.010763182019595426,-0.11328125,0.421875,9.65234375
101,111000000,imu1_frame,nan,nan,nan,nan,-0.014158482047412609,0.005031142985424317,-0.010763182019595426,-0.11328125,0.421875,9.65234375
101,131000000,imu1_frame,nan,nan,nan,nan,-0.014158482047412609,-0.0027813570145756826,-0.0029506820195954256,-0.11328125,0.421875,9.65234375
101,151000000,imu1_frame,nan,nan,nan,nan,-0.014158482047412609,-0.0027813570145756826,-0.0029506820195954256,-0.11328125,0.421875,9.65234375
101,171000000,imu1_frame,nan,nan,nan,nan,-0.014158482047412609,-0.0027813570145756826,-0.0029506820195954256,-0.11328125,0.421875,9.6875
101,191000000,imu1_frame,nan,nan,nan,nan,-0.014158482047412609,-0.0027813570145756826,-0.0029506820195954256,-0.11328125,0.421875,9.65234375
101,211000000,imu1_frame,nan,nan,nan,nan,-0.01806473204741261,-0.0008282320145756826,-0.010763182019595426,-0.11328125,0.421875,9.65234375
101,231000000,imu1_frame,nan,nan,nan,nan,-0.01806473204741261,-0.0008282320145756826,-0.010763182019595426,-0.11328125,0.421875,9.6875
101,251000000,imu1_frame,nan,nan,nan,nan,-0.01806473204741261,-0.0008282320145756826,-0.010763182019595426,-0.11328125,0.421875,9.65234375
101,271000000,imu1_frame,nan,nan,nan,nan,-0.01806473204741261,-0.0008282320145756826,-0.010763182019595426,-0.078125,0.421875,9.65234375
101,291000000,imu1_frame,nan,nan,nan,nan,-0.012205357047412609,0.012843642985424317,-0.008810057019595426,-0.078125,0.421875,9.65234375
101,311000000,imu1_frame,nan,nan,nan,nan,-0.012205357047412609,0.012843642985424317,-0.008810057019595426,-0.11328125,0.421875,9.6875
101,331000000,imu1_frame,nan,nan,nan,nan,-0.012205357047412609,0.012843642985424317,-0.008810057019595426,-0.11328125,0.421875,9.65234375
101,351000000,imu1_frame,nan,nan,nan,nan,-0.012205357047412609,0.012843642985424317,-0.008810057019595426,-0.11328125,0.421875,9.65234375
101,371000000,imu1_frame,nan,nan,nan,nan,-0.01611160704741261,0.005031142985424317,-0.006856932019595426,-0.11328125,0.421875,9.65234375
101,391000000,imu1_frame,nan,nan,nan,nan,-0.01611160704741261,0.005031142985424317,-0.006856932019595426,-0.11328125,0.421875,9.65234375
101,411000000,imu1_frame,nan,nan,nan,nan,-0.01611160704741261,0.005031142985424317,-0.006856932019595426,-0.11328125,0.421875,9.65234375
101,431000000,imu1_frame,nan,nan,nan,nan,-0.014158482047412609,0.008937392985424317,-0.008810057019595426,-0.11328125,0.421875,9.65234375
101,451000000,imu1_frame,nan,nan,nan,nan,-0.01611160704741261,0.005031142985424317,-0.006856932019595426,-0.11328125,0.421875,9.65234375
101,471000000,imu1_frame,nan,nan,nan,nan,-0.01611160704741261,0.005031142985424317,-0.006856932019595426,-0.11328125,0.421875,9.65234375
101,491000000,imu1_frame,nan,nan,nan,nan,-0.01611160704741261,0.005031142985424317,-0.006856932019595426,-0.11328125,0.421875,9.65234375
101,511000000,imu1_frame,nan,nan,nan,nan,-0.010252232047412609,0.005031142985424317,-0.006856932019595426,-0.11328125,0.421875,9.65234375
101,531000000,imu1_frame,nan,nan,nan,nan,-0.010252232047412609,0.005031142985424317,-0.006856932019595426,-0.11328125,0.421875,9.65234375
101,551000000,imu1_frame,nan,nan,nan,nan,-0.010252232047412609,0.005031142985424317,-0.006856932019595426,-0.11328125,0.421875,9.65234375
101,571000000,imu1_frame,nan,nan,nan,nan,-0.010252232047412609,0.005031142985424317,-0.006856932019595426,-0.11328125,0.421875,9.65234375
101,591000000,imu1_frame,nan,nan,nan,nan,-0.014158482047412609,0.008937392985424317,-0.004903807019595426,-0.11328125,0.421875,9.65234375
101,611000000,imu1_frame,nan,nan,nan,nan,-0.014158482047412609,0.008937392985424317,-0.004903807019595426,-0.11328125,0.421875,9.65234375
101,631000000,imu1_frame,nan,nan,nan,nan,-0.014158482047412609,0.008937392985424317,-0.004903807019595426,-0.11328125,0.421875,9.65234375
101,651000000,imu1_frame,nan,nan,nan,nan,-0.014158482047412609,0.008937392985424317,-0.004903807019595426,-0.11328125,0.421875,9.65234375
101,671000000,imu1_frame,nan,nan,nan,nan,-0.014158482047412609,0.005031142985424317,-0.006856932019595426,-0.11328125,0.421875,9.65234375
101,691000000,imu1_frame,nan,nan,nan,nan,-0.014158482047412609,0.005031142985424317,-0.006856932019595426,-0.078125,0.421875,9.65234375
101,711000000,imu1_frame,nan,nan,nan,nan,-0.014158482047412609,0.005031142985424317,-0.006856932019595426,-0.078125,0.421875,9.65234375
101,731000000,imu1_frame,nan,nan,nan,nan,-0.014158482047412609,0.005031142985424317,-0.006856932019595426,-0.078125,0.421875,9.65234375
101,751000000,imu1_frame,nan,nan,nan,nan,-0.014158482047412609,0.005031142985424317,-0.006856932019595426,-0.078125,0.421875,9.65234375
101,771000000,imu1_frame,nan,nan,nan,nan,-0.014158482047412609,0.005031142985424317,-0.006856932019595426,-0.11328125,0.421875,9.65234375
101,791000000,imu1_frame,nan,nan,nan,nan,-0.014158482047412609,0.005031142985424317,-0.006856932019595426,-0.11328125,0.421875,9.65234375
101,811000000,imu1_frame,nan,nan,nan,nan,-0.014158482047412609,0.005031142985424317,-0.006856932019595426,-0.11328125,0.421875,9.65234375
101,831000000,imu1_frame,nan,nan,nan,nan,-0.014158482047412609,0.005031142985424317,-0.006856932019595426,-0.11328125,0.421875,9.65234375
101,851000000,imu1_frame,nan,nan,nan,nan,-0.014158482047412609,0.005031142985424317,-0.006856932019595426,-0.11328125,0.421875,9.65234375
101,871000000,imu1_frame,nan,nan,nan,nan,-0.014158482047412609,0.005031142985424317,-0.006856932019595426,-0.11328125,0.421875,9.65234375
101,891000000,imu1_frame,nan,nan,nan,nan,-0.014158482047412609,0.005031142985424317,-0.006856932019595426,-0.11328125,0.421875,9.65234375
101,911000000,imu1_frame,nan,nan,nan,nan,-0.014158482047412609,0.005031142985424317,-0.006856932019595426,-0.11328125,0.421875,9.65234375
101,931000000,imu1_frame,nan,nan,nan,nan,-0.014158482047412609,0.005031142985424317,-0.006856932019595426,-0.078125,0.421875,9.65234375
101,951000000,imu1_frame,nan,nan,nan,nan,-0.014158482047412609,0.005031142985424317,-0.006856932019595426,-0.078125,0.421875,9.6875
101,971000000,imu1_frame,nan,nan,nan,nan,-0.014158482047412609,0.005031142985424317,-0.006856932019595426,-0.078125,0.421875,9.6875
101,991000000,imu1_frame,nan,nan,nan,nan,-0.014158482047412609,0.005031142985424317,-0.006856932019595426,-0.078125,0.421875,9.65234375
102,11000000,imu1_frame,nan,nan,nan,nan,-0.014158482047412609,0.005031142985424317,-0.006856932019595426,-0.11328125,0.421875,9.65234375
102,31000000,imu1_frame,nan,nan,nan,nan,-0.014158482047412609,0.005031142985424317,-0.006856932019595426,-0.078125,0.421875,9.65234375
102,51000000,imu1_frame,nan,nan,nan,nan,-0.014158482047412609,0.005031142985424317,-0.006856932019595426,-0.078125,0.421875,9.65234375
102,71000000,imu1_frame,nan,nan,nan,nan,-0.014158482047412609,0.005031142985424317,-0.006856932019595426,-0.078125,0.421875,9.65234375
102,91000000,imu1_frame,nan,nan,nan,nan,-0.014158482047412609,0.005031142985424317,-0.006856932019595426,-0.078125,0.421875,9.65234375
102,111000000,imu1_frame,nan,nan,nan,nan,-0.014158482047412609,0.005031142985424317,-0.006856932019595426,-0.078125,0.421875,9.65234375
102,131000000,imu1_frame,nan,nan,nan,nan,-0.014158482047412609,0.005031142985424317,-0.006856932019595426,-0.078125,0.421875,9.65234375
102,151000000,imu1_frame,nan,nan,nan,nan,-0.014158482047412609,0.005031142985424317,-0.006856932019595426,-0.078125,0.421875,9.65234375
102,171000000,imu1_frame,nan,nan,nan,nan,-0.014158482047412609,0.005031142985424317,-0.006856932019595426,-0.11328125,0.3828125,9.6484375
102,191000000,imu1_frame,nan,nan,nan,nan,-0.014158482047412609,0.005031142985424317,-0.006856932019595426,-0.11328125,0.3828125,9.6484375
102,211000000,imu1_frame,nan,nan,nan,nan,-0.014158482047412609,0.005031142985424317,-0.006856932019595426,-0.078125,0.421875,9.6875
102,231000000,imu1_frame,nan,nan,nan,nan,-0.014158482047412609,0.005031142985424317,-0.006856932019595426,-0.078125,0.421875,9.65234375
102,251000000,imu1_frame,nan,nan,nan,nan,-0.014158482047412609,0.005031142985424317,-0.006856932019595426,-0.078125,0.421875,9.6875
102,271000000,imu1_frame,nan,nan,nan,nan,-0.008299107047412609,0.022609267985424317,-0.010763182019595426,-0.078125,0.421875,9.6875
102,291000000,imu1_frame,nan,nan,nan,nan,-0.008299107047412609,0.022609267985424317,-0.010763182019595426,-0.11328125,0.421875,9.65234375
102,311000000,imu1_frame,nan,nan,nan,nan,-0.008299107047412609,0.022609267985424317,-0.010763182019595426,-0.078125,0.421875,9.65234375
102,331000000,imu1_frame,nan,nan,nan,nan,-0.008299107047412609,0.022609267985424317,-0.010763182019595426,-0.078125,0.421875,9.65234375
102,351000000,imu1_frame,nan,nan,nan,nan,-0.01806473204741261,-0.006687607014575683,-0.004903807019595426,-0.078125,0.421875,9.65234375
102,371000000,imu1_frame,nan,nan,nan,nan,-0.01806473204741261,-0.006687607014575683,-0.004903807019595426,-0.078125,0.421875,9.6875
102,391000000,imu1_frame,nan,nan,nan,nan,-0.01806473204741261,-0.006687607014575683,-0.004903807019595426,-0.078125,0.421875,9.6875
102,411000000,imu1_frame,nan,nan,nan,nan,-0.01806473204741261,-0.006687607014575683,-0.004903807019595426,-0.078125,0.421875,9.65234375
102,431000000,imu1_frame,nan,nan,nan,nan,-0.010252232047412609,0.006984267985424317,-0.010763182019595426,-0.078125,0.421875,9.65234375
102,451000000,imu1_frame,nan,nan,nan,nan,-0.010252232047412609,0.006984267985424317,-0.010763182019595426,-0.078125,0.421875,9.65234375
102,471000000,imu1_frame,nan,nan,nan,nan,-0.010252232047412609,0.006984267985424317,-0.010763182019595426,-0.078125,0.421875,9.6875
102,491000000,imu1_frame,nan,nan,nan,nan,-0.010252232047412609,0.006984267985424317,-0.010763182019595426,-0.078125,0.421875,9.65234375
102,511000000,imu1_frame,nan,nan,nan,nan,-0.014158482047412609,0.0011248929854243174,-0.004903807019595426,-0.078125,0.421875,9.65234375
102,531000000,imu1_frame,nan,nan,nan,nan,-0.014158482047412609,0.0011248929854243174,-0.004903807019595426,-0.078125,0.421875,9.65234375
102,551000000,imu1_frame,nan,nan,nan,nan,-0.014158482047412609,0.0011248929854243174,-0.004903807019595426,-0.11328125,0.421875,9.65234375
102,571000000,imu1_frame,nan,nan,nan,nan,-0.012205357047412609,0.008937392985424317,-0.010763182019595426,-0.11328125,0.421875,9.65234375
102,591000000,imu1_frame,nan,nan,nan,nan,-0.012205357047412609,0.008937392985424317,-0.010763182019595426,-0.078125,0.421875,9.65234375
102,611000000,imu1_frame,nan,nan,nan,nan,-0.012205357047412609,0.008937392985424317,-0.010763182019595426,-0.078125,0.3828125,9.6484375
102,631000000,imu1_frame,nan,nan,nan,nan,-0.012205357047412609,0.008937392985424317,-0.010763182019595426,-0.078125,0.421875,9.65234375
102,651000000,imu1_frame,nan,nan,nan,nan,-0.01806473204741261,-0.0008282320145756826,-0.004903807019595426,-0.078125,0.421875,9.65234375
102,671000000,imu1_frame,nan,nan,nan,nan,-0.01806473204741261,-0.0008282320145756826,-0.004903807019595426,-0.078125,0.421875,9.65234375
102,691000000,imu1_frame,nan,nan,nan,nan,-0.01806473204741261,-0.0008282320145756826,-0.004903807019595426,-0.078125,0.421875,9.65234375
102,711000000,imu1_frame,nan,nan,nan,nan,-0.01806473204741261,-0.0008282320145756826,-0.004903807019595426,-0.078125,0.421875,9.65234375
102,731000000,imu1_frame,nan,nan,nan,nan,-0.014158482047412609,0.005031142985424317,-0.004903807019595426,-0.078125,0.421875,9.65234375
102,751000000,imu1_frame,nan,nan,nan,nan,-0.014158482047412609,0.005031142985424317,-0.004903807019595426,-0.078125,0.421875,9.6875
102,771000000,imu1_frame,nan,nan,nan,nan,-0.014158482047412609,0.005031142985424317,-0.004903807019595426,-0.078125,0.421875,9.65234375
102,791000000,imu1_frame,nan,nan,nan,nan,-0.014158482047412609,0.005031142985424317,-0.004903807019595426,-0.078125,0.421875,9.65234375
102,811000000,imu1_frame,nan,nan,nan,nan,-0.008299107047412609,0.010890517985424317,-0.008810057019595426,-0.078125,0.421875,9.65234375
102,831000000,imu1_frame,nan,nan,nan,nan,-0.008299107047412609,0.010890517985424317,-0.008810057019595426,-0.078125,0.3828125,9.6484375
102,851000000,imu1_frame,nan,nan,nan,nan,-0.008299107047412609,0.010890517985424317,-0.008810057019595426,-0.11328125,0.3828125,9.6484375
102,871000000,imu1_frame,nan,nan,nan,nan,-0.014158482047412609,0.008937392985424317,-0.006856932019595426,-0.11328125,0.3828125,9.6484375
102,891000000,imu1_frame,nan,nan,nan,nan,-0.014158482047412609,0.005031142985424317,-0.008810057019595426,-0.11328125,0.3828125,9.6484375
102,911000000,imu1_frame,nan,nan,nan,nan,-0.014158482047412609,0.005031142985424317,-0.008810057019595426,-0.078125,0.3828125,9.6484375
102,931000000,imu1_frame,nan,nan,nan,nan,-0.014158482047412609,0.005031142985424317,-0.008810057019595426,-0.078125,0.421875,9.65234375
102,951000000,imu1_frame,nan,nan,nan,nan,-0.01611160704741261,-0.0008282320145756826,-0.004903807019595426,-0.078125,0.421875,9.65234375
102,971000000,imu1_frame,nan,nan,nan,nan,-0.01611160704741261,-0.0008282320145756826,-0.004903807019595426,-0.078125,0.421875,9.6875
102,991000000,imu1_frame,nan,nan,nan,nan,-0.01611160704741261,-0.0008282320145756826,-0.004903807019595426,-0.078125,0.421875,9.65234375
103,15000000,imu1_frame,nan,nan,nan,nan,-0.01611160704741261,-0.0008282320145756826,-0.004903807019595426,-0.078125,0.421875,9.65234375
103,31000000,imu1_frame,nan,nan,nan,nan,-0.01806473204741261,-0.010593857014575683,-0.0029506820195954256,-0.078125,0.421875,9.65234375
103,51000000,imu1_frame,nan,nan,nan,nan,-0.01806473204741261,-0.010593857014575683,-0.0029506820195954256,-0.078125,0.421875,9.65234375
103,71000000,imu1_frame,nan,nan,nan,nan,-0.01806473204741261,-0.010593857014575683,-0.0029506820195954256,-0.078125,0.3828125,9.6484375
103,91000000,imu1_frame,nan,nan,nan,nan,-0.01806473204741261,-0.010593857014575683,-0.0029506820195954256,-0.078125,0.421875,9.65234375
103,111000000,imu1_frame,nan,nan,nan,nan,-0.010252232047412609,0.006984267985424317,-0.008810057019595426,-0.078125,0.421875,9.65234375
103,131000000,imu1_frame,nan,nan,nan,nan,-0.010252232047412609,0.006984267985424317,-0.008810057019595426,-0.078125,0.421875,9.6875
103,151000000,imu1_frame,nan,nan,nan,nan,-0.010252232047412609,0.006984267985424317,-0.008810057019595426,-0.078125,0.421875,9.6875
103,171000000,imu1_frame,nan,nan,nan,nan,-0.010252232047412609,0.006984267985424317,-0.008810057019595426,-0.078125,0.421875,9.65234375
103,191000000,imu1_frame,nan,nan,nan,nan,-0.01806473204741261,0.0011248929854243174,-0.008810057019595426,-0.078125,0.421875,9.65234375
103,211000000,imu1_frame,nan,nan,nan,nan,-0.01806473204741261,0.0011248929854243174,-0.008810057019595426,-0.078125,0.3828125,9.6484375
103,231000000,imu1_frame,nan,nan,nan,nan,-0.01806473204741261,0.0011248929854243174,-0.008810057019595426,-0.078125,0.421875,9.65234375
103,251000000,imu1_frame,nan,nan,nan,nan,-0.01611160704741261,0.0030780179854243174,-0.008810057019595426,-0.078125,0.421875,9.65234375
103,271000000,imu1_frame,nan,nan,nan,nan,-0.014158482047412609,0.005031142985424317,-0.008810057019595426,-0.078125,0.421875,9.65234375
103,291000000,imu1_frame,nan,nan,nan,nan,-0.014158482047412609,0.005031142985424317,-0.008810057019595426,-0.078125,0.421875,9.65234375
103,311000000,imu1_frame,nan,nan,nan,nan,-0.014158482047412609,0.005031142985424317,-0.008810057019595426,-0.078125,0.3828125,9.69140625
103,331000000,imu1_frame,nan,nan,nan,nan,-0.01806473204741261,0.0030780179854243174,-0.006856932019595426,-0.078125,0.3828125,9.69140625
103,351000000,imu1_frame,nan,nan,nan,nan,-0.01806473204741261,0.0030780179854243174,-0.006856932019595426,-0.078125,0.3828125,9.6484375
103,371000000,imu1_frame,nan,nan,nan,nan,-0.01806473204741261,0.0030780179854243174,-0.006856932019595426,-0.078125,0.3828125,9.6484375
103,391000000,imu1_frame,nan,nan,nan,nan,-0.01806473204741261,0.0030780179854243174,-0.006856932019595426,-0.0390625,0.421875,9.65234375
103,411000000,imu1_frame,nan,nan,nan,nan,-0.01806473204741261,-0.006687607014575683,-0.008810057019595426,-0.0390625,0.421875,9.65234375
103,431000000,imu1_frame,nan,nan,nan,nan,-0.01806473204741261,-0.006687607014575683,-0.008810057019595426,-0.078125,0.3828125,9.69140625
103,451000000,imu1_frame,nan,nan,nan,nan,-0.01806473204741261,-0.006687607014575683,-0.008810057019595426,-0.078125,0.3828125,9.6484375
103,471000000,imu1_frame,nan,nan,nan,nan,-0.01806473204741261,-0.006687607014575683,-0.008810057019595426,-0.078125,0.3828125,9.6484375
103,491000000,imu1_frame,nan,nan,nan,nan,-0.02001785704741261,-0.010593857014575683,-0.004903807019595426,-0.078125,0.3828125,9.6484375
103,511000000,imu1_frame,nan,nan,nan,nan,-0.02001785704741261,-0.010593857014575683,-0.004903807019595426,-0.0390625,0.3828125,9.6484375
103,531000000,imu1_frame,nan,nan,nan,nan,-0.02001785704741261,-0.010593857014575683,-0.004903807019595426,-0.0390625,0.3828125,9.6484375
103,551000000,imu1_frame,nan,nan,nan,nan,-0.02001785704741261,-0.0008282320145756826,-0.0029506820195954256,-0.0390625,0.3828125,9.6484375
103,571000000,imu1_frame,nan,nan,nan,nan,-0.01806473204741261,-0.006687607014575683,-0.004903807019595426,-0.0390625,0.3828125,9.6484375
103,591000000,imu1_frame,nan,nan,nan,nan,-0.01806473204741261,-0.006687607014575683,-0.004903807019595426,-0.0390625,0.3828125,9.69140625
103,611000000,imu1_frame,nan,nan,nan,nan,-0.01806473204741261,-0.006687607014575683,-0.004903807019595426,-0.078125,0.3828125,9.6484375
103,631000000,imu1_frame,nan,nan,nan,nan,-0.014158482047412609,-0.0008282320145756826,-0.006856932019595426,-0.078125,0.3828125,9.6484375
103,651000000,imu1_frame,nan,nan,nan,nan,-0.014158482047412609,0.0030780179854243174,-0.008810057019595426,-0.078125,0.3828125,9.6484375
103,671000000,imu1_frame,nan,nan,nan,nan,-0.014158482047412609,0.0030780179854243174,-0.008810057019595426,-0.0390625,0.3828125,9.69140625
103,691000000,imu1_frame,nan,nan,nan,nan,-0.014158482047412609,0.0030780179854243174,-0.008810057019595426,0.0,0.3828125,9.6484375
103,711000000,imu1_frame,nan,nan,nan,nan,-0.012205357047412609,0.006984267985424317,-0.0029506820195954256,0.0,0.3828125,9.6484375
103,731000000,imu1_frame,nan,nan,nan,nan,-0.012205357047412609,0.006984267985424317,-0.0029506820195954256,-0.0390625,0.3828125,9.69140625
103,751000000,imu1_frame,nan,nan,nan,nan,-0.012205357047412609,0.006984267985424317,-0.0029506820195954256,-0.0390625,0.3828125,9.6484375
103,771000000,imu1_frame,nan,nan,nan,nan,-0.012205357047412609,0.006984267985424317,-0.0029506820195954256,-0.0390625,0.3828125,9.6484375
103,791000000,imu1_frame,nan,nan,nan,nan,-0.014158482047412609,0.008937392985424317,-0.006856932019595426,-0.0390625,0.3828125,9.6484375
103,811000000,imu1_frame,nan,nan,nan,nan,-0.014158482047412609,0.008937392985424317,-0.006856932019595426,-0.0390625,0.3828125,9.6484375
103,831000000,imu1_frame,nan,nan,nan,nan,-0.014158482047412609,0.008937392985424317,-0.006856932019595426,-0.0390625,0.3828125,9.6484375
103,851000000,imu1_frame,nan,nan,nan,nan,-0.014158482047412609,0.008937392985424317,-0.006856932019595426,-0.0390625,0.421875,9.65234375
103,871000000,imu1_frame,nan,nan,nan,nan,-0.01611160704741261,0.005031142985424317,-0.008810057019595426,-0.0390625,0.421875,9.65234375
103,891000000,imu1_frame,nan,nan,nan,nan,-0.01611160704741261,0.005031142985424317,-0.008810057019595426,-0.078125,0.3828125,9.6484375
103,911000000,imu1_frame,nan,nan,nan,nan,-0.01611160704741261,0.005031142985424317,-0.008810057019595426,-0.0390625,0.3828125,9.6484375
103,931000000,imu1_frame,nan,nan,nan,nan,-0.010252232047412609,0.005031142985424317,-0.008810057019595426,-0.0390625,0.3828125,9.6484375
103,951000000,imu1_frame,nan,nan,nan,nan,-0.014158482047412609,0.0030780179854243174,-0.010763182019595426,-0.0390625,0.3828125,9.6484375
103,971000000,imu1_frame,nan,nan,nan,nan,-0.014158482047412609,0.0030780179854243174,-0.010763182019595426,-0.0390625,0.3828125,9.6484375
103,991000000,imu1_frame,nan,nan,nan,nan,-0.014158482047412609,0.0030780179854243174,-0.010763182019595426,-0.0390625,0.3828125,9.6484375
104,11000000,imu1_frame,nan,nan,nan,nan,-0.014158482047412609,0.0030780179854243174,-0.010763182019595426,-0.0390625,0.3828125,9.69140625
104,31000000,imu1_frame,nan,nan,nan,nan,-0.014158482047412609,0.008937392985424317,-0.010763182019595426,-0.0390625,0.3828125,9.69140625
104,51000000,imu1_frame,nan,nan,nan,nan,-0.014158482047412609,0.008937392985424317,-0.010763182019595426,-0.0390625,0.3828125,9.69140625
104,71000000,imu1_frame,nan,nan,nan,nan,-0.014158482047412609,0.008937392985424317,-0.010763182019595426,-0.0390625,0.3828125,9.69140625
104,91000000,imu1_frame,nan,nan,nan,nan,-0.014158482047412609,0.005031142985424317,-0.008810057019595426,-0.0390625,0.3828125,9.69140625
104,111000000,imu1_frame,nan,nan,nan,nan,-0.014158482047412609,0.005031142985424317,-0.008810057019595426,-0.0390625,0.3828125,9.6484375
104,131000000,imu1_frame,nan,nan,nan,nan,-0.014158482047412609,0.005031142985424317,-0.008810057019595426,-0.0390625,0.3828125,9.6484375
104,151000000,imu1_frame,nan,nan,nan,nan,-0.014158482047412609,0.005031142985424317,-0.008810057019595426,-0.0390625,0.3828125,9.6484375
104,171000000,imu1_frame,nan,nan,nan,nan,-0.008299107047412609,0.008937392985424317,-0.010763182019595426,-0.0390625,0.3828125,9.6484375
104,191000000,imu1_frame,nan,nan,nan,nan,-0.008299107047412609,0.008937392985424317,-0.010763182019595426,-0.0390625,0.3828125,9.6484375
104,211000000,imu1_frame,nan,nan,nan,nan,-0.008299107047412609,0.008937392985424317,-0.010763182019595426,-0.0390625,0.3828125,9.6484375
104,231000000,imu1_frame,nan,nan,nan,nan,-0.008299107047412609,0.008937392985424317,-0.010763182019595426,-0.0390625,0.3828125,9.6484375
104,251000000,imu1_frame,nan,nan,nan,nan,-0.014158482047412609,0.008937392985424317,-0.008810057019595426,-0.0390625,0.3828125,9.6484375
104,271000000,imu1_frame,nan,nan,nan,nan,-0.014158482047412609,0.008937392985424317,-0.008810057019595426,-0.0390625,0.3828125,9.6484375
104,291000000,imu1_frame,nan,nan,nan,nan,-0.014158482047412609,0.008937392985424317,-0.008810057019595426,-0.0390625,0.421875,9.65234375
104,311000000,imu1_frame,nan,nan,nan,nan,-0.014158482047412609,0.008937392985424317,-0.008810057019595426,-0.0390625,0.421875,9.65234375
104,331000000,imu1_frame,nan,nan,nan,nan,-0.010252232047412609,0.010890517985424317,-0.008810057019595426,-0.0390625,0.421875,9.65234375
104,351000000,imu1_frame,nan,nan,nan,nan,-0.010252232047412609,0.010890517985424317,-0.008810057019595426,-0.0390625,0.3828125,9.6484375
104,371000000,imu1_frame,nan,nan,nan,nan,-0.010252232047412609,0.010890517985424317,-0.008810057019595426,-0.0390625,0.421875,9.65234375
104,391000000,imu1_frame,nan,nan,nan,nan,-0.014158482047412609,0.0030780179854243174,-0.008810057019595426,-0.0390625,0.421875,9.65234375
104,411000000,imu1_frame,nan,nan,nan,nan,-0.01611160704741261,-0.0027813570145756826,-0.008810057019595426,-0.0390625,0.421875,9.65234375
104,431000000,imu1_frame,nan,nan,nan,nan,-0.01611160704741261,-0.0027813570145756826,-0.008810057019595426,-0.0390625,0.3828125,9.6484375
104,451000000,imu1_frame,nan,nan,nan,nan,-0.01611160704741261,-0.0027813570145756826,-0.008810057019595426,-0.078125,0.3828125,9.6484375
104,471000000,imu1_frame,nan,nan,nan,nan,-0.01806473204741261,-0.004734482014575683,-0.008810057019595426,-0.078125,0.3828125,9.6484375
104,491000000,imu1_frame,nan,nan,nan,nan,-0.01806473204741261,-0.004734482014575683,-0.008810057019595426,-0.0390625,0.3828125,9.69140625
104,511000000,imu1_frame,nan,nan,nan,nan,-0.01806473204741261,-0.004734482014575683,-0.008810057019595426,-0.078125,0.3828125,9.6484375
104,531000000,imu1_frame,nan,nan,nan,nan,-0.01806473204741261,-0.004734482014575683,-0.008810057019595426,-0.0390625,0.3828125,9.6484375
104,551000000,imu1_frame,nan,nan,nan,nan,-0.01611160704741261,0.005031142985424317,-0.006856932019595426,-0.0390625,0.3828125,9.6484375
104,571000000,imu1_frame,nan,nan,nan,nan,-0.01611160704741261,0.005031142985424317,-0.006856932019595426,-0.0390625,0.421875,9.65234375
104,591000000,imu1_frame,nan,nan,nan,nan,-0.01611160704741261,0.005031142985424317,-0.006856932019595426,-0.0390625,0.3828125,9.6484375
104,611000000,imu1_frame,nan,nan,nan,nan,-0.01611160704741261,0.005031142985424317,-0.006856932019595426,0.0,0.3828125,9.6484375
104,631000000,imu1_frame,nan,nan,nan,nan,-0.012205357047412609,0.005031142985424317,-0.006856932019595426,0.0,0.3828125,9.6484375
104,651000000,imu1_frame,nan,nan,nan,nan,-0.012205357047412609,0.005031142985424317,-0.006856932019595426,-0.0390625,0.3828125,9.6484375
104,671000000,imu1_frame,nan,nan,nan,nan,-0.012205357047412609,0.005031142985424317,-0.006856932019595426,-0.0390625,0.3828125,9.6484375
104,691000000,imu1_frame,nan,nan,nan,nan,-0.01806473204741261,-0.0008282320145756826,-0.006856932019595426,-0.0390625,0.3828125,9.6484375
104,711000000,imu1_frame,nan,nan,nan,nan,-0.01611160704741261,0.008937392985424317,-0.008810057019595426,-0.0390625,0.3828125,9.6484375
104,731000000,imu1_frame,nan,nan,nan,nan,-0.01611160704741261,0.008937392985424317,-0.008810057019595426,-0.0390625,0.3828125,9.69140625
104,751000000,imu1_frame,nan,nan,nan,nan,-0.01611160704741261,0.008937392985424317,-0.008810057019595426,-0.0390625,0.3828125,9.6484375
104,771000000,imu1_frame,nan,nan,nan,nan,-0.02001785704741261,0.0030780179854243174,-0.006856932019595426,-0.0390625,0.3828125,9.6484375
104,791000000,imu1_frame,nan,nan,nan,nan,-0.01806473204741261,-0.008640732014575683,-0.004903807019595426,-0.0390625,0.3828125,9.6484375
104,811000000,imu1_frame,nan,nan,nan,nan,-0.01806473204741261,-0.008640732014575683,-0.004903807019595426,-0.0390625,0.421875,9.65234375
104,831000000,imu1_frame,nan,nan,nan,nan,-0.01806473204741261,-0.008640732014575683,-0.004903807019595426,0.0,0.3828125,9.6484375
104,851000000,imu1_frame,nan,nan,nan,nan,-0.01611160704741261,-0.006687607014575683,-0.004903807019595426,0.0,0.3828125,9.6484375
104,871000000,imu1_frame,nan,nan,nan,nan,-0.01611160704741261,-0.006687607014575683,-0.004903807019595426,-0.0390625,0.3828125,9.69140625
104,891000000,imu1_frame,nan,nan,nan,nan,-0.01611160704741261,-0.006687607014575683,-0.004903807019595426,-0.0390625,0.3828125,9.6484375
104,911000000,imu1_frame,nan,nan,nan,nan,-0.01611160704741261,-0.006687607014575683,-0.004903807019595426,-0.0390625,0.3828125,9.6484375
104,931000000,imu1_frame,nan,nan,nan,nan,-0.01611160704741261,0.0011248929854243174,-0.004903807019595426,-0.0390625,0.3828125,9.6484375
104,951000000,imu1_frame,nan,nan,nan,nan,-0.01611160704741261,0.0011248929854243174,-0.004903807019595426,-0.0390625,0.3828125,9.6484375
104,971000000,imu1_frame,nan,nan,nan,nan,-0.01611160704741261,0.0011248929854243174,-0.004903807019595426,0.0,0.3828125,9.69140625
104,991000000,imu1_frame,nan,nan,nan,nan,-0.01611160704741261,0.0011248929854243174,-0.004903807019595426,-0.0390625,0.34375,9.6484375
105,16000000,imu1_frame,nan,nan,nan,nan,-0.014158482047412609,0.005031142985424317,-0.010763182019595426,-0.0390625,0.34375,9.6484375
105,31000000,imu1_frame,nan,nan,nan,nan,-0.014158482047412609,0.005031142985424317,-0.010763182019595426,-0.0390625,0.3828125,9.6484375
105,51000000,imu1_frame,nan,nan,nan,nan,-0.012205357047412609,0.008937392985424317,-0.008810057019595426,-0.0390625,0.3828125,9.6484375
105,71000000,imu1_frame,nan,nan,nan,nan,-0.008299107047412609,0.012843642985424317,-0.010763182019595426,-0.0390625,0.3828125,9.6484375
105,91000000,imu1_frame,nan,nan,nan,nan,-0.01611160704741261,0.0030780179854243174,-0.008810057019595426,-0.0390625,0.3828125,9.6484375
105,111000000,imu1_frame,nan,nan,nan,nan,-0.01611160704741261,0.0030780179854243174,-0.008810057019595426,-0.0390625,0.3828125,9.69140625
105,131000000,imu1_frame,nan,nan,nan,nan,-0.01611160704741261,0.0030780179854243174,-0.008810057019595426,-0.0390625,0.3828125,9.6484375
105,151000000,imu1_frame,nan,nan,nan,nan,-0.01611160704741261,-0.0008282320145756826,-0.004903807019595426,-0.0390625,0.3828125,9.6484375
105,171000000,imu1_frame,nan,nan,nan,nan,-0.01611160704741261,0.010890517985424317,-0.010763182019595426,-0.0390625,0.3828125,9.6484375
105,191000000,imu1_frame,nan,nan,nan,nan,-0.01611160704741261,0.010890517985424317,-0.010763182019595426,0.0,0.3828125,9.6484375
105,211000000,imu1_frame,nan,nan,nan,nan,-0.01611160704741261,0.010890517985424317,-0.010763182019595426,-0.0390625,0.421875,9.65234375
105,231000000,imu1_frame,nan,nan,nan,nan,-0.01611160704741261,0.0030780179854243174,-0.010763182019595426,-0.0390625,0.421875,9.65234375
105,251000000,imu1_frame,nan,nan,nan,nan,-0.01611160704741261,0.0030780179854243174,-0.010763182019595426,-0.0390625,0.3828125,9.6484375
105,271000000,imu1_frame,nan,nan,nan,nan,-0.01611160704741261,0.0030780179854243174,-0.010763182019595426,-0.0390625,0.3828125,9.6484375
105,291000000,imu1_frame,nan,nan,nan,nan,-0.01611160704741261,0.0030780179854243174,-0.010763182019595426,0.0,0.3828125,9.69140625
105,311000000,imu1_frame,nan,nan,nan,nan,-0.010252232047412609,0.012843642985424317,-0.012716307019595426,0.0,0.3828125,9.69140625
105,331000000,imu1_frame,nan,nan,nan,nan,-0.010252232047412609,0.012843642985424317,-0.012716307019595426,-0.0390625,0.3828125,9.6484375
105,351000000,imu1_frame,nan,nan,nan,nan,-0.010252232047412609,0.012843642985424317,-0.012716307019595426,-0.0390625,0.3828125,9.6484375
105,371000000,imu1_frame,nan,nan,nan,nan,-0.010252232047412609,0.012843642985424317,-0.012716307019595426,-0.0390625,0.3828125,9.69140625
105,391000000,imu1_frame,nan,nan,nan,nan,-0.014158482047412609,0.006984267985424317,-0.010763182019595426,-0.0390625,0.3828125,9.69140625
105,411000000,imu1_frame,nan,nan,nan,nan,-0.014158482047412609,0.006984267985424317,-0.010763182019595426,-0.0390625,0.3828125,9.6484375
105,431000000,imu1_frame,nan,nan,nan,nan,-0.014158482047412609,0.006984267985424317,-0.010763182019595426,-0.0390625,0.3828125,9.69140625
105,451000000,imu1_frame,nan,nan,nan,nan,-0.014158482047412609,0.008937392985424317,-0.008810057019595426,-0.0390625,0.3828125,9.69140625
105,471000000,imu1_frame,nan,nan,nan,nan,-0.012205357047412609,0.005031142985424317,-0.006856932019595426,-0.0390625,0.3828125,9.69140625
105,491000000,imu1_frame,nan,nan,nan,nan,-0.012205357047412609,0.005031142985424317,-0.006856932019595426,-0.0390625,0.3828125,9.6484375
105,511000000,imu1_frame,nan,nan,nan,nan,-0.012205357047412609,0.005031142985424317,-0.006856932019595426,-0.0390625,0.3828125,9.6484375
105,531000000,imu1_frame,nan,nan,nan,nan,-0.01611160704741261,0.0030780179854243174,-0.010763182019595426,-0.0390625,0.3828125,9.6484375
105,551000000,imu1_frame,nan,nan,nan,nan,-0.014158482047412609,0.0011248929854243174,-0.008810057019595426,-0.0390625,0.3828125,9.6484375
105,571000000,imu1_frame,nan,nan,nan,nan,-0.014158482047412609,0.0011248929854243174,-0.008810057019595426,-0.0390625,0.3828125,9.69140625
105,591000000,imu1_frame,nan,nan,nan,nan,-0.014158482047412609,0.0011248929854243174,-0.008810057019595426,-0.0390625,0.3828125,9.6484375
105,611000000,imu1_frame,nan,nan,nan,nan,-0.010252232047412609,0.008937392985424317,-0.010763182019595426,-0.0390625,0.3828125,9.6484375
105,631000000,imu1_frame,nan,nan,nan,nan,-0.010252232047412609,0.008937392985424317,-0.010763182019595426,-0.0390625,0.3828125,9.69140625
105,651000000,imu1_frame,nan,nan,nan,nan,-0.010252232047412609,0.008937392985424317,-0.010763182019595426,-0.0390625,0.3828125,9.6484375
105,671000000,imu1_frame,nan,nan,nan,nan,-0.010252232047412609,0.008937392985424317,-0.010763182019595426,-0.0390625,0.3828125,9.6484375
105,691000000,imu1_frame,nan,nan,nan,nan,-0.01611160704741261,0.0030780179854243174,-0.010763182019595426,-0.0390625,0.3828125,9.6484375
105,711000000,imu1_frame,nan,nan,nan,nan,-0.01611160704741261,0.0030780179854243174,-0.010763182019595426,-0.0390625,0.3828125,9.6484375
105,731000000,imu1_frame,nan,nan,nan,nan,-0.01611160704741261,0.0030780179854243174,-0.010763182019595426,-0.0390625,0.3828125,9.6484375
105,751000000,imu1_frame,nan,nan,nan,nan,-0.01611160704741261,0.0030780179854243174,-0.010763182019595426,0.0,0.3828125,9.69140625
105,771000000,imu1_frame,nan,nan,nan,nan,-0.01806473204741261,0.005031142985424317,-0.010763182019595426,0.0,0.3828125,9.69140625
105,791000000,imu1_frame,nan,nan,nan,nan,-0.01806473204741261,0.005031142985424317,-0.010763182019595426,-0.0390625,0.3828125,9.69140625
105,811000000,imu1_frame,nan,nan,nan,nan,-0.01806473204741261,0.005031142985424317,-0.010763182019595426,-0.0390625,0.3828125,9.6484375
105,831000000,imu1_frame,nan,nan,nan,nan,-0.012205357047412609,0.006984267985424317,-0.010763182019595426,-0.0390625,0.3828125,9.6484375
105,851000000,imu1_frame,nan,nan,nan,nan,-0.01806473204741261,0.008937392985424317,-0.004903807019595426,-0.0390625,0.3828125,9.6484375
105,871000000,imu1_frame,nan,nan,nan,nan,-0.01806473204741261,0.008937392985424317,-0.004903807019595426,-0.0390625,0.3828125,9.69140625
105,891000000,imu1_frame,nan,nan,nan,nan,-0.01806473204741261,0.008937392985424317,-0.004903807019595426,-0.0390625,0.3828125,9.6484375
105,911000000,imu1_frame,nan,nan,nan,nan,-0.01611160704741261,0.0030780179854243174,-0.004903807019595426,-0.0390625,0.3828125,9.6484375
105,931000000,imu1_frame,nan,nan,nan,nan,-0.01611160704741261,0.0030780179854243174,-0.010763182019595426,-0.0390625,0.3828125,9.6484375
105,951000000,imu1_frame,nan,nan,nan,nan,-0.01611160704741261,0.0030780179854243174,-0.010763182019595426,-0.0390625,0.3828125,9.69140625
105,971000000,imu1_frame,nan,nan,nan,nan,-0.01611160704741261,0.0030780179854243174,-0.010763182019595426,-0.0390625,0.3828125,9.6484375
105,991000000,imu1_frame,nan,nan,nan,nan,-0.012205357047412609,0.005031142985424317,-0.004903807019595426,-0.0390625,0.3828125,9.6484375
106,11000000,imu1_frame,nan,nan,nan,nan,-0.012205357047412609,0.005031142985424317,-0.004903807019595426,-0.0390625,0.3828125,9.6484375
106,31000000,imu1_frame,nan,nan,nan,nan,-0.012205357047412609,0.005031142985424317,-0.004903807019595426,-0.0390625,0.3828125,9.69140625
106,51000000,imu1_frame,nan,nan,nan,nan,-0.012205357047412609,0.005031142985424317,-0.004903807019595426,-0.0390625,0.3828125,9.69140625
106,71000000,imu1_frame,nan,nan,nan,nan,-0.014158482047412609,0.0030780179854243174,-0.008810057019595426,-0.0390625,0.3828125,9.69140625
106,91000000,imu1_frame,nan,nan,nan,nan,-0.014158482047412609,0.0030780179854243174,-0.008810057019595426,-0.0390625,0.3828125,9.69140625
106,111000000,imu1_frame,nan,nan,nan,nan,-0.014158482047412609,0.0030780179854243174,-0.008810057019595426,-0.0390625,0.3828125,9.6484375
106,131000000,imu1_frame,nan,nan,nan,nan,-0.014158482047412609,0.0030780179854243174,-0.008810057019595426,-0.0390625,0.3828125,9.69140625
106,151000000,imu1_frame,nan,nan,nan,nan,-0.010252232047412609,0.005031142985424317,-0.008810057019595426,-0.0390625,0.3828125,9.69140625
106,171000000,imu1_frame,nan,nan,nan,nan,-0.010252232047412609,0.005031142985424317,-0.008810057019595426,-0.0390625,0.3828125,9.69140625
106,191000000,imu1_frame,nan,nan,nan,nan,-0.010252232047412609,0.005031142985424317,-0.008810057019595426,-0.0390625,0.3828125,9.6484375
106,211000000,imu1_frame,nan,nan,nan,nan,-0.014158482047412609,0.0030780179854243174,-0.008810057019595426,-0.0390625,0.3828125,9.6484375
106,231000000,imu1_frame,nan,nan,nan,nan,-0.014158482047412609,0.005031142985424317,-0.006856932019595426,-0.0390625,0.3828125,9.6484375
106,251000000,imu1_frame,nan,nan,nan,nan,-0.014158482047412609,0.005031142985424317,-0.006856932019595426,-0.0390625,0.3828125,9.69140625
106,271000000,imu1_frame,nan,nan,nan,nan,-0.014158482047412609,0.005031142985424317,-0.006856932019595426,-0.0390625,0.3828125,9.6484375
106,291000000,imu1_frame,nan,nan,nan,nan,-0.014158482047412609,0.005031142985424317,-0.006856932019595426,-0.0390625,0.3828125,9.6484375
106,311000000,imu1_frame,nan,nan,nan,nan,-0.014158482047412609,0.005031142985424317,-0.006856932019595426,-0.0390625,0.3828125,9.6484375
106,331000000,imu1_frame,nan,nan,nan,nan,-0.014158482047412609,0.005031142985424317,-0.006856932019595426,-0.0390625,0.3828125,9.6484375
106,351000000,imu1_frame,nan,nan,nan,nan,-0.014158482047412609,0.005031142985424317,-0.006856932019595426,-0.0390625,0.3828125,9.6484375
106,371000000,imu1_frame,nan,nan,nan,nan,-0.014158482047412609,0.005031142985424317,-0.006856932019595426,-0.0390625,0.3828125,9.6484375
106,391000000,imu1_frame,nan,nan,nan,nan,-0.014158482047412609,0.005031142985424317,-0.006856932019595426,-0.0390625,0.3828125,9.6484375
106,411000000,imu1_frame,nan,nan,nan,nan,-0.014158482047412609,0.005031142985424317,-0.006856932019595426,-0.0390625,0.3828125,9.6484375
106,431000000,imu1_frame,nan,nan,nan,nan,-0.014158482047412609,0.005031142985424317,-0.006856932019595426,-0.0390625,0.3828125,9.6484375
106,451000000,imu1_frame,nan,nan,nan,nan,-0.014158482047412609,0.005031142985424317,-0.006856932019595426,-0.0390625,0.3828125,9.6484375
106,471000000,imu1_frame,nan,nan,nan,nan,-0.014158482047412609,0.005031142985424317,-0.006856932019595426,-0.0390625,0.3828125,9.6484375
106,491000000,imu1_frame,nan,nan,nan,nan,-0.014158482047412609,0.005031142985424317,-0.006856932019595426,-0.0390625,0.3828125,9.69140625
106,511000000,imu1_frame,nan,nan,nan,nan,-0.014158482047412609,0.005031142985424317,-0.006856932019595426,-0.0390625,0.3828125,9.69140625
106,531000000,imu1_frame,nan,nan,nan,nan,-0.014158482047412609,0.005031142985424317,-0.006856932019595426,-0.0390625,0.3828125,9.69140625
106,551000000,imu1_frame,nan,nan,nan,nan,-0.014158482047412609,0.005031142985424317,-0.006856932019595426,-0.0390625,0.3828125,9.69140625
106,571000000,imu1_frame,nan,nan,nan,nan,-0.014158482047412609,0.005031142985424317,-0.006856932019595426,-0.0390625,0.3828125,9.6484375
106,591000000,imu1_frame,nan,nan,nan,nan,-0.014158482047412609,0.005031142985424317,-0.006856932019595426,-0.0390625,0.3828125,9.6484375
106,611000000,imu1_frame,nan,nan,nan,nan,-0.014158482047412609,0.005031142985424317,-0.006856932019595426,-0.0390625,0.3828125,9.6484375
106,631000000,imu1_frame,nan,nan,nan,nan,-0.014158482047412609,0.005031142985424317,-0.006856932019595426,-0.0390625,0.3828125,9.69140625
106,651000000,imu1_frame,nan,nan,nan,nan,-0.014158482047412609,0.005031142985424317,-0.006856932019595426,-0.0390625,0.3828125,9.69140625
106,671000000,imu1_frame,nan,nan,nan,nan,-0.014158482047412609,0.005031142985424317,-0.006856932019595426,-0.0390625,0.3828125,9.69140625
106,691000000,imu1_frame,nan,nan,nan,nan,-0.014158482047412609,0.005031142985424317,-0.006856932019595426,-0.0390625,0.3828125,9.69140625
106,711000000,imu1_frame,nan,nan,nan,nan,-0.014158482047412609,0.005031142985424317,-0.006856932019595426,-0.0390625,0.3828125,9.6484375
106,731000000,imu1_frame,nan,nan,nan,nan,-0.014158482047412609,0.005031142985424317,-0.006856932019595426,-0.0390625,0.3828125,9.6484375
106,751000000,imu1_frame,nan,nan,nan,nan,-0.014158482047412609,0.005031142985424317,-0.006856932019595426,-0.0390625,0.3828125,9.6484375
106,771000000,imu1_frame,nan,nan,nan,nan,-0.014158482047412609,0.005031142985424317,-0.006856932019595426,-0.0390625,0.3828125,9.69140625
106,791000000,imu1_frame,nan,nan,nan,nan,-0.014158482047412609,0.005031142985424317,-0.006856932019595426,-0.0390625,0.3828125,9.6484375
106,811000000,imu1_frame,nan,nan,nan,nan,-0.014158482047412609,0.005031142985424317,-0.006856932019595426,-0.0390625,0.3828125,9.6484375
106,831000000,imu1_frame,nan,nan,nan,nan,-0.014158482047412609,0.005031142985424317,-0.006856932019595426,-0.0390625,0.3828125,9.6484375
106,851000000,imu1_frame,nan,nan,nan,nan,-0.014158482047412609,0.005031142985424317,-0.006856932019595426,-0.0390625,0.421875,9.65234375
106,871000000,imu1_frame,nan,nan,nan,nan,-0.014158482047412609,0.005031142985424317,-0.006856932019595426,-0.0390625,0.3828125,9.69140625
106,891000000,imu1_frame,nan,nan,nan,nan,-0.014158482047412609,0.005031142985424317,-0.006856932019595426,-0.0390625,0.3828125,9.69140625
106,911000000,imu1_frame,nan,nan,nan,nan,-0.014158482047412609,0.005031142985424317,-0.006856932019595426,-0.0390625,0.3828125,9.69140625
106,931000000,imu1_frame,nan,nan,nan,nan,-0.014158482047412609,0.005031142985424317,-0.006856932019595426,-0.0390625,0.3828125,9.6484375
106,951000000,imu1_frame,nan,nan,nan,nan,-0.014158482047412609,0.005031142985424317,-0.006856932019595426,-0.0390625,0.3828125,9.6484375
106,971000000,imu1_frame,nan,nan,nan,nan,-0.014158482047412609,0.005031142985424317,-0.006856932019595426,-0.0390625,0.3828125,9.6484375
106,991000000,imu1_frame,nan,nan,nan,nan,-0.014158482047412609,0.005031142985424317,-0.006856932019595426,-0.0390625,0.3828125,9.6484375
107,11000000,imu1_frame,nan,nan,nan,nan,-0.014158482047412609,0.005031142985424317,-0.006856932019595426,-0.0390625,0.3828125,9.69140625
107,31000000,imu1_frame,nan,nan,nan,nan,-0.014158482047412609,0.005031142985424317,-0.006856932019595426,-0.0390625,0.3828125,9.69140625
107,51000000,imu1_frame,nan,nan,nan,nan,-0.014158482047412609,0.005031142985424317,-0.006856932019595426,-0.0390625,0.3828125,9.69140625
107,71000000,imu1_frame,nan,nan,nan,nan,-0.014158482047412609,0.005031142985424317,-0.006856932019595426,-0.0390625,0.3828125,9.69140625
107,91000000,imu1_frame,nan,nan,nan,nan,-0.014158482047412609,0.005031142985424317,-0.006856932019595426,0.0,0.3828125,9.6484375
107,111000000,imu1_frame,nan,nan,nan,nan,-0.014158482047412609,0.005031142985424317,-0.006856932019595426,0.0,0.3828125,9.6484375
107,131000000,imu1_frame,nan,nan,nan,nan,-0.014158482047412609,0.005031142985424317,-0.006856932019595426,0.0,0.3828125,9.6484375
107,151000000,imu1_frame,nan,nan,nan,nan,-0.014158482047412609,0.005031142985424317,-0.006856932019595426,-0.0390625,0.3828125,9.6484375
107,171000000,imu1_frame,nan,nan,nan,nan,-0.014158482047412609,0.005031142985424317,-0.006856932019595426,-0.0390625,0.3828125,9.6484375
107,191000000,imu1_frame,nan,nan,nan,nan,-0.014158482047412609,0.005031142985424317,-0.006856932019595426,-0.0390625,0.3828125,9.6484375
107,211000000,imu1_frame,nan,nan,nan,nan,-0.014158482047412609,0.005031142985424317,-0.006856932019595426,-0.0390625,0.3828125,9.6484375
107,231000000,imu1_frame,nan,nan,nan,nan,-0.014158482047412609,0.005031142985424317,-0.006856932019595426,-0.0390625,0.3828125,9.6484375
107,251000000,imu1_frame,nan,nan,nan,nan,-0.014158482047412609,0.005031142985424317,-0.006856932019595426,-0.0390625,0.3828125,9.6484375
107,271000000,imu1_frame,nan,nan,nan,nan,-0.014158482047412609,0.005031142985424317,-0.006856932019595426,-0.0390625,0.3828125,9.6484375
107,291000000,imu1_frame,nan,nan,nan,nan,-0.014158482047412609,0.005031142985424317,-0.006856932019595426,-0.0390625,0.3828125,9.6484375
107,311000000,imu1_frame,nan,nan,nan,nan,-0.014158482047412609,0.005031142985424317,-0.006856932019595426,0.0,0.3828125,9.69140625
107,331000000,imu1_frame,nan,nan,nan,nan,-0.014158482047412609,0.005031142985424317,-0.006856932019595426,0.0,0.3828125,9.69140625
107,351000000,imu1_frame,nan,nan,nan,nan,-0.014158482047412609,0.005031142985424317,-0.006856932019595426,0.0,0.3828125,9.69140625
107,371000000,imu1_frame,nan,nan,nan,nan,-0.014158482047412609,0.005031142985424317,-0.006856932019595426,0.0,0.3828125,9.69140625
107,391000000,imu1_frame,nan,nan,nan,nan,-0.014158482047412609,0.005031142985424317,-0.006856932019595426,-0.0390625,0.3828125,9.69140625
107,411000000,imu1_frame,nan,nan,nan,nan,-0.014158482047412609,0.005031142985424317,-0.006856932019595426,-0.0390625,0.3828125,9.69140625
107,431000000,imu1_frame,nan,nan,nan,nan,-0.014158482047412609,0.005031142985424317,-0.006856932019595426,-0.0390625,0.3828125,9.69140625
107,451000000,imu1_frame,nan,nan,nan,nan,-0.014158482047412609,0.005031142985424317,-0.006856932019595426,-0.0390625,0.3828125,9.69140625
107,471000000,imu1_frame,nan,nan,nan,nan,-0.014158482047412609,0.005031142985424317,-0.006856932019595426,-0.0390625,0.3828125,9.6484375
107,491000000,imu1_frame,nan,nan,nan,nan,-0.014158482047412609,0.005031142985424317,-0.006856932019595426,-0.0390625,0.3828125,9.6484375
107,511000000,imu1_frame,nan,nan,nan,nan,-0.014158482047412609,0.005031142985424317,-0.006856932019595426,-0.0390625,0.3828125,9.6484375
107,531000000,imu1_frame,nan,nan,nan,nan,-0.014158482047412609,0.005031142985424317,-0.006856932019595426,-0.0390625,0.3828125,9.6484375
107,551000000,imu1_frame,nan,nan,nan,nan,-0.014158482047412609,0.005031142985424317,-0.006856932019595426,-0.0390625,0.34375,9.69140625
107,571000000,imu1_frame,nan,nan,nan,nan,-0.014158482047412609,0.005031142985424317,-0.006856932019595426,-0.0390625,0.34375,9.69140625
107,591000000,imu1_frame,nan,nan,nan,nan,-0.014158482047412609,0.005031142985424317,-0.006856932019595426,-0.0390625,0.34375,9.69140625
107,611000000,imu1_frame,nan,nan,nan,nan,-0.014158482047412609,0.005031142985424317,-0.006856932019595426,-0.0390625,0.3828125,9.69140625
107,631000000,imu1_frame,nan,nan,nan,nan,-0.014158482047412609,0.005031142985424317,-0.006856932019595426,0.0,0.3828125,9.69140625
107,651000000,imu1_frame,nan,nan,nan,nan,-0.014158482047412609,0.005031142985424317,-0.006856932019595426,0.0,0.3828125,9.69140625
107,671000000,imu1_frame,nan,nan,nan,nan,-0.014158482047412609,0.005031142985424317,-0.006856932019595426,0.0,0.3828125,9.69140625
107,691000000,imu1_frame,nan,nan,nan,nan,-0.014158482047412609,0.005031142985424317,-0.006856932019595426,0.0,0.34375,9.6484375
107,711000000,imu1_frame,nan,nan,nan,nan,-0.014158482047412609,0.005031142985424317,-0.006856932019595426,0.0,0.34375,9.6484375
107,731000000,imu1_frame,nan,nan,nan,nan,-0.014158482047412609,0.005031142985424317,-0.006856932019595426,0.0,0.34375,9.6484375
107,751000000,imu1_frame,nan,nan,nan,nan,-0.014158482047412609,0.005031142985424317,-0.006856932019595426,0.0,0.34375,9.6484375
107,771000000,imu1_frame,nan,nan,nan,nan,-0.014158482047412609,0.005031142985424317,-0.006856932019595426,-0.0390625,0.3828125,9.6484375
107,791000000,imu1_frame,nan,nan,nan,nan,-0.014158482047412609,0.005031142985424317,-0.006856932019595426,-0.0390625,0.3828125,9.6484375
107,811000000,imu1_frame,nan,nan,nan,nan,-0.014158482047412609,0.005031142985424317,-0.006856932019595426,-0.0390625,0.3828125,9.6484375
107,831000000,imu1_frame,nan,nan,nan,nan,-0.014158482047412609,0.005031142985424317,-0.006856932019595426,-0.0390625,0.3828125,9.6484375
107,851000000,imu1_frame,nan,nan,nan,nan,-0.014158482047412609,0.005031142985424317,-0.006856932019595426,-0.0390625,0.3828125,9.6484375
107,871000000,imu1_frame,nan,nan,nan,nan,-0.014158482047412609,0.005031142985424317,-0.006856932019595426,-0.0390625,0.3828125,9.6484375
107,891000000,imu1_frame,nan,nan,nan,nan,-0.014158482047412609,0.005031142985424317,-0.006856932019595426,-0.0390625,0.3828125,9.6484375
107,911000000,imu1_frame,nan,nan,nan,nan,-0.014158482047412609,0.005031142985424317,-0.006856932019595426,-0.0390625,0.3828125,9.6484375
107,931000000,imu1_frame,nan,nan,nan,nan,-0.014158482047412609,0.005031142985424317,-0.006856932019595426,-0.0390625,0.3828125,9.6484375
107,951000000,imu1_frame,nan,nan,nan,nan,-0.014158482047412609,0.005031142985424317,-0.006856932019595426,-0.0390625,0.3828125,9.6484375
107,971000000,imu1_frame,nan,nan,nan,nan,-0.014158482047412609,0.005031142985424317,-0.006856932019595426,-0.0390625,0.3828125,9.6484375
107,991000000,imu1_frame,nan,nan,nan,nan,-0.014158482047412609,0.005031142985424317,-0.006856932019595426,-0.0390625,0.3828125,9.69140625
108,11000000,imu1_frame,nan,nan,nan,nan,-0.014158482047412609,0.005031142985424317,-0.006856932019595426,-0.0390625,0.3828125,9.69140625
108,31000000,imu1_frame,nan,nan,nan,nan,-0.014158482047412609,0.005031142985424317,-0.006856932019595426,-0.0390625,0.3828125,9.69140625
108,51000000,imu1_frame,nan,nan,nan,nan,-0.014158482047412609,0.005031142985424317,-0.006856932019595426,-0.0390625,0.3828125,9.69140625
108,71000000,imu1_frame,nan,nan,nan,nan,-0.014158482047412609,0.005031142985424317,-0.006856932019595426,0.0,0.3828125,9.6484375
108,91000000,imu1_frame,nan,nan,nan,nan,-0.014158482047412609,0.005031142985424317,-0.006856932019595426,0.0,0.3828125,9.6484375
108,111000000,imu1_frame,nan,nan,nan,nan,-0.014158482047412609,0.005031142985424317,-0.006856932019595426,0.0,0.3828125,9.6484375
108,131000000,imu1_frame,nan,nan,nan,nan,-0.014158482047412609,0.005031142985424317,-0.006856932019595426,0.0,0.3828125,9.6484375
108,151000000,imu1_frame,nan,nan,nan,nan,-0.014158482047412609,0.005031142985424317,-0.006856932019595426,-0.0390625,0.3828125,9.6484375
108,171000000,imu1_frame,nan,nan,nan,nan,-0.014158482047412609,0.005031142985424317,-0.006856932019595426,-0.0390625,0.3828125,9.6484375
108,191000000,imu1_frame,nan,nan,nan,nan,-0.014158482047412609,0.005031142985424317,-0.006856932019595426,-0.0390625,0.3828125,9.6484375
108,211000000,imu1_frame,nan,nan,nan,nan,-0.014158482047412609,0.005031142985424317,-0.006856932019595426,-0.0390625,0.3828125,9.6484375
108,231000000,imu1_frame,nan,nan,nan,nan,-0.014158482047412609,0.005031142985424317,-0.006856932019595426,-0.0390625,0.3828125,9.69140625
108,251000000,imu1_frame,nan,nan,nan,nan,-0.014158482047412609,0.005031142985424317,-0.006856932019595426,-0.0390625,0.3828125,9.69140625
108,271000000,imu1_frame,nan,nan,nan,nan,-0.014158482047412609,0.005031142985424317,-0.006856932019595426,-0.0390625,0.3828125,9.69140625
108,291000000,imu1_frame,nan,nan,nan,nan,-0.014158482047412609,0.005031142985424317,-0.006856932019595426,-0.0390625,0.3828125,9.6484375
108,311000000,imu1_frame,nan,nan,nan,nan,-0.014158482047412609,0.005031142985424317,-0.006856932019595426,-0.0390625,0.3828125,9.6484375
108,331000000,imu1_frame,nan,nan,nan,nan,-0.014158482047412609,0.005031142985424317,-0.006856932019595426,-0.0390625,0.3828125,9.6484375
108,351000000,imu1_frame,nan,nan,nan,nan,-0.014158482047412609,0.005031142985424317,-0.006856932019595426,-0.0390625,0.3828125,9.6484375
108,371000000,imu1_frame,nan,nan,nan,nan,-0.014158482047412609,0.005031142985424317,-0.006856932019595426,-0.0390625,0.3828125,9.6484375
108,391000000,imu1_frame,nan,nan,nan,nan,-0.014158482047412609,0.005031142985424317,-0.006856932019595426,-0.0390625,0.3828125,9.6484375
108,411000000,imu1_frame,nan,nan,nan,nan,-0.014158482047412609,0.005031142985424317,-0.006856932019595426,-0.0390625,0.3828125,9.6484375
108,431000000,imu1_frame,nan,nan,nan,nan,-0.014158482047412609,0.005031142985424317,-0.006856932019595426,-0.0390625,0.3828125,9.6484375
108,451000000,imu1_frame,nan,nan,nan,nan,-0.014158482047412609,0.005031142985424317,-0.006856932019595426,-0.0390625,0.3828125,9.6484375
108,471000000,imu1_frame,nan,nan,nan,nan,-0.014158482047412609,0.005031142985424317,-0.006856932019595426,-0.0390625,0.3828125,9.6484375
108,491000000,imu1_frame,nan,nan,nan,nan,-0.014158482047412609,0.005031142985424317,-0.006856932019595426,-0.0390625,0.3828125,9.6484375
108,511000000,imu1_frame,nan,nan,nan,nan,-0.014158482047412609,0.005031142985424317,-0.006856932019595426,-0.0390625,0.3828125,9.6484375
108,531000000,imu1_frame,nan,nan,nan,nan,-0.014158482047412609,0.005031142985424317,-0.006856932019595426,-0.0390625,0.3828125,9.6484375
108,551000000,imu1_frame,nan,nan,nan,nan,-0.014158482047412609,0.005031142985424317,-0.006856932019595426,-0.0390625,0.3828125,9.6484375
108,571000000,imu1_frame,nan,nan,nan,nan,-0.014158482047412609,0.005031142985424317,-0.006856932019595426,-0.0390625,0.3828125,9.6484375
108,591000000,imu1_frame,nan,nan,nan,nan,-0.014158482047412609,0.005031142985424317,-0.006856932019595426,-0.0390625,0.3828125,9.6484375
108,611000000,imu1_frame,nan,nan,nan,nan,-0.014158482047412609,0.005031142985424317,-0.006856932019595426,-0.0390625,0.3828125,9.6484375
108,631000000,imu1_frame,nan,nan,nan,nan,-0.014158482047412609,0.005031142985424317,-0.006856932019595426,-0.0390625,0.3828125,9.6484375
108,651000000,imu1_frame,nan,nan,nan,nan,-0.014158482047412609,0.005031142985424317,-0.006856932019595426,-0.0390625,0.3828125,9.6484375
108,671000000,imu1_frame,nan,nan,nan,nan,-0.014158482047412609,0.005031142985424317,-0.006856932019595426,-0.0390625,0.3828125,9.6484375
108,691000000,imu1_frame,nan,nan,nan,nan,-0.014158482047412609,0.005031142985424317,-0.006856932019595426,0.0,0.3828125,9.69140625
108,711000000,imu1_frame,nan,nan,nan,nan,-0.014158482047412609,0.005031142985424317,-0.006856932019595426,0.0,0.3828125,9.69140625
108,731000000,imu1_frame,nan,nan,nan,nan,-0.014158482047412609,0.005031142985424317,-0.006856932019595426,0.0,0.3828125,9.69140625
108,751000000,imu1_frame,nan,nan,nan,nan,-0.014158482047412609,0.005031142985424317,-0.006856932019595426,-0.0390625,0.3828125,9.69140625
108,771000000,imu1_frame,nan,nan,nan,nan,-0.014158482047412609,0.005031142985424317,-0.006856932019595426,-0.0390625,0.3828125,9.69140625
108,791000000,imu1_frame,nan,nan,nan,nan,-0.014158482047412609,0.005031142985424317,-0.006856932019595426,-0.0390625,0.3828125,9.69140625
108,811000000,imu1_frame,nan,nan,nan,nan,-0.014158482047412609,0.005031142985424317,-0.006856932019595426,-0.0390625,0.3828125,9.69140625
108,831000000,imu1_frame,nan,nan,nan,nan,-0.014158482047412609,0.005031142985424317,-0.006856932019595426,-0.0390625,0.3828125,9.6484375
108,851000000,imu1_frame,nan,nan,nan,nan,-0.014158482047412609,0.005031142985424317,-0.006856932019595426,-0.0390625,0.3828125,9.6484375
108,871000000,imu1_frame,nan,nan,nan,nan,-0.014158482047412609,0.005031142985424317,-0.006856932019595426,-0.0390625,0.3828125,9.6484375
108,891000000,imu1_frame,nan,nan,nan,nan,-0.014158482047412609,0.005031142985424317,-0.006856932019595426,-0.0390625,0.3828125,9.6484375
108,911000000,imu1_frame,nan,nan,nan,nan,-0.014158482047412609,0.005031142985424317,-0.006856932019595426,-0.0390625,0.3828125,9.6484375
108,931000000,imu1_frame,nan,nan,nan,nan,-0.014158482047412609,0.005031142985424317,-0.006856932019595426,-0.0390625,0.3828125,9.6484375
108,951000000,imu1_frame,nan,nan,nan,nan,-0.014158482047412609,0.005031142985424317,-0.006856932019595426,-0.0390625,0.3828125,9.6484375
108,971000000,imu1_frame,nan,nan,nan,nan,-0.014158482047412609,0.005031142985424317,-0.006856932019595426,-0.0390625,0.3828125,9.6484375
108,991000000,imu1_frame,nan,nan,nan,nan,-0.014158482047412609,0.005031142985424317,-0.006856932019595426,-0.0390625,0.3828125,9.69140625
109,11000000,imu1_frame,nan,nan,nan,nan,-0.014158482047412609,0.005031142985424317,-0.006856932019595426,-0.0390625,0.3828125,9.69140625
109,31000000,imu1_frame,nan,nan,nan,nan,-0.014158482047412609,0.005031142985424317,-0.006856932019595426,-0.0390625,0.3828125,9.69140625
109,51000000,imu1_frame,nan,nan,nan,nan,-0.014158482047412609,0.005031142985424317,-0.006856932019595426,-0.0390625,0.3828125,9.6484375
109,71000000,imu1_frame,nan,nan,nan,nan,-0.014158482047412609,0.005031142985424317,-0.006856932019595426,-0.0390625,0.3828125,9.69140625
109,91000000,imu1_frame,nan,nan,nan,nan,-0.014158482047412609,0.005031142985424317,-0.006856932019595426,-0.0390625,0.3828125,9.69140625
109,111000000,imu1_frame,nan,nan,nan,nan,-0.014158482047412609,0.005031142985424317,-0.006856932019595426,-0.0390625,0.3828125,9.69140625
109,131000000,imu1_frame,nan,nan,nan,nan,-0.014158482047412609,0.005031142985424317,-0.006856932019595426,-0.0390625,0.3828125,9.69140625
109,151000000,imu1_frame,nan,nan,nan,nan,-0.014158482047412609,0.005031142985424317,-0.006856932019595426,-0.0390625,0.3828125,9.69140625
109,171000000,imu1_frame,nan,nan,nan,nan,-0.014158482047412609,0.005031142985424317,-0.006856932019595426,-0.0390625,0.3828125,9.69140625
109,191000000,imu1_frame,nan,nan,nan,nan,-0.014158482047412609,0.005031142985424317,-0.006856932019595426,-0.0390625,0.3828125,9.69140625
109,211000000,imu1_frame,nan,nan,nan,nan,-0.014158482047412609,0.005031142985424317,-0.006856932019595426,-0.0390625,0.3828125,9.6484375
109,231000000,imu1_frame,nan,nan,nan,nan,-0.014158482047412609,0.005031142985424317,-0.006856932019595426,-0.0390625,0.3828125,9.6484375
109,251000000,imu1_frame,nan,nan,nan,nan,-0.014158482047412609,0.005031142985424317,-0.006856932019595426,-0.0390625,0.3828125,9.6484375
109,271000000,imu1_frame,nan,nan,nan,nan,-0.014158482047412609,0.005031142985424317,-0.006856932019595426,-0.0390625,0.3828125,9.6484375
109,291000000,imu1_frame,nan,nan,nan,nan,-0.014158482047412609,0.005031142985424317,-0.006856932019595426,0.0,0.3828125,9.69140625
109,311000000,imu1_frame,nan,nan,nan,nan,-0.01806473204741261,-0.012546982014575683,-0.006856932019595426,0.0,0.3828125,9.69140625
109,331000000,imu1_frame,nan,nan,nan,nan,-0.02001785704741261,-0.016453232014575683,-0.0009975570195954256,0.0,0.3828125,9.69140625
109,351000000,imu1_frame,nan,nan,nan,nan,-0.03173660704741261,-0.043796982014575686,0.004861817980404574,0.0,0.3828125,9.69140625
109,371000000,imu1_frame,nan,nan,nan,nan,-0.03173660704741261,-0.043796982014575686,0.004861817980404574,-0.0390625,0.3828125,9.6484375
109,391000000,imu1_frame,nan,nan,nan,nan,-0.02001785704741261,-0.022312607014575683,0.10056494298040458,-0.0390625,0.3828125,9.6484375
109,411000000,imu1_frame,nan,nan,nan,nan,-0.02783035704741261,-0.030125107014575683,0.043924317980404574,-0.0390625,0.3828125,9.6484375
109,431000000,imu1_frame,nan,nan,nan,nan,-0.02783035704741261,-0.030125107014575683,0.043924317980404574,0.0,0.3828125,9.6484375
109,451000000,imu1_frame,nan,nan,nan,nan,-0.02001785704741261,-0.012546982014575683,0.020486817980404574,0.0,0.3828125,9.6484375
109,471000000,imu1_frame,nan,nan,nan,nan,-0.02392410704741261,-0.012546982014575683,0.018533692980404574,0.0,0.3828125,9.6484375
109,491000000,imu1_frame,nan,nan,nan,nan,-0.02197098204741261,-0.016453232014575683,0.012674317980404574,0.0,0.3828125,9.6484375
109,511000000,imu1_frame,nan,nan,nan,nan,-0.02197098204741261,-0.016453232014575683,0.012674317980404574,0.0,0.3828125,9.6484375
109,531000000,imu1_frame,nan,nan,nan,nan,-0.01611160704741261,-0.0008282320145756826,0.0009555679804045744,0.0,0.3828125,9.6484375
109,551000000,imu1_frame,nan,nan,nan,nan,-0.01611160704741261,0.0030780179854243174,-0.008810057019595426,0.0,0.3828125,9.6484375
109,571000000,imu1_frame,nan,nan,nan,nan,-0.01806473204741261,0.0011248929854243174,-0.004903807019595426,0.0,0.3828125,9.6484375
109,591000000,imu1_frame,nan,nan,nan,nan,-0.01806473204741261,0.0011248929854243174,-0.004903807019595426,0.0,0.3828125,9.69140625
109,611000000,imu1_frame,nan,nan,nan,nan,-0.006345982047412609,0.018703017985424317,-0.014669432019595426,0.0,0.3828125,9.69140625
109,631000000,imu1_frame,nan,nan,nan,nan,-0.008299107047412609,0.016749892985424317,-0.012716307019595426,0.0,0.3828125,9.69140625
109,651000000,imu1_frame,nan,nan,nan,nan,-0.006345982047412609,0.024562392985424317,-0.012716307019595426,0.0,0.3828125,9.69140625
109,671000000,imu1_frame,nan,nan,nan,nan,-0.006345982047412609,0.024562392985424317,-0.012716307019595426,0.0,0.3828125,9.69140625
109,691000000,imu1_frame,nan,nan,nan,nan,-0.008299107047412609,0.022609267985424317,-0.032247557019595426,0.0,0.3828125,9.69140625
109,711000000,imu1_frame,nan,nan,nan,nan,-0.010252232047412609,0.012843642985424317,-0.026388182019595426,0.0,0.3828125,9.69140625
109,731000000,imu1_frame,nan,nan,nan,nan,-0.008299107047412609,0.016749892985424317,-0.026388182019595426,0.0,0.3828125,9.69140625
109,751000000,imu1_frame,nan,nan,nan,nan,-0.008299107047412609,0.026515517985424317,-0.028341307019595426,0.0,0.3828125,9.69140625
109,771000000,imu1_frame,nan,nan,nan,nan,-0.0024397320474126086,0.028468642985424317,-0.045919432019595426,0.0,0.3828125,9.69140625
109,791000000,imu1_frame,nan,nan,nan,nan,-0.010252232047412609,0.012843642985424317,-0.028341307019595426,0.0,0.3828125,9.69140625
109,811000000,imu1_frame,nan,nan,nan,nan,-0.010252232047412609,0.012843642985424317,-0.028341307019595426,-0.0390625,0.34375,9.6484375
109,831000000,imu1_frame,nan,nan,nan,nan,-0.0024397320474126086,0.034328017985424314,-0.047872557019595426,-0.0390625,0.34375,9.6484375
109,851000000,imu1_frame,nan,nan,nan,nan,-0.010252232047412609,0.016749892985424317,-0.034200682019595426,-0.0390625,0.34375,9.6484375
109,871000000,imu1_frame,nan,nan,nan,nan,-0.008299107047412609,0.022609267985424317,-0.032247557019595426,-0.0390625,0.34375,9.6484375
109,891000000,imu1_frame,nan,nan,nan,nan,-0.008299107047412609,0.022609267985424317,-0.032247557019595426,-0.0390625,0.3828125,9.69140625
109,911000000,imu1_frame,nan,nan,nan,nan,-0.010252232047412609,0.006984267985424317,-0.018575682019595426,-0.0390625,0.3828125,9.69140625
109,931000000,imu1_frame,nan,nan,nan,nan,-0.010252232047412609,0.010890517985424317,-0.004903807019595426,-0.0390625,0.3828125,9.69140625
109,951000000,imu1_frame,nan,nan,nan,nan,-0.008299107047412609,0.012843642985424317,-0.006856932019595426,-0.0390625,0.3828125,9.69140625
109,971000000,imu1_frame,nan,nan,nan,nan,-0.008299107047412609,0.012843642985424317,-0.006856932019595426,-0.078125,0.3828125,9.6484375
109,991000000,imu1_frame,nan,nan,nan,nan,-0.010252232047412609,0.012843642985424317,-0.006856932019595426,-0.078125,0.3828125,9.6484375
110,11000000,imu1_frame,nan,nan,nan,nan,-0.012205357047412609,0.012843642985424317,-0.010763182019595426,-0.078125,0.3828125,9.6484375
110,31000000,imu1_frame,nan,nan,nan,nan,-0.010252232047412609,0.008937392985424317,-0.008810057019595426,-0.078125,0.3828125,9.6484375
110,51000000,imu1_frame,nan,nan,nan,nan,-0.010252232047412609,0.008937392985424317,-0.008810057019595426,-0.0390625,0.3828125,9.69140625
110,71000000,imu1_frame,nan,nan,nan,nan,-0.01611160704741261,0.0030780179854243174,-0.006856932019595426,-0.0390625,0.3828125,9.69140625
110,91000000,imu1_frame,nan,nan,nan,nan,-0.014158482047412609,0.0011248929854243174,-0.004903807019595426,-0.0390625,0.3828125,9.69140625
110,111000000,imu1_frame,nan,nan,nan,nan,-0.014158482047412609,0.0011248929854243174,-0.004903807019595426,-0.078125,0.3828125,9.69140625
110,131000000,imu1_frame,nan,nan,nan,nan,-0.01611160704741261,0.005031142985424317,-0.004903807019595426,-0.078125,0.3828125,9.69140625
110,151000000,imu1_frame,nan,nan,nan,nan,-0.01611160704741261,0.0030780179854243174,-0.006856932019595426,-0.078125,0.3828125,9.69140625
110,171000000,imu1_frame,nan,nan,nan,nan,-0.014158482047412609,0.008937392985424317,-0.006856932019595426,-0.078125,0.3828125,9.69140625
110,191000000,imu1_frame,nan,nan,nan,nan,-0.014158482047412609,0.008937392985424317,-0.006856932019595426,-0.078125,0.3828125,9.6484375
110,211000000,imu1_frame,nan,nan,nan,nan,-0.010252232047412609,0.0030780179854243174,-0.006856932019595426,-0.078125,0.3828125,9.6484375
110,231000000,imu1_frame,nan,nan,nan,nan,-0.01806473204741261,0.008937392985424317,-0.006856932019595426,-0.078125,0.3828125,9.6484375
110,251000000,imu1_frame,nan,nan,nan,nan,-0.01611160704741261,0.005031142985424317,-0.006856932019595426,-0.078125,0.3828125,9.6484375
110,271000000,imu1_frame,nan,nan,nan,nan,-0.01611160704741261,0.005031142985424317,-0.006856932019595426,-0.078125,0.3828125,9.69140625
110,291000000,imu1_frame,nan,nan,nan,nan,-0.01806473204741261,-0.0027813570145756826,-0.004903807019595426,-0.078125,0.3828125,9.69140625
110,311000000,imu1_frame,nan,nan,nan,nan,-0.01806473204741261,-0.006687607014575683,-0.004903807019595426,-0.078125,0.3828125,9.69140625
110,331000000,imu1_frame,nan,nan,nan,nan,-0.014158482047412609,0.005031142985424317,-0.0029506820195954256,-0.078125,0.3828125,9.69140625
110,351000000,imu1_frame,nan,nan,nan,nan,-0.014158482047412609,0.005031142985424317,-0.0029506820195954256,-0.078125,0.3828125,9.6484375
110,371000000,imu1_frame,nan,nan,nan,nan,-0.012205357047412609,0.014796767985424317,-0.008810057019595426,-0.078125,0.3828125,9.6484375
110,391000000,imu1_frame,nan,nan,nan,nan,-0.010252232047412609,0.010890517985424317,-0.008810057019595426,-0.078125,0.3828125,9.6484375
110,411000000,imu1_frame,nan,nan,nan,nan,-0.012205357047412609,0.008937392985424317,-0.010763182019595426,-0.078125,0.3828125,9.6484375
110,431000000,imu1_frame,nan,nan,nan,nan,-0.012205357047412609,0.008937392985424317,-0.010763182019595426,-0.078125,0.421875,9.6875
110,451000000,imu1_frame,nan,nan,nan,nan,-0.010252232047412609,0.006984267985424317,-0.006856932019595426,-0.078125,0.421875,9.6875
110,471000000,imu1_frame,nan,nan,nan,nan,-0.010252232047412609,0.008937392985424317,-0.006856932019595426,-0.078125,0.421875,9.6875
110,491000000,imu1_frame,nan,nan,nan,nan,-0.010252232047412609,0.008937392985424317,-0.006856932019595426,-0.078125,0.3828125,9.6484375
110,511000000,imu1_frame,nan,nan,nan,nan,-0.01611160704741261,0.0011248929854243174,-0.006856932019595426,-0.078125,0.3828125,9.6484375
110,531000000,imu1_frame,nan,nan,nan,nan,-0.01806473204741261,-0.0008282320145756826,-0.008810057019595426,-0.078125,0.3828125,9.6484375
110,551000000,imu1_frame,nan,nan,nan,nan,-0.014158482047412609,0.005031142985424317,-0.010763182019595426,-0.078125,0.3828125,9.6484375
110,571000000,imu1_frame,nan,nan,nan,nan,-0.014158482047412609,0.005031142985424317,-0.010763182019595426,-0.0390625,0.3828125,9.6484375
110,591000000,imu1_frame,nan,nan,nan,nan,-0.01611160704741261,0.005031142985424317,-0.004903807019595426,-0.0390625,0.3828125,9.6484375
110,611000000,imu1_frame,nan,nan,nan,nan,-0.02001785704741261,-0.008640732014575683,-0.0029506820195954256,-0.0390625,0.3828125,9.6484375
110,631000000,imu1_frame,nan,nan,nan,nan,-0.02001785704741261,-0.004734482014575683,-0.0029506820195954256,-0.0390625,0.3828125,9.6484375
110,651000000,imu1_frame,nan,nan,nan,nan,-0.02001785704741261,-0.004734482014575683,-0.0029506820195954256,-0.0390625,0.3828125,9.6484375
110,671000000,imu1_frame,nan,nan,nan,nan,-0.01806473204741261,0.0030780179854243174,-0.006856932019595426,-0.0390625,0.3828125,9.6484375
110,691000000,imu1_frame,nan,nan,nan,nan,-0.02001785704741261,-0.0027813570145756826,-0.0029506820195954256,-0.0390625,0.3828125,9.6484375
110,711000000,imu1_frame,nan,nan,nan,nan,-0.01806473204741261,0.0011248929854243174,-0.004903807019595426,-0.0390625,0.3828125,9.6484375
110,731000000,imu1_frame,nan,nan,nan,nan,-0.01806473204741261,0.0011248929854243174,-0.004903807019595426,-0.078125,0.34375,9.6484375
110,751000000,imu1_frame,nan,nan,nan,nan,-0.01611160704741261,0.0011248929854243174,-0.006856932019595426,-0.078125,0.34375,9.6484375
110,771000000,imu1_frame,nan,nan,nan,nan,-0.014158482047412609,0.006984267985424317,-0.006856932019595426,-0.078125,0.34375,9.6484375
110,791000000,imu1_frame,nan,nan,nan,nan,-0.014158482047412609,0.0030780179854243174,-0.004903807019595426,-0.078125,0.34375,9.6484375
110,811000000,imu1_frame,nan,nan,nan,nan,-0.02001785704741261,-0.0027813570145756826,-0.004903807019595426,-0.078125,0.34375,9.6484375
110,831000000,imu1_frame,nan,nan,nan,nan,-0.014158482047412609,0.0011248929854243174,-0.004903807019595426,-0.078125,0.34375,9.6484375
110,851000000,imu1_frame,nan,nan,nan,nan,-0.010252232047412609,0.012843642985424317,0.030252442980404574,-0.078125,0.34375,9.6484375
110,871000000,imu1_frame,nan,nan,nan,nan,-0.010252232047412609,0.012843642985424317,0.030252442980404574,-0.0390625,0.3828125,9.69140625
110,891000000,imu1_frame,nan,nan,nan,nan,-0.010252232047412609,0.005031142985424317,0.008768067980404574,-0.0390625,0.3828125,9.69140625
110,911000000,imu1_frame,nan,nan,nan,nan,-0.012205357047412609,0.008937392985424317,-0.0029506820195954256,-0.0390625,0.3828125,9.69140625
110,931000000,imu1_frame,nan,nan,nan,nan,-0.01611160704741261,0.0030780179854243174,0.010721192980404574,-0.0390625,0.3828125,9.69140625
110,951000000,imu1_frame,nan,nan,nan,nan,-0.01611160704741261,0.0030780179854243174,0.010721192980404574,-0.078125,0.3828125,9.6484375
110,971000000,imu1_frame,nan,nan,nan,nan,-0.014158482047412609,0.008937392985424317,-0.0029506820195954256,-0.078125,0.3828125,9.6484375
110,991000000,imu1_frame,nan,nan,nan,nan,-0.01611160704741261,0.005031142985424317,-0.004903807019595426,-0.078125,0.3828125,9.6484375
111,11000000,imu1_frame,nan,nan,nan,nan,-0.012205357047412609,0.0030780179854243174,-0.004903807019595426,-0.078125,0.3828125,9.6484375
111,31000000,imu1_frame,nan,nan,nan,nan,-0.012205357047412609,0.0030780179854243174,-0.004903807019595426,-0.0390625,0.421875,9.65234375
111,51000000,imu1_frame,nan,nan,nan,nan,-0.010252232047412609,0.008937392985424317,-0.004903807019595426,-0.0390625,0.421875,9.65234375
111,71000000,imu1_frame,nan,nan,nan,nan,-0.008299107047412609,0.014796767985424317,-0.012716307019595426,-0.0390625,0.421875,9.65234375
111,91000000,imu1_frame,nan,nan,nan,nan,-0.010252232047412609,0.012843642985424317,-0.014669432019595426,-0.0390625,0.421875,9.65234375
111,111000000,imu1_frame,nan,nan,nan,nan,-0.010252232047412609,0.012843642985424317,-0.014669432019595426,-0.078125,0.3828125,9.6484375
111,131000000,imu1_frame,nan,nan,nan,nan,-0.006345982047412609,0.014796767985424317,-0.010763182019595426,-0.078125,0.3828125,9.6484375
111,151000000,imu1_frame,nan,nan,nan,nan,-0.010252232047412609,0.010890517985424317,-0.012716307019595426,-0.078125,0.3828125,9.6484375
111,171000000,imu1_frame,nan,nan,nan,nan,-0.010252232047412609,0.010890517985424317,-0.010763182019595426,-0.078125,0.3828125,9.6484375
111,191000000,imu1_frame,nan,nan,nan,nan,-0.012205357047412609,0.008937392985424317,-0.010763182019595426,-0.078125,0.3828125,9.6484375
111,211000000,imu1_frame,nan,nan,nan,nan,-0.012205357047412609,0.010890517985424317,-0.006856932019595426,-0.078125,0.3828125,9.6484375
111,231000000,imu1_frame,nan,nan,nan,nan,-0.01611160704741261,0.008937392985424317,-0.006856932019595426,-0.078125,0.3828125,9.6484375
111,251000000,imu1_frame,nan,nan,nan,nan,-0.01611160704741261,0.008937392985424317,-0.006856932019595426,-0.078125,0.3828125,9.69140625
111,271000000,imu1_frame,nan,nan,nan,nan,-0.01806473204741261,0.005031142985424317,-0.0029506820195954256,-0.078125,0.3828125,9.69140625
111,291000000,imu1_frame,nan,nan,nan,nan,-0.01611160704741261,0.005031142985424317,-0.006856932019595426,-0.078125,0.3828125,9.69140625
111,311000000,imu1_frame,nan,nan,nan,nan,-0.014158482047412609,0.005031142985424317,-0.008810057019595426,-0.078125,0.3828125,9.69140625
111,331000000,imu1_frame,nan,nan,nan,nan,-0.014158482047412609,0.005031142985424317,-0.008810057019595426,-0.0390625,0.3828125,9.69140625
111,351000000,imu1_frame,nan,nan,nan,nan,-0.01611160704741261,0.008937392985424317,-0.008810057019595426,-0.0390625,0.3828125,9.69140625
111,371000000,imu1_frame,nan,nan,nan,nan,-0.012205357047412609,0.010890517985424317,-0.006856932019595426,-0.0390625,0.3828125,9.69140625
111,391000000,imu1_frame,nan,nan,nan,nan,-0.01611160704741261,0.0011248929854243174,-0.008810057019595426,-0.0390625,0.3828125,9.69140625
111,411000000,imu1_frame,nan,nan,nan,nan,-0.01611160704741261,0.0011248929854243174,-0.008810057019595426,-0.0390625,0.3828125,9.6484375
111,431000000,imu1_frame,nan,nan,nan,nan,-0.01611160704741261,0.0011248929854243174,-0.008810057019595426,-0.0390625,0.3828125,9.6484375
111,451000000,imu1_frame,nan,nan,nan,nan,-0.01611160704741261,0.008937392985424317,-0.010763182019595426,-0.0390625,0.3828125,9.6484375
111,471000000,imu1_frame,nan,nan,nan,nan,-0.01611160704741261,-0.0008282320145756826,-0.008810057019595426,-0.0390625,0.3828125,9.6484375
111,491000000,imu1_frame,nan,nan,nan,nan,-0.01611160704741261,-0.0008282320145756826,-0.008810057019595426,-0.078125,0.3828125,9.6484375
111,511000000,imu1_frame,nan,nan,nan,nan,-0.010252232047412609,0.0030780179854243174,-0.006856932019595426,-0.078125,0.3828125,9.6484375
111,531000000,imu1_frame,nan,nan,nan,nan,-0.01806473204741261,-0.0027813570145756826,-0.006856932019595426,-0.078125,0.3828125,9.6484375
111,551000000,imu1_frame,nan,nan,nan,nan,-0.014158482047412609,0.0011248929854243174,-0.006856932019595426,-0.078125,0.3828125,9.6484375
111,571000000,imu1_frame,nan,nan,nan,nan,-0.01611160704741261,-0.0008282320145756826,-0.004903807019595426,-0.078125,0.3828125,9.6484375
111,591000000,imu1_frame,nan,nan,nan,nan,-0.014158482047412609,0.0011248929854243174,-0.008810057019595426,-0.078125,0.3828125,9.6484375
111,611000000,imu1_frame,nan,nan,nan,nan,-0.014158482047412609,0.005031142985424317,-0.006856932019595426,-0.078125,0.3828125,9.6484375
111,631000000,imu1_frame,nan,nan,nan,nan,-0.014158482047412609,0.005031142985424317,-0.006856932019595426,-0.0390625,0.3828125,9.69140625
111,651000000,imu1_frame,nan,nan,nan,nan,-0.01611160704741261,-0.0008282320145756826,-0.004903807019595426,-0.0390625,0.3828125,9.69140625
111,671000000,imu1_frame,nan,nan,nan,nan,-0.014158482047412609,0.0030780179854243174,-0.004903807019595426,-0.0390625,0.3828125,9.69140625
111,691000000,imu1_frame,nan,nan,nan,nan,-0.01806473204741261,0.0011248929854243174,-0.006856932019595426,-0.0390625,0.3828125,9.69140625
111,711000000,imu1_frame,nan,nan,nan,nan,-0.01806473204741261,0.0011248929854243174,-0.006856932019595426,-0.0390625,0.3828125,9.69140625
111,731000000,imu1_frame,nan,nan,nan,nan,-0.014158482047412609,0.0011248929854243174,-0.008810057019595426,-0.0390625,0.3828125,9.69140625
111,751000000,imu1_frame,nan,nan,nan,nan,-0.010252232047412609,0.010890517985424317,-0.006856932019595426,-0.0390625,0.3828125,9.69140625
111,771000000,imu1_frame,nan,nan,nan,nan,-0.01611160704741261,-0.0008282320145756826,-0.0029506820195954256,-0.0390625,0.3828125,9.69140625
111,791000000,imu1_frame,nan,nan,nan,nan,-0.01611160704741261,-0.0008282320145756826,-0.0029506820195954256,-0.0390625,0.3828125,9.6484375
111,811000000,imu1_frame,nan,nan,nan,nan,-0.012205357047412609,0.005031142985424317,-0.008810057019595426,-0.0390625,0.3828125,9.6484375
111,831000000,imu1_frame,nan,nan,nan,nan,-0.02001785704741261,-0.0008282320145756826,-0.006856932019595426,-0.0390625,0.3828125,9.6484375
111,851000000,imu1_frame,nan,nan,nan,nan,-0.014158482047412609,0.0030780179854243174,-0.006856932019595426,-0.0390625,0.3828125,9.6484375
111,871000000,imu1_frame,nan,nan,nan,nan,-0.01611160704741261,0.0011248929854243174,-0.008810057019595426,-0.0390625,0.3828125,9.6484375
111,891000000,imu1_frame,nan,nan,nan,nan,-0.01611160704741261,0.0011248929854243174,-0.006856932019595426,-0.0390625,0.3828125,9.6484375
111,911000000,imu1_frame,nan,nan,nan,nan,-0.01806473204741261,0.0011248929854243174,-0.004903807019595426,-0.0390625,0.3828125,9.6484375
111,931000000,imu1_frame,nan,nan,nan,nan,-0.01806473204741261,0.0030780179854243174,-0.0029506820195954256,-0.0390625,0.3828125,9.6484375
111,951000000,imu1_frame,nan,nan,nan,nan,-0.014158482047412609,0.010890517985424317,-0.008810057019595426,-0.0390625,0.3828125,9.6484375
111,971000000,imu1_frame,nan,nan,nan,nan,-0.01806473204741261,0.0011248929854243174,-0.004903807019595426,-0.0390625,0.3828125,9.6484375
111,991000000,imu1_frame,nan,nan,nan,nan,-0.01806473204741261,0.0030780179854243174,-0.010763182019595426,-0.0390625,0.3828125,9.6484375
112,11000000,imu1_frame,nan,nan,nan,nan,-0.01806473204741261,0.0030780179854243174,-0.010763182019595426,-0.0390625,0.3828125,9.69140625
112,31000000,imu1_frame,nan,nan,nan,nan,-0.01611160704741261,0.005031142985424317,-0.010763182019595426,-0.0390625,0.3828125,9.69140625
112,51000000,imu1_frame,nan,nan,nan,nan,-0.012205357047412609,-0.0027813570145756826,-0.0029506820195954256,-0.0390625,0.3828125,9.69140625
112,71000000,imu1_frame,nan,nan,nan,nan,-0.014158482047412609,0.005031142985424317,-0.006856932019595426,-0.0390625,0.3828125,9.69140625
112,91000000,imu1_frame,nan,nan,nan,nan,-0.014158482047412609,0.005031142985424317,-0.006856932019595426,-0.0390625,0.3828125,9.6484375
112,111000000,imu1_frame,nan,nan,nan,nan,-0.01806473204741261,-0.0008282320145756826,-0.0029506820195954256,-0.0390625,0.3828125,9.6484375
112,131000000,imu1_frame,nan,nan,nan,nan,-0.014158482047412609,0.0030780179854243174,-0.006856932019595426,-0.0390625,0.3828125,9.6484375
112,151000000,imu1_frame,nan,nan,nan,nan,-0.01611160704741261,0.005031142985424317,-0.008810057019595426,-0.0390625,0.3828125,9.6484375
112,171000000,imu1_frame,nan,nan,nan,nan,-0.01611160704741261,0.005031142985424317,-0.008810057019595426,-0.0390625,0.3828125,9.69140625
112,191000000,imu1_frame,nan,nan,nan,nan,-0.01611160704741261,-0.0027813570145756826,-0.006856932019595426,-0.0390625,0.3828125,9.69140625
112,211000000,imu1_frame,nan,nan,nan,nan,-0.014158482047412609,0.006984267985424317,-0.008810057019595426,-0.0390625,0.3828125,9.69140625
112,231000000,imu1_frame,nan,nan,nan,nan,-0.014158482047412609,0.0011248929854243174,-0.006856932019595426,-0.0390625,0.3828125,9.69140625
112,251000000,imu1_frame,nan,nan,nan,nan,-0.014158482047412609,0.005031142985424317,-0.006856932019595426,-0.0390625,0.3828125,9.69140625
112,271000000,imu1_frame,nan,nan,nan,nan,-0.01611160704741261,0.0030780179854243174,-0.004903807019595426,-0.0390625,0.3828125,9.69140625
112,291000000,imu1_frame,nan,nan,nan,nan,-0.01806473204741261,0.005031142985424317,-0.008810057019595426,-0.0390625,0.3828125,9.69140625
112,311000000,imu1_frame,nan,nan,nan,nan,-0.01611160704741261,0.0011248929854243174,-0.006856932019595426,-0.0390625,0.3828125,9.69140625
112,331000000,imu1_frame,nan,nan,nan,nan,-0.01611160704741261,0.0030780179854243174,-0.008810057019595426,-0.0390625,0.3828125,9.69140625
112,351000000,imu1_frame,nan,nan,nan,nan,-0.01611160704741261,0.0030780179854243174,-0.010763182019595426,-0.0390625,0.3828125,9.69140625
112,371000000,imu1_frame,nan,nan,nan,nan,-0.014158482047412609,0.0030780179854243174,-0.010763182019595426,-0.0390625,0.3828125,9.69140625
112,391000000,imu1_frame,nan,nan,nan,nan,-0.014158482047412609,0.0030780179854243174,-0.010763182019595426,-0.0390625,0.3828125,9.6484375
112,411000000,imu1_frame,nan,nan,nan,nan,-0.010252232047412609,0.0011248929854243174,-0.006856932019595426,-0.0390625,0.3828125,9.6484375
112,431000000,imu1_frame,nan,nan,nan,nan,-0.01611160704741261,0.0030780179854243174,-0.006856932019595426,-0.0390625,0.3828125,9.6484375
112,451000000,imu1_frame,nan,nan,nan,nan,-0.014158482047412609,0.008937392985424317,-0.010763182019595426,-0.0390625,0.3828125,9.6484375
112,471000000,imu1_frame,nan,nan,nan,nan,-0.014158482047412609,0.008937392985424317,-0.010763182019595426,-0.0390625,0.3828125,9.69140625
112,491000000,imu1_frame,nan,nan,nan,nan,-0.01611160704741261,-0.0027813570145756826,-0.006856932019595426,-0.0390625,0.3828125,9.69140625
112,511000000,imu1_frame,nan,nan,nan,nan,-0.01806473204741261,0.0030780179854243174,-0.006856932019595426,-0.0390625,0.3828125,9.69140625
112,531000000,imu1_frame,nan,nan,nan,nan,-0.01611160704741261,0.0011248929854243174,-0.006856932019595426,-0.0390625,0.3828125,9.69140625
112,551000000,imu1_frame,nan,nan,nan,nan,-0.01611160704741261,-0.0008282320145756826,-0.006856932019595426,-0.0390625,0.3828125,9.69140625
112,571000000,imu1_frame,nan,nan,nan,nan,-0.012205357047412609,0.008937392985424317,-0.010763182019595426,-0.0390625,0.3828125,9.69140625
112,591000000,imu1_frame,nan,nan,nan,nan,-0.014158482047412609,0.008937392985424317,-0.010763182019595426,-0.0390625,0.3828125,9.69140625
112,611000000,imu1_frame,nan,nan,nan,nan,-0.01611160704741261,0.0030780179854243174,-0.010763182019595426,-0.0390625,0.3828125,9.69140625
112,631000000,imu1_frame,nan,nan,nan,nan,-0.01611160704741261,0.005031142985424317,-0.010763182019595426,-0.0390625,0.3828125,9.69140625
112,651000000,imu1_frame,nan,nan,nan,nan,-0.014158482047412609,0.010890517985424317,-0.010763182019595426,-0.0390625,0.3828125,9.69140625
112,671000000,imu1_frame,nan,nan,nan,nan,-0.012205357047412609,0.005031142985424317,-0.014669432019595426,-0.0390625,0.3828125,9.69140625
112,691000000,imu1_frame,nan,nan,nan,nan,-0.01806473204741261,0.0030780179854243174,-0.014669432019595426,-0.0390625,0.3828125,9.69140625
112,711000000,imu1_frame,nan,nan,nan,nan,-0.012205357047412609,0.006984267985424317,-0.014669432019595426,-0.0390625,0.3828125,9.69140625
112,731000000,imu1_frame,nan,nan,nan,nan,-0.010252232047412609,0.005031142985424317,-0.010763182019595426,-0.0390625,0.3828125,9.69140625
112,751000000,imu1_frame,nan,nan,nan,nan,-0.01611160704741261,0.005031142985424317,-0.010763182019595426,-0.0390625,0.3828125,9.69140625
112,771000000,imu1_frame,nan,nan,nan,nan,-0.01611160704741261,0.005031142985424317,-0.010763182019595426,-0.0390625,0.3828125,9.6484375
112,791000000,imu1_frame,nan,nan,nan,nan,-0.01611160704741261,0.005031142985424317,-0.012716307019595426,-0.0390625,0.3828125,9.6484375
112,811000000,imu1_frame,nan,nan,nan,nan,-0.014158482047412609,0.0030780179854243174,-0.010763182019595426,-0.0390625,0.3828125,9.6484375
112,831000000,imu1_frame,nan,nan,nan,nan,-0.01611160704741261,-0.004734482014575683,-0.010763182019595426,-0.0390625,0.3828125,9.6484375
112,851000000,imu1_frame,nan,nan,nan,nan,-0.01611160704741261,-0.004734482014575683,-0.010763182019595426,-0.0390625,0.3828125,9.6484375
112,871000000,imu1_frame,nan,nan,nan,nan,-0.014158482047412609,-0.0027813570145756826,-0.008810057019595426,-0.0390625,0.3828125,9.6484375
112,891000000,imu1_frame,nan,nan,nan,nan,-0.02001785704741261,0.0011248929854243174,-0.006856932019595426,-0.0390625,0.3828125,9.6484375
112,911000000,imu1_frame,nan,nan,nan,nan,-0.012205357047412609,0.005031142985424317,-0.008810057019595426,-0.0390625,0.3828125,9.6484375
112,931000000,imu1_frame,nan,nan,nan,nan,-0.01806473204741261,0.0011248929854243174,-0.006856932019595426,-0.0390625,0.3828125,9.6484375
112,951000000,imu1_frame,nan,nan,nan,nan,-0.014158482047412609,0.005031142985424317,-0.006856932019595426,-0.0390625,0.3828125,9.6484375
112,971000000,imu1_frame,nan,nan,nan,nan,-0.01806473204741261,0.005031142985424317,-0.006856932019595426,-0.0390625,0.3828125,9.6484375
112,991000000,imu1_frame,nan,nan,nan,nan,-0.012205357047412609,0.0011248929854243174,-0.008810057019595426,-0.0390625,0.3828125,9.6484375
113,11000000,imu1_frame,nan,nan,nan,nan,-0.014158482047412609,0.005031142985424317,-0.010763182019595426,-0.0390625,0.3828125,9.6484375
113,31000000,imu1_frame,nan,nan,nan,nan,-0.010252232047412609,0.0030780179854243174,-0.010763182019595426,-0.0390625,0.3828125,9.6484375
113,51000000,imu1_frame,nan,nan,nan,nan,-0.014158482047412609,0.008937392985424317,-0.006856932019595426,-0.0390625,0.3828125,9.6484375
113,71000000,imu1_frame,nan,nan,nan,nan,-0.014158482047412609,0.008937392985424317,-0.006856932019595426,0.0,0.3828125,9.69140625
113,91000000,imu1_frame,nan,nan,nan,nan,-0.014158482047412609,0.0030780179854243174,-0.012716307019595426,0.0,0.3828125,9.69140625
113,111000000,imu1_frame,nan,nan,nan,nan,-0.014158482047412609,0.008937392985424317,-0.010763182019595426,0.0,0.3828125,9.69140625
113,131000000,imu1_frame,nan,nan,nan,nan,-0.01611160704741261,0.008937392985424317,-0.008810057019595426,0.0,0.3828125,9.69140625
113,151000000,imu1_frame,nan,nan,nan,nan,-0.01611160704741261,0.008937392985424317,-0.008810057019595426,-0.0390625,0.3828125,9.69140625
113,171000000,imu1_frame,nan,nan,nan,nan,-0.01806473204741261,0.0011248929854243174,-0.006856932019595426,-0.0390625,0.3828125,9.69140625
113,191000000,imu1_frame,nan,nan,nan,nan,-0.01611160704741261,0.006984267985424317,-0.010763182019595426,-0.0390625,0.3828125,9.69140625
113,211000000,imu1_frame,nan,nan,nan,nan,-0.014158482047412609,0.0030780179854243174,-0.006856932019595426,-0.0390625,0.3828125,9.69140625
113,231000000,imu1_frame,nan,nan,nan,nan,-0.014158482047412609,-0.0008282320145756826,-0.006856932019595426,-0.0390625,0.3828125,9.69140625
113,251000000,imu1_frame,nan,nan,nan,nan,-0.012205357047412609,0.010890517985424317,-0.006856932019595426,-0.0390625,0.3828125,9.69140625
113,271000000,imu1_frame,nan,nan,nan,nan,-0.01806473204741261,-0.0008282320145756826,-0.006856932019595426,-0.0390625,0.3828125,9.69140625
113,291000000,imu1_frame,nan,nan,nan,nan,-0.01611160704741261,0.0011248929854243174,-0.006856932019595426,-0.0390625,0.3828125,9.69140625
113,311000000,imu1_frame,nan,nan,nan,nan,-0.012205357047412609,0.005031142985424317,-0.006856932019595426,-0.0390625,0.3828125,9.69140625
113,331000000,imu1_frame,nan,nan,nan,nan,-0.010252232047412609,0.008937392985424317,-0.010763182019595426,-0.0390625,0.3828125,9.69140625
113,351000000,imu1_frame,nan,nan,nan,nan,-0.012205357047412609,0.0030780179854243174,-0.010763182019595426,-0.0390625,0.3828125,9.69140625
113,371000000,imu1_frame,nan,nan,nan,nan,-0.012205357047412609,0.005031142985424317,-0.004903807019595426,-0.0390625,0.3828125,9.69140625
113,391000000,imu1_frame,nan,nan,nan,nan,-0.010252232047412609,0.006984267985424317,-0.008810057019595426,-0.0390625,0.3828125,9.69140625
113,411000000,imu1_frame,nan,nan,nan,nan,-0.01611160704741261,0.0011248929854243174,-0.006856932019595426,-0.0390625,0.3828125,9.69140625
113,431000000,imu1_frame,nan,nan,nan,nan,-0.014158482047412609,0.008937392985424317,-0.010763182019595426,-0.0390625,0.3828125,9.69140625
113,451000000,imu1_frame,nan,nan,nan,nan,-0.014158482047412609,0.008937392985424317,-0.008810057019595426,-0.0390625,0.3828125,9.69140625
113,471000000,imu1_frame,nan,nan,nan,nan,-0.012205357047412609,0.0030780179854243174,-0.012716307019595426,-0.0390625,0.3828125,9.69140625
113,491000000,imu1_frame,nan,nan,nan,nan,-0.014158482047412609,0.008937392985424317,-0.010763182019595426,-0.0390625,0.3828125,9.69140625
113,511000000,imu1_frame,nan,nan,nan,nan,-0.014158482047412609,0.008937392985424317,-0.010763182019595426,-0.0390625,0.3828125,9.69140625
113,531000000,imu1_frame,nan,nan,nan,nan,-0.014158482047412609,0.008937392985424317,-0.010763182019595426,-0.0390625,0.3828125,9.6484375
113,551000000,imu1_frame,nan,nan,nan,nan,-0.012205357047412609,0.010890517985424317,-0.008810057019595426,-0.0390625,0.3828125,9.6484375
113,571000000,imu1_frame,nan,nan,nan,nan,-0.014158482047412609,0.006984267985424317,-0.006856932019595426,-0.0390625,0.3828125,9.6484375
113,591000000,imu1_frame,nan,nan,nan,nan,-0.014158482047412609,0.0011248929854243174,-0.010763182019595426,-0.0390625,0.3828125,9.6484375
113,611000000,imu1_frame,nan,nan,nan,nan,-0.01611160704741261,0.006984267985424317,-0.006856932019595426,-0.0390625,0.3828125,9.6484375
113,631000000,imu1_frame,nan,nan,nan,nan,-0.01611160704741261,-0.0027813570145756826,-0.0029506820195954256,-0.0390625,0.3828125,9.6484375
113,651000000,imu1_frame,nan,nan,nan,nan,-0.01611160704741261,0.0030780179854243174,-0.006856932019595426,-0.0390625,0.3828125,9.6484375
113,671000000,imu1_frame,nan,nan,nan,nan,-0.014158482047412609,0.0011248929854243174,-0.006856932019595426,-0.0390625,0.3828125,9.6484375
113,691000000,imu1_frame,nan,nan,nan,nan,-0.014158482047412609,0.0011248929854243174,-0.004903807019595426,-0.0390625,0.3828125,9.6484375
113,711000000,imu1_frame,nan,nan,nan,nan,-0.014158482047412609,0.0011248929854243174,-0.006856932019595426,-0.0390625,0.3828125,9.6484375
113,731000000,imu1_frame,nan,nan,nan,nan,-0.012205357047412609,0.005031142985424317,-0.006856932019595426,-0.0390625,0.3828125,9.6484375
113,751000000,imu1_frame,nan,nan,nan,nan,-0.014158482047412609,0.005031142985424317,-0.006856932019595426,-0.0390625,0.3828125,9.6484375
113,771000000,imu1_frame,nan,nan,nan,nan,-0.01806473204741261,0.0011248929854243174,-0.010763182019595426,-0.0390625,0.3828125,9.6484375
113,791000000,imu1_frame,nan,nan,nan,nan,-0.014158482047412609,0.012843642985424317,-0.010763182019595426,-0.0390625,0.3828125,9.6484375
113,811000000,imu1_frame,nan,nan,nan,nan,-0.012205357047412609,0.0011248929854243174,-0.010763182019595426,-0.0390625,0.3828125,9.6484375
113,831000000,imu1_frame,nan,nan,nan,nan,-0.010252232047412609,0.008937392985424317,-0.010763182019595426,-0.0390625,0.3828125,9.6484375
113,851000000,imu1_frame,nan,nan,nan,nan,-0.014158482047412609,0.008937392985424317,-0.006856932019595426,-0.0390625,0.3828125,9.6484375
113,871000000,imu1_frame,nan,nan,nan,nan,-0.014158482047412609,0.006984267985424317,-0.010763182019595426,-0.0390625,0.3828125,9.6484375
113,891000000,imu1_frame,nan,nan,nan,nan,-0.012205357047412609,0.005031142985424317,-0.006856932019595426,-0.0390625,0.3828125,9.6484375
113,911000000,imu1_frame,nan,nan,nan,nan,-0.012205357047412609,0.005031142985424317,-0.006856932019595426,0.0,0.3828125,9.69140625
113,931000000,imu1_frame,nan,nan,nan,nan,-0.012205357047412609,0.006984267985424317,-0.006856932019595426,0.0,0.3828125,9.69140625
113,951000000,imu1_frame,nan,nan,nan,nan,-0.010252232047412609,0.008937392985424317,-0.006856932019595426,0.0,0.3828125,9.69140625
113,971000000,imu1_frame,nan,nan,nan,nan,-0.012205357047412609,0.005031142985424317,-0.004903807019595426,0.0,0.3828125,9.69140625
113,991000000,imu1_frame,nan,nan,nan,nan,-0.014158482047412609,0.008937392985424317,-0.006856932019595426,0.0,0.3828125,9.69140625
114,11000000,imu1_frame,nan,nan,nan,nan,-0.014158482047412609,0.008937392985424317,-0.010763182019595426,0.0,0.3828125,9.69140625
114,31000000,imu1_frame,nan,nan,nan,nan,-0.014158482047412609,0.008937392985424317,-0.006856932019595426,0.0,0.3828125,9.69140625
114,51000000,imu1_frame,nan,nan,nan,nan,-0.014158482047412609,0.008937392985424317,-0.006856932019595426,0.0,0.3828125,9.69140625
114,71000000,imu1_frame,nan,nan,nan,nan,-0.012205357047412609,0.008937392985424317,-0.006856932019595426,0.0,0.3828125,9.69140625
114,91000000,imu1_frame,nan,nan,nan,nan,-0.01806473204741261,0.0011248929854243174,-0.008810057019595426,0.0,0.3828125,9.69140625
114,111000000,imu1_frame,nan,nan,nan,nan,-0.01806473204741261,0.0011248929854243174,-0.008810057019595426,0.0,0.3828125,9.69140625
114,131000000,imu1_frame,nan,nan,nan,nan,-0.010252232047412609,0.006984267985424317,-0.0029506820195954256,0.0,0.3828125,9.69140625
114,151000000,imu1_frame,nan,nan,nan,nan,-0.012205357047412609,0.005031142985424317,-0.006856932019595426,0.0,0.3828125,9.69140625
114,171000000,imu1_frame,nan,nan,nan,nan,-0.01611160704741261,0.006984267985424317,-0.006856932019595426,0.0,0.3828125,9.69140625
114,191000000,imu1_frame,nan,nan,nan,nan,-0.014158482047412609,0.005031142985424317,-0.010763182019595426,0.0,0.3828125,9.69140625
114,211000000,imu1_frame,nan,nan,nan,nan,-0.010252232047412609,0.0030780179854243174,-0.010763182019595426,0.0,0.3828125,9.69140625
114,231000000,imu1_frame,nan,nan,nan,nan,-0.014158482047412609,0.006984267985424317,-0.004903807019595426,0.0,0.3828125,9.69140625
114,251000000,imu1_frame,nan,nan,nan,nan,-0.01611160704741261,0.0030780179854243174,-0.006856932019595426,0.0,0.3828125,9.69140625
114,271000000,imu1_frame,nan,nan,nan,nan,-0.014158482047412609,0.005031142985424317,-0.010763182019595426,0.0,0.3828125,9.69140625
114,291000000,imu1_frame,nan,nan,nan,nan,-0.012205357047412609,0.005031142985424317,-0.006856932019595426,0.0,0.3828125,9.69140625
114,311000000,imu1_frame,nan,nan,nan,nan,-0.012205357047412609,0.005031142985424317,-0.008810057019595426,0.0,0.3828125,9.69140625
114,331000000,imu1_frame,nan,nan,nan,nan,-0.012205357047412609,0.005031142985424317,-0.008810057019595426,0.0,0.3828125,9.69140625
114,351000000,imu1_frame,nan,nan,nan,nan,-0.01806473204741261,0.005031142985424317,-0.004903807019595426,0.0,0.3828125,9.69140625
114,371000000,imu1_frame,nan,nan,nan,nan,-0.012205357047412609,0.005031142985424317,-0.006856932019595426,0.0,0.3828125,9.69140625
114,391000000,imu1_frame,nan,nan,nan,nan,-0.01611160704741261,0.005031142985424317,-0.006856932019595426,0.0,0.3828125,9.69140625
114,411000000,imu1_frame,nan,nan,nan,nan,-0.010252232047412609,0.006984267985424317,-0.004903807019595426,0.0,0.3828125,9.69140625
114,431000000,imu1_frame,nan,nan,nan,nan,-0.01611160704741261,0.0030780179854243174,-0.006856932019595426,0.0,0.3828125,9.69140625
114,451000000,imu1_frame,nan,nan,nan,nan,-0.01611160704741261,0.005031142985424317,-0.004903807019595426,0.0,0.3828125,9.69140625
114,471000000,imu1_frame,nan,nan,nan,nan,-0.012205357047412609,0.0011248929854243174,-0.008810057019595426,0.0,0.3828125,9.69140625
114,491000000,imu1_frame,nan,nan,nan,nan,-0.012205357047412609,0.0011248929854243174,-0.008810057019595426,0.0,0.3828125,9.69140625
114,511000000,imu1_frame,nan,nan,nan,nan,-0.01611160704741261,0.005031142985424317,-0.006856932019595426,0.0,0.3828125,9.69140625
114,531000000,imu1_frame,nan,nan,nan,nan,-0.014158482047412609,0.005031142985424317,-0.008810057019595426,0.0,0.3828125,9.69140625
114,551000000,imu1_frame,nan,nan,nan,nan,-0.014158482047412609,0.0030780179854243174,-0.008810057019595426,0.0,0.3828125,9.69140625
114,571000000,imu1_frame,nan,nan,nan,nan,-0.014158482047412609,0.0030780179854243174,-0.006856932019595426,0.0,0.3828125,9.69140625
114,591000000,imu1_frame,nan,nan,nan,nan,-0.010252232047412609,0.005031142985424317,-0.006856932019595426,0.0,0.3828125,9.69140625
114,611000000,imu1_frame,nan,nan,nan,nan,-0.010252232047412609,0.008937392985424317,-0.008810057019595426,0.0,0.3828125,9.69140625
114,631000000,imu1_frame,nan,nan,nan,nan,-0.010252232047412609,0.0030780179854243174,-0.006856932019595426,0.0,0.3828125,9.69140625
114,651000000,imu1_frame,nan,nan,nan,nan,-0.012205357047412609,0.005031142985424317,-0.008810057019595426,0.0,0.3828125,9.69140625
114,671000000,imu1_frame,nan,nan,nan,nan,-0.01611160704741261,0.006984267985424317,-0.010763182019595426,0.0,0.3828125,9.69140625
114,691000000,imu1_frame,nan,nan,nan,nan,-0.014158482047412609,0.006984267985424317,-0.010763182019595426,0.0,0.3828125,9.69140625
114,711000000,imu1_frame,nan,nan,nan,nan,-0.010252232047412609,0.005031142985424317,-0.006856932019595426,0.0,0.3828125,9.69140625
114,731000000,imu1_frame,nan,nan,nan,nan,-0.014158482047412609,0.008937392985424317,-0.006856932019595426,0.0,0.3828125,9.69140625
114,751000000,imu1_frame,nan,nan,nan,nan,-0.010252232047412609,0.008937392985424317,-0.008810057019595426,0.0,0.3828125,9.69140625
114,771000000,imu1_frame,nan,nan,nan,nan,-0.014158482047412609,0.005031142985424317,-0.008810057019595426,0.0,0.3828125,9.69140625
114,791000000,imu1_frame,nan,nan,nan,nan,-0.01611160704741261,0.005031142985424317,-0.004903807019595426,0.0,0.3828125,9.69140625
114,811000000,imu1_frame,nan,nan,nan,nan,-0.010252232047412609,0.006984267985424317,-0.0029506820195954256,0.0,0.3828125,9.69140625
114,831000000,imu1_frame,nan,nan,nan,nan,-0.01806473204741261,0.005031142985424317,-0.006856932019595426,0.0,0.3828125,9.69140625
114,851000000,imu1_frame,nan,nan,nan,nan,-0.014158482047412609,0.0030780179854243174,-0.006856932019595426,0.0,0.3828125,9.69140625
114,871000000,imu1_frame,nan,nan,nan,nan,-0.014158482047412609,0.0030780179854243174,-0.006856932019595426,0.0,0.3828125,9.69140625
114,891000000,imu1_frame,nan,nan,nan,nan,-0.014158482047412609,0.005031142985424317,-0.008810057019595426,0.0,0.3828125,9.69140625
114,911000000,imu1_frame,nan,nan,nan,nan,-0.01611160704741261,0.0030780179854243174,-0.006856932019595426,0.0,0.3828125,9.69140625
114,931000000,imu1_frame,nan,nan,nan,nan,-0.014158482047412609,0.0011248929854243174,-0.006856932019595426,0.0,0.3828125,9.69140625
114,951000000,imu1_frame,nan,nan,nan,nan,-0.02001785704741261,0.0011248929854243174,-0.008810057019595426,0.0,0.3828125,9.69140625
114,971000000,imu1_frame,nan,nan,nan,nan,-0.014158482047412609,-0.0027813570145756826,-0.004903807019595426,0.0,0.3828125,9.69140625
114,991000000,imu1_frame,nan,nan,nan,nan,-0.01806473204741261,0.0011248929854243174,-0.008810057019595426,0.0,0.3828125,9.69140625
115,11000000,imu1_frame,nan,nan,nan,nan,-0.010252232047412609,0.0030780179854243174,-0.006856932019595426,0.0,0.3828125,9.69140625
115,32000000,imu1_frame,nan,nan,nan,nan,-0.014158482047412609,-0.0008282320145756826,-0.006856932019595426,0.0,0.3828125,9.69140625
115,51000000,imu1_frame,nan,nan,nan,nan,-0.010252232047412609,0.0011248929854243174,-0.008810057019595426,0.0,0.3828125,9.69140625
115,71000000,imu1_frame,nan,nan,nan,nan,-0.014158482047412609,0.0030780179854243174,-0.004903807019595426,0.0,0.3828125,9.69140625
115,91000000,imu1_frame,nan,nan,nan,nan,-0.01611160704741261,0.0011248929854243174,-0.008810057019595426,0.0,0.3828125,9.69140625
115,111000000,imu1_frame,nan,nan,nan,nan,-0.014158482047412609,0.0030780179854243174,-0.006856932019595426,0.0,0.3828125,9.69140625
115,131000000,imu1_frame,nan,nan,nan,nan,-0.014158482047412609,0.005031142985424317,-0.010763182019595426,0.0,0.3828125,9.69140625
115,151000000,imu1_frame,nan,nan,nan,nan,-0.01611160704741261,0.005031142985424317,-0.006856932019595426,0.0,0.3828125,9.69140625
115,171000000,imu1_frame,nan,nan,nan,nan,-0.014158482047412609,0.0011248929854243174,-0.006856932019595426,0.0,0.3828125,9.69140625
115,191000000,imu1_frame,nan,nan,nan,nan,-0.014158482047412609,0.0011248929854243174,-0.006856932019595426,0.0,0.3828125,9.69140625
115,211000000,imu1_frame,nan,nan,nan,nan,-0.012205357047412609,0.0030780179854243174,-0.004903807019595426,0.0,0.3828125,9.69140625
115,231000000,imu1_frame,nan,nan,nan,nan,-0.014158482047412609,0.005031142985424317,-0.010763182019595426,0.0,0.3828125,9.69140625
115,251000000,imu1_frame,nan,nan,nan,nan,-0.01806473204741261,0.0030780179854243174,-0.004903807019595426,0.0,0.3828125,9.69140625
115,271000000,imu1_frame,nan,nan,nan,nan,-0.014158482047412609,0.006984267985424317,-0.006856932019595426,0.0,0.3828125,9.69140625
115,291000000,imu1_frame,nan,nan,nan,nan,-0.014158482047412609,0.0030780179854243174,-0.006856932019595426,0.0,0.3828125,9.69140625
115,311000000,imu1_frame,nan,nan,nan,nan,-0.010252232047412609,0.0030780179854243174,-0.004903807019595426,0.0,0.3828125,9.69140625
115,331000000,imu1_frame,nan,nan,nan,nan,-0.012205357047412609,0.005031142985424317,-0.008810057019595426,0.0,0.3828125,9.69140625
115,351000000,imu1_frame,nan,nan,nan,nan,-0.01611160704741261,0.0011248929854243174,-0.010763182019595426,0.0,0.3828125,9.69140625
115,371000000,imu1_frame,nan,nan,nan,nan,-0.01611160704741261,0.0030780179854243174,-0.010763182019595426,0.0,0.3828125,9.69140625
115,391000000,imu1_frame,nan,nan,nan,nan,-0.01611160704741261,0.005031142985424317,-0.010763182019595426,0.0,0.3828125,9.69140625
115,411000000,imu1_frame,nan,nan,nan,nan,-0.01611160704741261,0.0011248929854243174,-0.006856932019595426,0.0,0.3828125,9.69140625
115,431000000,imu1_frame,nan,nan,nan,nan,-0.012205357047412609,0.005031142985424317,-0.006856932019595426,0.0,0.3828125,9.69140625
115,451000000,imu1_frame,nan,nan,nan,nan,-0.01611160704741261,0.005031142985424317,-0.004903807019595426,0.0,0.3828125,9.69140625
115,471000000,imu1_frame,nan,nan,nan,nan,-0.01806473204741261,-0.0008282320145756826,-0.006856932019595426,0.0,0.3828125,9.69140625
115,491000000,imu1_frame,nan,nan,nan,nan,-0.014158482047412609,0.0030780179854243174,-0.006856932019595426,0.0,0.3828125,9.69140625
115,511000000,imu1_frame,nan,nan,nan,nan,-0.01611160704741261,0.005031142985424317,-0.006856932019595426,0.0,0.3828125,9.69140625
115,531000000,imu1_frame,nan,nan,nan,nan,-0.014158482047412609,0.0030780179854243174,-0.006856932019595426,0.0,0.3828125,9.69140625
115,551000000,imu1_frame,nan,nan,nan,nan,-0.014158482047412609,0.0030780179854243174,-0.008810057019595426,0.0,0.3828125,9.69140625
115,571000000,imu1_frame,nan,nan,nan,nan,-0.014158482047412609,0.006984267985424317,-0.006856932019595426,0.0,0.3828125,9.69140625
115,591000000,imu1_frame,nan,nan,nan,nan,-0.010252232047412609,0.010890517985424317,-0.012716307019595426,0.0,0.3828125,9.69140625
115,611000000,imu1_frame,nan,nan,nan,nan,-0.008299107047412609,0.0011248929854243174,-0.006856932019595426,0.0,0.3828125,9.69140625
115,631000000,imu1_frame,nan,nan,nan,nan,-0.01806473204741261,0.005031142985424317,-0.008810057019595426,0.0,0.3828125,9.69140625
115,651000000,imu1_frame,nan,nan,nan,nan,-0.014158482047412609,0.005031142985424317,-0.0029506820195954256,0.0,0.3828125,9.69140625
115,671000000,imu1_frame,nan,nan,nan,nan,-0.012205357047412609,0.010890517985424317,-0.008810057019595426,0.0,0.3828125,9.69140625
115,691000000,imu1_frame,nan,nan,nan,nan,-0.010252232047412609,0.010890517985424317,-0.008810057019595426,0.0,0.3828125,9.69140625
115,711000000,imu1_frame,nan,nan,nan,nan,-0.014158482047412609,0.005031142985424317,-0.006856932019595426,0.0,0.3828125,9.69140625
115,731000000,imu1_frame,nan,nan,nan,nan,-0.01611160704741261,0.0030780179854243174,-0.006856932019595426,0.0,0.3828125,9.69140625
115,751000000,imu1_frame,nan,nan,nan,nan,-0.014158482047412609,0.005031142985424317,-0.006856932019595426,0.0,0.3828125,9.69140625
115,771000000,imu1_frame,nan,nan,nan,nan,-0.014158482047412609,0.006984267985424317,-0.008810057019595426,0.0,0.3828125,9.69140625
115,791000000,imu1_frame,nan,nan,nan,nan,-0.012205357047412609,0.008937392985424317,-0.006856932019595426,0.0,0.3828125,9.69140625
115,811000000,imu1_frame,nan,nan,nan,nan,-0.008299107047412609,0.005031142985424317,-0.004903807019595426,0.0,0.3828125,9.69140625
115,831000000,imu1_frame,nan,nan,nan,nan,-0.014158482047412609,0.006984267985424317,-0.004903807019595426,0.0,0.3828125,9.69140625
115,851000000,imu1_frame,nan,nan,nan,nan,-0.014158482047412609,0.005031142985424317,-0.006856932019595426,0.0,0.3828125,9.69140625
115,871000000,imu1_frame,nan,nan,nan,nan,-0.01806473204741261,0.0011248929854243174,-0.010763182019595426,0.0,0.3828125,9.69140625
115,891000000,imu1_frame,nan,nan,nan,nan,-0.01611160704741261,0.008937392985424317,-0.006856932019595426,0.0,0.3828125,9.69140625
115,911000000,imu1_frame,nan,nan,nan,nan,-0.014158482047412609,0.010890517985424317,-0.004903807019595426,0.0,0.3828125,9.69140625
115,931000000,imu1_frame,nan,nan,nan,nan,-0.014158482047412609,0.006984267985424317,-0.006856932019595426,0.0,0.3828125,9.69140625
115,951000000,imu1_frame,nan,nan,nan,nan,-0.010252232047412609,0.008937392985424317,-0.010763182019595426,0.0,0.3828125,9.69140625
115,971000000,imu1_frame,nan,nan,nan,nan,-0.012205357047412609,0.008937392985424317,-0.006856932019595426,0.0,0.3828125,9.69140625
115,991000000,imu1_frame,nan,nan,nan,nan,-0.008299107047412609,0.008937392985424317,-0.010763182019595426,0.0,0.3828125,9.69140625
116,11000000,imu1_frame,nan,nan,nan,nan,-0.01611160704741261,0.005031142985424317,-0.010763182019595426,0.0,0.3828125,9.69140625
116,31000000,imu1_frame,nan,nan,nan,nan,-0.014158482047412609,0.0030780179854243174,-0.006856932019595426,0.0,0.3828125,9.69140625
116,51000000,imu1_frame,nan,nan,nan,nan,-0.01806473204741261,-0.0008282320145756826,-0.004903807019595426,0.0,0.3828125,9.69140625
116,71000000,imu1_frame,nan,nan,nan,nan,-0.010252232047412609,0.008937392985424317,-0.010763182019595426,0.0,0.3828125,9.69140625
116,91000000,imu1_frame,nan,nan,nan,nan,-0.01611160704741261,0.0030780179854243174,-0.006856932019595426,0.0,0.3828125,9.69140625
116,111000000,imu1_frame,nan,nan,nan,nan,-0.014158482047412609,0.006984267985424317,-0.010763182019595426,0.0,0.3828125,9.69140625
116,131000000,imu1_frame,nan,nan,nan,nan,-0.01611160704741261,0.005031142985424317,-0.006856932019595426,0.0,0.3828125,9.69140625
116,151000000,imu1_frame,nan,nan,nan,nan,-0.014158482047412609,0.0011248929854243174,-0.004903807019595426,0.0,0.3828125,9.69140625
116,171000000,imu1_frame,nan,nan,nan,nan,-0.01611160704741261,-0.0008282320145756826,-0.010763182019595426,0.0,0.3828125,9.69140625
116,191000000,imu1_frame,nan,nan,nan,nan,-0.010252232047412609,0.012843642985424317,-0.006856932019595426,0.0,0.3828125,9.69140625
116,211000000,imu1_frame,nan,nan,nan,nan,-0.014158482047412609,0.006984267985424317,-0.006856932019595426,0.0,0.3828125,9.69140625
116,231000000,imu1_frame,nan,nan,nan,nan,-0.012205357047412609,0.006984267985424317,-0.006856932019595426,0.0,0.3828125,9.69140625
116,251000000,imu1_frame,nan,nan,nan,nan,-0.014158482047412609,0.010890517985424317,-0.004903807019595426,0.0,0.3828125,9.69140625
116,271000000,imu1_frame,nan,nan,nan,nan,-0.014158482047412609,0.005031142985424317,-0.006856932019595426,0.0,0.3828125,9.69140625
116,291000000,imu1_frame,nan,nan,nan,nan,-0.01611160704741261,0.010890517985424317,-0.004903807019595426,0.0,0.3828125,9.69140625
116,311000000,imu1_frame,nan,nan,nan,nan,-0.014158482047412609,0.008937392985424317,-0.004903807019595426,0.0,0.3828125,9.69140625
116,331000000,imu1_frame,nan,nan,nan,nan,-0.010252232047412609,0.008937392985424317,-0.004903807019595426,0.0,0.3828125,9.69140625
116,351000000,imu1_frame,nan,nan,nan,nan,-0.012205357047412609,0.0030780179854243174,-0.004903807019595426,0.0,0.3828125,9.69140625
116,371000000,imu1_frame,nan,nan,nan,nan,-0.01611160704741261,0.006984267985424317,-0.006856932019595426,0.0,0.3828125,9.69140625
116,391000000,imu1_frame,nan,nan,nan,nan,-0.010252232047412609,0.010890517985424317,-0.008810057019595426,0.0,0.3828125,9.69140625
116,411000000,imu1_frame,nan,nan,nan,nan,-0.014158482047412609,0.005031142985424317,-0.004903807019595426,0.0,0.3828125,9.69140625
116,431000000,imu1_frame,nan,nan,nan,nan,-0.014158482047412609,0.0011248929854243174,-0.004903807019595426,0.0,0.3828125,9.69140625
116,451000000,imu1_frame,nan,nan,nan,nan,-0.014158482047412609,0.008937392985424317,-0.006856932019595426,0.0,0.3828125,9.69140625
116,471000000,imu1_frame,nan,nan,nan,nan,-0.014158482047412609,0.005031142985424317,-0.004903807019595426,0.0,0.3828125,9.69140625
116,491000000,imu1_frame,nan,nan,nan,nan,-0.012205357047412609,0.005031142985424317,-0.006856932019595426,0.0,0.3828125,9.69140625
116,511000000,imu1_frame,nan,nan,nan,nan,-0.01611160704741261,0.006984267985424317,-0.004903807019595426,0.0,0.3828125,9.69140625
116,531000000,imu1_frame,nan,nan,nan,nan,-0.014158482047412609,0.008937392985424317,-0.004903807019595426,0.0,0.3828125,9.69140625
116,551000000,imu1_frame,nan,nan,nan,nan,-0.01611160704741261,0.005031142985424317,-0.006856932019595426,0.0,0.3828125,9.69140625
116,571000000,imu1_frame,nan,nan,nan,nan,-0.01611160704741261,0.005031142985424317,-0.006856932019595426,0.0,0.3828125,9.69140625
116,591000000,imu1_frame,nan,nan,nan,nan,-0.014158482047412609,0.0011248929854243174,-0.004903807019595426,0.0,0.3828125,9.69140625
116,611000000,imu1_frame,nan,nan,nan,nan,-0.01611160704741261,0.0030780179854243174,-0.008810057019595426,0.0,0.3828125,9.69140625
116,631000000,imu1_frame,nan,nan,nan,nan,-0.014158482047412609,0.0030780179854243174,-0.0029506820195954256,0.0,0.3828125,9.69140625
116,651000000,imu1_frame,nan,nan,nan,nan,-0.012205357047412609,0.0030780179854243174,-0.006856932019595426,0.0,0.3828125,9.69140625
116,671000000,imu1_frame,nan,nan,nan,nan,-0.014158482047412609,0.005031142985424317,-0.0009975570195954256,0.0,0.3828125,9.69140625
116,691000000,imu1_frame,nan,nan,nan,nan,-0.01806473204741261,0.005031142985424317,-0.004903807019595426,0.0,0.3828125,9.69140625
116,711000000,imu1_frame,nan,nan,nan,nan,-0.012205357047412609,0.005031142985424317,-0.004903807019595426,0.0,0.3828125,9.69140625
116,731000000,imu1_frame,nan,nan,nan,nan,-0.014158482047412609,0.0030780179854243174,-0.004903807019595426,0.0,0.3828125,9.69140625
116,751000000,imu1_frame,nan,nan,nan,nan,-0.014158482047412609,0.0030780179854243174,-0.004903807019595426,0.0,0.3828125,9.69140625
116,771000000,imu1_frame,nan,nan,nan,nan,-0.01611160704741261,0.005031142985424317,-0.004903807019595426,0.0,0.3828125,9.69140625
116,791000000,imu1_frame,nan,nan,nan,nan,-0.01611160704741261,0.008937392985424317,-0.006856932019595426,0.0,0.3828125,9.69140625
116,811000000,imu1_frame,nan,nan,nan,nan,-0.01806473204741261,0.0030780179854243174,-0.006856932019595426,0.0,0.3828125,9.69140625
116,831000000,imu1_frame,nan,nan,nan,nan,-0.01611160704741261,0.0011248929854243174,-0.004903807019595426,0.0,0.3828125,9.69140625
116,851000000,imu1_frame,nan,nan,nan,nan,-0.01611160704741261,0.0030780179854243174,-0.006856932019595426,0.0,0.3828125,9.69140625
116,871000000,imu1_frame,nan,nan,nan,nan,-0.01611160704741261,0.0030780179854243174,-0.006856932019595426,0.0,0.3828125,9.69140625
116,891000000,imu1_frame,nan,nan,nan,nan,-0.012205357047412609,0.006984267985424317,-0.008810057019595426,0.0,0.3828125,9.69140625
116,911000000,imu1_frame,nan,nan,nan,nan,-0.014158482047412609,0.005031142985424317,-0.006856932019595426,0.0,0.3828125,9.69140625
116,931000000,imu1_frame,nan,nan,nan,nan,-0.014158482047412609,0.005031142985424317,-0.006856932019595426,0.0,0.3828125,9.69140625
116,951000000,imu1_frame,nan,nan,nan,nan,-0.01611160704741261,0.005031142985424317,-0.004903807019595426,0.0,0.3828125,9.69140625
116,971000000,imu1_frame,nan,nan,nan,nan,-0.01611160704741261,0.005031142985424317,-0.004903807019595426,0.0,0.3828125,9.69140625
116,991000000,imu1_frame,nan,nan,nan,nan,-0.014158482047412609,0.008937392985424317,-0.004903807019595426,0.0,0.3828125,9.69140625
117,11000000,imu1_frame,nan,nan,nan,nan,-0.014158482047412609,0.005031142985424317,-0.006856932019595426,0.0,0.3828125,9.69140625
117,33000000,imu1_frame,nan,nan,nan,nan,-0.014158482047412609,0.005031142985424317,-0.006856932019595426,0.0,0.3828125,9.69140625
117,51000000,imu1_frame,nan,nan,nan,nan,-0.012205357047412609,0.008937392985424317,-0.0029506820195954256,0.0,0.3828125,9.69140625
117,71000000,imu1_frame,nan,nan,nan,nan,-0.012205357047412609,0.008937392985424317,-0.0029506820195954256,-0.0390625,0.3828125,9.6484375
117,91000000,imu1_frame,nan,nan,nan,nan,-0.012205357047412609,0.008937392985424317,-0.0029506820195954256,-0.0390625,0.3828125,9.6484375
117,111000000,imu1_frame,nan,nan,nan,nan,-0.012205357047412609,0.008937392985424317,-0.006856932019595426,-0.0390625,0.3828125,9.6484375
117,131000000,imu1_frame,nan,nan,nan,nan,-0.012205357047412609,0.008937392985424317,-0.006856932019595426,-0.0390625,0.3828125,9.6484375
117,151000000,imu1_frame,nan,nan,nan,nan,-0.012205357047412609,0.008937392985424317,-0.006856932019595426,-0.0390625,0.3828125,9.6484375
117,171000000,imu1_frame,nan,nan,nan,nan,-0.014158482047412609,0.010890517985424317,-0.004903807019595426,-0.0390625,0.3828125,9.6484375
117,191000000,imu1_frame,nan,nan,nan,nan,-0.004392857047412609,0.026515517985424317,-0.014669432019595426,-0.0390625,0.3828125,9.6484375
117,211000000,imu1_frame,nan,nan,nan,nan,-0.004392857047412609,0.026515517985424317,-0.014669432019595426,-0.0390625,0.3828125,9.6484375
117,231000000,imu1_frame,nan,nan,nan,nan,-0.004392857047412609,0.026515517985424317,-0.014669432019595426,-0.0390625,0.3828125,9.6484375
117,251000000,imu1_frame,nan,nan,nan,nan,-0.004392857047412609,0.026515517985424317,-0.014669432019595426,-0.0390625,0.3828125,9.6484375
117,271000000,imu1_frame,nan,nan,nan,nan,-0.004392857047412609,0.026515517985424317,-0.014669432019595426,-0.0390625,0.3828125,9.6484375
117,291000000,imu1_frame,nan,nan,nan,nan,-0.004392857047412609,0.026515517985424317,-0.014669432019595426,-0.0390625,0.3828125,9.6484375
117,311000000,imu1_frame,nan,nan,nan,nan,-0.006345982047412609,0.028468642985424317,-0.024435057019595426,-0.0390625,0.3828125,9.6484375
117,331000000,imu1_frame,nan,nan,nan,nan,-0.02783035704741261,-0.024265732014575683,-0.07131005701959542,-0.0390625,0.3828125,9.6484375
117,351000000,imu1_frame,nan,nan,nan,nan,-0.02783035704741261,-0.024265732014575683,-0.07131005701959542,-0.0390625,0.3828125,9.6484375
117,371000000,imu1_frame,nan,nan,nan,nan,-0.02783035704741261,-0.024265732014575683,-0.07131005701959542,-0.0390625,0.3828125,9.6484375
117,391000000,imu1_frame,nan,nan,nan,nan,-0.01611160704741261,-0.0008282320145756826,-0.028341307019595426,-0.0390625,0.3828125,9.6484375
117,411000000,imu1_frame,nan,nan,nan,nan,-0.014158482047412609,0.005031142985424317,-0.030294432019595426,-0.0390625,0.3828125,9.6484375
117,431000000,imu1_frame,nan,nan,nan,nan,-0.014158482047412609,0.005031142985424317,-0.030294432019595426,-0.0390625,0.3828125,9.6484375
117,451000000,imu1_frame,nan,nan,nan,nan,-0.014158482047412609,0.005031142985424317,-0.030294432019595426,-0.0390625,0.3828125,9.6484375
117,471000000,imu1_frame,nan,nan,nan,nan,-0.01611160704741261,0.005031142985424317,-0.026388182019595426,-0.0390625,0.3828125,9.6484375
117,491000000,imu1_frame,nan,nan,nan,nan,-0.01806473204741261,-0.006687607014575683,-0.006856932019595426,-0.0390625,0.3828125,9.6484375
117,511000000,imu1_frame,nan,nan,nan,nan,-0.01806473204741261,-0.006687607014575683,-0.006856932019595426,-0.0390625,0.3828125,9.6484375
117,531000000,imu1_frame,nan,nan,nan,nan,-0.01806473204741261,-0.006687607014575683,-0.006856932019595426,-0.0390625,0.3828125,9.6484375
117,551000000,imu1_frame,nan,nan,nan,nan,-0.014158482047412609,0.005031142985424317,-0.016622557019595426,-0.0390625,0.3828125,9.6484375
117,571000000,imu1_frame,nan,nan,nan,nan,-0.012205357047412609,0.012843642985424317,-0.024435057019595426,-0.0390625,0.3828125,9.6484375
117,591000000,imu1_frame,nan,nan,nan,nan,-0.012205357047412609,0.012843642985424317,-0.024435057019595426,-0.0390625,0.3828125,9.6484375
117,611000000,imu1_frame,nan,nan,nan,nan,-0.012205357047412609,0.012843642985424317,-0.024435057019595426,-0.0390625,0.3828125,9.6484375
117,631000000,imu1_frame,nan,nan,nan,nan,-0.012205357047412609,0.012843642985424317,-0.024435057019595426,-0.0390625,0.3828125,9.6484375
117,651000000,imu1_frame,nan,nan,nan,nan,-0.012205357047412609,0.012843642985424317,-0.024435057019595426,-0.0390625,0.3828125,9.6484375
117,671000000,imu1_frame,nan,nan,nan,nan,-0.012205357047412609,0.012843642985424317,-0.024435057019595426,-0.0390625,0.3828125,9.6484375
117,691000000,imu1_frame,nan,nan,nan,nan,-0.01806473204741261,-0.0027813570145756826,-0.006856932019595426,-0.0390625,0.3828125,9.6484375
117,711000000,imu1_frame,nan,nan,nan,nan,-0.012205357047412609,0.0030780179854243174,-0.006856932019595426,-0.0390625,0.3828125,9.6484375
117,731000000,imu1_frame,nan,nan,nan,nan,-0.012205357047412609,0.0030780179854243174,-0.006856932019595426,-0.0390625,0.3828125,9.6484375
117,751000000,imu1_frame,nan,nan,nan,nan,-0.012205357047412609,0.0030780179854243174,-0.006856932019595426,-0.0390625,0.3828125,9.6484375
117,771000000,imu1_frame,nan,nan,nan,nan,-0.014158482047412609,0.006984267985424317,-0.0029506820195954256,-0.0390625,0.3828125,9.6484375
117,791000000,imu1_frame,nan,nan,nan,nan,-0.012205357047412609,0.008937392985424317,-0.006856932019595426,-0.0390625,0.3828125,9.6484375
117,811000000,imu1_frame,nan,nan,nan,nan,-0.012205357047412609,0.008937392985424317,-0.006856932019595426,-0.0390625,0.3828125,9.6484375
117,831000000,imu1_frame,nan,nan,nan,nan,-0.012205357047412609,0.008937392985424317,-0.006856932019595426,-0.0390625,0.3828125,9.6484375
117,851000000,imu1_frame,nan,nan,nan,nan,-0.01611160704741261,0.008937392985424317,-0.006856932019595426,-0.0390625,0.3828125,9.6484375
117,871000000,imu1_frame,nan,nan,nan,nan,-0.012205357047412609,0.005031142985424317,-0.004903807019595426,-0.0390625,0.3828125,9.6484375
117,891000000,imu1_frame,nan,nan,nan,nan,-0.012205357047412609,0.005031142985424317,-0.004903807019595426,-0.0390625,0.3828125,9.6484375
117,911000000,imu1_frame,nan,nan,nan,nan,-0.012205357047412609,0.005031142985424317,-0.004903807019595426,-0.0390625,0.3828125,9.6484375
117,931000000,imu1_frame,nan,nan,nan,nan,-0.01611160704741261,0.0030780179854243174,-0.006856932019595426,-0.0390625,0.3828125,9.6484375
117,951000000,imu1_frame,nan,nan,nan,nan,-0.014158482047412609,0.005031142985424317,-0.006856932019595426,-0.0390625,0.3828125,9.6484375
117,971000000,imu1_frame,nan,nan,nan,nan,-0.014158482047412609,0.005031142985424317,-0.006856932019595426,-0.0390625,0.3828125,9.6484375
117,991000000,imu1_frame,nan,nan,nan,nan,-0.014158482047412609,0.005031142985424317,-0.006856932019595426,-0.0390625,0.3828125,9.6484375
118,11000000,imu1_frame,nan,nan,nan,nan,-0.014158482047412609,0.005031142985424317,-0.006856932019595426,-0.0390625,0.3828125,9.6484375
118,31000000,imu1_frame,nan,nan,nan,nan,-0.014158482047412609,0.005031142985424317,-0.006856932019595426,-0.0390625,0.3828125,9.6484375
118,51000000,imu1_frame,nan,nan,nan,nan,-0.014158482047412609,-0.0027813570145756826,-0.006856932019595426,-0.0390625,0.3828125,9.6484375
118,71000000,imu1_frame,nan,nan,nan,nan,-0.014158482047412609,0.005031142985424317,-0.010763182019595426,-0.0390625,0.3828125,9.6484375
118,91000000,imu1_frame,nan,nan,nan,nan,-0.014158482047412609,0.005031142985424317,-0.010763182019595426,-0.0390625,0.3828125,9.6484375
118,111000000,imu1_frame,nan,nan,nan,nan,-0.014158482047412609,0.005031142985424317,-0.010763182019595426,-0.0390625,0.3828125,9.6484375
118,131000000,imu1_frame,nan,nan,nan,nan,-0.014158482047412609,0.005031142985424317,-0.010763182019595426,-0.0390625,0.3828125,9.6484375
118,151000000,imu1_frame,nan,nan,nan,nan,-0.01806473204741261,0.0030780179854243174,-0.004903807019595426,-0.0390625,0.3828125,9.6484375
118,171000000,imu1_frame,nan,nan,nan,nan,-0.01806473204741261,0.0030780179854243174,-0.004903807019595426,-0.0390625,0.3828125,9.6484375
118,191000000,imu1_frame,nan,nan,nan,nan,-0.01806473204741261,0.0030780179854243174,-0.004903807019595426,-0.0390625,0.3828125,9.6484375
118,211000000,imu1_frame,nan,nan,nan,nan,-0.01806473204741261,0.0030780179854243174,-0.004903807019595426,-0.0390625,0.3828125,9.6484375
118,231000000,imu1_frame,nan,nan,nan,nan,-0.014158482047412609,-0.0027813570145756826,-0.006856932019595426,-0.0390625,0.3828125,9.6484375
118,251000000,imu1_frame,nan,nan,nan,nan,-0.014158482047412609,-0.0027813570145756826,-0.006856932019595426,-0.0390625,0.3828125,9.6484375
118,271000000,imu1_frame,nan,nan,nan,nan,-0.014158482047412609,-0.0027813570145756826,-0.006856932019595426,-0.0390625,0.3828125,9.6484375
118,291000000,imu1_frame,nan,nan,nan,nan,-0.014158482047412609,-0.0027813570145756826,-0.006856932019595426,-0.0390625,0.3828125,9.6484375
118,311000000,imu1_frame,nan,nan,nan,nan,-0.014158482047412609,-0.0027813570145756826,-0.006856932019595426,-0.0390625,0.3828125,9.6484375
118,331000000,imu1_frame,nan,nan,nan,nan,-0.014158482047412609,-0.0027813570145756826,-0.006856932019595426,-0.0390625,0.3828125,9.6484375
118,351000000,imu1_frame,nan,nan,nan,nan,-0.014158482047412609,-0.0027813570145756826,-0.006856932019595426,-0.0390625,0.3828125,9.6484375
118,371000000,imu1_frame,nan,nan,nan,nan,-0.014158482047412609,-0.0027813570145756826,-0.006856932019595426,-0.0390625,0.3828125,9.6484375
118,391000000,imu1_frame,nan,nan,nan,nan,-0.014158482047412609,-0.0027813570145756826,-0.006856932019595426,-0.0390625,0.3828125,9.6484375
118,411000000,imu1_frame,nan,nan,nan,nan,-0.014158482047412609,-0.0027813570145756826,-0.006856932019595426,-0.0390625,0.3828125,9.6484375
118,431000000,imu1_frame,nan,nan,nan,nan,-0.014158482047412609,-0.0027813570145756826,-0.006856932019595426,-0.0390625,0.3828125,9.6484375
118,451000000,imu1_frame,nan,nan,nan,nan,-0.014158482047412609,-0.0027813570145756826,-0.006856932019595426,-0.0390625,0.3828125,9.6484375
118,471000000,imu1_frame,nan,nan,nan,nan,-0.014158482047412609,-0.0027813570145756826,-0.006856932019595426,-0.0390625,0.3828125,9.6484375
118,491000000,imu1_frame,nan,nan,nan,nan,-0.014158482047412609,-0.0027813570145756826,-0.006856932019595426,-0.0390625,0.3828125,9.6484375
118,511000000,imu1_frame,nan,nan,nan,nan,-0.014158482047412609,-0.0027813570145756826,-0.006856932019595426,-0.0390625,0.3828125,9.6484375
118,531000000,imu1_frame,nan,nan,nan,nan,-0.014158482047412609,-0.0027813570145756826,-0.006856932019595426,-0.0390625,0.3828125,9.6484375
118,551000000,imu1_frame,nan,nan,nan,nan,-0.014158482047412609,-0.0027813570145756826,-0.006856932019595426,-0.0390625,0.3828125,9.6484375
118,571000000,imu1_frame,nan,nan,nan,nan,-0.014158482047412609,-0.0027813570145756826,-0.006856932019595426,-0.0390625,0.3828125,9.6484375
118,591000000,imu1_frame,nan,nan,nan,nan,-0.014158482047412609,-0.0027813570145756826,-0.006856932019595426,-0.0390625,0.3828125,9.6484375
118,611000000,imu1_frame,nan,nan,nan,nan,-0.014158482047412609,-0.0027813570145756826,-0.006856932019595426,-0.0390625,0.3828125,9.6484375
118,631000000,imu1_frame,nan,nan,nan,nan,-0.014158482047412609,-0.0027813570145756826,-0.006856932019595426,-0.0390625,0.3828125,9.6484375
118,651000000,imu1_frame,nan,nan,nan,nan,-0.014158482047412609,-0.0027813570145756826,-0.006856932019595426,-0.0390625,0.3828125,9.6484375
118,671000000,imu1_frame,nan,nan,nan,nan,-0.014158482047412609,-0.0027813570145756826,-0.006856932019595426,-0.0390625,0.3828125,9.6484375
118,691000000,imu1_frame,nan,nan,nan,nan,-0.014158482047412609,-0.0027813570145756826,-0.006856932019595426,-0.0390625,0.3828125,9.6484375
118,711000000,imu1_frame,nan,nan,nan,nan,-0.014158482047412609,-0.0027813570145756826,-0.006856932019595426,-0.0390625,0.3828125,9.6484375
118,731000000,imu1_frame,nan,nan,nan,nan,-0.014158482047412609,-0.0027813570145756826,-0.006856932019595426,-0.0390625,0.3828125,9.6484375
118,751000000,imu1_frame,nan,nan,nan,nan,-0.014158482047412609,-0.0027813570145756826,-0.006856932019595426,-0.0390625,0.3828125,9.6484375
118,771000000,imu1_frame,nan,nan,nan,nan,-0.014158482047412609,-0.0027813570145756826,-0.006856932019595426,-0.0390625,0.3828125,9.6484375
118,791000000,imu1_frame,nan,nan,nan,nan,-0.014158482047412609,-0.0027813570145756826,-0.006856932019595426,-0.0390625,0.3828125,9.6484375
118,811000000,imu1_frame,nan,nan,nan,nan,-0.014158482047412609,-0.0027813570145756826,-0.006856932019595426,-0.0390625,0.3828125,9.6484375
118,831000000,imu1_frame,nan,nan,nan,nan,-0.014158482047412609,-0.0027813570145756826,-0.006856932019595426,-0.0390625,0.3828125,9.6484375
118,851000000,imu1_frame,nan,nan,nan,nan,-0.014158482047412609,-0.0027813570145756826,-0.006856932019595426,-0.0390625,0.3828125,9.6484375
118,871000000,imu1_frame,nan,nan,nan,nan,-0.014158482047412609,-0.0027813570145756826,-0.006856932019595426,-0.0390625,0.3828125,9.6484375
118,891000000,imu1_frame,nan,nan,nan,nan,-0.014158482047412609,-0.0027813570145756826,-0.006856932019595426,-0.078125,0.3828125,9.6484375
118,911000000,imu1_frame,nan,nan,nan,nan,-0.014158482047412609,-0.0027813570145756826,-0.006856932019595426,-0.078125,0.3828125,9.6484375
118,931000000,imu1_frame,nan,nan,nan,nan,-0.014158482047412609,-0.0027813570145756826,-0.006856932019595426,-0.078125,0.3828125,9.6484375
118,951000000,imu1_frame,nan,nan,nan,nan,-0.014158482047412609,-0.0027813570145756826,-0.006856932019595426,-0.078125,0.3828125,9.69140625
118,971000000,imu1_frame,nan,nan,nan,nan,-0.014158482047412609,-0.0027813570145756826,-0.006856932019595426,-0.078125,0.3828125,9.6484375
118,991000000,imu1_frame,nan,nan,nan,nan,-0.014158482047412609,-0.0027813570145756826,-0.006856932019595426,-0.078125,0.3828125,9.6484375
119,11000000,imu1_frame,nan,nan,nan,nan,-0.014158482047412609,-0.0027813570145756826,-0.006856932019595426,-0.078125,0.3828125,9.6484375
119,33000000,imu1_frame,nan,nan,nan,nan,-0.014158482047412609,-0.0027813570145756826,-0.006856932019595426,-0.078125,0.3828125,9.69140625
119,51000000,imu1_frame,nan,nan,nan,nan,-0.014158482047412609,-0.0027813570145756826,-0.006856932019595426,-0.078125,0.3828125,9.6484375
119,71000000,imu1_frame,nan,nan,nan,nan,-0.014158482047412609,-0.0027813570145756826,-0.006856932019595426,-0.078125,0.421875,9.65234375
119,91000000,imu1_frame,nan,nan,nan,nan,-0.014158482047412609,-0.0027813570145756826,-0.006856932019595426,-0.0390625,0.3828125,9.69140625
119,111000000,imu1_frame,nan,nan,nan,nan,-0.014158482047412609,-0.0027813570145756826,-0.006856932019595426,-0.0390625,0.3828125,9.6484375
119,131000000,imu1_frame,nan,nan,nan,nan,-0.014158482047412609,-0.0027813570145756826,-0.006856932019595426,-0.0390625,0.3828125,9.6484375
119,151000000,imu1_frame,nan,nan,nan,nan,-0.014158482047412609,-0.0027813570145756826,-0.006856932019595426,-0.0390625,0.3828125,9.6484375
119,171000000,imu1_frame,nan,nan,nan,nan,-0.014158482047412609,-0.0027813570145756826,-0.006856932019595426,-0.078125,0.3828125,9.6484375
119,191000000,imu1_frame,nan,nan,nan,nan,-0.014158482047412609,-0.0027813570145756826,-0.006856932019595426,-0.0390625,0.3828125,9.6484375
119,211000000,imu1_frame,nan,nan,nan,nan,-0.014158482047412609,-0.0027813570145756826,-0.006856932019595426,-0.078125,0.3828125,9.6484375
119,231000000,imu1_frame,nan,nan,nan,nan,-0.014158482047412609,-0.0027813570145756826,-0.006856932019595426,-0.078125,0.3828125,9.6484375
119,251000000,imu1_frame,nan,nan,nan,nan,-0.014158482047412609,-0.0027813570145756826,-0.006856932019595426,-0.0390625,0.3828125,9.6484375
119,271000000,imu1_frame,nan,nan,nan,nan,-0.014158482047412609,-0.0027813570145756826,-0.006856932019595426,-0.0390625,0.3828125,9.69140625
119,291000000,imu1_frame,nan,nan,nan,nan,-0.014158482047412609,-0.0027813570145756826,-0.006856932019595426,-0.0390625,0.3828125,9.69140625
119,311000000,imu1_frame,nan,nan,nan,nan,-0.014158482047412609,-0.0027813570145756826,-0.006856932019595426,-0.0390625,0.3828125,9.69140625
119,331000000,imu1_frame,nan,nan,nan,nan,-0.014158482047412609,-0.0027813570145756826,-0.006856932019595426,-0.0390625,0.3828125,9.6484375
119,351000000,imu1_frame,nan,nan,nan,nan,-0.014158482047412609,-0.0027813570145756826,-0.006856932019595426,-0.0390625,0.3828125,9.6484375
119,371000000,imu1_frame,nan,nan,nan,nan,-0.014158482047412609,-0.0027813570145756826,-0.006856932019595426,-0.0390625,0.3828125,9.69140625
119,391000000,imu1_frame,nan,nan,nan,nan,-0.014158482047412609,-0.0027813570145756826,-0.006856932019595426,-0.078125,0.3828125,9.6484375
119,411000000,imu1_frame,nan,nan,nan,nan,-0.014158482047412609,-0.0027813570145756826,-0.006856932019595426,-0.0390625,0.3828125,9.6484375
119,431000000,imu1_frame,nan,nan,nan,nan,-0.014158482047412609,-0.0027813570145756826,-0.006856932019595426,-0.0390625,0.3828125,9.6484375
119,451000000,imu1_frame,nan,nan,nan,nan,-0.014158482047412609,-0.0027813570145756826,-0.006856932019595426,-0.0390625,0.3828125,9.6484375
119,471000000,imu1_frame,nan,nan,nan,nan,-0.014158482047412609,-0.0027813570145756826,-0.006856932019595426,-0.0390625,0.3828125,9.6484375
119,491000000,imu1_frame,nan,nan,nan,nan,-0.014158482047412609,-0.0027813570145756826,-0.006856932019595426,-0.0390625,0.3828125,9.6484375
119,511000000,imu1_frame,nan,nan,nan,nan,-0.014158482047412609,-0.0027813570145756826,-0.006856932019595426,-0.0390625,0.3828125,9.6484375
119,531000000,imu1_frame,nan,nan,nan,nan,-0.014158482047412609,-0.0027813570145756826,-0.006856932019595426,-0.0390625,0.3828125,9.6484375
119,551000000,imu1_frame,nan,nan,nan,nan,-0.014158482047412609,-0.0027813570145756826,-0.006856932019595426,-0.0390625,0.3828125,9.6484375
119,571000000,imu1_frame,nan,nan,nan,nan,-0.014158482047412609,-0.0027813570145756826,-0.006856932019595426,-0.0390625,0.34375,9.6484375
119,591000000,imu1_frame,nan,nan,nan,nan,-0.014158482047412609,-0.0027813570145756826,-0.006856932019595426,-0.0390625,0.3828125,9.6484375
119,611000000,imu1_frame,nan,nan,nan,nan,-0.014158482047412609,-0.0027813570145756826,-0.006856932019595426,-0.0390625,0.34375,9.69140625
119,631000000,imu1_frame,nan,nan,nan,nan,-0.014158482047412609,-0.0027813570145756826,-0.006856932019595426,-0.0390625,0.3828125,9.6484375
119,651000000,imu1_frame,nan,nan,nan,nan,-0.014158482047412609,-0.0027813570145756826,-0.006856932019595426,-0.0390625,0.3828125,9.69140625
119,671000000,imu1_frame,nan,nan,nan,nan,-0.014158482047412609,-0.0027813570145756826,-0.006856932019595426,-0.0390625,0.3828125,9.69140625
119,691000000,imu1_frame,nan,nan,nan,nan,-0.014158482047412609,-0.0027813570145756826,-0.006856932019595426,-0.0390625,0.3828125,9.69140625
119,711000000,imu1_frame,nan,nan,nan,nan,-0.014158482047412609,-0.0027813570145756826,-0.006856932019595426,-0.0390625,0.3828125,9.6484375
119,731000000,imu1_frame,nan,nan,nan,nan,-0.014158482047412609,-0.0027813570145756826,-0.006856932019595426,-0.0390625,0.3828125,9.69140625
119,751000000,imu1_frame,nan,nan,nan,nan,-0.014158482047412609,-0.0027813570145756826,-0.006856932019595426,-0.0390625,0.3828125,9.69140625
119,771000000,imu1_frame,nan,nan,nan,nan,-0.014158482047412609,-0.0027813570145756826,-0.006856932019595426,-0.0390625,0.3828125,9.6484375
119,791000000,imu1_frame,nan,nan,nan,nan,-0.014158482047412609,-0.0027813570145756826,-0.006856932019595426,-0.0390625,0.3828125,9.6484375
119,811000000,imu1_frame,nan,nan,nan,nan,-0.014158482047412609,-0.0027813570145756826,-0.006856932019595426,-0.0390625,0.3828125,9.69140625
119,831000000,imu1_frame,nan,nan,nan,nan,-0.014158482047412609,-0.0027813570145756826,-0.006856932019595426,-0.0390625,0.3828125,9.69140625
119,851000000,imu1_frame,nan,nan,nan,nan,-0.014158482047412609,-0.0027813570145756826,-0.006856932019595426,-0.0390625,0.3828125,9.6484375
119,871000000,imu1_frame,nan,nan,nan,nan,-0.014158482047412609,-0.0027813570145756826,-0.006856932019595426,-0.0390625,0.3828125,9.69140625
119,891000000,imu1_frame,nan,nan,nan,nan,-0.014158482047412609,-0.0027813570145756826,-0.006856932019595426,-0.0390625,0.34375,9.69140625
119,911000000,imu1_frame,nan,nan,nan,nan,-0.014158482047412609,-0.0027813570145756826,-0.006856932019595426,-0.0390625,0.3828125,9.6484375
119,931000000,imu1_frame,nan,nan,nan,nan,-0.014158482047412609,-0.0027813570145756826,-0.006856932019595426,-0.0390625,0.3828125,9.6484375
119,951000000,imu1_frame,nan,nan,nan,nan,-0.014158482047412609,-0.0027813570145756826,-0.006856932019595426,0.0,0.3828125,9.69140625
119,971000000,imu1_frame,nan,nan,nan,nan,-0.014158482047412609,-0.0027813570145756826,-0.006856932019595426,0.0,0.3828125,9.69140625
119,991000000,imu1_frame,nan,nan,nan,nan,-0.014158482047412609,-0.0027813570145756826,-0.006856932019595426,0.0,0.3828125,9.6484375
120,11000000,imu1_frame,nan,nan,nan,nan,-0.014158482047412609,-0.0027813570145756826,-0.006856932019595426,0.0,0.3828125,9.6484375
120,31000000,imu1_frame,nan,nan,nan,nan,-0.014158482047412609,-0.0027813570145756826,-0.006856932019595426,-0.0390625,0.3828125,9.6484375
120,51000000,imu1_frame,nan,nan,nan,nan,-0.014158482047412609,-0.0027813570145756826,-0.006856932019595426,0.0,0.34375,9.6484375
120,71000000,imu1_frame,nan,nan,nan,nan,-0.014158482047412609,-0.0027813570145756826,-0.006856932019595426,-0.0390625,0.3828125,9.6484375
120,91000000,imu1_frame,nan,nan,nan,nan,-0.014158482047412609,-0.0027813570145756826,-0.006856932019595426,-0.0390625,0.3828125,9.69140625
120,111000000,imu1_frame,nan,nan,nan,nan,-0.014158482047412609,-0.0027813570145756826,-0.006856932019595426,-0.0390625,0.3828125,9.69140625
120,131000000,imu1_frame,nan,nan,nan,nan,-0.014158482047412609,-0.0027813570145756826,-0.006856932019595426,0.0,0.34375,9.69140625
120,151000000,imu1_frame,nan,nan,nan,nan,-0.014158482047412609,-0.0027813570145756826,-0.006856932019595426,-0.0390625,0.34375,9.6484375
120,171000000,imu1_frame,nan,nan,nan,nan,-0.014158482047412609,-0.0027813570145756826,-0.006856932019595426,-0.0390625,0.3828125,9.69140625
120,191000000,imu1_frame,nan,nan,nan,nan,-0.014158482047412609,-0.0027813570145756826,-0.006856932019595426,-0.0390625,0.3828125,9.6484375
120,211000000,imu1_frame,nan,nan,nan,nan,-0.014158482047412609,-0.0027813570145756826,-0.006856932019595426,-0.0390625,0.3828125,9.69140625
120,231000000,imu1_frame,nan,nan,nan,nan,-0.014158482047412609,-0.0027813570145756826,-0.006856932019595426,0.0,0.34375,9.69140625
120,251000000,imu1_frame,nan,nan,nan,nan,-0.014158482047412609,-0.0027813570145756826,-0.006856932019595426,-0.0390625,0.3828125,9.6484375
120,271000000,imu1_frame,nan,nan,nan,nan,-0.014158482047412609,-0.0027813570145756826,-0.006856932019595426,-0.0390625,0.3828125,9.6484375
120,291000000,imu1_frame,nan,nan,nan,nan,-0.014158482047412609,-0.0027813570145756826,-0.006856932019595426,0.0,0.3828125,9.6484375
120,311000000,imu1_frame,nan,nan,nan,nan,-0.014158482047412609,-0.0027813570145756826,-0.006856932019595426,0.0,0.3828125,9.69140625
120,331000000,imu1_frame,nan,nan,nan,nan,-0.014158482047412609,-0.0027813570145756826,-0.006856932019595426,0.0,0.34375,9.6484375
120,351000000,imu1_frame,nan,nan,nan,nan,-0.014158482047412609,-0.0027813570145756826,-0.006856932019595426,0.0,0.3828125,9.6484375
120,371000000,imu1_frame,nan,nan,nan,nan,-0.014158482047412609,-0.0027813570145756826,-0.006856932019595426,0.0,0.3828125,9.6484375
120,391000000,imu1_frame,nan,nan,nan,nan,-0.014158482047412609,-0.0027813570145756826,-0.006856932019595426,-0.0390625,0.3828125,9.69140625
120,411000000,imu1_frame,nan,nan,nan,nan,-0.014158482047412609,-0.0027813570145756826,-0.006856932019595426,0.0,0.3828125,9.6484375
120,431000000,imu1_frame,nan,nan,nan,nan,-0.014158482047412609,-0.0027813570145756826,-0.006856932019595426,-0.0390625,0.3828125,9.6484375
120,451000000,imu1_frame,nan,nan,nan,nan,-0.014158482047412609,-0.0027813570145756826,-0.006856932019595426,0.0,0.34375,9.69140625
120,471000000,imu1_frame,nan,nan,nan,nan,-0.014158482047412609,-0.0027813570145756826,-0.006856932019595426,-0.0390625,0.3828125,9.6484375
120,491000000,imu1_frame,nan,nan,nan,nan,-0.01806473204741261,-0.0027813570145756826,-0.006856932019595426,-0.0390625,0.3828125,9.6484375
120,511000000,imu1_frame,nan,nan,nan,nan,-0.01806473204741261,-0.0027813570145756826,-0.006856932019595426,0.0,0.34375,9.6484375
120,531000000,imu1_frame,nan,nan,nan,nan,-0.01806473204741261,-0.0027813570145756826,-0.006856932019595426,0.0,0.3828125,9.69140625
120,551000000,imu1_frame,nan,nan,nan,nan,-0.01806473204741261,-0.0027813570145756826,-0.006856932019595426,0.0,0.3828125,9.6484375
120,571000000,imu1_frame,nan,nan,nan,nan,-0.01806473204741261,-0.0027813570145756826,-0.006856932019595426,-0.0390625,0.3828125,9.69140625
120,591000000,imu1_frame,nan,nan,nan,nan,-0.01806473204741261,-0.0027813570145756826,-0.006856932019595426,0.0,0.3828125,9.6484375
120,611000000,imu1_frame,nan,nan,nan,nan,-0.01806473204741261,-0.0027813570145756826,-0.006856932019595426,0.0,0.3828125,9.69140625
120,631000000,imu1_frame,nan,nan,nan,nan,-0.01806473204741261,-0.0027813570145756826,-0.006856932019595426,0.0,0.3828125,9.69140625
120,651000000,imu1_frame,nan,nan,nan,nan,-0.01806473204741261,-0.0027813570145756826,-0.006856932019595426,0.0,0.34375,9.69140625
120,671000000,imu1_frame,nan,nan,nan,nan,-0.01806473204741261,-0.0027813570145756826,-0.006856932019595426,0.0,0.34375,9.69140625
120,691000000,imu1_frame,nan,nan,nan,nan,-0.01806473204741261,-0.0027813570145756826,-0.006856932019595426,0.0,0.3828125,9.69140625
120,711000000,imu1_frame,nan,nan,nan,nan,-0.01806473204741261,-0.0027813570145756826,-0.006856932019595426,0.0,0.34375,9.69140625
120,731000000,imu1_frame,nan,nan,nan,nan,-0.01806473204741261,-0.0027813570145756826,-0.006856932019595426,0.0390625,0.3828125,9.6484375
120,751000000,imu1_frame,nan,nan,nan,nan,-0.01806473204741261,-0.0027813570145756826,-0.006856932019595426,0.0,0.34375,9.6484375
120,771000000,imu1_frame,nan,nan,nan,nan,-0.01806473204741261,-0.0027813570145756826,-0.006856932019595426,0.0,0.3828125,9.69140625
120,791000000,imu1_frame,nan,nan,nan,nan,-0.01806473204741261,-0.0027813570145756826,-0.006856932019595426,0.0,0.3828125,9.69140625
120,811000000,imu1_frame,nan,nan,nan,nan,-0.01806473204741261,-0.0027813570145756826,-0.006856932019595426,0.0390625,0.34375,9.6484375
120,831000000,imu1_frame,nan,nan,nan,nan,-0.01806473204741261,-0.0027813570145756826,-0.006856932019595426,0.0,0.3828125,9.6484375
120,851000000,imu1_frame,nan,nan,nan,nan,-0.01806473204741261,-0.0027813570145756826,-0.006856932019595426,0.0390625,0.34375,9.69140625
120,871000000,imu1_frame,nan,nan,nan,nan,-0.01611160704741261,0.0011248929854243174,-0.004903807019595426,0.0390625,0.34375,9.69140625
120,891000000,imu1_frame,nan,nan,nan,nan,-0.01611160704741261,0.0011248929854243174,-0.004903807019595426,0.0,0.34375,9.6484375
120,911000000,imu1_frame,nan,nan,nan,nan,-0.01611160704741261,0.0011248929854243174,-0.004903807019595426,0.0,0.34375,9.69140625
120,931000000,imu1_frame,nan,nan,nan,nan,-0.01611160704741261,0.0011248929854243174,-0.004903807019595426,0.0,0.34375,9.6484375
120,951000000,imu1_frame,nan,nan,nan,nan,-0.01806473204741261,0.0011248929854243174,-0.006856932019595426,0.0,0.34375,9.6484375
120,971000000,imu1_frame,nan,nan,nan,nan,-0.01806473204741261,0.0011248929854243174,-0.006856932019595426,0.0,0.34375,9.6484375
120,991000000,imu1_frame,nan,nan,nan,nan,-0.01806473204741261,0.0011248929854243174,-0.006856932019595426,0.0,0.34375,9.69140625
121,11000000,imu1_frame,nan,nan,nan,nan,-0.01806473204741261,0.0011248929854243174,-0.006856932019595426,0.0,0.34375,9.69140625
121,34000000,imu1_frame,nan,nan,nan,nan,-0.01806473204741261,0.0011248929854243174,-0.006856932019595426,0.0,0.3828125,9.6484375
121,51000000,imu1_frame,nan,nan,nan,nan,-0.01806473204741261,0.0011248929854243174,-0.006856932019595426,0.0,0.34375,9.6484375
121,71000000,imu1_frame,nan,nan,nan,nan,-0.01806473204741261,0.0011248929854243174,-0.006856932019595426,0.0,0.34375,9.69140625
121,91000000,imu1_frame,nan,nan,nan,nan,-0.01806473204741261,0.0011248929854243174,-0.006856932019595426,0.0,0.3828125,9.6484375
121,111000000,imu1_frame,nan,nan,nan,nan,-0.01806473204741261,0.0011248929854243174,-0.006856932019595426,0.0,0.34375,9.69140625
121,131000000,imu1_frame,nan,nan,nan,nan,-0.01806473204741261,0.0011248929854243174,-0.006856932019595426,0.0390625,0.3828125,9.6484375
121,151000000,imu1_frame,nan,nan,nan,nan,-0.01806473204741261,0.0011248929854243174,-0.006856932019595426,0.0,0.34375,9.6484375
121,171000000,imu1_frame,nan,nan,nan,nan,-0.01806473204741261,0.0011248929854243174,-0.006856932019595426,0.0,0.34375,9.69140625
121,191000000,imu1_frame,nan,nan,nan,nan,-0.01806473204741261,0.0011248929854243174,-0.006856932019595426,0.0,0.34375,9.69140625
121,211000000,imu1_frame,nan,nan,nan,nan,-0.01806473204741261,0.0011248929854243174,-0.006856932019595426,0.0,0.34375,9.69140625
121,231000000,imu1_frame,nan,nan,nan,nan,-0.01806473204741261,0.0011248929854243174,-0.006856932019595426,0.0,0.34375,9.69140625
121,251000000,imu1_frame,nan,nan,nan,nan,-0.012205357047412609,0.010890517985424317,-0.006856932019595426,0.0,0.34375,9.69140625
121,271000000,imu1_frame,nan,nan,nan,nan,-0.012205357047412609,0.010890517985424317,-0.006856932019595426,0.0,0.34375,9.69140625
121,291000000,imu1_frame,nan,nan,nan,nan,-0.012205357047412609,0.010890517985424317,-0.006856932019595426,0.0,0.34375,9.69140625
121,311000000,imu1_frame,nan,nan,nan,nan,-0.012205357047412609,0.010890517985424317,-0.006856932019595426,0.0390625,0.34375,9.6484375
121,331000000,imu1_frame,nan,nan,nan,nan,-0.012205357047412609,0.010890517985424317,-0.006856932019595426,0.0,0.34375,9.69140625
121,351000000,imu1_frame,nan,nan,nan,nan,-0.012205357047412609,0.010890517985424317,-0.006856932019595426,0.0,0.34375,9.6484375
121,371000000,imu1_frame,nan,nan,nan,nan,-0.012205357047412609,0.010890517985424317,-0.006856932019595426,0.0,0.34375,9.69140625
121,391000000,imu1_frame,nan,nan,nan,nan,-0.012205357047412609,0.010890517985424317,-0.006856932019595426,0.0,0.34375,9.69140625
121,411000000,imu1_frame,nan,nan,nan,nan,-0.012205357047412609,0.010890517985424317,-0.006856932019595426,0.0,0.34375,9.69140625
121,431000000,imu1_frame,nan,nan,nan,nan,-0.012205357047412609,0.010890517985424317,-0.006856932019595426,0.0,0.34375,9.69140625
121,451000000,imu1_frame,nan,nan,nan,nan,-0.012205357047412609,0.010890517985424317,-0.006856932019595426,0.0,0.3828125,9.69140625
121,471000000,imu1_frame,nan,nan,nan,nan,-0.012205357047412609,0.010890517985424317,-0.006856932019595426,0.0,0.34375,9.69140625
121,491000000,imu1_frame,nan,nan,nan,nan,-0.012205357047412609,0.010890517985424317,-0.006856932019595426,0.0,0.34375,9.69140625
121,511000000,imu1_frame,nan,nan,nan,nan,-0.012205357047412609,0.010890517985424317,-0.006856932019595426,0.0,0.34375,9.6484375
121,531000000,imu1_frame,nan,nan,nan,nan,-0.012205357047412609,0.010890517985424317,-0.006856932019595426,0.0,0.3828125,9.6484375
121,551000000,imu1_frame,nan,nan,nan,nan,-0.01611160704741261,0.005031142985424317,-0.008810057019595426,0.0,0.3828125,9.6484375
121,571000000,imu1_frame,nan,nan,nan,nan,-0.01611160704741261,0.005031142985424317,-0.008810057019595426,0.0,0.34375,9.6484375
121,591000000,imu1_frame,nan,nan,nan,nan,-0.01611160704741261,0.005031142985424317,-0.008810057019595426,0.0,0.34375,9.69140625
121,611000000,imu1_frame,nan,nan,nan,nan,-0.01611160704741261,0.005031142985424317,-0.008810057019595426,0.0,0.34375,9.6484375
121,631000000,imu1_frame,nan,nan,nan,nan,-0.01806473204741261,-0.0008282320145756826,-0.004903807019595426,0.0,0.34375,9.6484375
121,651000000,imu1_frame,nan,nan,nan,nan,-0.01806473204741261,-0.0008282320145756826,-0.004903807019595426,0.0390625,0.34375,9.69140625
121,671000000,imu1_frame,nan,nan,nan,nan,-0.01806473204741261,-0.0008282320145756826,-0.004903807019595426,0.0,0.34375,9.6484375
121,691000000,imu1_frame,nan,nan,nan,nan,-0.01806473204741261,-0.0008282320145756826,-0.004903807019595426,0.0,0.34375,9.6484375
121,711000000,imu1_frame,nan,nan,nan,nan,-0.01611160704741261,0.005031142985424317,-0.006856932019595426,0.0,0.34375,9.6484375
121,731000000,imu1_frame,nan,nan,nan,nan,-0.01611160704741261,0.005031142985424317,-0.006856932019595426,0.0,0.34375,9.69140625
121,751000000,imu1_frame,nan,nan,nan,nan,-0.01611160704741261,0.005031142985424317,-0.006856932019595426,0.0,0.34375,9.6484375
121,771000000,imu1_frame,nan,nan,nan,nan,-0.01611160704741261,0.005031142985424317,-0.006856932019595426,0.0,0.34375,9.6484375
121,791000000,imu1_frame,nan,nan,nan,nan,-0.01611160704741261,0.005031142985424317,-0.006856932019595426,0.0,0.34375,9.6484375
121,811000000,imu1_frame,nan,nan,nan,nan,-0.01611160704741261,0.005031142985424317,-0.006856932019595426,0.0390625,0.34375,9.6484375
121,831000000,imu1_frame,nan,nan,nan,nan,-0.01611160704741261,0.005031142985424317,-0.006856932019595426,0.0390625,0.34375,9.6484375
121,851000000,imu1_frame,nan,nan,nan,nan,-0.01611160704741261,0.005031142985424317,-0.006856932019595426,0.0,0.34375,9.69140625
121,871000000,imu1_frame,nan,nan,nan,nan,-0.01611160704741261,0.005031142985424317,-0.006856932019595426,0.0,0.34375,9.69140625
121,891000000,imu1_frame,nan,nan,nan,nan,-0.01611160704741261,0.005031142985424317,-0.006856932019595426,0.0,0.34375,9.69140625
121,911000000,imu1_frame,nan,nan,nan,nan,-0.01611160704741261,0.005031142985424317,-0.006856932019595426,0.0,0.34375,9.6484375
121,931000000,imu1_frame,nan,nan,nan,nan,-0.01806473204741261,0.005031142985424317,-0.004903807019595426,0.0,0.34375,9.6484375
121,951000000,imu1_frame,nan,nan,nan,nan,-0.01806473204741261,0.005031142985424317,-0.004903807019595426,0.0,0.34375,9.69140625
121,971000000,imu1_frame,nan,nan,nan,nan,-0.01806473204741261,0.005031142985424317,-0.004903807019595426,0.0,0.34375,9.69140625
121,991000000,imu1_frame,nan,nan,nan,nan,-0.01806473204741261,0.005031142985424317,-0.004903807019595426,0.0,0.34375,9.6484375
122,11000000,imu1_frame,nan,nan,nan,nan,-0.012205357047412609,0.0030780179854243174,-0.004903807019595426,0.0,0.34375,9.6484375
122,31000000,imu1_frame,nan,nan,nan,nan,-0.012205357047412609,0.0030780179854243174,-0.004903807019595426,0.0390625,0.34375,9.69140625
122,51000000,imu1_frame,nan,nan,nan,nan,-0.012205357047412609,0.0030780179854243174,-0.004903807019595426,0.0,0.34375,9.6484375
122,71000000,imu1_frame,nan,nan,nan,nan,-0.012205357047412609,0.0030780179854243174,-0.004903807019595426,0.0390625,0.34375,9.6484375
122,91000000,imu1_frame,nan,nan,nan,nan,-0.012205357047412609,0.0030780179854243174,-0.004903807019595426,0.0390625,0.34375,9.6484375
122,111000000,imu1_frame,nan,nan,nan,nan,-0.012205357047412609,0.0030780179854243174,-0.004903807019595426,0.0,0.34375,9.69140625
122,131000000,imu1_frame,nan,nan,nan,nan,-0.012205357047412609,0.0030780179854243174,-0.004903807019595426,0.0,0.34375,9.69140625
122,151000000,imu1_frame,nan,nan,nan,nan,-0.012205357047412609,0.0030780179854243174,-0.004903807019595426,0.0,0.34375,9.6484375
122,171000000,imu1_frame,nan,nan,nan,nan,-0.012205357047412609,0.0030780179854243174,-0.004903807019595426,0.0390625,0.34375,9.69140625
122,191000000,imu1_frame,nan,nan,nan,nan,-0.012205357047412609,0.0030780179854243174,-0.004903807019595426,0.0,0.34375,9.69140625
122,211000000,imu1_frame,nan,nan,nan,nan,-0.012205357047412609,0.0030780179854243174,-0.004903807019595426,0.0,0.34375,9.69140625
122,231000000,imu1_frame,nan,nan,nan,nan,-0.012205357047412609,0.0030780179854243174,-0.004903807019595426,0.0390625,0.34375,9.6484375
122,251000000,imu1_frame,nan,nan,nan,nan,-0.012205357047412609,0.0030780179854243174,-0.004903807019595426,0.0,0.34375,9.69140625
122,271000000,imu1_frame,nan,nan,nan,nan,-0.012205357047412609,0.0030780179854243174,-0.004903807019595426,0.0,0.34375,9.6484375
122,291000000,imu1_frame,nan,nan,nan,nan,-0.012205357047412609,0.0030780179854243174,-0.004903807019595426,0.0,0.34375,9.6484375
122,311000000,imu1_frame,nan,nan,nan,nan,-0.014158482047412609,0.0011248929854243174,-0.006856932019595426,0.0,0.34375,9.6484375
122,331000000,imu1_frame,nan,nan,nan,nan,-0.014158482047412609,0.0011248929854243174,-0.006856932019595426,0.0,0.34375,9.6484375
122,351000000,imu1_frame,nan,nan,nan,nan,-0.014158482047412609,0.0011248929854243174,-0.006856932019595426,0.0,0.34375,9.69140625
122,371000000,imu1_frame,nan,nan,nan,nan,-0.014158482047412609,0.0011248929854243174,-0.006856932019595426,0.0,0.34375,9.6484375
122,391000000,imu1_frame,nan,nan,nan,nan,-0.014158482047412609,0.0011248929854243174,-0.006856932019595426,0.0,0.34375,9.6484375
122,411000000,imu1_frame,nan,nan,nan,nan,-0.014158482047412609,0.0011248929854243174,-0.006856932019595426,0.0,0.34375,9.69140625
122,431000000,imu1_frame,nan,nan,nan,nan,-0.014158482047412609,0.0011248929854243174,-0.006856932019595426,0.0390625,0.34375,9.69140625
122,451000000,imu1_frame,nan,nan,nan,nan,-0.014158482047412609,0.0011248929854243174,-0.006856932019595426,0.0,0.34375,9.6484375
122,471000000,imu1_frame,nan,nan,nan,nan,-0.010252232047412609,-0.0008282320145756826,-0.010763182019595426,0.0,0.34375,9.6484375
122,491000000,imu1_frame,nan,nan,nan,nan,-0.010252232047412609,-0.0008282320145756826,-0.010763182019595426,0.0390625,0.34375,9.6484375
122,511000000,imu1_frame,nan,nan,nan,nan,-0.010252232047412609,-0.0008282320145756826,-0.010763182019595426,0.0,0.34375,9.6484375
122,531000000,imu1_frame,nan,nan,nan,nan,-0.010252232047412609,-0.0008282320145756826,-0.010763182019595426,0.0,0.34375,9.6484375
122,551000000,imu1_frame,nan,nan,nan,nan,-0.010252232047412609,-0.0008282320145756826,-0.010763182019595426,0.0390625,0.34375,9.69140625
122,571000000,imu1_frame,nan,nan,nan,nan,-0.010252232047412609,-0.0008282320145756826,-0.010763182019595426,0.0390625,0.34375,9.6484375
122,591000000,imu1_frame,nan,nan,nan,nan,-0.010252232047412609,-0.0008282320145756826,-0.010763182019595426,0.0390625,0.34375,9.69140625
122,611000000,imu1_frame,nan,nan,nan,nan,-0.010252232047412609,-0.0008282320145756826,-0.010763182019595426,0.0390625,0.34375,9.69140625
122,631000000,imu1_frame,nan,nan,nan,nan,-0.010252232047412609,-0.0008282320145756826,-0.010763182019595426,0.0,0.34375,9.69140625
122,651000000,imu1_frame,nan,nan,nan,nan,-0.010252232047412609,-0.0008282320145756826,-0.010763182019595426,0.0,0.34375,9.6484375
122,671000000,imu1_frame,nan,nan,nan,nan,-0.010252232047412609,-0.0008282320145756826,-0.010763182019595426,0.0,0.34375,9.69140625
122,691000000,imu1_frame,nan,nan,nan,nan,-0.01611160704741261,0.005031142985424317,-0.004903807019595426,0.0,0.34375,9.69140625
122,711000000,imu1_frame,nan,nan,nan,nan,-0.01611160704741261,0.005031142985424317,-0.004903807019595426,0.0,0.34375,9.6484375
122,731000000,imu1_frame,nan,nan,nan,nan,-0.01611160704741261,0.005031142985424317,-0.004903807019595426,0.0,0.34375,9.69140625
122,751000000,imu1_frame,nan,nan,nan,nan,-0.01611160704741261,0.005031142985424317,-0.004903807019595426,0.0390625,0.34375,9.6484375
122,771000000,imu1_frame,nan,nan,nan,nan,-0.01611160704741261,0.005031142985424317,-0.006856932019595426,0.0390625,0.34375,9.6484375
122,791000000,imu1_frame,nan,nan,nan,nan,-0.01611160704741261,0.005031142985424317,-0.006856932019595426,0.0,0.34375,9.69140625
122,811000000,imu1_frame,nan,nan,nan,nan,-0.01611160704741261,0.005031142985424317,-0.006856932019595426,0.0,0.34375,9.69140625
122,831000000,imu1_frame,nan,nan,nan,nan,-0.01611160704741261,0.005031142985424317,-0.006856932019595426,0.0,0.34375,9.6484375
122,851000000,imu1_frame,nan,nan,nan,nan,-0.01611160704741261,0.005031142985424317,-0.006856932019595426,0.0,0.3828125,9.69140625
122,871000000,imu1_frame,nan,nan,nan,nan,-0.01611160704741261,0.005031142985424317,-0.006856932019595426,0.0,0.34375,9.69140625
122,891000000,imu1_frame,nan,nan,nan,nan,-0.01611160704741261,0.005031142985424317,-0.006856932019595426,0.0390625,0.34375,9.69140625
122,911000000,imu1_frame,nan,nan,nan,nan,-0.01611160704741261,0.005031142985424317,-0.006856932019595426,0.0,0.34375,9.69140625
122,931000000,imu1_frame,nan,nan,nan,nan,-0.01611160704741261,0.005031142985424317,-0.006856932019595426,0.0390625,0.34375,9.6484375
122,951000000,imu1_frame,nan,nan,nan,nan,-0.01611160704741261,0.005031142985424317,-0.006856932019595426,0.0390625,0.3828125,9.69140625
122,971000000,imu1_frame,nan,nan,nan,nan,-0.01611160704741261,0.005031142985424317,-0.006856932019595426,0.0,0.34375,9.6484375
122,991000000,imu1_frame,nan,nan,nan,nan,-0.012205357047412609,0.005031142985424317,-0.004903807019595426,0.0,0.34375,9.6484375
123,11000000,imu1_frame,nan,nan,nan,nan,-0.012205357047412609,0.005031142985424317,-0.004903807019595426,0.0390625,0.34375,9.6484375
123,36000000,imu1_frame,nan,nan,nan,nan,-0.012205357047412609,0.005031142985424317,-0.004903807019595426,0.0,0.34375,9.69140625
123,51000000,imu1_frame,nan,nan,nan,nan,-0.012205357047412609,0.005031142985424317,-0.004903807019595426,0.0390625,0.34375,9.6484375
123,71000000,imu1_frame,nan,nan,nan,nan,-0.012205357047412609,0.005031142985424317,-0.004903807019595426,0.0390625,0.34375,9.6484375
123,91000000,imu1_frame,nan,nan,nan,nan,-0.012205357047412609,0.005031142985424317,-0.004903807019595426,0.0390625,0.34375,9.6484375
123,111000000,imu1_frame,nan,nan,nan,nan,-0.012205357047412609,0.005031142985424317,-0.004903807019595426,0.0390625,0.34375,9.69140625
123,131000000,imu1_frame,nan,nan,nan,nan,-0.012205357047412609,0.005031142985424317,-0.004903807019595426,0.0390625,0.34375,9.6484375
123,151000000,imu1_frame,nan,nan,nan,nan,-0.01611160704741261,0.005031142985424317,-0.006856932019595426,0.0390625,0.34375,9.6484375
123,171000000,imu1_frame,nan,nan,nan,nan,-0.01611160704741261,0.005031142985424317,-0.006856932019595426,0.0390625,0.34375,9.6484375
123,191000000,imu1_frame,nan,nan,nan,nan,-0.01611160704741261,0.005031142985424317,-0.006856932019595426,0.0,0.3828125,9.6484375
123,211000000,imu1_frame,nan,nan,nan,nan,-0.01611160704741261,0.005031142985424317,-0.006856932019595426,0.0390625,0.34375,9.69140625
123,231000000,imu1_frame,nan,nan,nan,nan,-0.010252232047412609,0.006984267985424317,-0.008810057019595426,0.0390625,0.34375,9.69140625
123,251000000,imu1_frame,nan,nan,nan,nan,-0.010252232047412609,0.006984267985424317,-0.008810057019595426,0.0390625,0.34375,9.6484375
123,271000000,imu1_frame,nan,nan,nan,nan,-0.010252232047412609,0.006984267985424317,-0.008810057019595426,0.0,0.34375,9.6484375
123,291000000,imu1_frame,nan,nan,nan,nan,-0.010252232047412609,0.006984267985424317,-0.008810057019595426,0.0,0.34375,9.6484375
123,311000000,imu1_frame,nan,nan,nan,nan,-0.010252232047412609,0.006984267985424317,-0.008810057019595426,0.0,0.34375,9.69140625
123,331000000,imu1_frame,nan,nan,nan,nan,-0.010252232047412609,0.006984267985424317,-0.008810057019595426,0.0390625,0.34375,9.6484375
123,351000000,imu1_frame,nan,nan,nan,nan,-0.010252232047412609,0.006984267985424317,-0.008810057019595426,0.0,0.34375,9.69140625
123,371000000,imu1_frame,nan,nan,nan,nan,-0.01806473204741261,0.006984267985424317,-0.006856932019595426,0.0,0.34375,9.69140625
123,391000000,imu1_frame,nan,nan,nan,nan,-0.01806473204741261,0.006984267985424317,-0.006856932019595426,0.0390625,0.34375,9.69140625
123,411000000,imu1_frame,nan,nan,nan,nan,-0.01806473204741261,0.006984267985424317,-0.006856932019595426,0.0,0.34375,9.6484375
123,431000000,imu1_frame,nan,nan,nan,nan,-0.01806473204741261,0.006984267985424317,-0.006856932019595426,0.0,0.34375,9.69140625
123,451000000,imu1_frame,nan,nan,nan,nan,-0.014158482047412609,0.008937392985424317,-0.010763182019595426,0.0,0.34375,9.69140625
123,471000000,imu1_frame,nan,nan,nan,nan,-0.014158482047412609,0.008937392985424317,-0.010763182019595426,0.0390625,0.34375,9.6484375
123,491000000,imu1_frame,nan,nan,nan,nan,-0.014158482047412609,0.008937392985424317,-0.010763182019595426,0.0390625,0.34375,9.6484375
123,511000000,imu1_frame,nan,nan,nan,nan,-0.014158482047412609,0.008937392985424317,-0.010763182019595426,0.0,0.34375,9.6484375
123,531000000,imu1_frame,nan,nan,nan,nan,-0.012205357047412609,0.008937392985424317,-0.006856932019595426,0.0,0.34375,9.6484375
123,551000000,imu1_frame,nan,nan,nan,nan,-0.012205357047412609,0.008937392985424317,-0.006856932019595426,0.0,0.3828125,9.69140625
123,571000000,imu1_frame,nan,nan,nan,nan,-0.012205357047412609,0.008937392985424317,-0.006856932019595426,0.0,0.34375,9.69140625
123,591000000,imu1_frame,nan,nan,nan,nan,-0.012205357047412609,0.008937392985424317,-0.006856932019595426,0.0,0.34375,9.69140625
123,611000000,imu1_frame,nan,nan,nan,nan,-0.012205357047412609,0.008937392985424317,-0.006856932019595426,0.0,0.34375,9.6484375
123,631000000,imu1_frame,nan,nan,nan,nan,-0.012205357047412609,0.008937392985424317,-0.006856932019595426,0.0390625,0.3828125,9.6484375
123,651000000,imu1_frame,nan,nan,nan,nan,-0.012205357047412609,0.008937392985424317,-0.006856932019595426,0.0390625,0.34375,9.6484375
123,671000000,imu1_frame,nan,nan,nan,nan,-0.014158482047412609,0.008937392985424317,-0.006856932019595426,0.0390625,0.34375,9.6484375
123,691000000,imu1_frame,nan,nan,nan,nan,-0.014158482047412609,0.008937392985424317,-0.006856932019595426,0.0,0.34375,9.6484375
123,711000000,imu1_frame,nan,nan,nan,nan,-0.014158482047412609,0.008937392985424317,-0.006856932019595426,0.0,0.34375,9.6484375
123,731000000,imu1_frame,nan,nan,nan,nan,-0.014158482047412609,0.008937392985424317,-0.006856932019595426,0.0390625,0.34375,9.69140625
123,751000000,imu1_frame,nan,nan,nan,nan,-0.010252232047412609,0.005031142985424317,-0.006856932019595426,0.0390625,0.34375,9.69140625
123,771000000,imu1_frame,nan,nan,nan,nan,-0.010252232047412609,0.005031142985424317,-0.006856932019595426,0.0,0.34375,9.6484375
123,791000000,imu1_frame,nan,nan,nan,nan,-0.010252232047412609,0.005031142985424317,-0.006856932019595426,0.0,0.3828125,9.6484375
123,811000000,imu1_frame,nan,nan,nan,nan,-0.010252232047412609,0.005031142985424317,-0.006856932019595426,0.0,0.34375,9.69140625
123,831000000,imu1_frame,nan,nan,nan,nan,-0.014158482047412609,0.0030780179854243174,-0.006856932019595426,0.0,0.34375,9.69140625
123,851000000,imu1_frame,nan,nan,nan,nan,-0.014158482047412609,0.0030780179854243174,-0.006856932019595426,0.0,0.34375,9.6484375
123,871000000,imu1_frame,nan,nan,nan,nan,-0.014158482047412609,0.0030780179854243174,-0.006856932019595426,0.0,0.34375,9.69140625
123,891000000,imu1_frame,nan,nan,nan,nan,-0.014158482047412609,0.0030780179854243174,-0.006856932019595426,0.0390625,0.34375,9.6484375
123,911000000,imu1_frame,nan,nan,nan,nan,-0.01806473204741261,-0.0008282320145756826,-0.008810057019595426,0.0390625,0.34375,9.6484375
123,931000000,imu1_frame,nan,nan,nan,nan,-0.01806473204741261,-0.0008282320145756826,-0.008810057019595426,0.0,0.34375,9.69140625
123,951000000,imu1_frame,nan,nan,nan,nan,-0.01806473204741261,-0.0008282320145756826,-0.008810057019595426,0.0,0.34375,9.69140625
123,971000000,imu1_frame,nan,nan,nan,nan,-0.01806473204741261,-0.0008282320145756826,-0.008810057019595426,0.0,0.34375,9.6484375
123,991000000,imu1_frame,nan,nan,nan,nan,-0.01611160704741261,0.0030780179854243174,-0.006856932019595426,0.0,0.34375,9.6484375
124,11000000,imu1_frame,nan,nan,nan,nan,-0.01611160704741261,0.0030780179854243174,-0.006856932019595426,0.0,0.34375,9.6484375
124,31000000,imu1_frame,nan,nan,nan,nan,-0.01611160704741261,0.0030780179854243174,-0.006856932019595426,0.0,0.34375,9.69140625
124,51000000,imu1_frame,nan,nan,nan,nan,-0.01806473204741261,0.0011248929854243174,-0.006856932019595426,0.0,0.34375,9.69140625
124,71000000,imu1_frame,nan,nan,nan,nan,-0.01806473204741261,0.0011248929854243174,-0.006856932019595426,0.0,0.34375,9.69140625
124,91000000,imu1_frame,nan,nan,nan,nan,-0.01806473204741261,0.0011248929854243174,-0.006856932019595426,0.0390625,0.34375,9.69140625
124,111000000,imu1_frame,nan,nan,nan,nan,-0.01806473204741261,0.0011248929854243174,-0.006856932019595426,0.0,0.34375,9.6484375
124,131000000,imu1_frame,nan,nan,nan,nan,-0.012205357047412609,0.0030780179854243174,-0.004903807019595426,0.0,0.34375,9.6484375
124,151000000,imu1_frame,nan,nan,nan,nan,-0.012205357047412609,0.0030780179854243174,-0.004903807019595426,0.0,0.34375,9.69140625
124,171000000,imu1_frame,nan,nan,nan,nan,-0.012205357047412609,0.0030780179854243174,-0.004903807019595426,0.0,0.34375,9.6484375
124,191000000,imu1_frame,nan,nan,nan,nan,-0.012205357047412609,0.0030780179854243174,-0.004903807019595426,0.0,0.34375,9.6484375
124,211000000,imu1_frame,nan,nan,nan,nan,-0.014158482047412609,0.008937392985424317,-0.006856932019595426,0.0,0.34375,9.6484375
124,231000000,imu1_frame,nan,nan,nan,nan,-0.014158482047412609,0.008937392985424317,-0.006856932019595426,0.0,0.34375,9.6484375
124,251000000,imu1_frame,nan,nan,nan,nan,-0.014158482047412609,0.008937392985424317,-0.006856932019595426,0.0,0.34375,9.6484375
124,271000000,imu1_frame,nan,nan,nan,nan,-0.014158482047412609,0.008937392985424317,-0.006856932019595426,0.0,0.34375,9.6484375
124,291000000,imu1_frame,nan,nan,nan,nan,-0.014158482047412609,0.005031142985424317,-0.004903807019595426,0.0,0.34375,9.6484375
124,311000000,imu1_frame,nan,nan,nan,nan,-0.014158482047412609,0.005031142985424317,-0.004903807019595426,0.0,0.34375,9.6484375
124,331000000,imu1_frame,nan,nan,nan,nan,-0.014158482047412609,0.005031142985424317,-0.004903807019595426,0.0,0.34375,9.6484375
124,351000000,imu1_frame,nan,nan,nan,nan,-0.01611160704741261,0.0030780179854243174,-0.010763182019595426,0.0,0.34375,9.6484375
124,371000000,imu1_frame,nan,nan,nan,nan,-0.01611160704741261,0.0030780179854243174,-0.010763182019595426,0.0,0.3828125,9.6484375
124,391000000,imu1_frame,nan,nan,nan,nan,-0.01611160704741261,0.0030780179854243174,-0.010763182019595426,0.0390625,0.3828125,9.6484375
124,411000000,imu1_frame,nan,nan,nan,nan,-0.01611160704741261,0.0030780179854243174,-0.010763182019595426,0.0,0.34375,9.6484375
124,431000000,imu1_frame,nan,nan,nan,nan,-0.014158482047412609,0.005031142985424317,-0.006856932019595426,0.0,0.34375,9.6484375
124,451000000,imu1_frame,nan,nan,nan,nan,-0.014158482047412609,0.005031142985424317,-0.006856932019595426,0.0,0.34375,9.69140625
124,471000000,imu1_frame,nan,nan,nan,nan,-0.014158482047412609,0.005031142985424317,-0.006856932019595426,0.0390625,0.34375,9.69140625
124,491000000,imu1_frame,nan,nan,nan,nan,-0.014158482047412609,0.005031142985424317,-0.006856932019595426,0.0390625,0.34375,9.69140625
124,511000000,imu1_frame,nan,nan,nan,nan,-0.01611160704741261,0.0030780179854243174,-0.006856932019595426,0.0390625,0.34375,9.69140625
124,531000000,imu1_frame,nan,nan,nan,nan,-0.01611160704741261,0.0030780179854243174,-0.006856932019595426,0.0,0.34375,9.6484375
124,551000000,imu1_frame,nan,nan,nan,nan,-0.01611160704741261,0.0030780179854243174,-0.006856932019595426,0.0,0.34375,9.6484375
124,571000000,imu1_frame,nan,nan,nan,nan,-0.01611160704741261,0.0030780179854243174,-0.006856932019595426,0.0,0.34375,9.6484375
124,591000000,imu1_frame,nan,nan,nan,nan,-0.014158482047412609,0.005031142985424317,-0.008810057019595426,0.0,0.34375,9.6484375
124,611000000,imu1_frame,nan,nan,nan,nan,-0.014158482047412609,0.005031142985424317,-0.008810057019595426,0.0,0.34375,9.69140625
124,631000000,imu1_frame,nan,nan,nan,nan,-0.014158482047412609,0.005031142985424317,-0.008810057019595426,0.0,0.34375,9.69140625
124,651000000,imu1_frame,nan,nan,nan,nan,-0.014158482047412609,0.005031142985424317,-0.008810057019595426,0.0,0.34375,9.69140625
124,671000000,imu1_frame,nan,nan,nan,nan,-0.014158482047412609,0.0030780179854243174,-0.008810057019595426,0.0,0.34375,9.69140625
124,691000000,imu1_frame,nan,nan,nan,nan,-0.014158482047412609,0.0030780179854243174,-0.008810057019595426,0.0,0.34375,9.69140625
124,711000000,imu1_frame,nan,nan,nan,nan,-0.014158482047412609,0.0030780179854243174,-0.008810057019595426,0.0,0.34375,9.6484375
124,731000000,imu1_frame,nan,nan,nan,nan,-0.012205357047412609,0.005031142985424317,-0.010763182019595426,0.0,0.34375,9.6484375
124,751000000,imu1_frame,nan,nan,nan,nan,-0.010252232047412609,0.010890517985424317,-0.010763182019595426,0.0,0.34375,9.6484375
124,771000000,imu1_frame,nan,nan,nan,nan,-0.010252232047412609,0.010890517985424317,-0.010763182019595426,0.0,0.34375,9.6484375
124,791000000,imu1_frame,nan,nan,nan,nan,-0.010252232047412609,0.010890517985424317,-0.010763182019595426,0.0390625,0.34375,9.69140625
124,811000000,imu1_frame,nan,nan,nan,nan,-0.01806473204741261,-0.014500107014575683,-0.030294432019595426,0.0390625,0.34375,9.69140625
124,831000000,imu1_frame,nan,nan,nan,nan,-0.01806473204741261,-0.014500107014575683,-0.030294432019595426,0.0,0.34375,9.6484375
124,851000000,imu1_frame,nan,nan,nan,nan,-0.01806473204741261,-0.014500107014575683,-0.030294432019595426,0.0390625,0.34375,9.6484375
124,871000000,imu1_frame,nan,nan,nan,nan,-0.01806473204741261,-0.014500107014575683,-0.030294432019595426,0.0,0.3828125,9.6484375
124,891000000,imu1_frame,nan,nan,nan,nan,-0.01611160704741261,-0.004734482014575683,-0.004903807019595426,0.0,0.3828125,9.6484375
124,911000000,imu1_frame,nan,nan,nan,nan,-0.01611160704741261,-0.004734482014575683,-0.004903807019595426,0.0390625,0.3828125,9.69140625
124,931000000,imu1_frame,nan,nan,nan,nan,-0.01611160704741261,-0.004734482014575683,-0.004903807019595426,0.0,0.34375,9.6484375
124,951000000,imu1_frame,nan,nan,nan,nan,-0.01611160704741261,-0.004734482014575683,-0.004903807019595426,0.0,0.34375,9.69140625
124,971000000,imu1_frame,nan,nan,nan,nan,-0.012205357047412609,0.0030780179854243174,-0.004903807019595426,0.0,0.34375,9.69140625
124,991000000,imu1_frame,nan,nan,nan,nan,-0.012205357047412609,0.0030780179854243174,-0.004903807019595426,0.0390625,0.34375,9.69140625
125,11000000,imu1_frame,nan,nan,nan,nan,-0.012205357047412609,0.0030780179854243174,-0.004903807019595426,0.0390625,0.34375,9.6484375
125,31000000,imu1_frame,nan,nan,nan,nan,-0.012205357047412609,0.0030780179854243174,-0.004903807019595426,0.0390625,0.34375,9.6484375
125,51000000,imu1_frame,nan,nan,nan,nan,-0.014158482047412609,0.010890517985424317,-0.010763182019595426,0.0390625,0.34375,9.6484375
125,71000000,imu1_frame,nan,nan,nan,nan,-0.014158482047412609,0.010890517985424317,-0.010763182019595426,0.0390625,0.34375,9.6484375
125,91000000,imu1_frame,nan,nan,nan,nan,-0.014158482047412609,0.010890517985424317,-0.010763182019595426,0.0390625,0.34375,9.69140625
125,111000000,imu1_frame,nan,nan,nan,nan,-0.01611160704741261,0.010890517985424317,-0.018575682019595426,0.0390625,0.34375,9.69140625
125,131000000,imu1_frame,nan,nan,nan,nan,-0.01611160704741261,0.010890517985424317,-0.018575682019595426,0.0390625,0.34375,9.6484375
125,151000000,imu1_frame,nan,nan,nan,nan,-0.01611160704741261,0.010890517985424317,-0.018575682019595426,0.0390625,0.34375,9.6484375
125,171000000,imu1_frame,nan,nan,nan,nan,-0.01611160704741261,0.010890517985424317,-0.018575682019595426,0.0390625,0.34375,9.6484375
125,191000000,imu1_frame,nan,nan,nan,nan,-0.014158482047412609,0.0011248929854243174,-0.016622557019595426,0.0390625,0.34375,9.6484375
125,211000000,imu1_frame,nan,nan,nan,nan,-0.014158482047412609,0.0011248929854243174,-0.016622557019595426,0.0390625,0.34375,9.69140625
125,231000000,imu1_frame,nan,nan,nan,nan,-0.014158482047412609,0.0011248929854243174,-0.016622557019595426,0.0390625,0.34375,9.6484375
125,251000000,imu1_frame,nan,nan,nan,nan,-0.014158482047412609,0.0011248929854243174,-0.016622557019595426,0.0390625,0.34375,9.69140625
125,271000000,imu1_frame,nan,nan,nan,nan,-0.010252232047412609,0.012843642985424317,-0.014669432019595426,0.0390625,0.34375,9.69140625
125,291000000,imu1_frame,nan,nan,nan,nan,-0.010252232047412609,0.012843642985424317,-0.014669432019595426,0.0390625,0.34375,9.69140625
125,311000000,imu1_frame,nan,nan,nan,nan,-0.010252232047412609,0.012843642985424317,-0.014669432019595426,0.0390625,0.34375,9.6484375
125,331000000,imu1_frame,nan,nan,nan,nan,-0.010252232047412609,0.012843642985424317,-0.014669432019595426,0.0390625,0.34375,9.69140625
125,351000000,imu1_frame,nan,nan,nan,nan,-0.010252232047412609,0.012843642985424317,-0.006856932019595426,0.0390625,0.34375,9.69140625
125,371000000,imu1_frame,nan,nan,nan,nan,-0.010252232047412609,0.012843642985424317,-0.006856932019595426,0.0390625,0.34375,9.69140625
125,391000000,imu1_frame,nan,nan,nan,nan,-0.010252232047412609,0.012843642985424317,-0.006856932019595426,0.0,0.34375,9.6484375
125,411000000,imu1_frame,nan,nan,nan,nan,-0.014158482047412609,0.005031142985424317,-0.006856932019595426,0.0,0.34375,9.6484375
125,431000000,imu1_frame,nan,nan,nan,nan,-0.012205357047412609,0.0030780179854243174,-0.004903807019595426,0.0,0.34375,9.6484375
125,451000000,imu1_frame,nan,nan,nan,nan,-0.012205357047412609,0.0030780179854243174,-0.004903807019595426,0.0,0.34375,9.6484375
125,471000000,imu1_frame,nan,nan,nan,nan,-0.012205357047412609,0.0030780179854243174,-0.004903807019595426,0.0390625,0.34375,9.69140625
125,491000000,imu1_frame,nan,nan,nan,nan,-0.010252232047412609,0.006984267985424317,-0.006856932019595426,0.0390625,0.34375,9.69140625
125,511000000,imu1_frame,nan,nan,nan,nan,-0.010252232047412609,0.008937392985424317,-0.006856932019595426,0.0390625,0.34375,9.69140625
125,531000000,imu1_frame,nan,nan,nan,nan,-0.010252232047412609,0.008937392985424317,-0.006856932019595426,0.0,0.34375,9.69140625
125,551000000,imu1_frame,nan,nan,nan,nan,-0.010252232047412609,0.008937392985424317,-0.006856932019595426,0.0390625,0.34375,9.6484375
125,571000000,imu1_frame,nan,nan,nan,nan,-0.012205357047412609,0.008937392985424317,-0.012716307019595426,0.0390625,0.34375,9.6484375
125,591000000,imu1_frame,nan,nan,nan,nan,-0.012205357047412609,0.008937392985424317,-0.012716307019595426,0.0,0.34375,9.6484375
125,611000000,imu1_frame,nan,nan,nan,nan,-0.012205357047412609,0.008937392985424317,-0.012716307019595426,0.0390625,0.34375,9.69140625
125,631000000,imu1_frame,nan,nan,nan,nan,-0.012205357047412609,0.008937392985424317,-0.012716307019595426,0.0,0.34375,9.6484375
125,651000000,imu1_frame,nan,nan,nan,nan,-0.014158482047412609,0.0030780179854243174,-0.0029506820195954256,0.0,0.34375,9.6484375
125,671000000,imu1_frame,nan,nan,nan,nan,-0.014158482047412609,0.0030780179854243174,-0.0029506820195954256,0.0,0.3828125,9.6484375
125,691000000,imu1_frame,nan,nan,nan,nan,-0.014158482047412609,0.0030780179854243174,-0.0029506820195954256,0.0,0.34375,9.6484375
125,711000000,imu1_frame,nan,nan,nan,nan,-0.014158482047412609,0.0030780179854243174,-0.0029506820195954256,0.0,0.34375,9.6484375
125,731000000,imu1_frame,nan,nan,nan,nan,-0.014158482047412609,0.008937392985424317,-0.0009975570195954256,0.0,0.34375,9.6484375
125,751000000,imu1_frame,nan,nan,nan,nan,-0.014158482047412609,0.008937392985424317,-0.0009975570195954256,0.0,0.34375,9.69140625
125,771000000,imu1_frame,nan,nan,nan,nan,-0.014158482047412609,0.008937392985424317,-0.0009975570195954256,0.0,0.34375,9.69140625
125,791000000,imu1_frame,nan,nan,nan,nan,-0.012205357047412609,0.008937392985424317,-0.010763182019595426,0.0,0.34375,9.69140625
125,811000000,imu1_frame,nan,nan,nan,nan,-0.012205357047412609,0.008937392985424317,-0.008810057019595426,0.0,0.34375,9.69140625
125,831000000,imu1_frame,nan,nan,nan,nan,-0.012205357047412609,0.008937392985424317,-0.008810057019595426,0.0,0.34375,9.6484375
125,851000000,imu1_frame,nan,nan,nan,nan,-0.012205357047412609,0.008937392985424317,-0.008810057019595426,0.0,0.34375,9.69140625
125,871000000,imu1_frame,nan,nan,nan,nan,-0.012205357047412609,0.006984267985424317,-0.006856932019595426,0.0,0.34375,9.69140625
125,891000000,imu1_frame,nan,nan,nan,nan,-0.012205357047412609,0.006984267985424317,-0.006856932019595426,0.0,0.34375,9.69140625
125,911000000,imu1_frame,nan,nan,nan,nan,-0.012205357047412609,0.006984267985424317,-0.006856932019595426,0.0,0.34375,9.6484375
125,931000000,imu1_frame,nan,nan,nan,nan,-0.012205357047412609,0.006984267985424317,-0.006856932019595426,0.0390625,0.34375,9.6484375
125,951000000,imu1_frame,nan,nan,nan,nan,-0.012205357047412609,0.0030780179854243174,-0.004903807019595426,0.0390625,0.34375,9.6484375
125,971000000,imu1_frame,nan,nan,nan,nan,-0.012205357047412609,0.0030780179854243174,-0.004903807019595426,0.0,0.34375,9.69140625
125,991000000,imu1_frame,nan,nan,nan,nan,-0.012205357047412609,0.0030780179854243174,-0.004903807019595426,0.0,0.34375,9.69140625
126,11000000,imu1_frame,nan,nan,nan,nan,-0.012205357047412609,0.0030780179854243174,-0.004903807019595426,0.0,0.34375,9.6484375
126,31000000,imu1_frame,nan,nan,nan,nan,-0.012205357047412609,0.014796767985424317,-0.010763182019595426,0.0,0.34375,9.6484375
126,51000000,imu1_frame,nan,nan,nan,nan,-0.012205357047412609,0.014796767985424317,-0.010763182019595426,0.0,0.3828125,9.69140625
126,71000000,imu1_frame,nan,nan,nan,nan,-0.012205357047412609,0.014796767985424317,-0.010763182019595426,0.0,0.34375,9.69140625
126,91000000,imu1_frame,nan,nan,nan,nan,-0.012205357047412609,0.014796767985424317,-0.010763182019595426,0.0,0.34375,9.6484375
126,111000000,imu1_frame,nan,nan,nan,nan,-0.010252232047412609,0.008937392985424317,-0.006856932019595426,0.0,0.34375,9.6484375
126,131000000,imu1_frame,nan,nan,nan,nan,-0.010252232047412609,0.008937392985424317,-0.006856932019595426,0.0,0.34375,9.6484375
126,151000000,imu1_frame,nan,nan,nan,nan,-0.010252232047412609,0.008937392985424317,-0.006856932019595426,0.0,0.3828125,9.6484375
126,171000000,imu1_frame,nan,nan,nan,nan,-0.008299107047412609,0.016749892985424317,0.0009555679804045744,0.0,0.3828125,9.6484375
126,191000000,imu1_frame,nan,nan,nan,nan,-0.008299107047412609,0.012843642985424317,0.0009555679804045744,0.0,0.3828125,9.6484375
126,211000000,imu1_frame,nan,nan,nan,nan,-0.008299107047412609,0.012843642985424317,0.0009555679804045744,0.0,0.3828125,9.69140625
126,231000000,imu1_frame,nan,nan,nan,nan,-0.008299107047412609,0.012843642985424317,0.0009555679804045744,0.0,0.3828125,9.6484375
126,251000000,imu1_frame,nan,nan,nan,nan,-0.010252232047412609,0.010890517985424317,-0.006856932019595426,0.0,0.3828125,9.6484375
126,271000000,imu1_frame,nan,nan,nan,nan,-0.010252232047412609,0.012843642985424317,-0.0029506820195954256,0.0,0.3828125,9.6484375
126,291000000,imu1_frame,nan,nan,nan,nan,-0.010252232047412609,0.012843642985424317,-0.0029506820195954256,0.0,0.34375,9.69140625
126,311000000,imu1_frame,nan,nan,nan,nan,-0.010252232047412609,0.012843642985424317,-0.0029506820195954256,0.0,0.3828125,9.6484375
126,331000000,imu1_frame,nan,nan,nan,nan,-0.010252232047412609,0.008937392985424317,-0.008810057019595426,0.0,0.3828125,9.6484375
126,351000000,imu1_frame,nan,nan,nan,nan,-0.010252232047412609,0.008937392985424317,-0.008810057019595426,-0.0390625,0.3828125,9.6484375
126,371000000,imu1_frame,nan,nan,nan,nan,-0.010252232047412609,0.008937392985424317,-0.008810057019595426,-0.0390625,0.3828125,9.6484375
126,391000000,imu1_frame,nan,nan,nan,nan,-0.010252232047412609,0.008937392985424317,-0.008810057019595426,0.0,0.34375,9.69140625
126,411000000,imu1_frame,nan,nan,nan,nan,-0.014158482047412609,0.005031142985424317,-0.0029506820195954256,0.0,0.34375,9.69140625
126,431000000,imu1_frame,nan,nan,nan,nan,-0.014158482047412609,0.005031142985424317,-0.0029506820195954256,0.0,0.3828125,9.69140625
126,451000000,imu1_frame,nan,nan,nan,nan,-0.014158482047412609,0.005031142985424317,-0.0029506820195954256,0.0,0.3828125,9.69140625
126,471000000,imu1_frame,nan,nan,nan,nan,-0.014158482047412609,0.005031142985424317,-0.006856932019595426,0.0,0.3828125,9.69140625
126,491000000,imu1_frame,nan,nan,nan,nan,-0.01611160704741261,0.005031142985424317,-0.006856932019595426,0.0,0.3828125,9.69140625
126,511000000,imu1_frame,nan,nan,nan,nan,-0.01611160704741261,0.005031142985424317,-0.006856932019595426,0.0,0.3828125,9.69140625
126,531000000,imu1_frame,nan,nan,nan,nan,-0.01611160704741261,0.005031142985424317,-0.006856932019595426,0.0,0.3828125,9.6484375
126,551000000,imu1_frame,nan,nan,nan,nan,-0.014158482047412609,0.005031142985424317,-0.004903807019595426,0.0,0.3828125,9.6484375
126,571000000,imu1_frame,nan,nan,nan,nan,-0.014158482047412609,0.005031142985424317,-0.004903807019595426,-0.0390625,0.3828125,9.69140625
126,591000000,imu1_frame,nan,nan,nan,nan,-0.014158482047412609,0.005031142985424317,-0.004903807019595426,0.0,0.3828125,9.69140625
126,611000000,imu1_frame,nan,nan,nan,nan,-0.014158482047412609,0.005031142985424317,-0.004903807019595426,-0.0390625,0.3828125,9.69140625
126,631000000,imu1_frame,nan,nan,nan,nan,-0.012205357047412609,0.010890517985424317,-0.010763182019595426,-0.0390625,0.3828125,9.69140625
126,651000000,imu1_frame,nan,nan,nan,nan,-0.012205357047412609,0.010890517985424317,-0.010763182019595426,-0.0390625,0.3828125,9.6484375
126,671000000,imu1_frame,nan,nan,nan,nan,-0.012205357047412609,0.010890517985424317,-0.010763182019595426,-0.0390625,0.3828125,9.69140625
126,691000000,imu1_frame,nan,nan,nan,nan,-0.012205357047412609,0.010890517985424317,-0.010763182019595426,0.0,0.34375,9.69140625
126,711000000,imu1_frame,nan,nan,nan,nan,-0.012205357047412609,0.005031142985424317,0.0009555679804045744,0.0,0.34375,9.69140625
126,731000000,imu1_frame,nan,nan,nan,nan,-0.012205357047412609,0.005031142985424317,0.0009555679804045744,0.0,0.3828125,9.69140625
126,751000000,imu1_frame,nan,nan,nan,nan,-0.012205357047412609,0.005031142985424317,0.0009555679804045744,-0.0390625,0.3828125,9.6484375
126,771000000,imu1_frame,nan,nan,nan,nan,-0.012205357047412609,0.005031142985424317,0.0009555679804045744,0.0,0.3828125,9.6484375
126,791000000,imu1_frame,nan,nan,nan,nan,-0.014158482047412609,0.005031142985424317,-0.0009975570195954256,0.0,0.3828125,9.6484375
126,811000000,imu1_frame,nan,nan,nan,nan,-0.014158482047412609,0.005031142985424317,-0.0009975570195954256,0.0,0.3828125,9.69140625
126,831000000,imu1_frame,nan,nan,nan,nan,-0.014158482047412609,0.005031142985424317,-0.0009975570195954256,0.0,0.3828125,9.69140625
126,851000000,imu1_frame,nan,nan,nan,nan,-0.01611160704741261,0.005031142985424317,0.0009555679804045744,0.0,0.3828125,9.69140625
126,871000000,imu1_frame,nan,nan,nan,nan,-0.014158482047412609,0.005031142985424317,-0.0009975570195954256,0.0,0.3828125,9.69140625
126,891000000,imu1_frame,nan,nan,nan,nan,-0.014158482047412609,0.005031142985424317,-0.0009975570195954256,0.0,0.3828125,9.6484375
126,911000000,imu1_frame,nan,nan,nan,nan,-0.014158482047412609,0.005031142985424317,-0.0009975570195954256,0.0,0.3828125,9.6484375
126,931000000,imu1_frame,nan,nan,nan,nan,-0.014158482047412609,0.010890517985424317,-0.004903807019595426,0.0,0.3828125,9.6484375
126,951000000,imu1_frame,nan,nan,nan,nan,-0.014158482047412609,0.010890517985424317,-0.004903807019595426,-0.0390625,0.3828125,9.6484375
126,971000000,imu1_frame,nan,nan,nan,nan,-0.014158482047412609,0.010890517985424317,-0.004903807019595426,-0.0390625,0.3828125,9.6484375
126,991000000,imu1_frame,nan,nan,nan,nan,-0.014158482047412609,0.010890517985424317,-0.004903807019595426,-0.0390625,0.3828125,9.6484375
127,11000000,imu1_frame,nan,nan,nan,nan,-0.014158482047412609,0.0030780179854243174,-0.004903807019595426,-0.0390625,0.3828125,9.6484375
127,31000000,imu1_frame,nan,nan,nan,nan,-0.014158482047412609,0.0030780179854243174,-0.004903807019595426,0.0,0.3828125,9.69140625
127,51000000,imu1_frame,nan,nan,nan,nan,-0.014158482047412609,0.0030780179854243174,-0.004903807019595426,0.0,0.34375,9.6484375
127,71000000,imu1_frame,nan,nan,nan,nan,-0.014158482047412609,0.0030780179854243174,-0.004903807019595426,-0.0390625,0.3828125,9.6484375
127,91000000,imu1_frame,nan,nan,nan,nan,-0.014158482047412609,0.008937392985424317,-0.010763182019595426,-0.0390625,0.3828125,9.6484375
127,111000000,imu1_frame,nan,nan,nan,nan,-0.014158482047412609,0.008937392985424317,-0.010763182019595426,-0.0390625,0.3828125,9.6484375
127,131000000,imu1_frame,nan,nan,nan,nan,-0.014158482047412609,0.008937392985424317,-0.010763182019595426,0.0,0.3828125,9.6484375
127,151000000,imu1_frame,nan,nan,nan,nan,-0.014158482047412609,0.008937392985424317,-0.010763182019595426,0.0,0.3828125,9.6484375
127,171000000,imu1_frame,nan,nan,nan,nan,-0.014158482047412609,0.0030780179854243174,-0.006856932019595426,0.0,0.3828125,9.6484375
127,191000000,imu1_frame,nan,nan,nan,nan,-0.014158482047412609,0.0030780179854243174,-0.006856932019595426,-0.0390625,0.3828125,9.69140625
127,211000000,imu1_frame,nan,nan,nan,nan,-0.014158482047412609,0.0030780179854243174,-0.006856932019595426,0.0,0.3828125,9.6484375
127,231000000,imu1_frame,nan,nan,nan,nan,-0.014158482047412609,0.0030780179854243174,-0.004903807019595426,0.0,0.3828125,9.6484375
127,251000000,imu1_frame,nan,nan,nan,nan,-0.014158482047412609,0.0030780179854243174,-0.006856932019595426,0.0,0.3828125,9.6484375
127,271000000,imu1_frame,nan,nan,nan,nan,-0.014158482047412609,0.0030780179854243174,-0.006856932019595426,0.0,0.3828125,9.6484375
127,291000000,imu1_frame,nan,nan,nan,nan,-0.014158482047412609,0.0030780179854243174,-0.006856932019595426,0.0,0.3828125,9.6484375
127,311000000,imu1_frame,nan,nan,nan,nan,-0.01611160704741261,0.0030780179854243174,-0.008810057019595426,0.0,0.3828125,9.6484375
127,331000000,imu1_frame,nan,nan,nan,nan,-0.01611160704741261,0.0030780179854243174,-0.008810057019595426,0.0,0.3828125,9.69140625
127,351000000,imu1_frame,nan,nan,nan,nan,-0.01611160704741261,0.0030780179854243174,-0.008810057019595426,-0.0390625,0.3828125,9.6484375
127,371000000,imu1_frame,nan,nan,nan,nan,-0.01611160704741261,0.0030780179854243174,-0.008810057019595426,0.0,0.3828125,9.6484375
127,391000000,imu1_frame,nan,nan,nan,nan,-0.01806473204741261,0.005031142985424317,-0.010763182019595426,0.0,0.3828125,9.6484375
127,411000000,imu1_frame,nan,nan,nan,nan,-0.01806473204741261,0.005031142985424317,-0.010763182019595426,0.0,0.3828125,9.69140625
127,431000000,imu1_frame,nan,nan,nan,nan,-0.01806473204741261,0.005031142985424317,-0.010763182019595426,0.0,0.3828125,9.6484375
127,451000000,imu1_frame,nan,nan,nan,nan,-0.01806473204741261,0.005031142985424317,-0.010763182019595426,0.0,0.3828125,9.69140625
127,471000000,imu1_frame,nan,nan,nan,nan,-0.014158482047412609,0.008937392985424317,-0.012716307019595426,0.0,0.3828125,9.69140625
127,491000000,imu1_frame,nan,nan,nan,nan,-0.014158482047412609,0.008937392985424317,-0.012716307019595426,0.0,0.3828125,9.69140625
127,511000000,imu1_frame,nan,nan,nan,nan,-0.014158482047412609,0.008937392985424317,-0.012716307019595426,0.0,0.34375,9.69140625
127,531000000,imu1_frame,nan,nan,nan,nan,-0.014158482047412609,0.008937392985424317,-0.012716307019595426,0.0,0.3828125,9.6484375
127,551000000,imu1_frame,nan,nan,nan,nan,-0.012205357047412609,0.0030780179854243174,-0.012716307019595426,0.0,0.3828125,9.6484375
127,571000000,imu1_frame,nan,nan,nan,nan,-0.012205357047412609,0.0030780179854243174,-0.012716307019595426,0.0,0.3828125,9.69140625
127,591000000,imu1_frame,nan,nan,nan,nan,-0.012205357047412609,0.0030780179854243174,-0.012716307019595426,0.0,0.3828125,9.69140625
127,611000000,imu1_frame,nan,nan,nan,nan,-0.014158482047412609,0.0030780179854243174,-0.010763182019595426,0.0,0.3828125,9.69140625
127,631000000,imu1_frame,nan,nan,nan,nan,-0.01611160704741261,0.0030780179854243174,-0.006856932019595426,0.0,0.3828125,9.69140625
127,651000000,imu1_frame,nan,nan,nan,nan,-0.01611160704741261,0.0030780179854243174,-0.006856932019595426,0.0,0.3828125,9.6484375
127,671000000,imu1_frame,nan,nan,nan,nan,-0.01611160704741261,0.0030780179854243174,-0.006856932019595426,0.0,0.3828125,9.6484375
127,691000000,imu1_frame,nan,nan,nan,nan,-0.02001785704741261,-0.0027813570145756826,-0.004903807019595426,0.0,0.3828125,9.6484375
127,711000000,imu1_frame,nan,nan,nan,nan,-0.02001785704741261,-0.0027813570145756826,-0.004903807019595426,0.0,0.3828125,9.69140625
127,731000000,imu1_frame,nan,nan,nan,nan,-0.02001785704741261,-0.0027813570145756826,-0.004903807019595426,0.0,0.3828125,9.69140625
127,751000000,imu1_frame,nan,nan,nan,nan,-0.02001785704741261,-0.0027813570145756826,-0.004903807019595426,0.0,0.3828125,9.69140625
127,771000000,imu1_frame,nan,nan,nan,nan,-0.014158482047412609,0.005031142985424317,-0.006856932019595426,0.0,0.3828125,9.69140625
127,791000000,imu1_frame,nan,nan,nan,nan,-0.012205357047412609,0.0030780179854243174,-0.006856932019595426,0.0,0.3828125,9.69140625
127,811000000,imu1_frame,nan,nan,nan,nan,-0.012205357047412609,0.0030780179854243174,-0.006856932019595426,0.0,0.3828125,9.69140625
127,831000000,imu1_frame,nan,nan,nan,nan,-0.012205357047412609,0.0030780179854243174,-0.006856932019595426,0.0,0.3828125,9.6484375
127,851000000,imu1_frame,nan,nan,nan,nan,-0.010252232047412609,0.008937392985424317,-0.010763182019595426,0.0,0.3828125,9.6484375
127,871000000,imu1_frame,nan,nan,nan,nan,-0.010252232047412609,0.008937392985424317,-0.010763182019595426,0.0,0.3828125,9.69140625
127,891000000,imu1_frame,nan,nan,nan,nan,-0.010252232047412609,0.008937392985424317,-0.010763182019595426,0.0,0.3828125,9.6484375
127,911000000,imu1_frame,nan,nan,nan,nan,-0.010252232047412609,0.0030780179854243174,-0.008810057019595426,0.0,0.3828125,9.6484375
127,931000000,imu1_frame,nan,nan,nan,nan,-0.01806473204741261,-0.0008282320145756826,-0.006856932019595426,0.0,0.3828125,9.6484375
127,951000000,imu1_frame,nan,nan,nan,nan,-0.01806473204741261,-0.0008282320145756826,-0.006856932019595426,0.0,0.3828125,9.69140625
127,971000000,imu1_frame,nan,nan,nan,nan,-0.01806473204741261,-0.0008282320145756826,-0.006856932019595426,0.0,0.34375,9.6484375
127,991000000,imu1_frame,nan,nan,nan,nan,-0.01611160704741261,0.0011248929854243174,-0.004903807019595426,0.0,0.34375,9.6484375
128,11000000,imu1_frame,nan,nan,nan,nan,-0.02001785704741261,-0.0008282320145756826,-0.006856932019595426,0.0,0.34375,9.6484375
128,31000000,imu1_frame,nan,nan,nan,nan,-0.02001785704741261,-0.0008282320145756826,-0.006856932019595426,0.0,0.3828125,9.69140625
128,51000000,imu1_frame,nan,nan,nan,nan,-0.02001785704741261,-0.0008282320145756826,-0.006856932019595426,0.0,0.34375,9.6484375
128,71000000,imu1_frame,nan,nan,nan,nan,-0.01806473204741261,0.0011248929854243174,-0.006856932019595426,0.0,0.34375,9.6484375
128,91000000,imu1_frame,nan,nan,nan,nan,-0.01806473204741261,0.0011248929854243174,-0.006856932019595426,0.0,0.34375,9.6484375
128,111000000,imu1_frame,nan,nan,nan,nan,-0.01806473204741261,0.0011248929854243174,-0.006856932019595426,0.0,0.34375,9.69140625
128,131000000,imu1_frame,nan,nan,nan,nan,-0.01806473204741261,0.0011248929854243174,-0.006856932019595426,0.0,0.3828125,9.69140625
128,151000000,imu1_frame,nan,nan,nan,nan,-0.01611160704741261,-0.0008282320145756826,-0.010763182019595426,0.0,0.3828125,9.69140625
128,171000000,imu1_frame,nan,nan,nan,nan,-0.01611160704741261,-0.0008282320145756826,-0.010763182019595426,0.0,0.3828125,9.6484375
128,191000000,imu1_frame,nan,nan,nan,nan,-0.01611160704741261,-0.0008282320145756826,-0.010763182019595426,0.0,0.34375,9.69140625
128,211000000,imu1_frame,nan,nan,nan,nan,-0.01611160704741261,-0.0008282320145756826,-0.010763182019595426,0.0,0.3828125,9.69140625
128,231000000,imu1_frame,nan,nan,nan,nan,-0.01611160704741261,0.0011248929854243174,-0.014669432019595426,0.0,0.3828125,9.69140625
128,251000000,imu1_frame,nan,nan,nan,nan,-0.01611160704741261,0.0011248929854243174,-0.014669432019595426,0.0,0.34375,9.6484375
128,271000000,imu1_frame,nan,nan,nan,nan,-0.01611160704741261,0.0011248929854243174,-0.014669432019595426,0.0,0.34375,9.6484375
128,291000000,imu1_frame,nan,nan,nan,nan,-0.014158482047412609,0.0030780179854243174,-0.010763182019595426,0.0,0.34375,9.6484375
128,311000000,imu1_frame,nan,nan,nan,nan,-0.01611160704741261,0.0030780179854243174,-0.012716307019595426,0.0,0.34375,9.6484375
128,331000000,imu1_frame,nan,nan,nan,nan,-0.01611160704741261,0.0030780179854243174,-0.012716307019595426,0.0,0.3828125,9.6484375
128,351000000,imu1_frame,nan,nan,nan,nan,-0.01611160704741261,0.0030780179854243174,-0.012716307019595426,0.0,0.34375,9.6484375
128,371000000,imu1_frame,nan,nan,nan,nan,-0.01611160704741261,0.005031142985424317,-0.006856932019595426,0.0,0.34375,9.6484375
128,391000000,imu1_frame,nan,nan,nan,nan,-0.01611160704741261,0.0011248929854243174,-0.006856932019595426,0.0,0.34375,9.6484375
128,411000000,imu1_frame,nan,nan,nan,nan,-0.01611160704741261,0.0011248929854243174,-0.006856932019595426,0.0,0.34375,9.6484375
128,431000000,imu1_frame,nan,nan,nan,nan,-0.01611160704741261,0.0011248929854243174,-0.006856932019595426,0.0,0.3828125,9.6484375
128,451000000,imu1_frame,nan,nan,nan,nan,-0.014158482047412609,0.0030780179854243174,-0.006856932019595426,0.0,0.3828125,9.6484375
128,471000000,imu1_frame,nan,nan,nan,nan,-0.014158482047412609,0.0030780179854243174,-0.006856932019595426,0.0,0.3828125,9.69140625
128,491000000,imu1_frame,nan,nan,nan,nan,-0.014158482047412609,0.0030780179854243174,-0.006856932019595426,0.0,0.34375,9.69140625
128,511000000,imu1_frame,nan,nan,nan,nan,-0.014158482047412609,0.0030780179854243174,-0.006856932019595426,0.0,0.3828125,9.6484375
128,531000000,imu1_frame,nan,nan,nan,nan,-0.010252232047412609,0.005031142985424317,-0.006856932019595426,0.0,0.3828125,9.6484375
128,551000000,imu1_frame,nan,nan,nan,nan,-0.010252232047412609,0.005031142985424317,-0.006856932019595426,0.0,0.34375,9.69140625
128,571000000,imu1_frame,nan,nan,nan,nan,-0.010252232047412609,0.005031142985424317,-0.006856932019595426,0.0390625,0.3828125,9.69140625
128,591000000,imu1_frame,nan,nan,nan,nan,-0.010252232047412609,0.005031142985424317,-0.006856932019595426,0.0,0.3828125,9.6484375
128,611000000,imu1_frame,nan,nan,nan,nan,-0.012205357047412609,0.008937392985424317,-0.010763182019595426,0.0,0.3828125,9.6484375
128,631000000,imu1_frame,nan,nan,nan,nan,-0.012205357047412609,0.008937392985424317,-0.010763182019595426,0.0390625,0.3828125,9.6484375
128,651000000,imu1_frame,nan,nan,nan,nan,-0.012205357047412609,0.008937392985424317,-0.010763182019595426,0.0,0.34375,9.69140625
128,671000000,imu1_frame,nan,nan,nan,nan,-0.014158482047412609,0.010890517985424317,-0.010763182019595426,0.0,0.34375,9.69140625
128,691000000,imu1_frame,nan,nan,nan,nan,-0.014158482047412609,0.0030780179854243174,-0.010763182019595426,0.0,0.34375,9.69140625
128,711000000,imu1_frame,nan,nan,nan,nan,-0.014158482047412609,0.0030780179854243174,-0.010763182019595426,0.0,0.3828125,9.69140625
128,731000000,imu1_frame,nan,nan,nan,nan,-0.014158482047412609,0.0030780179854243174,-0.010763182019595426,0.0,0.34375,9.6484375
128,751000000,imu1_frame,nan,nan,nan,nan,-0.01611160704741261,0.008937392985424317,-0.008810057019595426,0.0,0.34375,9.6484375
128,771000000,imu1_frame,nan,nan,nan,nan,-0.01611160704741261,0.005031142985424317,-0.006856932019595426,0.0,0.34375,9.6484375
128,791000000,imu1_frame,nan,nan,nan,nan,-0.01611160704741261,0.005031142985424317,-0.006856932019595426,0.0,0.3828125,9.6484375
128,811000000,imu1_frame,nan,nan,nan,nan,-0.01611160704741261,0.005031142985424317,-0.006856932019595426,0.0,0.3828125,9.69140625
128,831000000,imu1_frame,nan,nan,nan,nan,-0.010252232047412609,0.0030780179854243174,-0.010763182019595426,0.0,0.3828125,9.69140625
128,851000000,imu1_frame,nan,nan,nan,nan,-0.010252232047412609,0.0030780179854243174,-0.010763182019595426,0.0,0.3828125,9.6484375
128,871000000,imu1_frame,nan,nan,nan,nan,-0.010252232047412609,0.0030780179854243174,-0.010763182019595426,0.0,0.3828125,9.6484375
128,891000000,imu1_frame,nan,nan,nan,nan,-0.010252232047412609,0.0030780179854243174,-0.010763182019595426,0.0,0.3828125,9.6484375
128,911000000,imu1_frame,nan,nan,nan,nan,-0.012205357047412609,0.0030780179854243174,-0.006856932019595426,0.0,0.3828125,9.6484375
128,931000000,imu1_frame,nan,nan,nan,nan,-0.012205357047412609,0.0030780179854243174,-0.006856932019595426,0.0,0.3828125,9.69140625
128,951000000,imu1_frame,nan,nan,nan,nan,-0.012205357047412609,0.0030780179854243174,-0.006856932019595426,0.0,0.3828125,9.6484375
128,971000000,imu1_frame,nan,nan,nan,nan,-0.012205357047412609,0.0030780179854243174,-0.006856932019595426,0.0,0.3828125,9.69140625
128,991000000,imu1_frame,nan,nan,nan,nan,-0.012205357047412609,-0.0008282320145756826,-0.004903807019595426,0.0,0.3828125,9.69140625
129,11000000,imu1_frame,nan,nan,nan,nan,-0.012205357047412609,-0.0008282320145756826,-0.004903807019595426,0.0,0.3828125,9.6484375
129,31000000,imu1_frame,nan,nan,nan,nan,-0.012205357047412609,-0.0008282320145756826,-0.004903807019595426,0.0,0.3828125,9.6484375
129,52000000,imu1_frame,nan,nan,nan,nan,-0.012205357047412609,0.005031142985424317,0.012674317980404574,0.0,0.3828125,9.6484375
129,71000000,imu1_frame,nan,nan,nan,nan,-0.014158482047412609,0.008937392985424317,0.006814942980404574,0.0,0.3828125,9.6484375
129,91000000,imu1_frame,nan,nan,nan,nan,-0.014158482047412609,0.008937392985424317,0.006814942980404574,0.0,0.3828125,9.6484375
129,111000000,imu1_frame,nan,nan,nan,nan,-0.014158482047412609,0.008937392985424317,0.006814942980404574,0.0,0.34375,9.6484375
129,131000000,imu1_frame,nan,nan,nan,nan,-0.012205357047412609,0.0030780179854243174,-0.006856932019595426,0.0,0.34375,9.6484375
129,151000000,imu1_frame,nan,nan,nan,nan,-0.008299107047412609,0.012843642985424317,-0.012716307019595426,0.0,0.34375,9.6484375
129,171000000,imu1_frame,nan,nan,nan,nan,-0.008299107047412609,0.012843642985424317,-0.012716307019595426,0.0,0.3828125,9.6484375
129,191000000,imu1_frame,nan,nan,nan,nan,-0.008299107047412609,0.012843642985424317,-0.012716307019595426,0.0,0.3828125,9.6484375
129,211000000,imu1_frame,nan,nan,nan,nan,-0.014158482047412609,0.0030780179854243174,-0.010763182019595426,0.0,0.3828125,9.6484375
129,231000000,imu1_frame,nan,nan,nan,nan,-0.014158482047412609,0.010890517985424317,-0.008810057019595426,0.0,0.3828125,9.6484375
129,251000000,imu1_frame,nan,nan,nan,nan,-0.014158482047412609,0.010890517985424317,-0.008810057019595426,0.0,0.3828125,9.69140625
129,271000000,imu1_frame,nan,nan,nan,nan,-0.014158482047412609,0.010890517985424317,-0.008810057019595426,0.0,0.3828125,9.6484375
129,291000000,imu1_frame,nan,nan,nan,nan,-0.010252232047412609,0.008937392985424317,-0.010763182019595426,0.0,0.3828125,9.6484375
129,311000000,imu1_frame,nan,nan,nan,nan,-0.010252232047412609,0.008937392985424317,-0.010763182019595426,0.0,0.3828125,9.69140625
129,331000000,imu1_frame,nan,nan,nan,nan,-0.010252232047412609,0.008937392985424317,-0.010763182019595426,0.0,0.3828125,9.69140625
129,351000000,imu1_frame,nan,nan,nan,nan,-0.010252232047412609,0.008937392985424317,-0.010763182019595426,0.0,0.3828125,9.6484375
129,371000000,imu1_frame,nan,nan,nan,nan,-0.014158482047412609,0.008937392985424317,-0.010763182019595426,0.0,0.3828125,9.6484375
129,391000000,imu1_frame,nan,nan,nan,nan,-0.014158482047412609,0.008937392985424317,-0.010763182019595426,0.0,0.3828125,9.6484375
129,411000000,imu1_frame,nan,nan,nan,nan,-0.014158482047412609,0.008937392985424317,-0.010763182019595426,-0.0390625,0.3828125,9.6484375
129,431000000,imu1_frame,nan,nan,nan,nan,-0.01611160704741261,0.0030780179854243174,-0.008810057019595426,-0.0390625,0.3828125,9.6484375
129,451000000,imu1_frame,nan,nan,nan,nan,-0.01611160704741261,0.010890517985424317,-0.010763182019595426,-0.0390625,0.3828125,9.6484375
129,471000000,imu1_frame,nan,nan,nan,nan,-0.01611160704741261,0.010890517985424317,-0.010763182019595426,0.0,0.3828125,9.69140625
129,491000000,imu1_frame,nan,nan,nan,nan,-0.01611160704741261,0.010890517985424317,-0.010763182019595426,0.0,0.3828125,9.6484375
129,511000000,imu1_frame,nan,nan,nan,nan,-0.014158482047412609,0.0030780179854243174,-0.012716307019595426,0.0,0.3828125,9.6484375
129,531000000,imu1_frame,nan,nan,nan,nan,-0.010252232047412609,0.010890517985424317,-0.010763182019595426,0.0,0.3828125,9.6484375
129,551000000,imu1_frame,nan,nan,nan,nan,-0.010252232047412609,0.010890517985424317,-0.010763182019595426,0.0,0.3828125,9.69140625
129,571000000,imu1_frame,nan,nan,nan,nan,-0.010252232047412609,0.010890517985424317,-0.010763182019595426,0.0,0.3828125,9.6484375
129,591000000,imu1_frame,nan,nan,nan,nan,-0.012205357047412609,0.010890517985424317,-0.006856932019595426,0.0,0.3828125,9.6484375
129,611000000,imu1_frame,nan,nan,nan,nan,-0.012205357047412609,0.010890517985424317,-0.006856932019595426,0.0,0.3828125,9.69140625
129,631000000,imu1_frame,nan,nan,nan,nan,-0.012205357047412609,0.010890517985424317,-0.006856932019595426,0.0,0.3828125,9.6484375
129,651000000,imu1_frame,nan,nan,nan,nan,-0.012205357047412609,0.010890517985424317,-0.006856932019595426,0.0,0.3828125,9.6484375
129,671000000,imu1_frame,nan,nan,nan,nan,-0.014158482047412609,0.006984267985424317,-0.006856932019595426,0.0,0.3828125,9.6484375
129,691000000,imu1_frame,nan,nan,nan,nan,-0.014158482047412609,0.006984267985424317,-0.006856932019595426,-0.0390625,0.3828125,9.6484375
129,711000000,imu1_frame,nan,nan,nan,nan,-0.014158482047412609,0.006984267985424317,-0.006856932019595426,0.0,0.3828125,9.6484375
129,731000000,imu1_frame,nan,nan,nan,nan,-0.014158482047412609,0.006984267985424317,-0.006856932019595426,0.0,0.3828125,9.6484375
129,751000000,imu1_frame,nan,nan,nan,nan,-0.010252232047412609,0.008937392985424317,0.010721192980404574,0.0,0.3828125,9.6484375
129,771000000,imu1_frame,nan,nan,nan,nan,-0.010252232047412609,0.008937392985424317,0.010721192980404574,-0.0390625,0.3828125,9.69140625
129,791000000,imu1_frame,nan,nan,nan,nan,-0.010252232047412609,0.008937392985424317,0.010721192980404574,0.0,0.3828125,9.6484375
129,811000000,imu1_frame,nan,nan,nan,nan,-0.01806473204741261,0.0030780179854243174,0.010721192980404574,0.0,0.3828125,9.6484375
129,831000000,imu1_frame,nan,nan,nan,nan,-0.014158482047412609,0.0011248929854243174,0.0009555679804045744,0.0,0.3828125,9.6484375
129,851000000,imu1_frame,nan,nan,nan,nan,-0.014158482047412609,0.0011248929854243174,0.0009555679804045744,0.0,0.3828125,9.69140625
129,871000000,imu1_frame,nan,nan,nan,nan,-0.014158482047412609,0.0011248929854243174,0.0009555679804045744,0.0,0.3828125,9.69140625
129,891000000,imu1_frame,nan,nan,nan,nan,-0.01611160704741261,0.005031142985424317,-0.004903807019595426,0.0,0.3828125,9.69140625
129,911000000,imu1_frame,nan,nan,nan,nan,-0.01611160704741261,0.005031142985424317,-0.004903807019595426,0.0,0.3828125,9.6484375
129,931000000,imu1_frame,nan,nan,nan,nan,-0.01611160704741261,0.005031142985424317,-0.004903807019595426,0.0,0.3828125,9.6484375
129,951000000,imu1_frame,nan,nan,nan,nan,-0.01611160704741261,0.005031142985424317,-0.004903807019595426,0.0,0.3828125,9.6484375
129,971000000,imu1_frame,nan,nan,nan,nan,-0.010252232047412609,0.008937392985424317,-0.008810057019595426,0.0,0.3828125,9.6484375
129,991000000,imu1_frame,nan,nan,nan,nan,-0.010252232047412609,0.008937392985424317,-0.008810057019595426,-0.0390625,0.3828125,9.69140625
130,11000000,imu1_frame,nan,nan,nan,nan,-0.010252232047412609,0.008937392985424317,-0.008810057019595426,0.0,0.3828125,9.69140625
130,31000000,imu1_frame,nan,nan,nan,nan,-0.010252232047412609,0.008937392985424317,-0.008810057019595426,-0.0390625,0.3828125,9.69140625
130,51000000,imu1_frame,nan,nan,nan,nan,-0.01611160704741261,0.0030780179854243174,-0.028341307019595426,-0.0390625,0.3828125,9.69140625
130,71000000,imu1_frame,nan,nan,nan,nan,-0.01611160704741261,0.0030780179854243174,-0.028341307019595426,-0.0390625,0.3828125,9.6484375
130,91000000,imu1_frame,nan,nan,nan,nan,-0.01611160704741261,0.0030780179854243174,-0.028341307019595426,0.0,0.34375,9.6484375
130,111000000,imu1_frame,nan,nan,nan,nan,-0.02001785704741261,-0.004734482014575683,-0.008810057019595426,0.0,0.34375,9.6484375
130,131000000,imu1_frame,nan,nan,nan,nan,-0.02197098204741261,-0.008640732014575683,-0.010763182019595426,0.0,0.34375,9.6484375
130,151000000,imu1_frame,nan,nan,nan,nan,-0.02197098204741261,-0.008640732014575683,-0.010763182019595426,0.0,0.3828125,9.69140625
130,171000000,imu1_frame,nan,nan,nan,nan,-0.02197098204741261,-0.008640732014575683,-0.010763182019595426,0.0,0.3828125,9.69140625
130,191000000,imu1_frame,nan,nan,nan,nan,-0.01611160704741261,0.0011248929854243174,-0.008810057019595426,0.0,0.3828125,9.69140625
130,211000000,imu1_frame,nan,nan,nan,nan,-0.01611160704741261,0.0030780179854243174,-0.010763182019595426,0.0,0.3828125,9.69140625
130,231000000,imu1_frame,nan,nan,nan,nan,-0.01611160704741261,0.0030780179854243174,-0.010763182019595426,0.0,0.3828125,9.69140625
130,251000000,imu1_frame,nan,nan,nan,nan,-0.01611160704741261,0.0030780179854243174,-0.010763182019595426,0.0,0.3828125,9.69140625
130,271000000,imu1_frame,nan,nan,nan,nan,-0.01806473204741261,0.005031142985424317,-0.006856932019595426,0.0,0.3828125,9.69140625
130,291000000,imu1_frame,nan,nan,nan,nan,-0.01806473204741261,0.005031142985424317,-0.006856932019595426,0.0,0.34375,9.6484375
130,311000000,imu1_frame,nan,nan,nan,nan,-0.01806473204741261,0.005031142985424317,-0.006856932019595426,0.0,0.3828125,9.69140625
130,331000000,imu1_frame,nan,nan,nan,nan,-0.01806473204741261,0.005031142985424317,-0.006856932019595426,0.0,0.3828125,9.69140625
130,351000000,imu1_frame,nan,nan,nan,nan,-0.012205357047412609,0.005031142985424317,-0.006856932019595426,0.0,0.3828125,9.69140625
130,371000000,imu1_frame,nan,nan,nan,nan,-0.012205357047412609,0.005031142985424317,-0.006856932019595426,0.0,0.3828125,9.6484375
130,391000000,imu1_frame,nan,nan,nan,nan,-0.012205357047412609,0.005031142985424317,-0.006856932019595426,0.0,0.3828125,9.6484375
130,411000000,imu1_frame,nan,nan,nan,nan,-0.012205357047412609,0.005031142985424317,-0.006856932019595426,0.0,0.3828125,9.6484375
130,431000000,imu1_frame,nan,nan,nan,nan,-0.01611160704741261,0.0030780179854243174,-0.006856932019595426,0.0,0.3828125,9.6484375
130,451000000,imu1_frame,nan,nan,nan,nan,-0.01611160704741261,0.0030780179854243174,-0.006856932019595426,0.0,0.3828125,9.6484375
130,471000000,imu1_frame,nan,nan,nan,nan,-0.01611160704741261,0.0030780179854243174,-0.006856932019595426,0.0,0.34375,9.6484375
130,491000000,imu1_frame,nan,nan,nan,nan,-0.010252232047412609,0.005031142985424317,-0.0029506820195954256,0.0,0.34375,9.6484375
130,511000000,imu1_frame,nan,nan,nan,nan,-0.01611160704741261,0.0030780179854243174,-0.0029506820195954256,0.0,0.34375,9.6484375
130,531000000,imu1_frame,nan,nan,nan,nan,-0.01611160704741261,0.0030780179854243174,-0.0029506820195954256,0.0,0.3828125,9.6484375
130,551000000,imu1_frame,nan,nan,nan,nan,-0.01611160704741261,0.0030780179854243174,-0.0029506820195954256,0.0,0.3828125,9.6484375
130,571000000,imu1_frame,nan,nan,nan,nan,-0.01611160704741261,0.0030780179854243174,-0.004903807019595426,0.0,0.3828125,9.6484375
130,591000000,imu1_frame,nan,nan,nan,nan,-0.010252232047412609,0.006984267985424317,-0.004903807019595426,0.0,0.3828125,9.6484375
130,611000000,imu1_frame,nan,nan,nan,nan,-0.010252232047412609,0.006984267985424317,-0.004903807019595426,0.0,0.3828125,9.69140625
130,631000000,imu1_frame,nan,nan,nan,nan,-0.010252232047412609,0.006984267985424317,-0.004903807019595426,0.0,0.3828125,9.69140625
130,651000000,imu1_frame,nan,nan,nan,nan,-0.01611160704741261,0.0030780179854243174,-0.0029506820195954256,0.0,0.3828125,9.69140625
130,671000000,imu1_frame,nan,nan,nan,nan,-0.01611160704741261,0.0030780179854243174,-0.0029506820195954256,0.0,0.3828125,9.69140625
130,691000000,imu1_frame,nan,nan,nan,nan,-0.01611160704741261,0.0030780179854243174,-0.0029506820195954256,0.0,0.3828125,9.69140625
130,711000000,imu1_frame,nan,nan,nan,nan,-0.01611160704741261,0.0030780179854243174,-0.0029506820195954256,0.0,0.3828125,9.6484375
130,731000000,imu1_frame,nan,nan,nan,nan,-0.014158482047412609,0.008937392985424317,-0.004903807019595426,0.0,0.3828125,9.6484375
130,751000000,imu1_frame,nan,nan,nan,nan,-0.014158482047412609,0.008937392985424317,-0.004903807019595426,0.0,0.3828125,9.6484375
130,771000000,imu1_frame,nan,nan,nan,nan,-0.014158482047412609,0.008937392985424317,-0.004903807019595426,0.0,0.3828125,9.6484375
130,791000000,imu1_frame,nan,nan,nan,nan,-0.012205357047412609,0.006984267985424317,-0.0009975570195954256,0.0,0.3828125,9.6484375
130,811000000,imu1_frame,nan,nan,nan,nan,-0.010252232047412609,0.0030780179854243174,-0.0029506820195954256,0.0,0.3828125,9.6484375
130,831000000,imu1_frame,nan,nan,nan,nan,-0.010252232047412609,0.0030780179854243174,-0.0029506820195954256,0.0,0.3828125,9.6484375
130,851000000,imu1_frame,nan,nan,nan,nan,-0.010252232047412609,0.0030780179854243174,-0.0029506820195954256,0.0,0.3828125,9.6484375
130,871000000,imu1_frame,nan,nan,nan,nan,-0.014158482047412609,0.005031142985424317,-0.004903807019595426,0.0,0.3828125,9.6484375
130,891000000,imu1_frame,nan,nan,nan,nan,-0.014158482047412609,0.010890517985424317,-0.0009975570195954256,0.0,0.3828125,9.6484375
130,911000000,imu1_frame,nan,nan,nan,nan,-0.014158482047412609,0.010890517985424317,-0.0009975570195954256,-0.0390625,0.3828125,9.69140625
130,931000000,imu1_frame,nan,nan,nan,nan,-0.014158482047412609,0.005031142985424317,-0.004903807019595426,-0.0390625,0.3828125,9.69140625
130,951000000,imu1_frame,nan,nan,nan,nan,-0.014158482047412609,0.0030780179854243174,-0.0009975570195954256,-0.0390625,0.3828125,9.69140625
130,971000000,imu1_frame,nan,nan,nan,nan,-0.010252232047412609,0.005031142985424317,-0.004903807019595426,-0.0390625,0.3828125,9.69140625
130,991000000,imu1_frame,nan,nan,nan,nan,-0.010252232047412609,0.005031142985424317,-0.004903807019595426,0.0,0.3828125,9.69140625
131,11000000,imu1_frame,nan,nan,nan,nan,-0.014158482047412609,0.005031142985424317,-0.004903807019595426,0.0,0.3828125,9.69140625
131,31000000,imu1_frame,nan,nan,nan,nan,-0.01611160704741261,0.0030780179854243174,-0.0009975570195954256,0.0,0.3828125,9.69140625
131,53000000,imu1_frame,nan,nan,nan,nan,-0.01611160704741261,0.0030780179854243174,-0.0009975570195954256,0.0,0.3828125,9.69140625
131,71000000,imu1_frame,nan,nan,nan,nan,-0.01611160704741261,0.0030780179854243174,-0.0009975570195954256,-0.0390625,0.34375,9.6484375
131,91000000,imu1_frame,nan,nan,nan,nan,-0.014158482047412609,0.008937392985424317,-0.006856932019595426,-0.0390625,0.34375,9.6484375
131,111000000,imu1_frame,nan,nan,nan,nan,-0.012205357047412609,0.0030780179854243174,0.0009555679804045744,-0.0390625,0.34375,9.6484375
131,131000000,imu1_frame,nan,nan,nan,nan,-0.012205357047412609,0.0030780179854243174,0.0009555679804045744,0.0,0.34375,9.6484375
131,151000000,imu1_frame,nan,nan,nan,nan,-0.012205357047412609,0.0030780179854243174,0.0009555679804045744,0.0,0.34375,9.6484375
131,171000000,imu1_frame,nan,nan,nan,nan,-0.010252232047412609,0.008937392985424317,-0.004903807019595426,0.0,0.34375,9.6484375
131,191000000,imu1_frame,nan,nan,nan,nan,-0.01806473204741261,0.0011248929854243174,-0.004903807019595426,0.0,0.34375,9.6484375
131,211000000,imu1_frame,nan,nan,nan,nan,-0.01806473204741261,0.0011248929854243174,-0.004903807019595426,-0.0390625,0.3828125,9.6484375
131,231000000,imu1_frame,nan,nan,nan,nan,-0.01806473204741261,0.0011248929854243174,-0.004903807019595426,0.0,0.3828125,9.6484375
131,251000000,imu1_frame,nan,nan,nan,nan,-0.014158482047412609,0.0011248929854243174,-0.004903807019595426,0.0,0.3828125,9.6484375
131,271000000,imu1_frame,nan,nan,nan,nan,-0.014158482047412609,0.005031142985424317,-0.006856932019595426,0.0,0.3828125,9.6484375
131,291000000,imu1_frame,nan,nan,nan,nan,-0.014158482047412609,0.005031142985424317,-0.006856932019595426,-0.0390625,0.3828125,9.69140625
131,311000000,imu1_frame,nan,nan,nan,nan,-0.010252232047412609,0.008937392985424317,-0.0009975570195954256,-0.0390625,0.3828125,9.69140625
131,331000000,imu1_frame,nan,nan,nan,nan,-0.012205357047412609,0.006984267985424317,0.0009555679804045744,-0.0390625,0.3828125,9.69140625
131,351000000,imu1_frame,nan,nan,nan,nan,-0.01611160704741261,0.0030780179854243174,0.0009555679804045744,-0.0390625,0.3828125,9.69140625
131,371000000,imu1_frame,nan,nan,nan,nan,-0.01611160704741261,0.0030780179854243174,0.0009555679804045744,0.0,0.3828125,9.6484375
131,391000000,imu1_frame,nan,nan,nan,nan,-0.014158482047412609,0.005031142985424317,-0.0029506820195954256,0.0,0.3828125,9.6484375
131,411000000,imu1_frame,nan,nan,nan,nan,-0.014158482047412609,0.008937392985424317,-0.0009975570195954256,0.0,0.3828125,9.6484375
131,431000000,imu1_frame,nan,nan,nan,nan,-0.014158482047412609,0.008937392985424317,-0.0009975570195954256,-0.0390625,0.3828125,9.6484375
131,451000000,imu1_frame,nan,nan,nan,nan,-0.014158482047412609,0.008937392985424317,-0.0009975570195954256,-0.0390625,0.3828125,9.6484375
131,471000000,imu1_frame,nan,nan,nan,nan,-0.010252232047412609,0.006984267985424317,-0.0009975570195954256,-0.0390625,0.3828125,9.6484375
131,491000000,imu1_frame,nan,nan,nan,nan,-0.01611160704741261,0.005031142985424317,-0.0029506820195954256,-0.0390625,0.3828125,9.6484375
131,511000000,imu1_frame,nan,nan,nan,nan,-0.01611160704741261,0.005031142985424317,-0.0029506820195954256,-0.0390625,0.3828125,9.69140625
131,531000000,imu1_frame,nan,nan,nan,nan,-0.01611160704741261,0.005031142985424317,-0.0029506820195954256,0.0,0.3828125,9.69140625
131,551000000,imu1_frame,nan,nan,nan,nan,-0.010252232047412609,0.020656142985424317,-0.0009975570195954256,0.0,0.3828125,9.69140625
131,571000000,imu1_frame,nan,nan,nan,nan,-0.010252232047412609,0.008937392985424317,-0.004903807019595426,0.0,0.3828125,9.69140625
131,591000000,imu1_frame,nan,nan,nan,nan,-0.010252232047412609,0.008937392985424317,-0.004903807019595426,-0.0390625,0.3828125,9.6484375
131,611000000,imu1_frame,nan,nan,nan,nan,-0.014158482047412609,0.005031142985424317,-0.004903807019595426,-0.0390625,0.3828125,9.6484375
131,631000000,imu1_frame,nan,nan,nan,nan,-0.014158482047412609,0.005031142985424317,-0.0009975570195954256,-0.0390625,0.3828125,9.6484375
131,651000000,imu1_frame,nan,nan,nan,nan,-0.014158482047412609,0.006984267985424317,0.0009555679804045744,-0.0390625,0.3828125,9.6484375
131,671000000,imu1_frame,nan,nan,nan,nan,-0.014158482047412609,0.006984267985424317,0.0009555679804045744,-0.0390625,0.3828125,9.6484375
131,691000000,imu1_frame,nan,nan,nan,nan,-0.010252232047412609,0.010890517985424317,-0.0029506820195954256,-0.0390625,0.3828125,9.6484375
131,711000000,imu1_frame,nan,nan,nan,nan,-0.014158482047412609,0.008937392985424317,0.0029086929804045744,-0.0390625,0.3828125,9.6484375
131,731000000,imu1_frame,nan,nan,nan,nan,-0.006345982047412609,0.014796767985424317,0.010721192980404574,-0.0390625,0.3828125,9.6484375
131,751000000,imu1_frame,nan,nan,nan,nan,-0.006345982047412609,0.014796767985424317,0.010721192980404574,-0.0390625,0.3828125,9.69140625
131,771000000,imu1_frame,nan,nan,nan,nan,-0.010252232047412609,0.010890517985424317,0.006814942980404574,-0.0390625,0.3828125,9.69140625
131,791000000,imu1_frame,nan,nan,nan,nan,-0.010252232047412609,0.012843642985424317,0.008768067980404574,-0.0390625,0.3828125,9.69140625
131,811000000,imu1_frame,nan,nan,nan,nan,-0.010252232047412609,0.012843642985424317,0.008768067980404574,-0.0390625,0.3828125,9.69140625
131,831000000,imu1_frame,nan,nan,nan,nan,-0.010252232047412609,0.012843642985424317,0.008768067980404574,-0.0390625,0.3828125,9.69140625
131,851000000,imu1_frame,nan,nan,nan,nan,-0.012205357047412609,0.012843642985424317,0.0029086929804045744,-0.0390625,0.3828125,9.69140625
131,871000000,imu1_frame,nan,nan,nan,nan,-0.010252232047412609,0.012843642985424317,0.004861817980404574,-0.0390625,0.3828125,9.69140625
131,891000000,imu1_frame,nan,nan,nan,nan,-0.010252232047412609,0.012843642985424317,0.004861817980404574,-0.078125,0.3828125,9.6484375
131,911000000,imu1_frame,nan,nan,nan,nan,-0.010252232047412609,0.012843642985424317,0.004861817980404574,-0.0390625,0.3828125,9.6484375
131,931000000,imu1_frame,nan,nan,nan,nan,-0.012205357047412609,0.010890517985424317,-0.004903807019595426,-0.0390625,0.3828125,9.6484375
131,951000000,imu1_frame,nan,nan,nan,nan,-0.01611160704741261,0.005031142985424317,-0.006856932019595426,-0.0390625,0.3828125,9.6484375
131,971000000,imu1_frame,nan,nan,nan,nan,-0.01611160704741261,0.005031142985424317,-0.006856932019595426,-0.078125,0.3828125,9.6484375
131,991000000,imu1_frame,nan,nan,nan,nan,-0.014158482047412609,-0.0008282320145756826,-0.0009975570195954256,-0.078125,0.3828125,9.6484375
132,11000000,imu1_frame,nan,nan,nan,nan,-0.01611160704741261,0.0030780179854243174,-0.004903807019595426,-0.078125,0.3828125,9.6484375
132,31000000,imu1_frame,nan,nan,nan,nan,-0.014158482047412609,0.0030780179854243174,-0.004903807019595426,-0.078125,0.3828125,9.6484375
132,51000000,imu1_frame,nan,nan,nan,nan,-0.014158482047412609,0.0030780179854243174,-0.004903807019595426,-0.0390625,0.3828125,9.6484375
132,71000000,imu1_frame,nan,nan,nan,nan,-0.01611160704741261,0.0030780179854243174,0.0029086929804045744,-0.0390625,0.3828125,9.6484375
132,91000000,imu1_frame,nan,nan,nan,nan,-0.01611160704741261,0.006984267985424317,-0.004903807019595426,-0.0390625,0.3828125,9.6484375
132,111000000,imu1_frame,nan,nan,nan,nan,-0.01611160704741261,0.0011248929854243174,-0.006856932019595426,-0.0390625,0.3828125,9.6484375
132,131000000,imu1_frame,nan,nan,nan,nan,-0.01611160704741261,0.0011248929854243174,-0.006856932019595426,-0.0390625,0.3828125,9.69140625
132,151000000,imu1_frame,nan,nan,nan,nan,-0.014158482047412609,0.005031142985424317,-0.006856932019595426,-0.0390625,0.3828125,9.69140625
132,171000000,imu1_frame,nan,nan,nan,nan,-0.01611160704741261,0.0030780179854243174,-0.0009975570195954256,-0.0390625,0.3828125,9.69140625
132,191000000,imu1_frame,nan,nan,nan,nan,-0.01611160704741261,0.0030780179854243174,-0.0009975570195954256,-0.0390625,0.3828125,9.6484375
132,211000000,imu1_frame,nan,nan,nan,nan,-0.01611160704741261,0.0030780179854243174,-0.0009975570195954256,-0.0390625,0.3828125,9.6484375
132,231000000,imu1_frame,nan,nan,nan,nan,-0.014158482047412609,0.0030780179854243174,-0.0029506820195954256,-0.0390625,0.3828125,9.6484375
132,251000000,imu1_frame,nan,nan,nan,nan,-0.014158482047412609,0.0030780179854243174,-0.0009975570195954256,-0.0390625,0.3828125,9.6484375
132,271000000,imu1_frame,nan,nan,nan,nan,-0.014158482047412609,0.0030780179854243174,-0.0009975570195954256,-0.078125,0.3828125,9.69140625
132,291000000,imu1_frame,nan,nan,nan,nan,-0.012205357047412609,0.0030780179854243174,-0.004903807019595426,-0.078125,0.3828125,9.69140625
132,311000000,imu1_frame,nan,nan,nan,nan,-0.014158482047412609,0.0030780179854243174,-0.004903807019595426,-0.078125,0.3828125,9.69140625
132,331000000,imu1_frame,nan,nan,nan,nan,-0.014158482047412609,0.0030780179854243174,0.0009555679804045744,-0.078125,0.3828125,9.69140625
132,351000000,imu1_frame,nan,nan,nan,nan,-0.014158482047412609,0.0030780179854243174,0.0009555679804045744,-0.0390625,0.3828125,9.69140625
132,371000000,imu1_frame,nan,nan,nan,nan,-0.01611160704741261,0.0030780179854243174,-0.006856932019595426,-0.0390625,0.3828125,9.69140625
132,391000000,imu1_frame,nan,nan,nan,nan,-0.01806473204741261,0.0030780179854243174,-0.0029506820195954256,-0.0390625,0.3828125,9.69140625
132,411000000,imu1_frame,nan,nan,nan,nan,-0.014158482047412609,0.0030780179854243174,-0.008810057019595426,-0.0390625,0.3828125,9.69140625
132,431000000,imu1_frame,nan,nan,nan,nan,-0.014158482047412609,0.0030780179854243174,-0.008810057019595426,-0.0390625,0.34375,9.69140625
132,451000000,imu1_frame,nan,nan,nan,nan,-0.01806473204741261,0.0011248929854243174,-0.010763182019595426,-0.0390625,0.34375,9.69140625
132,471000000,imu1_frame,nan,nan,nan,nan,-0.014158482047412609,0.0030780179854243174,-0.006856932019595426,-0.0390625,0.34375,9.69140625
132,491000000,imu1_frame,nan,nan,nan,nan,-0.01806473204741261,0.0011248929854243174,-0.008810057019595426,-0.0390625,0.34375,9.69140625
132,511000000,imu1_frame,nan,nan,nan,nan,-0.01806473204741261,0.0011248929854243174,-0.008810057019595426,-0.0390625,0.3828125,9.69140625
132,531000000,imu1_frame,nan,nan,nan,nan,-0.01806473204741261,0.0030780179854243174,-0.004903807019595426,-0.0390625,0.3828125,9.69140625
132,551000000,imu1_frame,nan,nan,nan,nan,-0.012205357047412609,0.0011248929854243174,-0.004903807019595426,-0.0390625,0.3828125,9.69140625
132,571000000,imu1_frame,nan,nan,nan,nan,-0.012205357047412609,0.0011248929854243174,-0.004903807019595426,-0.0390625,0.3828125,9.6484375
132,591000000,imu1_frame,nan,nan,nan,nan,-0.012205357047412609,0.0011248929854243174,-0.004903807019595426,-0.0390625,0.3828125,9.69140625
132,611000000,imu1_frame,nan,nan,nan,nan,-0.012205357047412609,0.0030780179854243174,-0.010763182019595426,-0.0390625,0.3828125,9.69140625
132,631000000,imu1_frame,nan,nan,nan,nan,-0.01806473204741261,0.0030780179854243174,-0.008810057019595426,-0.0390625,0.3828125,9.69140625
132,651000000,imu1_frame,nan,nan,nan,nan,-0.01806473204741261,0.0030780179854243174,-0.008810057019595426,-0.0390625,0.3828125,9.6484375
132,671000000,imu1_frame,nan,nan,nan,nan,-0.01611160704741261,0.005031142985424317,-0.006856932019595426,-0.0390625,0.3828125,9.6484375
132,691000000,imu1_frame,nan,nan,nan,nan,-0.014158482047412609,0.008937392985424317,-0.008810057019595426,-0.0390625,0.3828125,9.6484375
132,711000000,imu1_frame,nan,nan,nan,nan,-0.014158482047412609,0.008937392985424317,-0.010763182019595426,-0.0390625,0.3828125,9.6484375
132,731000000,imu1_frame,nan,nan,nan,nan,-0.014158482047412609,0.008937392985424317,-0.010763182019595426,-0.0390625,0.3828125,9.6484375
132,751000000,imu1_frame,nan,nan,nan,nan,-0.010252232047412609,0.005031142985424317,-0.006856932019595426,-0.0390625,0.3828125,9.6484375
132,771000000,imu1_frame,nan,nan,nan,nan,-0.014158482047412609,0.005031142985424317,-0.006856932019595426,-0.0390625,0.3828125,9.6484375
132,791000000,imu1_frame,nan,nan,nan,nan,-0.01806473204741261,0.005031142985424317,-0.006856932019595426,-0.0390625,0.3828125,9.6484375
132,811000000,imu1_frame,nan,nan,nan,nan,-0.01806473204741261,0.005031142985424317,-0.006856932019595426,-0.0390625,0.3828125,9.6484375
132,831000000,imu1_frame,nan,nan,nan,nan,-0.01611160704741261,0.0030780179854243174,-0.008810057019595426,-0.0390625,0.3828125,9.6484375
132,851000000,imu1_frame,nan,nan,nan,nan,-0.01611160704741261,0.0030780179854243174,-0.006856932019595426,-0.0390625,0.3828125,9.6484375
132,871000000,imu1_frame,nan,nan,nan,nan,-0.012205357047412609,0.0030780179854243174,-0.006856932019595426,-0.0390625,0.3828125,9.6484375
132,891000000,imu1_frame,nan,nan,nan,nan,-0.012205357047412609,0.0030780179854243174,-0.006856932019595426,-0.0390625,0.3828125,9.6484375
132,911000000,imu1_frame,nan,nan,nan,nan,-0.01611160704741261,0.0011248929854243174,-0.004903807019595426,-0.0390625,0.3828125,9.6484375
132,931000000,imu1_frame,nan,nan,nan,nan,-0.014158482047412609,0.0011248929854243174,-0.004903807019595426,-0.0390625,0.3828125,9.6484375
132,951000000,imu1_frame,nan,nan,nan,nan,-0.014158482047412609,0.0011248929854243174,-0.004903807019595426,0.0,0.3828125,9.6484375
132,971000000,imu1_frame,nan,nan,nan,nan,-0.014158482047412609,0.008937392985424317,-0.006856932019595426,0.0,0.3828125,9.6484375
132,991000000,imu1_frame,nan,nan,nan,nan,-0.01806473204741261,0.0011248929854243174,-0.006856932019595426,0.0,0.3828125,9.6484375
133,11000000,imu1_frame,nan,nan,nan,nan,-0.01611160704741261,0.0011248929854243174,-0.006856932019595426,0.0,0.3828125,9.6484375
133,31000000,imu1_frame,nan,nan,nan,nan,-0.01611160704741261,0.0011248929854243174,-0.006856932019595426,0.0,0.3828125,9.69140625
133,54000000,imu1_frame,nan,nan,nan,nan,-0.01611160704741261,-0.0008282320145756826,-0.008810057019595426,0.0,0.3828125,9.69140625
133,71000000,imu1_frame,nan,nan,nan,nan,-0.010252232047412609,0.010890517985424317,-0.006856932019595426,0.0,0.3828125,9.69140625
133,91000000,imu1_frame,nan,nan,nan,nan,-0.014158482047412609,0.0011248929854243174,-0.008810057019595426,0.0,0.3828125,9.69140625
133,111000000,imu1_frame,nan,nan,nan,nan,-0.014158482047412609,0.0011248929854243174,-0.008810057019595426,0.0,0.3828125,9.6484375
133,131000000,imu1_frame,nan,nan,nan,nan,-0.01611160704741261,0.0030780179854243174,-0.012716307019595426,0.0,0.3828125,9.6484375
133,151000000,imu1_frame,nan,nan,nan,nan,-0.01611160704741261,0.0011248929854243174,-0.016622557019595426,0.0,0.3828125,9.6484375
133,171000000,imu1_frame,nan,nan,nan,nan,-0.01806473204741261,0.0011248929854243174,-0.010763182019595426,0.0,0.3828125,9.6484375
133,191000000,imu1_frame,nan,nan,nan,nan,-0.01806473204741261,0.0011248929854243174,-0.010763182019595426,0.0,0.3828125,9.69140625
133,211000000,imu1_frame,nan,nan,nan,nan,-0.01806473204741261,0.005031142985424317,-0.010763182019595426,0.0,0.3828125,9.69140625
133,231000000,imu1_frame,nan,nan,nan,nan,-0.012205357047412609,0.0030780179854243174,-0.008810057019595426,0.0,0.3828125,9.69140625
133,251000000,imu1_frame,nan,nan,nan,nan,-0.012205357047412609,0.0030780179854243174,-0.008810057019595426,0.0,0.3828125,9.6484375
133,271000000,imu1_frame,nan,nan,nan,nan,-0.012205357047412609,0.0030780179854243174,-0.008810057019595426,0.0,0.3828125,9.6484375
133,291000000,imu1_frame,nan,nan,nan,nan,-0.01806473204741261,0.005031142985424317,-0.010763182019595426,0.0,0.3828125,9.6484375
133,311000000,imu1_frame,nan,nan,nan,nan,-0.012205357047412609,0.005031142985424317,-0.008810057019595426,0.0,0.3828125,9.6484375
133,331000000,imu1_frame,nan,nan,nan,nan,-0.012205357047412609,0.005031142985424317,-0.008810057019595426,0.0,0.34375,9.69140625
133,351000000,imu1_frame,nan,nan,nan,nan,-0.01611160704741261,0.0030780179854243174,-0.006856932019595426,0.0,0.34375,9.69140625
133,371000000,imu1_frame,nan,nan,nan,nan,-0.014158482047412609,-0.0008282320145756826,-0.006856932019595426,0.0,0.34375,9.69140625
133,391000000,imu1_frame,nan,nan,nan,nan,-0.014158482047412609,0.0011248929854243174,-0.006856932019595426,0.0,0.34375,9.69140625
133,411000000,imu1_frame,nan,nan,nan,nan,-0.014158482047412609,0.0011248929854243174,-0.006856932019595426,0.0,0.34375,9.69140625
133,431000000,imu1_frame,nan,nan,nan,nan,-0.014158482047412609,0.005031142985424317,-0.010763182019595426,0.0,0.34375,9.69140625
133,451000000,imu1_frame,nan,nan,nan,nan,-0.014158482047412609,0.0030780179854243174,-0.006856932019595426,0.0,0.34375,9.69140625
133,471000000,imu1_frame,nan,nan,nan,nan,-0.01806473204741261,0.0011248929854243174,-0.012716307019595426,0.0,0.34375,9.69140625
133,491000000,imu1_frame,nan,nan,nan,nan,-0.01806473204741261,0.0011248929854243174,-0.012716307019595426,0.0,0.34375,9.69140625
133,511000000,imu1_frame,nan,nan,nan,nan,-0.01611160704741261,0.0030780179854243174,-0.006856932019595426,0.0,0.34375,9.69140625
133,531000000,imu1_frame,nan,nan,nan,nan,-0.014158482047412609,0.0011248929854243174,-0.010763182019595426,0.0,0.34375,9.69140625
133,551000000,imu1_frame,nan,nan,nan,nan,-0.01611160704741261,0.0011248929854243174,-0.008810057019595426,0.0,0.34375,9.69140625
133,571000000,imu1_frame,nan,nan,nan,nan,-0.01611160704741261,0.0011248929854243174,-0.008810057019595426,0.0,0.34375,9.6484375
133,591000000,imu1_frame,nan,nan,nan,nan,-0.014158482047412609,0.006984267985424317,-0.008810057019595426,0.0,0.34375,9.6484375
133,611000000,imu1_frame,nan,nan,nan,nan,-0.014158482047412609,0.008937392985424317,-0.008810057019595426,0.0,0.34375,9.6484375
133,631000000,imu1_frame,nan,nan,nan,nan,-0.014158482047412609,0.008937392985424317,-0.008810057019595426,0.0,0.3828125,9.69140625
133,651000000,imu1_frame,nan,nan,nan,nan,-0.014158482047412609,0.008937392985424317,-0.008810057019595426,0.0,0.34375,9.69140625
133,671000000,imu1_frame,nan,nan,nan,nan,-0.010252232047412609,0.005031142985424317,-0.006856932019595426,0.0,0.34375,9.69140625
133,691000000,imu1_frame,nan,nan,nan,nan,-0.010252232047412609,0.008937392985424317,-0.006856932019595426,0.0,0.34375,9.69140625
133,711000000,imu1_frame,nan,nan,nan,nan,-0.010252232047412609,0.008937392985424317,-0.006856932019595426,0.0,0.3828125,9.69140625
133,731000000,imu1_frame,nan,nan,nan,nan,-0.01611160704741261,0.0030780179854243174,-0.006856932019595426,0.0,0.3828125,9.69140625
133,751000000,imu1_frame,nan,nan,nan,nan,-0.01611160704741261,0.005031142985424317,-0.008810057019595426,0.0,0.3828125,9.69140625
133,771000000,imu1_frame,nan,nan,nan,nan,-0.014158482047412609,0.0030780179854243174,-0.006856932019595426,0.0,0.3828125,9.69140625
133,791000000,imu1_frame,nan,nan,nan,nan,-0.014158482047412609,0.0030780179854243174,-0.006856932019595426,0.0,0.3828125,9.6484375
133,811000000,imu1_frame,nan,nan,nan,nan,-0.01611160704741261,0.005031142985424317,-0.004903807019595426,0.0,0.3828125,9.6484375
133,831000000,imu1_frame,nan,nan,nan,nan,-0.014158482047412609,0.0030780179854243174,-0.008810057019595426,0.0,0.3828125,9.6484375
133,851000000,imu1_frame,nan,nan,nan,nan,-0.014158482047412609,0.005031142985424317,-0.008810057019595426,0.0,0.3828125,9.6484375
133,871000000,imu1_frame,nan,nan,nan,nan,-0.014158482047412609,0.005031142985424317,-0.008810057019595426,0.0,0.3828125,9.69140625
133,891000000,imu1_frame,nan,nan,nan,nan,-0.012205357047412609,0.005031142985424317,-0.004903807019595426,0.0,0.3828125,9.69140625
133,911000000,imu1_frame,nan,nan,nan,nan,-0.014158482047412609,0.010890517985424317,-0.004903807019595426,0.0,0.3828125,9.69140625
133,931000000,imu1_frame,nan,nan,nan,nan,-0.010252232047412609,0.008937392985424317,-0.0029506820195954256,0.0,0.3828125,9.69140625
133,951000000,imu1_frame,nan,nan,nan,nan,-0.010252232047412609,0.008937392985424317,-0.0029506820195954256,0.0,0.3828125,9.69140625
133,971000000,imu1_frame,nan,nan,nan,nan,-0.012205357047412609,0.005031142985424317,-0.004903807019595426,0.0,0.3828125,9.69140625
133,991000000,imu1_frame,nan,nan,nan,nan,-0.012205357047412609,0.005031142985424317,-0.004903807019595426,0.0,0.3828125,9.69140625
134,11000000,imu1_frame,nan,nan,nan,nan,-0.012205357047412609,0.005031142985424317,-0.004903807019595426,0.0390625,0.3828125,9.69140625
134,31000000,imu1_frame,nan,nan,nan,nan,-0.010252232047412609,0.012843642985424317,-0.006856932019595426,0.0390625,0.3828125,9.69140625
134,51000000,imu1_frame,nan,nan,nan,nan,-0.01611160704741261,-0.008640732014575683,-0.004903807019595426,0.0390625,0.3828125,9.69140625
134,71000000,imu1_frame,nan,nan,nan,nan,-0.014158482047412609,0.006984267985424317,-0.006856932019595426,0.0390625,0.3828125,9.69140625
134,91000000,imu1_frame,nan,nan,nan,nan,-0.014158482047412609,0.006984267985424317,-0.006856932019595426,0.0,0.3828125,9.69140625
134,111000000,imu1_frame,nan,nan,nan,nan,-0.01611160704741261,0.008937392985424317,-0.008810057019595426,0.0,0.3828125,9.69140625
134,131000000,imu1_frame,nan,nan,nan,nan,-0.01611160704741261,0.0011248929854243174,-0.004903807019595426,0.0,0.3828125,9.69140625
134,151000000,imu1_frame,nan,nan,nan,nan,-0.012205357047412609,0.005031142985424317,-0.008810057019595426,0.0,0.3828125,9.69140625
134,171000000,imu1_frame,nan,nan,nan,nan,-0.012205357047412609,0.005031142985424317,-0.008810057019595426,0.0,0.3828125,9.69140625
134,191000000,imu1_frame,nan,nan,nan,nan,-0.010252232047412609,0.006984267985424317,-0.006856932019595426,0.0,0.3828125,9.69140625
134,211000000,imu1_frame,nan,nan,nan,nan,-0.01611160704741261,0.005031142985424317,-0.006856932019595426,0.0,0.3828125,9.69140625
134,231000000,imu1_frame,nan,nan,nan,nan,-0.012205357047412609,0.0011248929854243174,-0.004903807019595426,0.0,0.3828125,9.69140625
134,251000000,imu1_frame,nan,nan,nan,nan,-0.012205357047412609,0.0011248929854243174,-0.004903807019595426,0.0,0.3828125,9.69140625
134,271000000,imu1_frame,nan,nan,nan,nan,-0.014158482047412609,0.008937392985424317,-0.008810057019595426,0.0,0.3828125,9.69140625
134,291000000,imu1_frame,nan,nan,nan,nan,-0.01611160704741261,0.005031142985424317,-0.004903807019595426,0.0,0.3828125,9.69140625
134,311000000,imu1_frame,nan,nan,nan,nan,-0.01611160704741261,0.0030780179854243174,-0.006856932019595426,0.0,0.3828125,9.69140625
134,331000000,imu1_frame,nan,nan,nan,nan,-0.01611160704741261,0.0030780179854243174,-0.006856932019595426,0.0,0.3828125,9.6484375
134,351000000,imu1_frame,nan,nan,nan,nan,-0.010252232047412609,0.005031142985424317,-0.004903807019595426,0.0,0.3828125,9.6484375
134,371000000,imu1_frame,nan,nan,nan,nan,-0.012205357047412609,0.006984267985424317,-0.004903807019595426,0.0,0.3828125,9.6484375
134,391000000,imu1_frame,nan,nan,nan,nan,-0.012205357047412609,0.006984267985424317,-0.004903807019595426,0.0,0.3828125,9.6484375
134,411000000,imu1_frame,nan,nan,nan,nan,-0.01611160704741261,0.005031142985424317,-0.008810057019595426,0.0,0.3828125,9.6484375
134,431000000,imu1_frame,nan,nan,nan,nan,-0.014158482047412609,0.0030780179854243174,-0.006856932019595426,0.0,0.3828125,9.6484375
134,451000000,imu1_frame,nan,nan,nan,nan,-0.014158482047412609,0.008937392985424317,-0.006856932019595426,0.0,0.3828125,9.6484375
134,471000000,imu1_frame,nan,nan,nan,nan,-0.014158482047412609,0.008937392985424317,-0.006856932019595426,0.0390625,0.3828125,9.69140625
134,491000000,imu1_frame,nan,nan,nan,nan,-0.01611160704741261,0.005031142985424317,-0.008810057019595426,0.0390625,0.3828125,9.69140625
134,511000000,imu1_frame,nan,nan,nan,nan,-0.010252232047412609,0.005031142985424317,-0.008810057019595426,0.0390625,0.3828125,9.69140625
134,531000000,imu1_frame,nan,nan,nan,nan,-0.012205357047412609,0.005031142985424317,-0.0029506820195954256,0.0390625,0.3828125,9.69140625
134,551000000,imu1_frame,nan,nan,nan,nan,-0.012205357047412609,0.005031142985424317,-0.0029506820195954256,0.0,0.3828125,9.6484375
134,571000000,imu1_frame,nan,nan,nan,nan,-0.014158482047412609,0.005031142985424317,-0.004903807019595426,0.0,0.3828125,9.6484375
134,591000000,imu1_frame,nan,nan,nan,nan,-0.02001785704741261,-0.0008282320145756826,-0.006856932019595426,0.0,0.3828125,9.6484375
134,611000000,imu1_frame,nan,nan,nan,nan,-0.014158482047412609,-0.0008282320145756826,-0.004903807019595426,0.0,0.3828125,9.6484375
134,631000000,imu1_frame,nan,nan,nan,nan,-0.014158482047412609,-0.0008282320145756826,-0.004903807019595426,0.0,0.3828125,9.6484375
134,651000000,imu1_frame,nan,nan,nan,nan,-0.014158482047412609,0.005031142985424317,-0.006856932019595426,0.0,0.3828125,9.6484375
134,671000000,imu1_frame,nan,nan,nan,nan,-0.01611160704741261,0.0030780179854243174,-0.0029506820195954256,0.0,0.3828125,9.6484375
134,691000000,imu1_frame,nan,nan,nan,nan,-0.010252232047412609,0.005031142985424317,-0.004903807019595426,0.0,0.3828125,9.6484375
134,711000000,imu1_frame,nan,nan,nan,nan,-0.014158482047412609,0.008937392985424317,-0.006856932019595426,0.0,0.3828125,9.6484375
134,731000000,imu1_frame,nan,nan,nan,nan,-0.008299107047412609,0.005031142985424317,-0.004903807019595426,0.0,0.3828125,9.6484375
134,751000000,imu1_frame,nan,nan,nan,nan,-0.01611160704741261,0.0030780179854243174,-0.004903807019595426,0.0,0.3828125,9.6484375
134,771000000,imu1_frame,nan,nan,nan,nan,-0.01611160704741261,0.0030780179854243174,-0.004903807019595426,0.0,0.3828125,9.6484375
134,791000000,imu1_frame,nan,nan,nan,nan,-0.014158482047412609,0.006984267985424317,-0.0029506820195954256,0.0,0.3828125,9.6484375
134,811000000,imu1_frame,nan,nan,nan,nan,-0.010252232047412609,0.010890517985424317,0.004861817980404574,0.0,0.3828125,9.6484375
134,831000000,imu1_frame,nan,nan,nan,nan,-0.010252232047412609,0.010890517985424317,-0.0009975570195954256,0.0,0.3828125,9.6484375
134,851000000,imu1_frame,nan,nan,nan,nan,-0.010252232047412609,0.010890517985424317,-0.0009975570195954256,0.0,0.3828125,9.6484375
134,871000000,imu1_frame,nan,nan,nan,nan,-0.008299107047412609,0.012843642985424317,-0.0009975570195954256,0.0,0.3828125,9.6484375
134,891000000,imu1_frame,nan,nan,nan,nan,-0.010252232047412609,0.008937392985424317,-0.0029506820195954256,0.0,0.3828125,9.6484375
134,911000000,imu1_frame,nan,nan,nan,nan,-0.012205357047412609,0.010890517985424317,-0.006856932019595426,0.0,0.3828125,9.6484375
134,931000000,imu1_frame,nan,nan,nan,nan,-0.012205357047412609,0.010890517985424317,-0.006856932019595426,0.0,0.3828125,9.69140625
134,951000000,imu1_frame,nan,nan,nan,nan,-0.014158482047412609,0.005031142985424317,-0.0029506820195954256,0.0,0.3828125,9.69140625
134,971000000,imu1_frame,nan,nan,nan,nan,-0.014158482047412609,0.0030780179854243174,-0.0029506820195954256,0.0,0.3828125,9.69140625
134,991000000,imu1_frame,nan,nan,nan,nan,-0.012205357047412609,0.008937392985424317,-0.006856932019595426,0.0,0.3828125,9.69140625
135,11000000,imu1_frame,nan,nan,nan,nan,-0.012205357047412609,0.008937392985424317,-0.006856932019595426,0.0,0.3828125,9.6484375
135,31000000,imu1_frame,nan,nan,nan,nan,-0.008299107047412609,0.010890517985424317,-0.0029506820195954256,0.0,0.3828125,9.6484375
135,55000000,imu1_frame,nan,nan,nan,nan,-0.012205357047412609,0.005031142985424317,-0.004903807019595426,0.0,0.3828125,9.6484375
135,71000000,imu1_frame,nan,nan,nan,nan,-0.014158482047412609,0.008937392985424317,-0.004903807019595426,0.0,0.3828125,9.6484375
135,91000000,imu1_frame,nan,nan,nan,nan,-0.012205357047412609,0.005031142985424317,-0.004903807019595426,0.0,0.3828125,9.6484375
135,111000000,imu1_frame,nan,nan,nan,nan,-0.014158482047412609,0.0011248929854243174,-0.004903807019595426,0.0,0.3828125,9.6484375
135,131000000,imu1_frame,nan,nan,nan,nan,-0.010252232047412609,0.008937392985424317,-0.008810057019595426,0.0,0.3828125,9.6484375
135,151000000,imu1_frame,nan,nan,nan,nan,-0.010252232047412609,0.008937392985424317,-0.008810057019595426,0.0,0.3828125,9.6484375
135,171000000,imu1_frame,nan,nan,nan,nan,-0.01611160704741261,0.0011248929854243174,-0.004903807019595426,0.0,0.3828125,9.6484375
135,191000000,imu1_frame,nan,nan,nan,nan,-0.014158482047412609,0.005031142985424317,-0.004903807019595426,0.0,0.3828125,9.6484375
135,211000000,imu1_frame,nan,nan,nan,nan,-0.014158482047412609,0.008937392985424317,-0.006856932019595426,0.0,0.3828125,9.6484375
135,231000000,imu1_frame,nan,nan,nan,nan,-0.014158482047412609,0.008937392985424317,-0.006856932019595426,0.0,0.3828125,9.6484375
135,251000000,imu1_frame,nan,nan,nan,nan,-0.014158482047412609,0.005031142985424317,-0.006856932019595426,0.0,0.3828125,9.6484375
135,271000000,imu1_frame,nan,nan,nan,nan,-0.01611160704741261,0.0011248929854243174,-0.006856932019595426,0.0,0.3828125,9.6484375
