timestamp_sec,timestamp_nsec,frame_id,orientation_x,orientation_y,orientation_z,orientation_w,angular_velocity_x,angular_velocity_y,angular_velocity_z,linear_acceleration_x,linear_acceleration_y,linear_acceleration_z
358,264000000,imu2_frame,-0.014298147919351753,0.004447837358482022,-0.0006317473707630968,0.9998876839946418,0.003628219459932939,-2.210455265326763e-05,0.002344139651940895,-0.08984375,-0.28515625,9.765625
358,289000000,imu2_frame,-0.014280635665707812,0.004472805992230805,-0.0006515047320549646,0.9998878102032864,0.0016583435153336096,0.001911710242873265,-0.001546489244578514,-0.08984375,-0.28515625,9.765625
358,313000000,imu2_frame,-0.014264210280533535,0.00449669327512289,-0.0006470857267807461,0.999887940388684,0.0016417600801802736,0.0018925931404445324,0.00040256939786727106,-0.08984375,-0.28515625,9.765625
358,338000000,imu2_frame,-0.01422685519493599,0.004520851773987091,-0.0006424434943541898,0.9998883666474256,0.0016253424793784708,0.001873667209040087,0.00039854370388859835,-0.08984375,-0.24609375,9.8046875
358,363000000,imu2_frame,-0.0142099779313684,0.0045445457570913545,-0.0006379412735374254,0.9998885021151025,0.0016090890545846861,0.0018549305369496862,0.00039455826684971234,-0.08984375,-0.28515625,9.8046875
358,389000000,imu2_frame,-0.014242444354041152,0.004568714945768521,-0.0006330792131559686,0.9998879331371473,-0.0022741893359611606,0.0018363812315801893,0.00039061268418121524,-0.08984375,-0.28515625,9.8046875
358,414000000,imu2_frame,-0.014225345205334906,0.004567545466475937,-0.0006283287119888555,0.999888184891306,0.0016157400573984509,-0.00011557633073561255,0.0003867065573394031,-0.08984375,-0.28515625,9.8046875
358,438000000,imu2_frame,-0.014209409917337141,0.004566455226885177,-0.0006238149734487262,0.9998884192805421,0.0015995826568244663,-0.00011442056742825643,0.00038283949176600904,-0.08984375,-0.28515625,9.8046875
358,464000000,imu2_frame,-0.014192270737420168,0.004540397813321455,-0.0006186129431602493,0.9998887845940863,0.0015835868302562217,-0.002046870111753974,0.00037901109684834895,-0.08984375,-0.28515625,9.8046875
358,488000000,imu2_frame,-0.014177059354855675,0.004516864695798168,-0.0006138570185322816,0.9998891099021578,0.0015677509619536594,-0.0020264014106364343,0.0003752209858798655,-0.08984375,-0.28515625,9.8046875
358,514000000,imu2_frame,-0.014235408808831179,0.004491521316781627,-0.0006335426270190882,0.99988838276882,-0.004248707797665877,-0.00200613739653007,-0.0015621249739789331,-0.08984375,-0.28515625,9.8046875
358,538000000,imu2_frame,-0.014288454301093009,0.004468679653695998,-0.0006515262228954509,0.999887716940967,-0.004206220719689218,-0.001986076022564769,-0.0015465037242391438,-0.08984375,-0.28515625,9.8046875
358,563000000,imu2_frame,-0.014342532913207978,0.004445324520923571,-0.0006700659043046724,0.9998870345450136,-0.004164158512492326,-0.0019662152623391212,-0.0015310386869967524,-0.08984375,-0.28515625,9.8046875
358,589000000,imu2_frame,-0.014347799499303877,0.0044712104217242,-0.0006901026371693752,0.9998868299388899,-0.0002553294273674029,0.0019206343902842698,-0.0015157283001267848,-0.08984375,-0.28515625,9.8046875
358,613000000,imu2_frame,-0.014352653576980312,0.004449123720861155,-0.0006845426221881541,0.9998868626173734,-0.0002527761330937289,-0.001965759453618573,0.000433022732874483,-0.08984375,-0.28515625,9.8046875
358,638000000,imu2_frame,-0.014357552994110722,0.004426529675798479,-0.0006788056620508861,0.9998868964687574,-0.00025024837176279156,-0.0019461018590823873,0.0004286925055457382,-0.08984375,-0.28515625,9.8046875
358,663000000,imu2_frame,-0.014362372782622986,0.004404400723074631,-0.0006731224063259052,0.9998869288117281,-0.00024774588804516367,-0.0019266408404915634,0.00042440558049028083,-0.08984375,-0.28515625,9.8046875
358,688000000,imu2_frame,-0.014367065613609502,0.004454506671189024,-0.0006685443046006475,0.9998866424972801,-0.00024526842916471205,0.0038934068179133524,0.000420161524685378,-0.08984375,-0.28515625,9.8046875
358,714000000,imu2_frame,-0.014371959570782187,0.004430537458451804,-0.0006878777856544765,0.9998866655476896,-0.00024281574487306493,-0.0019463085002657812,-0.001517633840561476,-0.08984375,-0.28515625,9.8046875
358,739000000,imu2_frame,-0.014376648563204152,0.004408028059923264,-0.0007062773955881063,0.9998866847983094,-0.00024038758742433427,-0.0019268454152631233,-0.001502457502155861,-0.08984375,-0.28515625,9.8046875
358,764000000,imu2_frame,-0.014405184649317608,0.004386004258388306,-0.0007243816318689866,0.9998863579893047,-0.0021715774615500907,-0.0019075769611104922,-0.0014874329271343024,-0.08984375,-0.28515625,9.8046875
358,788000000,imu2_frame,-0.014386060335997843,0.004365680340493406,-0.0007185875825740792,0.9998867264520817,0.00171732581306541,-0.0018885011914993872,0.00046103515213704064,-0.08984375,-0.28515625,9.8046875
358,813000000,imu2_frame,-0.014414306381951427,0.004392745297627207,-0.0007131003638878925,0.9998862050494288,-0.002167034945065244,0.001997571320415607,0.00045642480061567026,-0.08984375,-0.28515625,9.8046875
358,838000000,imu2_frame,-0.014442002456951765,0.004419290676250573,-0.0007076703864857979,0.9998856922856615,-0.002145364595614592,0.001977595607211451,0.00045186055260951354,-0.08984375,-0.28515625,9.8046875
358,864000000,imu2_frame,-0.014420567734828138,0.004421023572507964,-0.0007270744692840282,0.999885980069474,0.0017432765503415542,2.4225901139336097e-05,-0.0014862518029165816,-0.08984375,-0.28515625,9.8046875
358,888000000,imu2_frame,-0.014401272021312576,0.004422740019404812,-0.0007448062578228303,0.9998862375283136,0.0017258437848381386,2.3983642127942738e-05,-0.0014713892848874158,-0.08984375,-0.28515625,9.8046875
358,913000000,imu2_frame,-0.014381407626671179,0.004448709195941014,-0.0007392784308479812,0.9998864123332046,0.0017085853469897573,0.0019573375557066634,0.0004769183579614584,-0.08984375,-0.28515625,9.8046875
358,939000000,imu2_frame,-0.014361115000602493,0.004475136868465759,-0.0007335922913940426,0.9998865902532637,0.0016914994935198597,0.0019377641801495967,0.0004721491743818438,-0.08984375,-0.28515625,9.8046875
358,964000000,imu2_frame,-0.014342074190208625,0.004500097265589613,-0.0007281837149092419,0.9998867554783393,0.0016745844985846612,0.0019183865383481007,0.0004674276826380254,-0.08984375,-0.28515625,9.8046875
358,988000000,imu2_frame,-0.014344086102134185,0.004523620101972506,-0.0007231371343985893,0.999886624136833,0.0016578386535988144,0.0018992026729646198,0.00046275340581164513,-0.08984375,-0.32421875,9.80859375
359,13000000,imu2_frame,-0.014345478753806883,0.0045236884089802695,-0.0007175838516626675,0.9998866078490694,0.0016412602670628264,-5.338310376502649e-05,0.00045812587175352867,-0.08984375,-0.32421875,9.80859375
359,38000000,imu2_frame,-0.014307326246820157,0.004523756417129161,-0.0007119076805298686,0.9998871582488695,0.001624847664392198,-5.284927272737623e-05,0.0004535446130359934,-0.08984375,-0.24609375,9.8046875
359,64000000,imu2_frame,-0.014288862250283307,0.004523816943303879,-0.0007061576393167703,0.9998874260821787,0.0016085991877482762,-5.2320780000102465e-05,0.00044900916690563346,-0.08984375,-0.28515625,9.8046875
359,89000000,imu2_frame,-0.014295505115909888,0.004523922061712761,-0.0007005745096933251,0.9998873345822603,-0.00034108055412920667,-5.179757220010144e-05,0.0004445190752365771,-0.08984375,-0.28515625,9.8046875
359,114000000,imu2_frame,-0.014302039843526168,0.004524030927797588,-0.0006950469465352422,0.9998872444982089,-0.0003376697485879146,-5.127959647810043e-05,0.0004400738844842113,-0.08984375,-0.28515625,9.8046875
359,138000000,imu2_frame,-0.014308303423384018,0.00452416541496009,-0.0006897933384173575,0.9998871579161284,-0.00033429305110203546,-5.0766800513319425e-05,0.0004356731456393692,-0.08984375,-0.28515625,9.8046875
359,164000000,imu2_frame,-0.01431479084949836,0.004524259593030675,-0.000684158512717188,0.9998870685058385,-0.0003309501205910151,-5.025913250818623e-05,0.0004313164141829755,-0.08984375,-0.28515625,9.8046875
359,189000000,imu2_frame,-0.014321010077939681,0.004524379191872734,-0.0006787943530978058,0.9998869825642805,-0.0003276406193851049,-4.975654118310437e-05,0.00042700325004114574,-0.08984375,-0.28515625,9.8046875
359,214000000,imu2_frame,-0.014327127048521189,0.004524502202672326,-0.0006734835808626078,0.9998868979690753,-0.0003243642131912539,-4.9258975771273326e-05,0.0004227332175407343,-0.08984375,-0.28515625,9.8046875
359,238000000,imu2_frame,-0.014333566101826544,0.004524833100779501,-0.0006684359725578047,0.9998868075745202,-0.00032112057105934135,-4.8766386013560594e-05,0.00041850588536532696,-0.08984375,-0.28515625,9.765625
359,264000000,imu2_frame,-0.014340215956952262,0.004525123262708423,-0.0006630221752140614,0.9998867145168799,-0.00031790936534874795,-4.827872215342499e-05,0.0004143208265116737,-0.08984375,-0.28515625,9.765625
359,289000000,imu2_frame,-0.01436593573918973,0.004507347314760616,-0.0006582152304282634,0.9998864287824054,-0.00031473027169526046,-4.779593493189074e-05,0.00041017761824655694,-0.0546875,-0.32421875,9.8046875
359,314000000,imu2_frame,-0.014391359823364655,0.004489753546940701,-0.000653456230723697,0.9998861454538096,-0.0003115829689783079,-4.7317975582571834e-05,0.00040607584206409135,-0.0546875,-0.32421875,9.8046875
359,338000000,imu2_frame,-0.014650528738301107,0.004490395068541554,-0.0006497362735298488,0.9998823811842028,-0.0003084671392885248,-4.684479582674612e-05,0.00040201508364345043,-0.08984375,-0.78515625,9.8046875
359,363000000,imu2_frame,-0.014653074577333497,0.004472957356511238,-0.0006449789172355879,0.9998824251181307,-0.0003053824678956396,-4.6376347868478656e-05,0.0003979949328070159,-0.0546875,-0.28515625,9.80859375
359,389000000,imu2_frame,-0.014655706388887094,0.00445567848674391,-0.0006400710284909873,0.999882466847251,-0.0003023286432166832,-4.591258438979387e-05,0.00039401498347894573,-0.0546875,-0.28515625,9.80859375
359,413000000,imu2_frame,-0.014657978826618382,0.004438615997026356,-0.0006356041544011709,0.9998825122743714,-0.00029930535678451635,-4.545345854589593e-05,0.0003900748336441563,-0.0546875,-0.28515625,9.80859375
359,438000000,imu2_frame,-0.014660383475456545,0.004439637476637847,-0.0006307250431609705,0.9998824755746791,-0.0002963123032166712,-4.499892396043697e-05,0.0003861740853077147,-0.08984375,-0.28515625,9.8046875
359,463000000,imu2_frame,-0.014936627415303392,0.004422915593803832,-0.0006273681584603396,0.9998784633085666,-0.00029334918018450446,-4.4548934720832596e-05,0.00038231234445463755,-0.0546875,-0.82421875,9.8046875
359,488000000,imu2_frame,-0.015210072898815498,0.004406364615681428,-0.0006240444763624826,0.9998744162152456,-0.0002904156883826594,-4.410344537362427e-05,0.00037848922101009117,-0.0546875,-0.82421875,9.8046875
359,514000000,imu2_frame,-0.015480889742425974,0.004389963996600495,-0.0006205653673388734,0.9998703341771453,-0.0002875115314988328,-4.366241091988803e-05,0.0003747043287999903,-0.0546875,-0.82421875,9.8046875
359,538000000,imu2_frame,-0.015474738027043182,0.00437358199104382,-0.0006162964160991692,0.9998705038365165,-0.00028463641618384444,-4.322578681068915e-05,0.0003709572855119904,-0.0546875,-0.28515625,9.80859375
359,564000000,imu2_frame,-0.015468891780206804,0.004357330932493388,-0.0006117009562923034,0.9998706680747153,-0.000281790052022006,-4.279352894258226e-05,0.0003672477126568705,-0.0546875,-0.28515625,9.80859375
359,588000000,imu2_frame,-0.015462793525805258,0.004341282652454264,-0.0006075167643825333,0.9998708347605159,-0.00027897215150178594,-4.236559365315644e-05,0.0003635752355303018,-0.0546875,-0.28515625,9.80859375
359,613000000,imu2_frame,-0.015456859422408424,0.004325380577939534,-0.0006031934478544903,0.9998709980479064,-0.00027618242998676807,-4.194193771662487e-05,0.0003599394831749988,-0.0546875,-0.28515625,9.80859375
359,638000000,imu2_frame,-0.015450950866477594,0.004309641309225977,-0.0005989132708947537,0.9998711599061159,-0.0002734206056869004,-4.152251833945862e-05,0.0003563400883432488,-0.0546875,-0.28515625,9.80859375
359,663000000,imu2_frame,-0.015445067939133349,0.004294063181098137,-0.0005946758024831188,0.999871320349995,-0.0002706863996300314,-4.110729315606404e-05,0.0003527766874598163,-0.0546875,-0.28515625,9.80859375
359,688000000,imu2_frame,-0.015439255867562847,0.004296573088858772,-0.0005902037611495184,0.999871401980009,-0.00026797953563373106,-4.06962202245034e-05,0.0003492489205852181,-0.08984375,-0.28515625,9.8046875
359,714000000,imu2_frame,-0.015433599718612346,0.004299044325580934,-0.0005856024851834221,0.9998714813851537,-0.00026529974027739373,-4.0289258022258365e-05,0.00034575643137936595,-0.08984375,-0.28515625,9.8046875
359,738000000,imu2_frame,-0.015407767607914125,0.004283589626160486,-0.0005815824762256943,0.999871948460941,-0.0002626467428746198,-3.988636544203578e-05,0.0003422988670655723,-0.0546875,-0.24609375,9.80859375
359,764000000,imu2_frame,-0.015402359221624135,0.004286198193725064,-0.0005770707281296473,0.9998720232233859,-0.0002600202754458736,-3.948750178761542e-05,0.0003388758783949166,-0.08984375,-0.28515625,9.8046875
359,789000000,imu2_frame,-0.015396799655230935,0.004270872574000151,-0.000573048552066705,0.9998721767422025,-0.00025742007269141486,-3.909262676973927e-05,0.00033548711961096743,-0.0546875,-0.28515625,9.80859375
359,813000000,imu2_frame,-0.015391138736224521,0.0042557203200566,-0.0005692334011563873,0.9998723306834202,-0.00025484587196450073,-3.870170050204188e-05,0.00033213224841485776,-0.0546875,-0.28515625,9.80859375
359,838000000,imu2_frame,-0.015405491923583274,0.004278521534168576,-0.0005647931571388711,0.9998720148502825,-0.0002522974132448557,-3.831468349702146e-05,0.0003288109259307092,-0.12890625,-0.32421875,9.80859375
359,864000000,imu2_frame,-0.01565407692862812,0.0042812968080053184,-0.0005615387256782357,0.9998681438306822,-0.00024977443911240716,-3.7931536662051244e-05,0.00032552281667140207,-0.08984375,-0.78515625,9.8046875
359,888000000,imu2_frame,-0.015899427063922132,0.004262862804571368,-0.0004422694438544235,0.9998644111165712,-0.0002472766947212831,-0.001971145971295431,0.009990236338504687,-0.08984375,-0.78515625,9.8046875
359,914000000,imu2_frame,-0.015868495690700056,0.004262898278990964,-0.0003127819436068681,0.9998649512360323,-0.0002448039277740703,-0.0019514345115824764,0.00989033397511964,-0.12890625,-0.24609375,9.8046875
359,939000000,imu2_frame,-0.015837752716811915,0.004264023731697976,-0.00018949820190392646,0.9998654648406096,-0.00024235588849632958,-0.0019319201664666516,0.009791430635368444,-0.12890625,-0.24609375,9.8046875
359,963000000,imu2_frame,-0.01578461179883716,0.00428772977456791,-0.00016557763156718145,0.9998662080437503,0.0016936614203886338,2.0992785198014862e-05,0.0019591413290147605,-0.12890625,-0.24609375,9.8046875
359,989000000,imu2_frame,-0.015750438851977546,0.0043112368759993785,-0.00014005185976001934,0.9998666497578794,0.0016767248061847475,2.0782857346034714e-05,0.0019395499157246127,-0.12890625,-0.28515625,9.8046875
360,13000000,imu2_frame,-0.015718574223285008,0.004334090200848528,-0.00013989562439731523,0.9998670524203367,0.0016599575581229,2.0575028772574366e-05,-1.3439333432633432e-05,-0.12890625,-0.28515625,9.8046875
360,38000000,imu2_frame,-0.015686363828143014,0.004318887324700499,-0.00014034698337222551,0.999867623990722,0.0016433579825416709,2.0369278484848623e-05,-1.3304940098307098e-05,-0.0546875,-0.28515625,9.80859375
360,64000000,imu2_frame,-0.015653921839226342,0.00434167904164137,-0.00014021180369312426,0.9998680337398536,0.001626924402716254,2.0165585700000138e-05,-1.3171890697324027e-05,-0.12890625,-0.28515625,9.8046875
360,88000000,imu2_frame,-0.015623607862797345,0.004364221026373377,-0.0001400594037883958,0.9998684097597773,0.0016106551586890917,1.9963929843000135e-05,-1.3040171790350786e-05,-0.12890625,-0.28515625,9.8046875
360,114000000,imu2_frame,-0.015666856233602942,0.004386564811734177,-0.00013959646709456197,0.9998676353286641,-0.004206232642897799,1.9764290544570132e-05,-1.2909770072447278e-05,-0.12890625,-0.28515625,9.8046875
360,138000000,imu2_frame,-0.01570496061813471,0.0043708275483007675,-0.00013973343401711623,0.9998671064461984,-0.004164170316468822,1.956664763912443e-05,-1.2780672371722806e-05,-0.0546875,-0.28515625,9.80859375
360,163000000,imu2_frame,-0.015744277909731978,0.00439309019964714,-0.00013926984575607753,0.9998663906120202,-0.0041225286133041335,1.9370981162733186e-05,-1.2652865648005578e-05,-0.12890625,-0.28515625,9.8046875
360,188000000,imu2_frame,-0.015782691921648634,0.004415127694537016,-0.0001388064510943685,0.9998656879881,-0.004081303327171092,1.9177271351105854e-05,-1.2526336991525522e-05,-0.12890625,-0.28515625,9.8046875
360,213000000,imu2_frame,-0.015748445083159507,0.004413007347267492,-0.00013828322663351908,0.9998662374144678,0.001760290956100619,-0.0019146082513624052,-1.2401073621610267e-05,-0.12890625,-0.28515625,9.8046875
360,238000000,imu2_frame,-0.015762605197245216,0.004435076784270714,-0.00013793163902473056,0.9998659166839204,-0.002124499453460387,3.813158115121885e-05,-1.2277062885394164e-05,-0.12890625,-0.28515625,9.8046875
360,263000000,imu2_frame,-0.015776360831552975,0.004456920766360988,-0.0001375813351263293,0.9998656026524622,-0.0021032544589257834,3.775026533970666e-05,-1.2154292256540223e-05,-0.12890625,-0.28515625,9.8046875
360,289000000,imu2_frame,-0.015792119519034885,0.0044997695431370985,-0.0003915094421339987,0.9998650947780466,-0.0021032544589257834,0.001990875265339707,-0.01954340429225654,-0.12890625,-0.28515625,9.8046875
360,313000000,imu2_frame,-0.015805251494302775,0.004502525525365624,-0.0006241294163847175,0.9998647567304125,-0.0020822219143365253,0.0019709665126863094,-0.019347970249333976,-0.0546875,-0.28515625,9.80859375
360,339000000,imu2_frame,-0.015820107434129566,0.004506728000802496,-0.0008735986052709158,0.9998643160094155,-0.00206139969519316,0.0019512568475594464,-0.019154490546840635,-0.0546875,-0.28515625,9.80859375
360,363000000,imu2_frame,-0.015808460499726697,0.004489708121298067,-0.0008692839878507608,0.9998645805522679,-0.00010827469519316006,-1.8681524405535068e-06,0.0003767594531593649,-0.0546875,-0.28515625,9.80859375
360,388000000,imu2_frame,-0.01581684177101169,0.00449078367796105,-0.0008646312639879083,0.9998644472082833,-0.00010719194824122847,-1.8494709161479718e-06,0.00037299185862777124,-0.08984375,-0.32421875,9.80859375
360,413000000,imu2_frame,-0.015825318329220184,0.004515023378673565,-0.0009087443239355232,0.9998641647981104,-0.00010612002875881619,0.0019317627737930135,-0.0034979255599585065,-0.08984375,-0.32421875,9.80859375
360,439000000,imu2_frame,-0.015808670300421875,0.004515589856777996,-0.0009036127028249659,0.9998644302482518,0.001828534921528772,-2.1148603944916628e-05,0.0004042411956410786,-0.08984375,-0.32421875,9.80859375
360,464000000,imu2_frame,-0.015773489528208548,0.0045161633882987,-0.0008986402512876515,0.9998649877568734,0.0018102495723134843,-2.0937117905467463e-05,0.0004001987836846678,-0.08984375,-0.28515625,9.8046875
360,489000000,imu2_frame,-0.01573888496801954,0.0045167324394246675,-0.0008937185515968814,0.9998655349071618,0.0017921470765903495,-2.072774672641279e-05,0.00039619679584782116,-0.08984375,-0.28515625,9.8046875
360,513000000,imu2_frame,-0.01570585084230843,0.004493978679580616,-0.0009118706211706338,0.9998661404892741,0.0017742256058244459,-0.0019541142192591484,-0.001541358922110657,-0.08984375,-0.28515625,9.8046875
360,539000000,imu2_frame,-0.015671381634391076,0.004495406886802151,-0.0008814739904495401,0.9998667021749427,0.0017564833497662013,-9.793270665571755e-07,0.0023412421671104495,-0.08984375,-0.28515625,9.8046875
360,563000000,imu2_frame,-0.015639217324534292,0.004496778566693532,-0.0008536921444869298,0.9998672237220904,0.0017389185162685395,-9.695337958916037e-07,0.002317829745439345,-0.08984375,-0.28515625,9.8046875
360,589000000,imu2_frame,-0.01562578458146171,0.004480259383340115,-0.0008242716588531054,0.9998675325803436,0.001721529331105854,-9.598384579326876e-07,0.0022946514479849516,-0.0546875,-0.32421875,9.8046875
360,614000000,imu2_frame,-0.015784534499982177,0.004481090793233033,-0.0012594099928825908,0.999864581922168,-0.011950345668894146,0.0019521651615420673,-0.03481472355201505,-0.0546875,-0.32421875,9.8046875
360,639000000,imu2_frame,-0.01620801265645167,0.004504594860906383,-0.0018157766453714343,0.999856845706445,-0.03343472066889414,0.003905290161542067,-0.04458034855201505,-0.0546875,-0.32421875,9.8046875
360,663000000,imu2_frame,-0.01658667970892918,0.004505999208590175,-0.0023448009266305594,0.9998495286471761,-0.03310037346220521,0.003866237259926647,-0.0441345450664949,-0.015625,-0.28515625,9.80859375
360,688000000,imu2_frame,-0.016613836393185324,0.004442475162284655,-0.0024813091455559906,0.9998490325842483,-0.0038034984622052044,-0.001993137740073353,-0.010931420066494897,-0.015625,-0.28515625,9.80859375
360,713000000,imu2_frame,-0.01634940768225051,0.004479534852046695,-0.0023766475118736762,0.9998534803572737,0.019634001537794796,0.005819362259926647,0.008599829933505103,-0.015625,-0.28515625,9.80859375
360,738000000,imu2_frame,-0.016232963196509298,0.004419493536107269,-0.002294125280982774,0.9998558375945706,0.007915251537794795,-0.001993137740073353,0.006646704933505102,-0.015625,-0.28515625,9.80859375
360,764000000,imu2_frame,-0.016010839038070893,0.0043426274929604615,-0.0016497931228616977,0.9998610267444201,0.015727751537794796,-0.003946262740073353,0.0496154549335051,-0.015625,-0.28515625,9.80859375
360,789000000,imu2_frame,-0.015820730141971155,0.004248518840652603,-0.0010368474451691856,0.9998652806917595,0.015570474022416847,-0.00390680011267262,0.04911930038417005,0.0234375,-0.32421875,9.80859375
360,814000000,imu2_frame,-0.016043428105821357,0.00420363315680321,-0.00044730686785214623,0.9998623594272675,-0.017632650977583153,-5.501126726198302e-07,0.04716617538417005,0.0234375,-0.32421875,9.80859375
360,838000000,imu2_frame,-0.016209467232059113,0.004179695293789744,-2.2572664015355487e-05,0.9998598815883046,-0.013726400977583153,0.00195257488732738,0.03544742538417005,0.0234375,-0.32421875,9.80859375
360,863000000,imu2_frame,-0.016358433754336356,0.004156914964370867,0.00041554103507521255,0.9998574643561613,-0.01358913696780732,0.0019330491384541063,0.03509295113032835,0.0234375,-0.28515625,9.84765625
360,889000000,imu2_frame,-0.01651148281254087,0.004135151709454984,0.0008666348901398888,0.9998547496509872,-0.013453245598129248,0.0019137186470695653,0.034742021619025065,0.0234375,-0.28515625,9.8046875
360,914000000,imu2_frame,-0.01668068091861023,0.003748206899821306,0.0012088990281848436,0.9998531114080046,-0.015406370598129248,-0.027383156352930434,0.026929521619025065,0.0234375,-0.28515625,9.8046875
360,939000000,imu2_frame,-0.016946462337293404,0.0034793944161375487,0.0011589446313688774,0.9998496727389018,-0.023218870598129247,-0.017617531352930434,-0.004320478380974933,0.0234375,-0.28515625,9.8046875
360,963000000,imu2_frame,-0.0172152140137257,0.0032042264502726487,0.0011110400997395107,0.9998460556151701,-0.022986681892147955,-0.01744135603940113,-0.0042772735971651835,0.0625,-0.32421875,9.8046875
360,989000000,imu2_frame,-0.017461753770765056,0.0029565937450395873,0.0010605758029217586,0.9998425980561351,-0.022756815073226477,-0.01726694247900712,-0.004234500861193532,-0.015625,-0.24609375,9.76953125
361,14000000,imu2_frame,-0.017621503688061924,0.003477228995811942,0.001462322551227807,0.9998376133648096,-0.016897440073226477,0.04327993252099288,0.032874874138806465,-0.015625,-0.24609375,9.76953125
361,38000000,imu2_frame,-0.018095848711355597,0.0036212093914205832,0.0017850281306160468,0.9998281056144261,-0.04424119007322647,0.013983057520992881,0.027015499138806468,-0.015625,-0.24609375,9.76953125
361,63000000,imu2_frame,-0.019087543794290947,0.003593497833989835,0.0021125931096579427,0.9998091264814356,-0.04379877817249421,0.013843226945782952,0.026745344147418405,0.328125,-1.2421875,9.76953125
361,88000000,imu2_frame,-0.01953385079625829,0.003976541388042658,0.0036751035670172815,0.9997945335944933,-0.000830028172494211,0.04509322694578295,0.12635471914741842,0.328125,-1.2421875,9.76953125
361,114000000,imu2_frame,-0.019548035514611012,0.004509963663531429,0.00528808303826723,0.9997847621928699,-0.0008217278907692689,0.04464229467632512,0.1250911719559442,0.0625,-0.40234375,9.8828125
361,139000000,imu2_frame,-0.020456473797875827,0.006717558840381376,-0.007475395608512776,0.9997402290312615,-0.06722797789076927,0.20479854467632513,-1.0174869530440558,0.0625,-0.40234375,9.8828125
361,163000000,imu2_frame,-0.019670804727668172,0.006782611109934065,-0.013954814828717582,0.9996861101220691,0.06949077210923073,0.025111044676325123,-0.5389713280440558,0.0625,-0.40234375,9.8828125
361,188000000,imu2_frame,-0.01862371014770869,0.006947197634901418,-0.020700071144680858,0.9995881156356157,0.06949077210923073,0.025111044676325123,-0.5389713280440558,-0.12890625,0.05859375,9.8046875
361,214000000,imu2_frame,-0.01893192937722797,0.007079518687720858,-0.019147329062023582,0.9996123459896824,-0.04183735289076927,0.0075329196763251225,0.11923179695594421,-0.12890625,0.05859375,9.8046875
361,238000000,imu2_frame,-0.018917626278133405,0.007152397941345812,-0.017480658790562754,0.9996426327382889,-0.01839985289076927,0.0036266696763251225,0.1387630469559442,-0.12890625,0.05859375,9.8046875
361,263000000,imu2_frame,-0.019072057302561524,0.007172443705046673,-0.01574669258478848,0.9996683721885903,-0.01839985289076927,0.0036266696763251225,0.1387630469559442,-0.015625,-0.24609375,9.51953125
361,288000000,imu2_frame,-0.019141758774866433,0.007169830441170159,-0.014029884160258093,0.9996926272374421,-0.018215854361861575,0.003590402979561871,0.13737541648638477,0.0234375,-0.09375,9.8046875
361,314000000,imu2_frame,-0.019483653660622543,0.0071632450948725754,-0.014121359271893405,0.9996847815046791,-0.03774710436186158,0.005543527979561871,-0.007155833513615223,0.0234375,-0.09375,9.8046875
361,339000000,imu2_frame,-0.02015154322821349,0.007178122276447831,-0.014210447576260915,0.999670172129682,-0.03736963331824296,0.005488092699766253,-0.007084275178479071,-0.015625,-0.78515625,9.76953125
361,363000000,imu2_frame,-0.020450096596214863,0.007205437605817402,-0.014293392273390217,0.9996627302022584,-0.03736963331824296,0.005488092699766253,-0.007084275178479071,-0.0546875,-0.109375,9.59765625
361,388000000,imu2_frame,-0.019879378785807658,0.007265615156711902,-0.019416858896546284,0.9995874182511886,0.03684911668175704,0.017206842699766252,-0.4094280251784791,-0.0546875,-0.109375,9.59765625
361,588000000,imu2_frame,-0.01646529140708789,0.008031416270413797,-0.060353867450793665,0.998008918404692,0.03684911668175704,0.017206842699766252,-0.4094280251784791,-0.015625,-0.36328125,9.84375
361,613000000,imu2_frame,-0.016481160213655706,0.008100690900962645,-0.06547160909111073,0.9976854306683844,0.03684911668175704,0.017206842699766252,-0.4094280251784791,-0.015625,-1.20703125,9.84375
361,638000000,imu2_frame,-0.016770038075355893,0.007813478508335992,-0.06828944678761291,0.9974939933824127,0.01536474168175704,-0.015996282300233748,-0.22583427517847907,-0.015625,-1.20703125,9.84375
361,664000000,imu2_frame,-0.01636624757001374,0.007548172488528031,-0.07121407805048341,0.9972982132341259,0.01536474168175704,-0.015996282300233748,-0.22583427517847907,-0.16796875,0.13671875,9.80859375
361,689000000,imu2_frame,-0.016270334097067858,0.007220576396523995,-0.07402876443737172,0.9970972277269393,0.01536474168175704,-0.015996282300233748,-0.22583427517847907,0.0234375,-0.4375,9.84765625
361,713000000,imu2_frame,-0.01653418206171354,0.006992178118760362,-0.07455486820749263,0.9970553153638314,-0.01588525831824296,-0.014043157300233748,-0.04419365017847907,0.0234375,-0.4375,9.84765625
361,738000000,imu2_frame,-0.016461523922000555,0.006785570818019165,-0.07491122541565472,0.9970312344984805,0.01145849168175704,-0.010136907300233748,-0.02856865017847907,0.0234375,-0.4375,9.84765625
361,763000000,imu2_frame,-0.016176472553323547,0.006606171193637698,-0.0752624000778256,0.9970106576022232,0.011343906764939468,-0.01003553822723141,-0.028282963676694278,-0.0546875,-0.01953125,9.80859375
361,788000000,imu2_frame,-0.015840484572210857,0.006365933815567701,-0.07561083126610238,0.9969912517822924,0.011230467697290074,-0.009935182844959096,-0.02800013403992734,0.0625,0.09765625,9.8046875
361,814000000,imu2_frame,-0.015969728501507314,0.006283226779116655,-0.07602275537433188,0.9969583890504784,-0.025878907302709926,-0.00016955784495909575,-0.031906384039927335,0.0625,0.09765625,9.8046875
361,839000000,imu2_frame,-0.015947108836654355,0.0064877998899833455,-0.07749557834193009,0.9968440367027278,-0.016113282302709926,0.025221067155040904,-0.11784388403992734,0.0625,0.09765625,9.8046875
361,863000000,imu2_frame,-0.016125741442710458,0.006752193888597233,-0.0788950550540252,0.9967296216269667,-0.015952149479682827,0.024968856483490495,-0.11666544519952807,-0.0546875,-0.32421875,9.765625
361,889000000,imu2_frame,-0.015858130119872787,0.006940000851115976,-0.07803357910438057,0.996800439721737,0.019204100520317173,0.017156356483490495,0.06692830480047193,-0.0546875,-0.32421875,9.765625
361,913000000,imu2_frame,-0.01567648377225311,0.007114754439344167,-0.07723866303379451,0.9968639912538512,0.019204100520317173,0.017156356483490495,0.06692830480047193,-0.0546875,-0.4375,9.55859375
361,938000000,imu2_frame,-0.015652032587708673,0.006866105425189777,-0.07832574701659188,0.9967812938786805,0.009438475520317173,-0.016046768516509505,-0.08736857019952807,-0.0546875,-0.4375,9.55859375
361,963000000,imu2_frame,-0.01590439333576213,0.006614435938042456,-0.08113833083962571,0.9965539979240475,-0.012045899479682827,-0.016046768516509505,-0.22604044519952807,-0.0546875,-0.4375,9.55859375
361,988000000,imu2_frame,-0.016091757457574934,0.006339708246808579,-0.08395028525447956,0.9963198347152201,-0.012045899479682827,-0.016046768516509505,-0.22604044519952807,-0.015625,-0.32421875,9.84765625
362,13000000,imu2_frame,-0.01672411867644781,0.006499015939866512,-0.0864486199226273,0.9960947257965894,-0.05110839947968283,0.015203231483490495,-0.20064982019952807,-0.015625,-0.32421875,9.84765625
362,38000000,imu2_frame,-0.017258604979898326,0.006579728203716717,-0.08875131277547099,0.9958825494060751,-0.04329589947968283,0.009343856483490495,-0.18502482019952807,-0.015625,-0.32421875,9.84765625
362,63000000,imu2_frame,-0.018098120596259207,0.006647834120411943,-0.09103231335503663,0.9956612788783248,-0.042862940484885995,0.00925041791865559,-0.1831745719975328,0.0625,-0.9375,9.76953125
362,88000000,imu2_frame,-0.018875880885513324,0.006801671188431688,-0.09328815298875659,0.9954369688241375,-0.04243431108003714,0.009157913739469035,-0.18134282627755746,-0.1171875,-0.86328125,9.80859375
362,113000000,imu2_frame,-0.018656575397649578,0.00681560559080739,-0.09413958955932568,0.9953608478298029,0.03764381391996286,0.0032985387394690343,-0.06806157627755746,-0.1171875,-0.86328125,9.80859375
362,139000000,imu2_frame,-0.018425717548452465,0.0068290057502362715,-0.09501615798413961,0.9952817627864087,0.03726737578076323,0.003265553352074344,-0.06738096051478189,-0.1171875,-0.86328125,9.80859375
362,163000000,imu2_frame,-0.01789188438258025,0.006778992638591197,-0.09581667468546964,0.9952150976468682,0.036894702022955604,0.0032328978185536005,-0.06670715090963406,-0.0546875,-0.171875,9.765625
362,213000000,imu2_frame,-0.01824067457460501,0.006908570464674161,-0.09903116659932483,0.9948931487788902,-0.0177927979770444,0.007139147818553601,-0.12920715090963406,-0.0546875,-0.171875,9.765625
362,238000000,imu2_frame,-0.0176441507106363,0.006638545328330828,-0.10083310816055042,0.9947247347685222,0.042754077022955604,-0.0123921021814464,-0.14483215090963406,-0.0546875,-0.171875,9.765625
362,264000000,imu2_frame,-0.01715632114433671,0.006356484180774594,-0.1026886712399791,0.9945452692324365,0.042326536252726046,-0.012268181159631936,-0.14338382940053773,-0.015625,-0.40234375,9.84375
362,288000000,imu2_frame,-0.01725303827555834,0.006273226129119404,-0.10414324929080031,0.9943928614643959,-0.004548463747273955,-0.0025025561596319352,-0.12189945440053772,-0.015625,-0.40234375,9.84375
362,314000000,imu2_frame,-0.017272949247100947,0.006198992889668766,-0.10570240070688969,0.994228454730733,-0.004502979109801216,-0.002477530598035616,-0.12068045985653235,-0.0546875,-0.24609375,9.80859375
362,338000000,imu2_frame,-0.016844820882712056,0.00607801851173647,-0.10609524497615619,0.9941947036138594,0.032606395890198786,-0.004430655598035616,-0.03278983485653234,-0.0546875,-0.24609375,9.80859375
362,363000000,imu2_frame,-0.016827278168509912,0.006658215184667431,-0.1091586060173672,0.9938596025658452,-0.006456104109801216,0.05220996940196439,-0.24568045985653233,-0.0546875,-0.24609375,9.80859375
362,388000000,imu2_frame,-0.01692609618739528,0.007246229300366827,-0.11222132652157474,0.9935126437557399,-0.006456104109801216,0.05220996940196439,-0.24568045985653233,-0.0546875,-0.4765625,9.80859375
362,413000000,imu2_frame,-0.01652333498429027,0.006996571149543126,-0.11791741622068705,0.9928612744714056,0.042372020890198786,-0.006383780598035616,-0.45857108485653236,-0.0546875,-0.4765625,9.80859375
362,439000000,imu2_frame,-0.016790965329251634,0.006943250923178726,-0.12416169589034576,0.9920956244352472,-0.012315479109801216,0.003381844401964384,-0.48396170985653236,-0.0546875,-0.4765625,9.80859375
362,463000000,imu2_frame,-0.016955454807224647,0.006785207207051431,-0.12992282399154811,0.9913559064843961,-0.012315479109801216,0.003381844401964384,-0.48396170985653236,0.13671875,-0.28515625,9.84375
362,489000000,imu2_frame,-0.017117080029104958,0.006740523349298824,-0.13615679823727697,0.9905164800294988,-0.012315479109801216,0.003381844401964384,-0.48396170985653236,-0.08984375,-0.28515625,9.8046875
362,513000000,imu2_frame,-0.017472686321155718,0.00671961961767094,-0.1372160865922761,0.9903642246795962,-0.031846729109801214,-0.004430655598035616,-0.08943045985653235,-0.08984375,-0.28515625,9.8046875
362,538000000,imu2_frame,-0.017180588562526206,0.006691070241797255,-0.13772065020532107,0.9902994897821004,0.020887645890198786,0.001428719401964384,-0.04060233485653234,-0.08984375,-0.28515625,9.8046875
362,564000000,imu2_frame,-0.01669304832794111,0.006617399791992935,-0.13824008419489536,0.990235947276861,0.020678769431296797,0.0014144322079447402,-0.04019631150796702,-0.0546875,0.09765625,9.8046875
362,588000000,imu2_frame,-0.016379697972165333,0.006463069621020009,-0.13799714938126867,0.9902760832152104,0.008960019431296797,-0.00835119279205526,0.02035056349203298,-0.0546875,0.09765625,9.8046875
362,614000000,imu2_frame,-0.016475969817177166,0.006594238716767069,-0.13733243824306035,0.9903660231654486,-0.026196230568703203,0.00922693220794474,0.05160056349203298,-0.0546875,0.09765625,9.8046875
362,638000000,imu2_frame,-0.016313279537910813,0.0065532939287961155,-0.13715958248891041,0.9903929423117214,-0.0047118555687032035,-0.0005386927920552598,0.014491188492032979,-0.0546875,0.09765625,9.8046875
362,663000000,imu2_frame,-0.016403039395951995,0.0065651666978511596,-0.13698149146918415,0.9904160286867747,-0.004664737013016171,-0.0005333058641347072,0.01434627660711265,-0.08984375,-0.40234375,9.84765625
362,689000000,imu2_frame,-0.01623345565535168,0.006441230547862655,-0.13669582752058848,0.9904591037518796,0.01681963798698383,-0.008345805864134708,0.02215877660711265,-0.08984375,-0.40234375,9.84765625
362,713000000,imu2_frame,-0.016044964851162663,0.00632494948748012,-0.1364346691877413,0.9904989324378586,0.01665144160711399,-0.00826234780549336,0.021937188841041524,-0.08984375,-0.32421875,9.76953125
362,739000000,imu2_frame,-0.016090281900811066,0.006450806962353778,-0.13683268680938976,0.9904424797727581,-0.0048329333928860095,0.00931577719450664,-0.030797186158958476,-0.08984375,-0.32421875,9.76953125
362,763000000,imu2_frame,-0.015672373935160803,0.006169400581918422,-0.13752302503779695,0.9903553568170114,0.03813581660711399,-0.01802797280549336,-0.058140936158958476,-0.08984375,-0.32421875,9.76953125
362,789000000,imu2_frame,-0.015252799562751612,0.005835276825953699,-0.13826392451339548,0.9902607680949586,0.03775445844104285,-0.017847693077438425,-0.05755952679736889,-0.015625,-0.36328125,9.80859375
362,814000000,imu2_frame,-0.015431432893887645,0.005807912902877177,-0.14105501540210658,0.9898644461018214,-0.011073666558957149,0.0016835569225615735,-0.2255282767973689,-0.015625,-0.36328125,9.80859375
362,838000000,imu2_frame,-0.015504947339531366,0.005660683633103576,-0.1445442473859917,0.9893606591210415,-0.0013080415589571495,-0.006128943077438427,-0.29388765179736887,-0.015625,-0.36328125,9.80859375
362,863000000,imu2_frame,-0.015487334209132888,0.005594256444234621,-0.14817523257834833,0.9888240223741954,-0.0013080415589571495,-0.006128943077438427,-0.29388765179736887,-0.20703125,-0.2109375,9.88671875
362,888000000,imu2_frame,-0.015773199917100866,0.005358898609365096,-0.15180788923036184,0.9882696257284709,-0.0013080415589571495,-0.006128943077438427,-0.29388765179736887,0.21484375,-0.74609375,9.76953125
362,913000000,imu2_frame,-0.015654294372698083,0.004804857711475324,-0.15186570758357612,0.988265482180879,0.03384820844104285,-0.03151956807743843,-0.004825151797368892,0.21484375,-0.74609375,9.76953125
362,939000000,imu2_frame,-0.016053848129883235,0.004433892052397621,-0.1527527277622473,0.9881240907510975,-0.009120541558957149,-0.021753943077438425,-0.06927827679736889,0.21484375,-0.74609375,9.76953125
362,963000000,imu2_frame,-0.016304257147352823,0.0041488769175100915,-0.1535620054355186,0.9879957836477938,-0.009029336143367577,-0.02153640364666404,-0.0685854940293952,0.0625,-0.515625,9.88671875
362,989000000,imu2_frame,-0.01607184447197615,0.0040816890722103405,-0.15554927606750735,0.9876889481736955,0.026126913856632423,0.003854221353335958,-0.1545229940293952,0.0625,-0.515625,9.88671875
363,13000000,imu2_frame,-0.015727648248173305,0.0038493411130683607,-0.15631647664168805,0.9875742922858541,0.03979878885663242,-0.009817653646664043,-0.0646792440293952,0.0625,-0.515625,9.88671875
363,38000000,imu2_frame,-0.016009904673503494,0.003733201907128176,-0.15735434636747236,0.9874053655085795,-0.012935586143367577,-0.007864528646664043,-0.0842104940293952,0.0625,-0.515625,9.88671875
363,63000000,imu2_frame,-0.01619735915828635,0.003584132175268619,-0.1583821102115697,0.9872385257463255,-0.012806230281933902,-0.007785883360197402,-0.08336838908910126,0.1015625,-0.32421875,9.765625
363,89000000,imu2_frame,-0.01690517520160578,0.003707042037479833,-0.15867468153500833,0.9871792230038573,-0.0557749802819339,0.005885991639802598,-0.02282151408910125,0.1015625,-0.32421875,9.765625
363,113000000,imu2_frame,-0.01739389404493084,0.003887330770278658,-0.15894065463679383,0.9871272508714687,-0.05521723047911456,0.0058271317234045725,-0.022593298948210237,-0.08984375,-0.0546875,9.84375
363,138000000,imu2_frame,-0.01732358594643624,0.004180833043346136,-0.15890994685044313,0.9871322316675762,-0.010295355479114563,0.02145213172340457,0.0027973260517897627,-0.08984375,-0.0546875,9.84375
363,164000000,imu2_frame,-0.0173142067677899,0.004444117830140165,-0.15870142952762345,0.9871647908665518,-0.014201605479114563,0.01754588172340457,0.016469201051789763,-0.08984375,-0.0546875,9.84375
363,188000000,imu2_frame,-0.017611339800352278,0.004675581880700236,-0.15851152061336124,0.9871889775910959,-0.014059589424323417,0.017370422906170527,0.016304509041271863,0.0234375,-0.66796875,9.765625
363,213000000,imu2_frame,-0.017291461773679743,0.004501557942038817,-0.15804612167838802,0.9872700566452142,0.04062791057567658,-0.008020202093829474,0.03778888404127186,0.0234375,-0.66796875,9.765625
363,238000000,imu2_frame,-0.017255781930107367,0.0045553081434651236,-0.15702776033077603,0.9874329190599223,0.015237285575676583,0.005651672906170527,0.08271075904127187,0.0234375,-0.66796875,9.765625
363,263000000,imu2_frame,-0.017167439077726793,0.004578971270158678,-0.1560198601952606,0.9875941045198028,0.015084912719919817,0.005595156177108821,0.08188365145085914,0.0625,-0.5546875,9.8046875
363,288000000,imu2_frame,-0.016724805923499786,0.004606022558313091,-0.15502112138737006,0.9877588356207277,0.014934063592720618,0.005539204615337733,0.08106481493635055,-0.0546875,0.13671875,9.8046875
363,313000000,imu2_frame,-0.016430275428303567,0.004409722021223191,-0.15963649354885848,0.9870292753148059,0.007121563592720618,-0.006179545384662267,-0.37401331006364946,-0.0546875,0.13671875,9.8046875
363,339000000,imu2_frame,-0.016154885024242987,0.004245298326754618,-0.16400742476847427,0.9863176779074699,0.005168438592720618,-0.004226420384662267,-0.34081018506364946,-0.0546875,0.13671875,9.8046875
363,364000000,imu2_frame,-0.0162727573805993,0.004134635643186481,-0.16820701715122602,0.9856086959521093,0.005168438592720618,-0.004226420384662267,-0.34081018506364946,-0.015625,-0.6328125,9.80859375
363,388000000,imu2_frame,-0.016191026765901242,0.003553499301704097,-0.17340690943634837,0.9847107529902944,0.02860593859272062,-0.03938267038466227,-0.44041956006364946,-0.015625,-0.6328125,9.80859375
363,413000000,imu2_frame,-0.0166837445670559,0.0039493916491651505,-0.17678760138126007,0.9840996895491246,-0.03194093640727938,0.028976704615337735,-0.27440393506364946,-0.015625,-0.6328125,9.80859375
363,439000000,imu2_frame,-0.016443101000867735,0.0036426250497307603,-0.1784213426731595,0.9838100325728182,0.03446531359272062,-0.017898295384662265,-0.12791956006364943,-0.015625,-0.6328125,9.80859375
363,463000000,imu2_frame,-0.01615937957406417,0.0033533536461838316,-0.17991392532777967,0.9835439029063497,0.03412066045679341,-0.017719312430815645,-0.12664036446301294,-0.015625,-0.4765625,9.84375
363,488000000,imu2_frame,-0.01659255449336391,0.0035020833529524646,-0.18178271974592586,0.9831924864182741,-0.030332464543206587,0.0076713125691843555,-0.15203098946301294,-0.015625,-0.4765625,9.84375
363,514000000,imu2_frame,-0.016866585482033056,0.0037023465628123363,-0.18370520790261632,0.9828296940536355,-0.03002913989777452,0.007594599443492512,-0.15051067956838282,-0.16796875,-0.171875,9.7265625
363,539000000,imu2_frame,-0.017387974430225387,0.004315440349120302,-0.18267788531670134,0.9830095755057654,-0.057372889897774525,0.032985224443492514,0.08386432043161718,-0.16796875,-0.171875,9.7265625
363,563000000,imu2_frame,-0.017234871807935544,0.00392596196880979,-0.1819566228722263,0.9831476661261613,0.010986485102225479,-0.037327275556507486,0.06042682043161718,-0.16796875,-0.171875,9.7265625
363,588000000,imu2_frame,-0.01697958508515298,0.003427806756467766,-0.1812144451287706,0.983291039676376,0.010876620251203223,-0.036954002800942416,0.059822552227301005,-0.015625,0.05859375,9.76953125
363,613000000,imu2_frame,-0.016574833939700717,0.0033605833746994055,-0.18120056412574465,0.9833007357465797,0.016735995251203225,0.00015537219905758699,0.0012288022273010072,-0.015625,0.05859375,9.76953125
363,639000000,imu2_frame,-0.015675908056868453,0.0029025690892966432,-0.18225669906945302,0.9831217303282342,0.05970474525120322,-0.021329002800942413,-0.08275557277269899,-0.015625,0.05859375,9.76953125
363,663000000,imu2_frame,-0.01491921571466627,0.00251984323317848,-0.18322104917312407,0.9829552963041804,0.05910769779869119,-0.02111571277293299,-0.081928017044972,-0.0546875,-0.09375,9.80859375
363,689000000,imu2_frame,-0.014262839469846496,0.002118723493599427,-0.18425486507554634,0.9827727240400028,0.05851662082070428,-0.02090455564520366,-0.08110873687452227,-0.015625,-0.36328125,9.76953125
363,713000000,imu2_frame,-0.014914855489028352,0.002268297167100592,-0.1854173134738755,0.9825440558966473,-0.05281150417929572,0.0025329443547963413,-0.09868686187452227,-0.015625,-0.36328125,9.76953125
363,738000000,imu2_frame,-0.01496039699968149,0.0022205141994593503,-0.1856445439508608,0.9825005644474607,-7.712917929572074e-05,-0.005279555645203659,-0.01860873687452228,-0.015625,-0.36328125,9.76953125
363,763000000,imu2_frame,-0.015066002873621386,0.0021650624141155254,-0.18586956859655193,0.9824565290799826,-7.635788750276353e-05,-0.005226760088751623,-0.01842264950577706,0.0234375,-0.4765625,9.765625
363,788000000,imu2_frame,-0.01565060870043281,0.001907283132164647,-0.18760028107176485,0.9821189109574027,-0.035232607887502765,-0.02671113508875162,-0.14146952450577704,0.0234375,-0.4765625,9.765625
363,813000000,imu2_frame,-0.01514640118080598,0.0019245700625507762,-0.18706156279455166,0.9822295323834467,0.046798642112497235,0.008445114911248377,0.04407735049422294,0.0234375,-0.4765625,9.765625
363,838000000,imu2_frame,-0.015064781087897822,0.0020643077723590773,-0.18851324100765893,0.9819529260453288,0.011642392112497237,0.014304489911248377,-0.11803202450577706,0.0234375,-0.4765625,9.765625
363,863000000,imu2_frame,-0.01471319246675643,0.0021692243617720615,-0.18995069952985272,0.9816809808594767,0.011525968191372265,0.014161445012135895,-0.11685170426071928,-0.015625,0.05859375,9.80859375
363,888000000,imu2_frame,-0.014671437507167238,0.0022186706471808504,-0.1907862468577967,0.9815194518866901,-0.011911531808627735,0.004395820012135894,-0.06802357926071928,-0.015625,0.05859375,9.80859375
363,914000000,imu2_frame,-0.014733682519639123,0.0022689483880099373,-0.19164631579340305,0.9813508343683407,-0.011792416490541458,0.004351861812014535,-0.06734334346811209,0.0234375,-0.1328125,9.8046875
363,939000000,imu2_frame,-0.015049865446980948,0.0023730857419392293,-0.19206532564175385,0.9812638690485941,-0.03327679149054146,0.004351861812014535,-0.03414021846811209,0.0234375,-0.1328125,9.8046875
363,963000000,imu2_frame,-0.014766467979863076,0.002537026005879544,-0.19309256337061254,0.9810661429757992,0.013598208509458542,0.019976861812014534,-0.08687459346811209,0.0234375,-0.1328125,9.8046875
363,989000000,imu2_frame,-0.014543476796032642,0.0027475969835301993,-0.19419345229701854,0.9808515897313237,0.013462226424363956,0.01977709319389439,-0.08600584753343098,-0.015625,-0.28515625,9.80859375
364,13000000,imu2_frame,-0.01449674468528407,0.0026238222329439996,-0.1947673181866088,0.9807388295141658,0.005649726424363956,-0.00951978180610561,-0.048896472533430976,-0.015625,-0.28515625,9.80859375
364,38000000,imu2_frame,-0.014435756878260554,0.002560375640205555,-0.1958209355029074,0.980530068186947,0.005649726424363956,-0.0036604068061056104,-0.08600584753343098,-0.015625,-0.28515625,9.80859375
364,63000000,imu2_frame,-0.014408218230660203,0.0025436972961342015,-0.1968631080015673,0.9803218091828043,0.005593229160120316,-0.0036238027380445545,-0.08514578905809667,-0.08984375,-0.36328125,9.765625
364,88000000,imu2_frame,-0.01434527189084685,0.0025022872301071644,-0.19789501813216054,0.9801150511707631,0.005537296868519113,-0.003587564710664109,-0.0842943311675157,-0.0546875,-0.28515625,9.80859375
364,113000000,imu2_frame,-0.014247032490503242,0.0021535753636790327,-0.19758244237283482,0.9801803725051594,0.013349796868519113,-0.02897818971066411,0.025080668832484304,-0.0546875,-0.28515625,9.80859375
364,138000000,imu2_frame,-0.013783080454768082,0.0017959867967138196,-0.19643357256252128,0.9804186109488783,0.042646671868519115,-0.02507193971066411,0.0934400438324843,-0.0546875,-0.28515625,9.80859375
364,164000000,imu2_frame,-0.013245733383543436,0.001356482190028239,-0.19525140413845238,0.9806628369042865,0.04222020514983392,-0.024821220313557466,0.09250564339415945,0.0625,-0.1328125,9.80859375
364,189000000,imu2_frame,-0.013354701620630977,0.0016397962490356348,-0.1950310898913623,0.980704765456288,-0.018326669850166077,0.022053779686442534,0.01828689339415946,0.0625,-0.1328125,9.80859375
364,214000000,imu2_frame,-0.013496102216808609,0.0019443865152636674,-0.19481257198706647,0.9807457042382683,-0.018143403151664416,0.021833241889578105,0.018104024460217867,0.0234375,-0.2109375,9.8046875
364,238000000,imu2_frame,-0.013443043725024653,0.0018604598204024284,-0.19494363276637255,0.980720553118223,0.003340971848335583,-0.005510508110421893,-0.011192850539782135,0.0234375,-0.2109375,9.8046875
364,263000000,imu2_frame,-0.013385776914455912,0.0017946065089702865,-0.1950785098982832,0.9806946391919047,0.003307562129852227,-0.005455403029317674,-0.011080922034384313,-0.015625,-0.2109375,9.80859375
364,289000000,imu2_frame,-0.013464882286799594,0.0017340755884019507,-0.1952171529400803,0.9806660762587975,0.003274486508553705,-0.0054008489990244974,-0.01097011281404047,0.0234375,-0.4765625,9.8046875
364,313000000,imu2_frame,-0.013639482991538372,0.0016996770929554395,-0.1953434447646794,0.9806385746996555,0.003241741643468168,-0.0053468405090342525,-0.010860411685900065,0.0234375,-0.66796875,9.84765625
364,339000000,imu2_frame,-0.014193150327507852,0.002172603841999625,-0.19727813647058892,0.9802424042791753,-0.03386763335653183,0.02980940949096575,-0.15148541168590007,0.0234375,-0.66796875,9.84765625
364,364000000,imu2_frame,-0.014522660837619543,0.0026378747410480963,-0.1991189760945296,0.9798641575739528,-0.033528957022966516,0.02951131539605609,-0.14997055756904107,-0.08984375,-0.28515625,9.84765625
364,389000000,imu2_frame,-0.01497753535673242,0.0030425696425566474,-0.2009414570498897,0.979484020820797,-0.03319366745273685,0.029216202242095528,-0.14847085199335064,0.0625,-0.515625,9.765625
364,414000000,imu2_frame,-0.015328020327498844,0.002965529721247921,-0.20839610614706397,0.977919894658583,-0.017568667452736848,-8.067275790447069e-05,-0.6094083519933506,0.0625,-0.515625,9.765625
364,438000000,imu2_frame,-0.015501199081176033,0.0026621389660801873,-0.21295159800880525,0.9769361508044767,9.457547263151233e-06,-0.019611922757904472,-0.38870522699335064,0.0625,-0.515625,9.765625
364,463000000,imu2_frame,-0.015407597792017613,0.002290260767858068,-0.21769304073436752,0.9758929760233545,9.457547263151233e-06,-0.019611922757904472,-0.38870522699335064,0.0625,0.01953125,9.7265625
364,488000000,imu2_frame,-0.015392039698389114,0.0020202460338351754,-0.22242775007696727,0.9748255739954632,9.457547263151233e-06,-0.019611922757904472,-0.38870522699335064,-0.08984375,-0.171875,9.84375
364,514000000,imu2_frame,-0.015253177013494972,0.0020336591715161075,-0.21534120386864983,0.9764176210709072,0.0058688325472631515,-0.00984629775790447,0.5585603980066494,-0.08984375,-0.171875,9.84375
364,539000000,imu2_frame,-0.015710026916429354,0.0025031020956968898,-0.20828117237680857,0.9779396110024002,-0.04881866745273685,0.01554432724209553,0.5780916480066494,-0.08984375,-0.171875,9.84375
364,563000000,imu2_frame,-0.01611349803265879,0.0028852041170803395,-0.2014942457042448,0.979352898462261,-0.04881866745273685,0.01554432724209553,0.5780916480066494,0.0234375,-0.09375,9.765625
364,589000000,imu2_frame,-0.015939532290474845,0.0026570076876206703,-0.20171640738876442,0.979310656845252,0.00782195754726315,-0.01375254775790447,-0.017611476993350653,0.0234375,-0.09375,9.765625
364,613000000,imu2_frame,-0.015906181457666972,0.0024757607067166835,-0.20191890539227447,0.9792699421740384,0.00774373797179052,-0.013615022280325425,-0.017435362223417145,0.0234375,-0.36328125,9.84765625
364,638000000,imu2_frame,-0.01620959699278522,0.0030276244075907615,-0.2049839778632197,0.9786264104729389,-0.03131876202820948,0.04302560271967457,-0.24985723722341716,0.0234375,-0.36328125,9.84765625
364,663000000,imu2_frame,-0.01639895188302261,0.003630199801853972,-0.20804611555229324,0.9779748002019985,-0.03131876202820948,0.04302560271967457,-0.24985723722341716,-0.12890625,-0.171875,9.80859375
364,688000000,imu2_frame,-0.01666732876184612,0.004124627308486967,-0.21110791711487495,0.9773119435128836,-0.03131876202820948,0.04302560271967457,-0.24985723722341716,0.1015625,-0.28515625,9.80859375
364,714000000,imu2_frame,-0.01700256064498073,0.0047309922369931255,-0.21428837777780838,0.9766109879544272,-0.03131876202820948,0.04302560271967457,-0.24985723722341716,-0.0546875,-0.4375,9.80859375
364,739000000,imu2_frame,-0.01673947297401495,0.0050317891142976435,-0.2160576540746976,0.9762241347449877,0.01946248797179052,0.029353727719674573,-0.14438848722341716,-0.0546875,-0.4375,9.80859375
364,764000000,imu2_frame,-0.01656271053719767,0.005324762625695895,-0.2178087559209989,0.9758363947746507,0.019267863092072613,0.02906019044247783,-0.14294460235118298,-0.015625,-0.59375,9.84375
364,788000000,imu2_frame,-0.01617499393594411,0.005550550432108943,-0.2194728862594507,0.975468714597254,0.01907518446115189,0.02876958853805305,-0.14151515632767114,-0.015625,-0.1328125,9.76953125
364,813000000,imu2_frame,-0.01640148440761907,0.0061987834822619,-0.2197294240812266,0.9754032738234475,-0.03756544053884811,0.04830083853805305,-0.020421406327671147,-0.015625,-0.1328125,9.76953125
364,838000000,imu2_frame,-0.016285110636426733,0.0063709326922445604,-0.219791663038903,0.9753900918334079,-0.0024091905388481114,0.01705083853805305,-0.004796406327671147,-0.015625,-0.1328125,9.76953125
364,863000000,imu2_frame,-0.01628876710022992,0.006545582071588369,-0.21985349354841874,0.9753749395982316,-0.0023850986334596307,0.01688033015267252,-0.0047484422643944355,0.0234375,-0.36328125,9.8046875
364,889000000,imu2_frame,-0.016353830734090292,0.006797620879633848,-0.21991608432662613,0.9753580165381027,-0.002361247647125034,0.016711526851145794,-0.004700957841750491,-0.08984375,-0.515625,9.84375
364,913000000,imu2_frame,-0.01658239038092833,0.007166984429004946,-0.22104880528360848,0.9750954232002826,-0.017986247647125034,0.026477151851145794,-0.0964978328417505,-0.08984375,-0.515625,9.84375
364,938000000,imu2_frame,-0.016476604262583325,0.007448456768477175,-0.2222171584637401,0.974829511498315,-0.017806385170653784,0.026212380332634337,-0.09553285451333299,-0.0546875,0.171875,9.8046875
364,963000000,imu2_frame,-0.016596772202874473,0.0077756269166860655,-0.22337336126982232,0.9745606334413062,-0.017628321318947246,0.025950256529307995,-0.09457752596819965,-0.0546875,-0.28515625,9.84375
364,988000000,imu2_frame,-0.017455114343352954,0.007783928345869398,-0.22394498569434626,0.9744143742911052,-0.07036269631894725,-0.013112243470692007,-0.047702525968199655,-0.0546875,-0.28515625,9.84375
365,13000000,imu2_frame,-0.018300369906856212,0.007772652036327126,-0.22451105219977233,0.9742686845946275,-0.06965906935575777,-0.012981121035985086,-0.047225500708517665,-0.015625,-0.28515625,9.84375
365,39000000,imu2_frame,-0.01844913943218133,0.008192457480026233,-0.22367980739513937,0.9744536195521689,-0.022784069355757774,0.029987628964014912,0.06605574929148234,-0.015625,-0.28515625,9.84375
365,63000000,imu2_frame,-0.018523812462870094,0.008555677865103428,-0.22292012172792408,0.9746231518268569,-0.022556228662200195,0.029687752674374762,0.06539519179856751,-0.015625,-0.171875,9.84765625
365,88000000,imu2_frame,-0.01872253947044816,0.008934980487599454,-0.22213691773333533,0.9747947591259388,-0.022330666375578193,0.029390875147631015,0.06474123988058184,0.0234375,-0.40234375,9.8046875
365,113000000,imu2_frame,-0.018775019104186812,0.009314595810236763,-0.2213605973110222,0.9749667804190237,-0.022107359711822414,0.029096966396154705,0.06409382748177603,-0.0546875,-0.1328125,9.76953125
365,138000000,imu2_frame,-0.01826248643355631,0.008390513260170915,-0.2220703466071408,0.9748234927587043,0.046252015288177586,-0.06074678360384529,-0.05895304751822397,-0.0546875,-0.1328125,9.76953125
365,163000000,imu2_frame,-0.01797126492238808,0.007512517756216131,-0.22277284141002643,0.974675770112377,0.045789495135295816,-0.060139315767806845,-0.05836351704304174,-0.015625,-0.5546875,9.84765625
365,188000000,imu2_frame,-0.017835708087976368,0.006706760559365021,-0.2234670480369909,0.9745252102031189,0.045331600183942854,-0.059537922610128774,-0.05777988187261132,-0.0546875,-0.859375,9.765625
365,213000000,imu2_frame,-0.017268003685904917,0.005816982447579424,-0.2241545988807501,0.9743832380354858,0.04487828418210343,-0.05894254338402748,-0.0572020830538852,-0.0546875,0.01953125,9.84375
365,238000000,imu2_frame,-0.017384361403091263,0.006196011725780804,-0.22549761636589707,0.9740688981948862,-0.03129359081789657,0.028948081615972517,-0.1099364580538852,-0.0546875,0.01953125,9.84375
365,263000000,imu2_frame,-0.01776827200619241,0.006610408563486943,-0.2268265458914476,0.9737506400960633,-0.03098065490971761,0.028658600799812792,-0.10883709347334636,-0.015625,-0.515625,9.73046875
365,289000000,imu2_frame,-0.01799100473275419,0.007053282511624473,-0.2281935730087602,0.9734239919952727,-0.030670848360620433,0.028372014791814663,-0.1077487225386129,-0.12890625,-0.2109375,9.8046875
365,314000000,imu2_frame,-0.017785810627214276,0.006684051037197479,-0.22823950278263802,0.9734196000551865,0.016204151639379567,-0.028268610208185337,-0.004233097538612892,-0.12890625,-0.2109375,9.8046875
365,338000000,imu2_frame,-0.017493377585743094,0.00631547247246824,-0.2282833047498923,0.9734170890838931,0.016042110122985773,-0.027985924106103486,-0.004190766563226762,-0.12890625,-0.01953125,9.8046875
365,364000000,imu2_frame,-0.017351065106306858,0.0059396182397778675,-0.22833032930712055,0.9734109729160363,0.015881689021755914,-0.02770606486504245,-0.004148858897594494,-0.08984375,-0.32421875,9.84375
365,388000000,imu2_frame,-0.016340978616964118,0.005290664752350729,-0.22995168056634813,0.9730504642047249,0.09400668902175592,-0.03356543986504245,-0.1389144838975945,-0.08984375,-0.32421875,9.84375
365,413000000,imu2_frame,-0.01541863744711393,0.0045941945294359285,-0.2316233097550234,0.9726725046869726,0.09306662213153835,-0.03322978546639203,-0.13752533905861855,0.0234375,-0.515625,9.80859375
365,438000000,imu2_frame,-0.01557925501778374,0.0048175580164981245,-0.23263333825713967,0.9724277905732578,-0.008495877868461645,0.017551464533607977,-0.08283783905861855,0.0234375,-0.515625,9.80859375
365,464000000,imu2_frame,-0.015673872741024535,0.005070299458940648,-0.23367256509561843,0.9721757835383109,-0.008410919089777029,0.017375949888271895,-0.08200946066803236,-0.0546875,-0.40234375,9.84375
365,488000000,imu2_frame,-0.015619917938037917,0.005225870768199448,-0.23462306257222337,0.9719468745500207,-0.008326809898879258,0.017202190389389176,-0.08118936606135203,0.0234375,-0.09375,9.765625
365,513000000,imu2_frame,-0.015577633725090363,0.0054297321923563475,-0.23560228997567897,0.9717095328821583,-0.008243541799890466,0.017030168485495285,-0.08037747240073852,-0.0546875,-0.1328125,9.84375
365,538000000,imu2_frame,-0.014607626395425463,0.0051465675401230135,-0.23579974576420273,0.9716782440659995,0.07378770820010953,-0.004454206514504715,-0.015924347400738517,-0.0546875,-0.1328125,9.84375
365,563000000,imu2_frame,-0.013604806288392191,0.004836122841410673,-0.23599538431224545,0.9716469007540928,0.07304983111810844,-0.004409664449359668,-0.015765103926731132,-0.015625,-0.01953125,9.84375
365,589000000,imu2_frame,-0.012627690440936933,0.004510465934382955,-0.23619669707427138,0.9716127404590718,0.07231933280692736,-0.004365567804866072,-0.015607452887463822,0.0234375,-0.09375,9.84765625
365,614000000,imu2_frame,-0.011748101024030334,0.004271918461225132,-0.23638723415514493,0.9715785137411543,0.07159613947885808,-0.004321912126817411,-0.015451378358589184,-0.08984375,-0.2109375,9.765625
365,638000000,imu2_frame,-0.011899055071656506,0.004006898479535748,-0.2360388544549844,0.9716625013041077,-0.008481985521141919,-0.02775941212681741,0.029470496641410816,-0.08984375,-0.2109375,9.765625
365,663000000,imu2_frame,-0.012153259930229185,0.003740886061143569,-0.2356795186384573,0.9717476362404444,-0.0083971656659305,-0.027481818005549236,0.029175791674996707,-0.0546875,-0.40234375,9.76953125
365,689000000,imu2_frame,-0.012404524996793911,0.003485289699940667,-0.2353091825029667,0.971835155335048,-0.008313194009271194,-0.027206999825493745,0.02888403375824674,-0.08984375,-0.40234375,9.84765625
365,714000000,imu2_frame,-0.012565475983050793,0.0033722302842218526,-0.23507357981407045,0.9718905025514075,-0.004406944009271194,-0.015488249825493745,0.01911840875824674,-0.08984375,-0.40234375,9.84765625
365,739000000,imu2_frame,-0.012982495000868958,0.0034300478708768948,-0.2360958988606536,0.9716369775468284,-0.027844444009271194,-0.0057226248254937445,-0.08439721624175325,-0.08984375,-0.40234375,9.84765625
365,764000000,imu2_frame,-0.013311064266854649,0.003408576130152501,-0.23710872343095954,0.9713859430987198,-0.027565999569178483,-0.005665398577238807,-0.08355324407933573,0.0234375,-0.2109375,9.84765625
365,788000000,imu2_frame,-0.013574197463223263,0.003976511137593419,-0.23949954728871406,0.9707934359949614,-0.03537849956917848,0.04511585142276119,-0.20464699407933573,0.0234375,-0.2109375,9.84765625
365,813000000,imu2_frame,-0.01387886921547712,0.004671770679926339,-0.2419868471673018,0.9701690148350662,-0.03537849956917848,0.04511585142276119,-0.20464699407933573,-0.16796875,-0.32421875,9.84375
365,838000000,imu2_frame,-0.013797480052769491,0.004685368098156653,-0.24162500582256516,0.9702602915873779,0.007590250430821517,-0.003712273577238807,0.029728005920664272,-0.16796875,-0.32421875,9.84375
365,863000000,imu2_frame,-0.013633456368810193,0.004637984012283665,-0.24126753977260904,0.9703517878706743,0.007514347926513302,-0.003675150841466419,0.02943072586145763,-0.08984375,-0.1328125,9.765625
365,889000000,imu2_frame,-0.013482976205638948,0.0046130427895406225,-0.2408991450215371,0.9704455322771869,0.007439204447248169,-0.0036383993330517546,0.029136418602843054,-0.12890625,-0.171875,9.80859375
365,913000000,imu2_frame,-0.01324107728467343,0.0045094799181314,-0.24056347780407894,0.9705326123371721,0.007364812402775688,-0.0036020153397212373,0.028845054416814623,-0.015625,0.05859375,9.80859375
365,939000000,imu2_frame,-0.012827961317312325,0.004759874898041779,-0.23946569554374758,0.9708084093461211,0.013224187402775688,0.025694859660278763,0.08743880441681462,-0.015625,0.05859375,9.80859375
365,963000000,imu2_frame,-0.012392851688805757,0.005009470991606041,-0.23846167834936055,0.9710599108120002,0.013091945528747932,0.025437911063675975,0.08656441637264647,-0.08984375,0.13671875,9.80859375
365,988000000,imu2_frame,-0.012167596034789376,0.005298250481259834,-0.2374259246713974,0.9713149893018763,0.012961026073460452,0.025183531953039216,0.08569877220892001,-0.0546875,-0.28515625,9.84375
366,13000000,imu2_frame,-0.011824426235936011,0.005590454292858789,-0.23639984700336258,0.9715678268148741,0.012831415812725847,0.02493169663350882,0.08484178448683082,-0.12890625,-0.0546875,9.80859375
366,38000000,imu2_frame,-0.01176433406759434,0.005750878029082098,-0.23520369725129878,0.9718578850043663,-0.006699834187274153,0.009306696633508823,0.09851365948683082,-0.12890625,-0.0546875,9.80859375
366,64000000,imu2_frame,-0.011773216571058112,0.005891068604436317,-0.23397225887866596,0.9721541383738915,-0.006632835845401412,0.009213629667173736,0.09752852289196251,-0.0546875,-0.171875,9.8046875
366,88000000,imu2_frame,-0.011905351750633598,0.006065697840296784,-0.2328463559230158,0.9724217420660526,-0.006566507486947398,0.009121493370501998,0.09655323766304288,-0.08984375,-0.4375,9.8046875
366,113000000,imu2_frame,-0.012338415322454622,0.006250819105223769,-0.2328343146736704,0.9724180544798038,-0.0300040074869474,0.005215243370501998,0.0008501126630428776,-0.08984375,-0.4375,9.8046875
366,139000000,imu2_frame,-0.012630585838922948,0.006384942904593398,-0.23282214330226253,0.9724163462188465,-0.029703967412077925,0.005163090936796977,0.0008416115364124482,-0.0546875,-0.1328125,9.80859375
366,163000000,imu2_frame,-0.012855070858623825,0.006475851297276517,-0.23281129905117717,0.9724153996812775,-0.029406927737957146,0.005111460027429008,0.0008331954210483231,-0.015625,-0.0546875,9.8046875
366,188000000,imu2_frame,-0.012883812077163695,0.006410565057212008,-0.23363114466130103,0.9722188026808872,-0.009875677737957144,-0.002701039972570992,-0.06752617957895168,-0.015625,-0.0546875,9.8046875
366,213000000,imu2_frame,-0.013167756572424225,0.006367235610683027,-0.2344431517075296,0.972019792553098,-0.009776920960577574,-0.002674029572845282,-0.06685091778316216,0.0625,-0.5546875,9.8046875
366,238000000,imu2_frame,-0.013301342835480663,0.006214297133878979,-0.23525505583283238,0.9718227798806715,0.003894954039422427,-0.008533404572845283,-0.06685091778316216,0.0625,-0.5546875,9.8046875
366,264000000,imu2_frame,-0.013201264180399191,0.006103342139584019,-0.23608944308304824,0.9716224836342059,0.003856004499028203,-0.00844807052711683,-0.06618240860533053,-0.12890625,-0.1328125,9.8046875
366,289000000,imu2_frame,-0.013045874355795416,0.005905867142073457,-0.23688471381764997,0.9714322201034528,0.003817444454037921,-0.00836358982184566,-0.06552058451927723,0.0234375,0.01953125,9.765625
366,313000000,imu2_frame,-0.01316630442959558,0.0058243693962328116,-0.23763959779790986,0.9712466971409742,0.003779270009497542,-0.008279953923627204,-0.06486537867408446,-0.0546875,-0.5546875,9.84765625
366,338000000,imu2_frame,-0.012987339123716303,0.005403187268579245,-0.23598131707006353,0.9716557788557142,0.03307614500949754,-0.0317174539236272,0.13630649632591554,-0.0546875,-0.5546875,9.84765625
366,364000000,imu2_frame,-0.012664531525722025,0.004958165486189837,-0.2342729858926716,0.9720757142924504,0.03274538355940257,-0.03140027938439093,0.13494343136265638,-0.08984375,-0.28515625,9.8046875
366,389000000,imu2_frame,-0.012345315600397196,0.004517864028604174,-0.23264626064444197,0.9724725700478671,0.03241792972380854,-0.031086276590547024,0.13359399704902983,-0.0546875,-0.24609375,9.80859375
366,414000000,imu2_frame,-0.01188581556575008,0.00403098175920316,-0.23103557871250405,0.9728643481716104,0.03209375042657046,-0.030775413824641554,0.13225805707853952,-0.015625,0.05859375,9.76953125
366,438000000,imu2_frame,-0.011597470619488433,0.003727380519547494,-0.23092641920581752,0.972894955389569,0.016468750426570457,-0.019056663824641554,0.009211182078539527,-0.015625,0.05859375,9.76953125
366,463000000,imu2_frame,-0.011825404896592824,0.003739554830150391,-0.2306702693143611,0.9729529291713676,-0.030406249573429543,-0.0034316638246415527,0.020929932078539527,-0.015625,0.05859375,9.76953125
366,489000000,imu2_frame,-0.01217662077084933,0.0037800834534101693,-0.23040626783663648,0.9730109930608597,-0.03010218707769525,-0.0033973471863951374,0.020720632757754133,-0.015625,-0.171875,9.8046875
366,513000000,imu2_frame,-0.01184484508258214,0.003540537135596693,-0.23036899588765133,0.973024814676109,0.02849156292230475,-0.013162972186395137,0.003142507757754133,-0.015625,-0.171875,9.8046875
366,539000000,imu2_frame,-0.011960975565218595,0.003703661973676585,-0.2304537664698051,0.9730027129825455,-0.014477187077695249,0.010274527813604863,-0.006623117242245867,-0.015625,-0.171875,9.8046875
366,564000000,imu2_frame,-0.012055022436808758,0.003613009876721323,-0.23195792165510082,0.9726444083914351,-0.008617812077695249,-0.007303597186395137,-0.12381061724224587,-0.015625,-0.171875,9.8046875
366,588000000,imu2_frame,-0.011994221503788493,0.003646872053218734,-0.2324462958296598,0.9725284358463848,0.0011478129223047515,0.004415152813604863,-0.04177936724224587,-0.015625,-0.171875,9.8046875
366,614000000,imu2_frame,-0.012022426052037958,0.003725544384224187,-0.23296955267038244,0.9724025756441755,0.0011363347930817037,0.004371001285468814,-0.04136157356982341,-0.0546875,-0.36328125,9.80859375
366,638000000,imu2_frame,-0.011792373797045619,0.003205987026862944,-0.23766172212847417,0.9712711091154427,0.0343394597930817,-0.034691498714531185,-0.4026896985698234,-0.0546875,-0.36328125,9.80859375
366,663000000,imu2_frame,-0.012181840470586978,0.003350095368971881,-0.24219171932399647,0.9701461491521031,-0.028160540206918296,0.006324126285468814,-0.3733928235698234,-0.0546875,-0.36328125,9.80859375
366,689000000,imu2_frame,-0.012824783090665332,0.0035595579040077372,-0.24689652178719854,0.9689504435292802,-0.028160540206918296,0.006324126285468814,-0.3733928235698234,-0.0546875,-0.86328125,9.84375
366,713000000,imu2_frame,-0.013042902992850689,0.00363721287843744,-0.2512356157159525,0.9678312449801475,-0.028160540206918296,0.006324126285468814,-0.3733928235698234,-0.015625,-0.0546875,9.765625
366,738000000,imu2_frame,-0.013098817460297061,0.003804737732094805,-0.2518319820785873,0.9676748409224568,-0.016441790206918296,0.012183501285468815,-0.04917407356982341,-0.015625,-0.0546875,9.765625
366,764000000,imu2_frame,-0.013235850868296232,0.003996302172921029,-0.25244563968906564,0.9675122949206968,-0.016277372304849113,0.012061666272614126,-0.04868233283412518,-0.015625,-0.2109375,9.80859375
366,788000000,imu2_frame,-0.013326746446581179,0.004141834664734204,-0.2530123964628874,0.967362377948856,-0.016277372304849113,0.012061666272614126,-0.04868233283412518,0.0234375,-0.1328125,9.59765625
366,813000000,imu2_frame,-0.013400572395870374,0.00476537059997485,-0.2550960914898203,0.9668110984101937,-0.024089872304849113,0.051124166272614124,-0.17172920783412518,0.0234375,-0.1328125,9.59765625
366,838000000,imu2_frame,-0.013234944700134418,0.004105134154060134,-0.25650446288646467,0.9664437100171369,0.020832002695150887,-0.044578958727385876,-0.11704170783412518,0.0234375,-0.1328125,9.59765625
366,864000000,imu2_frame,-0.013140008908148242,0.004323871023512904,-0.2566536023293533,0.9664044560724211,-0.0026054973048491134,0.019874166272614124,-0.011572957834125177,0.0234375,-0.1328125,9.59765625
366,888000000,imu2_frame,-0.013175654535521525,0.00457317540537083,-0.2567892891453582,0.9663667777684072,-0.0025794423318006225,0.019675424609887984,-0.011457228255783925,-0.015625,-0.40234375,9.76953125
366,913000000,imu2_frame,-0.013383481189808227,0.004366471560560474,-0.25756084929668416,0.9661595237158943,-0.006485692331800623,-0.019387075390112016,-0.06419160325578392,-0.015625,-0.40234375,9.76953125
366,939000000,imu2_frame,-0.0135919292057883,0.004154919413023454,-0.2583549967680421,0.9659454910863869,-0.006420835408482616,-0.019193204636210895,-0.06354968722322608,-0.015625,-0.40234375,9.84375
366,963000000,imu2_frame,-0.013695679076280321,0.003944451287838985,-0.2587033821902758,0.9658516603091748,0.0013916645915173836,-0.019193204636210895,-0.030346562223226087,-0.015625,-0.40234375,9.84375
366,988000000,imu2_frame,-0.013691338171348972,0.0037586966885208408,-0.25831267704363503,0.9659570282040667,0.009204164591517384,-0.015286954636210895,0.032153437776773916,-0.015625,-0.40234375,9.84375
367,13000000,imu2_frame,-0.013584495784419654,0.003588459855373947,-0.25792562478948344,0.9660626048590765,0.00911212294560221,-0.015134085089848787,0.03183190339900617,-0.08984375,-0.2109375,9.8046875
367,39000000,imu2_frame,-0.012780420420583631,0.0030947432492590223,-0.25759754050166794,0.9661628178239867,0.06770587294560221,-0.024899710089848787,0.025972528399006174,-0.08984375,-0.2109375,9.8046875
367,63000000,imu2_frame,-0.0130893664438527,0.003223125899597006,-0.25835903967689,0.9659549091768047,-0.029950377054397792,0.0004909149101512138,-0.06582434660099383,-0.08984375,-0.2109375,9.8046875
367,88000000,imu2_frame,-0.013517415566023388,0.0033829288152275264,-0.2591436905194893,0.96573825798349,-0.029650873283853813,0.00048600576104970163,-0.06516610313498389,-0.08984375,-0.4375,9.8046875
367,113000000,imu2_frame,-0.013826526164501465,0.003510665438801375,-0.25992070084119884,0.9655245888513764,-0.029354364551015276,0.0004811457034392046,-0.06451444210363405,-0.08984375,-0.2109375,9.765625
367,138000000,imu2_frame,-0.013717205654798156,0.003229477796071782,-0.25873827059858917,0.9658446645656018,0.011661260448984726,-0.024909479296560795,0.09759493289636595,-0.08984375,-0.2109375,9.765625
367,163000000,imu2_frame,-0.01380369621427468,0.0035246829161771492,-0.2611927660081064,0.9651815236349063,-0.015682489551015276,0.020012395703439205,-0.20318631710363405,-0.08984375,-0.2109375,9.765625
367,189000000,imu2_frame,-0.013911742431541316,0.003832213588262487,-0.26374358321658775,0.9644848883593808,-0.015682489551015276,0.020012395703439205,-0.20318631710363405,-0.08984375,-0.24609375,9.765625
367,214000000,imu2_frame,-0.013423171100637513,0.003719579080858773,-0.26423978580908414,0.9643564272636097,0.039005010448984724,-0.0014719792965607954,-0.04107694210363405,-0.08984375,-0.24609375,9.765625
367,239000000,imu2_frame,-0.012998977475144757,0.003482397029483777,-0.26416879022111733,0.9643825743804381,0.037051885448984724,-0.013190729296560795,0.005798057896365949,-0.08984375,-0.24609375,9.765625
367,263000000,imu2_frame,-0.013236682479735244,0.0039014603071856548,-0.2650983231234193,0.9641226311634602,-0.029354364551015276,0.025871770703439205,-0.08013944210363405,-0.08984375,-0.24609375,9.765625
367,289000000,imu2_frame,-0.013430767454097766,0.004267095347967991,-0.2660960170231221,0.9638435122504668,-0.02906082090550512,0.025613052996404814,-0.07933804768259771,0.0234375,-0.09375,9.8046875
367,314000000,imu2_frame,-0.013809271524697847,0.004171588811990647,-0.26671880134895026,0.9636664271799242,-0.03492019590550512,-0.013449447003595188,-0.05199429768259771,0.0234375,-0.09375,9.8046875
367,339000000,imu2_frame,-0.014126489474843911,0.004143868708798996,-0.2673404629888589,0.9634896717122318,-0.03492019590550512,-0.013449447003595188,-0.05199429768259771,-0.12890625,-0.01953125,9.515625
367,363000000,imu2_frame,-0.013613196678253949,0.0042557834956338,-0.2663866152260316,0.9637607277802182,0.02757980409449488,0.013894302996404812,0.08277132731740229,-0.12890625,-0.01953125,9.515625
367,388000000,imu2_frame,-0.013507623431817216,0.004480766879470672,-0.2654013510977996,0.9640329816312607,0.02730400605354993,0.013755359966440764,0.08194361404422827,-0.12890625,-0.86328125,9.8046875
368,713000000,imu2_frame,0.005902521439185786,0.009202878348421088,-0.21344602587875888,0.9768936796332179,0.02703096599301443,0.013617806366776357,0.08112417790378598,-0.12890625,-0.86328125,9.8046875
368,739000000,imu2_frame,0.005373320035916295,0.00925308046147846,-0.21311498747067278,0.9769685307363488,-0.00421903400698557,-0.0020071936332236432,0.026436677903785986,-0.12890625,-0.86328125,9.8046875
368,763000000,imu2_frame,0.004858835628784284,0.009326718685787381,-0.21283530590688124,0.9770314921200919,-0.004176843666915714,-5.352794689140682e-05,0.024238717374748125,-0.12890625,-0.86328125,9.8046875
368,788000000,imu2_frame,0.004646267574484382,0.0092961789307088,-0.21254331356528874,0.9770963786206568,-0.004135075230246556,-5.299266742249275e-05,0.023996330201000643,-0.0546875,-0.24609375,9.80859375
368,814000000,imu2_frame,0.004434163510613531,0.009266336969326204,-0.2122671505411253,0.9771576791870816,-0.004093724477944091,-5.2462740748267826e-05,0.021822773148990636,-0.0546875,-0.24609375,9.80859375
368,839000000,imu2_frame,0.004245254275981991,0.009207681630813837,-0.2119573893598601,0.9772263102837901,-0.0021191934831646503,-0.001985531863340785,0.02547173291750073,-0.0546875,-0.24609375,9.80859375
368,864000000,imu2_frame,0.0040397338769804616,0.009178487284493964,-0.21169760886215105,0.9772837655069379,-0.004031595298333004,-3.208279470737729e-05,0.021349828088325723,-0.0546875,-0.24609375,9.80859375
368,888000000,imu2_frame,0.0038598040757986726,0.009162889938273478,-0.21145056966618217,0.9773381195616605,-0.003991279345349674,-3.176196676030352e-05,0.021136329807442466,-0.08984375,-0.2109375,9.8046875
368,914000000,imu2_frame,0.003722056900158916,0.009113141707519038,-0.21116148184977676,0.9774016193580084,-8.417905189617679e-05,-0.0019650380970927003,0.02285856025936804,-0.08984375,-0.2109375,9.8046875
368,938000000,imu2_frame,0.0035958906550521905,0.009110923995640084,-0.21087452284794989,0.9774640639164144,-8.333726137721518e-05,0.0019217997838782265,0.02456356840677436,-0.08984375,-0.2109375,9.8046875
368,963000000,imu2_frame,0.0034425101843016284,0.009091153549294044,-0.21060201656030272,0.9775235499319227,-0.002016097638763443,-3.101196396055574e-05,0.022384338972706617,-0.08984375,-0.2109375,9.8046875
368,988000000,imu2_frame,0.003314463616862666,0.00906642652501421,-0.21030880743239705,0.9775873463570209,-6.234291237580854e-05,-3.070184432095018e-05,0.02409408933297955,-0.08984375,-0.2109375,9.8046875
369,13000000,imu2_frame,0.0031839224658941176,0.00902442544896817,-0.21001851987088593,0.9776505734127554,-6.171948325205037e-05,-3.0394825877740677e-05,0.023853148439649755,-0.0546875,-0.2109375,9.80859375
369,39000000,imu2_frame,0.0030056082641114795,0.008993434251824198,-0.20976826430879536,0.977705149699129,-0.00392828978841953,-3.0090877618963272e-05,0.01974742945525326,-0.0546875,-0.2109375,9.80859375
369,64000000,imu2_frame,0.0028597389027857504,0.008980681621428283,-0.20953021705224317,0.9777567475569077,-0.0019554131405353347,0.0019038037811572263,0.019549955160700728,-0.0546875,-0.2109375,9.80859375
369,89000000,imu2_frame,0.0027386861165682075,0.00898113888227208,-0.20929433415065582,0.9778076091108956,-0.0019358590091299813,0.0018847657433456542,0.01935445560909372,-0.08984375,-0.171875,9.80859375
369,114000000,imu2_frame,0.0025953777172621133,0.008968169487214753,-0.2090610101612863,0.9778580316083189,-0.0019165004190386816,0.0018659180859121975,0.019160911053002782,-0.0546875,-0.2109375,9.76953125
369,139000000,imu2_frame,0.002430884776475721,0.008959875048383291,-0.20875888295895423,0.9779230747988569,-0.003830929164848295,0.0018472589050530755,0.024770083192472755,-0.0546875,-0.2109375,9.76953125
369,164000000,imu2_frame,0.002282446182960866,0.00889937813392528,-0.20838917331583878,0.9780028343276888,-0.0018590261231998118,-0.0020384011839974553,0.030323163610548026,-0.0546875,-0.2109375,9.76953125
369,188000000,imu2_frame,0.0021565017299007777,0.008836198805911672,-0.20803762500880943,0.9780785334888223,-0.0018404358619678138,-0.0020180171721574805,0.030019931974442544,-0.0546875,-0.171875,9.8046875
369,213000000,imu2_frame,0.0020300066681166844,0.008773310090011229,-0.20779322433921427,0.9781313224826741,-0.0018220315033481357,-0.001997837000435906,0.02005176390469812,-0.0546875,-0.171875,9.8046875
369,238000000,imu2_frame,0.0018717265183833653,0.0087366445150423,-0.2075515484668975,0.9781832764934449,-0.0018038111883146545,-0.0019778586304315467,0.019851246265651136,-0.08984375,-0.24609375,9.8046875
369,264000000,imu2_frame,0.0016953115965928362,0.00872922137065742,-0.2072777918071278,0.9782417102313792,-0.003719366826431508,-2.4486294127231284e-05,0.021586327552994625,-0.08984375,-0.24609375,9.8046875
369,289000000,imu2_frame,0.0015366274522690135,0.008700172802897987,-0.20701710090620218,0.9782974321246397,-0.003682173158167193,-2.424143118595897e-05,0.02137046427746468,-0.0546875,-0.2109375,9.80859375
369,313000000,imu2_frame,0.0013852775570564007,0.008688540965563284,-0.2067693256207615,0.9783501603435834,-0.003645351426585521,-2.3999016874099382e-05,0.02115675963469003,-0.08984375,-0.2109375,9.8046875
369,338000000,imu2_frame,0.0012992374205869756,0.008639070246773323,-0.20653806096998814,0.9783995645022302,0.0021918833376803346,-0.0019573527767053583,0.01901159828834313,-0.08984375,-0.2109375,9.8046875
369,364000000,imu2_frame,0.0011763180318750982,0.008648194814442562,-0.20629939670105485,0.9784499905069856,-0.001697222995696469,0.0019294082510616952,0.0188214823054597,-0.08984375,-0.2109375,9.8046875
369,388000000,imu2_frame,0.0010521696001140654,0.008637218231137087,-0.20608140185008994,0.9784961661712641,-0.0016802507657395042,0.0019101141685510783,0.018633267482405104,-0.0546875,-0.2109375,9.80859375
369,414000000,imu2_frame,0.0009107785575536039,0.008631932977546053,-0.2058476611688405,0.9785455536697352,-0.0016634482580821092,0.0018910130268655675,0.018446934807581052,-0.0546875,-0.24609375,9.80859375
369,439000000,imu2_frame,0.0007626240891227684,0.008578403825069093,-0.20550696553175601,0.9786177581212403,-0.001646813775501288,-0.001995084603403088,0.02793043420950524,-0.0546875,-0.24609375,9.80859375
369,463000000,imu2_frame,0.0005765806640367524,0.008558358752045699,-0.20520547260764954,0.9786813250808868,-0.005497533137746275,-4.154000736905732e-05,0.02571753611741019,-0.0546875,-0.24609375,9.80859375
369,488000000,imu2_frame,0.00039045158210383605,0.008538911893019353,-0.20489448729124496,0.9787467413018054,-0.005442557806368813,-4.112460729536675e-05,0.025460360756236085,-0.0546875,-0.24609375,9.80859375
369,513000000,imu2_frame,0.00022432023310633672,0.008515860831929947,-0.204586444126098,0.978811430600687,-0.005388132228305124,-4.071336122241308e-05,0.025205757148673725,-0.0546875,-0.2109375,9.80859375
369,538000000,imu2_frame,0.00010178982446919445,0.00845972101314375,-0.20435285145186305,0.9788607331294398,-0.001467063406022073,-0.001973899977610189,0.019152918327186987,-0.0546875,-0.2109375,9.80859375
369,563000000,imu2_frame,3.2406703947594085e-05,0.008417987586925758,-0.20412198674771687,0.978909265949075,0.0024147947280381476,-2.056722783408706e-05,0.018961389143915118,-0.0546875,-0.2109375,9.80859375
369,588000000,imu2_frame,-5.414721149461824e-05,0.00838038963926751,-0.20389355548304244,0.9789571922050816,0.0023906467807577663,-2.036155555574619e-05,0.018771775252475968,-0.0546875,-0.24609375,9.80859375
369,613000000,imu2_frame,-0.00015890889184460463,0.008371535022808501,-0.20369085863324152,0.9789994516130124,0.0004331465629501888,0.0019134358099998114,0.01665046374995121,-0.0546875,-0.24609375,9.80859375
369,639000000,imu2_frame,-0.0002253024120082471,0.008355740091132605,-0.20348182850290794,0.9790430410944484,0.0004288150973206868,0.001894301451899813,0.016483959112451697,-0.0546875,-0.171875,9.8046875
369,663000000,imu2_frame,-0.000319258592222377,0.008320324410348285,-0.2032906536388163,0.9790830304007729,-0.00150906680365252,-5.823531261918497e-05,0.01631911952132718,-0.0546875,-0.171875,9.8046875
369,688000000,imu2_frame,-0.00043225052726854384,0.008289383013954571,-0.20309361454174515,0.9791241407610676,-0.001493976135615995,-5.765295949299312e-05,0.016155928326113907,-0.0546875,-0.2109375,9.80859375
369,714000000,imu2_frame,-0.0005254841345182945,0.008254999553730307,-0.20289055352831184,0.9791664833611123,-0.001479036374259835,-5.7076429898063186e-05,0.015994369042852768,-0.0546875,-0.171875,9.765625
369,739000000,imu2_frame,-0.0005701211126357671,0.008211093363558264,-0.2026976724452595,0.979206774125346,0.0024029414894827634,-5.650566559908255e-05,0.015834425352424242,-0.0546875,-0.171875,9.765625
369,763000000,imu2_frame,-0.0006877935667202291,0.008159439086543183,-0.20249106469159706,0.9792498757793467,-0.0034218691754120643,-0.0019895343589430917,0.017609674848899998,-0.0546875,-0.171875,9.765625
369,788000000,imu2_frame,-0.0008247861210302758,0.008111667731080437,-0.2022780975973874,0.9792941804212139,-0.0033876504836579434,-0.0019696390153536606,0.017433578100410997,-0.0546875,-0.2109375,9.80859375
369,814000000,imu2_frame,-0.0009617361516580409,0.008063920788519884,-0.20205877694232335,0.9793397259917845,-0.0033537739788213642,-0.0019499426252001242,0.017259242319406887,-0.0546875,-0.2109375,9.80859375
369,838000000,imu2_frame,-0.0010832059098926027,0.008063089928054169,-0.2017448209288052,0.9794043294136356,-0.0033202362390331508,0.001936744301051877,0.02675461864621282,-0.0546875,-0.2109375,9.80859375
369,863000000,imu2_frame,-0.001185861351999519,0.00803496280720466,-0.20142116987431744,0.9794710539020549,-0.001353440126642819,-1.6216891958641735e-05,0.02648707245975069,-0.0546875,-0.2109375,9.80859375
369,888000000,imu2_frame,-0.0013049221186118612,0.008010681016299018,-0.20110085558396085,0.9795369171457083,-0.0013399057253763909,-1.6054723039055317e-05,0.026222201735153182,-0.0546875,-0.24609375,9.80859375
369,914000000,imu2_frame,-0.0014056790778670817,0.007983142780302273,-0.20077087809947183,0.979604689660501,-0.001326506668122627,-1.5894175808664763e-05,0.025959979717801653,-0.0546875,-0.2109375,9.80859375
369,939000000,imu2_frame,-0.0015049665698806307,0.007955666951882198,-0.200480449099228,0.9796642445082633,-0.0013132416014414007,-1.5735234050578114e-05,0.02376678617062364,-0.0546875,-0.2109375,9.80859375
369,963000000,imu2_frame,-0.001584891373854286,0.007901146600948901,-0.20022731671796673,0.9797163271282389,0.0006334845645730133,-0.0019491716317100722,0.0215955245589174,-0.0546875,-0.2109375,9.80859375
369,988000000,imu2_frame,-0.0017009302515608167,0.007853987957197894,-0.1999664732929718,0.9797697848312219,0.0006271497189272832,-0.0019296799153929716,0.021379569313328226,-0.0546875,-0.28515625,9.80859375
370,13000000,imu2_frame,-0.0018301262257678999,0.007859139513816445,-0.19975547850353623,0.9798125501196254,-0.0013127155282619896,0.0019568043837609583,0.017298586120194942,-0.0546875,-0.28515625,9.80859375
370,38000000,imu2_frame,-0.001938457825016041,0.007859988606899295,-0.19954645875272153,0.9798549248534747,-0.0012995883729793698,0.0019372363399233485,0.017125600258992995,-0.0546875,-0.24609375,9.80859375
370,63000000,imu2_frame,-0.0020486587432439534,0.007837580814944166,-0.19909813646311258,0.9799460737108133,-0.0012995883729793698,-1.5888660076651477e-05,0.036656850258993,-0.0546875,-0.24609375,9.80859375
370,88000000,imu2_frame,-0.002120643184982762,0.007807848927456097,-0.1986540127313539,0.9800362868758172,-0.001286592489249576,-1.5729773475884962e-05,0.036290281756403066,-0.0546875,-0.171875,9.8046875
370,113000000,imu2_frame,-0.0021567120915643263,0.007750937158618952,-0.19821413540057373,0.9801257205550318,-0.0012737265643570801,-1.5572475741126113e-05,0.03592737893883904,-0.015625,-0.09375,9.80859375
370,139000000,imu2_frame,-0.00206047951581826,0.007730430611188132,-0.2016389562683698,0.9794272439450176,0.01044502343564292,0.005843802524258874,-0.268760121061161,-0.015625,-0.09375,9.80859375
370,163000000,imu2_frame,-0.002067485683398665,0.007628495596900649,-0.2056231812293254,0.9785993250043702,0.00458564843564292,-0.001968697475741126,-0.339072621061161,-0.015625,-0.09375,9.80859375
370,189000000,imu2_frame,-0.0021637561848608083,0.007563957135396163,-0.209936025894748,0.9776834711414254,0.00458564843564292,-0.001968697475741126,-0.339072621061161,-0.0546875,-0.28515625,9.80859375
370,213000000,imu2_frame,-0.0022232717723668876,0.007495470507529125,-0.21391331451140763,0.9768213597476463,0.00458564843564292,-0.001968697475741126,-0.339072621061161,-0.0546875,-0.2109375,9.80859375
370,238000000,imu2_frame,-0.0023467913370680874,0.007388367694041851,-0.21218658498422985,0.9771984229141839,-0.0032268515643570804,-0.007828072475741125,0.14139612893883904,-0.0546875,-0.2109375,9.80859375
370,263000000,imu2_frame,-0.0025646648641517024,0.00762618574593968,-0.2100290591180386,0.9776620367545702,-0.01689872656435708,0.017562552524258875,0.17655237893883904,-0.0546875,-0.2109375,9.80859375
370,288000000,imu2_frame,-0.002851317440827374,0.007892604372517712,-0.2078924977716949,0.9781156813768587,-0.01672973929871351,0.017386926999016287,0.17478685514945064,-0.08984375,-0.36328125,9.8046875
370,313000000,imu2_frame,-0.003156928448016702,0.008140204077767438,-0.2057766017533752,0.9785600446836051,-0.016562441905726373,0.01721305772902612,0.17303898659795613,-0.0546875,-0.40234375,9.80859375
370,338000000,imu2_frame,-0.0032421471190666735,0.008082958912091093,-0.2056925451409184,0.9785779126521992,0.006875058094273625,-0.0023181922709738776,0.007023361597956138,-0.0546875,-0.40234375,9.80859375
370,364000000,imu2_frame,-0.0033242104590399564,0.008024941843432354,-0.20560593432835814,0.9785963160068591,0.006806307513330889,-0.002295010348264139,0.006953127981976576,-0.0546875,-0.40234375,9.80859375
370,389000000,imu2_frame,-0.003298931214984066,0.007926235971651398,-0.2055229414103373,0.9786146393704743,0.006738244438197581,-0.0022720602447814974,0.006883596702156811,-0.015625,-0.171875,9.765625
370,414000000,imu2_frame,-0.0035301172495984666,0.008397407497011105,-0.2061554587080411,0.9784768513687028,-0.02255863056180242,0.0387435647552185,-0.05171015329784319,-0.015625,-0.171875,9.765625
370,438000000,imu2_frame,-0.003745566093192001,0.00885725227903908,-0.206756438286265,0.9783451819495432,-0.022333044256184396,0.038356129107666316,-0.05119305176486476,-0.0546875,-0.171875,9.8046875
370,464000000,imu2_frame,-0.0035778396304834447,0.00823552876325865,-0.208725270360129,0.9779330941545332,0.026495080743815604,-0.039768870892333684,-0.15470867676486477,-0.0546875,-0.171875,9.8046875
370,489000000,imu2_frame,-0.003426254671832537,0.007628515516160705,-0.21059865051937274,0.9775368407018543,0.02623012993637745,-0.03937118218341035,-0.1531615899972161,-0.015625,-0.171875,9.765625
370,513000000,imu2_frame,-0.003318312471011251,0.007082307142039647,-0.2123783326326901,0.9771562175804078,0.025967828637013673,-0.03897747036157624,-0.15162997409724394,-0.0546875,-0.24609375,9.80859375
370,539000000,imu2_frame,-0.0032099529271456158,0.007226698701462503,-0.21319037637348656,0.9769786765584063,0.012295953637013675,0.01571002963842376,-0.06373934909724395,-0.0546875,-0.24609375,9.80859375
370,564000000,imu2_frame,-0.0034629696233540188,0.007361765121325805,-0.21492218071415348,0.9765972908485663,-0.015047796362986325,0.009850654638423759,-0.14186434909724394,-0.0546875,-0.24609375,9.80859375
370,588000000,imu2_frame,-0.003862654882074732,0.007502568875729952,-0.21656844619233442,0.9762309662530506,-0.014897318399356463,0.00975214809203952,-0.1404457056062715,-0.015625,-0.5546875,9.8046875
370,613000000,imu2_frame,-0.004180089104018843,0.007666872148475196,-0.2182648141508596,0.9758505094686544,-0.014748345215362897,0.009654626611119125,-0.1390412485502088,-0.08984375,-0.40234375,9.765625
370,639000000,imu2_frame,-0.0044429183809319055,0.0077859648711221235,-0.21745190975933076,0.9760298695067205,-0.010842095215362897,0.005748376611119125,0.0640837514497912,-0.08984375,-0.40234375,9.765625
370,663000000,imu2_frame,-0.00459820455492765,0.007841184361095918,-0.2182349452143701,0.9758539240224263,-0.001076470215362898,0.003795251611119125,-0.0667756235502088,-0.08984375,-0.40234375,9.765625
370,689000000,imu2_frame,-0.004697939961975309,0.007868316238299394,-0.21907435491982993,0.9756651300400913,-0.001065705513209269,0.0037572990950079338,-0.0661078673147067,-0.0546875,-0.28515625,9.76953125
370,713000000,imu2_frame,-0.004738986983895849,0.007878312828678496,-0.2198410689737544,0.9754923775108737,-0.0010550484580771763,0.0037197261040578544,-0.06544678864155964,-0.0546875,-0.171875,9.8046875
370,738000000,imu2_frame,-0.004755355961035169,0.007763853503039899,-0.2201392952684024,0.9754259581573572,0.0028512015419228237,-0.006045898895942145,-0.02443116364155964,-0.0546875,-0.171875,9.8046875
370,763000000,imu2_frame,-0.004720107704295632,0.007698927330223316,-0.2204338728369474,0.9753601154483037,0.0028226895265035957,-0.0059854399069827246,-0.024186852005144043,-0.16796875,-0.09375,9.8046875
370,789000000,imu2_frame,-0.004710869991308825,0.0075175727421849655,-0.22073804119677046,0.9752927821801021,0.0027944626312385594,-0.005925585507912897,-0.0239449834850926,0.0625,-0.09375,9.76953125
370,814000000,imu2_frame,-0.004363580871761451,0.007211501085804252,-0.22158055474443336,0.9751056410324035,0.03209133763123856,-0.009831835507912896,-0.06886685848509261,0.0625,-0.09375,9.76953125
370,839000000,imu2_frame,-0.003930199738722734,0.006968990910438935,-0.2224135042165033,0.9749195966016068,0.031770424254926176,-0.009733517152833769,-0.06817818990024167,-0.08984375,0.05859375,9.84765625
370,863000000,imu2_frame,-0.003855126036761273,0.0069110563137204355,-0.2230279411549644,0.9747799304294519,0.0005204242549261737,-0.001921017152833768,-0.05255318990024167,-0.08984375,0.05859375,9.84765625
370,889000000,imu2_frame,-0.003922830642947177,0.006845729960799232,-0.2236877131625786,0.9746289316253374,0.000515220012376912,-0.0019018069813054302,-0.05202765800123926,-0.015625,-0.2109375,9.84375
370,914000000,imu2_frame,-0.004002577730514141,0.0068057557136891305,-0.22431563440260863,0.9744845597664603,0.0005100678122531429,-0.001882788911492376,-0.051507381421226864,-0.0546875,-0.24609375,9.84375
370,938000000,imu2_frame,-0.004155283137634934,0.006803104173384565,-0.22491256395107176,0.9743463398466725,0.0005049671341306114,-0.0018639610223774522,-0.0509923076070146,-0.08984375,-0.40234375,9.8046875
370,963000000,imu2_frame,-0.003995289435152265,0.006328984989456783,-0.2258445096098941,0.9741346103544413,0.03370809213413061,-0.03311396102237745,-0.07638293260701459,-0.08984375,-0.40234375,9.8046875
370,989000000,imu2_frame,-0.0038221846549959817,0.005784311469481347,-0.22680386486280746,0.9739157764039869,0.033371011212789306,-0.032782821412153676,-0.07561910328094446,0.0234375,-0.36328125,9.765625
371,14000000,imu2_frame,-0.003403645869227649,0.005267888168465167,-0.22771555707527621,0.9737074969491291,0.033037301100661415,-0.03245499319803214,-0.074862912248135,-0.08984375,0.13671875,9.76953125
371,113000000,imu2_frame,-0.0021079110964752033,0.003333232145013715,-0.2312884562363281,0.9728772257001872,0.0327069280896548,-0.03213044326605182,-0.07411428312565366,-0.08984375,0.13671875,9.76953125
371,163000000,imu2_frame,-0.0014165517376054397,0.002373194839097625,-0.23307331875028162,0.972455237743188,0.03237985880875825,-0.0318091388333913,-0.07337314029439712,-0.08984375,0.13671875,9.76953125
371,313000000,imu2_frame,0.00037593836561910344,-0.0005205778874148464,-0.23842211813424022,0.971161408445265,0.03237985880875825,-0.0318091388333913,-0.07337314029439712,-0.109375,-0.9765625,17.1875
371,339000000,imu2_frame,0.00018176027474200104,-0.0007401120487366048,-0.24173907384143148,0.9703409912889617,-0.01058889119124175,-0.0200903888333913,-0.2628262652943971,-0.109375,-0.9765625,17.1875
371,363000000,imu2_frame,0.0003087672437408332,-0.0007777941959815341,-0.2440481598084909,0.9697627521167573,0.01089548380875825,-0.0005591388333913013,-0.19837314029439712,-0.109375,-0.9765625,17.1875
371,389000000,imu2_frame,0.00042967058602050664,-0.0007391896540465996,-0.24652315059174504,0.9691365255752993,0.010786528970670667,-0.0005535474450573882,-0.19638940889145315,-0.12890625,-0.0546875,9.76953125
371,414000000,imu2_frame,0.00042471826010753646,-0.0006897260345030278,-0.24887760740697806,0.9685346046599344,0.01067866368096396,-0.0005480119706068143,-0.1944255148025386,-0.08984375,-0.28515625,9.84765625
371,439000000,imu2_frame,0.00020121485324858595,-0.00021465404632592784,-0.2455312946061377,0.9693886201133461,-0.01471196131903604,0.028748863029393185,0.2762776101974614,-0.08984375,-0.28515625,9.84765625
371,463000000,imu2_frame,6.650878214240444e-05,-0.00047398198509688894,-0.2447938599532629,0.9695750290961715,0.006772413680963961,-0.027891761970606815,0.06338698519746139,-0.08984375,-0.28515625,9.84765625
371,488000000,imu2_frame,-0.00016578223155833802,-0.0006552282740459529,-0.2440330599044463,0.9697666775394139,0.006704689544154322,-0.027612844350900747,0.06275311534548678,-0.20703125,-0.515625,9.84375
371,513000000,imu2_frame,-6.168894568568282e-05,-0.0010150236295657026,-0.24327987631704298,0.9699556008914376,0.006637642648712779,-0.02733671590739174,0.0621255841920319,-0.015625,0.2109375,9.84375
371,538000000,imu2_frame,2.7258740006911707e-05,-0.0017411461453852918,-0.2462195861735392,0.9692125066524847,0.012497017648712779,-0.056633590907391736,-0.2425619158079681,-0.015625,0.2109375,9.84375
371,564000000,imu2_frame,5.450988458458361e-05,-0.0024130356759501158,-0.24927439612878535,0.9684298889037495,0.012497017648712779,-0.056633590907391736,-0.2425619158079681,-0.12890625,0.05859375,9.73046875
371,589000000,imu2_frame,-4.149905515960955e-05,-0.0030569091527431337,-0.25220896323579084,0.9676679660130264,0.012497017648712779,-0.056633590907391736,-0.2425619158079681,-0.0546875,-0.171875,9.8046875
371,613000000,imu2_frame,0.00031686287705530577,-0.004002450247539056,-0.25157573239972114,0.9678292880758863,0.05741889264871278,-0.07421171590739174,0.0543130841920319,-0.0546875,-0.171875,9.8046875
371,638000000,imu2_frame,0.0007697109995428957,-0.005033493566183911,-0.25092252061148307,0.9679937810427691,0.05684470372222565,-0.07346959874831782,0.05376995335011159,0.0234375,0.01953125,9.88671875
371,663000000,imu2_frame,0.0007619448170246046,-0.005610095266317372,-0.25088610777603204,0.9680000553699323,0.01192282872222565,-0.04807897374831782,0.0029887033501115844,0.0234375,0.01953125,9.88671875
371,689000000,imu2_frame,0.0006098404374739893,-0.006141312848076211,-0.25084782312709464,0.9680068605147077,0.011803600435003394,-0.04759818401083464,0.00295881631661047,-0.015625,-0.28515625,9.8828125
371,714000000,imu2_frame,0.0005045989788397444,-0.006609373222885719,-0.2508114777775877,0.9680132562008094,0.01168556443065336,-0.047122202170726296,0.002929228153444364,-0.08984375,-0.2109375,9.8046875
371,738000000,imu2_frame,0.0004540919466805563,-0.007075288893442606,-0.25077706381691195,0.9680189039223082,0.011568708786346827,-0.046650980149019035,0.0028999358719099186,-0.0546875,-0.09375,9.80859375
371,763000000,imu2_frame,-0.00025118066926604324,-0.006463630637968298,-0.25209405665774337,0.9676811174064988,-0.06265004121365317,0.025614644850980965,-0.10842818912809007,-0.0546875,-0.09375,9.80859375
371,788000000,imu2_frame,-0.0005880444886605568,-0.006178095644100779,-0.25269893246972736,0.967525056454122,-0.027493791213653175,0.008036519850980965,-0.04983443912809008,-0.0546875,-0.09375,9.80859375
371,813000000,imu2_frame,-0.0009140503848390844,-0.005879870923030241,-0.25329762246041126,0.9673700977835347,-0.027218853301516643,0.007956154652471157,-0.04933609473680918,-0.08984375,-0.09375,9.8046875
371,838000000,imu2_frame,-0.0006259980488182808,-0.006318804900176389,-0.2544577115605575,0.9670630557820108,0.03528114669848336,-0.036965720347528847,-0.09621109473680918,-0.08984375,-0.09375,9.8046875
371,864000000,imu2_frame,-0.0007760266610163613,-0.00608673963123213,-0.2549069780875397,0.9669461111693669,-0.011593853301516641,0.006003029652471156,-0.03566421973680918,-0.08984375,-0.09375,9.8046875
371,889000000,imu2_frame,-0.0008531688417368028,-0.005918817679513987,-0.25533491655963364,0.9668341740369386,-0.011477914768501475,0.005942999355946444,-0.03530757753944109,-0.015625,0.05859375,9.76953125
371,913000000,imu2_frame,-0.0010185131592122371,-0.0057328283555488895,-0.255741028735084,0.9667277918481042,-0.01136313562081646,0.00588356936238698,-0.03495450176404668,-0.015625,-0.1328125,9.76953125
371,938000000,imu2_frame,-0.0008015326977561625,-0.00597155916472312,-0.25587767228902375,0.9666903924475653,0.02769936437918354,-0.01950705563761302,-0.011517001764046679,-0.015625,-0.1328125,9.76953125
371,963000000,imu2_frame,-0.0007248942734663051,-0.006213414465940881,-0.2560134131577154,0.9666529885601677,0.02769936437918354,-0.01950705563761302,-0.011517001764046679,0.0625,-0.3828125,9.55859375
371,988000000,imu2_frame,-0.0008051801048426944,-0.006387561008479788,-0.25614676021785326,0.9666164637431225,0.027422370735391704,-0.01931198508123689,-0.011401831746406212,0.0234375,-0.71875,9.84375
372,913000000,imu2_frame,0.008894517023411208,-0.01791197936513303,-0.2610715770512602,0.9651122630130193,0.02714814702803779,-0.019118865230424522,-0.01128781342894215,-0.0546875,-0.24609375,9.84375
372,964000000,imu2_frame,0.009745369618831079,-0.01773543980000882,-0.2580096945667317,0.9659303698795656,0.042773147028037785,0.010178009769575478,0.12347781157105785,-0.0546875,-0.24609375,9.84375
372,988000000,imu2_frame,0.010046441867928689,-0.01751431902522551,-0.25658301679495493,0.9663112713444238,0.04234541555775741,0.010076229671879725,0.12224303345534727,-0.08984375,-0.2109375,9.765625
373,13000000,imu2_frame,0.01043748313118542,-0.01731668554524559,-0.2551120608088435,0.966700071261753,0.04192196140217984,0.009975467375160928,0.1210206031207938,-0.08984375,-0.0546875,9.80859375
373,38000000,imu2_frame,0.009911916713611456,-0.016940354492307477,-0.2546020436662096,0.9668467188017587,-0.03424991359782016,0.0041160923751609275,0.042895603120793796,-0.08984375,-0.0546875,9.80859375
373,63000000,imu2_frame,0.009658183961948922,-0.01661012738978723,-0.2542758446360605,0.9669408554742479,-0.012765538597820165,0.0060692173751609275,0.0272706031207938,-0.08984375,-0.0546875,9.80859375
373,88000000,imu2_frame,0.009455107598980285,-0.016296197001714904,-0.25397538017813737,0.9670271667160876,-0.008770695711841962,0.006008525201409318,0.025064303339585862,-0.08984375,-0.0546875,9.80859375
373,113000000,imu2_frame,0.009141386718466886,-0.015956580735555222,-0.2536767159207819,0.9671142364683398,-0.008682988754723543,0.005948439949395225,0.024813660306190005,-0.08984375,-0.28515625,9.8046875
373,138000000,imu2_frame,0.009704378826365915,-0.015664252752633678,-0.25952250763827583,0.9655612483143869,0.05381701124527646,0.013760939949395225,-0.48495196469380997,-0.08984375,-0.28515625,9.8046875
373,164000000,imu2_frame,0.010387883114092174,-0.01531722299203266,-0.2655942414024931,0.9639072432024021,0.05381701124527646,0.013760939949395225,-0.48495196469380997,-0.24609375,-0.1328125,9.84765625
373,638000000,imu2_frame,0.02514114910495391,-0.014272046460704207,-0.3736583075943457,0.9271157966927515,0.05381701124527646,0.013760939949395225,-0.48495196469380997,-0.32421875,-0.77734375,19.8046875
373,688000000,imu2_frame,0.026279719444319023,-0.013919254037811754,-0.38484773176538795,0.9225008694131377,0.05381701124527646,0.013760939949395225,-0.48495196469380997,-0.0546875,-0.32421875,9.8046875
373,713000000,imu2_frame,0.026862311664119367,-0.013706359449218053,-0.3904229206524989,0.9201415624521486,0.05381701124527646,0.013760939949395225,-0.48495196469380997,-0.08984375,0.13671875,9.76953125
373,738000000,imu2_frame,0.026651386284797147,-0.013457932944571201,-0.3898477108610076,0.9203952140175384,-0.004776738754723543,0.007901564949395225,0.050204285306190005,-0.08984375,0.13671875,9.76953125
373,764000000,imu2_frame,0.02658604139177806,-0.013318816598299307,-0.3893883357771186,0.920593566938343,0.008895136245276457,0.003995314949395225,0.038485535306190005,-0.08984375,0.13671875,9.76953125
373,789000000,imu2_frame,0.026515697727911583,-0.013180455861123774,-0.38895112877225463,0.9207823916561849,0.008806184882823693,0.003955361799901272,0.0381006799531281,-0.08984375,0.13671875,9.76953125
373,814000000,imu2_frame,0.026299865044498348,-0.01298221930308783,-0.3885197545456424,0.9209734954972384,0.008718123033995455,0.0039158081819022595,0.037719673153596825,-0.08984375,-0.171875,9.80859375
373,838000000,imu2_frame,0.025939512233554264,-0.012710680385387056,-0.3892739506437096,0.9206689805024739,-0.004953751966004545,0.0019626831819022595,-0.06774907684640318,-0.08984375,-0.171875,9.80859375
373,863000000,imu2_frame,0.02541380267341352,-0.012339293895936526,-0.3901506123329427,0.9203175431100161,-0.020578751966004546,0.0039158081819022595,-0.07556157684640318,-0.08984375,-0.171875,9.80859375
373,888000000,imu2_frame,0.02484213445538642,-0.01195093729197246,-0.391018547262813,0.9199698577399278,-0.0203729644463445,0.003876650100083237,-0.07480596107793915,-0.08984375,-0.28515625,9.8046875
373,914000000,imu2_frame,0.02417356402120826,-0.011540167677200536,-0.39191186249350524,0.91961272031729,-0.020169234801881056,0.0038378835990824046,-0.07405790146715975,-0.0546875,-0.4765625,9.80859375
373,939000000,imu2_frame,0.02380745972071758,-0.011450372086719219,-0.3926579430432798,0.919305081899226,0.011080765198118946,-0.009833991400917595,-0.06429227646715975,-0.0546875,-0.4765625,9.80859375
373,963000000,imu2_frame,0.02352286231372931,-0.0111672980872599,-0.3940587597788057,0.9187163110795351,0.011080765198118946,0.005791008599082405,-0.12679227646715974,-0.0546875,-0.4765625,9.80859375
373,989000000,imu2_frame,0.0224295187898929,-0.010320144313070313,-0.39527761364577424,0.9182298293230913,-0.06509110980188106,0.021416008599082405,-0.10140165146715975,-0.0546875,-0.4765625,9.80859375
374,14000000,imu2_frame,0.022126548020377834,-0.010011691071975299,-0.3956360665708112,0.9180862076858349,0.007174515198118946,0.009697258599082405,-0.03108915146715975,-0.0546875,-0.4765625,9.80859375
374,38000000,imu2_frame,0.02205185974199948,-0.009810446348025267,-0.3959745956573098,0.917944219557159,0.007102770046137756,0.009600286013091581,-0.030778259952488153,-0.0546875,0.01953125,9.76953125
374,64000000,imu2_frame,0.02182287629448431,-0.009607168525323458,-0.395667716464113,0.9180841587410362,-0.004615979953862244,0.005694036013091581,0.025862365047511847,-0.0546875,0.01953125,9.76953125
374,88000000,imu2_frame,0.021576933674556608,-0.009405456857723976,-0.3953237187928721,0.9182402358175532,-0.006503413904323621,0.005637095652960665,0.03140452264703673,-0.0546875,0.01953125,9.76953125
374,113000000,imu2_frame,0.021222551782061987,-0.009114900207266075,-0.39497080335296014,0.9184032809113798,-0.006438379765280384,0.005580724696431058,0.03109047742056636,-0.12890625,-0.24609375,9.8046875
374,138000000,imu2_frame,0.020880810460201914,-0.00885339063268371,-0.39462070113255615,0.9185641575124082,-0.006373995967627581,0.0055249174494667475,0.0307795726463607,-0.08984375,-0.2109375,9.8046875
374,163000000,imu2_frame,0.020597473520843183,-0.008589668568182378,-0.394384084583057,0.9186746733779217,-0.0024430685079513048,0.007403262024972081,0.020803808169897093,-0.08984375,-0.2109375,9.8046875
374,188000000,imu2_frame,0.02031038957505751,-0.008405312965897124,-0.39412885784956664,0.918792295461521,-0.0004850440728717915,0.0015284481547223594,0.022529363838198122,-0.08984375,-0.2109375,9.8046875
374,213000000,imu2_frame,0.020026199007712915,-0.00822288164814889,-0.3938761092750842,0.9189085624331869,-0.0004801936321430734,0.001513163673175136,0.02230407019981614,-0.08984375,-0.2109375,9.8046875
374,238000000,imu2_frame,0.019710320290889847,-0.008001518537789104,-0.3936257180769335,0.919024631358452,-0.004342579195821643,0.0034316257864433846,0.02208102949781798,-0.08984375,-0.2109375,9.8046875
374,263000000,imu2_frame,0.019419569041899388,-0.007793225218490537,-0.39333312859070063,0.9191578732361335,-0.0023655596538634267,0.003397309528578951,0.0257274067028398,-0.08984375,-0.2109375,9.8046875
374,288000000,imu2_frame,0.019141662455162866,-0.007564461797303303,-0.3930873522385973,0.9192707485753143,-0.002341904057324792,0.005296930183293162,0.021602945135811402,-0.08984375,-0.2109375,9.8046875
374,314000000,imu2_frame,0.018866463884217633,-0.007335962659757431,-0.3928340990510738,0.919386540479624,-0.002318485016751544,0.00524396088146023,0.02138691568445329,-0.08984375,-0.2109375,9.8046875
374,338000000,imu2_frame,0.018564144858397774,-0.007127695079202466,-0.39260346667589024,0.9194928419746439,-0.004228893916584028,0.0032579275226456276,0.021173046527608756,-0.08984375,-0.2109375,9.8046875
374,363000000,imu2_frame,0.01827949108267919,-0.006883248760958011,-0.3923661267728683,0.9196017092489066,-0.004186604977418188,0.0032253482474191714,0.020961316062332667,-0.16796875,-0.2109375,9.8046875
374,388000000,imu2_frame,0.01801048325680837,-0.006673551171284176,-0.39210913085401133,0.9197181718920924,-0.0022111451776440066,0.0012595010149449798,0.02268529665170934,-0.16796875,-0.2109375,9.8046875
374,413000000,imu2_frame,0.017736279331208218,-0.006484004300981253,-0.39185428993658994,0.9198334618516556,-0.0021890337258675665,0.0012469060047955302,0.022458443685192245,-0.12890625,-0.2109375,9.765625
374,439000000,imu2_frame,0.017464510643222728,-0.006296123321590703,-0.39159168216641,0.9199517944746852,-0.0021671433886088906,0.0012344369447475747,0.022233859248340322,-0.12890625,-0.2109375,9.8046875
374,463000000,imu2_frame,0.017112775655350826,-0.006075854958366116,-0.3913524426404233,0.9200616840925769,-0.009879846954722802,0.001222092575300099,0.02201152065585692,-0.12890625,-0.2109375,9.8046875
374,488000000,imu2_frame,0.0168368802379425,-0.005861695705175505,-0.3911268832902201,0.9201640729538356,-0.003980267235175574,0.003143465399547098,0.01985781169929835,-0.12890625,-0.2109375,9.8046875
374,513000000,imu2_frame,0.016590203063128625,-0.00563964198544413,-0.39090366738123106,0.9202647893017011,-0.003940464562823818,0.003112030745551627,0.01965923358230537,-0.16796875,-0.171875,9.80859375
374,538000000,imu2_frame,0.01634631515196794,-0.005420270678721309,-0.3906826177698857,0.920364335912247,-0.00390105991719558,0.0030809104380961107,0.019462641246482316,-0.16796875,-0.171875,9.80859375
374,564000000,imu2_frame,0.016126865904173827,-0.00521129375914372,-0.39045470199195526,0.9204661277341161,-0.0019284555680236242,0.0030501013337151496,0.019268014834017494,-0.16796875,-0.171875,9.80859375
374,589000000,imu2_frame,0.01587855035952703,-0.0050194440706723305,-0.3902160689682969,0.9205727001919135,-0.003842764762343388,0.0010860065703779983,0.02100892843567732,-0.16796875,-0.171875,9.80859375
374,614000000,imu2_frame,0.01562535138061739,-0.004848064560046814,-0.38997945979315657,0.9206782095844844,-0.003804337114719954,0.0010751465046742186,0.020798839151320546,-0.12890625,-0.171875,9.80859375
374,638000000,imu2_frame,0.015376649422772096,-0.004679674889815792,-0.38975462824234736,0.9207784690462328,-0.0037662937435727546,0.0010643950396274763,0.02059085075980734,-0.12890625,-0.171875,9.80859375
374,663000000,imu2_frame,0.015118428102709995,-0.004485527916895437,-0.38952303550828477,0.9208817068328708,-0.003728630806137027,0.0010537510892312018,0.020384942252209267,-0.16796875,-0.2109375,9.765625
374,688000000,imu2_frame,0.014907363616968029,-0.004311821833160082,-0.3893157419417048,0.920973632510101,0.00017584300192434324,0.0010432135783388897,0.018247499079687174,-0.16796875,-0.2109375,9.765625
374,713000000,imu2_frame,0.014698619193497003,-0.0041403769229145316,-0.3891104677718758,0.9210645209447017,0.0001740845719050998,0.001032781442555501,0.018065024088890304,-0.16796875,-0.2109375,9.8046875
374,738000000,imu2_frame,0.014475410570330876,-0.003963724345897259,-0.38890733699104185,0.9211546203611349,0.00017234372618604894,0.001022453628129946,0.0178843738480014,-0.16796875,-0.24609375,9.8046875
374,763000000,imu2_frame,0.014263128091877566,-0.003814185663885,-0.38870579879493633,0.9212436252956905,0.00017062028892418863,0.0010122290918486467,0.017705530109521386,-0.12890625,-0.2109375,9.8046875
374,788000000,imu2_frame,0.013958724512986864,-0.0035808387320164356,-0.388099016470157,0.921505010848472,-0.009595004711075812,0.004918479091848647,0.05286178010952139,-0.12890625,-0.2109375,9.8046875
374,814000000,imu2_frame,0.013662496079236482,-0.003328622754555392,-0.38747417996658007,0.9217732998577629,-0.009499054663965053,0.004869294300930161,0.052333162308426176,-0.16796875,-0.2109375,9.8046875
374,838000000,imu2_frame,0.013369344938881644,-0.0031054537066177415,-0.38690292163492085,0.9220183002541454,-0.009404064117325403,0.004820601357920859,0.05180983068534191,-0.12890625,-0.2109375,9.8046875
374,863000000,imu2_frame,0.01315625258739873,-0.0029372162884434903,-0.38653272246707554,0.9221771739966904,-0.0015915641173254026,0.0028674763579208586,0.03227858068534191,-0.12890625,-0.2109375,9.8046875
374,889000000,imu2_frame,0.012932144049011546,-0.0027339801633620106,-0.3863111758187223,0.9222737990642031,-0.0035446891173254026,0.004820601357920859,0.01860670568534191,-0.12890625,-0.2109375,9.8046875
374,914000000,imu2_frame,0.01271861941892772,-0.002517344427284901,-0.38610054574730274,0.9223655827657198,-0.0035092422261521487,0.004772395344341649,0.01842063862848849,-0.16796875,-0.2109375,9.765625
374,938000000,imu2_frame,0.012508383375102516,-0.002306715398135793,-0.38590040681947646,0.9224527605389754,-0.0034741498038906274,0.004724671390898234,0.018236432242203605,-0.16796875,-0.2109375,9.8046875
374,964000000,imu2_frame,0.012312437494050038,-0.0021256992265800473,-0.38570897018722755,0.9225358939373914,-0.0015058145558517213,0.002743830926989251,0.01612047416978157,-0.16796875,-0.2109375,9.8046875
374,989000000,imu2_frame,0.012087376690242416,-0.001961114098002525,-0.38552712984058235,0.9226152402345875,-0.003424350160293204,0.0007827988677193585,0.015959269428083754,-0.16796875,-0.2109375,9.8046875
375,13000000,imu2_frame,0.01185865877473691,-0.0018176569720374258,-0.385354152785792,0.9226907636179853,-0.003390106658690272,0.0007749708790421648,0.015799676733802916,-0.12890625,-0.2109375,9.8046875
375,38000000,imu2_frame,0.011631121924281706,-0.0016752163995447586,-0.3851533384280299,0.9227777720288568,-0.003356205592103369,0.000767221170251743,0.017575273716464886,-0.12890625,-0.2109375,9.8046875
375,64000000,imu2_frame,0.011404824509846022,-0.0015335166145984925,-0.384946451969256,0.9228671667260536,-0.003322643536182335,0.0007595489585492258,0.01739952097930024,-0.12890625,-0.2109375,9.8046875
375,88000000,imu2_frame,0.011201621977040246,-0.0013525190948271545,-0.38477837632973555,0.9229400280983777,-0.003289417100820512,0.004619140968963733,0.015291932019507236,-0.12890625,-0.2109375,9.8046875
375,113000000,imu2_frame,0.010999976854802647,-0.0011713217236856198,-0.38460494118652855,0.9230149878141309,-0.0032565229298123066,0.0045729495592740955,0.015139012699312162,-0.12890625,-0.2109375,9.8046875
375,138000000,imu2_frame,0.010808170601335956,-0.0009741913845516269,-0.3844333795307055,0.9230889508070169,-0.0032239577005141835,0.0045272200636813555,0.01498762257231904,-0.16796875,-0.2109375,9.8046875
375,163000000,imu2_frame,0.010618437666483528,-0.0007796617899365518,-0.38426350128166387,0.9231620672946724,-0.0031917181235090416,0.004481947863044542,0.01483774634659585,-0.16796875,-0.2109375,9.8046875
375,188000000,imu2_frame,0.010390275948144297,-0.0006226859596838264,-0.3840958134922073,0.9232345641740655,-0.005093394692273951,0.0005699408844140963,0.014689368883129892,-0.16796875,-0.2109375,9.8046875
375,213000000,imu2_frame,0.010164951524400027,-0.00046754854102250157,-0.38392975187865136,0.9233062334790477,-0.005042460745351212,0.0005642414755699554,0.014542475194298592,-0.16796875,-0.2109375,9.8046875
375,239000000,imu2_frame,0.009940250401657061,-0.0003130981126007001,-0.38375865220985905,0.9233798732079863,-0.004992036137897699,0.0005585990608142559,0.014397050442355607,-0.16796875,-0.2109375,9.8046875
375,264000000,imu2_frame,0.009783063571736346,-0.00013600354352578167,-0.3835729952326924,0.9234587324284764,-0.0010749282765187226,0.004420200570206113,0.01618667368793205,-0.16796875,-0.2109375,9.8046875
375,289000000,imu2_frame,0.009583186171203252,5.786742753560831e-05,-0.3834561328170104,0.9235093683332034,-0.004931366493753536,0.004375998564504052,0.01022402570105273,-0.16796875,-0.2109375,9.8046875
375,313000000,imu2_frame,0.009387072086081454,0.0002462317751464647,-0.3833451048573505,0.9235574442499344,-0.004882052828816,0.0043322385788590115,0.010121785444042202,-0.16796875,-0.2109375,9.8046875
375,339000000,imu2_frame,0.009182825708861838,0.00041930997248911856,-0.38322573558813267,0.9236089732533365,-0.00483323230052784,0.004288916193070421,0.01002056758960178,-0.12890625,-0.2109375,9.8046875
375,363000000,imu2_frame,0.00898375117743056,0.0005841139213744773,-0.3830953077179475,0.9236649480359208,-0.004784899977522562,0.004246027031139717,0.011853955663705762,-0.12890625,-0.2109375,9.8046875
375,389000000,imu2_frame,0.008784264773319428,0.0007521472299345225,-0.3829552775995778,0.9237248109288648,-0.004737050977747336,0.00420356676082832,0.011735416107068703,-0.12890625,-0.2109375,9.8046875
375,413000000,imu2_frame,0.008589829513456954,0.000912312351838055,-0.3828273946774728,0.9237795020455699,-0.004689680467969862,0.004161531093220037,0.011618061945998017,-0.12890625,-0.2109375,9.8046875
375,438000000,imu2_frame,0.008378002188861661,0.0010287355561646961,-0.382695844475896,0.9238358303309955,-0.004642783663290164,0.0002527282822878366,0.011501881326538036,-0.12890625,-0.2109375,9.8046875
375,463000000,imu2_frame,0.008187223355652301,0.0011361161414909875,-0.3825654430452144,0.9238914224092876,-0.0045963558266572625,0.0002502009994649582,0.011386862513272656,-0.12890625,-0.171875,9.80859375
375,488000000,imu2_frame,0.007998886963948617,0.001242002825157071,-0.3824139823558033,0.9239556381856737,-0.00455039226839069,0.0002476989894703084,0.01320658763813993,-0.12890625,-0.171875,9.80859375
375,513000000,imu2_frame,0.007794519835674778,0.0013542612685586146,-0.38226413143697013,0.9240192342444429,-0.004504888345706783,0.00024522199957560534,0.013074521761758532,-0.12890625,-0.2109375,9.8046875
375,538000000,imu2_frame,0.007592694715338931,0.0014651815532124137,-0.38211574299013334,0.9240821192886887,-0.004459839462249715,0.00024276977957984934,0.012943776544140946,-0.12890625,-0.2109375,9.8046875
375,563000000,imu2_frame,0.007393084045905644,0.0015751857734575435,-0.3819688070752209,0.924144302324914,-0.004415241067627218,0.00024034208178405105,0.012814338778699537,-0.12890625,-0.2109375,9.765625
375,588000000,imu2_frame,0.007249323636015417,0.0016877110505574909,-0.3818232137226669,0.9242054059573146,-0.0005039011569509459,0.0021715324109662106,0.012686195390912541,-0.12890625,-0.2109375,9.765625
375,614000000,imu2_frame,0.007074597561926729,0.0017865790979079584,-0.3816966147796821,0.9242588665899801,-0.0024324558953814366,0.0002162233368565485,0.010625739687003416,-0.12890625,-0.2109375,9.765625
375,639000000,imu2_frame,0.006903241626951721,0.0018834101466941532,-0.38157611786104034,0.9243097231444429,-0.0024081313364276223,0.00021406110348798314,0.010519482290133383,-0.12890625,-0.2109375,9.8046875
375,663000000,imu2_frame,0.006773704607271426,0.0020121809787081724,-0.3814399020404318,0.9243666313671152,-0.0004504562730633459,0.004079107992453103,0.012347881217232048,-0.12890625,-0.2109375,9.8046875
375,688000000,imu2_frame,0.006583399856977157,0.002115123816900958,-0.38129959353428305,0.9244256622726096,-0.004313139210332712,0.0001711294125285724,0.012224402405059728,-0.12890625,-0.2109375,9.8046875
375,714000000,imu2_frame,0.006401163866551135,0.0022360847464600424,-0.3811551192580478,0.9244862357491017,-0.0042700078182293846,0.00016941811840328648,0.01210215838100913,-0.16796875,-0.2109375,9.8046875
375,739000000,imu2_frame,0.006215241019985379,0.0023367894781545122,-0.3810175451440956,0.924543963522755,-0.004227307740047091,0.00016772393721925342,0.01198113679719904,-0.12890625,-0.2109375,9.765625
375,763000000,imu2_frame,0.0060498115769460166,0.0024811916918493697,-0.38127521985649143,0.924438451272477,-0.004227307740047091,0.004073973937219253,-0.02317511320280096,-0.12890625,-0.2109375,9.765625
375,788000000,imu2_frame,0.00581983146122766,0.0026054928386160013,-0.38228827295505957,0.9240211130325262,-0.008133557740047091,0.00016772393721925342,-0.08762823820280097,-0.12890625,-0.2109375,9.765625
375,813000000,imu2_frame,0.005573771987180066,0.0027788709519862044,-0.3832910142234336,0.9236066312871725,-0.00805222216264662,0.00016604669784706094,-0.08675195582077296,-0.20703125,-0.28515625,9.8046875
375,838000000,imu2_frame,0.005391208015259363,0.002981225198972648,-0.3850593076746128,0.9228712676996706,-0.0041459721626466205,0.004072296697847061,-0.15315820582077294,-0.20703125,-0.28515625,9.8046875
375,863000000,imu2_frame,0.0052409667084939915,0.003103243649887231,-0.38680807416731244,0.9221401281290089,-0.004104512441020154,0.00403157373086859,-0.15162662376256522,-0.08984375,-0.171875,9.80859375
375,889000000,imu2_frame,0.005100691211744341,0.0031603453230737975,-0.38677669058191017,0.9221538845491607,-0.0021513874410201543,0.00012532373086859014,0.0026702512374347787,-0.08984375,-0.171875,9.80859375
375,913000000,imu2_frame,0.004953275908843328,0.0032419365739057506,-0.3867481972093138,0.9221663553070929,-0.0021298735666099525,0.00012407049355990431,0.002643548725060431,-0.12890625,-0.2109375,9.8046875
375,939000000,imu2_frame,0.0047910838506560315,0.003288591303954938,-0.3867175113925202,0.9221799157784493,-0.002108574830943853,0.00012282978862430526,0.0026171132378098264,-0.0546875,-0.2109375,9.80859375
375,964000000,imu2_frame,0.004631680843513874,0.0033342143567424666,-0.3866883195158539,0.9221928074416933,-0.0020874890826344146,0.00012160149073806199,0.002590942105431728,-0.0546875,-0.2109375,9.80859375
375,989000000,imu2_frame,0.004474501952864059,0.003378469719860634,-0.3864789833265186,0.9222811719977408,-0.0020874890826344146,0.00012160149073806199,0.018215942105431728,-0.0546875,-0.2109375,9.80859375
376,263000000,imu2_frame,0.004225598878687904,0.00349318443813856,-0.38417510031790086,0.9232439733203399,-0.0020874890826344146,0.00012160149073806199,0.018215942105431728,-0.08984375,0.09765625,25.80859375
376,289000000,imu2_frame,0.0043252166995276,0.0032923532595675663,-0.3854810389852997,0.9226997461218521,0.013537510917365585,-0.011597148509261938,-0.10873718289456827,-0.08984375,0.09765625,25.80859375
376,313000000,imu2_frame,0.004451137288452994,0.003243930691973713,-0.38629605333133143,0.922358402938436,0.011584385917365585,0.00012160149073806199,-0.07358093289456827,-0.08984375,0.09765625,25.80859375
376,338000000,imu2_frame,0.004582300782470666,0.003193487763089891,-0.3871446983851466,0.9220020535051535,0.011584385917365585,0.00012160149073806199,-0.07358093289456827,-0.08984375,-0.1328125,19.8046875
376,739000000,imu2_frame,0.006419820244699287,0.002517787678160644,-0.4005762219326895,0.9162374894509426,0.011468542058191929,0.00012038547583068148,-0.07284512356562259,-0.12890625,-0.4375,9.8046875
376,763000000,imu2_frame,0.006062476319255301,0.002393846122174362,-0.40118727099978474,0.9159728650289631,-0.00025020794180807045,-0.02331711452416932,-0.05526699856562259,-0.12890625,-0.4375,9.8046875
376,814000000,imu2_frame,0.0056171799892449645,0.001980567102528349,-0.40246966728388034,0.9154139454691104,-0.0002477058623899897,-0.023083943378927625,-0.054714328579966366,-0.12890625,-0.36328125,9.88671875
376,839000000,imu2_frame,0.005631396661221928,0.0017178457518493382,-0.40309043782620935,0.915141210584843,-0.0002452288037660898,-0.02285310394513835,-0.0541671852941667,-0.16796875,0.328125,9.765625
376,863000000,imu2_frame,0.005582709489446885,0.001734038855717959,-0.4053137040651999,0.914158972914969,-0.01391710380376609,-0.005274978945138349,-0.2026046852941667,-0.16796875,0.328125,9.765625
376,888000000,imu2_frame,0.005873485722601371,0.0010886503221527238,-0.40638190095104093,0.9136837897135752,0.03295789619623391,-0.04238435394513835,-0.0932296852941667,-0.16796875,0.328125,9.765625
376,913000000,imu2_frame,0.005936353133510781,0.0005335639254921454,-0.40743991033279,0.9132125680743887,0.03262831723427157,-0.04196051040568696,-0.09229738844122504,-0.12890625,-0.1328125,9.8046875
376,938000000,imu2_frame,0.006086099204795041,-4.959122670517903e-05,-0.4084861958163437,0.9127442055497649,0.03230203406192886,-0.0415409053016301,-0.09137441455681278,-0.12890625,0.05859375,9.8046875
376,963000000,imu2_frame,0.005896528843593391,-0.00031355049134483375,-0.41004318164942216,0.9120469953990886,-0.002854215938071145,-0.029822155301630095,-0.13629628955681278,-0.12890625,0.05859375,9.8046875
376,989000000,imu2_frame,0.0059887766432103265,-0.00019764972254803263,-0.4109408234665992,0.9116423284915518,0.004958284061928855,0.007287219698369904,-0.07574941455681278,-0.12890625,0.05859375,9.8046875
377,13000000,imu2_frame,0.00591464376722054,-5.912298894704553e-05,-0.4117613350580261,0.9112725258915748,0.004908701221309567,0.0072143475013862046,-0.07499192041124465,-0.0546875,-0.24609375,9.80859375
377,38000000,imu2_frame,0.005749604063286703,-0.00025014520825452686,-0.41226178276527603,0.911047255608449,0.008814951221309566,-0.020129402498613794,-0.04374192041124465,-0.0546875,-0.24609375,9.80859375
377,63000000,imu2_frame,0.005709536619906279,-0.0004924764347496533,-0.4127564814257495,0.9108233888628368,0.008726801709096472,-0.019928108473627658,-0.04330450120713221,-0.0546875,0.01953125,9.80859375
377,89000000,imu2_frame,0.005958051148571623,-0.0003539881828480573,-0.4125511326072789,0.9109148913610584,0.016539301709096472,0.017181266526372342,0.01724237379286779,-0.0546875,0.01953125,9.80859375
377,113000000,imu2_frame,0.006027356654924214,-0.000137999457843927,-0.41236432144991003,0.9109990770154816,0.016373908692005508,0.01700945386110862,0.017069950054939113,-0.08984375,-0.32421875,9.80859375
377,138000000,imu2_frame,0.006114358253920836,5.4872822142274573e-05,-0.4121715171920035,0.9110857544862384,0.01621016960508545,0.016839359322497534,0.016899250554389723,-0.0546875,-0.28515625,9.76953125
377,163000000,imu2_frame,0.006162048702946929,0.0002608164865644351,-0.4119808706928303,0.9111716212183741,0.016048067909034597,0.01667096572927256,0.016730258048845825,-0.0546875,-0.36328125,9.80859375
377,188000000,imu2_frame,0.0060090401512608305,0.0006045167809371408,-0.4112336151186822,0.9115099778896234,-0.003483182090965403,0.02057721572927256,0.06555838304884583,-0.0546875,-0.36328125,9.80859375
377,214000000,imu2_frame,0.005857544532878585,0.0009941380153392486,-0.4104641691690639,0.9118573719008921,-0.0034483502700557492,0.02037144357197983,0.06490279921835737,-0.12890625,-0.40234375,9.84765625
377,238000000,imu2_frame,0.005863422662483304,0.0012442499158653922,-0.4097597782020577,0.9121737752668778,-0.0034138667673551918,0.020167729136260033,0.06425377122617379,-0.0546875,-0.01953125,9.84375
377,263000000,imu2_frame,0.005621254011318473,0.0012504513232595752,-0.41029703774012355,0.911933757844564,-0.013179491767355191,-0.007176020863739967,-0.04707435377382621,-0.0546875,-0.01953125,9.84375
377,288000000,imu2_frame,0.005171657790876315,0.0019047221884025587,-0.4103185265963178,0.911925617975998,-0.050288866767355195,0.03383960413626003,-0.0021524787738262073,-0.0546875,-0.01953125,9.84375
377,314000000,imu2_frame,0.004669534699692362,0.0026114823863626945,-0.41034071013282114,0.9119165955355379,-0.04978597809968164,0.033501208094897435,-0.0021309539860879453,-0.08984375,-0.1328125,9.8046875
377,338000000,imu2_frame,0.004129421730285782,0.003270123060473184,-0.4103611897921138,0.9119078616196614,-0.04928811831868482,0.03316619601394846,-0.0021096444462270665,-0.0546875,-0.28515625,9.80859375
377,364000000,imu2_frame,0.004191610042124414,0.003362985061576185,-0.4117528331084493,0.9112797183981963,0.015165006681315176,0.009728696013948459,-0.11734401944622706,-0.0546875,-0.28515625,9.80859375
377,389000000,imu2_frame,0.0037079602118440125,0.003565133985242025,-0.4137333848282216,0.9103835604454407,-0.027803743318684824,-3.692898605154086e-05,-0.17398464444622708,-0.0546875,-0.28515625,9.80859375
377,413000000,imu2_frame,0.0032798144890331927,0.003741750038139255,-0.4156136256934434,0.9095276555781688,-0.027525705885497975,-3.655969619102543e-05,-0.1722447980017648,-0.0546875,-0.2109375,9.84375
377,438000000,imu2_frame,0.002949042149893478,0.003604568333799692,-0.41548548389764783,0.9095878863022873,-0.009947580885497975,-0.019567809696191027,0.011348951998235206,-0.0546875,-0.2109375,9.84375
377,463000000,imu2_frame,0.0027099646361138877,0.003516567452930124,-0.4153581895502296,0.9096471097181454,-0.009848105076642995,-0.019372131599229115,0.011235462478252852,-0.20703125,-0.09375,9.8046875
377,489000000,imu2_frame,0.0024076233103253715,0.003975297320128093,-0.41633176799669885,0.9092008905175769,-0.03133248007664299,0.017737243400770885,-0.08251453752174714,-0.20703125,-0.09375,9.8046875
377,514000000,imu2_frame,0.0020787482350817055,0.004364950917106671,-0.41725815058892646,0.908775143683175,-0.031019155275876564,0.017559870966763175,-0.08168939214652968,-0.08984375,-0.1328125,9.84765625
377,538000000,imu2_frame,0.0017715187532111628,0.0048402006512477756,-0.418138046640478,0.9083688722818767,-0.0307089637231178,0.017384272257095545,-0.08087249822506438,-0.28515625,-0.2109375,9.8046875
377,563000000,imu2_frame,0.0014693465076176828,0.005294895769896479,-0.4190448127087923,0.9079489247977993,-0.030401874085886623,0.017210429534524587,-0.08006377324281375,-0.24609375,-0.171875,9.80859375
377,588000000,imu2_frame,0.0015920631552745728,0.0054727480402702285,-0.417581628835126,0.9086215370676619,0.008660625914113379,0.011351054534524589,0.12892060175718625,-0.24609375,-0.171875,9.80859375
377,613000000,imu2_frame,0.001656166396908065,0.005478655971794154,-0.416132479459282,0.9092859841549735,0.008574019654972244,0.011237543989179342,0.1276313957396144,0.1015625,-0.1328125,9.80859375
377,639000000,imu2_frame,0.001754961560247307,0.005602012768943139,-0.41463905446028637,0.9099670280175752,0.008488279458422522,0.011125168549287549,0.12635508178221827,-0.12890625,-0.171875,9.80859375
377,663000000,imu2_frame,0.0016170074873141287,0.005817870998617777,-0.41519941132257016,0.9097103860576841,-0.011042970541577478,0.011125168549287549,-0.051379293217781744,-0.12890625,-0.171875,9.80859375
377,689000000,imu2_frame,0.0014929081585835745,0.005788883332752574,-0.416176762419234,0.9092640774149356,-0.0012773455415774782,-0.006452956450712451,-0.08262929321778174,-0.12890625,-0.171875,9.80859375
377,713000000,imu2_frame,0.001427693449091398,0.0057860241657515105,-0.4170691689847657,0.9088552095345691,-0.0012645720861617035,-0.006388426886205326,-0.08180300028560393,-0.20703125,-0.09375,9.765625
377,739000000,imu2_frame,0.0011680115923149155,0.0057808919095187605,-0.4180269062958733,0.908415501106378,-0.0012519263653000864,-0.006324542617343273,-0.08098497028274788,-0.0546875,-0.4375,9.80859375
377,764000000,imu2_frame,0.001293039015475114,0.00549287937885121,-0.42198485665031615,0.9065853170463584,0.03781057363469991,-0.014137042617343273,-0.34856309528274787,-0.0546875,-0.4375,9.80859375
377,788000000,imu2_frame,0.0008938039836914546,0.005790498795482478,-0.4268538321902998,0.9043016516531382,-0.020783176365300086,0.011253582382656727,-0.44817247028274787,-0.0546875,-0.4375,9.80859375
377,814000000,imu2_frame,0.0005864926604383999,0.006054394299400326,-0.43211396528582957,0.9017984926473228,-0.020783176365300086,0.011253582382656727,-0.44817247028274787,-0.0546875,-0.2109375,9.80859375
377,838000000,imu2_frame,0.00022160133681758216,0.006365385219453605,-0.4343398671412867,0.9007265470582871,-0.030548801365300086,0.013206707382656727,-0.2059849702827479,-0.0546875,-0.2109375,9.80859375
377,863000000,imu2_frame,6.281116364152197e-06,0.006695246467633689,-0.43665463261726994,0.8996043049303191,-0.030548801365300086,0.013206707382656727,-0.2059849702827479,-0.20703125,0.05859375,9.84765625
377,889000000,imu2_frame,3.5226920263017446e-05,0.006531315161204815,-0.43595676942587785,0.8999439070703691,0.0026543236346999134,-0.014137042617343273,0.059640029717252116,-0.20703125,0.05859375,9.84765625
377,913000000,imu2_frame,-0.00019417257504843915,0.006425347254591339,-0.4353201459627217,0.9002527687981102,0.0026277803983529146,-0.013995672191169841,0.059043629420079596,-0.0546875,-0.4375,9.76953125
377,939000000,imu2_frame,-0.00023142904210928726,0.006257417720519369,-0.43463604305985054,0.9005844220490076,0.002601502594369385,-0.013855715469258142,0.058453193125878794,-0.12890625,-0.0546875,9.80859375
377,963000000,imu2_frame,-0.00030921239221976226,0.006105610047920783,-0.43401087832871343,0.9008868871317742,0.0025754875684256915,-0.013717158314565561,0.05786866119462001,-0.08984375,-0.1328125,9.8046875
377,988000000,imu2_frame,-0.0003001039122415366,0.0061984031563652765,-0.4342392324824396,0.9007762090047754,0.0006223625684256913,0.00776721668543444,-0.02025633880537999,-0.08984375,-0.1328125,9.8046875
378,13000000,imu2_frame,-0.00017678093153072113,0.0062564576492922155,-0.4344647430385751,0.900667093071913,0.0006161389427414344,0.007689544518580095,-0.02005377541732619,-0.12890625,0.09765625,9.76953125
378,39000000,imu2_frame,-0.00010737020999393383,0.006342206510803531,-0.4346971300446186,0.9005543681639572,0.0006099775533140201,0.007612649073394294,-0.019853237663152928,-0.12890625,-0.01953125,9.8046875
378,63000000,imu2_frame,-9.349910147978766e-05,0.00626418959406768,-0.4351227630910549,0.9003493389938448,0.00256310255331402,-0.006059225926605706,-0.03938448766315293,-0.12890625,-0.01953125,9.8046875
378,88000000,imu2_frame,-0.0003661937831615777,0.006374407603640062,-0.43593741660758417,0.89995433308103,-0.02478064744668598,-0.002152975926605706,-0.07258761266315293,-0.12890625,-0.01953125,9.8046875
378,113000000,imu2_frame,-0.0006851308447486298,0.00650765088660089,-0.436743718709999,0.8995621741953278,-0.02453284097221912,-0.0021314461673396486,-0.07186173653652139,-0.12890625,-0.1328125,9.8046875
378,138000000,imu2_frame,-0.0010593395405750074,0.006604170329544495,-0.4375420078260613,0.8991730946383656,-0.024287512562496928,-0.0021101317056662523,-0.07114311917115618,-0.015625,-0.2109375,9.76953125
378,163000000,imu2_frame,-0.0012478615659298605,0.006562182732339378,-0.4373097011068538,0.8992861646423421,-0.006709387562496929,-0.006016381705666252,0.020653755828843816,-0.015625,-0.2109375,9.76953125
378,188000000,imu2_frame,-0.0012855500487859702,0.006947745527160867,-0.4337368416069436,0.9010118913898946,-0.012568762562496928,0.029139868294333748,0.3175287558288438,-0.015625,-0.2109375,9.76953125
378,213000000,imu2_frame,-0.0014021556178742793,0.007388984135414349,-0.43015738466313125,0.9027225826868656,-0.012568762562496928,0.029139868294333748,0.3175287558288438,-0.0546875,-0.40234375,9.80859375
378,238000000,imu2_frame,-0.0016442058457601422,0.007549530548794333,-0.4295053790058287,0.9030312456281283,-0.010615637562496928,0.005702368294333748,0.057763130828843816,-0.0546875,-0.40234375,9.80859375
378,264000000,imu2_frame,-0.0017016105628743314,0.007688242045587856,-0.4288327811242096,0.9033495676032709,-0.01050948118687196,0.005645344611390411,0.05718549952055538,-0.16796875,-0.0546875,9.80859375
378,288000000,imu2_frame,-0.002134758840639868,0.008027182800832755,-0.42755154428262077,0.9039528107830191,-0.047618856186871956,0.007598469611390411,0.11773237452055538,-0.16796875,-0.0546875,9.80859375
378,314000000,imu2_frame,-0.0023675648712208498,0.008234212103802221,-0.42617570634165386,0.9045998340215426,-0.04714266762500324,0.007522484915276507,0.11655505077534982,-0.08984375,0.48046875,9.80859375
378,338000000,imu2_frame,-0.0028574092027581197,0.008594650506739788,-0.4249182351786704,0.9051864231239658,-0.04667124094875321,0.007447260066123741,0.11538950026759633,-0.16796875,-0.2109375,9.8046875
378,363000000,imu2_frame,-0.0032597894915347395,0.008938123390542296,-0.423619940360023,0.9057900583756134,-0.046204528539265675,0.007372787465462504,0.11423560526492037,-0.20703125,-0.01953125,9.8046875
378,389000000,imu2_frame,-0.003179497261025996,0.008866364058553528,-0.42544753809697167,0.9049340698154614,0.0045767214607343246,-0.004345962534537496,-0.15529564473507965,-0.20703125,-0.01953125,9.8046875
378,413000000,imu2_frame,-0.003213783756043595,0.008833736231914508,-0.4271166635948978,0.9041476607157248,0.004530954246126981,-0.0043025029091921215,-0.15374268828772883,-0.16796875,-0.24609375,9.8046875
378,438000000,imu2_frame,-0.003186510373981488,0.008792355084989089,-0.4288360601419663,0.9033339217396921,0.004485644703665711,-0.0042594778801002,-0.15220526140485155,-0.20703125,-0.1328125,9.8046875
378,464000000,imu2_frame,-0.0031766992545099078,0.0088741269827636,-0.42986592542499275,0.9028435327401171,-0.0013737302963342884,0.0035530221198998,-0.08775213640485155,-0.20703125,-0.1328125,9.8046875
378,488000000,imu2_frame,-0.0035018318521411887,0.008954415082331017,-0.4311512077969233,0.9022284586730054,-0.026764355296334287,-0.0081657278801002,-0.11900213640485155,-0.20703125,-0.1328125,9.8046875
378,513000000,imu2_frame,-0.003825629438999983,0.009053273146965806,-0.43247546938187487,0.9015921312809075,-0.026496711743370947,-0.008084070601299198,-0.11781211504080304,-0.24609375,-0.1328125,9.8046875
378,540000000,imu2_frame,-0.004187677071746892,0.009118491019004003,-0.43389065606633326,0.9009096597665084,-0.026231744625937237,-0.008003229895286207,-0.116633993890395,-0.16796875,-0.1328125,9.8046875
378,563000000,imu2_frame,-0.004150013510520297,0.0090461043942501,-0.4340872592416171,0.9008158506305559,0.005018255374062764,-0.006050104895286206,-0.018977743890395003,-0.16796875,-0.1328125,9.8046875
378,588000000,imu2_frame,-0.0040792592516760914,0.00922929418543567,-0.4361696278780794,0.8998078881013958,-0.000841119625937236,0.015434270104713793,-0.184993368890395,-0.16796875,-0.1328125,9.8046875
378,613000000,imu2_frame,-0.003921991408094275,0.009411228599127927,-0.43822826287634464,0.8988058947158898,-0.0008327084296778637,0.015279927403666656,-0.18314343520149107,-0.24609375,0.01953125,9.765625
378,638000000,imu2_frame,-0.003965633717718464,0.00921645689447471,-0.43903280833444114,0.8984150064850337,-0.0027858334296778637,-0.019876322596333346,-0.07181531020149105,-0.24609375,0.01953125,9.765625
378,663000000,imu2_frame,-0.0041469584308895255,0.009049622158405027,-0.4398296506190276,0.8980260494612096,-0.002757975095381085,-0.01967755937037001,-0.07109715709947614,-0.16796875,-0.24609375,9.765625
378,688000000,imu2_frame,-0.004269115995208734,0.009228710260389173,-0.4411087123997276,0.8973960716431757,-0.010570475095381084,0.0076661906296299894,-0.11406590709947614,-0.16796875,-0.24609375,9.765625
378,713000000,imu2_frame,-0.004371336621888365,0.009440518575299752,-0.44237368029281304,0.8967704806746036,-0.010464770344427275,0.00758952872333369,-0.11292524802848139,-0.24609375,-0.24609375,9.765625
378,739000000,imu2_frame,-0.004335569241225778,0.009584718898909977,-0.4436748096647409,0.896126106790746,-0.010360122640983002,0.0075136334361003525,-0.11179599554819657,-0.24609375,0.05859375,9.8046875
378,763000000,imu2_frame,-0.004579031959984104,0.009748905666374505,-0.44486457621816455,0.8955330815390633,-0.010256521414573172,0.007438497101739349,-0.11067803559271461,-0.0546875,-0.4765625,9.84375
378,788000000,imu2_frame,-0.004517812688181171,0.00993356033719284,-0.44278199819264674,0.8965628900551644,0.009274728585426828,0.01720412210173935,0.1861969644072854,-0.0546875,-0.4765625,9.84375
378,813000000,imu2_frame,-0.00439199661554438,0.010123756026292889,-0.4407174106874081,0.8975780656002215,0.00918198129957256,0.017032080880721955,0.18433499476321255,-0.12890625,-0.36328125,9.8046875
378,838000000,imu2_frame,-0.0042341615423427984,0.010206582866274263,-0.43867181727864435,0.8985793978651408,0.009090161486576834,0.016861760071914735,0.18249164481558042,0.0234375,-0.2109375,9.8046875
378,864000000,imu2_frame,-0.004323681690692855,0.009375373256126612,-0.4429248275192551,0.8964993058112116,0.026668286486576834,-0.051497614928085265,-0.36438335518441956,0.0234375,-0.2109375,9.8046875
378,888000000,imu2_frame,-0.004059581759016596,0.00907500351688559,-0.4479142346297644,0.8940212539549286,0.036433911486576834,-0.0026694899280852637,-0.46399273018441956,0.0234375,-0.2109375,9.8046875
378,914000000,imu2_frame,-0.0035860884107251608,0.008728387386425358,-0.453302574397483,0.8913067548651011,0.036433911486576834,-0.0026694899280852637,-0.46399273018441956,-0.08984375,0.13671875,9.76953125
378,939000000,imu2_frame,-0.003044508752818249,0.008350762471539212,-0.45846775583551475,0.8886665924809736,0.036433911486576834,-0.0026694899280852637,-0.46399273018441956,-0.08984375,0.328125,9.84765625
378,963000000,imu2_frame,-0.003155973359769489,0.008665480254683295,-0.45893396009345383,0.8884225174752429,-0.039737963513423166,0.020768010071914735,-0.04407085518441958,-0.08984375,0.328125,9.84765625
378,988000000,imu2_frame,-0.002795075355333992,0.0085040072418391,-0.4589906511220018,0.8883959993140387,0.012996411486576834,0.0031898850719147363,-0.005008355184419583,-0.08984375,0.328125,9.84765625
379,14000000,imu2_frame,-0.0025873082732133495,0.008468102210111952,-0.45904915744689717,0.8883667419079534,0.012866447371711066,0.0031579862211955885,-0.004958271632575388,-0.16796875,-0.0546875,9.76953125
379,38000000,imu2_frame,-0.0025548614803076668,0.00847054278786596,-0.4585602065960927,0.8886192995395972,-0.0008054276282889337,-0.0007482637788044112,0.04582297836742461,-0.16796875,-0.0546875,9.76953125
379,63000000,imu2_frame,-0.0026121435170726264,0.00847363659989287,-0.45805640293906574,0.8888789039658571,-0.0007973733520060444,-0.0007407811410163672,0.045364748583750364,-0.08984375,-0.2109375,9.8046875
379,88000000,imu2_frame,-0.0026154887658327583,0.00811708592986206,-0.45831307484261263,0.8887499072083399,0.016780751647993957,-0.024178281141016368,-0.022994626416249633,-0.08984375,-0.2109375,9.8046875
379,113000000,imu2_frame,-0.0027347984403760825,0.008444701455129369,-0.4591967940092948,0.8882902184907867,-0.016422373352006043,0.020743593858983632,-0.07963525141624964,-0.08984375,-0.2109375,9.8046875
379,138000000,imu2_frame,-0.0028075948007730625,0.008765230786085843,-0.460070929149995,0.887834459959604,-0.016258149618485984,0.020536157920393795,-0.07883889890208713,-0.12890625,-0.1328125,9.8046875
379,163000000,imu2_frame,-0.0028702865216182856,0.009052292918403615,-0.46093597490652116,0.8873825806748621,-0.016095568122301125,0.02033079634118986,-0.07805050991306627,-0.08984375,-0.09375,9.84765625
379,189000000,imu2_frame,-0.0028702749730682917,0.009611827350958845,-0.4602580524955975,0.8877285054618411,-0.021954943122301125,0.03986204634118986,0.058668240086933734,-0.08984375,-0.09375,9.84765625
379,214000000,imu2_frame,-0.002999892140554885,0.010227041152465905,-0.459612732573198,0.8880554849405576,-0.021735393691078114,0.03946342587777796,0.0580815576860644,-0.12890625,-0.40234375,9.84765625
379,238000000,imu2_frame,-0.003066428453979008,0.010799285633113808,-0.45899877732593614,0.8883659689900592,-0.021518039754167332,0.03906879161900018,0.05750074210920375,-0.16796875,-0.28515625,9.8046875
379,263000000,imu2_frame,-0.003098027607132297,0.01102329346839928,-0.4605070607468326,0.8875821856190942,-0.003939914754167332,0.01563129161900018,-0.13585863289079625,-0.16796875,-0.28515625,9.8046875
379,288000000,imu2_frame,-0.002924595735133448,0.010826467630681595,-0.46335923901411796,0.8860995711310808,0.027310085245832668,-0.00585308338099982,-0.25695238289079625,-0.16796875,-0.28515625,9.8046875
379,314000000,imu2_frame,-0.0031383759891692267,0.010665840366920662,-0.465574452517948,0.8849388790238742,-0.001986789754167332,-0.01757183338099982,-0.19249925789079625,-0.16796875,-0.28515625,9.8046875
379,339000000,imu2_frame,-0.0032236756646935737,0.010408419146773948,-0.46768030053314263,0.883830531956949,-0.0019669218566256584,-0.01739611504718982,-0.19057426531188829,-0.08984375,0.01953125,9.8046875
379,364000000,imu2_frame,-0.0031624785345755963,0.010323747037611929,-0.46689408922177233,0.8842473231095436,-1.3796856625658376e-05,-0.0017711150471898213,0.07114448468811171,-0.08984375,0.01953125,9.8046875
379,388000000,imu2_frame,-0.0032358669457260686,0.010285028324603152,-0.46613744806991,0.8846466112885664,-0.01173254685662566,-0.0037242400471898213,0.07114448468811171,-0.08984375,0.01953125,9.8046875
379,413000000,imu2_frame,-0.0030372700329961756,0.010101072558158017,-0.46543859762870105,0.885017319130733,0.01365807814337434,-0.0037242400471898213,0.06333198468811171,-0.08984375,0.01953125,9.8046875
379,438000000,imu2_frame,-0.002899579252776232,0.010133344370990826,-0.4655596774238523,0.8849537245127649,0.0019393281433743416,0.009947634952810178,-0.010886765311888282,-0.08984375,0.01953125,9.8046875
379,464000000,imu2_frame,-0.0028705884915889096,0.010293349348803158,-0.4656842554782799,0.8848864225879702,0.0019199348619405982,0.009848158603282076,-0.010777897658769398,-0.20703125,-0.28515625,9.8046875
379,488000000,imu2_frame,-0.00274025091320648,0.01044298906052596,-0.4654477837275875,0.8850094890042093,0.009732434861940599,0.013754408603282076,0.022425227341230602,-0.20703125,-0.28515625,9.8046875
379,513000000,imu2_frame,-0.0028827053919980427,0.010327720336186839,-0.46264691245897016,0.8864777846028983,-0.001986315138059402,-0.017495591396717924,0.2528939773412306,-0.20703125,-0.28515625,9.8046875
379,538000000,imu2_frame,-0.003190927554356181,0.010232607872878007,-0.4598424870850237,0.8879358078087193,-0.001986315138059402,-0.017495591396717924,0.2528939773412306,-0.08984375,-0.59375,9.8046875
379,563000000,imu2_frame,-0.0032426382249308282,0.010075009932917926,-0.45703191912275765,0.8893873196617788,-0.001986315138059402,-0.017495591396717924,0.2528939773412306,-0.20703125,-0.09375,9.8046875
379,589000000,imu2_frame,-0.0030578964243877333,0.009951446467480047,-0.45788043126461686,0.8889528270091676,0.015591809861940599,-0.0038237163967179233,-0.0732778976587694,-0.20703125,-0.09375,9.8046875
379,614000000,imu2_frame,-0.0030014364513718697,0.010082909048248039,-0.459149722656702,0.8882966050304519,-0.001986315138059402,0.009848158603282076,-0.1142935226587694,-0.20703125,-0.09375,9.8046875
379,638000000,imu2_frame,-0.0030092250344994653,0.010172633355371144,-0.46035590334995957,0.8876710563864025,-0.001966451986678808,0.009749677017249256,-0.1131505874321817,-0.08984375,-0.171875,9.80859375
379,663000000,imu2_frame,-0.0027757403128251756,0.010037299781009095,-0.4610945243226108,0.887289911764203,0.02342417301332119,0.001937177017249256,-0.0662755874321817,-0.08984375,-0.171875,9.80859375
379,689000000,imu2_frame,-0.002431366157521979,0.009934247008735245,-0.46185358264018217,0.8868972135469848,0.02318993128318798,0.0019178052470767636,-0.06561283155785988,-0.24609375,-0.01953125,9.84765625
379,714000000,imu2_frame,-0.0026554712105794458,0.010057227746270546,-0.4642212168572633,0.8856582086009656,-0.02368506871681202,-0.0019884447529232366,-0.21405033155785988,-0.24609375,-0.01953125,9.84765625
379,738000000,imu2_frame,-0.002969821077053545,0.010185483610448449,-0.46649165946878624,0.8844619651135088,-0.02368506871681202,-0.0019884447529232366,-0.21405033155785988,-0.16796875,-0.2109375,9.8046875
379,764000000,imu2_frame,-0.003261111652497451,0.010275445313013233,-0.46894777228003315,0.8831601028397985,-0.02368506871681202,-0.0019884447529232366,-0.21405033155785988,-0.12890625,-0.09375,9.8046875
379,789000000,imu2_frame,-0.0029514116669167798,0.01012902949368236,-0.4687266838866753,0.883280243039144,0.02514305628318798,0.0019178052470767636,0.020324668442140113,-0.12890625,-0.09375,9.8046875
379,814000000,imu2_frame,-0.0029465982739130064,0.010231083043468757,-0.4679841013370847,0.8836727467756891,-0.0061069437168120196,0.007777180247076763,0.06719966844214012,-0.12890625,-0.09375,9.8046875
379,839000000,imu2_frame,-0.0029769786105271314,0.01034942357001265,-0.4672487549221284,0.8840603079280518,-0.0060458742796439,0.007699408444605996,0.0665276717577187,-0.12890625,-0.171875,9.80859375
379,863000000,imu2_frame,-0.00303340823546976,0.010452235099634163,-0.46654986845988405,0.8844279334439658,-0.005985415536847461,0.007622414360159936,0.06586239504014152,-0.08984375,-0.2109375,9.8046875
379,888000000,imu2_frame,-0.003041706023291543,0.01044856911200594,-0.46612473164586254,0.8846520841415862,0.0018270844631525394,0.0017630393601599358,0.03851864504014152,-0.08984375,-0.2109375,9.8046875
379,914000000,imu2_frame,-0.0030954343130751272,0.01041242508027667,-0.4657976724539228,0.8848245747191186,-0.00012478013147898602,-0.0021217785334416636,0.028465489839740107,-0.08984375,-0.2109375,9.8046875
379,938000000,imu2_frame,-0.00312085774465211,0.010386866018480096,-0.46549849208752886,0.8849822185363323,-0.0001235323301641961,-0.0021005607481072467,0.028180834941342707,-0.12890625,-0.171875,9.80859375
379,963000000,imu2_frame,-0.0031465454661524024,0.010361309454504468,-0.46518989524891,0.8851446796294522,-0.0001222970068625541,-0.002079555140626174,0.02789902659192928,-0.12890625,-0.171875,9.76953125
379,989000000,imu2_frame,-0.0031943284038831146,0.010346950811038712,-0.4648718341268557,0.8853117613081256,-0.0020546677867939282,-0.0020587595892199127,0.027620036326009987,-0.12890625,-0.171875,9.76953125
380,14000000,imu2_frame,-0.003154573863779993,0.010342128037530112,-0.46459132420868837,0.8854591975474707,0.0037666601410740108,0.0018290155066722866,0.025410242212749887,-0.12890625,-0.171875,9.76953125
380,39000000,imu2_frame,-0.003115611238481846,0.010336953681885558,-0.46431357832959036,0.8856050707476558,0.0037289935396632706,0.0018107253516055637,0.025156139790622388,-0.12890625,-0.171875,9.80859375
380,64000000,imu2_frame,-0.003096990605107146,0.010343487033179046,-0.4639057825331893,0.8858187432299318,0.0017758685396632708,0.0018107253516055637,0.03687488979062239,-0.12890625,-0.171875,9.80859375
380,88000000,imu2_frame,-0.003097878885664766,0.010315906428352744,-0.46351851962990137,0.8860217645075521,0.001758109854266638,0.001792618098089508,0.036506140892716164,-0.0546875,-0.171875,9.8046875
380,114000000,imu2_frame,-0.003109265019225773,0.010266732717794937,-0.4632337609519225,0.8861712077159123,0.001758109854266638,-0.00016050690191049197,0.024787390892716164,-0.0546875,-0.171875,9.8046875
380,138000000,imu2_frame,-0.0031049533902565416,0.010252512091120597,-0.46297314805009604,0.8863075704544386,0.0017405287557239715,-0.00015890183289138705,0.024539516983789002,-0.12890625,-0.171875,9.80859375
380,164000000,imu2_frame,-0.003134384530468721,0.010213356911603931,-0.46269403411238585,0.8864536613783135,0.0017231234681667317,-0.00015731281456247316,0.024294121813951113,-0.0546875,-0.2109375,9.80859375
380,189000000,imu2_frame,-0.003164120555933088,0.010175261985403874,-0.462385459162325,0.8866149894626651,0.0017058922334850645,-0.00015573968641684844,0.0279183680958116,-0.0546875,-0.2109375,9.80859375
380,214000000,imu2_frame,-0.003182743390715281,0.010158854943464564,-0.4620799928435718,0.8867743501164381,0.001688833311150214,0.00177941146044732,0.027639184414853486,-0.0546875,-0.2109375,9.80859375
380,238000000,imu2_frame,-0.003224270343931639,0.010101246141635498,-0.46181007727747053,0.8869154533731567,0.0016719449780387117,-0.0021055701541571534,0.025429198820704952,-0.0546875,-0.2109375,9.80859375
380,264000000,imu2_frame,-0.0032471228996134734,0.010032836346867881,-0.46152042749466027,0.8870669046880612,0.0016552255282583246,-0.0020845144526155817,0.0251749068324979,-0.0546875,-0.171875,9.8046875
380,289000000,imu2_frame,-0.003248638202928992,0.010008966006837193,-0.4612877210071323,0.8871882017911118,0.0016386732729757414,0.0018035181919105743,0.021055970264172923,-0.0546875,-0.171875,9.8046875
380,314000000,imu2_frame,-0.0032398062631437785,0.009953097926359568,-0.4610145790858738,0.8873308274636469,0.003555880290245984,-0.00014811074000853155,0.024712598061531196,-0.0546875,-0.171875,9.8046875
380,338000000,imu2_frame,-0.003224854357691904,0.00991469028699418,-0.46075478257007096,0.8874662413690402,0.003520321487343524,-0.00014662963260844624,0.024465472080915884,-0.08984375,-0.171875,9.80859375
380,363000000,imu2_frame,-0.0032088566698059273,0.009876034666308351,-0.4604868115955586,0.8876058041296818,0.0034851182724700887,-0.00014516333628236179,0.024220817360106724,-0.08984375,-0.171875,9.80859375
380,388000000,imu2_frame,-0.0032144568860534273,0.00984905404629479,-0.4601997821651112,0.8877549345942861,0.0015166733397453881,-0.00014371170291953818,0.025912202936505657,-0.08984375,-0.171875,9.80859375
380,413000000,imu2_frame,-0.003229739031310042,0.0098013320787986,-0.45978255077539937,0.8879715697463169,0.0015166733397453881,-0.002096836702919538,0.03763095293650566,-0.08984375,-0.171875,9.80859375
380,438000000,imu2_frame,-0.0032535636698621975,0.009781235852618026,-0.45936925178045174,0.8881855843613482,0.0015015066063479342,-0.0020758683358903427,0.0372546434071406,-0.12890625,-0.2109375,9.8046875
380,464000000,imu2_frame,-0.0032586359324546276,0.009747219902917516,-0.45932298190263215,0.8882098689454527,0.003454631606347934,-0.0020758683358903427,0.0040515184071405995,-0.12890625,-0.2109375,9.8046875
380,488000000,imu2_frame,-0.003230675800942995,0.009699044192362049,-0.45928058781152437,0.8882324205607025,0.003420085290284455,-0.0020551096525314393,0.004011003223069194,-0.12890625,-0.1328125,9.8046875
380,514000000,imu2_frame,-0.0032225498197047736,0.009660102773003117,-0.4591678841359806,0.8882911413298915,0.0014522906873816104,-0.002034558556006125,0.009771674440838502,-0.12890625,-0.1328125,9.8046875
380,541000000,imu2_frame,-0.0032497348298100464,0.009638942290869356,-0.4590521215073601,0.888351101622912,0.0014377677805077942,-0.002014212970446064,0.009673957696430119,-0.12890625,-0.2109375,9.8046875
380,564000000,imu2_frame,-0.0032423299614407685,0.009605136245653293,-0.45895438994548055,0.8884019904322004,0.0014233901027027162,-0.001994070840741603,0.009577218119465818,-0.12890625,-0.1328125,9.765625
380,588000000,imu2_frame,-0.003233466979024013,0.009570926410555817,-0.4587274562817299,0.8885195906181432,0.0014233901027027162,-0.001994070840741603,0.021295968119465818,-0.12890625,-0.1328125,9.765625
380,613000000,imu2_frame,-0.0032139891543243315,0.009557282434379461,-0.45853643313796283,0.888618404103415,0.0014091562016756891,-4.053638233418705e-05,0.01721582093827116,-0.12890625,-0.1328125,9.765625
380,639000000,imu2_frame,-0.003211774262988718,0.009552266464679927,-0.4583397931277643,0.8887199068025142,0.0013950646396589323,-4.013101851084518e-05,0.017043662728888447,-0.12890625,-0.171875,9.80859375
380,663000000,imu2_frame,-0.0032111354744302424,0.009547981861624645,-0.45816008223984195,0.8888126144994323,0.001381113993262343,-3.972970832573673e-05,0.016873226101599564,-0.12890625,-0.171875,9.80859375
380,688000000,imu2_frame,-0.0032738172953391356,0.009576393795564787,-0.4579740375569752,0.8889079568357747,-0.00443347839667028,-3.933241124247936e-05,0.01670449384058357,-0.12890625,-0.171875,9.80859375
380,714000000,imu2_frame,-0.0033151635669066075,0.00959386813411834,-0.4577827005999408,0.8890061678167226,-0.0024555498627035774,-3.893908713005457e-05,0.01653744890217773,-0.12890625,-0.171875,9.80859375
380,738000000,imu2_frame,-0.0033538507097227235,0.009609892237147855,-0.45760783491269125,0.8890958728298802,-0.002430994364076542,-3.854969625875402e-05,0.016372074413155954,-0.12890625,-0.171875,9.80859375
380,763000000,imu2_frame,-0.0033929209154051126,0.009626169461494466,-0.4574274816485884,0.8891883512404956,-0.0024066844204357766,-3.816419929616648e-05,0.016208353669024393,-0.12890625,-0.171875,9.80859375
380,788000000,imu2_frame,-0.0033791711265991043,0.009587784953775933,-0.4573140076302696,0.8892471838624618,0.0034181636737685814,-0.001971376307303205,0.01024548888233415,-0.12890625,-0.171875,9.80859375
380,813000000,imu2_frame,-0.0034081768782183576,0.009572151018913127,-0.45717969933814834,0.8893162996191616,-0.00048320546296910447,-0.0019516625442301727,0.012076627743510808,-0.12890625,-0.171875,9.80859375
380,839000000,imu2_frame,-0.0034373493239105643,0.009556128042800684,-0.45704139822973133,0.8893874438908317,-0.0004783734083394133,-0.001932145918787871,0.0119558614660757,-0.12890625,-0.171875,9.80859375
380,863000000,imu2_frame,-0.003433555830918563,0.00955196488224016,-0.45687403339643423,0.8894734893572256,0.0014600040757439807,2.0769290400007674e-05,0.015703490351414943,-0.12890625,-0.171875,9.80859375
380,889000000,imu2_frame,-0.0034462955563975836,0.009556454542255224,-0.4566945666080453,0.8895655512969292,0.001445404034986541,2.0561597496007598e-05,0.015546455447900794,-0.12890625,-0.2109375,9.8046875
380,914000000,imu2_frame,-0.0035137709198338326,0.00956166487718225,-0.4565661709764913,0.8896311367631895,-0.0024362375053633245,-0.0019132377684789525,0.011523803393421787,-0.12890625,-0.2109375,9.8046875
380,938000000,imu2_frame,-0.003551963224591358,0.00957573746827069,-0.4564438850555874,0.8896935812989502,-0.002411875130309691,-0.001894105390794163,0.01140856535948757,-0.16796875,-0.171875,9.80859375
380,963000000,imu2_frame,-0.003600141342478087,0.009572146496872401,-0.45631796396319235,0.8897580169676715,-0.0023877563790065943,-0.0018751643368862213,0.011294479705892695,-0.12890625,-0.171875,9.76953125
380,988000000,imu2_frame,-0.0035615600461737945,0.009578561843498342,-0.4561726572803577,0.8898326096479187,0.0034369024347834717,0.002010774806482641,0.013115128658833769,-0.12890625,-0.171875,9.76953125
381,13000000,imu2_frame,-0.0035454063920529405,0.009595705231614187,-0.45605007214921517,0.8898953220617124,0.0014689396604356368,0.0019906670584178146,0.011050383622245433,-0.12890625,-0.171875,9.76953125
381,39000000,imu2_frame,-0.0035285775789225438,0.00961308978434288,-0.45592385034619054,0.8899598756857368,0.0014542502638312804,0.0019707603878336365,0.010939879786022979,-0.12890625,-0.171875,9.76953125
381,64000000,imu2_frame,-0.0035131598120939247,0.00962920344386175,-0.45580369606367965,0.8900213069381319,0.0014397077611929675,0.0019510527839553,0.01083048098816275,-0.12890625,-0.171875,9.80859375
381,88000000,imu2_frame,-0.0036299475830262355,0.009618906055727221,-0.4572510683773311,0.8892782245139171,-0.006372792238807033,-0.0039083222160447,-0.13565389401183725,-0.12890625,-0.171875,9.80859375
381,114000000,imu2_frame,-0.003636490166867069,0.009646332290338176,-0.45730658745019814,0.8892493515810204,-0.0005134172388070325,0.0019510527839553,-0.0047945190118372505,-0.12890625,-0.171875,9.80859375
381,138000000,imu2_frame,-0.0036342875453593665,0.009689019999728429,-0.4573571302245895,0.8892229024705844,-0.0005082830664189621,0.001931542256115747,-0.004746573821718877,-0.16796875,-0.171875,9.80859375
381,163000000,imu2_frame,-0.0036587897850794103,0.009723447572314099,-0.45740951055434015,0.8891954832763469,-0.0005032002357547726,0.0019122268335545894,-0.004699108083501689,-0.12890625,-0.2109375,9.8046875
381,189000000,imu2_frame,-0.003747650441110565,0.009737856125219104,-0.45719235360595983,0.8893066293908412,-0.004409450235754772,-0.0019940231664454106,0.01873839191649831,-0.12890625,-0.2109375,9.8046875
381,213000000,imu2_frame,-0.0038003540366389485,0.009710248009201705,-0.4570148840144185,0.8893979222946744,-0.000498168233397225,-0.0039076766847809564,0.016617414247333328,-0.12890625,-0.2109375,9.8046875
381,238000000,imu2_frame,-0.003844218652090257,0.009699434300837246,-0.4568316352957164,0.8894919898179187,-0.0004931865510632526,-0.003868599917933147,0.016451240104859995,-0.16796875,-0.2109375,9.8046875
381,264000000,imu2_frame,-0.0038435425548440363,0.009720467526879006,-0.45664338272029764,0.8895884220859959,0.0014453390644473799,3.7273581246184654e-05,0.016286727703811395,-0.16796875,-0.2109375,9.8046875
381,289000000,imu2_frame,-0.003816978981301877,0.009750205356327047,-0.45646390737056025,0.8896803164254936,0.001430885673802906,3.690084543372281e-05,0.01612386042677328,-0.20703125,-0.171875,9.80859375
381,314000000,imu2_frame,-0.003793818837970458,0.009724591359074374,-0.4565234016811817,0.8896501688748034,0.003384010673802906,-0.003869349154566277,-0.00536051457322672,-0.20703125,-0.171875,9.80859375
381,338000000,imu2_frame,-0.0037984343851569335,0.009693739276837705,-0.4565801780676783,0.8896213488393484,0.0033501705670648772,-0.0038306556630206146,-0.005306909427494452,-0.16796875,-0.2109375,9.8046875
381,363000000,imu2_frame,-0.003766733748061341,0.00968823196751614,-0.45663827069647234,0.8895917263630266,0.0033166688613942286,-0.003792349106390408,-0.005253840333219507,-0.24609375,-0.171875,9.76953125
381,389000000,imu2_frame,-0.0037096512507093712,0.0097259229249771,-0.45649561777991743,0.8896647659981748,0.0033166688613942286,0.00011390089360959174,0.012324284666780493,-0.24609375,-0.171875,9.76953125
381,413000000,imu2_frame,-0.003686782273967087,0.009806240469216285,-0.4563441955149937,0.8897416594181131,-0.000583685327219714,0.0020463556346734958,0.01413463557011269,-0.24609375,-0.171875,9.76953125
381,438000000,imu2_frame,-0.0036815955313627582,0.009895072773006145,-0.45618810762331163,0.8898207369196464,-0.0005778484739475168,0.002025892078326761,0.013993289214411564,-0.24609375,-0.2109375,9.8046875
381,463000000,imu2_frame,-0.003676545368516701,0.009982747960456189,-0.45603356701913406,0.8898989906214729,-0.0005720699892080416,0.002005633157543493,0.01385335632226745,-0.24609375,-0.2109375,9.8046875
381,488000000,imu2_frame,-0.003600523577385077,0.010056310837802231,-0.45629262720864366,0.8897656687001,0.005287305010791958,0.003958758157543494,-0.02325601867773255,-0.24609375,-0.2109375,9.8046875
381,513000000,imu2_frame,-0.0035441073999482246,0.010141123620100162,-0.4563124850181291,0.8897547487544191,0.0033341800107919584,0.003958758157543494,-0.0017716436777325505,-0.24609375,-0.2109375,9.8046875
381,539000000,imu2_frame,-0.0034957885148958106,0.010208683133118724,-0.4563331583834066,0.8897435646359976,0.0033008382106840387,0.0039191705759680584,-0.0017539272409552234,-0.20703125,-0.2109375,9.765625
381,563000000,imu2_frame,-0.00342625236338076,0.010281980751805543,-0.4563517713311531,0.8897334446166902,0.003267829828577198,0.0038799788702083777,-0.0017363879685456697,-0.24609375,-0.171875,9.76953125
381,588000000,imu2_frame,-0.0034314375476616208,0.01036641514643921,-0.4564561717127318,0.8896788892509058,-0.002565629719708574,0.001907585331506294,-0.009453399088860212,-0.24609375,-0.171875,9.76953125
381,613000000,imu2_frame,-0.003542663202169076,0.010451791497055957,-0.45638560718510623,0.8897136545800677,-0.010378129719708574,-0.001998664668493706,0.006171600911139788,-0.24609375,-0.171875,9.76953125
381,638000000,imu2_frame,-0.003642831322801117,0.010508604669910425,-0.4563158723718885,0.8897483484836191,-0.010274348422511488,-0.001978678021808769,0.006109884902028389,-0.20703125,-0.1328125,9.8046875
381,663000000,imu2_frame,-0.0035964882528593937,0.010485886989472464,-0.4566823367614655,0.8895607650612624,0.003397526577488512,-0.001978678021808769,-0.03295261509797161,-0.20703125,-0.1328125,9.8046875
381,688000000,imu2_frame,-0.003690676490006558,0.010448408029440538,-0.4570462501733582,0.8893739004935824,0.003363551311713627,-0.0019588912415906814,-0.032623088946991896,-0.0546875,-0.36328125,9.80859375
381,713000000,imu2_frame,-0.0036707582009238102,0.010374946194145087,-0.4607083045204877,0.8874833768423815,0.015082301311713626,0.0019473587584093188,-0.3294980889469919,-0.0546875,-0.36328125,9.80859375
381,739000000,imu2_frame,-0.0036007202779056095,0.010340881199993955,-0.4645078124794787,0.885501323056616,0.015082301311713626,0.0019473587584093188,-0.3294980889469919,-0.16796875,-0.32421875,9.80859375
381,763000000,imu2_frame,-0.003524130734055273,0.010304255959931346,-0.46800742923109084,0.8836574273983029,0.015082301311713626,0.0019473587584093188,-0.3294980889469919,-0.16796875,-0.28515625,9.8046875
381,788000000,imu2_frame,-0.0033269966131980635,0.010015365978307387,-0.46856522678764795,0.8833658651902373,0.030707301311713626,-0.01367764124159068,-0.050201213946991896,-0.16796875,-0.28515625,9.8046875
381,813000000,imu2_frame,-0.003276148604816351,0.010042345455563055,-0.47015537416610587,0.8825204486530606,0.009222926311713626,0.0039004837584093186,-0.1439512139469919,-0.16796875,-0.28515625,9.8046875
381,838000000,imu2_frame,-0.0030627781422797305,0.010004170625995956,-0.47172741016030056,0.8816823614338628,0.009130697048596492,0.0038614789208252253,-0.14251170180752198,-0.20703125,0.05859375,9.8046875
381,863000000,imu2_frame,-0.0029747368317686244,0.0099870442288539,-0.47328299261585166,0.8808488058622413,0.009039390078110526,0.0038228641316169734,-0.14108658478944675,-0.12890625,-0.171875,9.80859375
381,888000000,imu2_frame,-0.0030372345351518766,0.009960605617281942,-0.4727069718853306,0.8811581471410889,-0.0026793599218894746,-0.003989635868383027,0.05227279021055324,-0.12890625,-0.171875,9.80859375
381,913000000,imu2_frame,-0.0028019511446284945,0.009881266839210038,-0.4724997612022223,0.881270948856978,0.020758140078110526,0.0038228641316169734,0.01906966521055324,-0.12890625,-0.171875,9.80859375
381,939000000,imu2_frame,-0.0025699903081993565,0.009827868505128498,-0.4722862386232216,0.8813867011463193,0.020550558677329422,0.0037846354903008036,0.018878968558447708,-0.16796875,-0.2109375,9.765625
381,963000000,imu2_frame,-0.002381231944726671,0.009746401457698535,-0.47209146347148223,0.8814924772852034,0.020345053090556127,0.0037467891353977953,0.01869017887286323,-0.08984375,-0.2109375,9.8046875
381,989000000,imu2_frame,-0.0019128658729071343,0.009518262479052181,-0.4753941878087657,0.8797193358231796,0.04573567809055613,0.005699914135397796,-0.28795044612713677,-0.08984375,-0.2109375,9.8046875
382,13000000,imu2_frame,-0.002018231544841102,0.009699505725273644,-0.4786366133514168,0.8779571963880718,-0.008951821909443873,0.013512414135397796,-0.30748169612713677,-0.08984375,-0.2109375,9.8046875
382,38000000,imu2_frame,-0.002138239982965477,0.009939681127868076,-0.4820069415137491,0.8761084059643607,-0.008951821909443873,0.013512414135397796,-0.30748169612713677,-0.16796875,-0.28515625,9.8046875
382,64000000,imu2_frame,-0.0027220584367564516,0.010475580585113112,-0.4846774066275226,0.8746260138562602,-0.05192057190944387,0.015465539135397796,-0.23521607112713677,-0.16796875,-0.28515625,9.8046875
382,89000000,imu2_frame,-0.0033551090148865544,0.011052083790229681,-0.48724068861694886,0.8731913341550485,-0.05192057190944387,0.015465539135397796,-0.23521607112713677,-0.20703125,-0.4765625,9.8046875
382,114000000,imu2_frame,-0.003307161516538856,0.011050651414690365,-0.4873802319710026,0.873113655413719,0.016438803090556127,-0.0001594608646022045,-0.012559821127136769,-0.20703125,-0.4765625,9.8046875
382,139000000,imu2_frame,-0.003158972777546701,0.010993079981907423,-0.48751802413539325,0.8730379998755062,0.016274415059650566,-0.00015786625595618246,-0.012434222915865403,-0.20703125,-0.24609375,9.8046875
382,163000000,imu2_frame,-0.0030051984547606915,0.010932334677138993,-0.48764891093763013,0.8729662035280048,0.01611167090905406,-0.00015628759339662065,-0.01230988068670675,-0.20703125,-0.2109375,9.8046875
382,188000000,imu2_frame,-0.0029731308066383625,0.01063684688958597,-0.48757127035473563,0.8730133299704669,0.01611167090905406,-0.02164066259339662,0.007221369313293251,-0.20703125,-0.2109375,9.8046875
382,213000000,imu2_frame,-0.002790340926311037,0.010511425926043236,-0.4872602917963431,0.8731890585440583,0.02001792090905406,-0.004062537593396621,0.02870574431329325,-0.20703125,-0.2109375,9.8046875
382,239000000,imu2_frame,-0.0027335072481981444,0.010386439454954734,-0.4869410141003143,0.8733688216329515,0.019817741699963518,-0.0040219122174626545,0.028418686870160317,-0.08984375,-0.4375,9.8046875
382,263000000,imu2_frame,-0.0025549078792815186,0.010289892604487384,-0.4866480561431232,0.8735337772565158,0.019619564282963884,-0.003981693095288028,0.028134500001458715,-0.24609375,-0.2109375,9.84765625
382,288000000,imu2_frame,-0.0029701642419944028,0.010551429458327346,-0.48912766571998423,0.8721433208412944,-0.03506793571703612,-7.544309528802789e-05,-0.22772487499854127,-0.24609375,-0.2109375,9.84765625
382,313000000,imu2_frame,-0.002923831240488077,0.010938947130684997,-0.491905437988346,0.8705750000568836,-0.007724185717036116,0.02726830690471197,-0.25506862499854127,-0.24609375,-0.2109375,9.84765625
382,339000000,imu2_frame,-0.0028459587885145852,0.011227721676679184,-0.4947896067972711,0.8689356039373269,-0.007724185717036116,0.02726830690471197,-0.25506862499854127,-0.08984375,-0.0546875,9.84375
382,364000000,imu2_frame,-0.0027201134283586807,0.011471899073185403,-0.4975574840795232,0.8673508785670575,-0.007724185717036116,0.02726830690471197,-0.25506862499854127,-0.08984375,0.05859375,9.765625
382,388000000,imu2_frame,-0.0028355431211892724,0.01155051642541031,-0.49949712285706555,0.8662339000079756,-0.019442935717036116,0.005783931904711972,-0.18670924999854127,-0.08984375,0.05859375,9.765625
382,414000000,imu2_frame,-0.0024996933595590777,0.011325610489127507,-0.5007010616774171,0.8655425633180983,0.023525814282963884,0.0018776819047119722,-0.10663112499854129,-0.08984375,0.05859375,9.765625
382,438000000,imu2_frame,-0.002263942307519915,0.011180621974498275,-0.501800496402467,0.8649081627940214,0.023290556140134245,0.0018589050856648525,-0.10556481374855586,-0.12890625,-0.1328125,9.8046875
382,464000000,imu2_frame,-0.0022881530580026272,0.01110239719618602,-0.5057279493449317,0.8626185381635684,0.003759306140134245,-0.0020473449143351475,-0.34970543874855586,-0.12890625,-0.1328125,9.8046875
382,488000000,imu2_frame,-0.0025127718385119725,0.011149618390574993,-0.5093447797509151,0.8604866456418275,0.003759306140134245,-0.0020473449143351475,-0.34970543874855586,-0.12890625,-0.59375,9.765625
382,514000000,imu2_frame,-0.002743201695212232,0.01109880397651806,-0.5141896659323513,0.8576003024971057,0.007665556140134245,-0.007906719914335147,-0.43368981374855586,-0.12890625,-0.59375,9.765625
382,542000000,imu2_frame,-0.002747700742266684,0.010876130759386048,-0.5193882573081511,0.8544647436206702,0.007665556140134245,-0.007906719914335147,-0.43368981374855586,-0.08984375,-0.0546875,9.80859375
382,564000000,imu2_frame,-0.002770786799123613,0.010799803768075973,-0.5234588194338958,0.8519780228010327,0.007665556140134245,-0.007906719914335147,-0.43368981374855586,-0.24609375,-0.2109375,9.84765625
382,588000000,imu2_frame,-0.0022575093687603022,0.010689840891705672,-0.524603232634547,0.8512767348298339,0.04477493114013424,0.011624530085664853,-0.11142418874855586,-0.24609375,-0.2109375,9.84765625
382,614000000,imu2_frame,-0.0015760948637050358,0.010177648997951668,-0.5243103099879362,0.8514649906051391,0.06821243114013424,-0.009859844914335147,0.02724768625144413,-0.24609375,-0.2109375,9.84765625
382,639000000,imu2_frame,-0.0009488851569210704,0.009637245066922779,-0.5240315897196891,0.8516437730062579,0.0675303068287329,-0.009761246465191796,0.026975209388929687,-0.12890625,-0.171875,9.80859375
382,663000000,imu2_frame,-0.0005214885870316141,0.009274328790920649,-0.5237667910986269,0.8518110491284901,0.06685500376044558,-0.009663634000539878,0.02670545729504039,-0.20703125,-0.59375,9.84765625
382,689000000,imu2_frame,-0.0008438044884632417,0.009066190652246134,-0.5236235511772034,0.851901090992151,0.006308128760445573,-0.029194884000539878,0.01303358229504039,-0.20703125,-0.59375,9.84765625
382,713000000,imu2_frame,-0.0012009469155145073,0.009214543885576507,-0.5238288952772712,0.8517728208742521,-0.011269996239554426,-0.007710509000539878,-0.02016954270495961,-0.20703125,-0.59375,9.84765625
382,738000000,imu2_frame,-0.0013163198441283638,0.009235390875947908,-0.5240394988920406,0.8516428702563156,-0.011157296277158883,-0.00763340391053448,-0.019967847277910015,-0.24609375,-0.0546875,9.80859375
382,763000000,imu2_frame,-0.001549717883265907,0.009283825355448973,-0.5242486231332879,0.8515132354250895,-0.011045723314387294,-0.007557069871429135,-0.019768168805130916,-0.16796875,-0.28515625,9.8046875
382,788000000,imu2_frame,-0.0014221011549770987,0.00980506338388097,-0.5263287534777146,0.8502234304128171,-0.0051863483143872935,0.04127105512857086,-0.1955494188051309,-0.16796875,-0.28515625,9.8046875
382,814000000,imu2_frame,-0.0015213158413866885,0.009481087364310822,-0.5282527665343671,0.8490328669900175,0.014344901685612706,-0.025135194871429133,-0.1740650438051309,-0.16796875,-0.28515625,9.8046875
382,839000000,imu2_frame,-0.0015238711153038242,0.009073031153448584,-0.5300816464306715,0.8478966953820855,0.01420145266875658,-0.024883842922714842,-0.1723243933670796,-0.08984375,-0.01953125,9.765625
382,864000000,imu2_frame,-0.0014544807147420776,0.008894995981988155,-0.5302114695727266,0.8478175281662091,0.00834207766875658,-0.0073057179227148435,-0.012168143367079606,-0.08984375,-0.01953125,9.765625
382,888000000,imu2_frame,-0.001491576713185251,0.008813201586146785,-0.5303350036970095,0.847741049218689,0.008258656892069014,-0.007232660743487695,-0.01204646193340881,-0.12890625,-0.28515625,9.84765625
382,914000000,imu2_frame,-0.001382653677664842,0.008809456437206238,-0.5305988260918797,0.8475761720907495,0.014118031892069014,0.004486089256512305,-0.02376521193340881,-0.12890625,-0.28515625,9.84765625
382,938000000,imu2_frame,-0.0012356288351181325,0.008752367214926667,-0.5308398596845167,0.8474260514402656,0.013976851573148324,0.004441228363947182,-0.02352755981407472,-0.08984375,-0.1328125,9.8046875
382,964000000,imu2_frame,-0.0011500200287042003,0.00876129357519769,-0.5310984012727007,0.8472640706145896,0.01383708305741684,0.004396816080307711,-0.023292284215933972,-0.12890625,-0.32421875,9.80859375
382,989000000,imu2_frame,-0.0015587811588651849,0.0093806399234076,-0.5326843660723963,0.8462605626743901,-0.04475666694258316,0.02588119108030771,-0.15024540921593396,-0.12890625,-0.32421875,9.80859375
383,13000000,imu2_frame,-0.0019927680985853515,0.009540296130855315,-0.5331953048071679,0.8459360369180593,-0.02913166694258316,-0.007321933919692289,-0.050636034215933975,-0.12890625,-0.32421875,9.80859375
383,38000000,imu2_frame,-0.0024875783793076953,0.009691587747279878,-0.5337222917473985,0.8456006151680877,-0.028840350273157327,-0.007248714580495367,-0.050129673873774636,-0.0546875,-0.40234375,9.76953125
383,63000000,imu2_frame,-0.0027379280611228045,0.009735485153826183,-0.5342428545242053,0.8452705463155455,-0.028551946770425756,-0.007176227434690413,-0.049628377135036886,-0.12890625,0.09765625,9.84375
383,89000000,imu2_frame,-0.002672594257191934,0.010112311590193377,-0.5347433140656692,0.8449498129808093,-0.020739446770425756,0.027980022565309588,-0.045722127135036886,-0.12890625,0.09765625,9.84375
383,114000000,imu2_frame,-0.0026854892286591204,0.010257601054807238,-0.5355334489306037,0.8444474494275505,-0.016833196770425756,0.010401897565309588,-0.07501900213503689,-0.12890625,0.09765625,9.84375
383,138000000,imu2_frame,-0.002808047828852284,0.010464416285887223,-0.5362841914445086,0.8439679359228622,-0.0166648648027215,0.01029787858965649,-0.07426881211368652,-0.12890625,-0.171875,9.80859375
383,163000000,imu2_frame,-0.0029605147576313127,0.01066997115203655,-0.5370581777793529,0.8434725251887613,-0.01649821615469428,0.010194899803759925,-0.07352612399254965,-0.08984375,-0.2109375,9.765625
383,189000000,imu2_frame,-0.0031127637684733303,0.009954101681234645,-0.5380580853158692,0.8428432377302806,0.02256428384530572,-0.05035197519624007,-0.09110424899254965,-0.08984375,-0.2109375,9.765625
383,213000000,imu2_frame,-0.0029186611463351175,0.009995664859484762,-0.5388040804587361,0.8423667437536609,0.014751783845305717,0.014101149803759925,-0.07352612399254965,-0.08984375,-0.2109375,9.765625
383,238000000,imu2_frame,-0.002623818645532262,0.009931853054994947,-0.5395730765638989,0.8418761006929573,0.01460426600685266,0.013960138305722326,-0.07279086275262416,-0.015625,0.05859375,9.84375
383,263000000,imu2_frame,-0.0026516659422257693,0.010131095271533748,-0.5403375787853436,0.841383165108931,-0.018598858993147338,0.017866388305722326,-0.07279086275262416,-0.015625,0.05859375,9.84375
383,288000000,imu2_frame,-0.0027493219095599533,0.010394563925575116,-0.5410939512372621,0.8408934119163274,-0.018412870403215865,0.017687724422665103,-0.07206295412509792,-0.0546875,-0.1328125,9.84375
383,314000000,imu2_frame,-0.0027220323653212187,0.010404090838216952,-0.542095661951527,0.8402479626437472,0.001118379596784134,0.005968974422665104,-0.09159420412509792,-0.0546875,-0.1328125,9.84375
383,339000000,imu2_frame,-0.0026804174962668636,0.010400565001861213,-0.5430484820880558,0.8396326516468654,0.0011071958008162925,0.005909284678438453,-0.09067826208384694,-0.0546875,-0.09375,9.76953125
383,364000000,imu2_frame,-0.0025098044053272228,0.010380820733598091,-0.5439902563374446,0.8390235637052547,0.0010961238428081296,0.005850191831654068,-0.08977147946300847,-0.16796875,0.13671875,9.84375
383,389000000,imu2_frame,-0.002453184997986447,0.010494709966502362,-0.5446635474148321,0.8385853940199386,-0.01257575115719187,0.009756441831654068,-0.06438085446300847,-0.16796875,0.13671875,9.84375
383,413000000,imu2_frame,-0.0020506188042094804,0.010253301774376226,-0.5464925553806397,0.8373986814407948,0.02843987384280813,0.001943941831654068,-0.18156835446300845,-0.16796875,0.13671875,9.84375
383,438000000,imu2_frame,-0.0018020150719071021,0.010089650975519783,-0.5483765305528739,0.8361687224619598,0.02815547510438005,0.0019245024133375272,-0.17975267091837838,-0.12890625,-0.2109375,9.8046875
383,463000000,imu2_frame,-0.0016554303703236314,0.009993572970021007,-0.5502391693761967,0.8349456536408673,0.02787392035333625,0.001905257389204152,-0.1779551442091946,-0.12890625,-0.4375,9.765625
383,489000000,imu2_frame,-0.0021591080640572125,0.010590872407281873,-0.552862570065133,0.833202346549142,-0.044391704646663754,0.019483382389204152,-0.2424082692091946,-0.12890625,-0.4375,9.765625
383,513000000,imu2_frame,-0.0025691942189803828,0.010518307261191106,-0.5552432634224835,0.8316175099631892,-0.011188579646663753,-0.021532242610795848,-0.2385020192091946,-0.12890625,-0.4375,9.765625
383,538000000,imu2_frame,-0.002917002927748101,0.010299734475408408,-0.5577187585855088,0.829960958651366,-0.011188579646663753,-0.021532242610795848,-0.2385020192091946,0.0234375,-0.171875,9.80859375
383,563000000,imu2_frame,-0.003167972490501335,0.0101144763121884,-0.5601883155686741,0.8282974782163478,-0.011188579646663753,-0.021532242610795848,-0.2385020192091946,-0.12890625,-0.0546875,9.76953125
383,588000000,imu2_frame,-0.0033775678658824536,0.010445170174674254,-0.5613996517146698,0.8274720064811746,-0.032672954646663754,0.013624007389204152,-0.11740826920919459,-0.12890625,-0.0546875,9.76953125
383,613000000,imu2_frame,-0.0037646997427753506,0.010981674870270563,-0.5626474246206886,0.8266154519609448,-0.054157329646663754,0.019483382389204152,-0.12131451920919459,-0.12890625,-0.0546875,9.76953125
383,638000000,imu2_frame,-0.0042209833307168985,0.011536101267995681,-0.5638814810336406,0.8257643592542393,-0.053615756350197115,0.019288548565312112,-0.12010137401710265,-0.08984375,-0.2109375,9.73046875
383,664000000,imu2_frame,-0.0042957345931743185,0.01164207706237009,-0.5640169108062375,0.8256699903899666,-0.008693881350197115,0.0056166735653121105,-0.01267949901710265,-0.08984375,-0.2109375,9.73046875
383,689000000,imu2_frame,-0.004269514300455679,0.01167422435939534,-0.5641458043520425,0.8255816102392494,-0.008606942536695144,0.00556050682965899,-0.012552704026931621,-0.08984375,0.01953125,9.765625
383,713000000,imu2_frame,-0.004641909186824433,0.011712775210038297,-0.5629867731012533,0.8263698668810585,-0.037903817536695146,-0.013970743170341011,0.11635354597306838,-0.08984375,0.01953125,9.765625
383,738000000,imu2_frame,-0.00507748489109921,0.011744510040834797,-0.5617907726912442,0.8271803995199936,-0.03752477936132819,-0.013831035738637601,0.11519001051333769,-0.015625,-0.0546875,9.8046875
383,763000000,imu2_frame,-0.00547717236560043,0.011850044778431148,-0.560604491012093,0.8279807858149241,-0.03714953156771491,-0.013692725381251224,0.11403811040820432,-0.16796875,-0.09375,9.8046875
383,788000000,imu2_frame,-0.005050561832796352,0.011500336620474389,-0.5602985002117983,0.8281955232571584,0.03902234343228509,-0.005880225381251224,0.030053735408204316,-0.16796875,-0.09375,9.8046875
383,813000000,imu2_frame,-0.005174117590669395,0.011777979320336454,-0.5605099155205571,0.8280477898729189,-0.02543078156771491,0.011697899618748776,-0.020727514591795684,-0.16796875,-0.09375,9.8046875
383,838000000,imu2_frame,-0.005355212517489435,0.012066910029276219,-0.5607193602499729,0.8279006645860958,-0.02517647375203776,0.011580920622561287,-0.020520239445877726,-0.12890625,-0.2109375,9.8046875
383,864000000,imu2_frame,-0.005559949093798042,0.012399292347403704,-0.560934626956092,0.8277485661703001,-0.024924709014517384,0.011465111416335674,-0.020315037051418947,-0.16796875,-0.28515625,9.8046875
383,888000000,imu2_frame,-0.0058235457012793665,0.012639642403846194,-0.5614039317960867,0.8274248915274806,-0.026877834014517384,0.0036526114163356748,-0.04765878705141895,-0.16796875,-0.28515625,9.8046875
383,914000000,imu2_frame,-0.005717581825370077,0.012443014336231508,-0.5623385031630905,0.8267937400056882,0.018044040985482616,-0.008066138583664326,-0.08672128705141895,-0.16796875,-0.28515625,9.8046875
383,938000000,imu2_frame,-0.005533409726920836,0.012158445074792142,-0.5631925055737829,0.8262177408260379,0.01786360057562779,-0.007985477197827683,-0.08585407418090477,-0.08984375,-0.01953125,9.8046875
383,963000000,imu2_frame,-0.005231526768956575,0.01215399385804857,-0.5632957559410302,0.8261493829204182,0.01200422557562779,0.015452022802172317,-0.009682199180904759,-0.08984375,-0.01953125,9.8046875
383,988000000,imu2_frame,-0.004887548317186473,0.011805754296707181,-0.5646704741332292,0.8252175420330612,0.03153547557562779,-0.004079227197827682,-0.13272907418090477,-0.08984375,-0.01953125,9.8046875
384,13000000,imu2_frame,-0.004988610482918302,0.011608643934493602,-0.5646882848919371,0.8252075460496313,-0.0055738994243722095,-0.015797977197827683,-0.001869699180904759,-0.08984375,-0.01953125,9.8046875
384,38000000,imu2_frame,-0.00502645814332647,0.011397423420918365,-0.5647056840032384,0.825198354283582,-0.005518160430128488,-0.015639997425849404,-0.0018510021890957087,-0.12890625,0.09765625,9.80859375
384,63000000,imu2_frame,-0.005090799511735324,0.011732578517213309,-0.5666944813084532,0.8238287414361142,-0.03090878543012849,0.021469377574150596,-0.1932572521890957,-0.12890625,0.09765625,9.80859375
384,88000000,imu2_frame,-0.005203491057767181,0.012193152657440996,-0.5686589135089679,0.822466589470894,-0.030599697575827204,0.02125468379840909,-0.19132467966720476,-0.28515625,-0.1328125,9.765625
384,113000000,imu2_frame,-0.005408156284868239,0.011746787319570698,-0.5704606758770704,0.8212231013014328,0.004556552424172797,-0.04319844120159091,-0.17569967966720476,-0.28515625,-0.1328125,9.765625
384,138000000,imu2_frame,-0.00574688957806018,0.011382484295527458,-0.5722415861316957,0.8199859629365132,0.004510986899931069,-0.042766456789575004,-0.17394268287053272,-0.24609375,-0.4375,9.765625
384,164000000,imu2_frame,-0.006042586900320989,0.010973666684250158,-0.5740722339489711,0.8187088224710254,0.004465877030931759,-0.04233879222167925,-0.17220325604182737,-0.24609375,-0.32421875,9.80859375
384,188000000,imu2_frame,-0.006478325940347733,0.011378489498650522,-0.5755261192854584,0.8176785721112914,-0.04436224796906824,0.002583082778320748,-0.14876575604182737,-0.24609375,-0.32421875,9.80859375
384,214000000,imu2_frame,-0.006030468875222781,0.011544702124942702,-0.5780648876565627,0.8158868420048192,0.025950252030931757,0.02797370777832075,-0.23860950604182737,-0.24609375,-0.32421875,9.80859375
384,238000000,imu2_frame,-0.0056209643464716855,0.011703001275718501,-0.5804033146259536,0.8142256670556159,0.025950252030931757,0.02797370777832075,-0.23860950604182737,-0.24609375,-0.32421875,9.80859375
384,264000000,imu2_frame,-0.0051573804134206975,0.011800745211246202,-0.5829318382667048,0.8124189902844043,0.025950252030931757,0.02797370777832075,-0.23860950604182737,-0.16796875,-0.2109375,9.765625
384,289000000,imu2_frame,-0.005131890478903979,0.011940354617671853,-0.5826569712504791,0.8126142661096563,-0.005299747969068241,0.008442457778320749,0.02701549395817262,-0.16796875,-0.2109375,9.765625
384,313000000,imu2_frame,-0.0048544134212177275,0.01187943616734643,-0.5831777120619158,0.8122432331641251,0.022044002030931757,0.008442457778320749,-0.05306263104182738,-0.16796875,-0.2109375,9.765625
384,338000000,imu2_frame,-0.004604926032904261,0.011769389785075485,-0.5837151885634461,0.8118601201935338,0.02182356201062244,0.00835803320053754,-0.05253200473140911,-0.0546875,-0.2109375,9.80859375
384,363000000,imu2_frame,-0.004322319793522202,0.011680296080163877,-0.5842465269934629,0.8114806737878354,0.021605326390516218,0.008274452868532164,-0.052006684684095014,-0.12890625,-0.171875,9.80859375
384,388000000,imu2_frame,-0.004507053883197628,0.011825972722673083,-0.5855037154521204,0.8105709296700807,-0.019410298609483782,0.0024150778685321653,-0.12427230968409501,-0.12890625,-0.171875,9.80859375
384,413000000,imu2_frame,-0.004278190731798169,0.011952230915857232,-0.5860724512112523,0.810159196202469,0.007933451390516216,0.019993202868532164,-0.055912934684095014,-0.12890625,-0.171875,9.80859375
384,439000000,imu2_frame,-0.004061262635179884,0.012093113569196321,-0.586657695832461,0.8097345309856548,0.007854116876611054,0.019793270839846843,-0.055353805337254064,-0.12890625,-0.2109375,9.8046875
384,463000000,imu2_frame,-0.004374444132164222,0.011839683619879846,-0.5876479651941178,0.8090182662545566,-0.007770883123388946,-0.030987979160153157,-0.10222880533725406,-0.12890625,-0.2109375,9.8046875
384,488000000,imu2_frame,-0.004598711828563774,0.011512078497091996,-0.5886682079041651,0.8082796947227447,-0.007693174292155056,-0.030678099368551624,-0.10120651728388153,-0.12890625,0.01953125,9.765625
384,513000000,imu2_frame,-0.004307251083383147,0.011220515895122197,-0.5885690677400837,0.8083575942061291,0.023556825707844942,-0.005287474368551625,0.010121607716118475,-0.12890625,0.01953125,9.765625
384,543000000,imu2_frame,-0.003907553283762219,0.010859915210751636,-0.5884509506871652,0.8084505376980841,0.023321257450766495,-0.005234599624866109,0.010020391638957293,-0.16796875,0.171875,9.84375
384,564000000,imu2_frame,-0.003662692623643888,0.010642058201547643,-0.5883689189652691,0.808514283408537,0.023088044876258828,-0.0051822536286174475,0.009920187722567718,-0.16796875,-0.01953125,9.8046875
384,589000000,imu2_frame,-0.0036773346031109544,0.01102080720222898,-0.5881672835022228,0.8086558388068709,-0.025740080123741172,0.022161496371382552,0.019685812722567718,-0.16796875,-0.01953125,9.8046875
384,613000000,imu2_frame,-0.0036343489278568807,0.010857135769565424,-0.5876537040634637,0.809031543396945,0.0035567948762588297,-0.011041628628617448,0.05288893772256772,-0.16796875,-0.01953125,9.8046875
384,638000000,imu2_frame,-0.00359298929951826,0.010691052873228453,-0.5871238217873763,0.8094185627387974,0.003521226927496241,-0.010931212342331274,0.05236004834534204,-0.16796875,-0.01953125,9.8046875
384,664000000,imu2_frame,-0.003611602523054352,0.010540012676910071,-0.5865782046252381,0.8098159508916939,0.0034860146582212787,-0.01082190021890796,0.05183644786188862,-0.12890625,-0.1328125,9.84765625
384,688000000,imu2_frame,-0.00305248615997231,0.0103062288326194,-0.5877127419156668,0.8089982675911375,0.04840788965822128,0.01261559978109204,-0.11613230213811138,-0.12890625,-0.1328125,9.84765625
384,713000000,imu2_frame,-0.0030071904167020417,0.010534281300978911,-0.5893990089738046,0.8077677846658449,-0.008232735341778721,0.01847497478109204,-0.16691355213811138,-0.12890625,-0.1328125,9.84765625
384,738000000,imu2_frame,-0.0029946153714768653,0.010781626208329776,-0.5910658806977657,0.8065456673307814,-0.008150407988360935,0.018290225033281118,-0.16524441661673028,-0.12890625,-0.2109375,9.8046875
384,763000000,imu2_frame,-0.002985063255570651,0.01105137427361163,-0.5927133656396442,0.805332119511044,-0.008068903908477325,0.01810732278294831,-0.16359197245056295,-0.16796875,-0.24609375,9.765625
384,788000000,imu2_frame,-0.0033609337454671906,0.011414460186320906,-0.5949229590552291,0.8036946478681961,-0.03736577890847732,0.006388572782948308,-0.22023259745056295,-0.16796875,-0.24609375,9.765625
384,814000000,imu2_frame,-0.004268816847741855,0.012192652580088358,-0.5980427540647755,0.8013600818211499,-0.08814702890847732,0.008341697782948309,-0.30031072245056295,-0.16796875,-0.24609375,9.765625
384,839000000,imu2_frame,-0.005198037978020993,0.01300718885075718,-0.6010327799948855,0.7991016148219195,-0.08814702890847732,0.008341697782948309,-0.30031072245056295,-0.20703125,-0.4375,9.84765625
384,863000000,imu2_frame,-0.005421484579531509,0.012812098723723029,-0.6013073722211031,0.7988966777649031,0.0036498460915226753,-0.02681455221705169,-0.028826347450562964,-0.20703125,-0.4375,9.84765625
384,888000000,imu2_frame,-0.005460862852771918,0.01237300757214751,-0.6015919404899053,0.7986890664070174,0.0036133476306074485,-0.026546406694881175,-0.028538083976057338,-0.0546875,0.13671875,9.765625
384,913000000,imu2_frame,-0.0052927530296257505,0.010784534792340334,-0.6002038417341781,0.7997568561395481,0.07197272263060744,-0.09295265669488117,0.13943066602394266,-0.0546875,0.13671875,9.765625
384,939000000,imu2_frame,-0.005391339333143369,0.011647048454983409,-0.5988095732229779,0.8007885955350497,-0.06083977736939255,0.049625468305118825,0.13357129102394266,-0.0546875,0.13671875,9.765625
384,964000000,imu2_frame,-0.005487948953009081,0.012507440429956258,-0.5974796410425594,0.8017677499686768,-0.060231379595698624,0.04912921362206764,0.13223557811370323,-0.12890625,0.05859375,9.8046875
384,989000000,imu2_frame,-0.0056136216464252806,0.01337341902389923,-0.5961608539046487,0.8027340002686457,-0.05962906579974164,0.04863792148584696,0.1309132223325662,-0.12890625,-0.01953125,9.8046875
385,13000000,imu2_frame,-0.005298294540182193,0.012761391948190412,-0.5956008938147954,0.8031616588442997,0.04193343420025836,-0.02558082851415304,0.0586475973325662,-0.12890625,-0.01953125,9.8046875
385,38000000,imu2_frame,-0.005192247639648206,0.012775014146961073,-0.5949728202071204,0.8036275149550189,-0.0029884407997416394,0.0056691714858469605,0.06255384733256619,-0.12890625,-0.01953125,9.8046875
385,63000000,imu2_frame,-0.005177887854400241,0.012829603732639692,-0.5943508237341132,0.8040868666207724,-0.002958556391744223,0.005612479770988491,0.061928308859240534,-0.08984375,-0.2109375,9.8046875
385,88000000,imu2_frame,-0.004555216960303335,0.012732557909954657,-0.5938353641200648,0.8044729282504816,0.04391644360825578,0.025143729770988492,0.052162683859240534,-0.08984375,-0.2109375,9.8046875
385,113000000,imu2_frame,-0.003959573356397975,0.012647769182172832,-0.5933245980912584,0.8048541961208853,0.04347727917217322,0.024892292473278607,0.051641057020648126,-0.08984375,-0.24609375,9.8046875
385,138000000,imu2_frame,-0.0041622597400177335,0.01287573302031061,-0.5929200405838722,0.805147636503434,-0.02292897082782678,0.007314167473278605,0.039922307020648126,-0.08984375,-0.24609375,9.8046875
385,163000000,imu2_frame,-0.004398021825542943,0.01315101253198112,-0.5925190668003495,0.8054370638053906,-0.022699681119548513,0.00724102579854582,0.03952308395044164,-0.12890625,-0.36328125,9.765625
385,189000000,imu2_frame,-0.004569177173946042,0.013356171446543082,-0.5921063418725491,0.8057361945566004,-0.022472684308353027,0.007168615540560362,0.03912785311093723,-0.08984375,-0.171875,9.80859375
385,214000000,imu2_frame,-0.004614641678091177,0.01363542910035902,-0.5921631877151708,0.8056894806750546,-0.018566434308353027,0.01888736554056036,-0.005794021889062771,-0.08984375,-0.171875,9.80859375
385,238000000,imu2_frame,-0.00442492775820832,0.0141482599971211,-0.592861807470295,0.8051677613991034,-0.014660184308353029,0.048184240540560364,-0.07220027188906278,-0.08984375,-0.171875,9.80859375
385,263000000,imu2_frame,-0.004203305400215839,0.014677737839795793,-0.5935813340606718,0.8046291668156033,-0.014513582465269497,0.047702398135154755,-0.07147826917017214,-0.12890625,-0.1328125,9.8046875
385,288000000,imu2_frame,-0.004008169598972959,0.015165712756965986,-0.5942936437969714,0.804095144044259,-0.014368446640616803,0.047225374153803214,-0.07076348647847042,-0.0546875,-0.1328125,9.80859375
385,313000000,imu2_frame,-0.003722193175968185,0.014845569243277646,-0.597343987664018,0.8018390828298739,0.0325065533593832,0.0023034991538032103,-0.3031853614784704,-0.0546875,-0.1328125,9.80859375
385,339000000,imu2_frame,-0.004056206718066845,0.014642838872968236,-0.6005176353151458,0.7994671376187431,-0.012415321640616803,-0.01918087584619679,-0.3051384864784704,-0.0546875,-0.1328125,9.80859375
385,363000000,imu2_frame,-0.004365833874576369,0.014477749787859194,-0.6034384991907961,0.7972661487546171,-0.012415321640616803,-0.01918087584619679,-0.3051384864784704,-0.08984375,-0.171875,9.76953125
385,388000000,imu2_frame,-0.00455137677875634,0.014257627682256378,-0.6064718505357941,0.7949640869435433,-0.012415321640616803,-0.01918087584619679,-0.3051384864784704,-0.16796875,0.09765625,9.84375
385,413000000,imu2_frame,-0.004201621003230836,0.01413713155090068,-0.6070229297475351,0.7945474502213047,0.014928428359383197,0.01011599915380321,-0.05513848647847042,-0.16796875,0.09765625,9.84375
385,438000000,imu2_frame,-0.003951201148101314,0.01376498955730115,-0.6071274863610809,0.7944753793396307,0.020787803359383197,-0.01136837584619679,-0.010216611478470423,-0.16796875,0.09765625,9.84375
385,463000000,imu2_frame,-0.0037778849959076545,0.013430707465249788,-0.6072311535181537,0.7944027126583553,0.020579925325789367,-0.011254692087734821,-0.01011444536368572,-0.12890625,-0.0546875,9.80859375
385,488000000,imu2_frame,-0.003739322933746491,0.013775405381473229,-0.6058154770645675,0.7954771294132873,-0.022388824674210633,0.023901557912265177,0.14222930463631428,-0.12890625,-0.0546875,9.80859375
385,513000000,imu2_frame,-0.0037489048863406397,0.01414895933856156,-0.6044120222235743,0.7965374191168916,-0.02216493642746853,0.023662542333142526,0.14080701158995113,-0.12890625,-0.171875,9.76953125
385,539000000,imu2_frame,-0.0033987659960053682,0.013953522765707207,-0.6042946456298998,0.7966314887419182,0.02861631357253147,0.0060844173331425265,0.01190076158995114,-0.12890625,-0.171875,9.76953125
385,588000000,imu2_frame,-0.002680427331626199,0.01368711892367439,-0.6040736773392716,0.7968064196721175,0.028330150436806156,0.006023573159811102,0.01178175397405163,-0.3203125,-0.1328125,9.8046875
385,614000000,imu2_frame,-0.002634647741442595,0.01358672773188927,-0.6020470299152857,0.7983406749195492,0.0029395254368061565,-0.011554551840188899,0.19537550397405162,-0.3203125,-0.1328125,9.8046875
385,639000000,imu2_frame,-0.0025884240939524146,0.013493668780473783,-0.6001141596518116,0.7997963592996361,0.0029101301824380954,-0.01143900632178701,0.1934217489343111,-0.3203125,-0.1328125,9.8046875
385,663000000,imu2_frame,-0.00247162066288341,0.013208843993016429,-0.5982752127126214,0.8011779998136086,0.002881028880613714,-0.01132461625856914,0.191487531444968,-0.08984375,0.2109375,9.8046875
386,38000000,imu2_frame,-0.002860595441408594,0.011342075236587775,-0.569438101605013,0.821950985621118,0.002852218591807577,-0.011211370095983449,0.18957265613051832,-0.20703125,-0.28515625,9.8046875
386,64000000,imu2_frame,-0.0029716765831283957,0.011257238385758797,-0.5674312531251815,0.823338458168327,0.0028236964058895014,-0.011099256395023613,0.18767692956921314,-0.12890625,-0.36328125,9.765625
386,88000000,imu2_frame,-0.003030384599488513,0.011150536573730972,-0.5655942592826477,0.8246027020146188,0.002795459441830606,-0.010988263831073377,0.185800160273521,-0.12890625,-0.24609375,9.765625
386,113000000,imu2_frame,-0.002983422502692916,0.0111441057398833,-0.565894775315181,0.824396756039475,0.006701709441830606,0.002683611168926623,-0.02904358972647899,-0.12890625,-0.24609375,9.765625
386,138000000,imu2_frame,-0.002312704069783058,0.010731756938672754,-0.5667467182200274,0.8238189353126838,0.0672485844418306,0.004636736168926623,-0.081777964726479,-0.12890625,-0.24609375,9.765625
386,163000000,imu2_frame,-0.001539024050745413,0.010222657088935305,-0.5675890848752162,0.8232470828478701,0.0665760985974123,0.004590368807237357,-0.0809601850792142,-0.08984375,0.05859375,9.84765625
386,189000000,imu2_frame,-0.0007920607564085783,0.009855517948759622,-0.5684546122463576,0.8226552104141582,0.06591033761143818,0.004544465119164983,-0.08015058322842206,-0.28515625,-0.171875,9.76953125
386,213000000,imu2_frame,-0.0006963504833265574,0.009967433903428692,-0.568455210341176,0.8226535353314629,0.0034103376114381773,0.006497590119164983,-7.245822842205651e-05,-0.28515625,-0.171875,9.76953125
386,238000000,imu2_frame,-0.0007463326106322379,0.010156567461482031,-0.5680322820044751,0.8229432627622776,-0.010261537388561823,0.004544465119164983,0.040943166771577943,-0.28515625,-0.171875,9.76953125
386,263000000,imu2_frame,-0.0007650305411574204,0.010249076454988529,-0.5676137742689541,0.823230814790265,-0.010158922014676205,0.004499020467973333,0.04053373510386216,-0.16796875,-0.01953125,9.765625
386,288000000,imu2_frame,-0.0007511951466599537,0.010138585229304919,-0.5675784406306305,0.8232565569290669,0.0015598279853237954,-0.007219729532026667,0.0034243601038621632,-0.16796875,-0.01953125,9.765625
386,313000000,imu2_frame,-0.0007407925142778331,0.010056263574252197,-0.5675433145555938,0.8232817919112667,0.0015442297054705575,-0.0071475322367064,0.003390116502823542,-0.20703125,-0.0546875,9.80859375
386,338000000,imu2_frame,-0.000757707565497311,0.010056107919212675,-0.5670853071243428,0.8235973257705809,-0.004315145294529443,-0.0032412822367064,0.044405741502823545,-0.20703125,-0.0546875,9.80859375
386,363000000,imu2_frame,-0.0008231516496365787,0.01009034397782944,-0.5666318685995655,0.8239088741281622,-0.004271993841584148,-0.003208869414339336,0.04396168408779531,-0.20703125,-0.171875,9.76953125
386,388000000,imu2_frame,-0.0009574828198276599,0.010123627421052925,-0.5661833350283465,0.8242166138404811,-0.004229273903168306,-0.0031767807201959425,0.04352206724691735,-0.12890625,-0.28515625,9.8046875
386,413000000,imu2_frame,-0.0009927040797226394,0.010333623335767003,-0.5678466268607066,0.8230689151767803,-0.004229273903168306,0.014401344279804058,-0.16155605775308265,-0.12890625,-0.28515625,9.8046875
386,438000000,imu2_frame,-0.0011644621228614612,0.010463759013362498,-0.5691052856618516,0.8221972558984962,-0.010088648903168306,0.0026825942798040575,-0.12249355775308265,-0.12890625,-0.28515625,9.8046875
386,463000000,imu2_frame,-0.001459189723183717,0.010751590700210882,-0.5703498718109221,0.8213302002167165,-0.009987762414136623,0.002655768337006017,-0.12126862217555182,-0.24609375,-0.66796875,9.8046875
386,489000000,imu2_frame,-0.0017194542558996038,0.01091858447550376,-0.571630454996433,0.8204367440032683,-0.009887884789995258,0.002629210653635957,-0.1200559359537963,-0.08984375,-0.4765625,9.8046875
386,513000000,imu2_frame,-0.0023006989503010695,0.01103340758360938,-0.5720008775270642,0.8201755707223318,-0.031372259789995256,-0.016902039346364042,-0.0380246859537963,-0.08984375,-0.4765625,9.8046875
386,538000000,imu2_frame,-0.00208518528370169,0.010442720422374619,-0.5719773890752501,0.8202002608992348,0.054565240210004744,-0.026667664346364042,0.0029909390462036986,-0.08984375,-0.4765625,9.8046875
386,563000000,imu2_frame,-0.0016337108880574449,0.009769258833407358,-0.5719527409849816,0.8202267702595099,0.054019587807904695,-0.026400987702900402,0.0029610296557416593,-0.20703125,0.01953125,9.765625
386,589000000,imu2_frame,-0.001161798554914614,0.008999780726091889,-0.5719274797870538,0.8202539923922524,0.05347939192982565,-0.026136977825871398,0.0029314193591842425,-0.08984375,0.13671875,9.84375
386,614000000,imu2_frame,-0.0007377057330125834,0.008883075225052314,-0.570798022750327,0.8210421207155665,0.022229391929825648,0.0129255221741286,0.11035329435918424,-0.08984375,0.13671875,9.84375
386,638000000,imu2_frame,-0.0009077714561567873,0.009049035686301264,-0.5705733570534535,0.8211962829463391,-0.030504983070174352,0.005113022174128601,0.022462669359184242,-0.08984375,0.13671875,9.84375
386,663000000,imu2_frame,-0.0011854978129548829,0.009316085591237425,-0.5703417099353011,0.8213538452167064,-0.030199933239472607,0.0050618919523873155,0.0222380426655924,-0.12890625,-0.1328125,9.8046875
386,689000000,imu2_frame,-0.0012381296104500387,0.00930793686232229,-0.5699787319604845,0.8216057901811263,-0.0028561832394726084,-0.002750608047612685,0.0339567926655924,-0.12890625,-0.1328125,9.8046875
386,713000000,imu2_frame,-0.0013026355743073303,0.009311818391906259,-0.5696469685175067,0.821835704041636,-0.0028276214070778825,-0.002723101967136558,0.033617224738936476,-0.12890625,-0.171875,9.80859375
386,738000000,imu2_frame,-0.0013544472582806004,0.00933507205661189,-0.5693246340466451,0.822058685843034,-0.0027993451930071033,-0.0007622771974651924,0.03134745874154711,-0.12890625,-0.171875,9.80859375
386,764000000,imu2_frame,-0.0013125736543721414,0.009321641509623516,-0.5692199345508211,0.822131406929529,0.005013154806992897,0.0011908478025348076,0.00986308374154711,-0.12890625,-0.171875,9.80859375
386,789000000,imu2_frame,-0.0012741564433712774,0.009309495521841281,-0.5691202652821595,0.8222006041494077,0.004963023258922968,0.0011789393245094596,0.009764452904131637,-0.12890625,-0.171875,9.80859375
386,814000000,imu2_frame,-0.0013147683407248084,0.009352258329996215,-0.5689610603363392,0.8223102324970109,-0.0028209819736662624,0.0011671499312643648,0.01546758962509032,-0.12890625,-0.171875,9.80859375
386,839000000,imu2_frame,-0.0013487427866889802,0.009360980109143243,-0.5688036189128265,0.8224189905735177,-0.0008591784039295996,-0.0007781153180482787,0.015312913728839417,-0.12890625,-0.171875,9.80859375
386,863000000,imu2_frame,-0.001381777002413506,0.009369692229108651,-0.5686539688375665,0.822522317803676,-0.0008505866198903035,-0.0007703341648677959,0.015159784591551023,-0.12890625,-0.171875,9.80859375
386,888000000,imu2_frame,-0.0014148681189598306,0.009378266300199707,-0.5684996175009841,0.8226288538403228,-0.0008420807536914006,-0.0007626308232191179,0.015008186745635511,-0.12890625,-0.171875,9.80859375
386,989000000,imu2_frame,-0.0014865825600094817,0.009480329726966373,-0.5678812044610011,0.8230545856992008,-0.0008336599461544865,-0.0007550045149869267,0.014858104878179155,-0.28515625,-0.28515625,9.8046875
387,13000000,imu2_frame,-0.0015463341905084362,0.009614437406613783,-0.5666331433150692,0.8239126484893954,-0.004739909946154487,-0.0007550045149869267,0.12618622987817915,-0.28515625,-0.28515625,9.8046875
387,38000000,imu2_frame,-0.0015929440391996663,0.009666088511031104,-0.5653451861077394,0.8247962474496296,-0.004692510846692942,-0.0007474544698370574,0.12492436757939737,-0.16796875,-0.171875,9.80859375
387,64000000,imu2_frame,-0.001640370544667773,0.009717991715852126,-0.5640176656163406,0.8257039073991238,-0.004645585738226012,-0.0007399799251386869,0.12367512390360338,-0.16796875,-0.171875,9.80859375
387,188000000,imu2_frame,-0.0017811762043219504,0.009814566386937805,-0.5577306003692635,0.8299620949836845,-0.0045991298808437525,-0.0007325801258873,0.12243837266456736,-0.12890625,-0.01953125,9.88671875
387,213000000,imu2_frame,-0.0017980768804222134,0.009796836121461098,-0.5564720124750266,0.8308066491389771,-0.004553138582035315,-0.0007252543246284269,0.12121398893792168,-0.08984375,-0.0546875,9.76953125
387,238000000,imu2_frame,-0.001637325658528793,0.009692361605861639,-0.5549095005612528,0.83185264529125,0.011071861417964686,0.0012278706753715732,0.15051086393792168,-0.08984375,-0.0546875,9.76953125
387,263000000,imu2_frame,-0.0015129485711978257,0.009611319368364252,-0.5533607545173691,0.8328848713277174,0.010961142803785039,0.0012155919686178572,0.14900575529854246,-0.08984375,-0.1328125,9.8046875
387,288000000,imu2_frame,-0.0014178780246541494,0.009527667605329642,-0.5518258122527153,0.8339037630947232,0.010851531375747188,0.0012034360489316786,0.14751569774555703,-0.0546875,-0.171875,9.8046875
387,314000000,imu2_frame,-0.001608719217776946,0.009656057496712417,-0.5511777391761669,0.8343304335889636,-0.016492218624252812,0.0031565610489316786,0.05962507274555704,-0.0546875,-0.171875,9.8046875
387,338000000,imu2_frame,-0.0017818580207306185,0.00990639458804125,-0.550696132758624,0.834645108829469,-0.022351593624252812,0.012922186048931679,0.04790632274555704,-0.0546875,-0.171875,9.8046875
387,363000000,imu2_frame,-0.0019475475247077967,0.01017774889907799,-0.5501990670663978,0.8349692252324346,-0.022128077688010284,0.012792964188442363,0.04742725951810147,-0.08984375,-0.171875,9.80859375
387,389000000,imu2_frame,-0.0021156538462087497,0.010454778805185768,-0.5496870444602466,0.8353025648000229,-0.02190679691113018,0.012665034546557938,0.04695298692292046,-0.08984375,-0.171875,9.80859375
387,413000000,imu2_frame,-0.002182506713593135,0.010423358585528219,-0.5494512733778089,0.8354578914845122,-0.002375546911130181,-0.002959965453442062,0.023515486922920457,-0.08984375,-0.171875,9.80859375
387,438000000,imu2_frame,-0.002229732338668455,0.010378734224095043,-0.5491881236895997,0.8356313271819701,-0.00041819769201887903,-0.0029303657989076413,0.025213925803691254,-0.08984375,-0.171875,9.80859375
387,463000000,imu2_frame,-0.0022929696294142015,0.010345780252014356,-0.5489275859957595,0.8358027353712859,-0.0004140157150986902,-0.002901062140918565,0.02496178654565434,-0.08984375,-0.2109375,9.8046875
387,488000000,imu2_frame,-0.0023425087621426004,0.010333358739950357,-0.5486898578701045,0.8359588352427023,-0.0004098755579477033,-0.000938457769509379,0.022778574930197797,-0.08984375,-0.2109375,9.8046875
387,514000000,imu2_frame,-0.002364222368221146,0.01032655606146509,-0.5484447843679823,0.8361196632014227,-0.0004057768023682263,-0.0009290731918142853,0.022550789180895817,-0.12890625,-0.171875,9.80859375
387,538000000,imu2_frame,-0.002352553827441161,0.010327138412953414,-0.5481628747726356,0.8363045368905329,0.001531874715655456,0.0010138112901038575,0.02812606253908686,-0.12890625,-0.171875,9.80859375
387,563000000,imu2_frame,-0.002351156528614634,0.010311082573927592,-0.5478722950154908,0.8364951296891039,0.0015165559684989015,0.0010036731772028189,0.02784480191369599,-0.08984375,-0.171875,9.80859375
387,588000000,imu2_frame,-0.002366748297911671,0.010306106527384281,-0.5475845966807525,0.8366835077547056,0.0015013904088139124,0.0009936364454307908,0.02756635389455903,-0.08984375,-0.2109375,9.8046875
387,614000000,imu2_frame,-0.002409472696556654,0.010259383498429555,-0.5473512837091464,0.836836609926637,0.0014863765047257733,-0.002883487419023517,0.02148990910561344,-0.08984375,-0.2109375,9.8046875
387,638000000,imu2_frame,-0.002451903126761167,0.010216588173304455,-0.5471574732292569,0.8369637441290568,0.0014715127396785154,-0.002854652544833282,0.019341416264557307,-0.08984375,-0.2109375,9.8046875
387,663000000,imu2_frame,-0.0024772953393331298,0.010162120630854943,-0.5469575178400463,0.8370950173011072,0.0014567976122817302,-0.002826106019384949,0.019148002101911733,-0.08984375,-0.171875,9.80859375
387,689000000,imu2_frame,-0.0025025066922898568,0.010107049787163973,-0.5467515930951405,0.8372301239520594,0.001442229636158913,-0.0027978449591910997,0.018956522080892615,-0.08984375,-0.171875,9.80859375
387,713000000,imu2_frame,-0.0025599213466594687,0.010132085558919531,-0.5465628138451466,0.8373528994197139,-0.004372973910202676,0.0010973209904008114,0.01876695686008369,-0.08984375,-0.171875,9.80859375
387,738000000,imu2_frame,-0.0026309296343919207,0.01013807418983717,-0.546368030914724,0.8374797146530462,-0.00432924417110065,-0.0008472459695031967,0.01857928729148285,-0.08984375,-0.171875,9.80859375
387,764000000,imu2_frame,-0.002686018671689278,0.010133778422245032,-0.5461674053516606,0.8376104447593875,-0.004285951729389643,-0.0008387735098081648,0.018393494418568024,-0.08984375,-0.1328125,9.8046875
387,789000000,imu2_frame,-0.0027548550261116338,0.010139312755931213,-0.545976436328667,0.8377346453886646,-0.004243092212095747,-0.0008303857747100831,0.018209559474382343,-0.08984375,-0.171875,9.80859375
387,813000000,imu2_frame,-0.0028137453618156537,0.010112036456861446,-0.5457756494632938,0.8378656037865823,-0.002267067539974789,-0.002755675666962982,0.01996105762963852,-0.08984375,-0.171875,9.80859375
387,839000000,imu2_frame,-0.00280596506566517,0.01009868769101211,-0.5455609000581018,0.8380056368514258,0.001622790635424959,0.0011390685897066477,0.019761447053342134,-0.08984375,-0.171875,9.80859375
387,863000000,imu2_frame,-0.002773253085015535,0.010091560931016728,-0.5453644024792773,0.8381337232051477,0.0016065627290707094,0.001127677903809581,0.019563832582808714,-0.12890625,-0.1328125,9.765625
387,888000000,imu2_frame,-0.002739373100795114,0.01008474130965313,-0.5451009494505069,0.8383052837337291,0.0015904971017800021,0.0011164011247714852,0.025168975506980627,-0.12890625,-0.1328125,9.765625
387,913000000,imu2_frame,-0.0027396623063443,0.010099744905839278,-0.5448401436483317,0.838474631263552,0.0015745921307622022,0.0011052371135237705,0.024917285751910823,-0.12890625,-0.2109375,9.765625
387,938000000,imu2_frame,-0.002774304499931936,0.010107289303365642,-0.5446626597776757,0.8385897286405241,-0.0003747475405454198,-0.0008394090076114672,0.016933737894391714,-0.12890625,-0.2109375,9.765625
387,964000000,imu2_frame,-0.002774419351876841,0.010121900216790878,-0.5444802193600852,0.8387080185969696,0.0015625936848600343,0.0011025788324646475,0.016764400515447798,-0.12890625,-0.2109375,9.765625
387,989000000,imu2_frame,-0.0027864653633781497,0.010119128360401877,-0.5443067405063566,0.8388206072166744,0.001546967748011434,0.001091553044140001,0.01659675651029332,-0.08984375,-0.2109375,9.8046875
388,14000000,imu2_frame,-0.0028443069986043225,0.010089374637137785,-0.5440940345199259,0.8389587570536223,-0.0004020956794686803,-0.002786549986301399,0.020297976445190387,-0.08984375,-0.2109375,9.8046875
388,39000000,imu2_frame,-0.00287583112702112,0.010100182586333814,-0.5439241197704543,0.8390686907750688,-0.0003980747226739935,0.001108503013561615,0.016227809180738482,-0.08984375,-0.2109375,9.8046875
388,63000000,imu2_frame,-0.002933572343490683,0.010151155753416926,-0.5437624818375318,0.8391726351210834,-0.00039409397544725355,0.001097417983425999,0.016065531088931096,-0.12890625,-0.296875,9.76953125
388,113000000,imu2_frame,-0.0030113899002658004,0.010176358018264808,-0.5434287406396333,0.8393882159734999,-0.000390153035692781,-0.0008471499464082611,0.015904875778041786,-0.12890625,-0.296875,9.76953125
388,138000000,imu2_frame,-0.003080377368259743,0.010207022513833245,-0.543243279158059,0.8395076340428779,-0.0003862515053358532,-0.0008386784469441784,0.01767942077026137,-0.12890625,-0.296875,9.76953125
388,189000000,imu2_frame,-0.0031026021985187616,0.01019710193756903,-0.5428684128631778,0.8397501290783389,-0.0003823889902824947,-0.0008302916624747367,0.017502626562558757,-0.12890625,-0.171875,9.76953125
388,214000000,imu2_frame,-0.0031296644754132824,0.010172910509101893,-0.5426660946262789,0.8398810789838689,-0.0003785651003796697,-0.0027555824958499895,0.019261194046933168,-0.12890625,-0.171875,9.76953125
388,238000000,imu2_frame,-0.003143020860979877,0.010169503790173605,-0.5424738549941556,0.8400052495433044,-0.00037477944937587304,-0.0007944329208914894,0.01906858210646384,-0.12890625,-0.171875,9.76953125
388,264000000,imu2_frame,-0.0031565920580102903,0.010165364189774609,-0.5422676450512652,0.8401383829036879,-0.0003710316548821143,-0.0007864885916825746,0.018877896285399202,-0.12890625,-0.171875,9.80859375
388,289000000,imu2_frame,-0.0031701946361047144,0.010161356455217227,-0.5421119367937168,0.8402388616856068,-0.0003673213383332932,-0.0007786237057657488,0.014821929822545208,-0.12890625,-0.171875,9.80859375
388,314000000,imu2_frame,-0.00318360794461127,0.010157433147110515,-0.5419577663884678,0.8403383072569881,-0.00036364812494996026,-0.0007708374687080913,0.014673710524319756,-0.12890625,-0.171875,9.80859375
388,338000000,imu2_frame,-0.00319655222624658,0.010153791202285042,-0.5418112264007477,0.8404327917949198,-0.00036001164370046064,-0.0007631290940210105,0.014526973419076558,-0.12890625,-0.171875,9.80859375
388,364000000,imu2_frame,-0.0032266277573213043,0.010160658898379927,-0.541654065414344,0.8405338918236315,-0.00035641152726345604,-0.0007554978030808004,0.014381703684885793,-0.12890625,-0.2109375,9.8046875
388,388000000,imu2_frame,-0.003303354657381193,0.010174819273327045,-0.541510695359167,0.8406257952932412,-0.0003528474119908215,-0.0007479428250499923,0.014237886648036935,-0.08984375,-0.296875,9.80859375
388,413000000,imu2_frame,-0.0033792983697894193,0.010188762982091227,-0.5413424905339033,0.8407336542532203,-0.0003493189378709133,-0.0007404633967994924,0.016029101531556567,-0.08984375,-0.296875,9.80859375
388,438000000,imu2_frame,-0.003454677876866823,0.010202528813880422,-0.5411962648411413,0.8408273167116814,-0.00034582574849220416,-0.0007330587628314975,0.013935216766241,-0.08984375,-0.296875,9.80859375
388,464000000,imu2_frame,-0.003518749681182559,0.010232742978085517,-0.5410454640913379,0.8409237273130152,-0.00034236749100728214,-0.0007257281752031825,0.01379586459857859,-0.12890625,-0.296875,9.80859375
388,488000000,imu2_frame,-0.003581965157597867,0.010263614917798055,-0.5409076405672801,0.8410117431465314,-0.0003389438160972093,-0.0007184708934511507,0.013657905952592803,-0.12890625,-0.296875,9.76953125
388,514000000,imu2_frame,-0.0036587390930866563,0.010272834713930637,-0.5407808461336272,0.8410928361068041,-0.0003355543779362372,-0.002644879934516639,0.011587733143066875,-0.12890625,-0.296875,9.76953125
388,538000000,imu2_frame,-0.003708380121186555,0.010322735973973792,-0.5406846557691344,0.8411538456517339,-0.00033219883415687483,0.0012487563648285274,0.009538262061636207,-0.12890625,-0.296875,9.76953125
388,563000000,imu2_frame,-0.003703569933915724,0.01033804929412443,-0.5405853921275436,0.8412174761171138,-0.00032887684581530606,0.001236268801180242,0.009442879441019845,-0.12890625,-0.171875,9.76953125
388,588000000,imu2_frame,-0.0037523013540319964,0.01038705019106008,-0.540487176904483,0.8412797638269325,-0.000325588077357153,0.0012239061131684395,0.009348450646609647,-0.12890625,-0.296875,9.80859375
388,613000000,imu2_frame,-0.003805617153473774,0.010382472068434104,-0.5403289935641888,0.8413811860659474,0.0016112615534164185,-0.002655520447963245,0.01505574739014355,-0.12890625,-0.296875,9.80859375
388,638000000,imu2_frame,-0.003865632170549572,0.010411371344969474,-0.540172209835941,0.8414812202037519,-0.00033844481211774564,-0.0006953714934836123,0.014905189916242114,-0.12890625,-0.296875,9.80859375
388,664000000,imu2_frame,-0.0038824108516104486,0.010388715327899601,-0.5400109289486706,0.8415849321938987,-0.00033506036399656816,-0.0006884177785487762,0.014756138017079694,-0.08984375,-0.171875,9.80859375
388,689000000,imu2_frame,-0.0038845453930730343,0.010300279585320544,-0.5398780413946183,0.8416712630044252,0.0035354777396433973,-0.004548721100763289,0.012674982886908897,-0.08984375,-0.171875,9.80859375
388,713000000,imu2_frame,-0.003876326807418425,0.010232968796590492,-0.5397515133661618,0.8417532680417869,0.0035001229622469636,-0.004503233889755655,0.012548233058039808,-0.12890625,-0.171875,9.80859375
388,738000000,imu2_frame,-0.0038824198539759085,0.010230348166628014,-0.5396207096501654,0.8418371318189279,-0.00040206576737550614,-0.000591014050858099,0.01242275072745941,-0.12890625,-0.171875,9.80859375
388,763000000,imu2_frame,-0.00395275743263936,0.010245370514372066,-0.539491463875413,0.8419194548751477,-0.0003980451097017511,-0.000585103910349518,0.012298523220184815,-0.08984375,-0.296875,9.80859375
388,813000000,imu2_frame,-0.003923357669383101,0.01024572721212164,-0.5393178600469657,0.8420308059524038,0.0034731228413952663,0.001354340878753977,0.008308350487982967,-0.08984375,-0.296875,9.80859375
388,839000000,imu2_frame,-0.003994503402250422,0.01026037768187099,-0.539227987305253,0.8420878495140045,-0.00042879588701868625,-0.0005927962800335627,0.008225266983103137,-0.08984375,-0.296875,9.80859375
388,863000000,imu2_frame,-0.004053552320809192,0.010291895628304447,-0.5391456490684735,0.8421399020878259,-0.0004245079281484994,-0.000586868317233227,0.008143014313272107,-0.12890625,-0.296875,9.80859375
388,889000000,imu2_frame,-0.004095803610303272,0.010312221512563599,-0.539057317382032,0.8421959932564088,-0.00042026284886701435,-0.0005809996340608947,0.008061584170139385,-0.12890625,-0.2578125,9.8046875
388,938000000,imu2_frame,-0.004170398732099119,0.010289897302458835,-0.538972078778386,0.8422504521133992,-0.0004160602203783442,-0.0025087833877202857,0.004113780828437991,-0.12890625,-0.2578125,9.8046875
388,963000000,imu2_frame,-0.004241050739460803,0.010300931626461719,-0.5389290272551932,0.8422775123900813,-0.00041189961817456077,-0.0024836955538430827,0.0040726430201536105,-0.12890625,-0.296875,9.80859375
389,13000000,imu2_frame,-0.004304662467483615,0.01032988692424319,-0.5388032503826989,0.84235729989964,-0.00040778062199281517,-0.0005252648483046521,0.005965510339952074,-0.12890625,-0.296875,9.80859375
389,38000000,imu2_frame,-0.004307377735550295,0.010355387127554383,-0.5387415941956574,0.8423964073629489,0.003463484684227113,0.0014135815501783943,0.005905855236552553,-0.12890625,-0.296875,9.80859375
389,63000000,imu2_frame,-0.00425704194721242,0.010346824820612256,-0.5386805236390255,0.8424358220434223,0.003428849837384842,0.0013994457346766104,0.005846796684187028,-0.12890625,-0.171875,9.76953125
389,88000000,imu2_frame,-0.004313841534657973,0.01034976811963955,-0.5385984870442043,0.8424879481777634,-0.004339813660989006,-0.0024817362226701558,0.007721922467345158,-0.12890625,-0.171875,9.76953125
389,139000000,imu2_frame,-0.0043636668633721485,0.010371456323518548,-0.5383504414077933,0.8426459479171956,-0.0023628217743791166,-0.0005233251104434541,0.011511890742671707,-0.12890625,-0.171875,9.76953125
389,163000000,imu2_frame,-0.004400614892934243,0.010391383004071218,-0.5382348612726788,0.8427193410967895,-0.0023391935566353253,-0.0005180918593390196,0.011396771835244991,-0.12890625,-0.2109375,9.8046875
389,189000000,imu2_frame,-0.004422247158378115,0.010401102136533686,-0.5381108829999877,0.8427982785942253,-0.002315801621068972,-0.0005129109407456294,0.011282804116892541,-0.12890625,-0.171875,9.80859375
389,214000000,imu2_frame,-0.004442525629447614,0.010410592889175993,-0.5379928498545805,0.8428734051013084,-0.0022926436048582824,-0.0005077818313381731,0.011169976075723616,-0.12890625,-0.171875,9.76953125
389,238000000,imu2_frame,-0.004429849369748732,0.010426360094840888,-0.5379005656357926,0.842932173391447,-0.0003361234188096995,0.0014308897369752086,0.00912468256496638,-0.12890625,-0.171875,9.76953125
389,264000000,imu2_frame,-0.004416657239012715,0.01044278404567904,-0.5378015903388982,0.8429951902764097,-0.0003327621846216025,0.0014165808396054565,0.009033435739316715,-0.12890625,-0.171875,9.80859375
389,288000000,imu2_frame,-0.004393541723706484,0.01047425170025499,-0.5377109100692847,0.8430527646801851,-0.0003294345627753865,0.001402415031209402,0.008943101381923549,-0.16796875,-0.171875,9.80859375
389,314000000,imu2_frame,-0.004452023750985699,0.010470536139027741,-0.5375916086876678,0.8431285842776814,-0.004193327717147632,-0.004412390369102692,0.010787264118104312,-0.16796875,-0.171875,9.80859375
389,338000000,imu2_frame,-0.004452187068340939,0.010463194765454318,-0.5374635773207799,0.8432102956197574,-0.0002842069399761563,-0.0024346727154116654,0.012612985226923269,-0.16796875,-0.171875,9.80859375
389,363000000,imu2_frame,-0.0044637422111232046,0.010438860211211761,-0.5373317624899986,0.8432945406098366,-0.0002813648705763947,-0.0024103259882575483,0.012486855374654035,-0.12890625,-0.171875,9.76953125
389,388000000,imu2_frame,-0.00446266155933067,0.010434954620659595,-0.537242128402514,0.8433517011564087,-0.00027855122187063074,-0.000452628978374973,0.008494799320907494,-0.12890625,-0.171875,9.76953125
389,414000000,imu2_frame,-0.004427389086833613,0.010438629644441508,-0.5371502123751719,0.8434103879976388,0.0016578280403480757,0.0014854910614087767,0.00840985132769842,-0.12890625,-0.171875,9.76953125
389,438000000,imu2_frame,-0.004448571021294603,0.010475602482013575,-0.5370662390678326,0.8434632931088591,0.0016412497599445947,0.001470636150794689,0.008325752814421435,-0.12890625,-0.296875,9.80859375
389,489000000,imu2_frame,-0.004468148737810175,0.010475360690304096,-0.5370556974050364,0.8434699048277033,0.0016248372623451487,-0.00047766396071325794,0.0005081202862772215,-0.12890625,-0.296875,9.80859375
389,513000000,imu2_frame,-0.004448909544651796,0.01045809890679151,-0.5370507643563651,0.8434733616868783,0.0016085888897216973,-0.0004728873211061254,0.0005030390834144492,-0.12890625,-0.171875,9.80859375
389,538000000,imu2_frame,-0.004436536359069203,0.010473680507459253,-0.5370251475061083,0.8434895435675566,-0.00034109074917551964,0.0014654353021049359,0.0024316024425803055,-0.12890625,-0.171875,9.80859375
389,563000000,imu2_frame,-0.00446738020788647,0.010539897374175142,-0.5369995878020075,0.8435048285445046,-0.0003376798416837644,0.0014507809490838866,0.002407286418154502,-0.16796875,-0.296875,9.80859375
389,589000000,imu2_frame,-0.004508418604121388,0.010589187105924514,-0.5369735085981929,0.8435205950905242,-0.00033430304326692676,0.0014362731395930477,0.0023832135539729564,-0.12890625,-0.296875,9.80859375
389,638000000,imu2_frame,-0.004566543907258112,0.010614866681426399,-0.5367647632646249,0.8436528078537698,-0.0003309600128342575,-0.0005116833418028828,0.010093756418433226,-0.12890625,-0.296875,9.80859375
389,689000000,imu2_frame,-0.004587749692053869,0.010617138918269285,-0.5365496137053064,0.8437895122283992,-0.00032765041270591493,-0.000506566508384854,0.009992818854248894,-0.12890625,-0.2109375,9.765625
389,714000000,imu2_frame,-0.004582819526441315,0.010609218943781126,-0.5364454426596394,0.8438558699732404,0.0016092198414211442,-0.0005015008433010055,0.009892890665706405,-0.12890625,-0.2109375,9.765625
389,763000000,imu2_frame,-0.004601143567985943,0.010610439028595075,-0.5362433079168977,0.843984219506402,0.0015931276430069328,-0.0004964858348679954,0.009793961759049341,-0.12890625,-0.296875,9.76953125
389,788000000,imu2_frame,-0.004633735466688033,0.010626282487510153,-0.5361616001628609,0.8440357510952489,0.0015771963665768634,-0.0004915209765193155,0.007762428391458848,-0.12890625,-0.296875,9.76953125
389,814000000,imu2_frame,-0.00470019861697715,0.01063373947823124,-0.5360982956064617,0.8440754996832432,-0.00037216934708890514,-0.002420199516754122,0.0057512103575442595,-0.12890625,-0.296875,9.76953125
