timestamp_sec,timestamp_nsec,frame_id,orientation_x,orientation_y,orientation_z,orientation_w,angular_velocity_x,angular_velocity_y,angular_velocity_z,linear_acceleration_x,linear_acceleration_y,linear_acceleration_z
83,111000000,imu2_frame,-0.005092817736335334,-0.030336091094424256,-0.028192008327381075,0.9991291185082558,0.00013671875,0.0001171875,0.00177734375,0.57421875,-0.11328125,9.42578125
83,131000000,imu2_frame,-0.0050910039509797726,-0.03033324405878682,-0.028181126111856594,0.9991295211906757,0.00013671875,0.0001171875,0.00177734375,0.57421875,-0.078125,9.4609375
83,151000000,imu2_frame,-0.005088581264264619,-0.030349941357406852,-0.028208927643181534,0.9991282419196952,0.00013671875,-0.0018359375,-0.00212890625,0.57421875,-0.078125,9.4609375
83,171000000,imu2_frame,-0.005086184075164233,-0.030366471516003076,-0.028236485971556004,0.999126973411888,0.00013671875,-0.0018359375,-0.00212890625,0.57421875,-0.078125,9.4609375
83,191000000,imu2_frame,-0.005102332243497985,-0.030382308590285477,-0.02826299994624418,0.9991256599469559,0.00013671875,-0.0018359375,-0.00212890625,0.57421875,-0.11328125,9.4609375
83,211000000,imu2_frame,-0.005118566949608235,-0.030399108415617063,-0.028289042602789114,0.9991243288743077,0.00013671875,-0.0018359375,-0.00212890625,0.57421875,-0.11328125,9.42578125
83,231000000,imu2_frame,-0.005135220738697051,-0.030415642520617996,-0.02829528985578351,0.999123563314368,0.00013671875,-0.0018359375,-0.00017578125,0.57421875,-0.11328125,9.42578125
83,251000000,imu2_frame,-0.005151447718701285,-0.03043089189592385,-0.02830126748654252,0.9991228461322837,0.00013671875,-0.0018359375,-0.00017578125,0.57421875,-0.11328125,9.4609375
83,271000000,imu2_frame,-0.005148986180853949,-0.030446518156751406,-0.028307781791889815,0.9991221982137435,0.00013671875,-0.0018359375,-0.00017578125,0.57421875,-0.078125,9.4609375
83,291000000,imu2_frame,-0.005146550251272235,-0.030461988028847614,-0.02831425864858118,0.9991215556993168,0.00013671875,-0.0018359375,-0.00017578125,0.57421875,-0.078125,9.4609375
83,311000000,imu2_frame,-0.005162862521178237,-0.030476856233869087,-0.028340376081907984,0.9991202776283862,-0.0018164062499999999,-0.0018359375,-0.00212890625,0.57421875,-0.078125,9.4609375
83,331000000,imu2_frame,-0.005197525652275525,-0.030491047064501623,-0.028365226424384143,0.9991189597369764,-0.0018164062499999999,-0.0018359375,-0.00212890625,0.57421875,-0.11328125,9.4609375
83,351000000,imu2_frame,-0.005213309090118097,-0.030505627995758497,-0.028390201668542586,0.9991177230527617,-0.0018164062499999999,-0.0018359375,-0.00212890625,0.57421875,-0.078125,9.4609375
83,371000000,imu2_frame,-0.005247448777747588,-0.03051953350360819,-0.028413927068338236,0.9991164452177745,-0.0018164062499999999,-0.0018359375,-0.00212890625,0.57421875,-0.11328125,9.4609375
83,391000000,imu2_frame,-0.0052625125017377854,-0.03053374910694655,-0.02841731039542352,0.9991158354252689,0.00013671875,-0.0018359375,-0.00017578125,0.57421875,-0.11328125,9.4609375
83,411000000,imu2_frame,-0.00527741972582434,-0.03054782349837129,-0.028420466112949676,0.9991152368102854,0.00013671875,-0.0018359375,-0.00017578125,0.57421875,-0.11328125,9.4609375
83,431000000,imu2_frame,-0.005292172065109211,-0.03056175809019975,-0.028423398453104407,0.9991146492158173,0.00013671875,-0.0018359375,-0.00017578125,0.57421875,-0.11328125,9.4609375
83,451000000,imu2_frame,-0.005288664830132056,-0.030578590385964263,-0.028426910687814784,0.9991140528403496,0.00013671875,-0.0018359375,-0.00017578125,0.57421875,-0.078125,9.3828125
83,471000000,imu2_frame,-0.005244923481518644,-0.030538394283280992,-0.028430083237402582,0.9991154225710793,0.00404296875,0.0040234375,-0.00017578125,0.57421875,-0.078125,9.3828125
83,491000000,imu2_frame,-0.005201408281571745,-0.03049721423934611,-0.028433793970828194,0.9991168022988866,0.00404296875,0.0040234375,-0.00017578125,0.57421875,-0.078125,9.42578125
83,511000000,imu2_frame,-0.005158307329702979,-0.03047310355781398,-0.02843809804112745,0.999117638921889,0.00404296875,0.0040234375,-0.00017578125,0.61328125,-0.078125,9.54296875
83,531000000,imu2_frame,-0.00515534007971106,-0.03043282378002137,-0.028441127559475716,0.999118795723803,0.00404296875,0.0040234375,-0.00017578125,0.57421875,-0.15234375,9.3828125
83,551000000,imu2_frame,-0.005172814469627271,-0.030431035680289313,-0.028444297402849403,0.9991186696299624,0.00208984375,0.0001171875,-0.00017578125,0.57421875,-0.15234375,9.3828125
83,571000000,imu2_frame,-0.005150687520411916,-0.03043039709808832,-0.028448929422994367,0.9991186715126514,0.00208984375,0.0001171875,-0.00017578125,0.57421875,-0.078125,9.3828125
83,591000000,imu2_frame,-0.005146338745122608,-0.030424267067427884,-0.02845301394414545,0.9991187642960293,0.00208984375,0.0001171875,-0.00017578125,0.57421875,-0.11328125,9.5390625
83,611000000,imu2_frame,-0.005124486842244628,-0.030423694666370744,-0.028457897577759957,0.9991187549550379,0.00208984375,0.0001171875,-0.00017578125,0.57421875,-0.078125,9.3828125
83,631000000,imu2_frame,-0.005102633523809617,-0.030421743667232944,-0.02846301370413154,0.9991187804731955,0.00208984375,0.0001171875,-0.00017578125,0.57421875,-0.078125,9.42578125
83,651000000,imu2_frame,-0.005099595972723562,-0.03041927751772525,-0.02846754925112517,0.9991187418499613,0.00208984375,0.0001171875,-0.00017578125,0.57421875,-0.11328125,9.42578125
83,671000000,imu2_frame,-0.005077815910864921,-0.03041624705266705,-0.028472890919089153,0.9991187928287186,0.00208984375,0.0001171875,-0.00017578125,0.57421875,-0.078125,9.4609375
83,691000000,imu2_frame,-0.005056447371298812,-0.030414367935065773,-0.028478452510814555,0.9991187998960288,0.00208984375,0.0001171875,-0.00017578125,0.57421875,-0.078125,9.42578125
83,711000000,imu2_frame,-0.00505461220385276,-0.030411956912211678,-0.028484573163174837,0.9991187080942635,0.00013671875,0.0001171875,-0.00017578125,0.57421875,-0.078125,9.42578125
83,731000000,imu2_frame,-0.005053024558633499,-0.030410952932433667,-0.028490654297402485,0.9991185732946101,0.00013671875,0.0001171875,-0.00017578125,0.57421875,-0.078125,9.3828125
83,751000000,imu2_frame,-0.005051039737031948,-0.030407453567385355,-0.02849670562952377,0.9991185172607835,0.00013671875,0.0001171875,-0.00017578125,0.57421875,-0.078125,9.4609375
83,771000000,imu2_frame,-0.005067595598744146,-0.03040345706597608,-0.028501921410275778,0.9991184062708521,0.00013671875,0.0001171875,-0.00017578125,0.57421875,-0.11328125,9.4609375
83,791000000,imu2_frame,-0.0050839796421489015,-0.03039950143066031,-0.028506880375890182,0.9991183019217496,0.00013671875,0.0001171875,-0.00017578125,0.57421875,-0.11328125,9.4609375
83,811000000,imu2_frame,-0.005081859012378597,-0.030397240740748326,-0.02851238692726018,0.9991182243638826,0.00013671875,0.0001171875,-0.00017578125,0.57421875,-0.078125,9.42578125
83,831000000,imu2_frame,-0.005079575112066803,-0.030393880250869476,-0.028517871722348428,0.9991181816744225,0.00013671875,0.0001171875,-0.00017578125,0.57421875,-0.078125,9.4609375
83,851000000,imu2_frame,-0.0050778752353863475,-0.030410965077097316,-0.02852338781947252,0.9991175129750621,0.00013671875,0.0001171875,-0.00017578125,0.61328125,-0.078125,9.46484375
83,871000000,imu2_frame,-0.005076193001155714,-0.030427878972330374,-0.02852886583588198,0.9991168501531632,0.00013671875,0.0001171875,-0.00017578125,0.61328125,-0.078125,9.46484375
83,891000000,imu2_frame,-0.005074153158231078,-0.030425334083333064,-0.028534248279653552,0.9991167843104026,0.00013671875,0.0001171875,-0.00017578125,0.57421875,-0.078125,9.42578125
83,911000000,imu2_frame,-0.005072134567568817,-0.03042281451243795,-0.028539605538935763,0.9991167182685675,0.00013671875,0.0001171875,-0.00017578125,0.57421875,-0.078125,9.42578125
83,931000000,imu2_frame,-0.005070137008169522,-0.030420320007723753,-0.028544937579523838,0.9991166520381527,0.00013671875,0.0001171875,-0.00017578125,0.57421875,-0.078125,9.42578125
83,951000000,imu2_frame,-0.005068160261328684,-0.030417850319775584,-0.028550244370407533,0.9991165856294647,0.00013671875,0.0001171875,-0.00017578125,0.57421875,-0.078125,9.42578125
83,971000000,imu2_frame,-0.005066204110612862,-0.030415405201660008,-0.028555525883710846,0.9991165190526244,0.00013671875,0.0001171875,-0.00017578125,0.57421875,-0.078125,9.42578125
83,991000000,imu2_frame,-0.005082857103106439,-0.0304124492993882,-0.028559975343950827,0.9991163972729276,0.00013671875,0.0001171875,-0.00017578125,0.57421875,-0.11328125,9.42578125
84,11000000,imu2_frame,-0.005099083041454539,-0.03040840365282566,-0.028564180457471024,0.9991163175197452,0.00013671875,0.0001171875,-0.00017578125,0.57421875,-0.11328125,9.4609375
84,31000000,imu2_frame,-0.005115140582397176,-0.03040439938616296,-0.028568142640498964,0.9991162440181128,0.00013671875,0.0001171875,-0.00017578125,0.57421875,-0.11328125,9.4609375
84,51000000,imu2_frame,-0.005131031473855528,-0.030400436087494303,-0.028571866325196423,0.9991161766563484,0.00013671875,0.0001171875,-0.00017578125,0.57421875,-0.11328125,9.4609375
84,71000000,imu2_frame,-0.005146757445565017,-0.03039651334872637,-0.02857535587948891,0.9991161153241388,0.00013671875,0.0001171875,-0.00017578125,0.57421875,-0.11328125,9.4609375
84,91000000,imu2_frame,-0.005143800257108514,-0.03039316427389056,-0.02857941913433336,0.9991161162178696,0.00013671875,0.0001171875,-0.00017578125,0.57421875,-0.078125,9.4609375
84,111000000,imu2_frame,-0.00514087384085994,-0.03038984849701206,-0.02858348172016452,0.9991161159230864,0.00013671875,0.0001171875,-0.00017578125,0.57421875,-0.078125,9.4609375
84,131000000,imu2_frame,-0.0051379778769849805,-0.030386565687152485,-0.028587543244743278,0.9991161144633322,0.00013671875,0.0001171875,-0.00017578125,0.57421875,-0.078125,9.4609375
84,151000000,imu2_frame,-0.005135112048973469,-0.030383315516657745,-0.028591603323726678,0.9991161118617988,0.00013671875,0.0001171875,-0.00017578125,0.57421875,-0.078125,9.4609375
84,171000000,imu2_frame,-0.005132461495207238,-0.03038121991853169,-0.028595657928077597,0.9991160731681391,0.00013671875,0.0001171875,-0.00017578125,0.57421875,-0.078125,9.42578125
84,191000000,imu2_frame,-0.0051298385212214795,-0.03037914510506854,-0.028599707628804462,0.9991160338133797,0.00013671875,0.0001171875,-0.00017578125,0.57421875,-0.078125,9.42578125
84,211000000,imu2_frame,-0.005127242840431762,-0.030377090870202017,-0.028603752118895202,0.9991159938144517,0.00013671875,0.0001171875,-0.00017578125,0.57421875,-0.078125,9.42578125
84,231000000,imu2_frame,-0.005143262927591068,-0.030374520964479006,-0.028606984947802543,0.9991158970484018,0.00013671875,0.0001171875,-0.00017578125,0.57421875,-0.11328125,9.42578125
84,251000000,imu2_frame,-0.005140342519703535,-0.030371391575441265,-0.02861079596881586,0.9991158980851932,0.00013671875,0.0001171875,-0.00017578125,0.57421875,-0.078125,9.4609375
84,271000000,imu2_frame,-0.005137452498514327,-0.030368293289322012,-0.028614608205126568,0.9991158979526782,0.00013671875,0.0001171875,-0.00017578125,0.57421875,-0.078125,9.4609375
84,291000000,imu2_frame,-0.005153112501965276,-0.030364691568645255,-0.028617618226755702,0.9991158405633007,0.00013671875,0.0001171875,-0.00017578125,0.57421875,-0.11328125,9.4609375
84,311000000,imu2_frame,-0.005168609983277449,-0.030361126807315224,-0.028620403716613157,0.9991157890559678,0.00013671875,0.0001171875,-0.00017578125,0.57421875,-0.11328125,9.4609375
84,331000000,imu2_frame,-0.005165612162085893,-0.030359255245238543,-0.028623768182935442,0.999115765047752,0.00013671875,0.0001171875,-0.00017578125,0.57421875,-0.078125,9.42578125
84,351000000,imu2_frame,-0.005162645518320242,-0.03035740220282978,-0.028627138667737938,0.9991157401194548,0.00013671875,0.0001171875,-0.00017578125,0.57421875,-0.078125,9.42578125
84,371000000,imu2_frame,-0.0051780441877435895,-0.030353910768707807,-0.028629715468691155,0.9991156926760869,0.00013671875,0.0001171875,-0.00017578125,0.57421875,-0.11328125,9.4609375
84,391000000,imu2_frame,-0.0051749485916068065,-0.030352111980177166,-0.028632874358165257,0.999115672838439,0.00013671875,0.0001171875,-0.00017578125,0.57421875,-0.078125,9.42578125
84,411000000,imu2_frame,-0.0051716996853506435,-0.030349208726032702,-0.028636046049667692,0.9991156869545736,0.00013671875,0.0001171875,-0.00017578125,0.57421875,-0.078125,9.4609375
84,431000000,imu2_frame,-0.005168484570033819,-0.03034633428963997,-0.028639229152610506,0.9991156996644459,0.00013671875,0.0001171875,-0.00017578125,0.57421875,-0.078125,9.4609375
84,451000000,imu2_frame,-0.0051660950061815985,-0.030365364740345326,-0.028642474824434327,0.999115040784846,0.00013671875,0.0001171875,-0.00017578125,0.61328125,-0.078125,9.421875
84,471000000,imu2_frame,-0.00516293795173335,-0.030362328416163077,-0.02864566066410706,0.9991150580438535,0.00013671875,0.0001171875,-0.00017578125,0.57421875,-0.078125,9.4609375
84,491000000,imu2_frame,-0.005159813736316024,-0.03035932224634954,-0.028648856671904532,0.9991150738960661,0.00013671875,0.0001171875,-0.00017578125,0.57421875,-0.078125,9.4609375
84,511000000,imu2_frame,-0.005156722018686296,-0.030356345931646038,-0.028652062326560163,0.9991150883677692,0.00013671875,0.0001171875,-0.00017578125,0.57421875,-0.078125,9.4609375
84,531000000,imu2_frame,-0.005172436726816252,-0.030353984464438877,-0.02865446766627818,0.9991150099003627,0.00013671875,0.0001171875,-0.00017578125,0.57421875,-0.11328125,9.42578125
84,551000000,imu2_frame,-0.005187734004348549,-0.03035052736568682,-0.02865665972355154,0.9991149727423835,0.00013671875,0.0001171875,-0.00017578125,0.57421875,-0.11328125,9.4609375
84,571000000,imu2_frame,-0.005202872522824417,-0.030347105791556542,-0.02865863960722277,0.9991149411671565,0.00013671875,0.0001171875,-0.00017578125,0.57421875,-0.11328125,9.4609375
84,591000000,imu2_frame,-0.005217853929653664,-0.0303437193866666,-0.028660411336676496,0.999114915070416,0.00013671875,0.0001171875,-0.00017578125,0.57421875,-0.11328125,9.4609375
84,611000000,imu2_frame,-0.005214159915830762,-0.030340902924411276,-0.028662781561998762,0.9991149518945419,0.00013671875,0.0001171875,-0.00017578125,0.57421875,-0.078125,9.4609375
84,631000000,imu2_frame,-0.005229024248620867,-0.030337579210726055,-0.028664373834116165,0.9991149294579369,0.00013671875,0.0001171875,-0.00017578125,0.57421875,-0.11328125,9.4609375
84,651000000,imu2_frame,-0.005225214374333277,-0.030334824894458802,-0.028666567676497494,0.9991149700765242,0.00013671875,0.0001171875,-0.00017578125,0.57421875,-0.078125,9.4609375
84,671000000,imu2_frame,-0.005221444106947846,-0.03033209786358456,-0.02866878933310566,0.9991150088347217,0.00013671875,0.0001171875,-0.00017578125,0.57421875,-0.078125,9.4609375
84,691000000,imu2_frame,-0.00521789857792865,-0.030330520092087365,-0.02867103448092172,0.9991150108306691,0.00013671875,0.0001171875,-0.00017578125,0.57421875,-0.078125,9.42578125
84,711000000,imu2_frame,-0.005232724298035219,-0.03032730029392812,-0.028672504287130893,0.9991149888532387,0.00013671875,0.0001171875,-0.00017578125,0.57421875,-0.11328125,9.4609375
84,731000000,imu2_frame,-0.0052290617564876,-0.030325771253361573,-0.028674573570775352,0.9991149950539077,0.00013671875,0.0001171875,-0.00017578125,0.57421875,-0.078125,9.42578125
84,751000000,imu2_frame,-0.005225437278222235,-0.03032425725668231,-0.028676669565947433,0.9991149998121774,0.00013671875,0.0001171875,-0.00017578125,0.57421875,-0.078125,9.42578125
84,771000000,imu2_frame,-0.005221664916096625,-0.030321635913667863,-0.028678795074323152,0.999115038083257,0.00013671875,0.0001171875,-0.00017578125,0.57421875,-0.078125,9.4609375
84,791000000,imu2_frame,-0.005217931769046371,-0.03031904052882722,-0.028680948536071015,0.9991150745337276,0.00013671875,0.0001171875,-0.00017578125,0.57421875,-0.078125,9.4609375
84,811000000,imu2_frame,-0.005214237429754524,-0.030316470845526557,-0.028683129180276,0.9991151091960957,0.00013671875,0.0001171875,-0.00017578125,0.57421875,-0.078125,9.4609375
84,831000000,imu2_frame,-0.005210549908972726,-0.030333346287018944,-0.028704554921965643,0.9991140009025046,0.00013671875,-0.0018359375,-0.00212890625,0.57421875,-0.078125,9.4609375
84,851000000,imu2_frame,-0.005206900736052841,-0.030350052699935525,-0.02872581485253504,0.9991129015516184,0.00013671875,-0.0018359375,-0.00212890625,0.57421875,-0.078125,9.4609375
84,871000000,imu2_frame,-0.005221809384051989,-0.030366055109174967,-0.02874610700712183,0.9991117538773119,0.00013671875,-0.0018359375,-0.00212890625,0.57421875,-0.11328125,9.4609375
84,891000000,imu2_frame,-0.0052180434155721335,-0.03038243550111645,-0.02876681350570426,0.9991106795929378,0.00013671875,-0.0018359375,-0.00212890625,0.57421875,-0.078125,9.4609375
84,911000000,imu2_frame,-0.005272868782511809,-0.03037746643325445,-0.028749837538672583,0.9991110314821867,-0.00572265625,0.0001171875,0.00177734375,0.57421875,-0.078125,9.4609375
84,931000000,imu2_frame,-0.005345644644091631,-0.030372014259026567,-0.028731533488542734,0.9991113370473711,-0.00572265625,0.0001171875,0.00177734375,0.57421875,-0.11328125,9.4609375
84,951000000,imu2_frame,-0.005399144892622452,-0.030367157898468996,-0.028713295268696724,0.9991117212956772,-0.00572265625,0.0001171875,0.00177734375,0.57421875,-0.078125,9.4609375
84,971000000,imu2_frame,-0.005470609408039526,-0.030361818028945463,-0.02869375772083476,0.9991120561311128,-0.00572265625,0.0001171875,0.00177734375,0.57421875,-0.11328125,9.4609375
84,995000000,imu2_frame,-0.0054375456399247376,-0.030382464766274663,-0.02866799771225949,0.9991123484570241,0.00404296875,-0.0018359375,0.00177734375,0.57421875,-0.11328125,9.4609375
85,11000000,imu2_frame,-0.005420392352566451,-0.03039521907793913,-0.028650259378155032,0.999112562548141,0.00404296875,-0.0018359375,0.00177734375,0.57421875,-0.11328125,9.4609375
85,31000000,imu2_frame,-0.005377112940756212,-0.03041222102556562,-0.028630023619992395,0.9991128590986271,0.00404296875,-0.0018359375,0.00177734375,0.57421875,-0.078125,9.4609375
85,51000000,imu2_frame,-0.005334467913741231,-0.030430172196529773,-0.028610517376497696,0.9991130998879035,0.00404296875,-0.0018359375,0.00177734375,0.57421875,-0.078125,9.42578125
85,71000000,imu2_frame,-0.005310435805195102,-0.030428173361786617,-0.028611522942654292,0.9991132599922424,0.00208984375,0.0001171875,-0.00017578125,0.57421875,-0.078125,9.42578125
85,91000000,imu2_frame,-0.005286467771638551,-0.030425070632512402,-0.028612825227669197,0.9991134442934883,0.00208984375,0.0001171875,-0.00017578125,0.57421875,-0.078125,9.4609375
85,111000000,imu2_frame,-0.00526274864280308,-0.03042199732099405,-0.028614417538675017,0.9991136174953511,0.00208984375,0.0001171875,-0.00017578125,0.57421875,-0.078125,9.4609375
85,131000000,imu2_frame,-0.005239461316189078,-0.03042007542102117,-0.028616290412296005,0.9991137447655972,0.00208984375,0.0001171875,-0.00017578125,0.57421875,-0.078125,9.42578125
85,151000000,imu2_frame,-0.005235004524716394,-0.030417634903499028,-0.028617631772248655,0.9991138040114608,0.00208984375,0.0001171875,-0.00017578125,0.57421875,-0.11328125,9.42578125
85,171000000,imu2_frame,-0.00521200533847037,-0.03041575483277785,-0.02861982422303821,0.9991139186898291,0.00208984375,0.0001171875,-0.00017578125,0.57421875,-0.078125,9.42578125
85,191000000,imu2_frame,-0.0051892449880056426,-0.03041389208231708,-0.028622285475280843,0.9991140233622142,0.00208984375,0.0001171875,-0.00017578125,0.57421875,-0.078125,9.42578125
85,211000000,imu2_frame,-0.005166720995089945,-0.030412046512731158,-0.028625009936197186,0.9991141182203458,0.00208984375,0.0001171875,-0.00017578125,0.57421875,-0.078125,9.42578125
85,231000000,imu2_frame,-0.005163019625351736,-0.03040968155504331,-0.028627185297460715,0.9991141470112481,0.00208984375,0.0001171875,-0.00017578125,0.57421875,-0.11328125,9.42578125
85,251000000,imu2_frame,-0.005140582522966395,-0.030406754226578098,-0.02863019763605199,0.9991142654832078,0.00208984375,0.0001171875,-0.00017578125,0.57421875,-0.078125,9.4609375
85,271000000,imu2_frame,-0.005118378433627616,-0.030403854780660693,-0.02863346426267052,0.9991143741038887,0.00208984375,0.0001171875,-0.00017578125,0.57421875,-0.078125,9.4609375
85,291000000,imu2_frame,-0.005096404938647655,-0.030400982970124005,-0.02863697979469353,0.9991144730607148,0.00208984375,0.0001171875,-0.00017578125,0.57421875,-0.078125,9.4609375
85,311000000,imu2_frame,-0.005074845142338519,-0.030399260798759816,-0.028640735205261184,0.9991145275575631,0.00208984375,0.0001171875,-0.00017578125,0.57421875,-0.078125,9.42578125
85,331000000,imu2_frame,-0.005053323743654537,-0.030396432315419407,-0.028644729993549518,0.9991146081732729,0.00208984375,0.0001171875,-0.00017578125,0.57421875,-0.078125,9.4609375
85,351000000,imu2_frame,-0.0050508000892682215,-0.030394216373132787,-0.028648147906753917,0.9991145903503933,0.00208984375,0.0001171875,-0.00017578125,0.57421875,-0.11328125,9.42578125
85,371000000,imu2_frame,-0.0050297139595752915,-0.030392559217723603,-0.028652371938420667,0.9991146260084397,0.00208984375,0.0001171875,-0.00017578125,0.57421875,-0.078125,9.42578125
85,391000000,imu2_frame,-0.005027181229609802,-0.030389260338991055,-0.028656021595399084,0.9991146344295322,0.00208984375,0.0001171875,-0.00017578125,0.57421875,-0.11328125,9.4609375
85,411000000,imu2_frame,-0.005006340444770666,-0.030387651425281114,-0.028660468801702026,0.9991146604490765,0.00208984375,0.0001171875,-0.00017578125,0.57421875,-0.078125,9.42578125
85,431000000,imu2_frame,-0.004985716095764022,-0.030386057405040575,-0.028665135906264093,0.999114678169561,0.00208984375,0.0001171875,-0.00017578125,0.57421875,-0.078125,9.42578125
85,451000000,imu2_frame,-0.004965305936907987,-0.030384478155957628,-0.028670018068184415,0.9991146877551712,0.00208984375,0.0001171875,-0.00017578125,0.57421875,-0.078125,9.42578125
85,471000000,imu2_frame,-0.004945107745818581,-0.030382913556273046,-0.028675110521346355,0.9991146893674435,0.00208984375,0.0001171875,-0.00017578125,0.57421875,-0.078125,9.42578125
85,491000000,imu2_frame,-0.004925119323167678,-0.03038136348479164,-0.028680408573407045,0.999114683165311,0.00208984375,0.0001171875,-0.00017578125,0.57421875,-0.078125,9.42578125
85,511000000,imu2_frame,-0.004905338492443455,-0.030379827820893258,-0.0286859076047996,0.9991146693051486,0.00208984375,0.0001171875,-0.00017578125,0.57421875,-0.078125,9.42578125
85,531000000,imu2_frame,-0.004904097490379315,-0.030376648841375403,-0.02869080405170576,0.9991146314591931,0.00208984375,0.0001171875,-0.00017578125,0.57421875,-0.11328125,9.4609375
85,551000000,imu2_frame,-0.00488374462368552,-0.030353366611810952,-0.028696424264457766,0.9991152773370119,0.00208984375,0.0001171875,-0.00017578125,0.53515625,-0.078125,9.46484375
85,571000000,imu2_frame,-0.0048827281331245975,-0.030350450933611176,-0.028701502087110954,0.9991152250226438,0.00208984375,0.0001171875,-0.00017578125,0.57421875,-0.11328125,9.4609375
85,591000000,imu2_frame,-0.00488111409527322,-0.030326894744909176,-0.028706496655182868,0.9991158047144016,0.00208984375,0.0001171875,-0.00017578125,0.53515625,-0.11328125,9.46484375
85,611000000,imu2_frame,-0.004880379599339609,-0.030325363780366515,-0.028711514704672047,0.999115710581071,0.00208984375,0.0001171875,-0.00017578125,0.57421875,-0.11328125,9.42578125
85,631000000,imu2_frame,-0.004879652792327555,-0.03032384807488087,-0.028716494352145308,0.9991156170227152,0.00208984375,0.0001171875,-0.00017578125,0.57421875,-0.11328125,9.42578125
85,651000000,imu2_frame,-0.004860159251828627,-0.030321763185220115,-0.028722244761613218,0.9991156100198018,0.00208984375,0.0001171875,-0.00017578125,0.57421875,-0.078125,9.4609375
85,671000000,imu2_frame,-0.004841053739158285,-0.030320820349197686,-0.028728181869126925,0.9991155606928264,0.00208984375,0.0001171875,-0.00017578125,0.57421875,-0.078125,9.42578125
85,691000000,imu2_frame,-0.004821579679183134,-0.030299371848604584,-0.028734253768734973,0.999116130935404,0.00208984375,0.0001171875,-0.00017578125,0.53515625,-0.078125,9.421875
85,711000000,imu2_frame,-0.004802874977780696,-0.030298650876635736,-0.028740569480583466,0.9991160612325954,0.00208984375,0.0001171875,-0.00017578125,0.57421875,-0.078125,9.42578125
85,731000000,imu2_frame,-0.004784178930951155,-0.030296813921681622,-0.02874706402112817,0.9991160197936559,0.00208984375,0.0001171875,-0.00017578125,0.57421875,-0.078125,9.4609375
85,751000000,imu2_frame,-0.004784197026351556,-0.030294457966482072,-0.0287529306060501,0.9991159223317853,0.00208984375,0.0001171875,-0.00017578125,0.57421875,-0.11328125,9.4609375
85,771000000,imu2_frame,-0.004765880644500159,-0.030293784323309755,-0.028759538770348526,0.9991158401020235,0.00208984375,0.0001171875,-0.00017578125,0.57421875,-0.078125,9.42578125
85,791000000,imu2_frame,-0.0047477544868903465,-0.030293116499852755,-0.028766313999162647,0.9991157516018654,0.00208984375,0.0001171875,-0.00017578125,0.57421875,-0.078125,9.42578125
85,811000000,imu2_frame,-0.004729630955547155,-0.030291332224352402,-0.028773256405123456,0.9991156917489302,0.00208984375,0.0001171875,-0.00017578125,0.57421875,-0.078125,9.4609375
85,831000000,imu2_frame,-0.00471169565030481,-0.030289564902351972,-0.028780360703573704,0.999115625450777,0.00208984375,0.0001171875,-0.00017578125,0.57421875,-0.078125,9.4609375
85,851000000,imu2_frame,-0.004712721030734433,-0.030288397590787466,-0.02878681466398729,0.9991154700700867,0.00208984375,0.0001171875,-0.00017578125,0.57421875,-0.11328125,9.42578125
85,871000000,imu2_frame,-0.004714034286829039,-0.03030653325143308,-0.02879324755620012,0.9991147285563304,0.00208984375,0.0001171875,-0.00017578125,0.61328125,-0.11328125,9.46484375
85,891000000,imu2_frame,-0.004714780938983878,-0.03030407619166733,-0.028799548105605192,0.9991146179672181,0.00208984375,0.0001171875,-0.00017578125,0.57421875,-0.11328125,9.4609375
85,911000000,imu2_frame,-0.004715774379689364,-0.030302763913737513,-0.028805772548500606,0.99911447364107,0.00208984375,0.0001171875,-0.00017578125,0.57421875,-0.11328125,9.42578125
85,931000000,imu2_frame,-0.004697983163876657,-0.03030088205791506,-0.028812733705114748,0.9991144138071186,0.00208984375,0.0001171875,-0.00017578125,0.57421875,-0.078125,9.4609375
85,951000000,imu2_frame,-0.004698896671477037,-0.030298480584899444,-0.028819051072700694,0.9991143001376702,0.00208984375,0.0001171875,-0.00017578125,0.57421875,-0.11328125,9.4609375
85,971000000,imu2_frame,-0.004699800771350374,-0.030296103154758055,-0.028825297184156464,0.999114187792662,0.00208984375,0.0001171875,-0.00017578125,0.57421875,-0.11328125,9.4609375
85,991000000,imu2_frame,-0.004700695560648945,-0.030293749526906617,-0.028831472832717742,0.9991140767575759,0.00208984375,0.0001171875,-0.00017578125,0.57421875,-0.11328125,9.4609375
86,11000000,imu2_frame,-0.004701835634537169,-0.030292539646669753,-0.028837571653369396,0.9991139320640854,0.00208984375,0.0001171875,-0.00017578125,0.57421875,-0.11328125,9.42578125
86,31000000,imu2_frame,-0.004723825264611481,-0.03031003477173672,-0.028842761563660217,0.9991131479328992,0.00208984375,0.0001171875,-0.00017578125,0.61328125,-0.15234375,9.46484375
86,51000000,imu2_frame,-0.0047455866222884885,-0.030327356035788226,-0.028847617647746952,0.9991123789842353,0.00208984375,0.0001171875,-0.00017578125,0.61328125,-0.15234375,9.46484375
86,71000000,imu2_frame,-0.004746260551739124,-0.030325812575147992,-0.02885298240423223,0.9991122677201062,0.00208984375,0.0001171875,-0.00017578125,0.57421875,-0.11328125,9.42578125
86,91000000,imu2_frame,-0.004767248659087301,-0.030322566320696718,-0.02885740395809473,0.9991121386254642,0.00208984375,0.0001171875,-0.00017578125,0.57421875,-0.15234375,9.4609375
86,111000000,imu2_frame,-0.004767443307275931,-0.030319951756310675,-0.02886241121210054,0.99911207240671,0.00208984375,0.0001171875,-0.00017578125,0.57421875,-0.11328125,9.4609375
86,131000000,imu2_frame,-0.004768190473138215,-0.030337774723037232,-0.028867416259168294,0.9991113832115947,0.00208984375,0.0001171875,-0.00017578125,0.61328125,-0.11328125,9.46484375
86,151000000,imu2_frame,-0.004768929868194524,-0.030355419517370513,-0.028872356303113123,0.9991107010013168,0.00208984375,0.0001171875,-0.00017578125,0.61328125,-0.11328125,9.46484375
86,171000000,imu2_frame,-0.004790630410609664,-0.030373748002962206,-0.028876328781310093,0.9991099253478745,0.00208984375,0.0001171875,-0.00017578125,0.61328125,-0.15234375,9.421875
86,191000000,imu2_frame,-0.004811157593329786,-0.030370024455198718,-0.028879946683198803,0.9991098353318211,0.00208984375,0.0001171875,-0.00017578125,0.57421875,-0.15234375,9.4609375
86,211000000,imu2_frame,-0.004852497224225096,-0.030366980723344907,-0.02888236632256494,0.9991096579795663,0.00208984375,0.0001171875,-0.00017578125,0.57421875,-0.19140625,9.421875
86,231000000,imu2_frame,-0.004893936964623803,-0.030384462808360834,-0.02888429458166367,0.999108868606096,0.00208984375,0.0001171875,-0.00017578125,0.61328125,-0.19140625,9.42578125
86,251000000,imu2_frame,-0.004934946346021166,-0.030401772408552737,-0.02888567602748564,0.9991081003872483,0.00208984375,0.0001171875,-0.00017578125,0.61328125,-0.19140625,9.42578125
86,271000000,imu2_frame,-0.004954923292458038,-0.03041964669940016,-0.028887415890481636,0.999107407155517,0.00208984375,0.0001171875,-0.00017578125,0.61328125,-0.15234375,9.421875
86,291000000,imu2_frame,-0.004974692676354829,-0.03043734344244377,-0.028888880530824623,0.9991067276015203,0.00208984375,0.0001171875,-0.00017578125,0.61328125,-0.15234375,9.421875
86,311000000,imu2_frame,-0.004993849598010108,-0.030453405232870226,-0.028890087534551787,0.9991061076873473,0.00208984375,0.0001171875,-0.00017578125,0.61328125,-0.15234375,9.46484375
86,331000000,imu2_frame,-0.004991690502731154,-0.030449495930803174,-0.028891876711696945,0.999106185889949,0.00208984375,0.0001171875,-0.00017578125,0.57421875,-0.11328125,9.4609375
86,351000000,imu2_frame,-0.005031154820445975,-0.03044566775597369,-0.028891875335735763,0.9991061046433707,0.00208984375,0.0001171875,-0.00017578125,0.57421875,-0.19140625,9.421875
86,371000000,imu2_frame,-0.00557053355912708,-0.030544636126503644,-0.028870089860533896,0.9991008519019543,0.00208984375,0.0001171875,-0.00017578125,0.8046875,-1.1484375,9.50390625
86,391000000,imu2_frame,-0.005645106035273871,-0.03057699465314233,-0.02886135299846069,0.9990996959657883,0.00208984375,0.0001171875,-0.00017578125,0.65234375,-0.26953125,9.50390625
86,411000000,imu2_frame,-0.005268186980215047,-0.030422665956198858,-0.028870521468894773,0.9991062008576331,0.00208984375,0.0001171875,-0.00017578125,0.26953125,0.57421875,9.42578125
86,431000000,imu2_frame,-0.005504873380255447,-0.03043125686677995,-0.028858643189491964,0.9991050063370902,0.00208984375,0.0001171875,-0.00017578125,0.61328125,-0.57421875,9.5
86,451000000,imu2_frame,-0.005177734148371917,-0.03049986098757349,-0.028868470695247162,0.9991043794061485,0.00208984375,0.0001171875,-0.00017578125,0.69140625,0.49609375,9.42578125
86,471000000,imu2_frame,-0.005133961129004707,-0.030475965850210736,-0.02886978293045992,0.9991052965439483,0.00208984375,0.0001171875,-0.00017578125,0.53515625,-0.0390625,9.46484375
86,491000000,imu2_frame,-0.0053311297931772535,-0.030445334448807218,-0.02886118918967565,0.999105446098652,0.00208984375,0.0001171875,-0.00017578125,0.53515625,-0.49609375,9.46484375
86,511000000,imu2_frame,-0.005265226074777223,-0.03042387731776282,-0.028861557020516744,0.9991064385788366,0.00208984375,0.0001171875,-0.00017578125,0.53515625,0.0,9.421875
86,531000000,imu2_frame,-0.00528099925311768,-0.03043877784912663,-0.028859395653120835,0.9991059639159786,0.00208984375,0.0001171875,-0.00017578125,0.61328125,-0.15234375,9.50390625
86,551000000,imu2_frame,-0.0054191614844598095,-0.030452750462144792,-0.028851738433485534,0.9991050194386282,0.00208984375,0.0001171875,-0.00017578125,0.61328125,-0.3828125,9.421875
86,571000000,imu2_frame,-0.005393457592782061,-0.03042874484325467,-0.028849294225247523,0.9991059605092766,0.00208984375,0.0001171875,-0.00017578125,0.53515625,-0.078125,9.46484375
86,591000000,imu2_frame,-0.005368629570383599,-0.03042564749907861,-0.02884726530337222,0.9991062471405705,0.00208984375,0.0001171875,-0.00017578125,0.57421875,-0.078125,9.4609375
86,611000000,imu2_frame,-0.005566597138671246,-0.03047904497170448,-0.02883616291624286,0.9991038567247034,0.00208984375,0.0001171875,-0.00017578125,0.69140625,-0.49609375,9.42578125
86,631000000,imu2_frame,-0.005398029006541216,-0.030479461051620804,-0.028838237248832645,0.9991047091317443,0.00208984375,0.0001171875,-0.00017578125,0.57421875,0.19140625,9.46484375
86,651000000,imu2_frame,-0.005251744036828353,-0.03047938735317793,-0.02884151711506078,0.9991053963529816,0.00208984375,0.0001171875,-0.00017578125,0.57421875,0.15234375,9.4609375
86,671000000,imu2_frame,-0.0050658860431995,-0.030480374281750853,-0.02884838911555286,0.9991061275098253,0.00208984375,0.0001171875,-0.00017578125,0.57421875,0.23046875,9.46484375
86,691000000,imu2_frame,-0.00502398902903174,-0.03047846105195396,-0.028851361577827125,0.9991063116011462,0.00208984375,0.0001171875,-0.00017578125,0.57421875,-0.0390625,9.42578125
86,711000000,imu2_frame,-0.004982417824775783,-0.03047543990318464,-0.028854833264261998,0.9991065116756163,0.00208984375,0.0001171875,-0.00017578125,0.57421875,-0.0390625,9.4609375
86,731000000,imu2_frame,-0.005043146498653385,-0.030491244694340558,-0.02885444942732752,0.999105735855134,0.00208984375,0.0001171875,-0.00017578125,0.61328125,-0.23046875,9.42578125
86,751000000,imu2_frame,-0.005021346733037289,-0.0304668284449532,-0.028856699722983246,0.9991065255129656,0.00208984375,0.0001171875,-0.00017578125,0.53515625,-0.078125,9.46484375
86,771000000,imu2_frame,-0.004858021759598123,-0.030468719222112185,-0.028865452993140136,0.9991070224941112,0.00208984375,0.0001171875,-0.00017578125,0.57421875,0.19140625,9.421875
86,791000000,imu2_frame,-0.00477762350780959,-0.030487394247337127,-0.02887271346996816,0.9991066307069063,0.00208984375,0.0001171875,-0.00017578125,0.61328125,0.0390625,9.46484375
86,811000000,imu2_frame,-0.004759985998193681,-0.030505547128534323,-0.028878220880382822,0.9991060016266892,0.00208984375,0.0001171875,-0.00017578125,0.61328125,-0.078125,9.421875
86,831000000,imu2_frame,-0.004741734870480273,-0.030501641465969793,-0.028883847804298948,0.9991060449993873,0.00208984375,0.0001171875,-0.00017578125,0.57421875,-0.078125,9.4609375
86,851000000,imu2_frame,-0.004724240548327332,-0.03051818554441334,-0.028889697587740078,0.9991054535311111,0.00208984375,0.0001171875,-0.00017578125,0.61328125,-0.078125,9.46484375
86,871000000,imu2_frame,-0.00468636285138593,-0.030535162371158022,-0.02889659807047988,0.999104913651287,0.00208984375,0.0001171875,-0.00017578125,0.61328125,-0.0390625,9.46484375
86,891000000,imu2_frame,-0.004669443540512695,-0.030551368407879337,-0.028903006496860683,0.9991043120720031,0.00208984375,0.0001171875,-0.00017578125,0.61328125,-0.078125,9.46484375
86,911000000,imu2_frame,-0.004652929618080928,-0.030568876064999556,-0.028909553996156766,0.999103664165954,0.00208984375,0.0001171875,-0.00017578125,0.61328125,-0.078125,9.421875
86,931000000,imu2_frame,-0.004654864863994534,-0.03058420377780026,-0.02891543816546087,0.9991030157836956,0.00208984375,0.0001171875,-0.00017578125,0.61328125,-0.11328125,9.46484375
86,951000000,imu2_frame,-0.004638272754392925,-0.030599918030107205,-0.028922040715125788,0.9991024206773194,0.00208984375,0.0001171875,-0.00017578125,0.61328125,-0.078125,9.46484375
86,971000000,imu2_frame,-0.004640673987762115,-0.03061639652339335,-0.0289279668068483,0.9991017331309577,0.00208984375,0.0001171875,-0.00017578125,0.61328125,-0.11328125,9.421875
86,996000000,imu2_frame,-0.004658517834241292,-0.03063196909404698,-0.028933242524416772,0.999101019996493,0.00208984375,0.0001171875,-0.00017578125,0.61328125,-0.15234375,9.421875
87,11000000,imu2_frame,-0.0047067480907451685,-0.030645735983007214,-0.02893666493202145,0.9991002726508896,0.00208984375,0.0001171875,-0.00017578125,0.61328125,-0.19140625,9.4609375
87,31000000,imu2_frame,-0.004790350200415419,-0.030657896378406293,-0.028937995818286866,0.9990994636834859,0.00208984375,0.0001171875,-0.00017578125,0.61328125,-0.26953125,9.46484375
87,51000000,imu2_frame,-0.004912114885560877,-0.03066879824263439,-0.02893655634003528,0.9990985795450236,0.00208984375,0.0001171875,-0.00017578125,0.61328125,-0.34375,9.46484375
87,71000000,imu2_frame,-0.004830545908376117,-0.03066507048505873,-0.028942339588088548,0.999098924159936,0.00208984375,0.0001171875,-0.00017578125,0.57421875,0.0390625,9.4609375
87,91000000,imu2_frame,-0.004931979585085092,-0.030697159803127264,-0.028941292238219066,0.9990974735034494,0.00208984375,0.0001171875,-0.00017578125,0.65234375,-0.3046875,9.4609375
87,111000000,imu2_frame,-0.004849548344049064,-0.030673765609664748,-0.028946728883230594,0.9990984380285773,0.00208984375,0.0001171875,-0.00017578125,0.53515625,0.0390625,9.421875
87,131000000,imu2_frame,-0.0047898472770090805,-0.030691266315596304,-0.028952350654781935,0.9990980256844525,0.00208984375,0.0001171875,-0.00017578125,0.61328125,0.0,9.421875
87,151000000,imu2_frame,-0.004790674500810165,-0.030706839747857158,-0.02895604583848857,0.9990974361091747,0.00208984375,0.0001171875,-0.00017578125,0.61328125,-0.11328125,9.421875
87,171000000,imu2_frame,-0.004791493073903135,-0.030722257508790828,-0.02895968862930511,0.9990968526234981,0.00208984375,0.0001171875,-0.00017578125,0.61328125,-0.11328125,9.421875
87,191000000,imu2_frame,-0.004792303084852545,-0.030737521154628772,-0.028963279707385076,0.999096275167215,0.00208984375,0.0001171875,-0.00017578125,0.61328125,-0.11328125,9.421875
87,211000000,imu2_frame,-0.004875016111948266,-0.030748766386352846,-0.02896323570332054,0.9990955302478437,0.00208984375,0.0001171875,-0.00017578125,0.61328125,-0.26953125,9.46484375
87,231000000,imu2_frame,-0.004855568704321441,-0.03074243719178999,-0.028966503302694027,0.9990957249905945,0.00208984375,0.0001171875,-0.00017578125,0.57421875,-0.078125,9.4609375
87,251000000,imu2_frame,-0.004855713232458238,-0.0307575027965843,-0.02896921706219329,0.999095181918883,0.00208984375,0.0001171875,-0.00017578125,0.61328125,-0.11328125,9.421875
87,271000000,imu2_frame,-0.004836466259996074,-0.03075108519560308,-0.02897266613658201,0.999095372809997,0.00208984375,0.0001171875,-0.00017578125,0.57421875,-0.078125,9.4609375
87,291000000,imu2_frame,-0.004877539215795458,-0.030744229523643165,-0.028973703068829636,0.9990953540541941,0.00208984375,0.0001171875,-0.00017578125,0.57421875,-0.19140625,9.421875
87,311000000,imu2_frame,-0.004836880016807525,-0.030717876050431893,-0.02897769168748983,0.9990962466484989,0.00208984375,0.0001171875,-0.00017578125,0.53515625,-0.0390625,9.46484375
87,331000000,imu2_frame,-0.004818398264146654,-0.03073226509167868,-0.028981359111667587,0.999095787071762,0.00208984375,0.0001171875,-0.00017578125,0.61328125,-0.078125,9.46484375
87,351000000,imu2_frame,-0.004839176958659404,-0.03074536700899541,-0.02898351050522706,0.999095221133921,0.00208984375,0.0001171875,-0.00017578125,0.61328125,-0.15234375,9.46484375
87,371000000,imu2_frame,-0.004960985747946222,-0.030775906748624557,-0.028981023151975073,0.9990937556011814,0.00208984375,0.0001171875,-0.00017578125,0.65234375,-0.34375,9.46484375
87,391000000,imu2_frame,-0.0048577335575270796,-0.03075104481664119,-0.02898657966993332,0.9990948673006022,0.00208984375,0.0001171875,-0.00017578125,0.53515625,0.078125,9.46484375
87,411000000,imu2_frame,-0.004817887235028246,-0.030745293142965716,-0.02899073840616833,0.9990951165924138,0.00208984375,0.0001171875,-0.00017578125,0.57421875,-0.0390625,9.4609375
87,431000000,imu2_frame,-0.004838128083666709,-0.030737854154031515,-0.028992751974429805,0.9990951892445489,0.00208984375,0.0001171875,-0.00017578125,0.57421875,-0.15234375,9.4609375
87,451000000,imu2_frame,-0.0047990687826191735,-0.030752644971277592,-0.028997149544085853,0.999094794844017,0.00208984375,0.0001171875,-0.00017578125,0.61328125,-0.0390625,9.46484375
87,471000000,imu2_frame,-0.004759941242590941,-0.030747998595214952,-0.029001941926857143,0.9990949859278782,0.00208984375,0.0001171875,-0.00017578125,0.57421875,-0.0390625,9.42578125
87,491000000,imu2_frame,-0.004721830503382895,-0.03076415089065425,-0.029007226668625794,0.9990945161183047,0.00208984375,0.0001171875,-0.00017578125,0.61328125,-0.0390625,9.421875
87,511000000,imu2_frame,-0.004723364836785614,-0.030778991574411677,-0.02901121653344047,0.9990939359327186,0.00208984375,0.0001171875,-0.00017578125,0.61328125,-0.11328125,9.421875
87,531000000,imu2_frame,-0.004744918303702891,-0.030772327698653797,-0.0290141952415134,0.9990939525754249,0.00208984375,0.0001171875,-0.00017578125,0.57421875,-0.15234375,9.42578125
87,551000000,imu2_frame,-0.004726822230084847,-0.030765756109407502,-0.029018597392521803,0.9990941128882666,0.00208984375,0.0001171875,-0.00017578125,0.57421875,-0.078125,9.4609375
87,571000000,imu2_frame,-0.004647788703729496,-0.0307814650508657,-0.029025929160499824,0.9990937868417847,0.00208984375,0.0001171875,-0.00017578125,0.61328125,0.0390625,9.46484375
87,591000000,imu2_frame,-0.004649220957427278,-0.030774255480492656,-0.02903062481404846,0.9990938658439539,0.00208984375,0.0001171875,-0.00017578125,0.57421875,-0.11328125,9.4609375
87,611000000,imu2_frame,-0.0046721646388942,-0.030788386140298662,-0.029034392742988004,0.9990932139667995,0.00208984375,0.0001171875,-0.00017578125,0.61328125,-0.15234375,9.421875
87,631000000,imu2_frame,-0.004693918814669907,-0.030780507155155276,-0.029037798181180536,0.9990932557985874,0.00208984375,0.0001171875,-0.00017578125,0.57421875,-0.15234375,9.4609375
87,651000000,imu2_frame,-0.004677152580928359,-0.030795727081573306,-0.029042650031374653,0.9990927243836816,0.00208984375,0.0001171875,-0.00017578125,0.61328125,-0.078125,9.421875
87,671000000,imu2_frame,-0.004698854903357002,-0.030787774787652423,-0.029045910215315694,0.9990927728624535,0.00208984375,0.0001171875,-0.00017578125,0.57421875,-0.15234375,9.4609375
87,691000000,imu2_frame,-0.0047832266094401405,-0.030799956278881914,-0.02904619384581272,0.9990919887875657,0.00208984375,0.0001171875,-0.00017578125,0.61328125,-0.26953125,9.421875
87,711000000,imu2_frame,-0.004925135344439788,-0.03078842070812965,-0.029042778254829888,0.9990917541564334,0.00208984375,0.0001171875,-0.00017578125,0.57421875,-0.3828125,9.4609375
87,731000000,imu2_frame,-0.00482347854739205,-0.03080451893548318,-0.029048283928430327,0.9990915938334533,0.00208984375,0.0001171875,-0.00017578125,0.61328125,0.078125,9.46484375
87,751000000,imu2_frame,-0.00488642917619596,-0.030837617353282065,-0.029047926722038306,0.9990902772617847,0.00208984375,0.0001171875,-0.00017578125,0.65234375,-0.23046875,9.42578125
87,771000000,imu2_frame,-0.004927105322805108,-0.030849197662683823,-0.029047637618347767,0.9990897283955531,0.00208984375,0.0001171875,-0.00017578125,0.61328125,-0.19140625,9.4609375
87,791000000,imu2_frame,-0.004907302116495664,-0.030842991219694586,-0.029049396242262153,0.9990899663476355,0.00208984375,0.0001171875,-0.00017578125,0.57421875,-0.078125,9.42578125
87,811000000,imu2_frame,-0.004906596409248034,-0.03085559250129273,-0.0290506314011999,0.9990895448048001,0.00208984375,0.0001171875,-0.00017578125,0.61328125,-0.11328125,9.46484375
87,831000000,imu2_frame,-0.004926866436472105,-0.03086892419986403,-0.029050945045468176,0.999089024110377,0.00208984375,0.0001171875,-0.00017578125,0.61328125,-0.15234375,9.421875
87,851000000,imu2_frame,-0.004967531727475608,-0.030881385307410542,-0.029050092327248117,0.9990884624525549,0.00208984375,0.0001171875,-0.00017578125,0.61328125,-0.19140625,9.42578125
87,871000000,imu2_frame,-0.005108944605648092,-0.030890889079930206,-0.0290442974819939,0.9990876240053449,0.00208984375,0.0001171875,-0.00017578125,0.61328125,-0.3828125,9.421875
87,891000000,imu2_frame,-0.004985638096204963,-0.030865436745878994,-0.029048162298329187,0.9990889212148987,0.00208984375,0.0001171875,-0.00017578125,0.53515625,0.11328125,9.46484375
87,911000000,imu2_frame,-0.00500467967122238,-0.030877215836660157,-0.029047517118297433,0.9990884808027901,0.00208984375,0.0001171875,-0.00017578125,0.61328125,-0.15234375,9.46484375
87,931000000,imu2_frame,-0.0050640658259946585,-0.030867141451003836,-0.02904478065160675,0.9990885724163068,0.00208984375,0.0001171875,-0.00017578125,0.57421875,-0.23046875,9.46484375
87,951000000,imu2_frame,-0.005042839664556187,-0.03086076437538116,-0.02904484041576303,0.9990888750434106,0.00208984375,0.0001171875,-0.00017578125,0.57421875,-0.078125,9.42578125
87,971000000,imu2_frame,-0.0050407258068406605,-0.03087319650877017,-0.029044413148107996,0.9990885140394485,0.00208984375,0.0001171875,-0.00017578125,0.61328125,-0.11328125,9.46484375
87,991000000,imu2_frame,-0.005100361814241914,-0.030883827681979958,-0.029041306025543612,0.9990879731241912,0.00208984375,0.0001171875,-0.00017578125,0.61328125,-0.23046875,9.4609375
88,11000000,imu2_frame,-0.005179874609790189,-0.030893622159993535,-0.029036576843142654,0.9990873986864686,0.00208984375,0.0001171875,-0.00017578125,0.61328125,-0.26953125,9.46484375
88,31000000,imu2_frame,-0.005074197362817236,-0.03086889359004183,-0.02903882302579446,0.9990886400549887,0.00208984375,0.0001171875,-0.00017578125,0.53515625,0.078125,9.421875
88,51000000,imu2_frame,-0.004985182840655153,-0.030841893201655094,-0.029546561015140988,0.9990750353742014,0.00208984375,0.0001171875,-0.00017578125,0.53515625,0.078125,9.421875
88,71000000,imu2_frame,-0.004897075425604107,-0.030815251927603822,-0.03005059617535469,0.999061259668505,0.00208984375,0.0001171875,-0.00017578125,0.53515625,0.078125,9.421875
88,91000000,imu2_frame,-0.004873127740864245,-0.03082832345033217,-0.030548266906861774,0.9990458800717064,0.00208984375,0.0001171875,-0.00017578125,0.61328125,-0.0390625,9.421875
88,111000000,imu2_frame,-0.004848684844558351,-0.03081941541145973,-0.03104141755758033,0.99903107273247,0.00208984375,0.0001171875,-0.00017578125,0.57421875,-0.0390625,9.4609375
88,131000000,imu2_frame,-0.004863589710660205,-0.03080938405114161,-0.03152843375989415,0.9990160585366803,0.00208984375,0.0001171875,-0.00017578125,0.57421875,-0.11328125,9.4609375
88,151000000,imu2_frame,-0.004939993669098566,-0.030797334864817286,-0.032007883633792616,0.9990008088150176,0.00208984375,0.0001171875,-0.00017578125,0.57421875,-0.23046875,9.46484375
88,171000000,imu2_frame,-0.0050161957741156425,-0.03078670299396718,-0.0324817451982213,0.9989854618199382,0.00208984375,0.0001171875,-0.00017578125,0.57421875,-0.23046875,9.421875
88,191000000,imu2_frame,-0.005093503593402145,-0.03077580223249003,-0.03301177447802178,0.9989680320029781,0.00208984375,0.0001171875,-0.00017578125,0.57421875,-0.23046875,9.421875
88,211000000,imu2_frame,-0.0051721251714760995,-0.03076458546423781,-0.03360458101492011,0.9989482076350285,0.00208984375,0.0001171875,-0.00017578125,0.57421875,-0.23046875,9.421875
88,231000000,imu2_frame,-0.005371537617671744,-0.03074909362393755,-0.03418534102053625,0.9989279264712935,0.00208984375,0.0001171875,-0.00017578125,0.57421875,-0.4609375,9.42578125
88,251000000,imu2_frame,-0.005283480684385043,-0.030721716199676962,-0.03477049755917715,0.9989090416474823,0.00208984375,0.0001171875,-0.00017578125,0.53515625,0.078125,9.46484375
88,271000000,imu2_frame,-0.005360107077406706,-0.03071083439182961,-0.035344054838714306,0.9988888385053837,0.00208984375,0.0001171875,-0.00017578125,0.57421875,-0.23046875,9.421875
88,291000000,imu2_frame,-0.005374091907263391,-0.030720076180582093,-0.035913893200411655,0.9988681536273049,0.00208984375,0.0001171875,-0.00017578125,0.61328125,-0.11328125,9.50390625
88,311000000,imu2_frame,-0.0053853740489387325,-0.030729671034132554,-0.03639432415822117,0.99885040833628,0.00208984375,0.0001171875,-0.00017578125,0.61328125,-0.11328125,9.50390625
88,331000000,imu2_frame,-0.005276810140661693,-0.030724504297593026,-0.03687520055535813,0.9988335094971578,0.00208984375,0.0001171875,-0.00017578125,0.57421875,0.11328125,9.4609375
88,351000000,imu2_frame,-0.005372322898834494,-0.030733760274540674,-0.03734397086285487,0.9988152992251632,0.00208984375,0.0001171875,-0.00017578125,0.61328125,-0.26953125,9.421875
88,371000000,imu2_frame,-0.005283222589324056,-0.0307483709099892,-0.037815074568324364,0.9987975998073111,0.00208984375,0.0001171875,-0.00017578125,0.61328125,0.078125,9.46484375
88,391000000,imu2_frame,-0.005195477823193903,-0.030762847875445996,-0.03829606821545904,0.9987792876106402,0.00208984375,0.0001171875,-0.00017578125,0.61328125,0.078125,9.46484375
88,411000000,imu2_frame,-0.005111443830762314,-0.030776801285466625,-0.0388637096311379,0.9987573647880182,0.00208984375,0.0001171875,-0.00017578125,0.61328125,0.078125,9.46484375
88,431000000,imu2_frame,-0.005027044618733933,-0.03079091762241906,-0.03938600352268283,0.9987368977568025,0.00208984375,0.0001171875,-0.00017578125,0.61328125,0.078125,9.46484375
88,451000000,imu2_frame,-0.0050648249189236905,-0.03080011117388713,-0.039898975600981317,0.9987160619746781,0.00208984375,0.0001171875,-0.00017578125,0.61328125,-0.15234375,9.46484375
88,471000000,imu2_frame,-0.005101937634563275,-0.030809232279897382,-0.04039706987267964,0.9986955683211968,0.00208984375,0.0001171875,-0.00017578125,0.61328125,-0.15234375,9.46484375
88,491000000,imu2_frame,-0.005139179342688441,-0.030818151535766117,-0.040906048834984735,0.9986743841414538,0.00208984375,0.0001171875,-0.00017578125,0.61328125,-0.15234375,9.46484375
88,511000000,imu2_frame,-0.005178280468468174,-0.030826578963034243,-0.04148189638099185,0.9986501688346436,0.00208984375,0.0001171875,-0.00017578125,0.61328125,-0.15234375,9.46484375
88,531000000,imu2_frame,-0.00521598738536392,-0.030835059384262526,-0.04201911718842628,0.9986272509695848,0.00208984375,0.0001171875,-0.00017578125,0.61328125,-0.15234375,9.46484375
88,551000000,imu2_frame,-0.005252045458673931,-0.03084364216767366,-0.04250943906379242,0.9986060451183011,0.00208984375,0.0001171875,-0.00017578125,0.61328125,-0.15234375,9.46484375
88,571000000,imu2_frame,-0.005288348809301856,-0.030852009333357876,-0.043014148177720445,0.9985839824188603,0.00208984375,0.0001171875,-0.00017578125,0.61328125,-0.15234375,9.46484375
88,591000000,imu2_frame,-0.005324473008121953,-0.03086023435676389,-0.043519436633534796,0.9985616428432104,0.00208984375,0.0001171875,-0.00017578125,0.61328125,-0.15234375,9.46484375
88,611000000,imu2_frame,-0.005359937675917635,-0.03086840232784939,-0.04400970335027917,0.9985397131896442,0.00208984375,0.0001171875,-0.00017578125,0.61328125,-0.15234375,9.46484375
88,631000000,imu2_frame,-0.0053944643325820555,-0.030876565147890712,-0.044475894749682034,0.998518618887724,0.00208984375,0.0001171875,-0.00017578125,0.61328125,-0.15234375,9.46484375
88,651000000,imu2_frame,-0.005570408301012269,-0.03087833889938155,-0.04493083440210034,0.9984972302706233,0.00208984375,0.0001171875,-0.00017578125,0.61328125,-0.421875,9.4609375
88,671000000,imu2_frame,-0.005642952108953718,-0.03086390454028471,-0.04538356080439951,0.9984767943706742,0.00208984375,0.0001171875,-0.00017578125,0.57421875,-0.23046875,9.46484375
88,691000000,imu2_frame,-0.005717294179310357,-0.030849085901648202,-0.04591381383251974,0.9984525868290656,0.00208984375,0.0001171875,-0.00017578125,0.57421875,-0.23046875,9.46484375
88,711000000,imu2_frame,-0.0057897053772611,-0.030834566337015284,-0.046400754300201644,0.9984301071336066,0.00208984375,0.0001171875,-0.00017578125,0.57421875,-0.23046875,9.46484375
88,731000000,imu2_frame,-0.005862477003687363,-0.030819920674761192,-0.04691835784587476,0.9984059452697731,0.00208984375,0.0001171875,-0.00017578125,0.57421875,-0.23046875,9.46484375
88,751000000,imu2_frame,-0.005855309904699845,-0.030829703717021796,-0.04743362726946176,0.998381337825734,0.00208984375,0.0001171875,-0.00017578125,0.61328125,-0.078125,9.46484375
88,771000000,imu2_frame,-0.005847639859676578,-0.03083951535562738,-0.047924758503300684,0.998357624763342,0.00208984375,0.0001171875,-0.00017578125,0.61328125,-0.078125,9.46484375
88,791000000,imu2_frame,-0.005839845568777509,-0.030849283680413953,-0.04840411182903191,0.9983342425551579,0.00208984375,0.0001171875,-0.00017578125,0.61328125,-0.078125,9.46484375
88,811000000,imu2_frame,-0.00583396558129598,-0.030858623496596228,-0.04893772731619586,0.9983079730457016,0.00208984375,0.0001171875,-0.00017578125,0.61328125,-0.078125,9.46484375
88,831000000,imu2_frame,-0.005824864882506203,-0.030868505895396074,-0.04935956213301663,0.9982869526939253,0.00208984375,0.0001171875,-0.00017578125,0.61328125,-0.078125,9.46484375
88,851000000,imu2_frame,-0.005820030378046782,-0.030877517457735967,-0.049911852572702385,0.9982592414472339,0.00208984375,0.0001171875,-0.00017578125,0.61328125,-0.078125,9.46484375
88,871000000,imu2_frame,-0.005812366698778674,-0.0308869972165226,-0.050365232306677825,0.9982362211275445,0.00208984375,0.0001171875,-0.00017578125,0.61328125,-0.078125,9.46484375
88,891000000,imu2_frame,-0.005805437857452816,-0.030896273378118653,-0.05083502187185494,0.9982121606822449,0.00208984375,0.0001171875,-0.00017578125,0.61328125,-0.078125,9.46484375
88,911000000,imu2_frame,-0.005715239958480703,-0.03089045137072686,-0.05130405912697396,0.9981888646761322,0.00208984375,0.0001171875,-0.00017578125,0.57421875,0.078125,9.42578125
88,931000000,imu2_frame,-0.00562705168423494,-0.030884574150950916,-0.051804328103688665,0.9981637094978872,0.00208984375,0.0001171875,-0.00017578125,0.57421875,0.078125,9.42578125
88,951000000,imu2_frame,-0.0055380019216223035,-0.030879161261669258,-0.05224337194326972,0.9981414919852242,0.00208984375,0.0001171875,-0.00017578125,0.57421875,0.078125,9.42578125
88,971000000,imu2_frame,-0.005449908030444273,-0.030873872308459296,-0.05268024747199552,0.9981191782735317,0.00208984375,0.0001171875,-0.00017578125,0.57421875,0.078125,9.42578125
88,991000000,imu2_frame,-0.005363752224509329,-0.03086853270571955,-0.05314704096650119,0.9980950635521524,0.00208984375,0.0001171875,-0.00017578125,0.57421875,0.078125,9.42578125
89,11000000,imu2_frame,-0.005009036061896749,-0.030977478985582146,-0.05437793497147498,0.9980272268538902,0.02748046875,-0.0096484375,-0.07830078125,0.57421875,0.078125,9.42578125
89,31000000,imu2_frame,-0.004657892930222542,-0.031085645973109834,-0.05559422407141404,0.9979585506912512,0.02748046875,-0.0096484375,-0.07830078125,0.57421875,0.078125,9.42578125
89,51000000,imu2_frame,-0.004313498964895728,-0.031192582638346678,-0.056898928587694915,0.9978832238496658,0.02748046875,-0.0096484375,-0.07830078125,0.57421875,0.078125,9.42578125
89,71000000,imu2_frame,-0.003971781300916824,-0.03129890463329381,-0.05816252642035033,0.9978084605987543,0.02748046875,-0.0096484375,-0.07830078125,0.57421875,0.078125,9.42578125
89,91000000,imu2_frame,-0.0037889598745282286,-0.031125815464371077,-0.060118705584315785,0.9976986361790886,0.00794921875,0.0176953125,-0.14861328125,0.57421875,0.078125,9.42578125
89,111000000,imu2_frame,-0.003747265696299867,-0.031157197926365728,-0.061093723062904774,0.9976385838666685,-0.0018164062499999999,-0.0037890625,-0.05095703125,0.57421875,0.078125,9.42578125
89,131000000,imu2_frame,-0.003726668136078025,-0.031187014633539123,-0.062058916020789855,0.9975781538331598,-0.0018164062499999999,-0.0037890625,-0.05095703125,0.57421875,0.0390625,9.42578125
89,151000000,imu2_frame,-0.0037082834268471012,-0.03121631453703064,-0.06307768357598738,0.9975134065141376,-0.0018164062499999999,-0.0037890625,-0.05095703125,0.57421875,0.0390625,9.42578125
89,171000000,imu2_frame,-0.0036081028066243174,-0.03119361305627516,-0.06474251985050435,0.9974078133953229,0.00404296875,0.0020703125,-0.11736328125,0.57421875,0.0390625,9.42578125
89,191000000,imu2_frame,-0.00350714886424998,-0.03117139632048611,-0.0663345687383481,0.9973042509427966,0.00404296875,0.0020703125,-0.11736328125,0.57421875,0.0390625,9.42578125
89,211000000,imu2_frame,-0.0035283664503868877,-0.03113993033634574,-0.06790717666360482,0.9971993134406066,0.00404296875,0.0020703125,-0.11736328125,0.57421875,-0.19140625,9.46484375
89,231000000,imu2_frame,-0.0035500063429593763,-0.031108649054488954,-0.06948516390287875,0.9970915010200215,0.00404296875,0.0020703125,-0.11736328125,0.57421875,-0.19140625,9.46484375
89,251000000,imu2_frame,-0.0034691652677906622,-0.031103675475669265,-0.07065960554700887,0.9970094013639942,0.01576171875,0.0001171875,-0.07830078125,0.57421875,-0.19140625,9.46484375
89,271000000,imu2_frame,-0.0033886282221855663,-0.03109885550776245,-0.07180621334739402,0.9969279041683946,0.01576171875,0.0001171875,-0.07830078125,0.57421875,-0.19140625,9.46484375
89,291000000,imu2_frame,-0.003247946016697787,-0.031077978387516476,-0.07294560980176851,0.996846301150115,0.01576171875,0.0001171875,-0.07830078125,0.53515625,-0.078125,9.46484375
89,311000000,imu2_frame,-0.0031090043905910463,-0.031057359916366847,-0.07408475876972827,0.9967633736272394,0.01576171875,0.0001171875,-0.07830078125,0.53515625,-0.078125,9.46484375
89,331000000,imu2_frame,-0.002972204659870335,-0.031036957716872166,-0.07523710565885462,0.9966781081107478,0.01576171875,0.0001171875,-0.07830078125,0.53515625,-0.078125,9.46484375
89,351000000,imu2_frame,-0.0028365491991771343,-0.031016864590528524,-0.07637117158950354,0.9965928718637617,0.01576171875,0.0001171875,-0.07830078125,0.53515625,-0.078125,9.46484375
89,371000000,imu2_frame,-0.002703845206627487,-0.03099691196788354,-0.07754557246004207,0.9965031685154836,0.01576171875,0.0001171875,-0.07830078125,0.53515625,-0.078125,9.46484375
89,391000000,imu2_frame,-0.002574993239707843,-0.03097703719748683,-0.07878988436010631,0.9964065167886057,0.01576171875,0.0001171875,-0.07830078125,0.53515625,-0.078125,9.46484375
89,411000000,imu2_frame,-0.0024446761179275816,-0.030957683453924866,-0.07993363234160741,0.9963163452511064,0.01576171875,0.0001171875,-0.07830078125,0.53515625,-0.078125,9.46484375
89,431000000,imu2_frame,-0.0023151420708091295,-0.030938640198900923,-0.08104958052780817,0.9962270856366541,0.01576171875,0.0001171875,-0.07830078125,0.53515625,-0.078125,9.46484375
89,451000000,imu2_frame,-0.002189763876735978,-0.03091965488157186,-0.08224687299741469,0.9961298267586991,0.01576171875,0.0001171875,-0.07830078125,0.53515625,-0.078125,9.46484375
89,471000000,imu2_frame,-0.0020640962171300705,-0.03090105171251243,-0.08338287036220902,0.996036224963744,0.01576171875,0.0001171875,-0.07830078125,0.53515625,-0.078125,9.46484375
89,491000000,imu2_frame,-0.0019382544573298378,-0.030882797409671283,-0.08446171705088672,0.9959461402840155,0.01576171875,0.0001171875,-0.07830078125,0.53515625,-0.078125,9.46484375
89,511000000,imu2_frame,-0.0018162600912973658,-0.03086463140543697,-0.08561359506828961,0.9958485768765101,0.01576171875,0.0001171875,-0.07830078125,0.53515625,-0.078125,9.46484375
89,531000000,imu2_frame,-0.0016958331887315147,-0.03084670277500016,-0.08676552170362328,0.9957496418885649,0.01576171875,0.0001171875,-0.07830078125,0.53515625,-0.078125,9.46484375
89,551000000,imu2_frame,-0.0015751144208705978,-0.030829103704728755,-0.08785795067677507,0.9956545916542552,0.01576171875,0.0001171875,-0.07830078125,0.53515625,-0.078125,9.46484375
89,571000000,imu2_frame,-0.0014579901405964288,-0.030811626520189192,-0.08901686813922267,0.9955523668409486,0.01576171875,0.0001171875,-0.07830078125,0.53515625,-0.078125,9.46484375
89,591000000,imu2_frame,-0.0013449989081041173,-0.030794268255682003,-0.09026026855754463,0.9954411021956318,0.01576171875,0.0001171875,-0.07830078125,0.53515625,-0.078125,9.46484375
89,611000000,imu2_frame,-0.0012306147943605124,-0.030777275886537968,-0.09141004426301336,0.9953368518667767,0.01576171875,0.0001171875,-0.07830078125,0.53515625,-0.078125,9.46484375
89,631000000,imu2_frame,-0.0011171428824705491,-0.030760531122231784,-0.09254113218206718,0.9952329780364593,0.01576171875,0.0001171875,-0.07830078125,0.53515625,-0.078125,9.46484375
89,651000000,imu2_frame,-0.001129742055749576,-0.030632946995700676,-0.09493729109665153,0.9950111843594903,-0.0018164062499999999,0.0098828125,-0.20720703125,0.53515625,-0.078125,9.46484375
89,671000000,imu2_frame,-0.0011449009115601582,-0.03050639880000042,-0.09739935683618742,0.9947770675493355,-0.0018164062499999999,0.0098828125,-0.20720703125,0.53515625,-0.078125,9.46484375
89,691000000,imu2_frame,-0.0011597846267347135,-0.03038097924536397,-0.09983553904474848,0.9945393487154528,-0.0018164062499999999,0.0098828125,-0.20720703125,0.53515625,-0.078125,9.46484375
89,711000000,imu2_frame,-0.001174107041561106,-0.030256689447065555,-0.10223636447975468,0.9942991903820105,-0.0018164062499999999,0.0098828125,-0.20720703125,0.53515625,-0.078125,9.46484375
89,731000000,imu2_frame,-0.0011886781353102093,-0.030133488130739725,-0.1046283774002491,0.9940540541539763,-0.0018164062499999999,0.0098828125,-0.20720703125,0.53515625,-0.078125,9.46484375
89,751000000,imu2_frame,-0.0012042379631133904,-0.0300113348525853,-0.10703621721590847,0.9938013472497425,-0.0018164062499999999,0.0098828125,-0.20720703125,0.53515625,-0.078125,9.46484375
89,771000000,imu2_frame,-0.001217859846102735,-0.02989033681518088,-0.1093630147010078,0.9935516169771843,-0.0018164062499999999,0.0098828125,-0.20720703125,0.53515625,-0.078125,9.46484375
89,791000000,imu2_frame,-0.0012309532980810747,-0.029770429330798626,-0.11165511108553543,0.993300227755896,-0.0018164062499999999,0.0098828125,-0.20720703125,0.53515625,-0.078125,9.46484375
89,811000000,imu2_frame,-0.001245045245283137,-0.029651539368593653,-0.11396349007791183,0.9930415696256989,-0.0018164062499999999,0.0098828125,-0.20720703125,0.53515625,-0.078125,9.46484375
89,831000000,imu2_frame,-0.0012598497096381071,-0.029533667398429556,-0.11627895891126788,0.9927766007431984,-0.0018164062499999999,0.0098828125,-0.20720703125,0.53515625,-0.078125,9.46484375
89,851000000,imu2_frame,-0.001271583903010141,-0.029416966043154535,-0.11847420119813423,0.9925204727529088,-0.0018164062499999999,0.0098828125,-0.20720703125,0.53515625,-0.078125,9.46484375
89,871000000,imu2_frame,-0.00128471345858317,-0.029301235513874667,-0.1206993447262999,0.9922557408709368,-0.0018164062499999999,0.0098828125,-0.20720703125,0.53515625,-0.078125,9.46484375
89,891000000,imu2_frame,-0.0012995459208466253,-0.02918645005824877,-0.12296541354680492,0.991980831157871,-0.0018164062499999999,0.0098828125,-0.20720703125,0.53515625,-0.078125,9.46484375
89,911000000,imu2_frame,-0.0013117639788203998,-0.029072791936212882,-0.125125822422759,0.9917139610831975,-0.0018164062499999999,0.0098828125,-0.20720703125,0.53515625,-0.078125,9.46484375
89,931000000,imu2_frame,-0.001324189112939828,-0.02896012768685091,-0.1272762494216558,0.9914435505164734,-0.0018164062499999999,0.0098828125,-0.20720703125,0.53515625,-0.078125,9.46484375
89,951000000,imu2_frame,-0.001339007597801631,-0.02884834639545106,-0.12949194291462446,0.9911598340777823,-0.0018164062499999999,0.0098828125,-0.20720703125,0.53515625,-0.078125,9.46484375
89,971000000,imu2_frame,-0.0013528926052183152,-0.028737590845009344,-0.1316591311273343,0.9908774867483966,-0.0018164062499999999,0.0098828125,-0.20720703125,0.53515625,-0.078125,9.46484375
89,991000000,imu2_frame,-0.001365319888977146,-0.02862787894108154,-0.13375938826167333,0.9905993168283526,-0.0018164062499999999,0.0098828125,-0.20720703125,0.53515625,-0.078125,9.46484375
90,11000000,imu2_frame,-0.0013787693632506023,-0.028519084745088817,-0.13587835384578265,0.9903140076543933,-0.0018164062499999999,0.0098828125,-0.20720703125,0.53515625,-0.078125,9.46484375
90,31000000,imu2_frame,-0.001393284662411432,-0.028411195360862368,-0.13801798337907226,0.9900211608849533,-0.0018164062499999999,0.0098828125,-0.20720703125,0.53515625,-0.078125,9.46484375
90,51000000,imu2_frame,-0.001406524837875666,-0.028304316327389605,-0.1400968698092662,0.9897321629788359,-0.0018164062499999999,0.0098828125,-0.20720703125,0.53515625,-0.078125,9.46484375
90,71000000,imu2_frame,-0.00142063506587762,-0.028198333593144748,-0.1421898837874428,0.9894366441198208,-0.0018164062499999999,0.0098828125,-0.20720703125,0.53515625,-0.078125,9.46484375
90,91000000,imu2_frame,-0.0014327832513817715,-0.028093381475738685,-0.14419768942747466,0.9891489955578942,-0.0018164062499999999,0.0098828125,-0.20720703125,0.53515625,-0.078125,9.46484375
90,111000000,imu2_frame,-0.0014452251986170111,-0.027989338882184984,-0.14619934012923066,0.9888580591666536,-0.0018164062499999999,0.0098828125,-0.20720703125,0.53515625,-0.078125,9.46484375
90,131000000,imu2_frame,-0.0014605029767632005,-0.027886063962691655,-0.14828512607342478,0.9885503304096924,-0.0018164062499999999,0.0098828125,-0.20720703125,0.53515625,-0.078125,9.46484375
90,151000000,imu2_frame,-0.001474152486575834,-0.027783779436741107,-0.15029734946803178,0.9882492576357147,-0.0018164062499999999,0.0098828125,-0.20720703125,0.53515625,-0.078125,9.46484375
90,171000000,imu2_frame,-0.0014888705857758892,-0.027682335628855144,-0.15233174234451155,0.9879405406363259,-0.0018164062499999999,0.0098828125,-0.20720703125,0.53515625,-0.078125,9.46484375
90,191000000,imu2_frame,-0.0015003807516427762,-0.02758195515150157,-0.15423562475233235,0.9876478910344914,-0.0018164062499999999,0.0098828125,-0.20720703125,0.53515625,-0.078125,9.46484375
90,211000000,imu2_frame,-0.0018436278300178197,-0.027572234704443543,-0.15455669956194323,0.9875973873650876,-0.02916015625,-0.0037890625,-0.04705078125,0.53515625,-0.078125,9.46484375
90,231000000,imu2_frame,-0.0018043008694690816,-0.02766081675141983,-0.15497894132127943,0.987528810446537,0.00990234375,-0.0076953125,-0.05876953125,0.53515625,-0.078125,9.46484375
90,251000000,imu2_frame,-0.001767219039659587,-0.027748372176530187,-0.15546383627622493,0.9874502014728124,0.00990234375,-0.0076953125,-0.05876953125,0.53515625,-0.078125,9.46484375
90,271000000,imu2_frame,-0.0017316316102543082,-0.027834964869440013,-0.15598430171141964,0.9873657446976193,0.00990234375,-0.0076953125,-0.05876953125,0.53515625,-0.078125,9.46484375
90,291000000,imu2_frame,-0.0018337589260800126,-0.027899352431031553,-0.15636817489790095,0.987303022046033,-0.00376953125,-0.0076953125,-0.04509765625,0.53515625,-0.078125,9.46484375
90,311000000,imu2_frame,-0.0016457605270805194,-0.027891103792237634,-0.15687742629687998,0.9872227970017737,0.02357421875,0.0040234375,-0.05876953125,0.53515625,-0.078125,9.46484375
90,331000000,imu2_frame,-0.001460015075044451,-0.027882883458337924,-0.1573947274970657,0.9871409792538014,0.02357421875,0.0040234375,-0.05876953125,0.53515625,-0.078125,9.46484375
90,351000000,imu2_frame,-0.0012750571105017072,-0.02787476294198284,-0.15786890694273825,0.9870657425121178,0.02357421875,0.0040234375,-0.05876953125,0.53515625,-0.078125,9.46484375
90,371000000,imu2_frame,-0.001094330317988089,-0.027866583308695556,-0.15842261536442812,0.9869774723452148,0.02357421875,0.0040234375,-0.05876953125,0.53515625,-0.078125,9.46484375
90,391000000,imu2_frame,-0.0009153845845144628,-0.027858468709514042,-0.15896980831792698,0.9868898965110471,0.02357421875,0.0040234375,-0.05876953125,0.53515625,-0.078125,9.46484375
90,411000000,imu2_frame,-0.0007361145972188326,-0.027850471401405986,-0.15943658069272637,0.9868149705568066,0.02357421875,0.0040234375,-0.05876953125,0.53515625,-0.078125,9.46484375
90,431000000,imu2_frame,-0.0005630684075894318,-0.027842416595818206,-0.16005563240735451,0.9867150943036977,0.02357421875,0.0040234375,-0.05876953125,0.53515625,-0.078125,9.46484375
90,451000000,imu2_frame,-0.0004870239783794275,-0.02779705965842128,-0.16124568746296622,0.9865226376300679,0.01185546875,0.0059765625,-0.11736328125,0.53515625,-0.078125,9.46484375
90,471000000,imu2_frame,-0.0006906605032612425,-0.027886074749376336,-0.16164492604650452,0.986454665814178,-0.01158203125,-0.0116015625,-0.03728515625,0.53515625,-0.078125,9.46484375
90,491000000,imu2_frame,-0.0008900257340829618,-0.027974254307614375,-0.16196115587745932,0.9864001383500324,-0.01158203125,-0.0116015625,-0.03728515625,0.53515625,-0.078125,9.46484375
90,511000000,imu2_frame,-0.0010873605597201729,-0.02806156974579281,-0.16227324831528678,0.9863461658219291,-0.01158203125,-0.0116015625,-0.03728515625,0.53515625,-0.078125,9.46484375
90,531000000,imu2_frame,-0.001255110240814337,-0.028050620782754193,-0.1636679648383111,0.9861158069200954,-0.01353515625,-0.0018359375,-0.14861328125,0.53515625,-0.078125,9.46484375
90,551000000,imu2_frame,-0.0014213229423821099,-0.028039738607661156,-0.16505338318288415,0.9858849494742231,-0.01353515625,-0.0018359375,-0.14861328125,0.53515625,-0.078125,9.46484375
90,571000000,imu2_frame,-0.001587338031140088,-0.028028849578974342,-0.1664761640081158,0.9856457531823475,-0.01353515625,-0.0018359375,-0.14861328125,0.53515625,-0.078125,9.46484375
90,591000000,imu2_frame,-0.0017526885619866667,-0.02801796167310957,-0.16791947022938167,0.9854009201458931,-0.01353515625,-0.0018359375,-0.14861328125,0.53515625,-0.078125,9.46484375
90,611000000,imu2_frame,-0.0019159147034815223,-0.02800716231320936,-0.16933153370678827,0.9851592560710768,-0.01353515625,-0.0018359375,-0.14861328125,0.53515625,-0.078125,9.46484375
90,631000000,imu2_frame,-0.002078518121938516,-0.027996353543425983,-0.17076474745820053,0.9849118158374512,-0.01353515625,-0.0018359375,-0.14861328125,0.53515625,-0.078125,9.46484375
90,651000000,imu2_frame,-0.0022389188367574905,-0.027985649359204955,-0.17216311016358296,0.9846682965197916,-0.01353515625,-0.0018359375,-0.14861328125,0.53515625,-0.078125,9.46484375
90,671000000,imu2_frame,-0.0023967538244518767,-0.0279750960432228,-0.1735134185777386,0.9844311774552572,-0.01353515625,-0.0018359375,-0.14861328125,0.53515625,-0.078125,9.46484375
90,691000000,imu2_frame,-0.002297290457451041,-0.02787371665795524,-0.17431235905785714,0.9842931371577833,0.01185546875,0.0118359375,-0.09392578125,0.53515625,-0.078125,9.46484375
90,711000000,imu2_frame,-0.002199351762740652,-0.02777326167566321,-0.17512114584742966,0.9841526269155624,0.01185546875,0.0118359375,-0.09392578125,0.53515625,-0.078125,9.46484375
90,731000000,imu2_frame,-0.0021404391260808502,-0.027665799792150773,-0.17592212022160408,0.9840129214898267,0.01185546875,0.0118359375,-0.09392578125,0.53515625,-0.15234375,9.50390625
90,751000000,imu2_frame,-0.0020818218579703083,-0.027559398073338088,-0.17670361119557743,0.9838759979723203,0.01185546875,0.0118359375,-0.09392578125,0.53515625,-0.15234375,9.50390625
90,771000000,imu2_frame,-0.002043467162839134,-0.027491162881551418,-0.17702143435572484,0.9838208536029394,0.01185546875,0.0079296875,-0.04705078125,0.53515625,-0.15234375,9.50390625
90,791000000,imu2_frame,-0.0020630772466417794,-0.02737267792269091,-0.17775702842368818,0.9836914755458621,0.00404296875,0.0118359375,-0.09001953125,0.53515625,-0.15234375,9.50390625
90,811000000,imu2_frame,-0.0020842044792510703,-0.027255233573634585,-0.17854576077188383,0.98355183881935,0.00404296875,0.0118359375,-0.09001953125,0.53515625,-0.15234375,9.50390625
90,831000000,imu2_frame,-0.0021051727176364934,-0.027138943308792893,-0.17932761534462022,0.983412757888936,0.00404296875,0.0118359375,-0.09001953125,0.53515625,-0.15234375,9.50390625
90,851000000,imu2_frame,-0.0025068106533275747,-0.027249711333579386,-0.17989478576159135,0.9833051587317012,-0.02916015625,-0.0174609375,-0.06853515625,0.53515625,-0.15234375,9.50390625
90,871000000,imu2_frame,-0.002903708907495449,-0.02735952099555355,-0.1804311683476953,0.9832027352352922,-0.02916015625,-0.0174609375,-0.06853515625,0.53515625,-0.15234375,9.50390625
90,891000000,imu2_frame,-0.0032992351818091387,-0.027468015721191095,-0.18105625707370646,0.9830835442290832,-0.02916015625,-0.0174609375,-0.06853515625,0.53515625,-0.15234375,9.50390625
90,911000000,imu2_frame,-0.00368856704087804,-0.027575750989503975,-0.1815956847560757,0.9829796435880664,-0.02916015625,-0.0174609375,-0.06853515625,0.53515625,-0.15234375,9.50390625
90,931000000,imu2_frame,-0.004074200266918458,-0.027682469805854804,-0.18213771613695692,0.9828748313585237,-0.02916015625,-0.0174609375,-0.06853515625,0.53515625,-0.15234375,9.50390625
90,951000000,imu2_frame,-0.004454274428413623,-0.02778848054982813,-0.18261516682214735,0.9827815935570667,-0.02916015625,-0.0174609375,-0.06853515625,0.53515625,-0.15234375,9.50390625
90,971000000,imu2_frame,-0.004832713952340984,-0.027893187595337852,-0.18316570436245433,0.9826743813222323,-0.02916015625,-0.0174609375,-0.06853515625,0.53515625,-0.15234375,9.50390625
90,991000000,imu2_frame,-0.005207183382897674,-0.027996959227813045,-0.1837052026041324,0.9825688037238858,-0.02916015625,-0.0174609375,-0.06853515625,0.53515625,-0.15234375,9.50390625
91,11000000,imu2_frame,-0.005577280429912799,-0.02809990135208661,-0.18421842054970455,0.9824677414639024,-0.02916015625,-0.0174609375,-0.06853515625,0.53515625,-0.15234375,9.50390625
91,31000000,imu2_frame,-0.005943332629488339,-0.02820198710085281,-0.1847157770807419,0.9823692821023449,-0.02916015625,-0.0174609375,-0.06853515625,0.53515625,-0.15234375,9.50390625
91,51000000,imu2_frame,-0.006305459507099548,-0.028303220844821585,-0.1852003266973249,0.9822728785125943,-0.02916015625,-0.0174609375,-0.06853515625,0.53515625,-0.15234375,9.50390625
91,71000000,imu2_frame,-0.006663058733398076,-0.02840377168092636,-0.18565012803763753,0.982182701620336,-0.02916015625,-0.0174609375,-0.06853515625,0.53515625,-0.15234375,9.50390625
91,91000000,imu2_frame,-0.006192498522328536,-0.028462049901497578,-0.18577655497309012,0.9821601887165791,0.05287109375,0.0020703125,-0.03728515625,0.53515625,-0.15234375,9.50390625
91,111000000,imu2_frame,-0.006674937091405729,-0.02841944600126458,-0.18645371365880248,0.9820299348628067,-0.04478515625,-0.0057421875,-0.09197265625,0.53515625,-0.15234375,9.50390625
91,131000000,imu2_frame,-0.007153500773664715,-0.028377236194160382,-0.18715634857854124,0.981894119077719,-0.04478515625,-0.0057421875,-0.09197265625,0.53515625,-0.15234375,9.50390625
91,151000000,imu2_frame,-0.0076277619790922615,-0.028335498745134444,-0.1878681848259795,0.9817558056300184,-0.04478515625,-0.0057421875,-0.09197265625,0.53515625,-0.15234375,9.50390625
91,171000000,imu2_frame,-0.007408058431119335,-0.028484952268435695,-0.18847933522054117,0.9816360162297271,0.02748046875,-0.0116015625,-0.08416015625,0.53515625,-0.15234375,9.50390625
91,191000000,imu2_frame,-0.007662283864005089,-0.02840431172125479,-0.18896333972752846,0.9815433463279387,-0.02330078125,0.0020703125,-0.07048828125,0.53515625,-0.15234375,9.50390625
91,211000000,imu2_frame,-0.00791360899861589,-0.02832468181334089,-0.18942896339595233,0.9814538985706486,-0.02330078125,0.0020703125,-0.07048828125,0.53515625,-0.15234375,9.50390625
91,231000000,imu2_frame,-0.008163607259513376,-0.028245618878661737,-0.18992993129423028,0.981357305841885,-0.02330078125,0.0020703125,-0.07048828125,0.53515625,-0.15234375,9.50390625
91,251000000,imu2_frame,-0.008411946748790092,-0.0281671886693381,-0.19045417954407529,0.9812558555894352,-0.02330078125,0.0020703125,-0.07048828125,0.53515625,-0.15234375,9.50390625
91,271000000,imu2_frame,-0.008658186150699439,-0.02808950446847836,-0.19098569562673937,0.9811526280947658,-0.02330078125,0.0020703125,-0.07048828125,0.53515625,-0.15234375,9.50390625
91,291000000,imu2_frame,-0.008899511482494165,-0.02801345134407669,-0.19142520733977939,0.9810669881481532,-0.02330078125,0.0020703125,-0.07048828125,0.53515625,-0.15234375,9.50390625
91,311000000,imu2_frame,-0.009140169680515883,-0.027937711617959108,-0.19192034085025966,0.9809701954369884,-0.02330078125,0.0020703125,-0.07048828125,0.53515625,-0.15234375,9.50390625
91,331000000,imu2_frame,-0.009059207307622765,-0.02806353919883022,-0.19253342622839312,0.9808472094650365,0.01185546875,-0.0116015625,-0.08416015625,0.53515625,-0.15234375,9.50390625
91,351000000,imu2_frame,-0.009036909230449863,-0.028057986848321587,-0.19299234449637004,0.9807573800952888,0.00404296875,0.0001171875,-0.06853515625,0.53515625,-0.15234375,9.50390625
91,371000000,imu2_frame,-0.009014538480606009,-0.028052563295639907,-0.1934363444756469,0.9806702669217746,0.00404296875,0.0001171875,-0.06853515625,0.53515625,-0.15234375,9.50390625
91,391000000,imu2_frame,-0.008992613175323762,-0.028047100701594684,-0.1938836596267334,0.9805822859812728,0.00404296875,0.0001171875,-0.06853515625,0.53515625,-0.15234375,9.50390625
91,411000000,imu2_frame,-0.009191554923201223,-0.027900448832141635,-0.19457844816868888,0.9804469938662282,-0.02134765625,0.0098828125,-0.09392578125,0.53515625,-0.15234375,9.50390625
91,431000000,imu2_frame,-0.00906443285243761,-0.027956251124870237,-0.19491542250754948,0.980379652047517,0.01576171875,-0.0037890625,-0.05876953125,0.53515625,-0.15234375,9.50390625
91,451000000,imu2_frame,-0.008939730857965893,-0.028011050899126134,-0.1952902278057243,0.9803046409985531,0.01576171875,-0.0037890625,-0.05876953125,0.53515625,-0.15234375,9.50390625
91,471000000,imu2_frame,-0.00885729379225922,-0.028213450962968244,-0.19528152522591152,0.980301318695879,0.01576171875,-0.0194140625,-0.01970703125,0.53515625,-0.15234375,9.50390625
91,491000000,imu2_frame,-0.008151931667175486,-0.02849956248117764,-0.1956069361268552,0.9802342819385269,0.07826171875,-0.0155078125,-0.05486328125,0.53515625,-0.15234375,9.50390625
91,511000000,imu2_frame,-0.007988226003413042,-0.028577063321796017,-0.19581546735258237,0.9801917375915339,0.02162109375,-0.0057421875,-0.04119140625,0.53515625,-0.15234375,9.50390625
91,531000000,imu2_frame,-0.008065902902113037,-0.028507839854358622,-0.19625701838376136,0.9801048040961375,-0.00572265625,0.0040234375,-0.06462890625,0.53515625,-0.15234375,9.50390625
91,551000000,imu2_frame,-0.00816237440496646,-0.028316804252543067,-0.1965436889778253,0.9800520968621944,-0.00962890625,0.0157421875,-0.04900390625,0.53515625,-0.15234375,9.50390625
91,571000000,imu2_frame,-0.0076621432352338105,-0.028364766034218575,-0.19658844900288927,0.9800457710369987,0.05482421875,0.0040234375,-0.02556640625,0.53515625,-0.15234375,9.50390625
91,591000000,imu2_frame,-0.007169948726740524,-0.028411278967902114,-0.19673808285288147,0.9800181211681939,0.05482421875,0.0040234375,-0.02556640625,0.53515625,-0.15234375,9.50390625
91,611000000,imu2_frame,-0.006681879062527844,-0.028457419369609927,-0.19685906740208692,0.9799959363980019,0.05482421875,0.0040234375,-0.02556640625,0.53515625,-0.15234375,9.50390625
91,631000000,imu2_frame,-0.006199335309252623,-0.02850283618232296,-0.19700140605949823,0.9799691845062618,0.05482421875,0.0040234375,-0.02556640625,0.53515625,-0.15234375,9.50390625
91,651000000,imu2_frame,-0.006247335591164188,-0.028520939119041484,-0.1971939038455224,0.9799296357983783,0.00208984375,-0.0037890625,-0.02947265625,0.53515625,-0.15234375,9.50390625
91,671000000,imu2_frame,-0.005868318515245925,-0.028723373886344973,-0.19771757823889055,0.9798205396325069,0.04701171875,-0.0135546875,-0.06462890625,0.53515625,-0.15234375,9.50390625
91,691000000,imu2_frame,-0.006231637141038146,-0.028676147584697286,-0.1982535771455869,0.979711367907519,-0.03111328125,-0.0037890625,-0.06462890625,0.53515625,-0.15234375,9.50390625
91,711000000,imu2_frame,-0.006114990923073963,-0.028587919119563307,-0.19924817643968362,0.9795128901407499,0.01380859375,0.0098828125,-0.11345703125,0.53515625,-0.15234375,9.50390625
91,731000000,imu2_frame,-0.006339112134574623,-0.028451102524677366,-0.19976569538390807,0.9794100353632585,-0.01939453125,0.0079296875,-0.06462890625,0.53515625,-0.15234375,9.50390625
91,751000000,imu2_frame,-0.006696216726856836,-0.0283276686564698,-0.20044721503300061,0.9792719835957477,-0.03306640625,0.0040234375,-0.08220703125,0.53515625,-0.15234375,9.50390625
91,771000000,imu2_frame,-0.00705344181775624,-0.028184853781705748,-0.20085201139497905,0.9791906517601252,-0.03306640625,0.0059765625,-0.05486328125,0.53515625,-0.15234375,9.50390625
91,791000000,imu2_frame,-0.0074385139765855935,-0.027978516171651566,-0.20172309504230865,0.9790146393538784,-0.03892578125,0.0118359375,-0.10369140625,0.53515625,-0.15234375,9.50390625
91,811000000,imu2_frame,-0.0074337572651917505,-0.02807050754598536,-0.20234422857071227,0.9788838536941736,0.00599609375,-0.0096484375,-0.08025390625,0.53515625,-0.15234375,9.50390625
91,831000000,imu2_frame,-0.00825258372928628,-0.027774597857620632,-0.2031066780221719,0.9787278191195121,-0.08384765625,0.0118359375,-0.09392578125,0.53515625,-0.15234375,9.50390625
91,851000000,imu2_frame,-0.008287719194514443,-0.027604166604939504,-0.20421892875611855,0.9785008701244486,-0.00572265625,0.0157421875,-0.13298828125,0.53515625,-0.15234375,9.50390625
91,871000000,imu2_frame,-0.008210122283164988,-0.027674750955436936,-0.20480371596620503,0.9783772993983887,0.01185546875,-0.0057421875,-0.08025390625,0.53515625,-0.15234375,9.50390625
91,891000000,imu2_frame,-0.008106879202706073,-0.027613356341779437,-0.2060106167379305,0.9781264779425982,0.00990234375,0.0079296875,-0.14470703125,0.53515625,-0.15234375,9.50390625
91,911000000,imu2_frame,-0.008192341937352444,-0.0276320081410887,-0.20743513484401355,0.9778241265646487,-0.00767578125,-0.0037890625,-0.16814453125,0.53515625,-0.15234375,9.50390625
91,931000000,imu2_frame,-0.00835944667678867,-0.027632394351067444,-0.20859931968187412,0.9775750069748839,-0.01548828125,-0.0037890625,-0.14275390625,0.53515625,-0.15234375,9.50390625
91,951000000,imu2_frame,-0.008351038100856956,-0.02771037443449294,-0.2101627349782865,0.9772379547161403,0.00208984375,-0.0076953125,-0.18572265625,0.53515625,-0.15234375,9.50390625
91,971000000,imu2_frame,-0.00815135514055645,-0.027746775322863272,-0.21055543682676234,0.9771540717262792,0.02357421875,0.0001171875,-0.06658203125,0.53515625,-0.15234375,9.50390625
91,991000000,imu2_frame,-0.008519569107128892,-0.027563436718198074,-0.21159970971686515,0.9769305178702574,-0.03892578125,0.0098828125,-0.13298828125,0.53515625,-0.15234375,9.50390625
92,11000000,imu2_frame,-0.008656970776238724,-0.027609162676048394,-0.21260366843068745,0.9767100240926788,-0.01158203125,-0.0076953125,-0.13103515625,0.53515625,-0.15234375,9.50390625
92,31000000,imu2_frame,-0.008687418397094858,-0.027537316852563557,-0.2129725982698053,0.9766314030013388,-0.0018164062499999999,0.0059765625,-0.06658203125,0.53515625,-0.15234375,9.50390625
92,51000000,imu2_frame,-0.008619178510072956,-0.02752834400575718,-0.21377047637680852,0.9764579271365176,0.00794921875,0.0020703125,-0.11150390625,0.53515625,-0.15234375,9.50390625
92,71000000,imu2_frame,-0.008810457880404533,-0.027522066397122364,-0.21452631600996366,0.9762906183265121,-0.01744140625,-0.0037890625,-0.10759765625,0.53515625,-0.15234375,9.50390625
92,91000000,imu2_frame,-0.008863074021568053,-0.027742784168859436,-0.2148887470472033,0.9762041847062178,0.00208984375,-0.0233203125,-0.06853515625,0.53515625,-0.15234375,9.50390625
92,111000000,imu2_frame,-0.009037346131776692,-0.027617809791166535,-0.21525341547485313,0.9761257859946348,-0.01744140625,0.0079296875,-0.06853515625,0.53515625,-0.15234375,9.50390625
92,131000000,imu2_frame,-0.009113708519370807,-0.027614720499558168,-0.21574148265159562,0.9760174077300294,-0.00572265625,-0.0018359375,-0.08220703125,0.53515625,-0.15234375,9.50390625
92,151000000,imu2_frame,-0.00902218644870537,-0.027706988387061624,-0.21589917468952746,0.9759807730250555,0.01380859375,-0.0076953125,-0.04900390625,0.53515625,-0.15234375,9.50390625
92,171000000,imu2_frame,-0.00905640969005615,-0.027652034494737833,-0.21609804809097624,0.9759380001020034,-0.0018164062499999999,0.0040234375,-0.05291015625,0.53515625,-0.15234375,9.50390625
92,191000000,imu2_frame,-0.009060877816527533,-0.02772270347584903,-0.21621660225889125,0.9759096951628283,0.00404296875,-0.0076953125,-0.04509765625,0.53515625,-0.15234375,9.50390625
92,211000000,imu2_frame,-0.009444364014104327,-0.02766817808432925,-0.21598068982991453,0.9759598442202718,-0.03501953125,-0.0037890625,-0.00798828125,0.53515625,-0.15234375,9.50390625
92,231000000,imu2_frame,-0.009320428872192208,-0.02772502742901868,-0.21552661679863275,0.976059798327456,0.01771484375,-0.0037890625,0.01349609375,0.53515625,-0.15234375,9.50390625
92,251000000,imu2_frame,-0.009404433501974464,-0.027717625321653085,-0.21562977331741556,0.9760364187550152,-0.00572265625,-0.0018359375,-0.04314453125,0.53515625,-0.15234375,9.50390625
92,271000000,imu2_frame,-0.009248903401725355,-0.02760440604762513,-0.21565460275115808,0.9760356278665567,0.01576171875,0.0137890625,-0.03533203125,0.53515625,-0.15234375,9.50390625
92,291000000,imu2_frame,-0.009107116363686026,-0.027629989741493596,-0.21628416266216516,0.9758969233889148,0.01576171875,0.0001171875,-0.09783203125,0.53515625,-0.15234375,9.50390625
92,311000000,imu2_frame,-0.009265735637306276,-0.027666309878575348,-0.21627007664287698,0.9758975229959785,-0.01158203125,-0.0076953125,-0.03142578125,0.53515625,-0.15234375,9.50390625
92,331000000,imu2_frame,-0.008949409493636443,-0.027748593452170053,-0.21653156801314447,0.9758401527324598,0.03529296875,-0.0018359375,-0.06072265625,0.53515625,-0.15234375,9.50390625
92,351000000,imu2_frame,-0.009030515707569575,-0.02770225569496051,-0.21657451214693152,0.9758311921145917,-0.00572265625,0.0020703125,-0.03728515625,0.53515625,-0.15234375,9.50390625
92,371000000,imu2_frame,-0.009276277016483422,-0.02769918843699189,-0.21669240315622448,0.9758028018298706,-0.02134765625,-0.0057421875,-0.04509765625,0.53515625,-0.15234375,9.50390625
92,391000000,imu2_frame,-0.009716658967286395,-0.027358214136738737,-0.21762551243620196,0.9756004566392138,-0.05064453125,0.0235546875,-0.12908203125,0.53515625,-0.15234375,9.50390625
92,411000000,imu2_frame,-0.009742307859845707,-0.02740716993068285,-0.21792854798632497,0.9755311796383173,0.00013671875,-0.0057421875,-0.06658203125,0.53515625,-0.15234375,9.50390625
92,431000000,imu2_frame,-0.009835120038469381,-0.027321995288265385,-0.2182878257000932,0.9754523074648103,-0.00962890625,0.0059765625,-0.07244140625,0.53515625,-0.15234375,9.50390625
92,451000000,imu2_frame,-0.009802427203463575,-0.027284948720126687,-0.21852711386953724,0.9754000945756112,0.00404296875,0.0040234375,-0.06072265625,0.53515625,-0.15234375,9.50390625
92,471000000,imu2_frame,-0.009959160757765496,-0.02724662335887116,-0.21904968755535037,0.9752823545078853,-0.01548828125,0.0001171875,-0.09001953125,0.53515625,-0.15234375,9.50390625
92,491000000,imu2_frame,-0.009816580349492052,-0.027157848184912948,-0.21986513514621764,0.9751027681118246,0.01185546875,0.0118359375,-0.12126953125,0.53515625,-0.15234375,9.50390625
92,511000000,imu2_frame,-0.009871043499491548,-0.027083486829274344,-0.22020461350180814,0.9750276793168074,-0.00572265625,0.0059765625,-0.07244140625,0.53515625,-0.15234375,9.50390625
92,531000000,imu2_frame,-0.009883000054149521,-0.02697917387002499,-0.22038932102718972,0.9749887166856829,-0.0018164062499999999,0.0098828125,-0.05681640625,0.53515625,-0.15234375,9.50390625
92,551000000,imu2_frame,-0.010100552269205167,-0.02696735170243082,-0.22034599956970524,0.9749966057682673,-0.01939453125,-0.0037890625,-0.03337890625,0.53515625,-0.15234375,9.50390625
92,571000000,imu2_frame,-0.010130593348909749,-0.02703526506559037,-0.21980594745801302,0.975116306387765,0.00208984375,-0.0076953125,0.01740234375,0.53515625,-0.15234375,9.50390625
92,591000000,imu2_frame,-0.0103489251041505,-0.026922569292022747,-0.21955854274993214,0.9751728674022013,-0.02134765625,0.0059765625,-0.01189453125,0.53515625,-0.15234375,9.50390625
92,611000000,imu2_frame,-0.00999957738363393,-0.026938261189974822,-0.2193031448307983,0.9752335459793882,0.03724609375,0.0059765625,-0.01189453125,0.53515625,-0.15234375,9.50390625
92,631000000,imu2_frame,-0.010019871980719254,-0.0268525136973578,-0.21930592438555857,0.9752350774059653,-0.0018164062499999999,0.0079296875,-0.03728515625,0.53515625,-0.15234375,9.50390625
92,651000000,imu2_frame,-0.010233507843409921,-0.026843299221321254,-0.21936554274540737,0.9752197040975672,-0.01939453125,-0.0037890625,-0.04314453125,0.53515625,-0.15234375,9.50390625
92,671000000,imu2_frame,-0.01059090088908296,-0.02676141741604957,-0.21929179997170856,0.9752347234493908,-0.03501953125,0.0001171875,-0.02947265625,0.53515625,-0.15234375,9.50390625
92,691000000,imu2_frame,-0.010121442099523125,-0.02682648219597537,-0.21935480389978984,0.9752237518994807,0.04896484375,0.0040234375,-0.04509765625,0.53515625,-0.15234375,9.50390625
92,711000000,imu2_frame,-0.010389038223438729,-0.026805501187565178,-0.21946980291733034,0.9751956411911938,-0.02525390625,-0.0037890625,-0.04900390625,0.53515625,-0.15234375,9.50390625
92,731000000,imu2_frame,-0.010900471459289598,-0.02672933322910833,-0.21952617338370256,0.9751794612616701,-0.05064453125,-0.0037890625,-0.04314453125,0.53515625,-0.15234375,9.50390625
92,751000000,imu2_frame,-0.010443482657360947,-0.026771613767799584,-0.21954516416822747,0.9751790272850414,0.04701171875,0.0059765625,-0.04119140625,0.53515625,-0.15234375,9.50390625
92,771000000,imu2_frame,-0.010336493093270444,-0.026796005804555864,-0.21981946140401087,0.9751177033422712,0.01185546875,0.0001171875,-0.06658203125,0.53515625,-0.15234375,9.50390625
92,791000000,imu2_frame,-0.010354148297416326,-0.026811081087046655,-0.21986737277360008,0.9751062998122892,0.00013671875,-0.0018359375,-0.04314453125,0.53515625,-0.15234375,9.50390625
92,811000000,imu2_frame,-0.01066936323462895,-0.026642697190138766,-0.22050559654404248,0.9749633907318562,-0.03501953125,0.0098828125,-0.10369140625,0.53515625,-0.15234375,9.50390625
92,831000000,imu2_frame,-0.011300615243650424,-0.02642173649505916,-0.2206461257865084,0.9749304975797531,-0.06626953125,0.0079296875,-0.05291015625,0.53515625,-0.15234375,9.50390625
92,851000000,imu2_frame,-0.01101136707976962,-0.026432570379478524,-0.22127402868956098,0.9747911946902577,0.02748046875,0.0059765625,-0.10564453125,0.53515625,-0.15234375,9.50390625
92,871000000,imu2_frame,-0.010985857539415665,-0.02648052999871444,-0.2214109424219976,0.9747590917970007,0.00404296875,-0.0037890625,-0.05486328125,0.53515625,-0.15234375,9.50390625
92,891000000,imu2_frame,-0.011202446474014811,-0.02647373386079089,-0.22166302234505225,0.9746995183815993,-0.02134765625,-0.0037890625,-0.06658203125,0.53515625,-0.15234375,9.50390625
92,911000000,imu2_frame,-0.011315669779073629,-0.02660808100059307,-0.2217172111319887,0.9746822271544557,-0.00767578125,-0.0155078125,-0.04705078125,0.53515625,-0.15234375,9.50390625
92,931000000,imu2_frame,-0.010987312993140801,-0.026564352220576175,-0.22190071562533556,0.9746454158047715,0.03138671875,0.0118359375,-0.06072265625,0.53515625,-0.15234375,9.50390625
92,951000000,imu2_frame,-0.01091725265969126,-0.02658119631905441,-0.22197524789375875,0.9746287718506553,0.00794921875,0.0001171875,-0.04900390625,0.53515625,-0.15234375,9.50390625
92,971000000,imu2_frame,-0.010865542730578581,-0.026497844712251396,-0.22269357217844532,0.974467740418932,0.00208984375,0.0098828125,-0.11541015625,0.53515625,-0.15234375,9.50390625
92,991000000,imu2_frame,-0.01098058160591204,-0.026474184799714254,-0.22293451842550502,0.9744119995469959,-0.01158203125,0.0001171875,-0.06658203125,0.53515625,-0.15234375,9.50390625
93,11000000,imu2_frame,-0.010687947135272775,-0.026562826750025154,-0.22303398296085625,0.9743900792114514,0.03138671875,-0.0018359375,-0.05291015625,0.53515625,-0.15234375,9.50390625
93,31000000,imu2_frame,-0.010449562267240912,-0.026718498114357735,-0.22326789639246022,0.974334837182486,0.02748046875,-0.0096484375,-0.06658203125,0.53515625,-0.15234375,9.50390625
93,51000000,imu2_frame,-0.010328650050431543,-0.026766656951828303,-0.223486855347899,0.974284604492171,0.01380859375,-0.0018359375,-0.06462890625,0.53515625,-0.15234375,9.50390625
93,71000000,imu2_frame,-0.010475410475348652,-0.026694214851388107,-0.22382305486771314,0.9742078447531234,-0.01548828125,0.0040234375,-0.07634765625,0.53515625,-0.15234375,9.50390625
93,91000000,imu2_frame,-0.010570203243126106,-0.026691790214461667,-0.22371846431162942,0.9742309109572497,-0.00767578125,-0.0018359375,-0.03142578125,0.53515625,-0.15234375,9.50390625
93,111000000,imu2_frame,-0.010459506453135141,-0.02671846475666565,-0.22404497226482015,0.9741563389767884,0.01185546875,0.0001171875,-0.07634765625,0.53515625,-0.15234375,9.50390625
93,131000000,imu2_frame,-0.010276831336505454,-0.026878288725627614,-0.22385765351487089,0.9741969489254618,0.02357421875,-0.0116015625,-0.02361328125,0.53515625,-0.15234375,9.50390625
93,151000000,imu2_frame,-0.010948317040735484,-0.026722935336466955,-0.22393278064158859,0.9741766414953218,-0.06822265625,0.0001171875,-0.04900390625,0.53515625,-0.15234375,9.50390625
93,171000000,imu2_frame,-0.01058209207480027,-0.02674692446939579,-0.2240230566600358,0.9741592741659052,0.03724609375,0.0059765625,-0.05291015625,0.53515625,-0.15234375,9.50390625
93,191000000,imu2_frame,-0.010534238842117703,-0.02665795053077823,-0.22400951907022335,0.9741653447189769,0.00404296875,0.0098828125,-0.04119140625,0.53515625,-0.15234375,9.50390625
93,211000000,imu2_frame,-0.010843312144779266,-0.026684423838448844,-0.22356410762379234,0.9742635443700634,-0.02720703125,-0.0096484375,0.00373046875,0.53515625,-0.15234375,9.50390625
93,231000000,imu2_frame,-0.010491070494360873,-0.026782395428402005,-0.22313018924534686,0.9743641821117681,0.03919921875,-0.0018359375,0.00177734375,0.53515625,-0.15234375,9.50390625
93,251000000,imu2_frame,-0.010439097847436223,-0.026812004654105225,-0.2228790395547591,0.974421405434891,0.00794921875,-0.0018359375,-0.01580078125,0.53515625,-0.15234375,9.50390625
93,271000000,imu2_frame,-0.010333178566911422,-0.02655771869192316,-0.2229564457625013,0.9744117898976479,0.00599609375,0.0274609375,-0.04900390625,0.53515625,-0.15234375,9.50390625
93,291000000,imu2_frame,-0.010680258467382148,-0.0265189775487527,-0.22280877189297632,0.974442880355941,-0.03306640625,-0.0037890625,-0.02556640625,0.53515625,-0.15234375,9.50390625
93,311000000,imu2_frame,-0.010704450168086535,-0.026594791314574772,-0.22293556487255317,0.9744115484416679,0.00013671875,-0.0076953125,-0.05486328125,0.53515625,-0.15234375,9.50390625
93,331000000,imu2_frame,-0.010792869069292286,-0.026633186100167388,-0.222609069435118,0.9744841658952894,-0.00572265625,-0.0057421875,-0.00798828125,0.53515625,-0.15234375,9.50390625
93,351000000,imu2_frame,-0.010509682321587012,-0.026740717132431185,-0.22327970608477518,0.9743308747419632,0.02943359375,-0.0037890625,-0.11150390625,0.53515625,-0.15234375,9.50390625
93,371000000,imu2_frame,-0.010300786421019786,-0.026907165170041242,-0.22334375940153373,0.974313842351637,0.02552734375,-0.0116015625,-0.04900390625,0.53515625,-0.15234375,9.50390625
93,391000000,imu2_frame,-0.010818285063483304,-0.02688425423036856,-0.22294810827073686,0.9743994779356473,-0.04869140625,-0.0096484375,-0.00017578125,0.53515625,-0.15234375,9.50390625
93,411000000,imu2_frame,-0.01059062330086754,-0.027014547864227096,-0.22325605923834388,0.9743278631524174,0.02552734375,-0.0076953125,-0.07439453125,0.53515625,-0.15234375,9.50390625
93,431000000,imu2_frame,-0.010555868963630758,-0.02713735158679487,-0.22311325024320489,0.9743575397897788,0.00794921875,-0.0116015625,-0.02751953125,0.53515625,-0.15234375,9.50390625
93,451000000,imu2_frame,-0.010660437285819729,-0.027129401796749567,-0.22329638336947977,0.9743146698111118,-0.00962890625,-0.0018359375,-0.06072265625,0.53515625,-0.15234375,9.50390625
93,471000000,imu2_frame,-0.011021118540250466,-0.027201435842600322,-0.2234392449216787,0.9742758955568247,-0.03306640625,-0.0155078125,-0.05681640625,0.53515625,-0.15234375,9.50390625
93,491000000,imu2_frame,-0.010563151067265108,-0.027319667594129383,-0.22334063639632643,0.9743002698019539,0.04896484375,-0.0018359375,-0.03337890625,0.53515625,-0.15234375,9.50390625
93,511000000,imu2_frame,-0.010852808212507826,-0.027185949561107394,-0.2230157612888146,0.9743752413301222,-0.02916015625,0.0059765625,-0.00798828125,0.53515625,-0.15234375,9.50390625
93,531000000,imu2_frame,-0.010526160278049231,-0.02697603738403172,-0.22272361968162066,0.9744514778031654,0.02943359375,0.0274609375,-0.01189453125,0.53515625,-0.15234375,9.50390625
93,551000000,imu2_frame,-0.010154019157758574,-0.02698000608993968,-0.22303896056579134,0.9743831880918626,0.03724609375,0.0079296875,-0.07439453125,0.53515625,-0.15234375,9.50390625
93,571000000,imu2_frame,-0.010236623778176199,-0.026957073998703954,-0.22266333817009804,0.9744688632942569,-0.00572265625,0.0001171875,-0.00212890625,0.53515625,-0.15234375,9.50390625
93,591000000,imu2_frame,-0.010531911980167768,-0.026887638501292783,-0.22274560295305026,0.9744488340035858,-0.02916015625,0.0001171875,-0.04900390625,0.53515625,-0.15234375,9.50390625
93,611000000,imu2_frame,-0.010600141172423255,-0.026948995624539906,-0.2226863654169102,0.9744599382731748,-0.00376953125,-0.0076953125,-0.03533203125,0.53515625,-0.15234375,9.50390625
93,631000000,imu2_frame,-0.010396477091628201,-0.027052317341278723,-0.22273656582466622,0.9744477962595965,0.02357421875,-0.0057421875,-0.04705078125,0.53515625,-0.15234375,9.50390625
93,651000000,imu2_frame,-0.010717924841113582,-0.026915751286798607,-0.22270380405451692,0.9744555834307765,-0.03306640625,0.0059765625,-0.03728515625,0.53515625,-0.15234375,9.50390625
93,671000000,imu2_frame,-0.01045447620828134,-0.027033239094911742,-0.2228268279045187,0.9744270689370539,0.02943359375,-0.0057421875,-0.05486328125,0.53515625,-0.15234375,9.50390625
93,691000000,imu2_frame,-0.01040647064224801,-0.02698276196112426,-0.22318368930915694,0.9743473080745259,0.00404296875,0.0059765625,-0.07830078125,0.53515625,-0.15234375,9.50390625
93,711000000,imu2_frame,-0.010485660018085985,-0.027001222260507135,-0.22314166816756772,0.9743555720874278,-0.00572265625,-0.0037890625,-0.03728515625,0.53515625,-0.15234375,9.50390625
93,731000000,imu2_frame,-0.010641142888497766,-0.026864068496755752,-0.22330985224571068,0.9743191457586304,-0.01744140625,0.0098828125,-0.05876953125,0.53515625,-0.15234375,9.50390625
93,751000000,imu2_frame,-0.01056254278906167,-0.026820676720954475,-0.2233386120328387,0.9743146044093276,0.00794921875,0.0059765625,-0.04509765625,0.53515625,-0.15234375,9.50390625
93,771000000,imu2_frame,-0.010671218714150794,-0.026755839760687915,-0.22359671935981895,0.9742560018913825,-0.01158203125,0.0040234375,-0.06853515625,0.53515625,-0.15234375,9.50390625
93,791000000,imu2_frame,-0.010643889944592857,-0.02672316619273436,-0.22396226378527634,0.9741732312046237,0.00208984375,0.0040234375,-0.08025390625,0.53515625,-0.15234375,9.50390625
93,811000000,imu2_frame,-0.010683034276646138,-0.026699089492697246,-0.2243218787849834,0.9740907175911699,0.00208984375,0.0040234375,-0.08025390625,0.57421875,-0.26953125,9.42578125
93,831000000,imu2_frame,-0.010828228227815697,-0.026768963276509915,-0.22448805177093423,0.974048913910712,-0.00572265625,-0.0076953125,-0.06072265625,0.57421875,-0.26953125,9.42578125
93,851000000,imu2_frame,-0.010745630234041455,-0.026711629949594487,-0.22461302503567737,0.9740225917506389,0.01380859375,0.0098828125,-0.05681640625,0.57421875,-0.26953125,9.42578125
93,871000000,imu2_frame,-0.010971485098590047,-0.02674113118300311,-0.22439970959896446,0.9740684312458161,-0.01353515625,-0.0057421875,-0.02166015625,0.57421875,-0.26953125,9.42578125
93,891000000,imu2_frame,-0.011109324929508826,-0.026767928912534093,-0.2241886951989101,0.9741147210808153,-0.01353515625,-0.0057421875,-0.02166015625,0.53515625,-0.11328125,9.46484375
93,911000000,imu2_frame,-0.01099932766151186,-0.02659717229487874,-0.2247335573910658,0.973995089001617,0.00404296875,0.0196484375,-0.09978515625,0.53515625,-0.11328125,9.46484375
93,931000000,imu2_frame,-0.01105289427555695,-0.026742591839359925,-0.2242523062764209,0.974101416916921,-0.0018164062499999999,-0.0155078125,0.00568359375,0.53515625,-0.11328125,9.46484375
93,951000000,imu2_frame,-0.011140280563554348,-0.026721174234370475,-0.22400424395356086,0.9741580835199672,-0.00962890625,0.0001171875,-0.01775390625,0.53515625,-0.11328125,9.46484375
93,971000000,imu2_frame,-0.011282435372636183,-0.026666283170460162,-0.22375473802749754,0.9742152909927976,-0.00962890625,0.0001171875,-0.01775390625,0.49609375,-0.23046875,9.4609375
93,991000000,imu2_frame,-0.011369782156799563,-0.026544710216602655,-0.22344984048934388,0.9742875731520496,-0.00572265625,0.0079296875,-0.01189453125,0.49609375,-0.23046875,9.4609375
94,11000000,imu2_frame,-0.011367072214855176,-0.026526592559556802,-0.22359680391777859,0.9742543809674125,0.00404296875,0.0001171875,-0.05876953125,0.49609375,-0.23046875,9.4609375
94,31000000,imu2_frame,-0.011453990833905074,-0.02630666253612294,-0.2231811698868655,0.9743546228186725,-0.00767578125,0.0176953125,-0.00017578125,0.49609375,-0.23046875,9.4609375
94,51000000,imu2_frame,-0.0114845072276276,-0.02612274831085341,-0.22277116790190657,0.9744530336891803,-0.00767578125,0.0176953125,-0.00017578125,0.53515625,-0.11328125,9.46484375
94,71000000,imu2_frame,-0.011478328751856158,-0.02604848430857633,-0.2224192433435397,0.9745354814601558,-0.0018164062499999999,0.0079296875,-0.00603515625,0.53515625,-0.11328125,9.46484375
94,91000000,imu2_frame,-0.01155779224584787,-0.026053002954035905,-0.22178705037031118,0.9746784919980106,-0.00767578125,-0.0018359375,0.02326171875,0.53515625,-0.11328125,9.46484375
94,111000000,imu2_frame,-0.011734394423194829,-0.02609673804231249,-0.2214992927886429,0.974740646297877,-0.01744140625,-0.0076953125,-0.01189453125,0.53515625,-0.11328125,9.46484375
94,131000000,imu2_frame,-0.01196939427384913,-0.026126645095494196,-0.2212088374241099,0.9748029453495947,-0.01744140625,-0.0076953125,-0.01189453125,0.53515625,-0.23046875,9.4609375
94,151000000,imu2_frame,-0.011871521431101111,-0.026133940373592037,-0.22119854967232763,0.9748062811463205,0.01380859375,0.0020703125,-0.04119140625,0.53515625,-0.23046875,9.4609375
94,171000000,imu2_frame,-0.01246309733650173,-0.02614068459194211,-0.22068544629320283,0.9749150063509205,-0.05259765625,-0.0135546875,0.01154296875,0.53515625,-0.23046875,9.4609375
94,191000000,imu2_frame,-0.012266440515516832,-0.026069614788691655,-0.22056030773494037,0.974947721815748,0.02162109375,0.0118359375,-0.02947265625,0.53515625,-0.23046875,9.4609375
94,211000000,imu2_frame,-0.012095400314744592,-0.026113126354496266,-0.22051290404894983,0.9749594171405901,0.02162109375,0.0001171875,-0.03728515625,0.53515625,-0.23046875,9.4609375
94,231000000,imu2_frame,-0.0120188168471673,-0.026135465727480402,-0.22052617820551781,0.9749567632458734,0.01185546875,0.0001171875,-0.04314453125,0.53515625,-0.23046875,9.4609375
94,251000000,imu2_frame,-0.01210279063747329,-0.02616096054383681,-0.2205227001062083,0.9749558273789006,-0.00376953125,-0.0037890625,-0.04119140625,0.53515625,-0.23046875,9.4609375
94,271000000,imu2_frame,-0.012192680486474608,-0.026087917375695383,-0.22087852511186679,0.9748761132851498,-0.00767578125,0.0059765625,-0.07830078125,0.53515625,-0.23046875,9.4609375
94,291000000,imu2_frame,-0.012096271126089513,-0.026114885913448196,-0.22088663914100734,0.9748747538056168,0.01380859375,0.0001171875,-0.04314453125,0.53515625,-0.23046875,9.4609375
94,311000000,imu2_frame,-0.012078526848553412,-0.026044543182705118,-0.22087970486441896,0.9748784267479613,0.00404296875,0.0079296875,-0.04119140625,0.53515625,-0.23046875,9.4609375
94,331000000,imu2_frame,-0.012051650892257631,-0.026116071855387026,-0.22092702243550447,0.9748661237623336,0.00794921875,-0.0057421875,-0.04705078125,0.53515625,-0.23046875,9.4609375
94,351000000,imu2_frame,-0.01228843300008029,-0.02592807626268438,-0.2208113530789673,0.9748943920380067,-0.02330078125,0.0137890625,-0.02947265625,0.53515625,-0.23046875,9.4609375
94,371000000,imu2_frame,-0.012527357425317048,-0.025762145456999234,-0.2206934847539268,0.9749224394609856,-0.02330078125,0.0137890625,-0.02947265625,0.57421875,-0.23046875,9.46484375
94,391000000,imu2_frame,-0.012728721033274827,-0.025652096251281082,-0.2215157493201279,0.9747362322299887,-0.02134765625,0.0098828125,-0.12712890625,0.57421875,-0.23046875,9.46484375
94,411000000,imu2_frame,-0.01247408116875873,-0.025625758887141827,-0.22222798823709675,0.9745780825693476,0.02552734375,0.0118359375,-0.11736328125,0.57421875,-0.23046875,9.46484375
94,431000000,imu2_frame,-0.012525375513674464,-0.025766496764021055,-0.2226718158003629,0.9744724034373269,0.00013671875,-0.0116015625,-0.09001953125,0.57421875,-0.23046875,9.46484375
94,451000000,imu2_frame,-0.012234755824224551,-0.02576849101722137,-0.22354442304489786,0.9742762372890662,0.02943359375,0.0098828125,-0.13494140625,0.57421875,-0.23046875,9.46484375
94,471000000,imu2_frame,-0.012846899981497982,-0.025602384589886177,-0.2241962200763652,0.9741229542350632,-0.06236328125,0.0059765625,-0.11150390625,0.57421875,-0.23046875,9.46484375
94,491000000,imu2_frame,-0.012632269356306838,-0.025766699316581973,-0.2249524087588328,0.9739470810936484,0.02552734375,-0.0076953125,-0.12517578125,0.57421875,-0.23046875,9.46484375
94,511000000,imu2_frame,-0.012902322625407319,-0.025814852305119325,-0.22525729523647592,0.9738717956764547,-0.02330078125,-0.0076953125,-0.07830078125,0.57421875,-0.23046875,9.46484375
94,531000000,imu2_frame,-0.013144924991637037,-0.025847546707623015,-0.22555601499640132,0.9737985414730836,-0.02330078125,-0.0076953125,-0.07830078125,0.53515625,-0.19140625,9.4609375
94,551000000,imu2_frame,-0.013206907327292324,-0.02576577126029353,-0.22628277489088924,0.9736312486860155,-0.00962890625,0.0079296875,-0.12322265625,0.53515625,-0.19140625,9.4609375
94,571000000,imu2_frame,-0.012826225677065472,-0.02594783960307648,-0.22723814941130865,0.9734089690397031,0.03919921875,-0.0076953125,-0.14861328125,0.53515625,-0.19140625,9.4609375
94,591000000,imu2_frame,-0.013023682370809551,-0.026049381513044624,-0.22761106570892378,0.9733165036036017,-0.01744140625,-0.0135546875,-0.08806640625,0.53515625,-0.19140625,9.4609375
94,611000000,imu2_frame,-0.013120764444773786,-0.025915950892819423,-0.22811318274129072,0.97320120473073,-0.01353515625,0.0118359375,-0.10173828125,0.53515625,-0.19140625,9.4609375
94,631000000,imu2_frame,-0.013087357713731556,-0.025971824427739633,-0.22843486035727362,0.9731247093654135,0.00404296875,-0.0037890625,-0.08416015625,0.53515625,-0.19140625,9.4609375
94,651000000,imu2_frame,-0.013287073615266955,-0.025912624585539546,-0.22870129875896852,0.9730609978350754,-0.02134765625,0.0020703125,-0.07830078125,0.53515625,-0.19140625,9.4609375
94,671000000,imu2_frame,-0.013314374134482368,-0.026152818368160843,-0.22903017909990786,0.9729768417564074,0.00208984375,-0.0233203125,-0.08611328125,0.53515625,-0.19140625,9.4609375
94,691000000,imu2_frame,-0.013276680947564993,-0.026123414633761787,-0.2287573345172641,0.973042331481753,0.00404296875,0.0040234375,-0.02361328125,0.53515625,-0.19140625,9.4609375
94,711000000,imu2_frame,-0.012975573593718879,-0.02615625834282373,-0.22850337428423304,0.9731051806357509,0.03138671875,0.0040234375,-0.02556640625,0.53515625,-0.19140625,9.4609375
94,731000000,imu2_frame,-0.013013111732072978,-0.025931436758760848,-0.22830173180973828,0.9731580235313017,-0.00767578125,0.0216015625,-0.02947265625,0.53515625,-0.19140625,9.4609375
94,751000000,imu2_frame,-0.012978327536932455,-0.026025278551435792,-0.22833979059801265,0.9731470535948408,0.00599609375,-0.0076953125,-0.05486328125,0.53515625,-0.19140625,9.4609375
94,771000000,imu2_frame,-0.01302182669758276,-0.02609968925799115,-0.2283743223039254,0.9731363764459313,0.00599609375,-0.0076953125,-0.05486328125,0.53515625,-0.34375,9.46484375
94,791000000,imu2_frame,-0.013181384028928439,-0.026066064869822287,-0.22831655654696525,0.9731486841093814,-0.00767578125,0.0001171875,-0.04509765625,0.53515625,-0.34375,9.46484375
94,811000000,imu2_frame,-0.013644023879234161,-0.02588160230835501,-0.22816806958145514,0.9731820566049332,-0.04087890625,0.0079296875,-0.03533203125,0.53515625,-0.34375,9.46484375
94,831000000,imu2_frame,-0.01376729211278023,-0.025977034596661983,-0.22810036540255668,0.9731936490979919,-0.0018164062499999999,-0.0116015625,-0.04509765625,0.53515625,-0.34375,9.46484375
94,851000000,imu2_frame,-0.01371289615283882,-0.02611303082124244,-0.22803919786222293,0.973205112162274,-0.0018164062499999999,-0.0116015625,-0.04509765625,0.53515625,0.0,9.46484375
94,871000000,imu2_frame,-0.013568822109851044,-0.026230734141697524,-0.22820501211829622,0.9731650980676543,0.00599609375,-0.0076953125,-0.06853515625,0.53515625,0.0,9.46484375
94,891000000,imu2_frame,-0.013377955563702786,-0.026334879671906165,-0.22790006207166297,0.9732363875879971,0.01185546875,-0.0057421875,-0.01970703125,0.53515625,0.0,9.46484375
94,911000000,imu2_frame,-0.01323970226906818,-0.02632737575524954,-0.22769761060588056,0.973285866379473,0.00404296875,0.0040234375,-0.02947265625,0.53515625,0.0,9.46484375
94,931000000,imu2_frame,-0.01309376593366888,-0.026280756825700222,-0.22749940392236956,0.9733354490253139,0.00404296875,0.0040234375,-0.02947265625,0.4609375,0.0,9.50390625
94,951000000,imu2_frame,-0.012929564830855467,-0.026239327839944895,-0.22734282860229585,0.9733753450292953,0.00599609375,0.0040234375,-0.03337890625,0.4609375,0.0,9.50390625
94,971000000,imu2_frame,-0.012708129482164127,-0.026212524602331026,-0.22728380907321602,0.9733927661186962,0.01185546875,0.0040234375,-0.04314453125,0.4609375,0.0,9.50390625
94,991000000,imu2_frame,-0.012347444282120375,-0.02623739256069018,-0.22705704307284338,0.9734496592234922,0.02748046875,0.0020703125,-0.02556640625,0.4609375,0.0,9.50390625
95,11000000,imu2_frame,-0.012062900643267293,-0.02630826329634165,-0.22683485184951274,0.9735031133472613,0.02748046875,0.0020703125,-0.02556640625,0.57421875,-0.11328125,9.42578125
95,31000000,imu2_frame,-0.012419341702855732,-0.026251022504583575,-0.2268524786155208,0.973496069183192,-0.03892578125,0.0001171875,-0.04900390625,0.57421875,-0.11328125,9.42578125
95,51000000,imu2_frame,-0.011999171202909687,-0.02621663657563471,-0.22700915529405297,0.9734657422168409,0.03724609375,0.0157421875,-0.06462890625,0.57421875,-0.11328125,9.42578125
95,71000000,imu2_frame,-0.011975729609842556,-0.026366181864253012,-0.22675543639795903,0.9735211237657786,0.00404296875,-0.0116015625,-0.02166015625,0.57421875,-0.11328125,9.42578125
95,91000000,imu2_frame,-0.01205104142395917,-0.02649135799118621,-0.2264997784993161,0.9735763096399489,0.00404296875,-0.0116015625,-0.02166015625,0.57421875,-0.3046875,9.421875
95,111000000,imu2_frame,-0.01217413928751473,-0.026326955368907223,-0.22636435638614055,0.97361073325611,-0.00767578125,0.0157421875,-0.03337890625,0.57421875,-0.3046875,9.421875
95,131000000,imu2_frame,-0.01234273553541026,-0.02631386029354357,-0.22648997846168964,0.9735797488097101,-0.00962890625,0.0001171875,-0.06072265625,0.57421875,-0.3046875,9.421875
95,151000000,imu2_frame,-0.01272384857331667,-0.02619148563122874,-0.22655913155296778,0.9735620522944993,-0.03306640625,0.0059765625,-0.05486328125,0.57421875,-0.3046875,9.421875
95,171000000,imu2_frame,-0.012992634136628307,-0.02605242483907117,-0.2266267297651616,0.9735465001601848,-0.03306640625,0.0059765625,-0.05486328125,0.49609375,-0.11328125,9.46484375
95,191000000,imu2_frame,-0.012943036350826586,-0.025929235893431928,-0.2267438506069217,0.9735231783311324,-0.0018164062499999999,0.0118359375,-0.06072265625,0.49609375,-0.11328125,9.46484375
95,211000000,imu2_frame,-0.013178857671737024,-0.02587743064377884,-0.22650328540019146,0.9735773918886286,-0.02720703125,-0.0018359375,-0.02361328125,0.49609375,-0.11328125,9.46484375
95,231000000,imu2_frame,-0.013068502067547472,-0.02580753256499688,-0.22633493699620041,0.9736198856902745,0.00599609375,0.0079296875,-0.03142578125,0.49609375,-0.11328125,9.46484375
95,251000000,imu2_frame,-0.012946439258510167,-0.025763646691399085,-0.22617069234422235,0.9736608455433656,0.00599609375,0.0079296875,-0.03142578125,0.53515625,-0.078125,9.421875
95,271000000,imu2_frame,-0.013037701842203675,-0.025769606930436294,-0.22593499631945407,0.9737141896508713,-0.01353515625,-0.0018359375,-0.02361328125,0.53515625,-0.078125,9.421875
95,291000000,imu2_frame,-0.013176657336585013,-0.02572960128227103,-0.22638004355694705,0.9736100036454249,-0.02134765625,0.0020703125,-0.09392578125,0.53515625,-0.078125,9.421875
95,311000000,imu2_frame,-0.013202496184374033,-0.025673575404033096,-0.2264413651769149,0.9735968723025409,-0.00962890625,0.0059765625,-0.05486328125,0.53515625,-0.078125,9.421875
95,331000000,imu2_frame,-0.013331334495497418,-0.02561515769380169,-0.2264973238032425,0.9735836386910268,-0.00962890625,0.0059765625,-0.05486328125,0.57421875,-0.26953125,9.42578125
95,351000000,imu2_frame,-0.013336790028789642,-0.02564631387797903,-0.22668017869028229,0.9735401857166155,0.00404296875,0.0001171875,-0.06853515625,0.57421875,-0.26953125,9.42578125
95,371000000,imu2_frame,-0.013593487752163149,-0.025674808103032066,-0.22639164595285055,0.9736030217508385,-0.01939453125,-0.0057421875,-0.01970703125,0.57421875,-0.26953125,9.42578125
95,391000000,imu2_frame,-0.01366318791644932,-0.02565035792976388,-0.22655417874535527,0.9735648825461262,-0.00376953125,0.0040234375,-0.06658203125,0.57421875,-0.26953125,9.42578125
95,411000000,imu2_frame,-0.013749353678947755,-0.025620938796653395,-0.22671335948843357,0.9735273881088594,-0.00376953125,0.0040234375,-0.06658203125,0.57421875,-0.3046875,9.46484375
95,431000000,imu2_frame,-0.013755244674721032,-0.02564825780263757,-0.226641874284699,0.9735432301322561,0.00599609375,0.0001171875,-0.04314453125,0.57421875,-0.3046875,9.46484375
95,451000000,imu2_frame,-0.013732272606657546,-0.02557921294292863,-0.226120412141492,0.9736666204442045,0.00794921875,0.0098828125,0.00373046875,0.57421875,-0.3046875,9.46484375
95,471000000,imu2_frame,-0.013788280179615415,-0.02561284998198579,-0.2257535544312922,0.9737500695286888,0.00208984375,-0.0018359375,-0.01189453125,0.57421875,-0.3046875,9.46484375
95,491000000,imu2_frame,-0.013839158781018017,-0.02562629888303739,-0.22538935556346645,0.9738333578638988,0.00208984375,-0.0018359375,-0.01189453125,0.53515625,-0.3046875,9.4609375
95,511000000,imu2_frame,-0.014250136111443648,-0.025555531860095994,-0.22491882001170466,0.9739380744260363,-0.03501953125,-0.0018359375,-0.00017578125,0.53515625,-0.3046875,9.4609375
95,531000000,imu2_frame,-0.014395200295402427,-0.025566871640684545,-0.22453749051870492,0.9740236283758862,-0.00767578125,-0.0037890625,-0.00994140625,0.53515625,-0.3046875,9.4609375
95,551000000,imu2_frame,-0.01441819652852672,-0.025623545126888633,-0.22389177358333018,0.974170428244312,0.00599609375,-0.0057421875,0.01740234375,0.53515625,-0.3046875,9.4609375
95,571000000,imu2_frame,-0.014217421103516701,-0.02569075614009156,-0.223261524546117,0.9743162431384687,0.00599609375,-0.0057421875,0.01740234375,0.4609375,0.11328125,9.46484375
95,591000000,imu2_frame,-0.014135973202731208,-0.025750092304301385,-0.22264109348233882,0.9744578238697251,-0.00572265625,-0.0076953125,0.01740234375,0.4609375,0.11328125,9.46484375
95,611000000,imu2_frame,-0.013957154657809667,-0.025596152143281183,-0.22237119025497745,0.974526084091083,-0.0018164062499999999,0.0157421875,-0.01775390625,0.4609375,0.11328125,9.46484375
95,631000000,imu2_frame,-0.013685058209942142,-0.025701831045838557,-0.22194978617773609,0.9746232233424047,0.01380859375,-0.0076953125,-0.00212890625,0.4609375,0.11328125,9.46484375
95,651000000,imu2_frame,-0.013712842121420824,-0.025841917861851964,-0.22152357310473414,0.9747160918960381,0.01380859375,-0.0076953125,-0.00212890625,0.65234375,-0.421875,9.4609375
95,671000000,imu2_frame,-0.013473159437590036,-0.025863554559616985,-0.22119568412786067,0.9747933216038766,0.03724609375,0.0098828125,-0.01189453125,0.65234375,-0.421875,9.4609375
95,691000000,imu2_frame,-0.013817564011633471,-0.02595340925546085,-0.22116016893308899,0.9747941706587554,-0.01939453125,-0.0096484375,-0.04119140625,0.65234375,-0.421875,9.4609375
95,711000000,imu2_frame,-0.013822678853245333,-0.025917970775158148,-0.22079905601347424,0.9748768995128445,0.01185546875,0.0098828125,-0.00798828125,0.65234375,-0.421875,9.4609375
95,731000000,imu2_frame,-0.013593253492410532,-0.025852847807209273,-0.220451459055262,0.9749605160826538,0.01185546875,0.0098828125,-0.00798828125,0.49609375,0.0,9.421875
95,751000000,imu2_frame,-0.013587843473028046,-0.025839347595109124,-0.2203755010929144,0.9749781213666584,-0.00962890625,0.0001171875,-0.03533203125,0.49609375,0.0,9.421875
95,771000000,imu2_frame,-0.013515464042694322,-0.025802068799273267,-0.22037592142949386,0.9749800196575774,-0.00376953125,0.0040234375,-0.04314453125,0.49609375,0.0,9.421875
95,791000000,imu2_frame,-0.013501558218703783,-0.025830434471350368,-0.22026328381037005,0.9750049140315964,-0.00767578125,-0.0037890625,-0.03142578125,0.49609375,0.0,9.421875
95,811000000,imu2_frame,-0.013570341461484229,-0.025859699583576586,-0.22014829013532997,0.9750291544977291,-0.00767578125,-0.0037890625,-0.03142578125,0.53515625,-0.15234375,9.46484375
95,831000000,imu2_frame,-0.013540374983908808,-0.02575455668721364,-0.22031858222087175,0.9749938888953742,-0.0018164062499999999,0.0118359375,-0.06072265625,0.53515625,-0.15234375,9.46484375
95,851000000,imu2_frame,-0.013465493749413547,-0.025678369254380686,-0.22022274714655796,0.9750185862175876,0.00404296875,0.0098828125,-0.03337890625,0.53515625,-0.15234375,9.46484375
95,871000000,imu2_frame,-0.013556781110574189,-0.025824074952317817,-0.22023887388976773,0.9750098303435429,-0.00767578125,-0.0155078125,-0.04509765625,0.53515625,-0.15234375,9.46484375
95,891000000,imu2_frame,-0.013658540883655678,-0.02592584937682471,-0.22025241377405558,0.9750026506742031,-0.00767578125,-0.0155078125,-0.04509765625,0.4609375,-0.19140625,9.4609375
95,911000000,imu2_frame,-0.013397582077785509,-0.02584641338270979,-0.21973679355046502,0.9751247147262136,0.02552734375,0.0098828125,0.00958984375,0.4609375,-0.19140625,9.4609375
95,931000000,imu2_frame,-0.013987665071558453,-0.025739687960952592,-0.21980299376500018,0.9751043316596754,-0.06041015625,-0.0057421875,-0.04900390625,0.4609375,-0.19140625,9.4609375
95,951000000,imu2_frame,-0.013815046580975102,-0.025606040047308046,-0.21977976947879868,0.9751155460400103,0.01380859375,0.0137890625,-0.04119140625,0.4609375,-0.19140625,9.4609375
95,971000000,imu2_frame,-0.013724692754385431,-0.025472097247408315,-0.2197561878688585,0.9751256447063441,0.01380859375,0.0137890625,-0.04119140625,0.49609375,-0.34375,9.54296875
95,991000000,imu2_frame,-0.01366798016250153,-0.025318331208688167,-0.22049022009027922,0.9749647333455835,0.00794921875,0.0157421875,-0.11931640625,0.49609375,-0.34375,9.54296875
96,11000000,imu2_frame,-0.013166298836016518,-0.025421885135128414,-0.22081371789507273,0.9748957268962114,0.05873046875,0.0001171875,-0.07830078125,0.49609375,-0.34375,9.54296875
96,31000000,imu2_frame,-0.013717030172488057,-0.0252474638060833,-0.22113510079429594,0.9748198171207355,-0.05064453125,0.0040234375,-0.07634765625,0.49609375,-0.34375,9.54296875
96,51000000,imu2_frame,-0.013906239935680484,-0.025140701616876822,-0.22146097291509856,0.9747459151433058,-0.05064453125,0.0040234375,-0.07634765625,0.4609375,0.34375,9.421875
96,71000000,imu2_frame,-0.013006440373571166,-0.025315781714434736,-0.22114562599368753,0.9748253976014659,0.06458984375,0.0001171875,-0.01189453125,0.4609375,0.34375,9.421875
96,91000000,imu2_frame,-0.013282148021111195,-0.025125012392528775,-0.22084257905453888,0.9748953141608387,-0.05845703125,0.0098828125,-0.00994140625,0.4609375,0.34375,9.421875
96,111000000,imu2_frame,-0.012709684523355856,-0.02520537498103712,-0.22035785842271977,0.9750105472366618,0.03138671875,0.0020703125,0.00763671875,0.4609375,0.34375,9.421875
96,131000000,imu2_frame,-0.012407245142524356,-0.025263639579809566,-0.21987484258328327,0.9751219730793329,0.03138671875,0.0020703125,0.00763671875,0.53515625,-0.15234375,9.46484375
96,151000000,imu2_frame,-0.013049081516800837,-0.025151513583302778,-0.21978795549257912,0.9751360815067961,-0.06626953125,-0.0018359375,-0.03142578125,0.53515625,-0.15234375,9.46484375
96,171000000,imu2_frame,-0.01297110560320968,-0.025179583492678896,-0.21940181567443312,0.9752233499426312,0.00794921875,0.0001171875,-0.00212890625,0.53515625,-0.15234375,9.46484375
96,191000000,imu2_frame,-0.012929353897053424,-0.025163389324322886,-0.21951247641391697,0.9751994197825115,0.00208984375,0.0040234375,-0.05291015625,0.53515625,-0.15234375,9.46484375
96,211000000,imu2_frame,-0.012845386498329206,-0.02513584956171105,-0.21962450770412803,0.9751760152548047,0.00208984375,0.0040234375,-0.05291015625,0.49609375,-0.078125,9.46484375
96,231000000,imu2_frame,-0.012876390258964674,-0.025082588009562083,-0.21970028291502305,0.975159908958372,-0.00962890625,0.0040234375,-0.04900390625,0.49609375,-0.078125,9.46484375
96,251000000,imu2_frame,-0.012527124322431584,-0.024958758148420905,-0.220038277051518,0.9750914255494705,0.02552734375,0.0196484375,-0.07634765625,0.49609375,-0.078125,9.46484375
96,271000000,imu2_frame,-0.01232570162215667,-0.025062386422457793,-0.2205825636616191,0.9749683515247051,0.01576171875,-0.0057421875,-0.09783203125,0.49609375,-0.078125,9.46484375
96,291000000,imu2_frame,-0.012140258349395132,-0.025142589978272224,-0.22112369813456292,0.9748460260059991,0.01576171875,-0.0057421875,-0.09783203125,0.4609375,-0.11328125,9.46484375
96,311000000,imu2_frame,-0.01221023725431695,-0.025083394523234007,-0.2214023860886254,0.9747834204886994,-0.01158203125,0.0020703125,-0.07048828125,0.4609375,-0.11328125,9.46484375
96,331000000,imu2_frame,-0.012161727242202967,-0.0250318530807244,-0.22169540690152142,0.9747187518872305,0.00013671875,0.0040234375,-0.07244140625,0.4609375,-0.11328125,9.46484375
96,351000000,imu2_frame,-0.011995986787580052,-0.02510846040484446,-0.22226619216628146,0.9745888370677104,0.01380859375,-0.0057421875,-0.10173828125,0.4609375,-0.11328125,9.46484375
96,371000000,imu2_frame,-0.011872099001778352,-0.02517501023912316,-0.22283202388514925,0.9744594200150155,0.01380859375,-0.0057421875,-0.10173828125,0.4609375,-0.19140625,9.4609375
96,391000000,imu2_frame,-0.011786582688095522,-0.025090916557424302,-0.22298225528225524,0.9744282611891366,0.00794921875,0.0079296875,-0.05876953125,0.4609375,-0.19140625,9.4609375
96,411000000,imu2_frame,-0.012117104885976303,-0.025249166190266972,-0.22301736023994484,0.9744120855200253,-0.02720703125,-0.0252734375,-0.04705078125,0.4609375,-0.19140625,9.4609375
96,431000000,imu2_frame,-0.011648906968313775,-0.02523133851063535,-0.22312037261857365,0.9743946745779937,0.04701171875,0.0098828125,-0.05486328125,0.4609375,-0.19140625,9.4609375
96,451000000,imu2_frame,-0.011158728724484132,-0.025280566840999094,-0.2232308760054126,0.9743738254444787,0.04701171875,0.0098828125,-0.05486328125,0.57421875,-0.11328125,9.4609375
96,471000000,imu2_frame,-0.01124882987939992,-0.025415318949374346,-0.22333106486009632,0.9743463249058322,-0.00767578125,-0.0116015625,-0.05291015625,0.57421875,-0.11328125,9.4609375
96,491000000,imu2_frame,-0.011203241727413502,-0.025442996414193383,-0.2238257507596802,0.9742326080588404,0.00208984375,0.0020703125,-0.09392578125,0.57421875,-0.11328125,9.4609375
96,511000000,imu2_frame,-0.011438141471608303,-0.02546491364110136,-0.22418630819402838,0.9741463988083408,-0.02525390625,-0.0037890625,-0.08025390625,0.57421875,-0.11328125,9.4609375
96,531000000,imu2_frame,-0.011686616474252074,-0.025463237056454577,-0.2245389869221183,0.974062261822097,-0.02525390625,-0.0037890625,-0.08025390625,0.53515625,-0.15234375,9.421875
96,551000000,imu2_frame,-0.012006938045479568,-0.02542409830442594,-0.22475371186346024,0.9740098652825728,-0.03306640625,-0.0018359375,-0.06658203125,0.53515625,-0.15234375,9.421875
96,571000000,imu2_frame,-0.011658325801869186,-0.02526181323579948,-0.22505374163952063,0.9739490426123889,0.02943359375,0.0255078125,-0.07634765625,0.53515625,-0.15234375,9.421875
96,591000000,imu2_frame,-0.011681342224315234,-0.025371337643742442,-0.22507094699543298,0.9739419440031242,0.00013671875,-0.0096484375,-0.04705078125,0.53515625,-0.15234375,9.421875
96,611000000,imu2_frame,-0.011562355273940618,-0.02549136191947857,-0.22509350778182796,0.9739350158827239,0.00013671875,-0.0096484375,-0.04705078125,0.49609375,0.11328125,9.421875
96,631000000,imu2_frame,-0.011288808806639922,-0.025484807761829986,-0.2247039116644091,0.9740283565953217,0.01380859375,0.0059765625,-0.00408203125,0.49609375,0.11328125,9.421875
96,651000000,imu2_frame,-0.011047670353811073,-0.02548968146990649,-0.22407700078616657,0.9741754066065272,0.01185546875,0.0040234375,0.02130859375,0.49609375,0.11328125,9.421875
96,671000000,imu2_frame,-0.010813351105281876,-0.025513106187382756,-0.2234593365901963,0.9743192894227307,0.01185546875,0.0020703125,0.02130859375,0.49609375,0.11328125,9.421875
96,691000000,imu2_frame,-0.010826292324366155,-0.025522258575225682,-0.22284054144906706,0.9744606194189755,0.01185546875,0.0020703125,0.02130859375,0.57421875,-0.34375,9.42578125
96,711000000,imu2_frame,-0.010974065324959804,-0.025420952449482892,-0.2221738091149445,0.9746138433298396,-0.00376953125,0.0098828125,0.02716796875,0.57421875,-0.34375,9.42578125
96,731000000,imu2_frame,-0.011181589978464107,-0.025384904655005924,-0.2212653063123392,0.9748190821294568,-0.00767578125,0.0020703125,0.05255859375,0.57421875,-0.34375,9.42578125
96,751000000,imu2_frame,-0.011226567391725562,-0.0253670562682685,-0.22056845395893807,0.9749769401165576,0.00794921875,0.0040234375,0.03107421875,0.57421875,-0.34375,9.42578125
96,771000000,imu2_frame,-0.011142687431428744,-0.025334991130455148,-0.21988298069399878,0.9751335567717624,0.00794921875,0.0040234375,0.03107421875,0.49609375,-0.11328125,9.46484375
96,791000000,imu2_frame,-0.011219709945331698,-0.025364759018633123,-0.21894097679394836,0.9753438346496999,-0.00572265625,-0.0057421875,0.05841796875,0.49609375,-0.11328125,9.46484375
96,811000000,imu2_frame,-0.011231491067568015,-0.02541043749177321,-0.21830799521304037,0.9754843835248922,0.00013671875,-0.0057421875,0.02716796875,0.49609375,-0.11328125,9.46484375
96,831000000,imu2_frame,-0.011227034979386569,-0.025400599428923122,-0.21781385700453543,0.975595144991523,0.00013671875,0.0001171875,0.01349609375,0.49609375,-0.11328125,9.46484375
96,851000000,imu2_frame,-0.011204543443475441,-0.025394892655179056,-0.21732529205663287,0.9757045019193846,0.00013671875,0.0001171875,0.01349609375,0.49609375,-0.078125,9.46484375
96,871000000,imu2_frame,-0.011139391557575663,-0.02537917635783164,-0.21687939565512654,0.9758048673292177,0.00404296875,0.0020703125,0.00958984375,0.49609375,-0.078125,9.46484375
96,891000000,imu2_frame,-0.011096010079637866,-0.02537911277451556,-0.21651419511795275,0.9758864598443387,0.00208984375,0.0001171875,0.00177734375,0.49609375,-0.078125,9.46484375
96,911000000,imu2_frame,-0.011033232418811703,-0.025383622217651253,-0.21619069882878322,0.975958770258983,0.00404296875,0.0001171875,-0.00212890625,0.49609375,-0.078125,9.46484375
96,931000000,imu2_frame,-0.011009908529944481,-0.025380666566221618,-0.21586956310336333,0.976030191850836,0.00404296875,0.0001171875,-0.00212890625,0.49609375,-0.15234375,9.421875
96,951000000,imu2_frame,-0.010983153517737583,-0.025358637573911057,-0.2155332896820281,0.9761053789822306,0.00404296875,0.0020703125,-0.00017578125,0.49609375,-0.15234375,9.421875
96,971000000,imu2_frame,-0.010979717271256623,-0.025351528501944998,-0.21520057560782688,0.9761790092341254,0.00208984375,0.0001171875,-0.00017578125,0.49609375,-0.15234375,9.421875
96,991000000,imu2_frame,-0.010999831511555874,-0.025359006620657907,-0.2148521066911454,0.9762553440265039,0.00013671875,-0.0018359375,0.00177734375,0.49609375,-0.15234375,9.421875
97,11000000,imu2_frame,-0.011023514729272392,-0.02538543504446051,-0.21450653641355033,0.9763303783281965,0.00013671875,-0.0018359375,0.00177734375,0.53515625,-0.15234375,9.46484375
97,31000000,imu2_frame,-0.011065312404959336,-0.025407697800966796,-0.2141829490741092,0.9764003646454426,-0.0018164062499999999,-0.0018359375,-0.00017578125,0.53515625,-0.15234375,9.46484375
97,51000000,imu2_frame,-0.011120908037091475,-0.025406976033586087,-0.21388119402778558,0.9764658958788618,-0.00376953125,0.0001171875,-0.00212890625,0.53515625,-0.15234375,9.46484375
97,71000000,imu2_frame,-0.011157540377629874,-0.025410223342232936,-0.21356237228788608,0.9765351724260575,-0.0018164062499999999,0.0001171875,-0.00017578125,0.53515625,-0.15234375,9.46484375
97,91000000,imu2_frame,-0.011169303130362185,-0.025397773509550064,-0.2132470262942675,0.976604272745615,-0.0018164062499999999,0.0001171875,-0.00017578125,0.49609375,-0.11328125,9.46484375
97,111000000,imu2_frame,-0.011161581814844062,-0.025389791057331926,-0.2129532314643495,0.9766686740191612,0.00013671875,0.0001171875,-0.00212890625,0.49609375,-0.11328125,9.46484375
97,131000000,imu2_frame,-0.011135738530015019,-0.025406389413667185,-0.2127941473088729,0.9767032105892977,0.00208984375,-0.0018359375,-0.01580078125,0.49609375,-0.11328125,9.46484375
97,151000000,imu2_frame,-0.01111162533549553,-0.025422159385224956,-0.21258024261534295,0.9767496537210535,0.00208984375,-0.0018359375,-0.00994140625,0.49609375,-0.11328125,9.46484375
97,171000000,imu2_frame,-0.011092648120806734,-0.025459051997166138,-0.2123685741292212,0.9767949521529046,0.00208984375,-0.0018359375,-0.00994140625,0.53515625,-0.11328125,9.421875
97,191000000,imu2_frame,-0.011093706748402618,-0.025491039487445265,-0.21212154304215686,0.9768477811582746,0.00013671875,-0.0018359375,-0.00603515625,0.53515625,-0.11328125,9.421875
97,211000000,imu2_frame,-0.0110763414706779,-0.025526590705109185,-0.2118576693189506,0.9769043124980773,0.00208984375,-0.0018359375,-0.00408203125,0.53515625,-0.11328125,9.421875
97,231000000,imu2_frame,-0.011054550320677294,-0.02554309906680709,-0.2116157271235991,0.9769565655858101,0.00208984375,0.0001171875,-0.00603515625,0.53515625,-0.11328125,9.421875
97,251000000,imu2_frame,-0.011032436290458737,-0.025558231061964,-0.2113764123370657,0.9770082264146968,0.00208984375,0.0001171875,-0.00603515625,0.53515625,-0.11328125,9.46484375
97,271000000,imu2_frame,-0.010992642993457232,-0.02557685095542467,-0.21110166102640837,0.9770675898867558,0.00404296875,0.0001171875,-0.00212890625,0.53515625,-0.11328125,9.46484375
97,291000000,imu2_frame,-0.010995589827927007,-0.025605794858542728,-0.21081129895682027,0.9771294880956856,0.00013671875,-0.0018359375,-0.00017578125,0.53515625,-0.11328125,9.46484375
97,311000000,imu2_frame,-0.010997990633266973,-0.025634667923608963,-0.21054250936900992,0.9771866555326455,0.00013671875,-0.0018359375,-0.00212890625,0.53515625,-0.11328125,9.46484375
97,331000000,imu2_frame,-0.0109960303767004,-0.025643150452708457,-0.21027631142780664,0.9772437715345801,0.00013671875,-0.0018359375,-0.00212890625,0.49609375,-0.11328125,9.46484375
97,351000000,imu2_frame,-0.010966582690634432,-0.025618023036955814,-0.21003200569520514,0.9772972974194786,0.00208984375,0.0020703125,-0.00408203125,0.49609375,-0.11328125,9.46484375
97,371000000,imu2_frame,-0.01094002266487236,-0.025612661694301625,-0.20984696206930686,0.9773374851991037,0.00208984375,0.0001171875,-0.00994140625,0.49609375,-0.11328125,9.46484375
97,391000000,imu2_frame,-0.010910187001043346,-0.025588225611817134,-0.2096455148775392,0.9773816903448583,0.00208984375,0.0020703125,-0.00798828125,0.49609375,-0.11328125,9.46484375
97,411000000,imu2_frame,-0.010881190935004788,-0.025565122066973662,-0.209446490518246,0.977425287081896,0.00208984375,0.0020703125,-0.00798828125,0.49609375,-0.11328125,9.421875
97,431000000,imu2_frame,-0.01087998045033151,-0.025575782682661946,-0.209230532188528,0.9774712731153152,0.00013671875,-0.0018359375,-0.00603515625,0.49609375,-0.11328125,9.421875
97,451000000,imu2_frame,-0.010878280214516376,-0.02558654884649578,-0.20903555080723127,0.9775127262784961,0.00013671875,-0.0018359375,-0.00798828125,0.49609375,-0.11328125,9.421875
97,471000000,imu2_frame,-0.010873050721945289,-0.025578095667856963,-0.20882383986632413,0.9775582548848369,0.00013671875,0.0001171875,-0.00603515625,0.49609375,-0.11328125,9.421875
97,491000000,imu2_frame,-0.01089177469743067,-0.025584432307810986,-0.20861327882397712,0.9776028365168224,0.00013671875,0.0001171875,-0.00603515625,0.53515625,-0.15234375,9.46484375
97,511000000,imu2_frame,-0.010954095114562462,-0.02560073696245771,-0.20832887252571125,0.977662360398193,-0.00376953125,-0.0018359375,0.00177734375,0.53515625,-0.15234375,9.46484375
97,531000000,imu2_frame,-0.010968930299975274,-0.025587575479360906,-0.20808424805207967,0.9777146333474623,0.00013671875,0.0020703125,-0.00212890625,0.53515625,-0.15234375,9.46484375
97,551000000,imu2_frame,-0.011025924998936076,-0.025585223996011416,-0.20782296013439916,0.977769626513305,-0.00376953125,0.0001171875,-0.00017578125,0.53515625,-0.15234375,9.46484375
97,571000000,imu2_frame,-0.011058447082342061,-0.02556820689784939,-0.20756428628472554,0.9778246492103114,-0.00376953125,0.0001171875,-0.00017578125,0.49609375,-0.11328125,9.421875
97,591000000,imu2_frame,-0.011052837516475733,-0.02555939565174173,-0.2073072058495062,0.977879478504188,0.00013671875,0.0001171875,-0.00017578125,0.49609375,-0.11328125,9.421875
97,611000000,imu2_frame,-0.011066191585560768,-0.0255466708776185,-0.20705290570938018,0.9779335362120295,-0.0018164062499999999,0.0001171875,-0.00017578125,0.49609375,-0.11328125,9.421875
97,631000000,imu2_frame,-0.011061003334244427,-0.0255378668395276,-0.2067817289688237,0.9779912004344367,0.00013671875,0.0001171875,0.00177734375,0.49609375,-0.11328125,9.421875
97,651000000,imu2_frame,-0.01105959878580977,-0.025548164557681254,-0.20651314697235165,0.9780476965312104,0.00013671875,0.0001171875,0.00177734375,0.53515625,-0.11328125,9.46484375
97,671000000,imu2_frame,-0.011076119202323821,-0.02555480313919724,-0.20628519858852476,0.978095439342821,-0.0018164062499999999,0.0001171875,-0.00212890625,0.53515625,-0.11328125,9.46484375
97,691000000,imu2_frame,-0.011112355935391095,-0.025556980916023573,-0.2060215248074937,0.9781505444398723,-0.00376953125,0.0001171875,0.00177734375,0.53515625,-0.11328125,9.46484375
97,711000000,imu2_frame,-0.011132788038397724,-0.02558226982222267,-0.20577821122270593,0.9782008670448102,-0.0018164062499999999,-0.0018359375,-0.00017578125,0.53515625,-0.11328125,9.46484375
97,731000000,imu2_frame,-0.011152991890552735,-0.02560732275546967,-0.20553685566220736,0.9782507228505787,-0.0018164062499999999,-0.0018359375,-0.00017578125,0.53515625,-0.11328125,9.46484375
97,751000000,imu2_frame,-0.011128217169868426,-0.025622448446812808,-0.2054109195313607,0.9782770604769856,0.00208984375,0.0001171875,-0.01189453125,0.53515625,-0.11328125,9.46484375
97,771000000,imu2_frame,-0.011162399521519675,-0.025624657685659503,-0.20521145344829314,0.9783184742858808,-0.00376953125,0.0001171875,-0.00408203125,0.53515625,-0.11328125,9.46484375
97,791000000,imu2_frame,-0.01117830359749382,-0.025630398933600407,-0.20497529570497094,0.9783676488569348,-0.0018164062499999999,0.0001171875,-0.00017578125,0.53515625,-0.11328125,9.46484375
97,811000000,imu2_frame,-0.01121058626820646,-0.025612834713671994,-0.20474036031007145,0.978416930716939,-0.0018164062499999999,0.0001171875,-0.00017578125,0.49609375,-0.15234375,9.421875
97,831000000,imu2_frame,-0.011204221470398203,-0.02560358742381217,-0.20452573109385538,0.9784621336836687,0.00208984375,0.0001171875,-0.00212890625,0.49609375,-0.15234375,9.421875
97,851000000,imu2_frame,-0.011255160536908866,-0.02558237358223185,-0.204294984983393,0.9785103078832756,-0.00376953125,0.0001171875,-0.00017578125,0.49609375,-0.15234375,9.421875
97,871000000,imu2_frame,-0.0112721892003424,-0.025587997215816838,-0.20404603622750236,0.9785619077242685,0.00013671875,-0.0018359375,0.00177734375,0.49609375,-0.15234375,9.421875
97,891000000,imu2_frame,-0.011288435504340161,-0.025592486373486278,-0.20379921951904167,0.9786130358770604,0.00013671875,-0.0018359375,0.00177734375,0.49609375,-0.15234375,9.46484375
97,911000000,imu2_frame,-0.011279679904854225,-0.025582822451165946,-0.20363036939756274,0.9786485378703063,0.00208984375,0.0001171875,-0.00603515625,0.49609375,-0.15234375,9.46484375
97,931000000,imu2_frame,-0.011308357884233624,-0.025565609136988836,-0.2034826607779861,0.9786793792831889,-0.0018164062499999999,0.0001171875,-0.00798828125,0.49609375,-0.15234375,9.46484375
97,951000000,imu2_frame,-0.0113222501751276,-0.025571222188776933,-0.20331649668532548,0.9787136054139383,0.00013671875,-0.0018359375,-0.00603515625,0.49609375,-0.15234375,9.46484375
97,971000000,imu2_frame,-0.011340159042900453,-0.025596928273295783,-0.20315159109386915,0.9787469688800488,0.00013671875,-0.0018359375,-0.00603515625,0.53515625,-0.15234375,9.46484375
97,991000000,imu2_frame,-0.011358361926868754,-0.02562217262911883,-0.20296899130617113,0.9787839804840787,0.00013671875,-0.0018359375,-0.00408203125,0.53515625,-0.15234375,9.46484375
98,11000000,imu2_frame,-0.011371453763662744,-0.025628688571774052,-0.20282601124680824,0.9788132965602283,0.00013671875,0.0001171875,-0.00798828125,0.53515625,-0.15234375,9.46484375
98,31000000,imu2_frame,-0.011345575292068618,-0.025643416360986812,-0.2027216407927997,0.9788348325805044,0.00404296875,0.0001171875,-0.01189453125,0.53515625,-0.15234375,9.46484375
98,51000000,imu2_frame,-0.01131580382309715,-0.025637842092764786,-0.2026187397216161,0.9788566289045029,0.00404296875,0.0001171875,-0.01189453125,0.49609375,-0.15234375,9.46484375
98,71000000,imu2_frame,-0.011272325893823987,-0.025654709837766868,-0.20247887016015614,0.9788856305364535,0.00599609375,-0.0018359375,-0.00798828125,0.49609375,-0.15234375,9.46484375
98,91000000,imu2_frame,-0.01120546932285242,-0.02565679701937072,-0.20237895918444018,0.9789070043182776,0.00794921875,0.0001171875,-0.01189453125,0.49609375,-0.15234375,9.46484375
98,111000000,imu2_frame,-0.011180559609646394,-0.02567015850232833,-0.20230006969811162,0.9789232451267156,0.00404296875,-0.0018359375,-0.01384765625,0.49609375,-0.15234375,9.46484375
98,131000000,imu2_frame,-0.01113574164035965,-0.025687541459662063,-0.2022231616517432,0.9789391903297417,0.00404296875,-0.0018359375,-0.01384765625,0.49609375,-0.11328125,9.46484375
98,151000000,imu2_frame,-0.011057936415647705,-0.025731246824693327,-0.2021279347909302,0.9789585910324439,0.00794921875,-0.0037890625,-0.01189453125,0.49609375,-0.11328125,9.46484375
98,171000000,imu2_frame,-0.010973612990426585,-0.025736395571509276,-0.20201639767284965,0.9789824272336088,0.00794921875,0.0001171875,-0.00994140625,0.49609375,-0.11328125,9.46484375
98,191000000,imu2_frame,-0.010932406221958098,-0.025752366329726474,-0.20188837159129658,0.979008878171609,0.00404296875,-0.0018359375,-0.00798828125,0.49609375,-0.11328125,9.46484375
98,211000000,imu2_frame,-0.010891619532637908,-0.02576815527181599,-0.20176216213473788,0.9790349353973841,0.00404296875,-0.0018359375,-0.00798828125,0.49609375,-0.11328125,9.46484375
98,231000000,imu2_frame,-0.010870670856948178,-0.02577966011225205,-0.20161901778148844,0.979064354017878,0.00208984375,-0.0018359375,-0.00603515625,0.49609375,-0.11328125,9.46484375
98,251000000,imu2_frame,-0.010907205575340428,-0.02577915536439334,-0.2014592434484539,0.979096849777596,-0.00376953125,-0.0018359375,-0.00408203125,0.49609375,-0.11328125,9.46484375
98,271000000,imu2_frame,-0.010924932632614208,-0.02578235610935448,-0.2012812819756761,0.9791331684130877,-0.0018164062499999999,-0.0018359375,-0.00212890625,0.49609375,-0.11328125,9.46484375
98,291000000,imu2_frame,-0.010942472487852713,-0.025785536825445373,-0.20110474867808403,0.9791691623236513,-0.0018164062499999999,-0.0018359375,-0.00212890625,0.49609375,-0.11328125,9.46484375
98,311000000,imu2_frame,-0.010971488281113622,-0.025746734335142008,-0.20091154019198995,0.9792095205489248,-0.00376953125,0.0020703125,-0.00017578125,0.49609375,-0.11328125,9.46484375
98,331000000,imu2_frame,-0.010947812749274307,-0.025738694762450054,-0.20069991918589802,0.9792533928594305,0.00208984375,0.0001171875,0.00177734375,0.49609375,-0.11328125,9.46484375
98,351000000,imu2_frame,-0.010942815988176743,-0.025727061494598663,-0.20050987301177825,0.9792926855184322,0.00013671875,0.0001171875,-0.00017578125,0.49609375,-0.11328125,9.46484375
98,371000000,imu2_frame,-0.010938379902327414,-0.02571665593516921,-0.2003217356767719,0.9793315106071439,0.00013671875,0.0001171875,-0.00017578125,0.49609375,-0.11328125,9.421875
98,391000000,imu2_frame,-0.010937362965244158,-0.025725502867268272,-0.20015412780009434,0.9793655587767911,0.00013671875,-0.0018359375,-0.00212890625,0.49609375,-0.11328125,9.421875
98,411000000,imu2_frame,-0.01091405470926021,-0.025718975998875168,-0.19996927184886518,0.9794037512689072,0.00208984375,0.0001171875,-0.00017578125,0.49609375,-0.11328125,9.421875
98,431000000,imu2_frame,-0.01087205928054908,-0.02571636312801637,-0.19978634358756459,0.979441618428776,0.00404296875,0.0001171875,-0.00017578125,0.49609375,-0.11328125,9.421875
98,451000000,imu2_frame,-0.010834615151322995,-0.025734000266057086,-0.19960569859122673,0.9794784006984215,0.00404296875,0.0001171875,-0.00017578125,0.53515625,-0.11328125,9.421875
98,471000000,imu2_frame,-0.010835416341057991,-0.02574373718852444,-0.19942774377901035,0.9795143841514006,0.00013671875,0.0001171875,-0.00017578125,0.53515625,-0.11328125,9.421875
98,491000000,imu2_frame,-0.010836203645023367,-0.02575337902254337,-0.19925145882039086,0.9795499968441789,0.00013671875,0.0001171875,-0.00017578125,0.53515625,-0.11328125,9.421875
98,511000000,imu2_frame,-0.010864101498961111,-0.025796756110959697,-0.19905745506997993,0.9795879890310186,-0.0018164062499999999,-0.0037890625,0.00177734375,0.53515625,-0.11328125,9.421875
98,531000000,imu2_frame,-0.010887589739735495,-0.025819468861260787,-0.1988648925791976,0.9796262399082855,-0.0018164062499999999,-0.0037890625,0.00177734375,0.49609375,-0.11328125,9.421875
98,551000000,imu2_frame,-0.01086527397912582,-0.02581175875475789,-0.19867396091138662,0.9796654307400694,0.00208984375,0.0001171875,0.00177734375,0.49609375,-0.11328125,9.421875
98,571000000,imu2_frame,-0.010861628977708515,-0.025800490252080897,-0.1985043946191652,0.979700140367236,0.00013671875,0.0001171875,-0.00017578125,0.49609375,-0.11328125,9.421875
98,591000000,imu2_frame,-0.010858025174035483,-0.025789333722228164,-0.19833653868611803,0.9797344696281199,0.00013671875,0.0001171875,-0.00017578125,0.49609375,-0.11328125,9.421875
98,611000000,imu2_frame,-0.010858026440775655,-0.025797333728584067,-0.1981702794717506,0.9797679016830444,0.00013671875,0.0001171875,-0.00017578125,0.53515625,-0.11328125,9.46484375
98,631000000,imu2_frame,-0.0108580231342147,-0.0258052553938144,-0.198005594751232,0.9798009882495975,0.00013671875,0.0001171875,-0.00017578125,0.53515625,-0.11328125,9.46484375
98,651000000,imu2_frame,-0.010839575240860058,-0.025816712217376005,-0.19782329132195597,0.9798377143126465,0.00208984375,0.0001171875,0.00177734375,0.53515625,-0.11328125,9.46484375
98,671000000,imu2_frame,-0.010806192958951273,-0.025850813815132396,-0.19764245131721087,0.9798736770911612,0.00404296875,-0.0018359375,0.00177734375,0.53515625,-0.11328125,9.46484375
98,691000000,imu2_frame,-0.010769090778345133,-0.025864397885489318,-0.1974638812559719,0.9799097280898666,0.00404296875,-0.0018359375,0.00177734375,0.49609375,-0.11328125,9.46484375
98,711000000,imu2_frame,-0.010746996125563771,-0.025855276424576638,-0.19730705109562202,0.9799418015082506,0.00208984375,0.0001171875,-0.00017578125,0.49609375,-0.11328125,9.46484375
98,731000000,imu2_frame,-0.010744074800466696,-0.025842427501974637,-0.19715230397901248,0.9799733174088233,0.00013671875,0.0001171875,-0.00017578125,0.49609375,-0.11328125,9.46484375
98,751000000,imu2_frame,-0.010741187507897137,-0.025829706579218147,-0.19699911886338067,0.9800044899468591,0.00013671875,0.0001171875,-0.00017578125,0.49609375,-0.11328125,9.46484375
98,771000000,imu2_frame,-0.010738834771830949,-0.025818226888510452,-0.1968474617499516,0.9800352919107955,0.00013671875,0.0001171875,-0.00017578125,0.49609375,-0.11328125,9.421875
98,791000000,imu2_frame,-0.010703921235625342,-0.025832791837011548,-0.19663967892817133,0.9800770018764409,0.00404296875,-0.0018359375,0.00568359375,0.49609375,-0.11328125,9.421875
98,811000000,imu2_frame,-0.010684011590383588,-0.02582465448621622,-0.1964538804791992,0.9801146932689403,0.00208984375,0.0001171875,0.00373046875,0.49609375,-0.11328125,9.421875
98,831000000,imu2_frame,-0.010667604117308386,-0.02583574981143224,-0.19628883965215713,0.9801476458585652,0.00208984375,-0.0018359375,0.00177734375,0.49609375,-0.11328125,9.421875
98,851000000,imu2_frame,-0.010650861752989007,-0.025845613295592474,-0.1961256215399322,0.9801802405643916,0.00208984375,-0.0018359375,0.00177734375,0.49609375,-0.11328125,9.46484375
98,871000000,imu2_frame,-0.010667893940229215,-0.025829050307163207,-0.1959839168965946,0.9802088351555392,-0.0018164062499999999,0.0001171875,-0.00017578125,0.49609375,-0.11328125,9.46484375
98,891000000,imu2_frame,-0.01072564240961036,-0.025803857766641486,-0.19572998110437145,0.9802596064391016,-0.00572265625,0.0001171875,0.01154296875,0.49609375,-0.11328125,9.46484375
98,911000000,imu2_frame,-0.01074340547811485,-0.02578712284024841,-0.19553413454877527,0.9802989369374101,-0.0018164062499999999,0.0001171875,0.00568359375,0.49609375,-0.11328125,9.46484375
98,931000000,imu2_frame,-0.01076098790549094,-0.025770563984794225,-0.19533993804530317,0.9803378946953242,-0.0018164062499999999,0.0001171875,0.00568359375,0.49609375,-0.11328125,9.46484375
98,951000000,imu2_frame,-0.010754674628653408,-0.025739408809179087,-0.19518541875875653,0.9803695589479279,0.00013671875,0.0020703125,0.00177734375,0.49609375,-0.11328125,9.46484375
98,971000000,imu2_frame,-0.010751707458487974,-0.025727728365107866,-0.19505121454869098,0.9803966077475885,0.00013671875,0.0001171875,-0.00017578125,0.49609375,-0.11328125,9.46484375
98,991000000,imu2_frame,-0.010710874008869073,-0.025723695750857523,-0.1949179424314297,0.9804236657553619,0.00404296875,0.0001171875,-0.00017578125,0.49609375,-0.11328125,9.46484375
99,13000000,imu2_frame,-0.010666515650418566,-0.025720353676035007,-0.19478671046187765,0.980450318108011,0.00404296875,0.0001171875,-0.00017578125,0.49609375,-0.11328125,9.46484375
99,31000000,imu2_frame,-0.010647574359788348,-0.025712308903751698,-0.1946573614191561,0.9804764239778655,0.00208984375,0.0001171875,-0.00017578125,0.49609375,-0.11328125,9.46484375
99,51000000,imu2_frame,-0.010645728323179709,-0.02570086911783416,-0.19452992921682224,0.9805020348953669,0.00013671875,0.0001171875,-0.00017578125,0.49609375,-0.11328125,9.46484375
99,71000000,imu2_frame,-0.010644401003092191,-0.025689337999718585,-0.1943848049944011,0.9805311327172179,0.00013671875,0.0001171875,0.00177734375,0.49609375,-0.11328125,9.46484375
99,91000000,imu2_frame,-0.010643587984556046,-0.025679038141920633,-0.19424110607355152,0.9805598878937706,0.00013671875,0.0001171875,0.00177734375,0.49609375,-0.11328125,9.421875
99,111000000,imu2_frame,-0.010642289123140183,-0.02566904715606497,-0.19411780073048007,0.9805845813288524,0.00013671875,0.0001171875,-0.00017578125,0.49609375,-0.11328125,9.421875
99,131000000,imu2_frame,-0.010680401700599335,-0.0256510436036257,-0.19393922878930667,0.980619971506887,-0.00376953125,0.0001171875,0.00568359375,0.49609375,-0.11328125,9.421875
99,151000000,imu2_frame,-0.010718617861022798,-0.025633030084810608,-0.19374285951181744,0.9806588414877035,-0.00376953125,0.0001171875,0.00763671875,0.49609375,-0.11328125,9.421875
99,171000000,imu2_frame,-0.010755943247967036,-0.025614096744971355,-0.19354785545574874,0.9806974331470774,-0.00376953125,0.0001171875,0.00763671875,0.49609375,-0.11328125,9.46484375
99,191000000,imu2_frame,-0.010848761692946308,-0.02558457292758338,-0.19339279595764144,0.9807277708260989,-0.00962890625,0.0001171875,0.00373046875,0.49609375,-0.11328125,9.46484375
99,211000000,imu2_frame,-0.010898975718347973,-0.02554388557000848,-0.19323777682078405,0.9807588306243479,-0.00572265625,0.0020703125,0.00373046875,0.49609375,-0.11328125,9.46484375
99,231000000,imu2_frame,-0.010952410183009393,-0.025522590971293776,-0.19308326669096063,0.9807892200596633,-0.00572265625,0.0001171875,0.00373046875,0.49609375,-0.11328125,9.46484375
99,251000000,imu2_frame,-0.01100925375752702,-0.025521712527334605,-0.19292937587586334,0.9808188897271118,-0.00572265625,0.0001171875,0.00373046875,0.53515625,-0.11328125,9.46484375
99,271000000,imu2_frame,-0.011008137823043907,-0.025532254761952457,-0.19279444382301375,0.9808451596961747,0.00013671875,0.0001171875,0.00177734375,0.53515625,-0.11328125,9.46484375
99,291000000,imu2_frame,-0.010991300115737785,-0.025565594574565424,-0.19267924463382258,0.9808671165775488,0.00208984375,-0.0018359375,-0.00017578125,0.53515625,-0.11328125,9.46484375
99,311000000,imu2_frame,-0.01100510342425912,-0.025553220206695537,-0.19256638677702548,0.9808894470424946,-0.0018164062499999999,0.0020703125,-0.00017578125,0.53515625,-0.11328125,9.46484375
99,331000000,imu2_frame,-0.011035017208350992,-0.02551682493195952,-0.1924536650330249,0.9809121810111033,-0.0018164062499999999,0.0020703125,-0.00017578125,0.49609375,-0.15234375,9.46484375
99,351000000,imu2_frame,-0.011079380273486754,-0.02545833362956113,-0.19236117956853643,0.980931341724059,-0.00376953125,0.0040234375,-0.00212890625,0.49609375,-0.15234375,9.46484375
99,371000000,imu2_frame,-0.011093299344286062,-0.025445596317269236,-0.19224901429350447,0.9809535039138668,0.00013671875,0.0001171875,-0.00017578125,0.49609375,-0.15234375,9.46484375
99,391000000,imu2_frame,-0.011144506117664842,-0.025425782347299235,-0.1921571492950092,0.9809714366637985,-0.00376953125,0.0001171875,-0.00212890625,0.49609375,-0.15234375,9.46484375
99,411000000,imu2_frame,-0.011178925137181136,-0.025430331495717808,-0.19206621178951874,0.9809887360013972,-0.00376953125,0.0001171875,-0.00212890625,0.53515625,-0.11328125,9.46484375
99,431000000,imu2_frame,-0.011194514000609975,-0.02543834224005817,-0.19195641998996596,0.9810098401264912,-0.0018164062499999999,0.0001171875,-0.00017578125,0.53515625,-0.11328125,9.46484375
99,451000000,imu2_frame,-0.011227916777251112,-0.025443006260427625,-0.19188560094211146,0.9810231921154361,-0.00376953125,0.0001171875,-0.00408203125,0.53515625,-0.11328125,9.46484375
99,471000000,imu2_frame,-0.01122773433653358,-0.02547358442407083,-0.1917762307341047,0.9810437868941821,0.00013671875,-0.0018359375,-0.00017578125,0.53515625,-0.11328125,9.46484375
99,491000000,imu2_frame,-0.011244401155237962,-0.025480819777807515,-0.19166703570191881,0.9810647474511305,0.00013671875,-0.0018359375,-0.00017578125,0.49609375,-0.15234375,9.421875
99,511000000,imu2_frame,-0.01127664599352602,-0.025465101296408676,-0.19154016750605343,0.9810895627326046,-0.0018164062499999999,0.0001171875,0.00177734375,0.49609375,-0.15234375,9.421875
99,531000000,imu2_frame,-0.011343279304564169,-0.02542296701559032,-0.19139582756007992,0.981118056074464,-0.00572265625,0.0020703125,0.00373046875,0.49609375,-0.15234375,9.421875
99,551000000,imu2_frame,-0.011414892422206361,-0.025399376991430366,-0.1911756971578527,0.9811607537481539,-0.00572265625,0.0001171875,0.01154296875,0.49609375,-0.15234375,9.421875
99,571000000,imu2_frame,-0.011489094257558468,-0.02539514018658429,-0.1909565748835703,0.9812026671777754,-0.00572265625,0.0001171875,0.01154296875,0.53515625,-0.15234375,9.46484375
99,591000000,imu2_frame,-0.011544539314853266,-0.025394219225551625,-0.19070025016512407,0.9812518901020735,-0.00376953125,0.0001171875,0.01544921875,0.53515625,-0.15234375,9.46484375
99,611000000,imu2_frame,-0.011557299608865774,-0.02538194158337693,-0.19046444107197308,0.9812978561855469,0.00013671875,0.0020703125,0.01349609375,0.53515625,-0.15234375,9.46484375
99,631000000,imu2_frame,-0.011633696340604727,-0.025396934370381145,-0.19024968272337572,0.9813382245982758,-0.00572265625,-0.0018359375,0.01154296875,0.53515625,-0.15234375,9.46484375
99,651000000,imu2_frame,-0.011705396609076166,-0.02539161579317719,-0.19003586397801242,0.981378937994782,-0.00572265625,-0.0018359375,0.01154296875,0.49609375,-0.15234375,9.46484375
99,671000000,imu2_frame,-0.012002247773815306,-0.02536381103316849,-0.19003405877338736,0.9813764209743183,-0.02916015625,-0.0037890625,-0.00994140625,0.49609375,-0.15234375,9.46484375
99,691000000,imu2_frame,-0.012300670138269207,-0.02535491577607036,-0.18998946467084774,0.9813815899405403,-0.02916015625,-0.0057421875,-0.00603515625,0.49609375,-0.15234375,9.46484375
99,711000000,imu2_frame,-0.012517917389022623,-0.025341213665491986,-0.18988328785734385,0.9813997460905962,-0.02134765625,-0.0037890625,-0.00017578125,0.49609375,-0.15234375,9.46484375
99,731000000,imu2_frame,-0.012733493779614781,-0.025328840240123458,-0.1897748119155964,0.9814182741067413,-0.02134765625,-0.0037890625,-0.00017578125,0.49609375,-0.15234375,9.421875
99,751000000,imu2_frame,-0.012814043497825962,-0.025342328179557436,-0.18966266121685466,0.9814385572371894,-0.00767578125,-0.0037890625,-0.00017578125,0.49609375,-0.15234375,9.421875
99,771000000,imu2_frame,-0.012890578414949713,-0.025336490859378925,-0.18953168181904886,0.9814630083736745,-0.00767578125,-0.0018359375,0.00177734375,0.49609375,-0.15234375,9.421875
99,791000000,imu2_frame,-0.012981629099425998,-0.025308107509412894,-0.18940136426094684,0.9814876974350261,-0.00962890625,0.0001171875,0.00177734375,0.49609375,-0.15234375,9.421875
99,811000000,imu2_frame,-0.013095873912609895,-0.025296304907194082,-0.18927003084845348,0.9815118188117414,-0.00962890625,0.0001171875,0.00177734375,0.53515625,-0.19140625,9.42578125
99,831000000,imu2_frame,-0.013337636157536834,-0.025317668152388083,-0.18898644692510677,0.9815626551676049,-0.02134765625,-0.0057421875,0.01740234375,0.53515625,-0.19140625,9.42578125
99,851000000,imu2_frame,-0.013517286635732097,-0.02533037396072288,-0.18866357601029393,0.9816219792792058,-0.01548828125,-0.0037890625,0.02130859375,0.53515625,-0.19140625,9.42578125
99,871000000,imu2_frame,-0.013679076128612324,-0.025303228969745645,-0.18794261676400864,0.9817587291610242,-0.01353515625,0.0001171875,0.06232421875,0.53515625,-0.19140625,9.42578125
99,891000000,imu2_frame,-0.013930287470349531,-0.025218058053948184,-0.1872218201005191,0.9818950996502784,-0.01353515625,0.0001171875,0.06232421875,0.4609375,-0.3828125,9.46484375
99,911000000,imu2_frame,-0.014219021558000668,-0.025174737672052742,-0.18536283158154654,0.982244711198359,-0.01353515625,-0.0057421875,0.17951171875,0.4609375,-0.3828125,9.46484375
99,931000000,imu2_frame,-0.01397759347022132,-0.02513871259134235,-0.18412182048939443,0.982482481894564,0.03724609375,0.0040234375,0.11701171875,0.4609375,-0.3828125,9.46484375
99,951000000,imu2_frame,-0.013751132533527347,-0.02514488746121763,-0.18342815470878676,0.9826152619661154,0.03529296875,0.0001171875,0.06232421875,0.4609375,-0.3828125,9.46484375
99,971000000,imu2_frame,-0.013493747626202106,-0.02519696098524653,-0.18274625222038263,0.9827445442389964,0.03529296875,0.0001171875,0.06232421875,0.53515625,-0.3046875,9.4609375
99,991000000,imu2_frame,-0.013526021261596858,-0.02513832713400436,-0.18232621875231275,0.9828236165320909,0.00404296875,0.0059765625,0.03693359375,0.53515625,-0.3046875,9.4609375
100,11000000,imu2_frame,-0.01360603718302483,-0.025130521521596047,-0.1819281881056229,0.9828964681047704,0.00013671875,0.0001171875,0.03498046875,0.53515625,-0.3046875,9.4609375
100,31000000,imu2_frame,-0.013654535992319005,-0.025034843222291856,-0.18204813339431683,0.9828760284996856,0.00013671875,0.0098828125,-0.01775390625,0.53515625,-0.3046875,9.4609375
100,51000000,imu2_frame,-0.013706177819953338,-0.02496023863953475,-0.18216641038334822,0.9828552925556595,0.00013671875,0.0098828125,-0.01775390625,0.57421875,-0.3046875,9.46484375
100,71000000,imu2_frame,-0.013870165705044414,-0.025005533788391668,-0.18254758177239097,0.9827811161048652,-0.00962890625,-0.0037890625,-0.04509765625,0.57421875,-0.3046875,9.46484375
100,91000000,imu2_frame,-0.013962524541335878,-0.02492843632381416,-0.18320985250775887,0.9826585220283633,-0.00572265625,0.0098828125,-0.07439453125,0.57421875,-0.3046875,9.46484375
100,111000000,imu2_frame,-0.01388072581455278,-0.025122810708776575,-0.18412390773058646,0.9824838708268807,0.01576171875,-0.0135546875,-0.10173828125,0.57421875,-0.3046875,9.46484375
100,131000000,imu2_frame,-0.013634632120813213,-0.025305720747953186,-0.18503672362330634,0.9823111157953518,0.01576171875,-0.0135546875,-0.10173828125,0.49609375,0.0,9.421875
100,151000000,imu2_frame,-0.013587904983593758,-0.02534923411401036,-0.18571992830566916,0.9821817008059798,-0.00572265625,-0.0037890625,-0.07830078125,0.49609375,0.0,9.421875
100,171000000,imu2_frame,-0.01364005463255997,-0.025337262252597997,-0.18672207240376745,0.981991262551967,-0.01744140625,0.0001171875,-0.11150390625,0.49609375,0.0,9.421875
100,191000000,imu2_frame,-0.013366371501539218,-0.025331914523418517,-0.18812934214218296,0.9817265326172103,0.01380859375,0.0059765625,-0.15447265625,0.49609375,0.0,9.421875
100,211000000,imu2_frame,-0.013174123314616922,-0.025310014385452172,-0.18952339593496662,0.9814615265205139,0.01380859375,0.0059765625,-0.15447265625,0.49609375,-0.15234375,9.46484375
100,231000000,imu2_frame,-0.013095079729268008,-0.025324032312759457,-0.1906977294723695,0.9812347263771242,0.00404296875,0.0001171875,-0.13298828125,0.49609375,-0.15234375,9.46484375
100,251000000,imu2_frame,-0.012910992232420123,-0.02538276688593503,-0.1924297045152975,0.9808974616365076,0.01380859375,-0.0018359375,-0.19158203125,0.49609375,-0.15234375,9.46484375
100,271000000,imu2_frame,-0.012765120786080686,-0.025320743150421217,-0.1948140680738301,0.9804302068674507,0.00599609375,0.0098828125,-0.25994140625,0.49609375,-0.15234375,9.46484375
100,291000000,imu2_frame,-0.012669960356520099,-0.025292501340475348,-0.19717476515841878,0.9799601387124013,0.00599609375,0.0098828125,-0.25994140625,0.57421875,-0.23046875,9.421875
100,311000000,imu2_frame,-0.012523925150551764,-0.02526763721851691,-0.19858348775780216,0.9796781594983955,0.01380859375,0.0098828125,-0.16423828125,0.57421875,-0.23046875,9.421875
100,331000000,imu2_frame,-0.012632450587961242,-0.025366169214824427,-0.1995816475609451,0.9794713597693229,-0.00767578125,-0.0076953125,-0.12322265625,0.57421875,-0.23046875,9.421875
100,351000000,imu2_frame,-0.012667136232407708,-0.02543593464096615,-0.2001510531632376,0.9793529051400507,0.00013671875,-0.0037890625,-0.08025390625,0.57421875,-0.23046875,9.421875
100,371000000,imu2_frame,-0.012533079379456365,-0.02549618583227101,-0.2007213900201394,0.9792363300131679,0.00013671875,-0.0037890625,-0.08025390625,0.49609375,0.078125,9.46484375
100,391000000,imu2_frame,-0.012485339185194956,-0.02565529373420927,-0.20109716016670365,0.9791556844453947,-0.00572265625,-0.0155078125,-0.06072265625,0.49609375,0.078125,9.46484375
100,411000000,imu2_frame,-0.012218209878065957,-0.02560105502153313,-0.20143432733835986,0.9790911668986206,0.01185546875,0.0098828125,-0.05681640625,0.49609375,0.078125,9.46484375
100,431000000,imu2_frame,-0.011850602354285368,-0.02570597190606727,-0.2016927326735568,0.9790397376097041,0.02552734375,-0.0037890625,-0.04900390625,0.49609375,0.078125,9.46484375
100,451000000,imu2_frame,-0.011503179939818515,-0.025787305125855257,-0.20195317688797818,0.9789880520672718,0.02552734375,-0.0037890625,-0.04900390625,0.4609375,0.0390625,9.46484375
100,471000000,imu2_frame,-0.01107917225001297,-0.02576570811761204,-0.2022174971728608,0.9789389480782735,0.03138671875,0.0079296875,-0.04900390625,0.4609375,0.0390625,9.46484375
100,491000000,imu2_frame,-0.011046331867635864,-0.02570365614281945,-0.20247050391317462,0.9788886533504753,-0.00767578125,0.0040234375,-0.04705078125,0.4609375,0.0390625,9.46484375
100,511000000,imu2_frame,-0.010997925067137527,-0.025644816896306415,-0.2026078415829525,0.9788623251201722,-0.00572265625,0.0040234375,-0.03533203125,0.4609375,0.0390625,9.46484375
100,531000000,imu2_frame,-0.01107697069779329,-0.02560024894226848,-0.20273934706225147,0.9788353718205254,-0.00572265625,0.0040234375,-0.03533203125,0.53515625,-0.19140625,9.4609375
100,551000000,imu2_frame,-0.010980767501437618,-0.025630176305879306,-0.20260053207120426,0.9788644141105928,0.01380859375,0.0001171875,-0.00798828125,0.53515625,-0.19140625,9.4609375
100,571000000,imu2_frame,-0.01100081431436107,-0.025577910787809206,-0.2026752587013439,0.9788500866192408,0.00013671875,0.0059765625,-0.02947265625,0.53515625,-0.19140625,9.4609375
100,591000000,imu2_frame,-0.011286832974677023,-0.025573876188125042,-0.20345122892476128,0.9786859464134143,-0.02720703125,-0.0037890625,-0.10173828125,0.53515625,-0.19140625,9.4609375
100,611000000,imu2_frame,-0.011525837328665009,-0.025559326443452823,-0.20421708766401947,0.9785240196396082,-0.02720703125,-0.0037890625,-0.10173828125,0.49609375,-0.11328125,9.421875
100,631000000,imu2_frame,-0.011430983931862431,-0.025533686032189824,-0.20474234971975896,0.9784160330427906,0.00599609375,0.0040234375,-0.07830078125,0.49609375,-0.11328125,9.421875
100,651000000,imu2_frame,-0.011292105341067084,-0.02571719777030113,-0.20560060784537565,0.9782328476131956,0.01380859375,-0.0155078125,-0.11345703125,0.49609375,-0.11328125,9.421875
100,671000000,imu2_frame,-0.011486009624088063,-0.025748622110817916,-0.20619234172914183,0.9781052081727009,-0.02134765625,-0.0076953125,-0.08611328125,0.49609375,-0.11328125,9.421875
100,691000000,imu2_frame,-0.011758784178903785,-0.02576272544020391,-0.20677172366573748,0.9779792775232135,-0.02134765625,-0.0076953125,-0.08611328125,0.49609375,-0.26953125,9.421875
100,711000000,imu2_frame,-0.011870543155575725,-0.025828080711118917,-0.20703619663918124,0.9779202491681794,-0.00376953125,-0.0096484375,-0.05486328125,0.49609375,-0.26953125,9.421875
100,731000000,imu2_frame,-0.012028405087592989,-0.02583907868215477,-0.2066350212586258,0.9780028770271351,-0.00767578125,-0.0057421875,0.01349609375,0.49609375,-0.26953125,9.421875
100,751000000,imu2_frame,-0.011893427917479878,-0.02565782758563873,-0.20671017254100937,0.9779934185995444,0.01576171875,0.0196484375,-0.03533203125,0.49609375,-0.26953125,9.421875
100,771000000,imu2_frame,-0.011687080567211084,-0.025534651759866103,-0.20679043529324787,0.9779821621985479,0.01576171875,0.0196484375,-0.03533203125,0.57421875,-0.11328125,9.4609375
100,791000000,imu2_frame,-0.011451646507084813,-0.02567318130198448,-0.2064326637611581,0.9780569016609334,0.02552734375,-0.0057421875,0.00958984375,0.57421875,-0.11328125,9.4609375
100,811000000,imu2_frame,-0.011378295136715332,-0.025679962626678213,-0.20644494736549698,0.9780549870158279,0.00599609375,0.0040234375,-0.02751953125,0.57421875,-0.11328125,9.4609375
100,831000000,imu2_frame,-0.011535031742330896,-0.025695375614566678,-0.20610000002647416,0.9781254933309004,-0.01548828125,-0.0018359375,0.00958984375,0.57421875,-0.11328125,9.4609375
100,851000000,imu2_frame,-0.011789701521982183,-0.0256910442047434,-0.205751578493652,0.9781959216501893,-0.01548828125,-0.0018359375,0.00958984375,0.57421875,-0.3046875,9.421875
100,871000000,imu2_frame,-0.012109812602875683,-0.02587245031987138,-0.2057593288059392,0.9781855996499328,-0.01939453125,-0.0213671875,-0.02751953125,0.57421875,-0.3046875,9.421875
100,891000000,imu2_frame,-0.012036434845219423,-0.02588172677460292,-0.206405896834255,0.9780500325685944,0.01380859375,0.0040234375,-0.09392578125,0.57421875,-0.3046875,9.421875
100,911000000,imu2_frame,-0.012185264532129687,-0.025960581229247538,-0.20672569166633878,0.9779785559794221,-0.00572265625,-0.0076953125,-0.06072265625,0.57421875,-0.3046875,9.421875
100,931000000,imu2_frame,-0.01212565003759979,-0.026038070513331332,-0.2070488958187709,0.9779088619269877,-0.00572265625,-0.0076953125,-0.06072265625,0.49609375,0.078125,9.50390625
100,951000000,imu2_frame,-0.011971836031379858,-0.026019850886043246,-0.20790085540179373,0.9777304724846764,0.00013671875,0.0040234375,-0.11541015625,0.49609375,0.078125,9.50390625
100,971000000,imu2_frame,-0.012350988952799815,-0.02594589964830266,-0.20841130503605493,0.9776190420079268,-0.05259765625,-0.0018359375,-0.08025390625,0.49609375,0.078125,9.50390625
100,991000000,imu2_frame,-0.012264594043399295,-0.026150768740128463,-0.20914823901546054,0.9774572784239641,-0.0018164062499999999,-0.0194140625,-0.10564453125,0.49609375,0.078125,9.50390625
101,13000000,imu2_frame,-0.012135681805222951,-0.026343424486799785,-0.2099827215400831,0.9772747852411066,-0.0018164062499999999,-0.0194140625,-0.10564453125,0.421875,0.15234375,9.5
101,31000000,imu2_frame,-0.011659677883299939,-0.026225976303767492,-0.21001329091342705,0.9772771703658508,0.03138671875,0.0176953125,-0.03728515625,0.421875,0.15234375,9.5
101,51000000,imu2_frame,-0.011436235559880447,-0.026278501775903497,-0.21052097413832319,0.9771691625857236,0.00599609375,-0.0057421875,-0.08220703125,0.421875,0.15234375,9.5
101,71000000,imu2_frame,-0.011219951017936007,-0.026092700619617472,-0.2111450274623615,0.9770419955413631,0.00013671875,0.0176953125,-0.09392578125,0.421875,0.15234375,9.5
101,91000000,imu2_frame,-0.011249692537951174,-0.02589665385539832,-0.21175611729105948,0.9769146096393022,0.00013671875,0.0176953125,-0.09392578125,0.49609375,-0.3046875,9.4609375
101,111000000,imu2_frame,-0.01160325428846963,-0.025888171728566278,-0.2121143810941438,0.9768329726148263,-0.02720703125,-0.0076953125,-0.06853515625,0.49609375,-0.3046875,9.4609375
101,131000000,imu2_frame,-0.011686950829391331,-0.025933885708799655,-0.21181780178379628,0.9768951159668242,0.00208984375,-0.0076953125,-0.00212890625,0.49609375,-0.3046875,9.4609375
101,151000000,imu2_frame,-0.011497929461925661,-0.025804172623165225,-0.21209135301073978,0.9768414407013024,0.02357421875,0.0157421875,-0.06072265625,0.49609375,-0.3046875,9.4609375
101,171000000,imu2_frame,-0.011198599179569033,-0.025720977746236273,-0.2123704145597858,0.9767864811205659,0.02357421875,0.0157421875,-0.06072265625,0.53515625,-0.078125,9.46484375
101,191000000,imu2_frame,-0.010936899372053291,-0.025611023684282388,-0.21264993239842445,0.9767315219388153,0.02357421875,0.0157421875,-0.06072265625,0.49609375,-0.15234375,9.421875
101,211000000,imu2_frame,-0.010982684026506075,-0.02537721944097009,-0.21308677284121164,0.9766419019400799,-0.00962890625,0.0216015625,-0.07634765625,0.49609375,-0.15234375,9.421875
101,231000000,imu2_frame,-0.010713915266469292,-0.025531233971024393,-0.21360435317742832,0.976527802172182,0.02943359375,-0.0096484375,-0.08611328125,0.49609375,-0.15234375,9.421875
101,251000000,imu2_frame,-0.010353088097837419,-0.025724106623152908,-0.2141247400481375,0.9764126584618804,0.02943359375,-0.0096484375,-0.08611328125,0.53515625,0.0390625,9.46484375
101,271000000,imu2_frame,-0.01027803788187883,-0.02573334671851788,-0.2144614846190086,0.9763392998435401,-0.0018164062499999999,0.0020703125,-0.06658203125,0.53515625,0.0390625,9.46484375
101,291000000,imu2_frame,-0.010310363787184265,-0.0258195272301266,-0.2151167870569407,0.9761925098762475,-0.01158203125,-0.0076953125,-0.09978515625,0.53515625,0.0390625,9.46484375
101,311000000,imu2_frame,-0.010348160813000688,-0.02572444741201203,-0.21556044083859408,0.9760967496711614,-0.01548828125,0.0098828125,-0.07830078125,0.53515625,0.0390625,9.46484375
101,331000000,imu2_frame,-0.010381348377884342,-0.025611435851791358,-0.21599955266215456,0.9760022926249793,-0.01548828125,0.0098828125,-0.07830078125,0.49609375,0.0390625,9.421875
101,351000000,imu2_frame,-0.0104696541550885,-0.02566567076604174,-0.216469354394449,0.975895833731271,-0.01744140625,-0.0076953125,-0.08220703125,0.49609375,0.0390625,9.421875
101,371000000,imu2_frame,-0.00997909284428453,-0.025647335420195497,-0.21651447819637026,0.9758914451019656,0.03919921875,0.0118359375,-0.03923828125,0.49609375,0.0390625,9.421875
101,391000000,imu2_frame,-0.010085938708576991,-0.02569500192746818,-0.2164377084555722,0.9759061220603215,-0.01744140625,-0.0076953125,-0.02556640625,0.49609375,0.0390625,9.421875
101,411000000,imu2_frame,-0.010295034665623518,-0.025740502632048145,-0.2163555322430037,0.9759209611712056,-0.01744140625,-0.0076953125,-0.02556640625,0.53515625,-0.15234375,9.421875
101,431000000,imu2_frame,-0.010119820615749219,-0.025692981000111557,-0.21645853768729198,0.9759012047437549,0.01771484375,0.0098828125,-0.04509765625,0.53515625,-0.15234375,9.421875
101,451000000,imu2_frame,-0.010339078361571784,-0.02569660126483031,-0.21637647491389397,0.9759170094049529,-0.01939453125,-0.0037890625,-0.02556640625,0.53515625,-0.15234375,9.421875
101,471000000,imu2_frame,-0.010424498664727968,-0.02572939298181837,-0.21627145152051344,0.9759385162096977,-0.00572265625,-0.0037890625,-0.02361328125,0.53515625,-0.15234375,9.421875
101,491000000,imu2_frame,-0.010488277292939278,-0.02576521134870218,-0.21616695691769322,0.9759600384547144,-0.00572265625,-0.0037890625,-0.02361328125,0.53515625,-0.11328125,9.46484375
101,511000000,imu2_frame,-0.010591617771010971,-0.02579192723265394,-0.21606067014855684,0.9759817523589132,-0.00572265625,-0.0037890625,-0.02361328125,0.53515625,-0.19140625,9.4609375
101,531000000,imu2_frame,-0.010161440709403828,-0.02601565561284176,-0.21602166335164436,0.975989022350422,0.05091796875,-0.0116015625,-0.03142578125,0.53515625,-0.19140625,9.4609375
101,551000000,imu2_frame,-0.010863381567240791,-0.02586853596858445,-0.21592889662467665,0.9760059002845303,-0.06822265625,0.0001171875,-0.02361328125,0.53515625,-0.19140625,9.4609375
101,571000000,imu2_frame,-0.011603484796720576,-0.02573564887166374,-0.21582468692765902,0.9760239443939399,-0.06822265625,0.0001171875,-0.02361328125,0.57421875,-0.26953125,9.42578125
101,591000000,imu2_frame,-0.0115238621137524,-0.02574267377397111,-0.21541847125526714,0.9761144387780533,0.01576171875,0.0040234375,0.00568359375,0.57421875,-0.26953125,9.42578125
101,611000000,imu2_frame,-0.011643160662349602,-0.025708046156434402,-0.2153786158214604,0.9761227305105855,-0.00572265625,0.0040234375,-0.03142578125,0.57421875,-0.26953125,9.42578125
101,631000000,imu2_frame,-0.01148169584572691,-0.02573462896779929,-0.2152019240478636,0.9761629123350741,0.02357421875,0.0040234375,-0.01775390625,0.57421875,-0.26953125,9.42578125
101,651000000,imu2_frame,-0.01107121432424156,-0.025752820349750526,-0.21504004149912764,0.976202848289982,0.02357421875,0.0040234375,-0.01775390625,0.4609375,0.19140625,9.5
101,671000000,imu2_frame,-0.01100302899389473,-0.025733817736683536,-0.21454889988274486,0.9763121803689425,-0.00962890625,0.0001171875,0.01740234375,0.4609375,0.19140625,9.5
101,691000000,imu2_frame,-0.010900118947604905,-0.02570559605778168,-0.214535933920534,0.9763169274344713,-0.00767578125,0.0020703125,-0.03142578125,0.4609375,0.19140625,9.5
101,711000000,imu2_frame,-0.010804923804957846,-0.025815365976651794,-0.21465452882353941,0.9762890216306874,-0.00572265625,-0.0116015625,-0.04509765625,0.4609375,0.19140625,9.5
101,731000000,imu2_frame,-0.010857612392491108,-0.025932532910929725,-0.21476690749860755,0.9762606165535116,-0.00572265625,-0.0116015625,-0.04509765625,0.53515625,-0.078125,9.46484375
101,751000000,imu2_frame,-0.010941419384995009,-0.025922865349961535,-0.21487970609285337,0.9762351163031058,-0.01158203125,0.0001171875,-0.04509765625,0.53515625,-0.078125,9.46484375
101,771000000,imu2_frame,-0.010844950627115926,-0.025992151046577698,-0.2149495293459595,0.9762189790020566,0.00794921875,-0.0037890625,-0.04119140625,0.53515625,-0.078125,9.46484375
101,791000000,imu2_frame,-0.010796100336615948,-0.026110470167273157,-0.21515170932691502,0.9761718237784127,0.00404296875,-0.0096484375,-0.05486328125,0.53515625,-0.078125,9.46484375
101,811000000,imu2_frame,-0.010757362232840687,-0.026185398552875726,-0.21535188010765158,0.9761261044529637,0.00404296875,-0.0096484375,-0.05486328125,0.4609375,-0.11328125,9.46484375
101,831000000,imu2_frame,-0.010731373436032981,-0.02615871302368122,-0.21572255691345868,0.9760452539692208,0.00013671875,0.0001171875,-0.07244140625,0.4609375,-0.11328125,9.46484375
101,851000000,imu2_frame,-0.010623312625782564,-0.026072961708026362,-0.21643060696142236,0.9758919705925124,0.00599609375,0.0079296875,-0.10759765625,0.4609375,-0.11328125,9.46484375
101,871000000,imu2_frame,-0.010630942671537412,-0.025958881235276725,-0.21637937443714855,0.9759062894874259,-0.00376953125,0.0079296875,-0.02947265625,0.4609375,-0.11328125,9.46484375
101,891000000,imu2_frame,-0.010775441791220012,-0.025899194928092305,-0.2163230283255627,0.9759187819549014,-0.00376953125,0.0079296875,-0.02947265625,0.61328125,-0.34375,9.421875
101,911000000,imu2_frame,-0.011353021720375238,-0.0259015218597958,-0.21607842109429065,0.9759663600762896,-0.04478515625,-0.0076953125,-0.00994140625,0.61328125,-0.34375,9.421875
101,931000000,imu2_frame,-0.011489255608726845,-0.025826703182912324,-0.21660016773331486,0.9758510878951557,-0.00572265625,0.0098828125,-0.09001953125,0.61328125,-0.34375,9.421875
101,951000000,imu2_frame,-0.011408058760905662,-0.02577765099264828,-0.21656504969167742,0.975861131594373,0.01771484375,0.0118359375,-0.03337890625,0.61328125,-0.34375,9.421875
101,971000000,imu2_frame,-0.01120426835805627,-0.025735197490630184,-0.21653693568959548,0.975870851835856,0.01771484375,0.0118359375,-0.03337890625,0.57421875,-0.11328125,9.42578125
101,991000000,imu2_frame,-0.010981886960952609,-0.025760036504530022,-0.2170586665202115,0.9757568108737597,0.01966796875,0.0059765625,-0.09001953125,0.57421875,-0.11328125,9.42578125
102,11000000,imu2_frame,-0.011165929361804225,-0.0257924830602295,-0.21735484253475817,0.9756879328277898,-0.01939453125,-0.0037890625,-0.06658203125,0.57421875,-0.11328125,9.42578125
102,31000000,imu2_frame,-0.011709262384542752,-0.025822619302703728,-0.21745912795222053,0.9756575286323668,-0.05455078125,-0.0116015625,-0.04705078125,0.57421875,-0.11328125,9.42578125
102,51000000,imu2_frame,-0.01226708116084175,-0.025848449875693666,-0.21755316771126434,0.9756290255920085,-0.05455078125,-0.0116015625,-0.04705078125,0.57421875,-0.15234375,9.42578125
102,71000000,imu2_frame,-0.012475433309621791,-0.02596817555153209,-0.21723675723377275,0.975693706410376,-0.01744140625,-0.0135546875,-0.00603515625,0.57421875,-0.15234375,9.42578125
102,91000000,imu2_frame,-0.012320204880483054,-0.026052369875287126,-0.2175035343693107,0.9756339985427129,0.01576171875,-0.0018359375,-0.06658203125,0.57421875,-0.15234375,9.42578125
102,111000000,imu2_frame,-0.012501415452097491,-0.025946520123194455,-0.21841824740901886,0.9754301419906828,-0.02330078125,0.0098828125,-0.13298828125,0.57421875,-0.15234375,9.42578125
102,131000000,imu2_frame,-0.012707414682185895,-0.02577356842492654,-0.2193199867291878,0.9752297104804845,-0.02330078125,0.0098828125,-0.13298828125,0.4609375,-0.23046875,9.4609375
102,151000000,imu2_frame,-0.012792848843083533,-0.025629203581089784,-0.22021533724173728,0.975030610896799,-0.02330078125,0.0098828125,-0.13298828125,0.4609375,0.0,9.46484375
102,171000000,imu2_frame,-0.012918087785491195,-0.025570932912019267,-0.22036336581724064,0.9749970448179176,-0.02330078125,0.0001171875,-0.05681640625,0.4609375,0.0,9.46484375
102,191000000,imu2_frame,-0.012938662685516689,-0.025660011229088543,-0.2211084404553271,0.9748257343705318,-0.01158203125,-0.0116015625,-0.11931640625,0.4609375,0.0,9.46484375
102,211000000,imu2_frame,-0.013032734698309451,-0.02571035902963717,-0.22184235102096111,0.9746563992291557,-0.01158203125,-0.0116015625,-0.11931640625,0.421875,-0.15234375,9.4609375
102,231000000,imu2_frame,-0.013123989483510151,-0.02584415525952438,-0.22256803197481886,0.974486178291829,-0.01158203125,-0.0116015625,-0.11931640625,0.57421875,-0.11328125,9.42578125
102,251000000,imu2_frame,-0.013184544906397463,-0.0258603076392026,-0.22272123799469334,0.9744499281186941,-0.00962890625,0.0001171875,-0.06072265625,0.57421875,-0.11328125,9.42578125
102,271000000,imu2_frame,-0.013252643731075452,-0.025956317877464184,-0.2232099650029628,0.9743346183523182,-0.00962890625,-0.0076953125,-0.09587890625,0.57421875,-0.11328125,9.42578125
102,291000000,imu2_frame,-0.013418659488554538,-0.026028846913680303,-0.22368828213524178,0.9742207096655556,-0.00962890625,-0.0076953125,-0.09587890625,0.57421875,-0.3046875,9.421875
102,311000000,imu2_frame,-0.013553848038591223,-0.02606281094996492,-0.22416033868452323,0.9741094218051548,-0.00962890625,-0.0076953125,-0.09587890625,0.49609375,-0.26953125,9.50390625
102,331000000,imu2_frame,-0.013734062890618052,-0.02626222029801032,-0.22433962908817714,0.9740602661653509,-0.00962890625,-0.0252734375,-0.06658203125,0.49609375,-0.26953125,9.50390625
102,351000000,imu2_frame,-0.013343005036737679,-0.02625520816172332,-0.2247405607215696,0.9739734640263711,0.04115234375,0.0079296875,-0.09001953125,0.49609375,-0.26953125,9.50390625
102,371000000,imu2_frame,-0.012760288801019653,-0.026294196282931805,-0.22515233059480283,0.9738851155548471,0.04115234375,0.0079296875,-0.09001953125,0.49609375,0.11328125,9.46484375
102,391000000,imu2_frame,-0.012390188715813542,-0.02632769614805042,-0.22555971574966363,0.9737947166985726,0.04115234375,0.0079296875,-0.09001953125,0.57421875,-0.26953125,9.42578125
102,411000000,imu2_frame,-0.012742871166651874,-0.026272470795057817,-0.22578737103153115,0.9737388970331948,-0.03111328125,0.0001171875,-0.07048828125,0.57421875,-0.26953125,9.42578125
102,431000000,imu2_frame,-0.013025569422769468,-0.02625223732131541,-0.22583673367892462,0.9737242547549447,-0.02330078125,-0.0018359375,-0.05291015625,0.57421875,-0.26953125,9.42578125
102,451000000,imu2_frame,-0.013363644172884135,-0.02621898088401929,-0.22587874043471062,0.9737108260030042,-0.02330078125,-0.0018359375,-0.05291015625,0.57421875,-0.3828125,9.42578125
102,471000000,imu2_frame,-0.01354547809974039,-0.02615944517539682,-0.22592183288795106,0.9736999172618398,-0.02330078125,-0.0018359375,-0.05291015625,0.4609375,-0.11328125,9.46484375
102,491000000,imu2_frame,-0.013587563105582724,-0.026129014668661424,-0.22548897042910748,0.9738004810720304,-0.00767578125,-0.0018359375,-0.00408203125,0.4609375,-0.11328125,9.46484375
102,511000000,imu2_frame,-0.013371614118937076,-0.025962109689857658,-0.22532466293972464,0.9738459657807315,0.01380859375,0.0176953125,-0.03142578125,0.4609375,-0.11328125,9.46484375
102,531000000,imu2_frame,-0.013251736267919341,-0.02583627468031581,-0.22516164832463256,0.973888654066913,0.01380859375,0.0176953125,-0.03142578125,0.57421875,-0.26953125,9.4609375
102,551000000,imu2_frame,-0.013080331521378535,-0.025663501826250663,-0.22500433461403255,0.9739318964928716,0.01380859375,0.0176953125,-0.03142578125,0.4609375,-0.19140625,9.42578125
102,571000000,imu2_frame,-0.012811535931606558,-0.025969160019293523,-0.22453927513763922,0.9740346919877285,0.03529296875,-0.0272265625,-0.00017578125,0.4609375,-0.19140625,9.42578125
102,591000000,imu2_frame,-0.012678929923835822,-0.025882560310474423,-0.22392123464022395,0.9741809988318182,0.01380859375,0.0079296875,0.01740234375,0.4609375,-0.19140625,9.42578125
102,611000000,imu2_frame,-0.012595949169066983,-0.025824692346501563,-0.22330927719213284,0.9743240703429563,0.01380859375,0.0079296875,0.01740234375,0.53515625,-0.26953125,9.46484375
102,631000000,imu2_frame,-0.012322081395453491,-0.02575199119908319,-0.22271273826372,0.9744660268446725,0.01380859375,0.0079296875,0.01740234375,0.421875,0.078125,9.3828125
102,651000000,imu2_frame,-0.01251785475009079,-0.02577397383794533,-0.22248603487185922,0.9745147355848728,-0.03111328125,-0.0116015625,-0.01970703125,0.421875,0.078125,9.3828125
102,671000000,imu2_frame,-0.012534571294158565,-0.02589612036359914,-0.22231183120627016,0.9745510377493323,-0.01158203125,-0.0174609375,-0.02556640625,0.421875,0.078125,9.3828125
102,691000000,imu2_frame,-0.012691718457871877,-0.026086319939090944,-0.22213299017898688,0.9745847109763028,-0.01158203125,-0.0174609375,-0.02556640625,0.61328125,-0.15234375,9.46484375
102,711000000,imu2_frame,-0.012873608757836295,-0.02620560691634781,-0.2219515993992958,0.9746204511951257,-0.01158203125,-0.0174609375,-0.02556640625,0.49609375,-0.23046875,9.4609375
102,731000000,imu2_frame,-0.012746340296370702,-0.02613772463512145,-0.2220157608990204,0.9746093330521604,0.01380859375,0.0079296875,-0.05095703125,0.49609375,-0.23046875,9.4609375
102,751000000,imu2_frame,-0.012687058338947748,-0.026094500011396383,-0.22202477794671496,0.9746092107083594,0.00794921875,0.0040234375,-0.04509765625,0.49609375,-0.23046875,9.4609375
102,771000000,imu2_frame,-0.012530374422213256,-0.02607511617023489,-0.22203907854646662,0.9746084986453709,0.00794921875,0.0040234375,-0.04509765625,0.49609375,-0.0390625,9.421875
102,791000000,imu2_frame,-0.012478617383924327,-0.02605326954581224,-0.22205114593620587,0.9746069976367792,0.00794921875,0.0040234375,-0.04509765625,0.53515625,-0.23046875,9.42578125
102,811000000,imu2_frame,-0.012570539099447975,-0.02633727173553991,-0.22224749636720692,0.9745534259458462,0.00013671875,-0.0291796875,-0.06462890625,0.53515625,-0.23046875,9.42578125
102,831000000,imu2_frame,-0.012129508385061057,-0.026341547079007925,-0.22221507310484603,0.9745662928753637,0.04701171875,0.0098828125,-0.04119140625,0.53515625,-0.23046875,9.42578125
102,851000000,imu2_frame,-0.011761893319137047,-0.026288351908390534,-0.22218640048508212,0.9745787725263528,0.04701171875,0.0098828125,-0.04119140625,0.4609375,-0.3828125,9.46484375
102,871000000,imu2_frame,-0.011550898995049666,-0.026200132076284962,-0.2220901147057523,0.9746056180638285,0.03138671875,0.0098828125,-0.03337890625,0.4609375,-0.3828125,9.46484375
102,891000000,imu2_frame,-0.011488362513150115,-0.026179918266892647,-0.22226213837706627,0.9745676842838363,0.01771484375,0.0001171875,-0.06072265625,0.4609375,-0.3828125,9.46484375
102,911000000,imu2_frame,-0.01165706350055862,-0.026006810177396686,-0.22217407981118137,0.9745903944504049,-0.00767578125,0.0098828125,-0.03337890625,0.4609375,-0.3828125,9.46484375
102,931000000,imu2_frame,-0.011705800646176278,-0.02586258078962563,-0.22208989442794141,0.9746128359195347,-0.00767578125,0.0098828125,-0.03337890625,0.4609375,-0.15234375,9.46484375
102,951000000,imu2_frame,-0.01169655134113355,-0.025735046001104853,-0.22200861359848376,0.9746348411493015,-0.00767578125,0.0098828125,-0.03337890625,0.4609375,-0.0390625,9.38671875
102,971000000,imu2_frame,-0.01156628791932158,-0.025717082583758533,-0.22217083447464217,0.9745999040406215,0.00599609375,0.0020703125,-0.05876953125,0.4609375,-0.0390625,9.38671875
102,991000000,imu2_frame,-0.0116267685374113,-0.025714009593738405,-0.22207044514281654,0.9746221449146649,-0.01158203125,-0.0037890625,-0.03142578125,0.4609375,-0.0390625,9.38671875
103,15000000,imu2_frame,-0.011807490245738796,-0.02569050280594052,-0.22202659969085922,0.9746305814355456,-0.01158203125,-0.0037890625,-0.03142578125,0.4609375,-0.23046875,9.42578125
103,31000000,imu2_frame,-0.01179572573839631,-0.02550415573128983,-0.22183065820627168,0.9746802337046294,0.00208984375,0.0196484375,-0.02751953125,0.4609375,-0.23046875,9.42578125
103,51000000,imu2_frame,-0.011740353483238446,-0.025408765421553913,-0.22165058706141497,0.97472435898318,0.00794921875,0.0079296875,-0.02361328125,0.4609375,-0.23046875,9.42578125
103,71000000,imu2_frame,-0.01162968247890112,-0.025426526059925295,-0.22154622684881037,0.9747489479999553,0.01576171875,-0.0018359375,-0.03142578125,0.4609375,-0.23046875,9.42578125
103,91000000,imu2_frame,-0.011365003245212944,-0.025498454221126707,-0.22145133239187131,0.9747717542663177,0.01576171875,-0.0018359375,-0.03142578125,0.49609375,0.078125,9.421875
103,111000000,imu2_frame,-0.011393305899354968,-0.02556539330270462,-0.22134876987024496,0.9747929653638722,0.01576171875,-0.0018359375,-0.03142578125,0.61328125,-0.4609375,9.46484375
103,131000000,imu2_frame,-0.011630540067626195,-0.02548819740740751,-0.2217980415789746,0.9746900589840792,-0.00962890625,0.0079296875,-0.08806640625,0.61328125,-0.4609375,9.46484375
103,151000000,imu2_frame,-0.011687124093987929,-0.02540868951418293,-0.22152136335970288,0.9747543768574944,0.00990234375,0.0118359375,-0.01384765625,0.61328125,-0.4609375,9.46484375
103,171000000,imu2_frame,-0.011600406477332091,-0.025341452151848985,-0.2212528006400791,0.9748181571869277,0.00990234375,0.0118359375,-0.01384765625,0.57421875,-0.19140625,9.46484375
103,191000000,imu2_frame,-0.01149531476004425,-0.025279294179639564,-0.22100692172075403,0.9748767899462287,0.01185546875,0.0118359375,-0.01580078125,0.57421875,-0.19140625,9.46484375
103,211000000,imu2_frame,-0.011861986292761882,-0.025347910961005915,-0.2205771031222591,0.9749679575602962,-0.03111328125,-0.0116015625,0.00373046875,0.57421875,-0.19140625,9.46484375
103,231000000,imu2_frame,-0.011939041841093392,-0.02530295960102922,-0.2202402810193523,0.9750443262395111,-0.00572265625,0.0059765625,-0.00603515625,0.57421875,-0.19140625,9.46484375
103,251000000,imu2_frame,-0.01189933413585461,-0.025202581579981086,-0.21991033310250377,0.975121880137849,-0.00572265625,0.0059765625,-0.00603515625,0.421875,0.0,9.4609375
103,271000000,imu2_frame,-0.011704371986367474,-0.02523909522196496,-0.2198638531265631,0.9751337763800013,0.01185546875,-0.0037890625,-0.03533203125,0.421875,0.0,9.4609375
103,291000000,imu2_frame,-0.011746170082902394,-0.025403128586681135,-0.22023511713667615,0.9750452306053226,-0.00962890625,-0.0213671875,-0.07830078125,0.421875,0.0,9.4609375
103,311000000,imu2_frame,-0.011852427039092913,-0.025349600819801643,-0.22009676776633721,0.9750765767519854,-0.01939453125,-0.0018359375,-0.02556640625,0.421875,0.0,9.4609375
103,331000000,imu2_frame,-0.012045156462256377,-0.025318162698644616,-0.21995456911882985,0.9751071184065445,-0.01939453125,-0.0018359375,-0.02556640625,0.49609375,-0.15234375,9.421875
103,351000000,imu2_frame,-0.01226984399242553,-0.02550069760596172,-0.22029769693468462,0.9750220972241012,-0.01939453125,-0.0233203125,-0.07634765625,0.49609375,-0.15234375,9.421875
103,371000000,imu2_frame,-0.012128172925457602,-0.025324609196501563,-0.2201663705055312,0.9750581218004165,0.00990234375,0.0196484375,-0.02751953125,0.49609375,-0.15234375,9.421875
103,391000000,imu2_frame,-0.012553542187543097,-0.025363537581992734,-0.22064241293886216,0.9749441138610916,-0.04283203125,-0.0135546875,-0.09001953125,0.49609375,-0.15234375,9.421875
103,411000000,imu2_frame,-0.012945165616762079,-0.02536792550395438,-0.22110831104965414,0.9748333220748816,-0.04283203125,-0.0135546875,-0.09001953125,0.421875,-0.11328125,9.4609375
103,431000000,imu2_frame,-0.013406133092052382,-0.025417165772702442,-0.2215607060142302,0.9747230872561073,-0.04283203125,-0.0135546875,-0.09001953125,0.53515625,-0.23046875,9.4609375
103,451000000,imu2_frame,-0.013453263551026086,-0.025242453551247174,-0.22206017413172868,0.9746133116796251,-0.00767578125,0.0176953125,-0.09587890625,0.53515625,-0.23046875,9.4609375
103,471000000,imu2_frame,-0.012982529393967903,-0.025299416147760632,-0.22169732900047462,0.9747008196298865,0.05091796875,0.0059765625,-0.00798828125,0.53515625,-0.23046875,9.4609375
103,491000000,imu2_frame,-0.012442445128601326,-0.025391997006156727,-0.221348280189056,0.9747847818388469,0.05091796875,0.0059765625,-0.00798828125,0.57421875,-0.078125,9.5
103,511000000,imu2_frame,-0.011913328765668748,-0.02550558817428892,-0.22101033183315427,0.9748651038952024,0.05091796875,0.0059765625,-0.00798828125,0.61328125,-0.078125,9.421875
103,531000000,imu2_frame,-0.011517420857579374,-0.025610444619650344,-0.2210051650802355,0.9748682840009881,0.03724609375,0.0040234375,-0.04119140625,0.61328125,-0.078125,9.421875
103,551000000,imu2_frame,-0.011607204987932959,-0.025781059205913677,-0.2206304902244423,0.9749475865716637,-0.00767578125,-0.0135546875,-0.00212890625,0.61328125,-0.078125,9.421875
103,571000000,imu2_frame,-0.011822810417209067,-0.025877715920230204,-0.2202519244846202,0.9750280276655702,-0.00767578125,-0.0135546875,-0.00212890625,0.53515625,-0.34375,9.46484375
103,591000000,imu2_frame,-0.01167828563968203,-0.026033323264772864,-0.21988917008254066,0.9751075000248544,-0.00767578125,-0.0135546875,-0.00212890625,0.49609375,0.34375,9.46484375
103,611000000,imu2_frame,-0.011298699391853554,-0.026043603791432657,-0.21974037918392056,0.9751452383361743,0.01185546875,0.0059765625,-0.02361328125,0.49609375,0.34375,9.46484375
103,631000000,imu2_frame,-0.011135825214250397,-0.02598647528575603,-0.21958931037650786,0.9751826655900884,0.01185546875,0.0059765625,-0.02361328125,0.4609375,-0.078125,9.46484375
103,651000000,imu2_frame,-0.010997354466219482,-0.0259448646289356,-0.2194413479333709,0.9752186508733904,0.01185546875,0.0059765625,-0.02361328125,0.49609375,-0.11328125,9.421875
103,671000000,imu2_frame,-0.010806092493575203,-0.025935615590065266,-0.21929941147787962,0.9752529622279752,0.01185546875,0.0059765625,-0.02361328125,0.53515625,0.0,9.46484375
103,691000000,imu2_frame,-0.010775098923179807,-0.025930583952879074,-0.21920063821037472,0.9752756442499848,-0.00376953125,0.0020703125,-0.02751953125,0.53515625,0.0,9.46484375
103,711000000,imu2_frame,-0.010838989077245603,-0.02588434616604874,-0.21909911922948938,0.9752989761566457,-0.00376953125,0.0020703125,-0.02751953125,0.49609375,-0.19140625,9.42578125
103,731000000,imu2_frame,-0.010823271133423368,-0.025855268939388613,-0.21900114527068337,0.9753219264633465,-0.00376953125,0.0020703125,-0.02751953125,0.49609375,-0.0390625,9.46484375
103,751000000,imu2_frame,-0.01082782914059944,-0.025821956921878227,-0.21890353726574532,0.9753446703752326,-0.00376953125,0.0020703125,-0.02751953125,0.49609375,-0.078125,9.46484375
103,771000000,imu2_frame,-0.010727462715776336,-0.025831507655828322,-0.218654235972035,0.9754014454814972,0.00794921875,0.0001171875,-0.01189453125,0.49609375,-0.078125,9.46484375
103,791000000,imu2_frame,-0.010731010735990528,-0.02583889523479323,-0.2184043984154771,0.9754571828913882,0.00794921875,0.0001171875,-0.01189453125,0.53515625,-0.26953125,9.46484375
103,811000000,imu2_frame,-0.010739814442828285,-0.025867371289060595,-0.21815670270864845,0.9755117572595514,0.00794921875,0.0001171875,-0.01189453125,0.57421875,-0.26953125,9.42578125
103,831000000,imu2_frame,-0.010761361760658153,-0.02587047921459172,-0.2179105588289569,0.9755664507090818,0.00794921875,0.0001171875,-0.01189453125,0.53515625,-0.3046875,9.4609375
103,851000000,imu2_frame,-0.010709855035620738,-0.025951101350684156,-0.21804215962812784,0.9755354714045537,0.01576171875,-0.0057421875,-0.05095703125,0.53515625,-0.3046875,9.4609375
103,871000000,imu2_frame,-0.010708939314000137,-0.026063128352591787,-0.21817099041920446,0.97550369086885,0.01576171875,-0.0057421875,-0.05095703125,0.61328125,-0.3828125,9.421875
103,891000000,imu2_frame,-0.010508194059943701,-0.02611412790212309,-0.21830679280374904,0.975474127999944,0.01576171875,-0.0057421875,-0.05095703125,0.421875,-0.0390625,9.4609375
103,911000000,imu2_frame,-0.010334059476124343,-0.026179931189256978,-0.2184431958693162,0.9754436880702387,0.01576171875,-0.0057421875,-0.05095703125,0.4609375,-0.078125,9.46484375
103,931000000,imu2_frame,-0.010482061934595185,-0.02615282327967125,-0.2184339406503761,0.9754449086360797,-0.01744140625,-0.0037890625,-0.03533203125,0.4609375,-0.078125,9.46484375
103,951000000,imu2_frame,-0.010632584735229602,-0.02614418854744801,-0.21842244860594448,0.9754460843593701,-0.01744140625,-0.0037890625,-0.03533203125,0.49609375,-0.078125,9.46484375
103,971000000,imu2_frame,-0.01071737177272407,-0.02613231432762494,-0.21841156180075422,0.9754479123776537,-0.01744140625,-0.0037890625,-0.03533203125,0.4609375,0.0390625,9.421875
103,991000000,imu2_frame,-0.010939141785835885,-0.02608769565830358,-0.2183934706180122,0.9754506954755061,-0.01744140625,-0.0037890625,-0.03533203125,0.4609375,-0.23046875,9.5
104,11000000,imu2_frame,-0.011120251727437792,-0.026031816294386455,-0.21824000224035275,0.9754844878131402,-0.01353515625,-0.0018359375,-0.02166015625,0.4609375,-0.23046875,9.5
104,31000000,imu2_frame,-0.011243439083155435,-0.02600800066379073,-0.21808788196424214,0.9755177316273684,-0.01353515625,-0.0018359375,-0.02166015625,0.49609375,-0.11328125,9.50390625
104,51000000,imu2_frame,-0.011365836064372284,-0.025985532942494075,-0.21793537900675947,0.975550993247115,-0.01353515625,-0.0018359375,-0.02166015625,0.49609375,-0.11328125,9.46484375
104,71000000,imu2_frame,-0.011464864641056465,-0.025949371782768786,-0.21778343227403368,0.9755847290777893,-0.01353515625,-0.0018359375,-0.02166015625,0.4609375,-0.078125,9.46484375
104,91000000,imu2_frame,-0.011587322482810313,-0.025969167105849053,-0.21789504519296912,0.9755578330359824,-0.01548828125,-0.0076953125,-0.04900390625,0.4609375,-0.078125,9.46484375
104,111000000,imu2_frame,-0.011727082779016726,-0.0259858524872459,-0.21800285661997093,0.9755316322424085,-0.01548828125,-0.0076953125,-0.04900390625,0.4609375,-0.11328125,9.421875
104,131000000,imu2_frame,-0.011909718220699039,-0.02601152533760227,-0.21810557059044633,0.9755057761176664,-0.01548828125,-0.0076953125,-0.04900390625,0.49609375,-0.19140625,9.42578125
104,151000000,imu2_frame,-0.01217361737900536,-0.02603976073846424,-0.2182008477043818,0.9754804580111702,-0.01548828125,-0.0076953125,-0.04900390625,0.53515625,-0.34375,9.421875
104,171000000,imu2_frame,-0.012174757907991295,-0.026062611646096485,-0.2176660611148201,0.9755993037014868,0.01185546875,-0.0018359375,0.01544921875,0.53515625,-0.34375,9.421875
104,191000000,imu2_frame,-0.012033768134942406,-0.02609451694837683,-0.21714249469942004,0.9757168654919406,0.01185546875,-0.0018359375,0.01544921875,0.49609375,-0.078125,9.46484375
104,211000000,imu2_frame,-0.011928996931997098,-0.026100416966974925,-0.21662436181722386,0.9758331584516008,0.01185546875,-0.0018359375,0.01544921875,0.4609375,-0.15234375,9.421875
104,231000000,imu2_frame,-0.011828701349239901,-0.026123245290861477,-0.2161126456001033,0.9759472231076782,0.01185546875,-0.0018359375,0.01544921875,0.49609375,-0.15234375,9.46484375
104,251000000,imu2_frame,-0.012038087448050674,-0.026117495296594788,-0.2156668549349,0.9760434255567292,-0.01939453125,-0.0057421875,0.00958984375,0.49609375,-0.15234375,9.46484375
104,271000000,imu2_frame,-0.01125203096305618,-0.02609348676006529,-0.2152148781218398,0.9761532041554289,0.07826171875,0.0176953125,0.00958984375,0.49609375,-0.15234375,9.46484375
104,291000000,imu2_frame,-0.010529722751083052,-0.026036834238581563,-0.2147766041198665,0.9762592988158199,0.07826171875,0.0176953125,0.00958984375,0.4609375,-0.26953125,9.50390625
104,311000000,imu2_frame,-0.009853921949176123,-0.025972624290696387,-0.21435186536471615,0.9763614089179993,0.07826171875,0.0176953125,0.00958984375,0.4609375,-0.34375,9.46484375
104,331000000,imu2_frame,-0.01004084876393514,-0.025921355561516535,-0.21455299300072478,0.9763166893361929,-0.00767578125,-0.0018359375,-0.05291015625,0.4609375,-0.34375,9.46484375
104,351000000,imu2_frame,-0.010004324762768517,-0.025899363872643324,-0.21475899385150737,0.9762723549281326,-0.00767578125,-0.0018359375,-0.05291015625,0.421875,0.078125,9.42578125
104,371000000,imu2_frame,-0.010213756833594668,-0.025862546923248728,-0.21495306322568272,0.9762284509518675,-0.00767578125,-0.0018359375,-0.05291015625,0.49609375,-0.3828125,9.46484375
104,391000000,imu2_frame,-0.010264747511909015,-0.02586194757027277,-0.21514892167978925,0.9761847858507184,-0.00767578125,-0.0018359375,-0.05291015625,0.49609375,-0.078125,9.421875
104,411000000,imu2_frame,-0.010401868165508123,-0.02570334882351249,-0.21525112943817945,0.9761649913173042,-0.01939453125,0.0118359375,-0.04314453125,0.49609375,-0.078125,9.421875
104,431000000,imu2_frame,-0.010659096511252474,-0.025540663212594822,-0.21534543023939304,0.9761456878249452,-0.01939453125,0.0118359375,-0.04314453125,0.53515625,-0.3046875,9.42578125
104,451000000,imu2_frame,-0.010738473836822696,-0.025333459665835726,-0.2154426170885098,0.9761287721110721,-0.01939453125,0.0118359375,-0.04314453125,0.3828125,0.0,9.54296875
104,471000000,imu2_frame,-0.01083955155643577,-0.02522966772045791,-0.21553742936698986,0.976109412171935,-0.01939453125,0.0118359375,-0.04314453125,0.57421875,0.0,9.42578125
104,491000000,imu2_frame,-0.010473736221380597,-0.025174384234964705,-0.21638160747733476,0.9759280461045681,0.02552734375,0.0176953125,-0.12126953125,0.57421875,0.0,9.42578125
104,511000000,imu2_frame,-0.010180920739086729,-0.02506047613442088,-0.21722008450826114,0.9757477933744173,0.02552734375,0.0176953125,-0.12126953125,0.49609375,-0.15234375,9.46484375
104,531000000,imu2_frame,-0.009853052404858412,-0.024955955307524032,-0.21805665118119927,0.9755672270677388,0.02552734375,0.0176953125,-0.12126953125,0.49609375,-0.078125,9.46484375
104,551000000,imu2_frame,-0.009592060180358892,-0.024860195170444674,-0.2188875707014414,0.9753861770960287,0.02552734375,0.0176953125,-0.12126953125,0.53515625,-0.19140625,9.42578125
104,571000000,imu2_frame,-0.009972994118599527,-0.024759650894177723,-0.2194735521628652,0.975253228129455,-0.03697265625,0.0040234375,-0.09587890625,0.53515625,-0.19140625,9.42578125
104,591000000,imu2_frame,-0.010320194756726868,-0.024624881515408807,-0.2200493857556547,0.975123262269491,-0.03697265625,0.0040234375,-0.09587890625,0.4609375,-0.15234375,9.50390625
104,611000000,imu2_frame,-0.010606190022582729,-0.024505840019877122,-0.22061701033048634,0.97499492680268,-0.03697265625,0.0040234375,-0.09587890625,0.4609375,-0.0390625,9.46484375
104,631000000,imu2_frame,-0.01093155622197,-0.024397628466016015,-0.22117322976230114,0.9748680214471662,-0.03697265625,0.0040234375,-0.09587890625,0.49609375,-0.11328125,9.46484375
104,651000000,imu2_frame,-0.010773532028212091,-0.024355780966059767,-0.2209792956579095,0.9749148054223531,0.01380859375,0.0079296875,-0.01970703125,0.49609375,-0.11328125,9.46484375
104,671000000,imu2_frame,-0.010599109808316196,-0.024318301252863276,-0.22079048012740257,0.9749604314948157,0.01380859375,0.0079296875,-0.01970703125,0.49609375,-0.078125,9.46484375
104,691000000,imu2_frame,-0.010510091701098491,-0.024284392235442976,-0.22060275682675046,0.9750047332944735,0.01380859375,0.0079296875,-0.01970703125,0.53515625,-0.23046875,9.42578125
104,711000000,imu2_frame,-0.010416840636672142,-0.02422974720682033,-0.22041843267140146,0.9750487799695595,0.01380859375,0.0079296875,-0.01970703125,0.49609375,-0.23046875,9.4609375
104,731000000,imu2_frame,-0.010607529122860527,-0.024293921975679797,-0.22101077108693895,0.9749110342715913,-0.01353515625,-0.0096484375,-0.09978515625,0.49609375,-0.23046875,9.4609375
104,751000000,imu2_frame,-0.0108129677218379,-0.02433583392068073,-0.22159348938958953,0.9747754471551782,-0.01353515625,-0.0096484375,-0.09978515625,0.4609375,-0.26953125,9.421875
104,771000000,imu2_frame,-0.011105509275782426,-0.024415861633331693,-0.22216365288275544,0.9746403668544712,-0.01353515625,-0.0096484375,-0.09978515625,0.57421875,-0.421875,9.50390625
104,791000000,imu2_frame,-0.011197648991931729,-0.0244393224631651,-0.22273163682615252,0.9745090816053681,-0.01353515625,-0.0096484375,-0.09978515625,0.3828125,-0.078125,9.421875
104,811000000,imu2_frame,-0.010895676431274703,-0.02438954105425629,-0.22257484676469586,0.9745495739622176,0.02552734375,0.0059765625,-0.02556640625,0.3828125,-0.078125,9.421875
104,831000000,imu2_frame,-0.010643785559584897,-0.024370539921889308,-0.2224224140751923,0.9745876339918546,0.02552734375,0.0059765625,-0.02556640625,0.4609375,-0.15234375,9.46484375
104,851000000,imu2_frame,-0.010242055038460597,-0.024405280705874218,-0.2222817804128712,0.9746231541876793,0.02552734375,0.0059765625,-0.02556640625,0.49609375,0.15234375,9.46484375
104,871000000,imu2_frame,-0.01001021026743426,-0.024443796612789313,-0.2221416313488235,0.9746565508522671,0.02552734375,0.0059765625,-0.02556640625,0.57421875,-0.15234375,9.4609375
104,891000000,imu2_frame,-0.010009961178869105,-0.02456978526139774,-0.22232686689851808,0.9746111483994501,0.00404296875,-0.0076953125,-0.05876953125,0.57421875,-0.15234375,9.4609375
104,911000000,imu2_frame,-0.009967330646551007,-0.02468427740407999,-0.2225117627520846,0.9745664955280275,0.00404296875,-0.0076953125,-0.05876953125,0.53515625,-0.078125,9.421875
104,931000000,imu2_frame,-0.009942141159587869,-0.02479116593342554,-0.22269453395734992,0.9745222914158214,0.00404296875,-0.0076953125,-0.05876953125,0.53515625,-0.11328125,9.50390625
104,951000000,imu2_frame,-0.009895430021121098,-0.024883235639643567,-0.2228765600302315,0.9744788063564491,0.00404296875,-0.0076953125,-0.05876953125,0.49609375,-0.078125,9.421875
104,971000000,imu2_frame,-0.009773610433079038,-0.025050079425724472,-0.22282914355040137,0.9744866047537348,0.01380859375,-0.0135546875,-0.03533203125,0.49609375,-0.078125,9.421875
104,991000000,imu2_frame,-0.009670531512074608,-0.025209892519679266,-0.2227829046755455,0.9744940838834,0.01380859375,-0.0135546875,-0.03533203125,0.49609375,-0.11328125,9.46484375
105,16000000,imu2_frame,-0.009620601116674706,-0.025390788519220164,-0.22281928774210627,0.9744815631414617,0.01380859375,-0.0135546875,-0.03533203125,0.49609375,-0.26953125,9.46484375
105,31000000,imu2_frame,-0.009562856545916716,-0.02548329085482642,-0.22268957462774824,0.9745093673300442,0.01380859375,-0.0135546875,-0.03533203125,0.4609375,-0.15234375,9.46484375
105,51000000,imu2_frame,-0.00942224279070342,-0.025490702194809246,-0.22289315342664884,0.9744640001549226,0.01576171875,0.0001171875,-0.06072265625,0.4609375,-0.15234375,9.46484375
105,71000000,imu2_frame,-0.009211099654125086,-0.02545101990378217,-0.22309987797323716,0.9744197481975341,0.01576171875,0.0001171875,-0.06072265625,0.34375,-0.0390625,9.46484375
105,91000000,imu2_frame,-0.009020460600896273,-0.025490937466641772,-0.22330720760421327,0.974372995535913,0.01576171875,0.0001171875,-0.06072265625,0.49609375,-0.0390625,9.421875
105,111000000,imu2_frame,-0.008909735522207607,-0.02551127022789446,-0.22351202210521506,0.9743265200530681,0.01576171875,0.0001171875,-0.06072265625,0.49609375,-0.19140625,9.4609375
105,131000000,imu2_frame,-0.00889729793159994,-0.025567504132625624,-0.22337713234800463,0.9743560938209023,0.00794921875,-0.0057421875,-0.02556640625,0.49609375,-0.19140625,9.4609375
105,151000000,imu2_frame,-0.00884932675263917,-0.025652320326608656,-0.22324511400142683,0.9743845580428582,0.00794921875,-0.0057421875,-0.02556640625,0.53515625,-0.11328125,9.46484375
105,171000000,imu2_frame,-0.00880178361477092,-0.02573624927069559,-0.22311488904790824,0.9744126027324436,0.00794921875,-0.0057421875,-0.02556640625,0.53515625,-0.11328125,9.46484375
105,191000000,imu2_frame,-0.008853846638863749,-0.02579778564618121,-0.2229822166630232,0.9744408728637637,0.00794921875,-0.0057421875,-0.02556640625,0.53515625,-0.3046875,9.42578125
105,211000000,imu2_frame,-0.009427370783536478,-0.02566097844610426,-0.22312136288117076,0.974407253817082,-0.04869140625,0.0020703125,-0.05291015625,0.53515625,-0.3046875,9.42578125
105,231000000,imu2_frame,-0.009853157346586995,-0.025536302713390524,-0.2232567611275491,0.9743753030249023,-0.04869140625,0.0020703125,-0.05291015625,0.49609375,-0.0390625,9.46484375
105,251000000,imu2_frame,-0.01031275238327718,-0.025404522734087807,-0.22338298221365074,0.9743450623984659,-0.04869140625,0.0020703125,-0.05291015625,0.49609375,-0.11328125,9.46484375
105,271000000,imu2_frame,-0.01075421411664738,-0.025298694280851595,-0.22350187355891143,0.9743157781038311,-0.04869140625,0.0020703125,-0.05291015625,0.53515625,-0.078125,9.46484375
105,291000000,imu2_frame,-0.010594914429422456,-0.02552892538086889,-0.22356511706407994,0.9742970082009158,0.01771484375,-0.0174609375,-0.04900390625,0.53515625,-0.078125,9.46484375
105,311000000,imu2_frame,-0.010495905692994672,-0.025744377675044845,-0.22362710733850147,0.9742781840137974,0.01771484375,-0.0174609375,-0.04900390625,0.53515625,-0.19140625,9.42578125
105,331000000,imu2_frame,-0.01037643158225824,-0.02596008967693134,-0.22369042168645117,0.9742592050667636,0.01771484375,-0.0174609375,-0.04900390625,0.53515625,-0.15234375,9.50390625
105,351000000,imu2_frame,-0.010324165142748466,-0.026181879495279562,-0.22375160461770288,0.9742397755333146,0.01771484375,-0.0174609375,-0.04900390625,0.57421875,-0.26953125,9.42578125
105,371000000,imu2_frame,-0.01046293213896707,-0.026178667233306113,-0.22368601700968113,0.9742534425021488,-0.00572265625,0.0001171875,-0.03533203125,0.57421875,-0.26953125,9.42578125
105,391000000,imu2_frame,-0.010559315255860428,-0.02618375125893113,-0.22362075108851195,0.974267248609922,-0.00572265625,0.0001171875,-0.03533203125,0.57421875,-0.19140625,9.46484375
105,411000000,imu2_frame,-0.010654690606940246,-0.026188881922716175,-0.22355464294736044,0.9742812436090447,-0.00572265625,0.0001171875,-0.03533203125,0.57421875,-0.19140625,9.46484375
105,431000000,imu2_frame,-0.010673040341944261,-0.02612930205562142,-0.22349084805802846,0.9742972783592534,-0.00572265625,0.0001171875,-0.03533203125,0.421875,-0.078125,9.4609375
105,451000000,imu2_frame,-0.010478664296961857,-0.025961897114399304,-0.22374848311001566,0.9742447299312119,0.01185546875,0.0157421875,-0.06853515625,0.421875,-0.078125,9.4609375
105,471000000,imu2_frame,-0.010295618462247311,-0.025835101157611964,-0.22400661555653315,0.9741907328524345,0.01185546875,0.0157421875,-0.06853515625,0.49609375,-0.078125,9.421875
105,491000000,imu2_frame,-0.010182253813515372,-0.025736176882136575,-0.22426244955960228,0.9741356808085286,0.01185546875,0.0157421875,-0.06853515625,0.57421875,-0.19140625,9.421875
105,511000000,imu2_frame,-0.01004475215408553,-0.025621471615451703,-0.22451879278662695,0.974081082267825,0.01185546875,0.0157421875,-0.06853515625,0.53515625,-0.15234375,9.46484375
105,531000000,imu2_frame,-0.010313730728297195,-0.02539258541786088,-0.22425205935269918,0.9741457064732845,-0.02916015625,0.0176953125,-0.01384765625,0.53515625,-0.15234375,9.46484375
105,551000000,imu2_frame,-0.010555991190003004,-0.025151922813006364,-0.2239852619827431,0.9742107340012874,-0.02916015625,0.0176953125,-0.01384765625,0.49609375,-0.11328125,9.421875
105,571000000,imu2_frame,-0.010795414753454153,-0.02491280500456789,-0.2237178462967733,0.9742756983602942,-0.02916015625,0.0176953125,-0.01384765625,0.49609375,-0.11328125,9.46484375
105,591000000,imu2_frame,-0.011057209847885947,-0.024691757531116534,-0.2234488468203918,0.9743401192987188,-0.02916015625,0.0176953125,-0.01384765625,0.53515625,-0.15234375,9.46484375
105,611000000,imu2_frame,-0.01137823369894567,-0.02471558472910015,-0.22294845298774615,0.9744504415206358,-0.02916015625,-0.0076953125,0.00958984375,0.53515625,-0.15234375,9.46484375
105,631000000,imu2_frame,-0.01162934598695988,-0.024715755753187133,-0.22245057922021716,0.9745612497601444,-0.02916015625,-0.0076953125,0.00958984375,0.4609375,-0.0390625,9.421875
105,651000000,imu2_frame,-0.011980042335556534,-0.024710857584064955,-0.22194926258268613,0.9746714199883467,-0.02916015625,-0.0076953125,0.00958984375,0.49609375,-0.23046875,9.4609375
105,671000000,imu2_frame,-0.012282793161797444,-0.024697347534118716,-0.2214491760390685,0.9747817378513722,-0.02916015625,-0.0076953125,0.00958984375,0.4609375,-0.15234375,9.46484375
105,691000000,imu2_frame,-0.012266997234639485,-0.024617807105516466,-0.22106188729369294,0.9748718512390804,0.00013671875,0.0059765625,-0.00212890625,0.4609375,-0.15234375,9.46484375
105,711000000,imu2_frame,-0.012540610998873398,-0.024435026955286376,-0.22083341365976977,0.9749247488626198,-0.03111328125,0.0098828125,-0.01775390625,0.4609375,-0.15234375,9.46484375
105,731000000,imu2_frame,-0.012815619046879273,-0.024272415685596658,-0.22060321925597148,0.9749773481466801,-0.03111328125,0.0098828125,-0.01775390625,0.49609375,-0.15234375,9.46484375
105,751000000,imu2_frame,-0.013149027515259122,-0.024099105193135423,-0.22036871725902787,0.9750302378172196,-0.03111328125,0.0098828125,-0.01775390625,0.49609375,-0.26953125,9.421875
105,771000000,imu2_frame,-0.013244471416991418,-0.02401981805835693,-0.22005313555338507,0.9751021740568787,-0.00572265625,0.0059765625,-0.00994140625,0.49609375,-0.26953125,9.421875
105,791000000,imu2_frame,-0.013278492797086375,-0.023955077872321623,-0.21974188821823795,0.9751734914544449,-0.00572265625,0.0059765625,-0.00994140625,0.49609375,-0.15234375,9.421875
105,811000000,imu2_frame,-0.013311599643049286,-0.023889941900182555,-0.21943325468331462,0.975244132886754,-0.00572265625,0.0059765625,-0.00994140625,0.49609375,-0.15234375,9.46484375
105,831000000,imu2_frame,-0.013344419513918798,-0.023825494866289234,-0.21912720550932874,0.975314072526325,-0.00572265625,0.0059765625,-0.00994140625,0.49609375,-0.15234375,9.46484375
105,851000000,imu2_frame,-0.01333960323493808,-0.023848564932438875,-0.21872736130657808,0.9754033229141982,0.00013671875,-0.0018359375,-0.00017578125,0.49609375,-0.15234375,9.46484375
105,871000000,imu2_frame,-0.013334815775209475,-0.02387140595643525,-0.21833136254018864,0.9754915452207923,0.00013671875,-0.0018359375,-0.00017578125,0.49609375,-0.15234375,9.46484375
105,891000000,imu2_frame,-0.013330673567235617,-0.023895103110001384,-0.21793915309770842,0.9755787219577209,0.00013671875,-0.0018359375,-0.00017578125,0.49609375,-0.15234375,9.421875
105,911000000,imu2_frame,-0.013346669634907877,-0.023913962356095195,-0.2175498387798518,0.9756649304248608,0.00013671875,-0.0018359375,-0.00017578125,0.49609375,-0.19140625,9.42578125
105,931000000,imu2_frame,-0.013362482554718143,-0.023932655169669553,-0.2171639591802896,0.9757502174786569,0.00013671875,-0.0018359375,-0.00017578125,0.49609375,-0.19140625,9.42578125
105,951000000,imu2_frame,-0.013377536528659488,-0.023950312923364813,-0.2167815041476227,0.9758346189220751,0.00013671875,-0.0018359375,-0.00017578125,0.49609375,-0.19140625,9.4609375
105,971000000,imu2_frame,-0.01337287398496448,-0.023973264627473876,-0.21640328416426569,0.9759180638903061,0.00013671875,-0.0018359375,-0.00017578125,0.49609375,-0.15234375,9.421875
105,991000000,imu2_frame,-0.01338836343769457,-0.023991416519464508,-0.21602783428212927,0.9760005832340587,0.00013671875,-0.0018359375,-0.00017578125,0.49609375,-0.19140625,9.42578125
106,11000000,imu2_frame,-0.013372307708694468,-0.02395694895419715,-0.21565661257016888,0.9760837420212009,0.00208984375,0.0040234375,-0.00017578125,0.49609375,-0.19140625,9.42578125
106,31000000,imu2_frame,-0.01341674649963018,-0.023929472281025974,-0.21530832716567402,0.9761606914452331,-0.00376953125,0.0020703125,-0.00212890625,0.49609375,-0.19140625,9.42578125
106,51000000,imu2_frame,-0.013440003217195034,-0.023905782283225093,-0.21496363955478903,0.9762369146658549,-0.00376953125,0.0020703125,-0.00212890625,0.49609375,-0.15234375,9.46484375
106,71000000,imu2_frame,-0.013463036303267133,-0.023882355552378505,-0.2146219455374595,0.9763123476841223,-0.00376953125,0.0020703125,-0.00212890625,0.49609375,-0.15234375,9.46484375
106,91000000,imu2_frame,-0.013452704627634973,-0.023886088101627245,-0.2142636034134211,0.976391103905448,0.00013671875,0.0001171875,-0.00017578125,0.49609375,-0.15234375,9.46484375
106,111000000,imu2_frame,-0.013442475956499224,-0.023889778683227534,-0.21390884059885187,0.9764689376668776,0.00013671875,0.0001171875,-0.00017578125,0.49609375,-0.15234375,9.46484375
106,131000000,imu2_frame,-0.01342840384773894,-0.02387533690293513,-0.21355768197139238,0.976546344383552,0.00013671875,0.0001171875,-0.00017578125,0.4609375,-0.15234375,9.46484375
106,151000000,imu2_frame,-0.013418426509988157,-0.02387912318791332,-0.2132100720972151,0.9766223417790896,0.00013671875,0.0001171875,-0.00017578125,0.49609375,-0.15234375,9.46484375
106,171000000,imu2_frame,-0.013298929685049142,-0.023926685451538074,-0.21288339448451324,0.9766940731597006,0.01185546875,-0.0018359375,-0.00212890625,0.49609375,-0.15234375,9.46484375
106,191000000,imu2_frame,-0.013180635826139663,-0.023973669890424328,-0.21256156930444384,0.9767646150665144,0.01185546875,-0.0018359375,-0.00212890625,0.49609375,-0.15234375,9.46484375
106,211000000,imu2_frame,-0.013059612621691231,-0.0240019883707364,-0.21224459861708464,0.9768344698209084,0.01185546875,-0.0018359375,-0.00212890625,0.4609375,-0.15234375,9.46484375
106,231000000,imu2_frame,-0.012944347888954894,-0.024049106355716124,-0.21193236899551693,0.9769026334866588,0.01185546875,-0.0018359375,-0.00212890625,0.49609375,-0.15234375,9.421875
106,251000000,imu2_frame,-0.012943546384218609,-0.024071131356313984,-0.21162588153146283,0.976968541718851,0.00013671875,-0.0018359375,-0.00212890625,0.49609375,-0.15234375,9.421875
106,271000000,imu2_frame,-0.01293822362599981,-0.024073753107100734,-0.21132238044312493,0.9770342411116374,0.00013671875,-0.0018359375,-0.00212890625,0.4609375,-0.15234375,9.46484375
106,291000000,imu2_frame,-0.012936850994488344,-0.024094449347276236,-0.2110217948115495,0.9770987143126894,0.00013671875,-0.0018359375,-0.00212890625,0.49609375,-0.15234375,9.46484375
106,311000000,imu2_frame,-0.012935476788052565,-0.02411494203070997,-0.2107240631856491,0.9771624799416174,0.00013671875,-0.0018359375,-0.00212890625,0.49609375,-0.15234375,9.46484375
106,331000000,imu2_frame,-0.012972344700488317,-0.024126854014524003,-0.21041061615770829,0.9772292391227696,-0.00376953125,-0.0018359375,-0.00017578125,0.49609375,-0.15234375,9.46484375
106,351000000,imu2_frame,-0.013008820272551678,-0.024138682141789623,-0.2100995787607874,0.9772953809489299,-0.00376953125,-0.0018359375,-0.00017578125,0.49609375,-0.15234375,9.46484375
106,371000000,imu2_frame,-0.01304490768863949,-0.024150426719447563,-0.2097909342707582,0.9773609114193517,-0.00376953125,-0.0018359375,-0.00017578125,0.49609375,-0.15234375,9.46484375
106,391000000,imu2_frame,-0.013080611088498702,-0.024162088059718517,-0.2094846660549628,0.9774258364714873,-0.00376953125,-0.0018359375,-0.00017578125,0.49609375,-0.15234375,9.46484375
106,411000000,imu2_frame,-0.013050235396711709,-0.024148489931402325,-0.20921875278144475,0.9774835319711018,0.00208984375,0.0020703125,-0.00408203125,0.49609375,-0.15234375,9.46484375
106,431000000,imu2_frame,-0.013020183034464564,-0.02413500596466185,-0.20895588634079496,0.977540492196803,0.00208984375,0.0020703125,-0.00408203125,0.49609375,-0.15234375,9.46484375
106,451000000,imu2_frame,-0.012986595480816408,-0.02410352506238019,-0.20869609744646644,0.9775972111907848,0.00208984375,0.0020703125,-0.00408203125,0.4609375,-0.15234375,9.46484375
106,471000000,imu2_frame,-0.012957226462437455,-0.02409044564261431,-0.208439323628656,0.9776527037125045,0.00208984375,0.0020703125,-0.00408203125,0.49609375,-0.15234375,9.46484375
106,491000000,imu2_frame,-0.01295248662074105,-0.024091611504962317,-0.20812856381733483,0.9777189413470351,0.00013671875,0.0001171875,0.00177734375,0.49609375,-0.15234375,9.46484375
106,511000000,imu2_frame,-0.012943954871056563,-0.024074651729558496,-0.2078209160624158,0.9777849109202775,0.00013671875,0.0001171875,0.00177734375,0.4609375,-0.15234375,9.46484375
106,531000000,imu2_frame,-0.012939958933866772,-0.024077062269334412,-0.20751630289856135,0.9778495981318298,0.00013671875,0.0001171875,0.00177734375,0.49609375,-0.15234375,9.421875
106,551000000,imu2_frame,-0.012936001394512345,-0.024079449106097148,-0.20721466479374423,0.9779135558386969,0.00013671875,0.0001171875,0.00177734375,0.49609375,-0.15234375,9.421875
106,571000000,imu2_frame,-0.01293161654154058,-0.02408206221652573,-0.2069348963327482,0.9779727891167407,0.00013671875,0.0001171875,-0.00017578125,0.49609375,-0.15234375,9.421875
106,591000000,imu2_frame,-0.012926670383415042,-0.024083559202179233,-0.20665789134575493,0.9780313897383254,0.00013671875,0.0001171875,-0.00017578125,0.49609375,-0.15234375,9.46484375
106,611000000,imu2_frame,-0.01291796107896457,-0.024066921240424102,-0.20638367866563917,0.9780898152848786,0.00013671875,0.0001171875,-0.00017578125,0.4609375,-0.15234375,9.46484375
106,631000000,imu2_frame,-0.012909351005668089,-0.02405044568399868,-0.20611226856457554,0.9781475642591858,0.00013671875,0.0001171875,-0.00017578125,0.4609375,-0.15234375,9.46484375
106,651000000,imu2_frame,-0.012881001134434626,-0.024038605994158007,-0.20588130694401435,0.9781968680601348,0.00208984375,0.0001171875,-0.00408203125,0.4609375,-0.15234375,9.46484375
106,671000000,imu2_frame,-0.012857352907389982,-0.024046078893626036,-0.2056529434376317,0.9782450313809392,0.00208984375,0.0001171875,-0.00408203125,0.49609375,-0.15234375,9.421875
106,691000000,imu2_frame,-0.01283334214115137,-0.024052371831550012,-0.20542713724056638,0.97829263516798,0.00208984375,0.0001171875,-0.00408203125,0.49609375,-0.15234375,9.46484375
106,711000000,imu2_frame,-0.012809575782884684,-0.02405858711008734,-0.20520385284667217,0.9783396536640075,0.00208984375,0.0001171875,-0.00408203125,0.49609375,-0.15234375,9.46484375
106,731000000,imu2_frame,-0.012844179811261496,-0.02405210665364051,-0.2049268130816517,0.9783974266578463,-0.00376953125,0.0001171875,0.00177734375,0.49609375,-0.15234375,9.46484375
106,751000000,imu2_frame,-0.012878427004771337,-0.024045718840370028,-0.20465191462163068,0.9784546710834557,-0.00376953125,0.0001171875,0.00177734375,0.49609375,-0.15234375,9.46484375
106,771000000,imu2_frame,-0.012912320996820954,-0.024039422322712452,-0.2043791423668636,0.9785113920165931,-0.00376953125,0.0001171875,0.00177734375,0.49609375,-0.15234375,9.46484375
106,791000000,imu2_frame,-0.012945865384695013,-0.024033215773167277,-0.20410848130537784,0.9785675944809608,-0.00376953125,0.0001171875,0.00177734375,0.49609375,-0.15234375,9.46484375
106,811000000,imu2_frame,-0.01294076815745554,-0.024035223890450538,-0.2038584906364738,0.9786197220204841,0.00013671875,0.0001171875,-0.00017578125,0.49609375,-0.15234375,9.46484375
106,831000000,imu2_frame,-0.012935721391937672,-0.02403721109059643,-0.20361097306784634,0.9786712682210615,0.00013671875,0.0001171875,-0.00017578125,0.49609375,-0.15234375,9.46484375
106,851000000,imu2_frame,-0.012930724590872921,-0.024039177600870296,-0.20336590429498083,0.9787222401029383,0.00013671875,0.0001171875,-0.00017578125,0.49609375,-0.15234375,9.46484375
106,871000000,imu2_frame,-0.012925777261840762,-0.024041123645893062,-0.2031232602485582,0.978772644592204,0.00013671875,0.0001171875,-0.00017578125,0.49609375,-0.15234375,9.46484375
106,891000000,imu2_frame,-0.012920414312577948,-0.024043299032927783,-0.2029019567681891,0.9788185626587005,0.00013671875,0.0001171875,-0.00212890625,0.49609375,-0.15234375,9.46484375
106,911000000,imu2_frame,-0.012915104706768196,-0.024045451490543365,-0.2026828561272516,0.9788639722479978,0.00013671875,0.0001171875,-0.00212890625,0.49609375,-0.15234375,9.46484375
106,931000000,imu2_frame,-0.012889688396112537,-0.0240517569363396,-0.20246679966162365,0.9789088639685037,0.00013671875,0.0001171875,-0.00212890625,0.49609375,-0.11328125,9.46484375
106,951000000,imu2_frame,-0.012884691781887243,-0.024053813361991656,-0.20225233069406795,0.978953213135975,0.00013671875,0.0001171875,-0.00212890625,0.49609375,-0.15234375,9.46484375
106,971000000,imu2_frame,-0.01286472548375898,-0.024078682067112736,-0.2020394564602677,0.9789968201896154,0.00208984375,-0.0018359375,-0.00212890625,0.49609375,-0.15234375,9.46484375
106,991000000,imu2_frame,-0.012844952130506368,-0.024103291780636093,-0.2018288736637953,0.9790399094448123,0.00208984375,-0.0018359375,-0.00212890625,0.49609375,-0.15234375,9.46484375
107,11000000,imu2_frame,-0.01282536997504645,-0.024127645276019634,-0.20162055788510472,0.9790824874628985,0.00208984375,-0.0018359375,-0.00212890625,0.49609375,-0.15234375,9.46484375
107,31000000,imu2_frame,-0.012805977283511773,-0.024151745295556363,-0.20141448496107273,0.979124560713732,0.00208984375,-0.0018359375,-0.00212890625,0.49609375,-0.15234375,9.46484375
107,51000000,imu2_frame,-0.012825091436979576,-0.02416757429183089,-0.20119205091326958,0.9791696502811933,-0.0018164062499999999,-0.0018359375,-0.00017578125,0.49609375,-0.15234375,9.46484375
107,71000000,imu2_frame,-0.012843997833414689,-0.024183260229127965,-0.2009714212055146,0.9792143225581319,-0.0018164062499999999,-0.0018359375,-0.00017578125,0.49609375,-0.15234375,9.46484375
107,91000000,imu2_frame,-0.012858990838496964,-0.024180663263545468,-0.20075264151661365,0.9792590662346979,-0.0018164062499999999,-0.0018359375,-0.00017578125,0.4609375,-0.15234375,9.46484375
107,111000000,imu2_frame,-0.012878129178839149,-0.02419733965367744,-0.2005356604776605,0.9793028599056199,-0.0018164062499999999,-0.0018359375,-0.00017578125,0.49609375,-0.15234375,9.421875
107,131000000,imu2_frame,-0.012855329403896396,-0.024202665531523736,-0.20032041711526904,0.9793470794227404,0.00208984375,0.0001171875,-0.00017578125,0.49609375,-0.15234375,9.421875
107,151000000,imu2_frame,-0.012832165885398355,-0.024206831977583457,-0.20010759750116253,0.9793907872890227,0.00208984375,0.0001171875,-0.00017578125,0.49609375,-0.15234375,9.46484375
107,171000000,imu2_frame,-0.012809835783858166,-0.024212038477551746,-0.19989714846635784,0.9794339259669185,0.00208984375,0.0001171875,-0.00017578125,0.49609375,-0.15234375,9.421875
107,191000000,imu2_frame,-0.012787733695460381,-0.024217181165986867,-0.19968905117213132,0.9794765361381975,0.00208984375,0.0001171875,-0.00017578125,0.49609375,-0.15234375,9.421875
107,211000000,imu2_frame,-0.012747392414968086,-0.0242258674559224,-0.19946414197551796,0.9795226732437577,0.00404296875,0.0001171875,0.00177734375,0.49609375,-0.15234375,9.421875
107,231000000,imu2_frame,-0.01270686879174607,-0.024233349920862252,-0.19924200966635838,0.9795682221373013,0.00404296875,0.0001171875,0.00177734375,0.49609375,-0.15234375,9.46484375
107,251000000,imu2_frame,-0.012666760880207273,-0.024240735161610693,-0.1990226141774249,0.9796131578197651,0.00404296875,0.0001171875,0.00177734375,0.49609375,-0.15234375,9.46484375
107,271000000,imu2_frame,-0.012627064461020477,-0.024248024605636926,-0.19880592314258203,0.979657488854777,0.00404296875,0.0001171875,0.00177734375,0.49609375,-0.15234375,9.46484375
107,291000000,imu2_frame,-0.012621341768003154,-0.024228845392220387,-0.19861158278602054,0.9796974553229008,0.00013671875,0.0020703125,-0.00017578125,0.49609375,-0.15234375,9.46484375
107,311000000,imu2_frame,-0.012600582864485144,-0.02423263424181591,-0.19841870973298678,0.9797367097220939,0.00208984375,0.0001171875,-0.00017578125,0.49609375,-0.15234375,9.46484375
107,331000000,imu2_frame,-0.012580630938605036,-0.024237470053464154,-0.1982279802204487,0.9797754541874968,0.00208984375,0.0001171875,-0.00017578125,0.49609375,-0.15234375,9.421875
107,351000000,imu2_frame,-0.012560288582989118,-0.02424115256505956,-0.198039397426489,0.9798137592114037,0.00208984375,0.0001171875,-0.00017578125,0.49609375,-0.15234375,9.46484375
107,371000000,imu2_frame,-0.012532508571151822,-0.024206892875527273,-0.19785363052004445,0.9798524906618672,0.00208984375,0.0040234375,-0.00017578125,0.49609375,-0.15234375,9.46484375
107,391000000,imu2_frame,-0.012505030741821127,-0.024172960432764845,-0.19767016128781362,0.9798907079498774,0.00208984375,0.0040234375,-0.00017578125,0.49609375,-0.15234375,9.46484375
107,411000000,imu2_frame,-0.012477851658073552,-0.024139352251930736,-0.19748896260723425,0.9799284180689807,0.00208984375,0.0040234375,-0.00017578125,0.49609375,-0.15234375,9.46484375
107,431000000,imu2_frame,-0.01244732398127622,-0.024087911248030492,-0.19731007037815648,0.9799661079776072,0.00208984375,0.0040234375,-0.00017578125,0.4609375,-0.15234375,9.46484375
107,451000000,imu2_frame,-0.012462636504264471,-0.02406725254415457,-0.1971331632407479,0.9800020234657861,-0.0018164062499999999,0.0001171875,-0.00017578125,0.4609375,-0.15234375,9.46484375
107,471000000,imu2_frame,-0.012481435188618882,-0.02406496526369472,-0.19695771180916855,0.9800371171447467,-0.0018164062499999999,0.0001171875,-0.00017578125,0.49609375,-0.15234375,9.46484375
107,491000000,imu2_frame,-0.012500038655406054,-0.024062712713442697,-0.19678366479207396,0.9800718974450213,-0.0018164062499999999,0.0001171875,-0.00017578125,0.49609375,-0.15234375,9.46484375
107,511000000,imu2_frame,-0.01251844891717154,-0.024060494374635213,-0.19661101165920053,0.9801063672589329,-0.0018164062499999999,0.0001171875,-0.00017578125,0.49609375,-0.15234375,9.46484375
107,531000000,imu2_frame,-0.01250210875218142,-0.024085094126683568,-0.19645799549769227,0.9801366545144029,0.00208984375,-0.0018359375,-0.00212890625,0.49609375,-0.15234375,9.46484375
107,551000000,imu2_frame,-0.012485927136470244,-0.02410944118143702,-0.19630664039743623,0.9801665875785266,0.00208984375,-0.0018359375,-0.00212890625,0.49609375,-0.15234375,9.46484375
107,571000000,imu2_frame,-0.01246990261636437,-0.024133538181769134,-0.19615692849679253,0.9801961708077991,0.00208984375,-0.0018359375,-0.00212890625,0.49609375,-0.15234375,9.46484375
107,591000000,imu2_frame,-0.012450413899518025,-0.024139228820887194,-0.19600890379938632,0.9802258895055908,0.00208984375,-0.0018359375,-0.00212890625,0.4609375,-0.15234375,9.46484375
107,611000000,imu2_frame,-0.012461450361280744,-0.02409937609702163,-0.19586364969722184,0.980255764101345,-0.0018164062499999999,0.0020703125,-0.00212890625,0.4609375,-0.15234375,9.46484375
107,631000000,imu2_frame,-0.012476001775250942,-0.02407808775687116,-0.1957196635324229,0.9802848608320092,-0.0018164062499999999,0.0020703125,-0.00212890625,0.49609375,-0.15234375,9.46484375
107,651000000,imu2_frame,-0.01248737289539371,-0.024039874379436728,-0.19557693462725498,0.9803141397530686,-0.0018164062499999999,0.0020703125,-0.00212890625,0.4609375,-0.15234375,9.421875
107,671000000,imu2_frame,-0.012501674487102363,-0.024019195770693696,-0.1954354604481413,0.9803426784390092,-0.0018164062499999999,0.0020703125,-0.00212890625,0.49609375,-0.15234375,9.46484375
107,691000000,imu2_frame,-0.012501122682692944,-0.024021220659657054,-0.19527568199955728,0.980374474835662,0.00013671875,0.0001171875,-0.00017578125,0.49609375,-0.15234375,9.46484375
107,711000000,imu2_frame,-0.012500574802336926,-0.02402322642272632,-0.1951174443774027,0.9804059379264718,0.00013671875,0.0001171875,-0.00017578125,0.49609375,-0.15234375,9.46484375
107,731000000,imu2_frame,-0.012500030825544607,-0.024025213235290405,-0.19496073279610313,0.980437071425783,0.00013671875,0.0001171875,-0.00017578125,0.49609375,-0.15234375,9.46484375
107,751000000,imu2_frame,-0.012499490731791917,-0.024027181271237045,-0.19480553261058253,0.9804678790026282,0.00013671875,0.0001171875,-0.00017578125,0.49609375,-0.15234375,9.46484375
107,771000000,imu2_frame,-0.012498954500524073,-0.024029130702963353,-0.19465182931495656,0.980498364281346,0.00013671875,0.0001171875,-0.00017578125,0.49609375,-0.15234375,9.46484375
107,791000000,imu2_frame,-0.012499012352504908,-0.02403215908149465,-0.1944995894911958,0.980528500201728,0.00013671875,0.0001171875,-0.00017578125,0.49609375,-0.15234375,9.421875
107,811000000,imu2_frame,-0.012494888170406735,-0.024015896032942734,-0.1943488836937434,0.9805588334793277,0.00013671875,0.0001171875,-0.00017578125,0.4609375,-0.15234375,9.46484375
107,831000000,imu2_frame,-0.012494398293342165,-0.0240179598453497,-0.19419967512566,0.9805883508370079,0.00013671875,0.0001171875,-0.00017578125,0.49609375,-0.15234375,9.46484375
107,851000000,imu2_frame,-0.012432872014887247,-0.02403342051288117,-0.19422213095866997,0.9805843065426785,0.00599609375,0.0001171875,-0.01775390625,0.49609375,-0.15234375,9.46484375
107,871000000,imu2_frame,-0.012371978580991545,-0.024048696129014367,-0.19424527480879997,0.9805801178766269,0.00599609375,0.0001171875,-0.01775390625,0.49609375,-0.15234375,9.46484375
107,891000000,imu2_frame,-0.012311711528917151,-0.024063788990432707,-0.19426909063265477,0.9805757881180904,0.00599609375,0.0001171875,-0.01775390625,0.49609375,-0.15234375,9.46484375
107,911000000,imu2_frame,-0.012252654457240757,-0.024079798873735497,-0.1942935433196665,0.9805712899984584,0.00599609375,0.0001171875,-0.01775390625,0.49609375,-0.15234375,9.421875
107,931000000,imu2_frame,-0.012262291275320103,-0.024120400988078057,-0.19416669034042092,0.9805952981893705,0.00013671875,-0.0037890625,-0.00212890625,0.49609375,-0.15234375,9.421875
107,951000000,imu2_frame,-0.012271222940845835,-0.024159506468113313,-0.19404082508807677,0.9806191378582675,0.00013671875,-0.0037890625,-0.00212890625,0.49609375,-0.15234375,9.46484375
107,971000000,imu2_frame,-0.012276466126465853,-0.024180060886700914,-0.19391599634413406,0.9806432579673522,0.00013671875,-0.0037890625,-0.00212890625,0.4609375,-0.15234375,9.46484375
107,991000000,imu2_frame,-0.012285225440969414,-0.024218581091528434,-0.1937921727861316,0.9806666749373141,0.00013671875,-0.0037890625,-0.00212890625,0.49609375,-0.15234375,9.46484375
108,11000000,imu2_frame,-0.01232477522011295,-0.024211075719813752,-0.19365138975537416,0.9806941740288231,-0.00376953125,0.0001171875,-0.00017578125,0.49609375,-0.15234375,9.46484375
108,31000000,imu2_frame,-0.012363916174410412,-0.024203665279345376,-0.19351137332707097,0.9807215020366121,-0.00376953125,0.0001171875,-0.00017578125,0.49609375,-0.15234375,9.46484375
108,51000000,imu2_frame,-0.012402652511950978,-0.02419634858446186,-0.19337212216143373,0.9807486595946132,-0.00376953125,0.0001171875,-0.00017578125,0.49609375,-0.15234375,9.46484375
108,71000000,imu2_frame,-0.01244098839771186,-0.02418912446395418,-0.19323363487063858,0.9807756473424674,-0.00376953125,0.0001171875,-0.00017578125,0.49609375,-0.15234375,9.46484375
108,91000000,imu2_frame,-0.012441012492001536,-0.024189451861655963,-0.1930955434400457,0.9808028358087063,0.00013671875,0.0001171875,-0.00017578125,0.49609375,-0.15234375,9.46484375
108,111000000,imu2_frame,-0.012441035289825361,-0.02418977709826319,-0.19295878001275293,0.9808297428916213,0.00013671875,0.0001171875,-0.00017578125,0.49609375,-0.15234375,9.46484375
108,131000000,imu2_frame,-0.01244105681305788,-0.024190100179558655,-0.19282333187537976,0.9808563716687343,0.00013671875,0.0001171875,-0.00017578125,0.49609375,-0.15234375,9.46484375
108,151000000,imu2_frame,-0.012441077083300684,-0.024190421111518284,-0.19268918643522323,0.9808827251809397,0.00013671875,0.0001171875,-0.00017578125,0.49609375,-0.15234375,9.46484375
108,171000000,imu2_frame,-0.012421668874872222,-0.02419469975105064,-0.1925751278515165,0.9809052649360649,0.00208984375,0.0001171875,-0.00212890625,0.49609375,-0.15234375,9.46484375
108,191000000,imu2_frame,-0.012403047872276229,-0.024200026269662767,-0.19246243555223316,0.9809274866336085,0.00208984375,0.0001171875,-0.00212890625,0.49609375,-0.15234375,9.421875
108,211000000,imu2_frame,-0.012384617624849754,-0.024205292027324393,-0.1923511006772161,0.9809494274183669,0.00208984375,0.0001171875,-0.00212890625,0.49609375,-0.15234375,9.421875
108,231000000,imu2_frame,-0.012366376194448013,-0.024210497758169094,-0.192241107384985,0.9809710908938722,0.00208984375,0.0001171875,-0.00212890625,0.49609375,-0.15234375,9.421875
108,251000000,imu2_frame,-0.012387180249652319,-0.024207744471682467,-0.1920948440593659,0.9809995482969727,-0.0018164062499999999,0.0001171875,0.00177734375,0.49609375,-0.15234375,9.421875
108,271000000,imu2_frame,-0.012407180839234361,-0.024203930184056536,-0.19194969505592352,0.9810278009288045,-0.0018164062499999999,0.0001171875,0.00177734375,0.49609375,-0.15234375,9.46484375
108,291000000,imu2_frame,-0.012426974022613543,-0.02420016396756625,-0.19180564563595096,0.9810558173125321,-0.0018164062499999999,0.0001171875,0.00177734375,0.49609375,-0.15234375,9.46484375
108,311000000,imu2_frame,-0.012446561936738062,-0.02419644520095131,-0.19166268831978617,0.9810835994152715,-0.0018164062499999999,0.0001171875,0.00177734375,0.49609375,-0.15234375,9.46484375
108,331000000,imu2_frame,-0.012442347011930404,-0.024177981920824442,-0.1915589482608475,0.9811043688274297,0.00013671875,0.0020703125,-0.00212890625,0.49609375,-0.15234375,9.46484375
108,351000000,imu2_frame,-0.012438180950124422,-0.024159701605626197,-0.19145632034988067,0.9811249043170106,0.00013671875,0.0020703125,-0.00212890625,0.49609375,-0.15234375,9.46484375
108,371000000,imu2_frame,-0.012434063152086516,-0.024141602450412646,-0.1913547927464849,0.9811452086198078,0.00013671875,0.0020703125,-0.00212890625,0.49609375,-0.15234375,9.46484375
108,391000000,imu2_frame,-0.012430579631966008,-0.024124781993751124,-0.19125433475976372,0.9811652536751225,0.00013671875,0.0020703125,-0.00212890625,0.49609375,-0.15234375,9.421875
108,411000000,imu2_frame,-0.012431296040083048,-0.024126861989040713,-0.19113560881848002,0.9811883287376154,0.00013671875,0.0001171875,-0.00017578125,0.49609375,-0.15234375,9.421875
108,431000000,imu2_frame,-0.012427889681325235,-0.02410964586403643,-0.1910180857117382,0.9812116812723963,0.00013671875,0.0001171875,-0.00017578125,0.4609375,-0.15234375,9.46484375
108,451000000,imu2_frame,-0.012428634670360093,-0.024111877781376957,-0.19090171618445784,0.9812342641530184,0.00013671875,0.0001171875,-0.00017578125,0.49609375,-0.15234375,9.421875
108,471000000,imu2_frame,-0.012429370445405713,-0.024114088626700777,-0.19078645025580673,0.9812566187694345,0.00013671875,0.0001171875,-0.00017578125,0.49609375,-0.15234375,9.421875
108,491000000,imu2_frame,-0.012432383409007593,-0.0241359738957302,-0.19072889075723437,0.9812672321225198,0.00013671875,-0.0018359375,-0.00603515625,0.49609375,-0.15234375,9.421875
108,511000000,imu2_frame,-0.012434772242420513,-0.024156543150200077,-0.1906718015723377,0.9812777904077269,0.00013671875,-0.0018359375,-0.00603515625,0.49609375,-0.15234375,9.46484375
108,531000000,imu2_frame,-0.0124371297890941,-0.024176908906612067,-0.19061517225608177,0.9812882609020221,0.00013671875,-0.0018359375,-0.00603515625,0.49609375,-0.15234375,9.46484375
108,551000000,imu2_frame,-0.012440042277672026,-0.024198172913352564,-0.19055898040040342,0.9812986134528795,0.00013671875,-0.0018359375,-0.00603515625,0.49609375,-0.15234375,9.421875
108,571000000,imu2_frame,-0.012466032960505666,-0.024234283802516132,-0.190484077215742,0.9813119350329303,-0.0018164062499999999,-0.0037890625,-0.00408203125,0.49609375,-0.15234375,9.421875
108,591000000,imu2_frame,-0.012491157003073588,-0.02426894661603199,-0.19040942079105772,0.9813252476630197,-0.0018164062499999999,-0.0037890625,-0.00408203125,0.49609375,-0.15234375,9.46484375
108,611000000,imu2_frame,-0.012516595061714183,-0.024304375113355935,-0.19033498797490436,0.9813384862273585,-0.0018164062499999999,-0.0037890625,-0.00408203125,0.49609375,-0.15234375,9.421875
108,631000000,imu2_frame,-0.012538228709224044,-0.024321199738967205,-0.1902608444441351,0.9813521708008278,-0.0018164062499999999,-0.0037890625,-0.00408203125,0.4609375,-0.15234375,9.421875
108,651000000,imu2_frame,-0.012576338003716929,-0.024314489677580105,-0.19013060610283566,0.9813770905911262,-0.00376953125,-0.0018359375,0.00177734375,0.4609375,-0.15234375,9.421875
108,671000000,imu2_frame,-0.012616992057421705,-0.02432502658889056,-0.19000101681629114,0.9814014052372496,-0.00376953125,-0.0018359375,0.00177734375,0.49609375,-0.15234375,9.46484375
108,691000000,imu2_frame,-0.01265722003053558,-0.02433547658149515,-0.18987202262465055,0.981425592892846,-0.00376953125,-0.0018359375,0.00177734375,0.49609375,-0.15234375,9.46484375
108,711000000,imu2_frame,-0.012697611298682002,-0.024346940531278394,-0.1897436058118439,0.9814496223482861,-0.00376953125,-0.0018359375,0.00177734375,0.49609375,-0.15234375,9.421875
108,731000000,imu2_frame,-0.012733444424523604,-0.024339574373179018,-0.18963511820884418,0.981470308493506,-0.00376953125,0.0001171875,-0.00017578125,0.49609375,-0.15234375,9.421875
108,751000000,imu2_frame,-0.01276890689468722,-0.024332297541608164,-0.18952714391941589,0.9814908843340373,-0.00376953125,0.0001171875,-0.00017578125,0.49609375,-0.15234375,9.421875
108,771000000,imu2_frame,-0.012803417969725043,-0.024324008565074093,-0.1894197020716143,0.98151138127009,-0.00376953125,0.0001171875,-0.00017578125,0.49609375,-0.15234375,9.46484375
108,791000000,imu2_frame,-0.012858397788043388,-0.024312896944096347,-0.18931189846562466,0.9815317364954896,-0.00376953125,0.0001171875,-0.00017578125,0.49609375,-0.19140625,9.42578125
108,811000000,imu2_frame,-0.012910093262843954,-0.024282443305573692,-0.18916668748606727,0.9815598080527772,-0.00376953125,0.0020703125,0.00373046875,0.49609375,-0.19140625,9.42578125
108,831000000,imu2_frame,-0.01294101749790295,-0.024256330950304307,-0.18902302798846762,0.9815877216861564,-0.00376953125,0.0020703125,0.00373046875,0.49609375,-0.15234375,9.421875
108,851000000,imu2_frame,-0.012991869723283483,-0.02422648041107795,-0.18887947521220835,0.9816154200151634,-0.00376953125,0.0020703125,0.00373046875,0.49609375,-0.19140625,9.42578125
108,871000000,imu2_frame,-0.013021958078402618,-0.024200958874297056,-0.188737468985582,0.9816429646252681,-0.00376953125,0.0020703125,0.00373046875,0.49609375,-0.15234375,9.421875
108,891000000,imu2_frame,-0.013039120022343309,-0.024217817506852358,-0.18863352263687666,0.9816623007948562,-0.0018164062499999999,-0.0018359375,-0.00017578125,0.49609375,-0.15234375,9.421875
108,911000000,imu2_frame,-0.013055514831266928,-0.02423341511126432,-0.1885302880296399,0.981681529631681,-0.0018164062499999999,-0.0018359375,-0.00017578125,0.49609375,-0.15234375,9.46484375
108,931000000,imu2_frame,-0.013092009874172484,-0.02424507654218387,-0.1884268852745676,0.9817006083560524,-0.0018164062499999999,-0.0018359375,-0.00017578125,0.49609375,-0.19140625,9.4609375
108,951000000,imu2_frame,-0.013128122116645716,-0.024256637671802476,-0.18832388611807943,0.9817196044981144,-0.0018164062499999999,-0.0018359375,-0.00017578125,0.49609375,-0.19140625,9.4609375
108,971000000,imu2_frame,-0.013202744757678325,-0.0242603214922209,-0.1881836679281186,0.9817454005275897,-0.00572265625,-0.0018359375,0.00373046875,0.49609375,-0.19140625,9.4609375
108,991000000,imu2_frame,-0.01327714282808722,-0.024264886968871045,-0.1880436226028838,0.9817711183046152,-0.00572265625,-0.0018359375,0.00373046875,0.49609375,-0.19140625,9.42578125
109,11000000,imu2_frame,-0.013350214145023674,-0.024268552224255238,-0.1879037855674469,0.9817968102029276,-0.00572265625,-0.0018359375,0.00373046875,0.49609375,-0.19140625,9.4609375
109,31000000,imu2_frame,-0.013422524798578056,-0.024272212308352845,-0.18776415952093614,0.9818224462381608,-0.00572265625,-0.0018359375,0.00373046875,0.49609375,-0.19140625,9.4609375
109,51000000,imu2_frame,-0.013782247473001889,-0.02426154178034423,-0.187778751661419,0.9818149355502354,-0.03501953125,-0.0057421875,-0.01189453125,0.49609375,-0.19140625,9.4609375
109,71000000,imu2_frame,-0.01412241333135069,-0.02427630292694005,-0.18778850036690567,0.9818078720848834,-0.03501953125,-0.0057421875,-0.01189453125,0.53515625,-0.15234375,9.421875
109,91000000,imu2_frame,-0.014498932280676335,-0.0242822327183126,-0.18779112711361795,0.9818017349314122,-0.03501953125,-0.0057421875,-0.01189453125,0.53515625,-0.23046875,9.4609375
109,111000000,imu2_frame,-0.014851889027779825,-0.02429311750649766,-0.1877887605871095,0.9817966425035682,-0.03501953125,-0.0057421875,-0.01189453125,0.53515625,-0.19140625,9.42578125
109,131000000,imu2_frame,-0.014792712918232502,-0.024322643526892677,-0.1877402681958281,0.9818060787926203,0.00599609375,0.0001171875,-0.00798828125,0.53515625,-0.19140625,9.42578125
109,151000000,imu2_frame,-0.014753791806622287,-0.02434701153294574,-0.1876922112373033,0.9818152486581134,0.00599609375,0.0001171875,-0.00798828125,0.53515625,-0.23046875,9.4609375
109,171000000,imu2_frame,-0.014715266801842958,-0.024371118530200412,-0.1876451530554257,0.9818242235957226,0.00599609375,0.0001171875,-0.00798828125,0.53515625,-0.23046875,9.4609375
109,191000000,imu2_frame,-0.014677775021707319,-0.024395914530302848,-0.18759905819476802,0.9818329774656577,0.00599609375,0.0001171875,-0.00798828125,0.53515625,-0.23046875,9.42578125
109,211000000,imu2_frame,-0.014966912829968416,-0.02437787947295406,-0.18755668685072144,0.9818371554032382,-0.02720703125,-0.0018359375,-0.00798828125,0.53515625,-0.23046875,9.42578125
109,231000000,imu2_frame,-0.015253053128602074,-0.024360165296996732,-0.18751030630432639,0.9818420503047407,-0.02720703125,-0.0018359375,-0.00798828125,0.53515625,-0.23046875,9.42578125
109,251000000,imu2_frame,-0.015555719665500515,-0.024337851369289763,-0.1874591316182318,0.981847626951022,-0.02720703125,-0.0018359375,-0.00798828125,0.53515625,-0.26953125,9.46484375
109,271000000,imu2_frame,-0.01591495321419136,-0.024305795448403656,-0.18740120520591874,0.981853721721917,-0.02720703125,-0.0018359375,-0.00798828125,0.53515625,-0.3828125,9.421875
109,291000000,imu2_frame,-0.016049798065582967,-0.024365084238419585,-0.19164804873765892,0.981029954724705,-0.01548828125,-0.0018359375,-0.45134765625,0.53515625,-0.3828125,9.421875
109,311000000,imu2_frame,-0.016214495053632903,-0.024375903490520587,-0.19584636255630836,0.9801974840574932,-0.01548828125,-0.0018359375,-0.45134765625,0.4609375,-0.4609375,9.46484375
109,331000000,imu2_frame,-0.01608234904056421,-0.024363880077279926,-0.20001045417708269,0.9793587583806022,-0.01548828125,-0.0018359375,-0.45134765625,0.3046875,0.078125,9.3828125
109,351000000,imu2_frame,-0.016054400772789877,-0.02434942158195186,-0.2041284957073712,0.9785095396186472,-0.01548828125,-0.0018359375,-0.45134765625,0.34375,-0.11328125,9.46484375
109,371000000,imu2_frame,-0.015821278989048802,-0.024286112008689287,-0.20534502510836397,0.9782603398676128,0.01185546875,0.0040234375,-0.15642578125,0.34375,-0.11328125,9.46484375
109,391000000,imu2_frame,-0.01575026219761429,-0.024292447247233565,-0.20654700949843813,0.9780082510463288,0.01185546875,0.0040234375,-0.15642578125,0.53515625,-0.3828125,9.46484375
109,411000000,imu2_frame,-0.015499899957049468,-0.024421095201468075,-0.2077468056230306,0.9777548915571372,0.01185546875,0.0040234375,-0.15642578125,0.69140625,0.0,9.4609375
109,431000000,imu2_frame,-0.015286990358982575,-0.02451665701426221,-0.20893649914967163,0.9775023175305974,0.01185546875,0.0040234375,-0.15642578125,0.65234375,-0.078125,9.54296875
109,451000000,imu2_frame,-0.01579592006032049,-0.02451333441814677,-0.20978291527565548,0.9773130070778755,-0.06041015625,-0.0018359375,-0.12126953125,0.65234375,-0.078125,9.54296875
109,471000000,imu2_frame,-0.016256233855788994,-0.024503226989528983,-0.21061502647366598,0.977126725328615,-0.06041015625,-0.0018359375,-0.12126953125,0.61328125,0.0,9.421875
109,491000000,imu2_frame,-0.016703002019027243,-0.02445329326363589,-0.21143194270715315,0.9769440003271396,-0.06041015625,-0.0018359375,-0.12126953125,0.53515625,0.0,9.421875
109,511000000,imu2_frame,-0.017149284186060362,-0.02442324089856136,-0.21223405639934917,0.9767630790832517,-0.06041015625,-0.0018359375,-0.12126953125,0.57421875,0.0,9.4609375
109,531000000,imu2_frame,-0.01722699015265613,-0.0243538937887498,-0.21300182462629813,0.9765963041981444,-0.02525390625,0.0098828125,-0.11931640625,0.57421875,0.0,9.4609375
109,551000000,imu2_frame,-0.017274982961327574,-0.02424940758548992,-0.21376188839761315,0.9764319721640239,-0.02525390625,0.0098828125,-0.11931640625,0.49609375,0.0390625,9.46484375
109,571000000,imu2_frame,-0.01733868023838349,-0.024123467846523593,-0.2145130252115177,0.9762692202877502,-0.02525390625,0.0098828125,-0.11931640625,0.4609375,0.0,9.46484375
109,591000000,imu2_frame,-0.017437635111073175,-0.023969920930406362,-0.21525421003607625,0.976108086655401,-0.02525390625,0.0098828125,-0.11931640625,0.421875,-0.078125,9.4609375
109,611000000,imu2_frame,-0.017612850580374605,-0.02380973735924892,-0.21668640598936353,0.9757919272881539,-0.03501953125,0.0098828125,-0.19158203125,0.421875,-0.078125,9.4609375
109,631000000,imu2_frame,-0.017746140385090495,-0.023660275952755612,-0.21810369618786385,0.9754773413834195,-0.03501953125,0.0098828125,-0.19158203125,0.421875,0.0,9.4609375
109,651000000,imu2_frame,-0.017965052455789995,-0.023532765823930355,-0.21950156297545,0.9751628221349866,-0.03501953125,0.0098828125,-0.19158203125,0.49609375,-0.15234375,9.46484375
109,671000000,imu2_frame,-0.018236277694805802,-0.02345893143160444,-0.22088058213410408,0.9748481344024947,-0.03501953125,0.0098828125,-0.19158203125,0.61328125,-0.23046875,9.42578125
109,691000000,imu2_frame,-0.018157805760453873,-0.02351442728520834,-0.22152047487976995,0.9747030547856387,0.00404296875,0.0040234375,-0.11736328125,0.61328125,-0.23046875,9.42578125
109,711000000,imu2_frame,-0.017929540185096488,-0.02345749824857454,-0.2221604219382368,0.9745629914422638,0.00404296875,0.0040234375,-0.11736328125,0.34375,0.0,9.421875
109,731000000,imu2_frame,-0.01790251446799569,-0.023457865215040417,-0.22278987004575238,0.9744197772727485,0.00404296875,0.0040234375,-0.11736328125,0.53515625,-0.34375,9.46484375
109,751000000,imu2_frame,-0.017843100660692744,-0.02348803917297288,-0.22341525921989427,0.9742769409784514,0.00404296875,0.0040234375,-0.11736328125,0.57421875,-0.26953125,9.42578125
109,771000000,imu2_frame,-0.01832111632325436,-0.023490638610191968,-0.22375495912414767,0.9741900455566698,-0.04869140625,-0.0057421875,-0.08806640625,0.57421875,-0.26953125,9.42578125
109,791000000,imu2_frame,-0.018881740120438664,-0.02351592979235372,-0.22408047383557175,0.9741039072817904,-0.04869140625,-0.0057421875,-0.08806640625,0.65234375,-0.421875,9.42578125
109,811000000,imu2_frame,-0.019285474203581933,-0.02342970084942951,-0.22439927647275293,0.9740246836304275,-0.04869140625,-0.0057421875,-0.08806640625,0.3828125,-0.19140625,9.4609375
109,831000000,imu2_frame,-0.019715053718057287,-0.02338116839812884,-0.22470797394668973,0.9739460786234556,-0.04869140625,-0.0057421875,-0.08806640625,0.4609375,-0.23046875,9.42578125
109,851000000,imu2_frame,-0.01946882741791606,-0.023518133972689013,-0.22569795960304237,0.9737187957333665,0.01966796875,-0.0076953125,-0.16033203125,0.4609375,-0.23046875,9.42578125
109,871000000,imu2_frame,-0.019258598280928508,-0.02370693516570147,-0.22668090182919923,0.9734900391699979,0.01966796875,-0.0076953125,-0.16033203125,0.57421875,-0.26953125,9.42578125
109,891000000,imu2_frame,-0.019129479925962967,-0.02379139928436111,-0.22765243836165003,0.9732637872775548,0.01966796875,-0.0076953125,-0.16033203125,0.421875,-0.4609375,9.4609375
109,911000000,imu2_frame,-0.018800828715891477,-0.023901681037069862,-0.22862520072589265,0.9730394421996691,0.01966796875,-0.0076953125,-0.16033203125,0.3828125,-0.078125,9.421875
109,931000000,imu2_frame,-0.018559695737653897,-0.02396331354652025,-0.22904850396444956,0.9729429994247579,0.01185546875,-0.0057421875,-0.10369140625,0.3828125,-0.078125,9.421875
109,951000000,imu2_frame,-0.018334287491334117,-0.024081196242086912,-0.22947133932272287,0.9728447226146478,0.01185546875,-0.0057421875,-0.10369140625,0.49609375,-0.078125,9.46484375
109,971000000,imu2_frame,-0.01821010235389619,-0.024175322246164706,-0.22988880216528862,0.9727461563046979,0.01185546875,-0.0057421875,-0.10369140625,0.49609375,-0.26953125,9.421875
109,991000000,imu2_frame,-0.01810428021710041,-0.024263112765192302,-0.23030314290899484,0.9726479315574589,0.01185546875,-0.0057421875,-0.10369140625,0.49609375,-0.3046875,9.4609375
110,11000000,imu2_frame,-0.017791305593999666,-0.024320710192536052,-0.23080895319897388,0.9725323643068058,0.03138671875,0.0020703125,-0.11345703125,0.49609375,-0.3046875,9.4609375
110,31000000,imu2_frame,-0.01737903747355141,-0.02438251216930637,-0.231318993498535,0.9724170840763913,0.03138671875,0.0020703125,-0.11345703125,0.4609375,-0.11328125,9.46484375
110,51000000,imu2_frame,-0.017011650343952654,-0.024434382209364565,-0.23182840396730583,0.9723009594938151,0.03138671875,0.0020703125,-0.11345703125,0.4609375,-0.19140625,9.42578125
110,71000000,imu2_frame,-0.01671452509520123,-0.02450850578403167,-0.232335693029697,0.9721831532892794,0.03138671875,0.0020703125,-0.11345703125,0.53515625,-0.3046875,9.4609375
110,91000000,imu2_frame,-0.016673921012030246,-0.024538830511669243,-0.23265640073368438,0.9721063858204263,0.00599609375,0.0001171875,-0.09392578125,0.53515625,-0.3046875,9.4609375
110,111000000,imu2_frame,-0.016508457707567967,-0.02455854012688451,-0.23297988671988415,0.972031234742456,0.00599609375,0.0001171875,-0.09392578125,0.4609375,-0.078125,9.46484375
110,131000000,imu2_frame,-0.01636701857411962,-0.024591471038454816,-0.2333018784238104,0.9719555616277326,0.00599609375,0.0001171875,-0.09392578125,0.49609375,-0.11328125,9.46484375
110,151000000,imu2_frame,-0.016267685548083603,-0.02461517057419666,-0.23362101726261797,0.9718799699951077,0.00599609375,0.0001171875,-0.09392578125,0.49609375,-0.19140625,9.42578125
110,171000000,imu2_frame,-0.016192724980224185,-0.02456565840328686,-0.23322534210130466,0.9719775017389329,0.00404296875,0.0059765625,-0.01970703125,0.49609375,-0.19140625,9.42578125
110,191000000,imu2_frame,-0.016191685781324815,-0.024478867931512372,-0.23283121055889985,0.9720741955869561,0.00404296875,0.0059765625,-0.01970703125,0.4609375,-0.34375,9.46484375
110,211000000,imu2_frame,-0.01605465206418133,-0.024425533349649024,-0.23244713255751603,0.9721697238823435,0.00404296875,0.0059765625,-0.01970703125,0.4609375,-0.078125,9.46484375
110,231000000,imu2_frame,-0.015961447320011625,-0.024381462322680746,-0.23206715074006043,0.9722631403287118,0.00404296875,0.0059765625,-0.01970703125,0.49609375,-0.15234375,9.46484375
110,251000000,imu2_frame,-0.015980179690153442,-0.02443464952876665,-0.23208586783218463,0.972257029654226,-0.00572265625,-0.0057421875,-0.06072265625,0.49609375,-0.15234375,9.46484375
110,271000000,imu2_frame,-0.016045816690549698,-0.024500948374615764,-0.2321021072426847,0.9722504035015789,-0.00572265625,-0.0057421875,-0.06072265625,0.53515625,-0.23046875,9.34375
110,291000000,imu2_frame,-0.01597636653871009,-0.024533795894979324,-0.23212258736812102,0.9722458295126462,-0.00572265625,-0.0057421875,-0.06072265625,0.421875,0.0,9.4609375
110,311000000,imu2_frame,-0.016082300356804705,-0.024606811850140315,-0.2321366785298675,0.9722388733777961,-0.00572265625,-0.0057421875,-0.06072265625,0.57421875,-0.3046875,9.46484375
110,331000000,imu2_frame,-0.01646036602940854,-0.02474025875768449,-0.23280749766310058,0.9720687449859842,-0.03306640625,-0.0174609375,-0.12908203125,0.57421875,-0.3046875,9.46484375
110,351000000,imu2_frame,-0.016844767486933792,-0.02482810102559319,-0.23346486627615667,0.9719022458161265,-0.03306640625,-0.0174609375,-0.12908203125,0.49609375,-0.34375,9.46484375
110,371000000,imu2_frame,-0.017097477689709505,-0.024905319825860844,-0.23411520852226447,0.9717394045934322,-0.03306640625,-0.0174609375,-0.12908203125,0.421875,-0.11328125,9.5
110,391000000,imu2_frame,-0.017550683110052628,-0.02503889900092626,-0.2347468010797067,0.9715755073292227,-0.03306640625,-0.0174609375,-0.12908203125,0.61328125,-0.4609375,9.421875
110,411000000,imu2_frame,-0.017809791788411314,-0.02508148147678589,-0.2356484625476769,0.9713513950689004,-0.01744140625,-0.0037890625,-0.15837890625,0.61328125,-0.4609375,9.421875
110,431000000,imu2_frame,-0.01790811861137765,-0.025078660937946137,-0.2365437355488841,0.9711320307898097,-0.01744140625,-0.0037890625,-0.15837890625,0.4609375,-0.19140625,9.4609375
110,451000000,imu2_frame,-0.017969736468451746,-0.025103661880160034,-0.2374305515991151,0.970913810746763,-0.01744140625,-0.0037890625,-0.15837890625,0.49609375,-0.11328125,9.46484375
110,471000000,imu2_frame,-0.018057042201078972,-0.025061372985866234,-0.2383058407289069,0.9706988189369042,-0.01744140625,-0.0037890625,-0.15837890625,0.3828125,-0.19140625,9.42578125
110,491000000,imu2_frame,-0.018052135547680627,-0.025256902655836695,-0.2388454183850189,0.9705612167127261,-0.0018164062499999999,-0.0252734375,-0.12517578125,0.3828125,-0.19140625,9.42578125
110,511000000,imu2_frame,-0.018123546554918372,-0.025513430102632736,-0.239376733883168,0.9704222695404805,-0.0018164062499999999,-0.0252734375,-0.12517578125,0.53515625,-0.3046875,9.4609375
110,531000000,imu2_frame,-0.01813098503703801,-0.025761863994361388,-0.2399041217226361,0.9702853220190509,-0.0018164062499999999,-0.0252734375,-0.12517578125,0.49609375,-0.19140625,9.4609375
110,551000000,imu2_frame,-0.018025860525120427,-0.025974968920553124,-0.2404306078450097,0.9701512728194426,-0.0018164062499999999,-0.0252734375,-0.12517578125,0.3828125,0.0,9.421875
110,571000000,imu2_frame,-0.01771134305796866,-0.026000761582565684,-0.2411258263737588,0.9699838166587016,0.01380859375,-0.0018359375,-0.14275390625,0.3828125,0.0,9.421875
110,591000000,imu2_frame,-0.017449744053374138,-0.026054795272249496,-0.2418170331689792,0.9698150218186691,0.01380859375,-0.0018359375,-0.14275390625,0.4609375,-0.078125,9.46484375
110,611000000,imu2_frame,-0.017267998944137608,-0.026087539217683108,-0.2425017280090861,0.9696464141235394,0.01380859375,-0.0018359375,-0.14275390625,0.4609375,-0.23046875,9.5
110,631000000,imu2_frame,-0.017063345135162507,-0.026188350891962656,-0.243184148602508,0.9694763959988046,0.01380859375,-0.0018359375,-0.14275390625,0.57421875,-0.15234375,9.4609375
110,651000000,imu2_frame,-0.016609871594693067,-0.026205104643178153,-0.24387339171603753,0.9693106692228061,0.01380859375,-0.0018359375,-0.14275390625,0.3046875,0.26953125,9.42578125
110,671000000,imu2_frame,-0.016334676852231257,-0.02624096754315545,-0.24455513780153515,0.9691425976240052,0.01380859375,-0.0018359375,-0.14275390625,0.421875,-0.0390625,9.42578125
110,691000000,imu2_frame,-0.016095346704501322,-0.026246344987175124,-0.24523263614977409,0.9689752439336665,0.01380859375,-0.0018359375,-0.14275390625,0.3828125,-0.11328125,9.421875
110,711000000,imu2_frame,-0.01593324992190024,-0.02629396693605114,-0.24590411954550967,0.9688064424023201,0.01380859375,-0.0018359375,-0.14275390625,0.49609375,-0.23046875,9.42578125
110,731000000,imu2_frame,-0.015876155288003267,-0.026181686370428746,-0.24516893936167178,0.9689967276334552,0.00404296875,0.0098828125,0.00373046875,0.49609375,-0.23046875,9.42578125
110,751000000,imu2_frame,-0.015799181926055193,-0.026074654004783777,-0.24444266108185378,0.9691843393865897,0.00404296875,0.0098828125,0.00373046875,0.49609375,-0.19140625,9.4609375
110,771000000,imu2_frame,-0.015723164113686454,-0.0259685796638699,-0.2437245460258539,0.9693692591809309,0.00404296875,0.0098828125,0.00373046875,0.49609375,-0.19140625,9.4609375
110,791000000,imu2_frame,-0.015608092973905837,-0.025873382234741733,-0.24301634877605813,0.9695514477081689,0.00404296875,0.0098828125,0.00373046875,0.49609375,-0.11328125,9.46484375
110,811000000,imu2_frame,-0.015534355766831518,-0.025769068343112576,-0.24231486935949909,0.9697309642343729,0.00404296875,0.0098828125,0.00373046875,0.49609375,-0.19140625,9.4609375
110,831000000,imu2_frame,-0.015618501841681355,-0.025627668272592115,-0.2416141019581716,0.9699081970754128,0.00404296875,0.0098828125,0.00373046875,0.49609375,-0.49609375,9.421875
110,851000000,imu2_frame,-0.015584017980045247,-0.025514814346579585,-0.24092429967058052,0.9700833028460482,0.00404296875,0.0098828125,0.00373046875,0.49609375,-0.26953125,9.50390625
110,871000000,imu2_frame,-0.015491588136348522,-0.025419872539014544,-0.2402444008290063,0.9702558779246977,0.00404296875,0.0098828125,0.00373046875,0.49609375,-0.15234375,9.421875
110,891000000,imu2_frame,-0.015447204788852167,-0.02542542155507075,-0.24081028292159876,0.9701161473979174,-0.0018164062499999999,0.0001171875,-0.12517578125,0.49609375,-0.15234375,9.421875
110,911000000,imu2_frame,-0.01541256175438706,-0.025386041049193283,-0.2413705876186437,0.9699784746542814,-0.0018164062499999999,0.0001171875,-0.12517578125,0.421875,-0.19140625,9.50390625
110,931000000,imu2_frame,-0.015310484578845105,-0.025405145842497957,-0.24192940336369181,0.9698403638820001,-0.0018164062499999999,0.0001171875,-0.12517578125,0.49609375,-0.0390625,9.46484375
110,951000000,imu2_frame,-0.01526734580958972,-0.025409365400936947,-0.24248165681474584,0.9697030052599755,-0.0018164062499999999,0.0001171875,-0.12517578125,0.49609375,-0.15234375,9.46484375
110,971000000,imu2_frame,-0.015200177290716639,-0.0254004916755682,-0.243030156698254,0.969566971677662,-0.0018164062499999999,0.0001171875,-0.12517578125,0.4609375,-0.11328125,9.46484375
110,991000000,imu2_frame,-0.015025762278061103,-0.025375412730225443,-0.2435789517813441,0.9694326222826605,-0.0018164062499999999,0.0001171875,-0.12517578125,0.3828125,0.078125,9.50390625
111,11000000,imu2_frame,-0.01501636503267894,-0.025415360921744828,-0.24411840118584208,0.9692960200129221,-0.0018164062499999999,0.0001171875,-0.12517578125,0.57421875,-0.19140625,9.421875
111,31000000,imu2_frame,-0.014830901719632335,-0.025415312325058084,-0.24466009579936465,0.9691622897002588,-0.0018164062499999999,0.0001171875,-0.12517578125,0.421875,0.11328125,9.4609375
111,51000000,imu2_frame,-0.0147727323622766,-0.025423408223072298,-0.24519391008618988,0.969028050754735,-0.0018164062499999999,0.0001171875,-0.12517578125,0.49609375,-0.11328125,9.46484375
111,71000000,imu2_frame,-0.01470513400929128,-0.02539265387181377,-0.2457235843274295,0.9688957076323518,-0.0018164062499999999,0.0001171875,-0.12517578125,0.421875,-0.11328125,9.5
111,91000000,imu2_frame,-0.014631216824116628,-0.02540729748731337,-0.24624976948638416,0.9687628439182314,-0.0018164062499999999,0.0001171875,-0.12517578125,0.49609375,-0.078125,9.38671875
111,111000000,imu2_frame,-0.014570558722978882,-0.025397097158872804,-0.24677122886272201,0.9686313266047022,-0.0018164062499999999,0.0001171875,-0.12517578125,0.4609375,-0.11328125,9.46484375
111,131000000,imu2_frame,-0.014520907378405983,-0.025342678150899713,-0.24728782387909184,0.968501741905605,-0.0018164062499999999,0.0001171875,-0.12517578125,0.3828125,-0.15234375,9.421875
111,151000000,imu2_frame,-0.014554127165845972,-0.025287929753549484,-0.2477966479935299,0.9683726138395234,-0.0018164062499999999,0.0001171875,-0.12517578125,0.421875,-0.3046875,9.46484375
111,171000000,imu2_frame,-0.014472236753193032,-0.025265221954875156,-0.24830528764088375,0.9682441360795884,-0.0018164062499999999,0.0001171875,-0.12517578125,0.421875,-0.078125,9.3828125
111,191000000,imu2_frame,-0.01439550821203883,-0.0252607171930139,-0.24881017847506337,0.9681157785086548,-0.0018164062499999999,0.0001171875,-0.12517578125,0.4609375,-0.078125,9.46484375
111,211000000,imu2_frame,-0.014279755119775247,-0.02521828289623859,-0.24831855682456752,0.9682448146713973,0.00404296875,0.0040234375,-0.02166015625,0.4609375,-0.078125,9.46484375
111,231000000,imu2_frame,-0.014218026225376074,-0.02514133879274632,-0.24783092289334505,0.968372652686865,0.00404296875,0.0040234375,-0.02166015625,0.421875,-0.19140625,9.46484375
111,251000000,imu2_frame,-0.014220842821707878,-0.025071052276617337,-0.24734625251834053,0.9684983434845497,0.00404296875,0.0040234375,-0.02166015625,0.4609375,-0.3046875,9.42578125
111,271000000,imu2_frame,-0.014190264995037283,-0.02502920422371962,-0.24686786154545917,0.9686219253409815,0.00404296875,0.0040234375,-0.02166015625,0.49609375,-0.23046875,9.42578125
111,291000000,imu2_frame,-0.014139436741588934,-0.024991984895554847,-0.2463954559034824,0.9687439064735975,0.00404296875,0.0040234375,-0.02166015625,0.49609375,-0.19140625,9.4609375
111,311000000,imu2_frame,-0.014139950065160315,-0.024985766410827528,-0.24592635833444768,0.9688632512204058,0.00404296875,0.0040234375,-0.02166015625,0.57421875,-0.26953125,9.42578125
111,331000000,imu2_frame,-0.014207366515677654,-0.025003707935260064,-0.2454589765854015,0.9689803177257136,0.00404296875,0.0040234375,-0.02166015625,0.65234375,-0.3828125,9.46484375
111,351000000,imu2_frame,-0.01410736250085953,-0.02493965979214579,-0.24500167690196908,0.9690991559215933,0.00404296875,0.0040234375,-0.02166015625,0.421875,-0.11328125,9.42578125
111,371000000,imu2_frame,-0.014116250159331972,-0.024889379231227544,-0.2445457874938847,0.9692154601026126,0.00404296875,0.0040234375,-0.02166015625,0.49609375,-0.3046875,9.42578125
111,391000000,imu2_frame,-0.014047035875105661,-0.02485942216711337,-0.24409764917797863,0.9693301953299636,0.00404296875,0.0040234375,-0.02166015625,0.49609375,-0.15234375,9.421875
111,411000000,imu2_frame,-0.01387558194932011,-0.024835262862843963,-0.24365931416727873,0.9694435602775607,0.00404296875,0.0040234375,-0.02166015625,0.4609375,0.0390625,9.46484375
111,431000000,imu2_frame,-0.0138862306167793,-0.02478502052335997,-0.24321991223619513,0.969555026622384,0.00404296875,0.0040234375,-0.02166015625,0.49609375,-0.3046875,9.4609375
111,451000000,imu2_frame,-0.014384397804937435,-0.024416937091813282,-0.2431505930352345,0.9695744898611233,-0.05259765625,0.0235546875,-0.05876953125,0.49609375,-0.3046875,9.4609375
111,471000000,imu2_frame,-0.0148312058625557,-0.024025649111288225,-0.24307669175868785,0.9695960630288757,-0.05259765625,0.0235546875,-0.05876953125,0.421875,-0.23046875,9.421875
111,491000000,imu2_frame,-0.015242673725182261,-0.023686064485845964,-0.242998878508209,0.9696175412453267,-0.05259765625,0.0235546875,-0.05876953125,0.49609375,-0.15234375,9.46484375
111,511000000,imu2_frame,-0.01570575211942635,-0.02331753608169888,-0.2429134187461435,0.9696404967071571,-0.05259765625,0.0235546875,-0.05876953125,0.4609375,-0.26953125,9.46484375
111,531000000,imu2_frame,-0.016108554921874484,-0.022985449997184652,-0.2428248061615429,0.9696640124596586,-0.05259765625,0.0235546875,-0.05876953125,0.49609375,-0.15234375,9.50390625
111,551000000,imu2_frame,-0.016528264317319658,-0.022653382394956612,-0.24273043253512766,0.9696883921477222,-0.05259765625,0.0235546875,-0.05876953125,0.49609375,-0.19140625,9.4609375
111,571000000,imu2_frame,-0.016924707954034217,-0.022331295348187213,-0.24263183350780348,0.969713700469053,-0.05259765625,0.0235546875,-0.05876953125,0.49609375,-0.15234375,9.421875
111,591000000,imu2_frame,-0.01739561971586215,-0.021993396052433934,-0.24252510887259393,0.9697397870104735,-0.05259765625,0.0235546875,-0.05876953125,0.49609375,-0.3046875,9.42578125
111,611000000,imu2_frame,-0.01775398524431638,-0.021645420460788815,-0.24241690368127122,0.9697681767260697,-0.05259765625,0.0235546875,-0.05876953125,0.421875,-0.11328125,9.4609375
111,631000000,imu2_frame,-0.018114619366560798,-0.021322420558236986,-0.24230463156409682,0.9697967212098263,-0.05259765625,0.0235546875,-0.05876953125,0.4609375,-0.11328125,9.421875
111,651000000,imu2_frame,-0.01854159010296315,-0.021026191274226124,-0.24218570433114703,0.9698248261075707,-0.05259765625,0.0235546875,-0.05876953125,0.53515625,-0.23046875,9.42578125
111,671000000,imu2_frame,-0.018963889161056676,-0.020732746789141648,-0.24206173795472055,0.9698539267007197,-0.05259765625,0.0235546875,-0.05876953125,0.53515625,-0.23046875,9.4609375
111,691000000,imu2_frame,-0.01929025261298021,-0.02040529950869259,-0.24193605304467133,0.969885795412663,-0.05259765625,0.0235546875,-0.05876953125,0.421875,-0.078125,9.42578125
111,711000000,imu2_frame,-0.01961791825664786,-0.020099887495968662,-0.24180694524605767,0.9699177970512217,-0.05259765625,0.0235546875,-0.05876953125,0.4609375,-0.078125,9.50390625
111,731000000,imu2_frame,-0.020057143962159386,-0.019834720652570588,-0.2416702645205162,0.9699483378403715,-0.05259765625,0.0235546875,-0.05876953125,0.57421875,-0.26953125,9.3828125
111,751000000,imu2_frame,-0.020372834009242495,-0.019516549601746962,-0.2415324059350073,0.9699825507756938,-0.05259765625,0.0235546875,-0.05876953125,0.421875,-0.078125,9.5
111,771000000,imu2_frame,-0.020749070346912,-0.019208498230899946,-0.24138888869699568,0.9700164504218894,-0.05259765625,0.0235546875,-0.05876953125,0.4609375,-0.19140625,9.4609375
111,791000000,imu2_frame,-0.021135505124956256,-0.018960889329085535,-0.24124152774831212,0.9700496381055062,-0.05259765625,0.0235546875,-0.05876953125,0.57421875,-0.19140625,9.50390625
111,811000000,imu2_frame,-0.021455263581822644,-0.01863051216981673,-0.24109106249809084,0.9700864266983981,-0.05259765625,0.0235546875,-0.05876953125,0.3828125,-0.11328125,9.421875
111,831000000,imu2_frame,-0.021876000345556344,-0.018381242610696392,-0.24093452242695965,0.970120676221191,-0.05259765625,0.0235546875,-0.05876953125,0.57421875,-0.26953125,9.4609375
111,851000000,imu2_frame,-0.022198468767925788,-0.01809714730145089,-0.24077629124314584,0.970157976217845,-0.05259765625,0.0235546875,-0.05876953125,0.4609375,-0.11328125,9.46484375
111,871000000,imu2_frame,-0.022602413315927345,-0.017814594732865435,-0.2406115409186404,0.9701947523582867,-0.05259765625,0.0235546875,-0.05876953125,0.49609375,-0.26953125,9.46484375
111,891000000,imu2_frame,-0.02297328300579596,-0.017502645325476244,-0.24044294310050707,0.9702335166276789,-0.05259765625,0.0235546875,-0.05876953125,0.421875,-0.23046875,9.46484375
111,911000000,imu2_frame,-0.02328582315493946,-0.01722937919389428,-0.24027316573356453,0.9702730155791003,-0.05259765625,0.0235546875,-0.05876953125,0.4609375,-0.11328125,9.46484375
111,931000000,imu2_frame,-0.02368486537271767,-0.01697754363845988,-0.24009729867493704,0.9703113301066202,-0.05259765625,0.0235546875,-0.05876953125,0.53515625,-0.26953125,9.46484375
111,951000000,imu2_frame,-0.023986022931330335,-0.016690981799013762,-0.23992003129031914,0.9703527505068325,-0.05259765625,0.0235546875,-0.05876953125,0.421875,-0.11328125,9.4609375
111,971000000,imu2_frame,-0.024378717825191604,-0.0164458991630811,-0.23973713020004223,0.9703923530826928,-0.05259765625,0.0235546875,-0.05876953125,0.53515625,-0.26953125,9.46484375
111,991000000,imu2_frame,-0.02470292274110992,-0.01619891785231708,-0.2395524223927421,0.970433922322499,-0.05259765625,0.0235546875,-0.05876953125,0.49609375,-0.15234375,9.46484375
112,11000000,imu2_frame,-0.024999771095789533,-0.015942011084429934,-0.23936529108625362,0.9704767494128519,-0.05259765625,0.0235546875,-0.05876953125,0.4609375,-0.11328125,9.46484375
112,31000000,imu2_frame,-0.025339056333938056,-0.015697308722669074,-0.23917400311582093,0.9705190997381371,-0.05259765625,0.0235546875,-0.05876953125,0.49609375,-0.19140625,9.42578125
112,51000000,imu2_frame,-0.025694646313367365,-0.015449934461316584,-0.23897859799392235,0.9705618549978313,-0.05259765625,0.0235546875,-0.05876953125,0.49609375,-0.23046875,9.4609375
112,71000000,imu2_frame,-0.026129688361991008,-0.015206378843796966,-0.23877663447937655,0.9706037936538608,-0.05259765625,0.0235546875,-0.05876953125,0.53515625,-0.3828125,9.46484375
112,91000000,imu2_frame,-0.026375890986773693,-0.014972623740820595,-0.2385769546949783,0.9706498697272049,-0.05259765625,0.0235546875,-0.05876953125,0.4609375,-0.0390625,9.421875
112,111000000,imu2_frame,-0.02666692929199897,-0.014769251699500429,-0.23837434380778771,0.9706948111021193,-0.05259765625,0.0235546875,-0.05876953125,0.53515625,-0.11328125,9.46484375
112,131000000,imu2_frame,-0.026966596854869334,-0.01452662098853625,-0.2381679454520057,0.9707408560969775,-0.05259765625,0.0235546875,-0.05876953125,0.4609375,-0.15234375,9.421875
112,151000000,imu2_frame,-0.027251800419168748,-0.01432785296435854,-0.237960309656507,0.9707867649651621,-0.05259765625,0.0235546875,-0.05876953125,0.53515625,-0.11328125,9.50390625
112,171000000,imu2_frame,-0.027649892957250802,-0.014085518843785338,-0.23774508820597365,0.9708317849206873,-0.05259765625,0.0235546875,-0.05876953125,0.49609375,-0.34375,9.38671875
112,191000000,imu2_frame,-0.02792991468029345,-0.013894805500759659,-0.23753108954342733,0.9708788985997996,-0.05259765625,0.0235546875,-0.05876953125,0.53515625,-0.11328125,9.421875
112,211000000,imu2_frame,-0.028202471516703492,-0.013686519499228136,-0.23731458487898785,0.970926921857696,-0.05259765625,0.0235546875,-0.05876953125,0.49609375,-0.11328125,9.421875
112,231000000,imu2_frame,-0.02852769149380531,-0.01344719738598386,-0.2370932187941859,0.9709748448349776,-0.05259765625,0.0235546875,-0.05876953125,0.4609375,-0.23046875,9.4609375
112,251000000,imu2_frame,-0.02881549383503724,-0.013240601661036128,-0.2368709365696779,0.9710234359639835,-0.05259765625,0.0235546875,-0.05876953125,0.49609375,-0.15234375,9.38671875
112,271000000,imu2_frame,-0.029104422783249238,-0.01305470931836748,-0.23664667532073172,0.9710720149395261,-0.05259765625,0.0235546875,-0.05876953125,0.53515625,-0.15234375,9.46484375
112,291000000,imu2_frame,-0.029417988427954216,-0.012805116674617558,-0.23641752798573912,0.9711217037039769,-0.05259765625,0.0235546875,-0.05876953125,0.421875,-0.23046875,9.38671875
112,311000000,imu2_frame,-0.029799400069492017,-0.012600931528934595,-0.23618428873254282,0.9711694980980428,-0.05259765625,0.0235546875,-0.05876953125,0.53515625,-0.34375,9.46484375
112,331000000,imu2_frame,-0.030172420781597122,-0.012379640117670284,-0.23594704224004617,0.9712184938482736,-0.05259765625,0.0235546875,-0.05876953125,0.49609375,-0.34375,9.46484375
112,351000000,imu2_frame,-0.030603268683628178,-0.012147653409244872,-0.2357037623041902,0.9712670131833864,-0.05259765625,0.0235546875,-0.05876953125,0.49609375,-0.4609375,9.421875
112,371000000,imu2_frame,-0.030813933805834352,-0.011887713084224072,-0.23546291307633285,0.971321985917463,-0.05259765625,0.0235546875,-0.05876953125,0.34375,-0.078125,9.46484375
112,391000000,imu2_frame,-0.031155349842978148,-0.011746222921868549,-0.2352195489833753,0.9713717795979503,-0.05259765625,0.0235546875,-0.05876953125,0.61328125,-0.26953125,9.421875
112,411000000,imu2_frame,-0.03148599481177122,-0.01150262529231207,-0.23497065568422235,0.9714242701875553,-0.05259765625,0.0235546875,-0.05876953125,0.421875,-0.3046875,9.50390625
112,431000000,imu2_frame,-0.031771780522395876,-0.011252207050976933,-0.2347201888919034,0.9714784478955094,-0.05259765625,0.0235546875,-0.05876953125,0.3828125,-0.23046875,9.4609375
112,451000000,imu2_frame,-0.03205456396044873,-0.011088742030530273,-0.23447001288261804,0.9715314497165343,-0.05259765625,0.0235546875,-0.05876953125,0.53515625,-0.19140625,9.42578125
112,471000000,imu2_frame,-0.0321972613158057,-0.010877975375808794,-0.23422120001780639,0.9715891289417065,-0.05259765625,0.0235546875,-0.05876953125,0.3828125,0.0390625,9.421875
112,491000000,imu2_frame,-0.03245085000807861,-0.010703057555732899,-0.23396966223846796,0.9716432390773524,-0.05259765625,0.0235546875,-0.05876953125,0.49609375,-0.15234375,9.46484375
112,511000000,imu2_frame,-0.032717893385073506,-0.010507717288459222,-0.23371539109108277,0.9716976089797541,-0.05259765625,0.0235546875,-0.05876953125,0.4609375,-0.19140625,9.4609375
112,531000000,imu2_frame,-0.03289509948315295,-0.010294508675473437,-0.23346179119673685,0.9717548701047685,-0.05259765625,0.0235546875,-0.05876953125,0.3828125,-0.0390625,9.421875
112,551000000,imu2_frame,-0.03316267655308999,-0.010122293135887993,-0.23320585786871872,0.971809036756307,-0.05259765625,0.0235546875,-0.05876953125,0.49609375,-0.19140625,9.4609375
112,571000000,imu2_frame,-0.03337906102655077,-0.009924769759060486,-0.2329490312797889,0.9718652612662022,-0.05259765625,0.0235546875,-0.05876953125,0.421875,-0.11328125,9.42578125
112,591000000,imu2_frame,-0.03359359748848988,-0.00972971652911256,-0.23269128393814914,0.9719215859333818,-0.05259765625,0.0235546875,-0.05876953125,0.421875,-0.11328125,9.42578125
112,611000000,imu2_frame,-0.03387076298577383,-0.009541951486764448,-0.2324306183613229,0.9719761983838694,-0.05259765625,0.0235546875,-0.05876953125,0.4609375,-0.23046875,9.4609375
112,631000000,imu2_frame,-0.03410596603910056,-0.00936721003532622,-0.23216973317193906,0.9720320228549904,-0.05259765625,0.0235546875,-0.05876953125,0.4609375,-0.15234375,9.421875
112,651000000,imu2_frame,-0.03435370531415989,-0.009168956611580799,-0.23190637413937873,0.9720880550646476,-0.05259765625,0.0235546875,-0.05876953125,0.421875,-0.19140625,9.46484375
112,671000000,imu2_frame,-0.03459996755675593,-0.008974138953685777,-0.23164163992655018,0.9721442576733403,-0.05259765625,0.0235546875,-0.05876953125,0.421875,-0.19140625,9.421875
112,691000000,imu2_frame,-0.03495643679649824,-0.008816556610379427,-0.23137289453701607,0.9721969448262998,-0.05259765625,0.0235546875,-0.05876953125,0.53515625,-0.3828125,9.421875
112,711000000,imu2_frame,-0.035146937824425864,-0.008595245846542976,-0.23110438516812945,0.9722559218983777,-0.05259765625,0.0235546875,-0.05876953125,0.34375,-0.11328125,9.46484375
112,731000000,imu2_frame,-0.03541465338695396,-0.008440470414770099,-0.23083487071893452,0.9723115875298577,-0.05259765625,0.0235546875,-0.05876953125,0.49609375,-0.23046875,9.4609375
112,751000000,imu2_frame,-0.03569559218429583,-0.008265000383802304,-0.2305624445508512,0.9723674581299006,-0.05259765625,0.0235546875,-0.05876953125,0.4609375,-0.26953125,9.46484375
112,771000000,imu2_frame,-0.035846330798933644,-0.008079981829655627,-0.23029197597571652,0.9724275604193281,-0.05259765625,0.0235546875,-0.05876953125,0.3828125,-0.0390625,9.46484375
112,791000000,imu2_frame,-0.03621657275611111,-0.007949695815171841,-0.23001620859032146,0.9724801828212138,-0.05259765625,0.0235546875,-0.05876953125,0.57421875,-0.421875,9.421875
112,811000000,imu2_frame,-0.03643084093369879,-0.007796293297353552,-0.22974132263927355,0.9725383983738856,-0.05259765625,0.0235546875,-0.05876953125,0.4609375,-0.15234375,9.421875
112,831000000,imu2_frame,-0.03666697023365858,-0.007657308706028647,-0.22946530616543137,0.9725957907495124,-0.05259765625,0.0235546875,-0.05876953125,0.49609375,-0.19140625,9.4609375
112,851000000,imu2_frame,-0.03695984077140023,-0.007507328635841471,-0.22918582693979608,0.9726517706336776,-0.05259765625,0.0235546875,-0.05876953125,0.49609375,-0.3046875,9.42578125
112,871000000,imu2_frame,-0.037146766472897365,-0.007363841179083884,-0.2289078431719699,0.9727112063290184,-0.05259765625,0.0235546875,-0.05876953125,0.4609375,-0.11328125,9.46484375
112,891000000,imu2_frame,-0.03744006127482616,-0.007238067574737557,-0.22862659598812052,0.9727670490905855,-0.05259765625,0.0235546875,-0.05876953125,0.53515625,-0.3046875,9.42578125
112,911000000,imu2_frame,-0.0375550633924442,-0.0070720074412035806,-0.22834757025541255,0.9728293740850913,-0.05259765625,0.0235546875,-0.05876953125,0.3828125,0.0,9.46484375
112,931000000,imu2_frame,-0.03780589647734737,-0.006958281568730831,-0.22806674621208833,0.9728863529628655,-0.05259765625,0.0235546875,-0.05876953125,0.53515625,-0.23046875,9.4609375
112,951000000,imu2_frame,-0.038020646533824115,-0.006792843121457358,-0.22778382383412596,0.9729454338856733,-0.05259765625,0.0235546875,-0.05876953125,0.421875,-0.19140625,9.46484375
112,971000000,imu2_frame,-0.03803697616184762,-0.006676734405858448,-0.22750812477237534,0.9730101041739978,-0.05259765625,0.0235546875,-0.05876953125,0.421875,0.19140625,9.421875
112,991000000,imu2_frame,-0.03811639107867904,-0.00656717859647305,-0.22723302916972826,0.9730720237221748,-0.05259765625,0.0235546875,-0.05876953125,0.4609375,0.078125,9.46484375
113,11000000,imu2_frame,-0.03837938597905677,-0.00643701625865636,-0.22695269827942613,0.9731279773479149,-0.05259765625,0.0235546875,-0.05876953125,0.49609375,-0.26953125,9.38671875
113,31000000,imu2_frame,-0.0385309004982473,-0.006291091477270327,-0.22667366576063708,0.9731879783091517,-0.05259765625,0.0235546875,-0.05876953125,0.421875,-0.078125,9.5
113,51000000,imu2_frame,-0.03874917102981097,-0.006173214840895687,-0.22639367520966078,0.9732452399000435,-0.05259765625,0.0235546875,-0.05876953125,0.49609375,-0.19140625,9.42578125
113,71000000,imu2_frame,-0.03898070140835229,-0.006033469531859645,-0.22611153611072463,0.9733024583349051,-0.05259765625,0.0235546875,-0.05876953125,0.4609375,-0.23046875,9.4609375
113,91000000,imu2_frame,-0.03921502336583581,-0.0059145714325367195,-0.22582890783313833,0.9733593910648207,-0.05259765625,0.0235546875,-0.05876953125,0.49609375,-0.23046875,9.42578125
113,111000000,imu2_frame,-0.03934441462584374,-0.005802385433571528,-0.22554863323330374,0.9734198289574846,-0.05259765625,0.0235546875,-0.05876953125,0.4609375,-0.0390625,9.421875
113,131000000,imu2_frame,-0.039590612549395963,-0.005663089026439936,-0.22526423747458993,0.9734765205877509,-0.05259765625,0.0235546875,-0.05876953125,0.4609375,-0.26953125,9.46484375
113,151000000,imu2_frame,-0.03971111863354351,-0.005531549802919161,-0.22498267233155644,0.9735374806160275,-0.05259765625,0.0235546875,-0.05876953125,0.421875,-0.0390625,9.5390625
113,171000000,imu2_frame,-0.03990403955358083,-0.005450051457028267,-0.22470139249498983,0.9735950127117715,-0.05259765625,0.0235546875,-0.05876953125,0.53515625,-0.15234375,9.38671875
113,191000000,imu2_frame,-0.04008055561639268,-0.005309672837856591,-0.2244179192094235,0.973653918994603,-0.05259765625,0.0235546875,-0.05876953125,0.421875,-0.15234375,9.4609375
113,211000000,imu2_frame,-0.04032027661958097,-0.005177191095766863,-0.22413253591302326,0.9737104694573617,-0.05259765625,0.0235546875,-0.05876953125,0.4609375,-0.26953125,9.46484375
113,231000000,imu2_frame,-0.04040383449083511,-0.005102431141844384,-0.2238528930876213,0.9737717276709065,-0.05259765625,0.0235546875,-0.05876953125,0.49609375,0.0390625,9.421875
113,251000000,imu2_frame,-0.040639918317841,-0.004972028452703213,-0.2235677284451374,0.9738280889202499,-0.05259765625,0.0235546875,-0.05876953125,0.4609375,-0.26953125,9.50390625
113,271000000,imu2_frame,-0.040760552839234916,-0.0048896587214114695,-0.22328673330160373,0.9738879315924018,-0.05259765625,0.0235546875,-0.05876953125,0.49609375,-0.0390625,9.46484375
113,291000000,imu2_frame,-0.04097428241306202,-0.004767848301336005,-0.22300204994140474,0.9739447938796333,-0.05259765625,0.0235546875,-0.05876953125,0.4609375,-0.23046875,9.4609375
113,311000000,imu2_frame,-0.04116135711654145,-0.004632255415218241,-0.2227167944983042,0.9740028307651334,-0.05259765625,0.0235546875,-0.05876953125,0.421875,-0.19140625,9.46484375
113,331000000,imu2_frame,-0.041384820599158094,-0.004572047114461721,-0.22243293246472456,0.9740585113658737,-0.05259765625,0.0235546875,-0.05876953125,0.57421875,-0.23046875,9.46484375
113,351000000,imu2_frame,-0.04146082237270824,-0.004422582722240184,-0.2221490994920835,0.9741207412662458,-0.05259765625,0.0235546875,-0.05876953125,0.34375,0.0,9.421875
113,371000000,imu2_frame,-0.041628217577618316,-0.004316332559309071,-0.22186559970825487,0.9741786881474284,-0.05259765625,0.0235546875,-0.05876953125,0.4609375,-0.15234375,9.46484375
113,391000000,imu2_frame,-0.0418773441557396,-0.004212626070832002,-0.2215796172004148,0.9742335526296386,-0.05259765625,0.0235546875,-0.05876953125,0.49609375,-0.3046875,9.42578125
113,411000000,imu2_frame,-0.04208113488332242,-0.004100424965037779,-0.22129322599270118,0.9742903431379072,-0.05259765625,0.0235546875,-0.05876953125,0.4609375,-0.23046875,9.4609375
113,431000000,imu2_frame,-0.04228787076179711,-0.004008764092965521,-0.22100687596101315,0.9743467691611821,-0.05259765625,0.0235546875,-0.05876953125,0.49609375,-0.23046875,9.42578125
113,451000000,imu2_frame,-0.04240541503319503,-0.003898151432995665,-0.2207217398596468,0.9744067419433213,-0.05259765625,0.0235546875,-0.05876953125,0.421875,-0.078125,9.42578125
113,471000000,imu2_frame,-0.042628596169214085,-0.0038038489658150437,-0.2204348215581093,0.9744623250625608,-0.05259765625,0.0235546875,-0.05876953125,0.49609375,-0.26953125,9.46484375
113,491000000,imu2_frame,-0.04276537860062305,-0.0037112311106400147,-0.22014957025737866,0.9745211726136485,-0.05259765625,0.0235546875,-0.05876953125,0.4609375,-0.11328125,9.46484375
113,511000000,imu2_frame,-0.04288290995982735,-0.0036239795233575667,-0.2198655547208369,0.9745804536584398,-0.05259765625,0.0235546875,-0.05876953125,0.4609375,-0.078125,9.46484375
113,531000000,imu2_frame,-0.04318463628693067,-0.0035360677838554167,-0.2195767258392804,0.9746325691680405,-0.05259765625,0.0235546875,-0.05876953125,0.53515625,-0.421875,9.4609375
113,551000000,imu2_frame,-0.04347999781688278,-0.0034305248866105054,-0.21928503063407903,0.9746854860049252,-0.05259765625,0.0235546875,-0.05876953125,0.49609375,-0.421875,9.42578125
113,571000000,imu2_frame,-0.043629020303508105,-0.0033391848919882405,-0.21899610600873876,0.9747441017952468,-0.05259765625,0.0235546875,-0.05876953125,0.4609375,-0.15234375,9.46484375
113,591000000,imu2_frame,-0.043817568579954516,-0.0032409568022418334,-0.21870596840222595,0.9748011162632055,-0.05259765625,0.0235546875,-0.05876953125,0.4609375,-0.23046875,9.42578125
113,611000000,imu2_frame,-0.043968273989266046,-0.0031715087290599643,-0.21841775753961098,0.974859177320578,-0.05259765625,0.0235546875,-0.05876953125,0.49609375,-0.15234375,9.421875
113,631000000,imu2_frame,-0.044181692740017875,-0.0031085609377312523,-0.2181281798238744,0.9749145665350614,-0.05259765625,0.0235546875,-0.05876953125,0.53515625,-0.26953125,9.46484375
113,651000000,imu2_frame,-0.044345021391349285,-0.0030185896241269874,-0.21783813538952845,0.9749722836904111,-0.05259765625,0.0235546875,-0.05876953125,0.4609375,-0.19140625,9.42578125
113,671000000,imu2_frame,-0.04440815140418877,-0.002952179525361879,-0.21755209273809675,0.9750334802816708,-0.05259765625,0.0235546875,-0.05876953125,0.4609375,0.0,9.421875
113,691000000,imu2_frame,-0.04455233402110617,-0.002885081780757566,-0.2172653117045316,0.9750910471162798,-0.05259765625,0.0235546875,-0.05876953125,0.49609375,-0.15234375,9.50390625
113,711000000,imu2_frame,-0.044691706908845004,-0.002801935006869845,-0.21697831416786792,0.9751488151429305,-0.05259765625,0.0235546875,-0.05876953125,0.4609375,-0.15234375,9.46484375
113,731000000,imu2_frame,-0.04471793071416347,-0.0026816329687678704,-0.21669347417192983,0.9752112867315285,-0.05259765625,0.0235546875,-0.05876953125,0.34375,0.0390625,9.46484375
113,751000000,imu2_frame,-0.044880212872444,-0.0026146643588332756,-0.21640918540288476,0.975267140067825,-0.05259765625,0.0235546875,-0.05876953125,0.49609375,-0.19140625,9.4609375
113,771000000,imu2_frame,-0.04510001701201335,-0.0025366135272773494,-0.216122711186297,0.9753207307172415,-0.05259765625,0.0235546875,-0.05876953125,0.49609375,-0.3046875,9.42578125
113,791000000,imu2_frame,-0.04524374376626265,-0.0024976805325432764,-0.2158391900031017,0.9753769575404041,-0.05259765625,0.0235546875,-0.05876953125,0.53515625,-0.15234375,9.421875
113,811000000,imu2_frame,-0.04528966889421248,-0.002397376558807098,-0.215556193490954,0.9754376586562457,-0.05259765625,0.0235546875,-0.05876953125,0.3828125,0.0,9.46484375
113,831000000,imu2_frame,-0.04540253864696641,-0.0023254879355622316,-0.21527440647458626,0.9754948136752377,-0.05259765625,0.0235546875,-0.05876953125,0.4609375,-0.11328125,9.46484375
113,851000000,imu2_frame,-0.04553510229826761,-0.0022511627211432173,-0.2149927364399537,0.9755509264016665,-0.05259765625,0.0235546875,-0.05876953125,0.4609375,-0.15234375,9.421875
113,871000000,imu2_frame,-0.04570675915273345,-0.0021689048451179298,-0.2147100344940097,0.975605344956201,-0.05259765625,0.0235546875,-0.05876953125,0.4609375,-0.23046875,9.42578125
113,891000000,imu2_frame,-0.04583658392435278,-0.0020969202765836123,-0.21442879987462624,0.9756612630845948,-0.05259765625,0.0235546875,-0.05876953125,0.4609375,-0.15234375,9.421875
113,911000000,imu2_frame,-0.04596465643730335,-0.002024989293369404,-0.2141481199543831,0.9757170350552283,-0.05259765625,0.0235546875,-0.05876953125,0.4609375,-0.15234375,9.46484375
113,931000000,imu2_frame,-0.0461123009531178,-0.0019505748116338275,-0.21386728477630249,0.9757718152627309,-0.05259765625,0.0235546875,-0.05876953125,0.4609375,-0.19140625,9.42578125
113,951000000,imu2_frame,-0.04625805310727503,-0.0018764833789938222,-0.2135867064957305,0.9758265164162939,-0.05259765625,0.0235546875,-0.05876953125,0.4609375,-0.19140625,9.4609375
113,971000000,imu2_frame,-0.04640249406894201,-0.0018035109582410975,-0.2133064324822584,0.9758811002135953,-0.05259765625,0.0235546875,-0.05876953125,0.4609375,-0.19140625,9.4609375
113,991000000,imu2_frame,-0.046545635205967176,-0.001731643282325269,-0.21302648081081293,0.9759355633074226,-0.05259765625,0.0235546875,-0.05876953125,0.4609375,-0.19140625,9.4609375
114,11000000,imu2_frame,-0.0466874877875705,-0.0016608662412441672,-0.21274686922805355,0.9759899024278251,-0.05259765625,0.0235546875,-0.05876953125,0.4609375,-0.19140625,9.4609375
114,31000000,imu2_frame,-0.04683392009941107,-0.0014082684200345153,-0.21627790019704538,0.9752068860475382,-0.05259765625,0.0235546875,-0.05876953125,0.4609375,-0.19140625,9.4609375
114,51000000,imu2_frame,-0.0469777900336301,-0.0011573059534736667,-0.21977159162047596,0.9744189013987203,-0.05259765625,0.0235546875,-0.05876953125,0.4609375,-0.19140625,9.4609375
114,71000000,imu2_frame,-0.04711971221763475,-0.0009087862610807315,-0.22322828466930852,0.9736262320581021,-0.05259765625,0.0235546875,-0.05876953125,0.4609375,-0.19140625,9.42578125
114,91000000,imu2_frame,-0.04725858520539481,-0.0006611117456680443,-0.22664827303794705,0.9728292498607145,-0.05259765625,0.0235546875,-0.05876953125,0.4609375,-0.19140625,9.4609375
114,111000000,imu2_frame,-0.04737495592246506,-0.0004197744872996409,-0.2300325914618145,0.9720290346517877,-0.05259765625,0.0235546875,-0.05876953125,0.4609375,-0.15234375,9.46484375
114,131000000,imu2_frame,-0.047509218287066377,-0.00017541178532836328,-0.23338044472870728,0.9712241818584875,-0.05259765625,0.0235546875,-0.05876953125,0.4609375,-0.19140625,9.4609375
114,151000000,imu2_frame,-0.04764615446403156,4.842383835759731e-05,-0.23669305716333205,0.9704154977691759,-0.05259765625,0.0235546875,-0.05876953125,0.49609375,-0.19140625,9.42578125
114,171000000,imu2_frame,-0.047780234404857035,0.000271636589838317,-0.2399699405778178,0.96960373505513,-0.05259765625,0.0235546875,-0.05876953125,0.49609375,-0.19140625,9.4609375
114,191000000,imu2_frame,-0.04790755066603474,0.0005113218581872125,-0.24321102619027538,0.968789451779184,-0.05259765625,0.0235546875,-0.05876953125,0.4609375,-0.19140625,9.4609375
114,211000000,imu2_frame,-0.04803322583182531,0.0007485331828656842,-0.24641743468075758,0.9679724669636104,-0.05259765625,0.0235546875,-0.05876953125,0.4609375,-0.19140625,9.42578125
114,231000000,imu2_frame,-0.04816078229755506,0.0009669066844218927,-0.24958989328858275,0.9671527745439937,-0.05259765625,0.0235546875,-0.05876953125,0.49609375,-0.19140625,9.4609375
114,251000000,imu2_frame,-0.048282104213860234,0.0012009129975074295,-0.25272754556096777,0.9663313013327175,-0.05259765625,0.0235546875,-0.05876953125,0.4609375,-0.19140625,9.42578125
114,271000000,imu2_frame,-0.048406109564225176,0.001415255448214672,-0.25583191737688,0.9655075741081174,-0.05259765625,0.0235546875,-0.05876953125,0.49609375,-0.19140625,9.42578125
114,291000000,imu2_frame,-0.048527462603495795,0.0016289361879684992,-0.2589025355836855,0.9646822839715159,-0.05259765625,0.0235546875,-0.05876953125,0.49609375,-0.19140625,9.4609375
114,311000000,imu2_frame,-0.04864192103241444,0.0018589746288930047,-0.2619393180274961,0.9638559546959783,-0.05259765625,0.0235546875,-0.05876953125,0.4609375,-0.19140625,9.4609375
114,331000000,imu2_frame,-0.04875437393262178,0.002087305335362579,-0.26494337688957526,0.9630283802781846,-0.05259765625,0.0235546875,-0.05876953125,0.4609375,-0.19140625,9.4609375
114,351000000,imu2_frame,-0.048864857150373905,0.0023139279868352935,-0.26791503049668175,0.962199775466045,-0.05259765625,0.0235546875,-0.05876953125,0.4609375,-0.19140625,9.4609375
114,371000000,imu2_frame,-0.048974015197688674,0.00253807309370903,-0.27085460440923836,0.9613703174587318,-0.05259765625,0.0235546875,-0.05876953125,0.4609375,-0.19140625,9.42578125
114,391000000,imu2_frame,-0.04908127123907822,0.0027605204167897223,-0.27376238418762,0.9605402466031783,-0.05259765625,0.0235546875,-0.05876953125,0.4609375,-0.19140625,9.42578125
114,411000000,imu2_frame,-0.04918665937670339,0.002981270822592208,-0.27663868377455897,0.9597097598769756,-0.05259765625,0.0235546875,-0.05876953125,0.4609375,-0.19140625,9.42578125
114,431000000,imu2_frame,-0.04928959701434447,0.0032010897140249558,-0.2794838066350645,0.9588790802179283,-0.05259765625,0.0235546875,-0.05876953125,0.4609375,-0.19140625,9.4609375
114,451000000,imu2_frame,-0.04939135424310055,0.003418442946355681,-0.2822981016680766,0.9580483235038071,-0.05259765625,0.0235546875,-0.05876953125,0.4609375,-0.19140625,9.42578125
114,471000000,imu2_frame,-0.04949072196461506,0.0036348649035176685,-0.28508183870571696,0.9572177398255436,-0.05259765625,0.0235546875,-0.05876953125,0.4609375,-0.19140625,9.4609375
114,491000000,imu2_frame,-0.049588355411853434,0.0038495882175714684,-0.2878353542504588,0.9563874656861704,-0.05259765625,0.0235546875,-0.05876953125,0.4609375,-0.19140625,9.4609375
114,511000000,imu2_frame,-0.04968428604620665,0.004062615836629634,-0.2905589528307418,0.9555576705790947,-0.05259765625,0.0235546875,-0.05876953125,0.4609375,-0.19140625,9.4609375
114,531000000,imu2_frame,-0.04977854480718814,0.00427395105351555,-0.2932529370531887,0.954728518862273,-0.05259765625,0.0235546875,-0.05876953125,0.4609375,-0.19140625,9.4609375
114,551000000,imu2_frame,-0.049871791350326024,0.00448284407930442,-0.2959176163208331,0.9539001377961253,-0.05259765625,0.0235546875,-0.05876953125,0.4609375,-0.19140625,9.42578125
114,571000000,imu2_frame,-0.049962792095502986,0.0046908130615044875,-0.2985532508454833,0.9530727527783163,-0.05259765625,0.0235546875,-0.05876953125,0.4609375,-0.19140625,9.4609375
114,591000000,imu2_frame,-0.050052210740746166,0.004897101368864779,-0.3011601673810261,0.9522464744913364,-0.05259765625,0.0235546875,-0.05876953125,0.4609375,-0.19140625,9.4609375
114,611000000,imu2_frame,-0.05014007619968777,0.005101713549818896,-0.3037386605045504,0.9514214478307953,-0.05259765625,0.0235546875,-0.05876953125,0.4609375,-0.19140625,9.4609375
114,631000000,imu2_frame,-0.05022705432313733,0.005303907925676571,-0.3062890314547891,0.9505977807596775,-0.05259765625,0.0235546875,-0.05876953125,0.4609375,-0.19140625,9.42578125
114,651000000,imu2_frame,-0.05031189300728782,0.005505189860595288,-0.30881153218013063,0.9497756808316279,-0.05259765625,0.0235546875,-0.05876953125,0.4609375,-0.19140625,9.4609375
114,671000000,imu2_frame,-0.050396335881799884,0.005695319526197434,-0.3111277528686219,0.9490138534605831,-0.05259765625,0.0235546875,-0.05876953125,0.4609375,-0.19140625,9.4609375
114,691000000,imu2_frame,-0.05048592003836613,0.00586545139183874,-0.31341902292757373,0.9482538080202867,-0.05259765625,0.0235546875,-0.05876953125,0.49609375,-0.19140625,9.42578125
114,711000000,imu2_frame,-0.050567587819059165,0.006052551076997274,-0.31568430074541626,0.9474965477248452,-0.05259765625,0.0235546875,-0.05876953125,0.4609375,-0.19140625,9.4609375
114,731000000,imu2_frame,-0.050648571898706085,0.0062373195010321505,-0.31792470856576044,0.9467416214012353,-0.05259765625,0.0235546875,-0.05876953125,0.4609375,-0.19140625,9.42578125
114,751000000,imu2_frame,-0.0507342490110959,0.00640290077228801,-0.3201409448077822,0.9459888024160544,-0.05259765625,0.0235546875,-0.05876953125,0.49609375,-0.19140625,9.42578125
114,771000000,imu2_frame,-0.05081259785735199,0.006584685168803641,-0.3223319936258119,0.9452390214678108,-0.05259765625,0.0235546875,-0.05876953125,0.4609375,-0.19140625,9.42578125
114,791000000,imu2_frame,-0.05088903123764711,0.006765638758445226,-0.32449892722468526,0.9444919157207818,-0.05259765625,0.0235546875,-0.05876953125,0.4609375,-0.19140625,9.4609375
114,811000000,imu2_frame,-0.050964227427402795,0.006945026366347433,-0.32664203261602986,0.9437475280285333,-0.05259765625,0.0235546875,-0.05876953125,0.4609375,-0.19140625,9.4609375
114,831000000,imu2_frame,-0.05103820869087537,0.007122855553946801,-0.3287615643982123,0.9430059384525765,-0.05259765625,0.0235546875,-0.05876953125,0.4609375,-0.19140625,9.4609375
114,851000000,imu2_frame,-0.051110996897553385,0.00729913402812728,-0.33085777491528606,0.9422672239957642,-0.05259765625,0.0235546875,-0.05876953125,0.4609375,-0.19140625,9.4609375
114,871000000,imu2_frame,-0.051183271800894985,0.007473141354730081,-0.33293092249253536,0.94153142576035,-0.05259765625,0.0235546875,-0.05876953125,0.4609375,-0.19140625,9.42578125
114,891000000,imu2_frame,-0.05125370614861171,0.007650219036465034,-0.3350656063850752,0.9407686066044761,-0.05259765625,0.0235546875,-0.05876953125,0.4609375,-0.19140625,9.42578125
114,911000000,imu2_frame,-0.051321619256406346,0.007834679981882075,-0.3373403717014543,0.9399500959129727,-0.05259765625,0.0235546875,-0.05876953125,0.4609375,-0.19140625,9.42578125
114,931000000,imu2_frame,-0.05138768179937068,0.008018268063606764,-0.3395901508970491,0.9391344647867345,-0.05259765625,0.0235546875,-0.05876953125,0.4609375,-0.19140625,9.4609375
114,951000000,imu2_frame,-0.05145324854345085,0.008199537064309493,-0.3418152478449494,0.9383217290177995,-0.05259765625,0.0235546875,-0.05876953125,0.4609375,-0.19140625,9.42578125
114,971000000,imu2_frame,-0.0515170054428052,0.008379945828648169,-0.3440158881109088,0.9375120497280969,-0.05259765625,0.0235546875,-0.05876953125,0.4609375,-0.19140625,9.4609375
114,991000000,imu2_frame,-0.05157964483712915,0.008558773683531322,-0.3461923629118196,0.93670546891381,-0.05259765625,0.0235546875,-0.05876953125,0.4609375,-0.19140625,9.4609375
115,11000000,imu2_frame,-0.051641858027481446,0.008735311571900843,-0.3483449390148246,0.9359020334917376,-0.05259765625,0.0235546875,-0.05876953125,0.4609375,-0.19140625,9.42578125
115,32000000,imu2_frame,-0.051715513464305765,0.008948856496701112,-0.35050077410699465,0.9350907073567367,-0.05259765625,0.0235546875,-0.05876953125,0.421875,-0.19140625,9.46484375
115,51000000,imu2_frame,-0.05174572800003533,0.009129850975762386,-0.3526939658609839,0.934262271474214,-0.05259765625,0.0235546875,-0.05876953125,0.421875,-0.19140625,9.46484375
115,71000000,imu2_frame,-0.051803713690761116,0.009307742984986744,-0.3548915452349396,0.9334247330605333,-0.05259765625,0.0235546875,-0.05876953125,0.4609375,-0.19140625,9.42578125
115,91000000,imu2_frame,-0.05185328391829345,0.009503293148626975,-0.3570644507375068,0.9325909619901658,-0.05259765625,0.0235546875,-0.05876953125,0.421875,-0.19140625,9.421875
115,111000000,imu2_frame,-0.05190923507275734,0.009677876914619538,-0.35921437422540176,0.9317600567541194,-0.05259765625,0.0235546875,-0.05876953125,0.4609375,-0.19140625,9.42578125
115,131000000,imu2_frame,-0.05196658681978559,0.009838177521976663,-0.3611125386641185,0.9310211697576503,-0.05259765625,0.0235546875,-0.05876953125,0.4609375,-0.19140625,9.42578125
115,151000000,imu2_frame,-0.052023005301523415,0.00999702469750311,-0.3629897532158622,0.9302860342265076,-0.05259765625,0.0235546875,-0.05876953125,0.4609375,-0.19140625,9.42578125
115,171000000,imu2_frame,-0.05207782485135612,0.010155132875927503,-0.36484623889034584,0.9295547296434957,-0.05259765625,0.0235546875,-0.05876953125,0.4609375,-0.19140625,9.4609375
115,191000000,imu2_frame,-0.05213174977885958,0.01031179808822605,-0.3666822518973918,0.9288272571520713,-0.05259765625,0.0235546875,-0.05876953125,0.4609375,-0.19140625,9.4609375
115,211000000,imu2_frame,-0.05218479660777921,0.010467029601902437,-0.3684980161231649,0.9281036582233739,-0.05259765625,0.0235546875,-0.05876953125,0.4609375,-0.19140625,9.4609375
115,231000000,imu2_frame,-0.05223698155495525,0.010620836737010874,-0.3702937532440838,0.9273839721999959,-0.05259765625,0.0235546875,-0.05876953125,0.4609375,-0.19140625,9.4609375
115,251000000,imu2_frame,-0.05228900884722138,0.01077252880097956,-0.37206969050932465,0.9266682025306051,-0.05259765625,0.0235546875,-0.05876953125,0.4609375,-0.19140625,9.42578125
115,271000000,imu2_frame,-0.05233951133353906,0.01092352152663563,-0.3738260078270611,0.9259564612350332,-0.05259765625,0.0235546875,-0.05876953125,0.4609375,-0.19140625,9.4609375
115,291000000,imu2_frame,-0.05238988980391357,0.011072420579828771,-0.3755629581303104,0.9252487046352716,-0.05259765625,0.0235546875,-0.05876953125,0.4609375,-0.19140625,9.42578125
115,311000000,imu2_frame,-0.052439463445949276,0.011219940335773379,-0.37728072475708246,0.9245450072003707,-0.05259765625,0.0235546875,-0.05876953125,0.4609375,-0.19140625,9.42578125
115,331000000,imu2_frame,-0.05248824702723527,0.011366090208592805,-0.3789795189462217,0.9238453983955695,-0.05259765625,0.0235546875,-0.05876953125,0.4609375,-0.19140625,9.42578125
115,351000000,imu2_frame,-0.05253625503911024,0.011510879642645338,-0.3806595497868032,0.9231499058725113,-0.05259765625,0.0235546875,-0.05876953125,0.4609375,-0.19140625,9.42578125
115,371000000,imu2_frame,-0.05258280564075485,0.011655010486699712,-0.38232101649503586,0.9224585896546815,-0.05259765625,0.0235546875,-0.05876953125,0.4609375,-0.19140625,9.4609375
115,391000000,imu2_frame,-0.05262861389300986,0.01179779257790142,-0.3839641534610473,0.9217714304245552,-0.05259765625,0.0235546875,-0.05876953125,0.4609375,-0.19140625,9.4609375
115,411000000,imu2_frame,-0.05267369347339552,0.011939235533767162,-0.3855891629418737,0.9210884507432091,-0.05259765625,0.0235546875,-0.05876953125,0.4609375,-0.19140625,9.4609375
115,431000000,imu2_frame,-0.052718757529520606,0.012078660305338102,-0.3871962528213051,0.9204096372653384,-0.05259765625,0.0235546875,-0.05876953125,0.4609375,-0.19140625,9.42578125
115,451000000,imu2_frame,-0.05276311434206893,0.012216772386500874,-0.38878559165336257,0.9197350531322197,-0.05259765625,0.0235546875,-0.05876953125,0.4609375,-0.19140625,9.42578125
115,471000000,imu2_frame,-0.052806966778850724,0.012352769399046785,-0.39034324484918714,0.919070717925666,-0.05259765625,0.0235546875,-0.05876953125,0.4609375,-0.19140625,9.42578125
115,491000000,imu2_frame,-0.05284205483773193,0.012506415597397241,-0.3918831599951853,0.918411071210283,-0.05259765625,0.0235546875,-0.05876953125,0.421875,-0.19140625,9.421875
115,511000000,imu2_frame,-0.05287568769407718,0.012659351224200954,-0.3934064494047858,0.917755560072605,-0.05259765625,0.0235546875,-0.05876953125,0.421875,-0.19140625,9.46484375
115,531000000,imu2_frame,-0.05291697534722692,0.01279185487955437,-0.39491386802983225,0.9171037013372904,-0.05259765625,0.0235546875,-0.05876953125,0.4609375,-0.19140625,9.4609375
115,551000000,imu2_frame,-0.05295603578540647,0.012929605740800114,-0.396517297701458,0.9164073964088327,-0.05259765625,0.0235546875,-0.05876953125,0.4609375,-0.19140625,9.4609375
115,571000000,imu2_frame,-0.052995549215382826,0.013061600909937656,-0.398026133740759,0.9157489083828673,-0.05259765625,0.0235546875,-0.05876953125,0.4609375,-0.19140625,9.4609375
115,591000000,imu2_frame,-0.053026907943693045,0.013210526365359104,-0.3995178045923592,0.9150951605383906,-0.05259765625,0.0235546875,-0.05876953125,0.421875,-0.19140625,9.421875
115,611000000,imu2_frame,-0.053057690996672284,0.013358027821111706,-0.40099339754183866,0.9144455914086332,-0.05259765625,0.0235546875,-0.05876953125,0.421875,-0.19140625,9.421875
115,631000000,imu2_frame,-0.053086773827266925,0.013508583076160489,-0.40252996409515457,0.9137663490375648,-0.05259765625,0.0235546875,-0.05876953125,0.421875,-0.19140625,9.421875
115,651000000,imu2_frame,-0.053112136956657556,0.013669957942015695,-0.40426068129772574,0.9129981022512914,-0.05259765625,0.0235546875,-0.05876953125,0.421875,-0.19140625,9.421875
115,671000000,imu2_frame,-0.05313690442341751,0.013829804057434886,-0.40597271844911187,0.9122342669419231,-0.05259765625,0.0235546875,-0.05876953125,0.421875,-0.19140625,9.421875
115,691000000,imu2_frame,-0.05277999264388088,0.013574424200199851,-0.40718570289136885,0.9117180544143056,0.00013671875,-0.0018359375,-0.00603515625,0.421875,-0.19140625,9.421875
115,711000000,imu2_frame,-0.052429996831573844,0.013310296948554587,-0.4082044031587451,0.9112865063574654,0.00013671875,-0.0018359375,-0.00603515625,0.421875,-0.19140625,9.421875
115,731000000,imu2_frame,-0.052083218555601045,0.013048949362439029,-0.40921428299371393,0.9108571423990519,0.00013671875,-0.0018359375,-0.00603515625,0.421875,-0.19140625,9.46484375
115,751000000,imu2_frame,-0.051749749401152796,0.012770123593325864,-0.4102159571731047,0.9104294348607598,0.00013671875,-0.0018359375,-0.00603515625,0.4609375,-0.19140625,9.42578125
115,771000000,imu2_frame,-0.05141171416980032,0.01251226830605516,-0.4112080456499716,0.9100045175605949,0.00013671875,-0.0018359375,-0.00603515625,0.421875,-0.19140625,9.421875
115,791000000,imu2_frame,-0.051076819431801576,0.01225962676919236,-0.41224847202681975,0.909555967150875,0.00013671875,-0.0018359375,-0.00603515625,0.421875,-0.19140625,9.421875
115,811000000,imu2_frame,-0.050746706781308694,0.012005188995847339,-0.41321291096814894,0.9091401087826093,0.00013671875,-0.0018359375,-0.00603515625,0.421875,-0.19140625,9.421875
115,831000000,imu2_frame,-0.050420398911792,0.011752768774638643,-0.4141691018872234,0.9087263674185075,0.00013671875,-0.0018359375,-0.00603515625,0.421875,-0.19140625,9.421875
115,851000000,imu2_frame,-0.05010568678694541,0.011484296037427313,-0.41511754879735024,0.9083143463452578,0.00013671875,-0.0018359375,-0.00603515625,0.4609375,-0.19140625,9.4609375
115,871000000,imu2_frame,-0.04979543131193964,0.01121451847958332,-0.4159940821386905,0.9079336832728023,0.00013671875,-0.0018359375,-0.00603515625,0.4609375,-0.19140625,9.4609375
115,891000000,imu2_frame,-0.049487091324496,0.010954515728114211,-0.41700106442186646,0.9074916741482723,0.00013671875,-0.0018359375,-0.00603515625,0.4609375,-0.19140625,9.4609375
115,911000000,imu2_frame,-0.04920184656642563,0.010704565115456432,-0.41799779225246186,0.9070515069455596,0.00013671875,-0.0018359375,-0.00603515625,0.4609375,-0.23046875,9.42578125
115,931000000,imu2_frame,-0.048900537407717784,0.010448571793588435,-0.41898581408799346,0.9066148313268055,0.00013671875,-0.0018359375,-0.00603515625,0.4609375,-0.19140625,9.4609375
115,951000000,imu2_frame,-0.04860364996256235,0.010190444035028412,-0.41988697380624046,0.9062167341693285,0.00013671875,-0.0018359375,-0.00603515625,0.4609375,-0.19140625,9.4609375
115,971000000,imu2_frame,-0.04831044187526761,0.009933321630175414,-0.4207590879209546,0.9058306796853008,0.00013671875,-0.0018359375,-0.00603515625,0.4609375,-0.19140625,9.4609375
115,991000000,imu2_frame,-0.048021351802340635,0.009677671533369505,-0.4216233840269689,0.9054468590074268,0.00013671875,-0.0018359375,-0.00603515625,0.4609375,-0.19140625,9.42578125
116,11000000,imu2_frame,-0.04773574013432861,0.00942347729908368,-0.4224671493701266,0.9050712706149173,0.00013671875,-0.0018359375,-0.00603515625,0.4609375,-0.19140625,9.42578125
116,31000000,imu2_frame,-0.047452958684835025,0.009173823569608226,-0.4233492852715972,0.9046764285274581,0.00013671875,-0.0018359375,-0.00603515625,0.4609375,-0.19140625,9.42578125
116,51000000,imu2_frame,-0.04717395190926907,0.008923649114890391,-0.42417383892994903,0.9043072161136203,0.00013671875,-0.0018359375,-0.00603515625,0.4609375,-0.19140625,9.42578125
116,71000000,imu2_frame,-0.04689815771117434,0.008675586066485287,-0.424991026114035,0.9039402218798765,0.00013671875,-0.0018359375,-0.00603515625,0.4609375,-0.19140625,9.42578125
116,91000000,imu2_frame,-0.04662655655521212,0.008423978768011044,-0.42569155809366144,0.9036269684849555,0.00013671875,-0.0018359375,-0.00603515625,0.4609375,-0.19140625,9.42578125
116,111000000,imu2_frame,-0.046355873344025654,0.008186743556107351,-0.4266230702311297,0.9032036681629586,0.00013671875,-0.0018359375,-0.00603515625,0.4609375,-0.19140625,9.42578125
116,131000000,imu2_frame,-0.04608829430589087,0.007951852900108441,-0.4275541280488416,0.902779100750468,0.00013671875,-0.0018359375,-0.00603515625,0.4609375,-0.19140625,9.42578125
116,151000000,imu2_frame,-0.04582469776238513,0.007713874724532022,-0.4283781663918913,0.9024038673290589,0.00013671875,-0.0018359375,-0.00603515625,0.4609375,-0.19140625,9.42578125
116,171000000,imu2_frame,-0.04556462270689942,0.0074749837405214455,-0.42913694742722025,0.9020584626998985,0.00013671875,-0.0018359375,-0.00603515625,0.4609375,-0.19140625,9.42578125
116,191000000,imu2_frame,-0.045315890769588606,0.007268341907535239,-0.42980284689725495,0.9017555955183693,-0.0018164062499999999,0.0001171875,0.00373046875,0.4609375,-0.19140625,9.42578125
116,211000000,imu2_frame,-0.04507007529320215,0.007062754643369289,-0.43044899691846844,0.9014612952655243,-0.0018164062499999999,0.0001171875,0.00373046875,0.4609375,-0.19140625,9.42578125
116,231000000,imu2_frame,-0.04482526434306745,0.006870429117196557,-0.43132085736900555,0.9010581617624833,-0.0018164062499999999,0.0001171875,0.00373046875,0.4609375,-0.19140625,9.42578125
116,251000000,imu2_frame,-0.04458417339175427,0.006673813169942312,-0.43206759263431094,0.9007137764550611,-0.0018164062499999999,0.0001171875,0.00373046875,0.4609375,-0.19140625,9.42578125
116,271000000,imu2_frame,-0.04429374139364834,0.006452876982259582,-0.43282613613799537,0.9003654595373248,0.00404296875,0.0001171875,0.00177734375,0.4609375,-0.19140625,9.42578125
116,291000000,imu2_frame,-0.04400597560889147,0.006238108343990833,-0.4336675372426983,0.8999761259371557,0.00404296875,0.0001171875,0.00177734375,0.4609375,-0.19140625,9.42578125
116,311000000,imu2_frame,-0.04372280014263957,0.006015623281904459,-0.4343080109352936,0.899682544379764,0.00404296875,0.0001171875,0.00177734375,0.4609375,-0.19140625,9.42578125
116,331000000,imu2_frame,-0.04344179512571034,0.005802374599526764,-0.43509520694309317,0.8993171319286704,0.00404296875,0.0001171875,0.00177734375,0.4609375,-0.19140625,9.42578125
116,351000000,imu2_frame,-0.0432072994319315,0.005589446821435262,-0.43589136308521303,0.898944162308063,0.00013671875,-0.0018359375,-0.00017578125,0.4609375,-0.19140625,9.42578125
116,371000000,imu2_frame,-0.042932223795870306,0.005379654660547998,-0.4366644997895138,0.8985833284115884,0.00404296875,0.0001171875,0.00177734375,0.4609375,-0.19140625,9.42578125
116,391000000,imu2_frame,-0.042661034684684636,0.0051652704053566775,-0.4372984930946399,0.8982891427811143,0.00404296875,0.0001171875,0.00177734375,0.4609375,-0.19140625,9.42578125
116,411000000,imu2_frame,-0.042392679610793835,0.0049542936315738785,-0.43796066803795186,0.8979803833836126,0.00404296875,0.0001171875,0.00177734375,0.4609375,-0.19140625,9.42578125
116,431000000,imu2_frame,-0.04215326575567609,0.004735388988339962,-0.43863352024958674,0.8976643655569246,0.00208984375,-0.0018359375,-0.00017578125,0.4609375,-0.19140625,9.42578125
116,451000000,imu2_frame,-0.04190807850326446,0.0045357467880588805,-0.4393016442009431,0.897350101888659,0.00208984375,0.0001171875,-0.00017578125,0.4609375,-0.19140625,9.42578125
116,471000000,imu2_frame,-0.04166552297124055,0.004338934048285921,-0.4399883111648089,0.8970258880797126,0.00208984375,0.0001171875,-0.00017578125,0.4609375,-0.19140625,9.42578125
116,491000000,imu2_frame,-0.041425664956083234,0.0041440983156525975,-0.44067575552335525,0.8967004066163997,0.00208984375,0.0001171875,-0.00017578125,0.4609375,-0.19140625,9.42578125
116,511000000,imu2_frame,-0.04122325787305226,0.003967162264350338,-0.4413741544644353,0.8963669786447429,-0.0018164062499999999,0.0001171875,-0.00212890625,0.4609375,-0.19140625,9.42578125
116,531000000,imu2_frame,-0.040979716187005105,0.0037487858467399014,-0.4420658704598711,0.8960381552369655,0.00404296875,-0.0018359375,-0.00212890625,0.4609375,-0.19140625,9.42578125
116,551000000,imu2_frame,-0.04073968930268078,0.0035236329629010905,-0.4425611366328983,0.8958055045982142,0.00404296875,-0.0018359375,-0.00212890625,0.4609375,-0.19140625,9.42578125
116,571000000,imu2_frame,-0.04050208270974735,0.0033031312056020835,-0.4431097789591637,0.8955458639350484,0.00404296875,-0.0018359375,-0.00212890625,0.4609375,-0.19140625,9.42578125
116,591000000,imu2_frame,-0.040258460144173246,0.0031027370625823203,-0.4436378927294496,0.8952960680937417,0.00404296875,0.0001171875,-0.00017578125,0.4609375,-0.19140625,9.42578125
116,611000000,imu2_frame,-0.04006064327770194,0.002904764282247315,-0.4441432754686429,0.8950550028130263,0.00013671875,-0.0018359375,0.00177734375,0.4609375,-0.19140625,9.42578125
116,631000000,imu2_frame,-0.03986481988992109,0.002711731061848756,-0.4447148738267839,0.8947804890849042,0.00013671875,-0.0018359375,0.00177734375,0.4609375,-0.19140625,9.42578125
116,651000000,imu2_frame,-0.03967124198943498,0.002519918748923073,-0.4452701690758085,0.8945134538394128,0.00013671875,-0.0018359375,0.00177734375,0.4609375,-0.19140625,9.42578125
116,671000000,imu2_frame,-0.039436853898521855,0.0023268177438915605,-0.44589123465868175,0.8942149223359728,0.00404296875,0.0001171875,-0.00603515625,0.4609375,-0.19140625,9.42578125
116,691000000,imu2_frame,-0.03921373521502629,0.002117357954655073,-0.4465234801488847,0.8939097166053773,0.00404296875,-0.0018359375,-0.00798828125,0.4609375,-0.19140625,9.42578125
116,711000000,imu2_frame,-0.03899315171973423,0.0019089064650119557,-0.44713046801815887,0.893616380089875,0.00404296875,-0.0018359375,-0.00798828125,0.4609375,-0.19140625,9.42578125
116,731000000,imu2_frame,-0.03877504767753412,0.001701749212102995,-0.4477188410679095,0.8933316512248025,0.00404296875,-0.0018359375,-0.00798828125,0.4609375,-0.19140625,9.42578125
116,751000000,imu2_frame,-0.03857638148527255,0.0015521207745224513,-0.44821770224842045,0.8930903342348693,0.00013671875,0.0020703125,0.00177734375,0.4609375,-0.19140625,9.42578125
116,771000000,imu2_frame,-0.038388585740873685,0.0013858023708911624,-0.4487290504607049,0.8928418870714112,0.00013671875,0.0001171875,-0.00017578125,0.4609375,-0.19140625,9.42578125
116,791000000,imu2_frame,-0.0382028085989452,0.0012225522018582654,-0.44927279268105325,0.8925766121391673,0.00013671875,0.0001171875,-0.00017578125,0.4609375,-0.19140625,9.42578125
116,811000000,imu2_frame,-0.03805340481818331,0.001083337680812236,-0.44969083957204997,0.8923726315649745,-0.00376953125,0.0001171875,0.01349609375,0.4609375,-0.19140625,9.42578125
116,831000000,imu2_frame,-0.03804400510440218,0.0009665457899051742,-0.45022239613233755,0.8921051022641384,-0.01744140625,-0.0037890625,-0.00017578125,0.4609375,-0.19140625,9.42578125
116,851000000,imu2_frame,-0.037965822121595286,0.000817505226696313,-0.4507135370678571,0.8918605471370606,-0.00962890625,-0.0037890625,0.00373046875,0.4609375,-0.19140625,9.42578125
116,871000000,imu2_frame,-0.03788862514853017,0.0006685787145935197,-0.4511693426785194,0.8916334613022829,-0.00962890625,-0.0037890625,0.00373046875,0.4609375,-0.19140625,9.42578125
116,891000000,imu2_frame,-0.03781237364123884,0.0005206676929963443,-0.45161124275823744,0.8914130572967445,-0.00962890625,-0.0037890625,0.00373046875,0.4609375,-0.19140625,9.42578125
116,911000000,imu2_frame,-0.037659154328199454,0.0003982028385791494,-0.4520863320684302,0.891178757537845,-0.00376953125,0.0020703125,-0.00017578125,0.4609375,-0.19140625,9.42578125
116,931000000,imu2_frame,-0.03746465628233713,0.00023411271249098307,-0.4525398737517943,0.8909567932204087,0.00208984375,0.0001171875,0.00177734375,0.4609375,-0.19140625,9.42578125
116,951000000,imu2_frame,-0.03727226504417047,7.745616900434874e-05,-0.4531319112665901,0.8906639339565212,0.00208984375,0.0001171875,0.00177734375,0.4609375,-0.19140625,9.42578125
116,971000000,imu2_frame,-0.03708200965708918,-8.218159474619842e-05,-0.45361474003989677,0.8904260696006795,0.00208984375,0.0001171875,0.00177734375,0.4609375,-0.19140625,9.42578125
116,991000000,imu2_frame,-0.036945476492012415,-0.00021406301059758914,-0.45409321408471703,0.8901878110073272,-0.00376953125,0.0001171875,0.00177734375,0.4609375,-0.19140625,9.42578125
117,11000000,imu2_frame,-0.03681925043683473,-0.00035981384645198555,-0.4545147569406086,0.8899778362714912,-0.00376953125,-0.0018359375,0.00763671875,0.4609375,-0.19140625,9.42578125
117,33000000,imu2_frame,-0.03669853048197122,-0.0005088864989666041,-0.4548038370177783,0.8898350570352357,-0.00376953125,-0.0018359375,0.00763671875,0.4609375,-0.19140625,9.42578125
117,51000000,imu2_frame,-0.036571011284996784,-0.0006476646663504095,-0.4553375656960026,0.889567222266036,-0.00376953125,-0.0018359375,0.00763671875,0.4609375,-0.19140625,9.42578125
117,71000000,imu2_frame,-0.03650068879172268,-0.0007591359135076502,-0.45587590555988383,0.889294260726083,-0.00962890625,-0.0018359375,0.00568359375,0.4609375,-0.19140625,9.42578125
117,91000000,imu2_frame,-0.03648279639391518,-0.0008431419113526684,-0.4564078684993962,0.8890220201158324,-0.01548828125,-0.0018359375,0.00568359375,0.4609375,-0.19140625,9.42578125
117,111000000,imu2_frame,-0.03646525443714377,-0.0009235295501172661,-0.4568648111893966,0.8887879255530431,-0.01548828125,-0.0018359375,0.01349609375,0.4609375,-0.19140625,9.42578125
117,131000000,imu2_frame,-0.036447920016111704,-0.001006161575560909,-0.45724330533385754,0.8885938872695175,-0.01548828125,-0.0018359375,0.01349609375,0.4609375,-0.19140625,9.42578125
117,151000000,imu2_frame,-0.036379279621082214,-0.001116671429014529,-0.4576691774090745,0.8883772988482269,-0.00962890625,-0.0018359375,0.00763671875,0.4609375,-0.19140625,9.42578125
117,171000000,imu2_frame,-0.03631134551864502,-0.001230403110663784,-0.45819340742979286,0.8881096630949845,-0.00962890625,-0.0018359375,-0.00408203125,0.4609375,-0.19140625,9.42578125
117,191000000,imu2_frame,-0.03532864392682719,-0.001628897738744431,-0.46056596892059937,0.8869206401266562,0.08216796875,0.0216015625,-0.21306640625,0.4609375,-0.19140625,9.42578125
117,211000000,imu2_frame,-0.034355743219873745,-0.0020284501727689795,-0.4628066445983565,0.8857909335804456,0.08216796875,0.0216015625,-0.21306640625,0.4609375,-0.19140625,9.42578125
117,231000000,imu2_frame,-0.033392933606431204,-0.0024211275194046056,-0.46511643230172633,0.8846161622588664,0.08216796875,0.0216015625,-0.21306640625,0.4609375,-0.19140625,9.42578125
117,251000000,imu2_frame,-0.033123805568131694,-0.002586648892659871,-0.4657401948809294,0.88429757074441,0.01380859375,0.0040234375,-0.02361328125,0.4609375,-0.19140625,9.42578125
117,271000000,imu2_frame,-0.03285765360039579,-0.00274915859069887,-0.46640050775664665,0.883958926133597,0.01380859375,0.0040234375,-0.02361328125,0.4609375,-0.19140625,9.42578125
117,291000000,imu2_frame,-0.03259401714268281,-0.002913764114104116,-0.46696018383188465,0.8836726355052998,0.01380859375,0.0040234375,-0.02361328125,0.4609375,-0.19140625,9.42578125
117,311000000,imu2_frame,-0.03215307636785278,-0.003042709698799228,-0.4669587159645085,0.8836891303974206,0.02943359375,0.0137890625,0.04083984375,0.4609375,-0.19140625,9.42578125
117,331000000,imu2_frame,-0.0322233712261492,-0.0033246128873869662,-0.4664976735138236,0.8839290253759975,-0.00767578125,-0.0252734375,0.09162109375,0.4609375,-0.19140625,9.42578125
117,351000000,imu2_frame,-0.032163707230734015,-0.003448906007633456,-0.46717600883799576,0.8835723953082322,-0.00572265625,-0.0018359375,-0.03728515625,0.4609375,-0.19140625,9.42578125
117,371000000,imu2_frame,-0.03198432716236647,-0.003537572170421155,-0.4675438822046585,0.8833839519779078,0.00404296875,0.0059765625,-0.00212890625,0.4609375,-0.19140625,9.42578125
117,391000000,imu2_frame,-0.03166675066545981,-0.003891778216640799,-0.467766298774461,0.8832761520019919,0.02943359375,-0.0116015625,0.01349609375,0.4609375,-0.19140625,9.42578125
117,411000000,imu2_frame,-0.03173337729827479,-0.003938462171017639,-0.468194602605626,0.8830465986412794,-0.01939453125,-0.0018359375,-0.00994140625,0.4609375,-0.19140625,9.42578125
117,431000000,imu2_frame,-0.03197409054808053,-0.0038494571615608473,-0.4693006551868921,0.8824509812189787,-0.04283203125,0.0040234375,-0.08806640625,0.4609375,-0.19140625,9.42578125
117,451000000,imu2_frame,-0.03221327717435069,-0.0037528868790973574,-0.4706216222643555,0.8817389121905802,-0.04283203125,0.0040234375,-0.08806640625,0.4609375,-0.19140625,9.42578125
117,471000000,imu2_frame,-0.032109503456627594,-0.003781581944156629,-0.4715373468197205,0.881253204238139,-0.00572265625,0.0079296875,-0.04314453125,0.4609375,-0.19140625,9.42578125
117,491000000,imu2_frame,-0.03219599907273123,-0.003855593310784418,-0.4728804597657977,0.880529739881407,-0.02134765625,-0.0037890625,-0.09392578125,0.4609375,-0.19140625,9.42578125
117,511000000,imu2_frame,-0.03168675095009612,-0.0038371183442805195,-0.4750264252440939,0.879392473049921,0.02552734375,0.0352734375,-0.18572265625,0.4609375,-0.19140625,9.42578125
117,531000000,imu2_frame,-0.03221361924745127,-0.004027085545261416,-0.4763540894546884,0.8786539971893295,-0.05455078125,-0.0350390625,-0.09783203125,0.4609375,-0.19140625,9.42578125
117,551000000,imu2_frame,-0.03187709545700227,-0.004181051889813981,-0.477868555483548,0.8778428180889715,0.01966796875,0.0098828125,-0.11931640625,0.4609375,-0.19140625,9.42578125
117,571000000,imu2_frame,-0.031612054590451744,-0.004482159732977404,-0.47898823610939045,0.8772404789551798,0.02162109375,-0.0076953125,-0.07634765625,0.4609375,-0.19140625,9.42578125
117,591000000,imu2_frame,-0.03147076832527318,-0.0043767219331090216,-0.48055055127995655,0.87639123838082,-0.00962890625,0.0235546875,-0.12712890625,0.4609375,-0.19140625,9.42578125
117,611000000,imu2_frame,-0.031212316279416574,-0.004583337435461638,-0.48219082567875793,0.8754980251043768,0.01576171875,0.0020703125,-0.13884765625,0.4609375,-0.19140625,9.42578125
117,631000000,imu2_frame,-0.031037688912612913,-0.004739230530915426,-0.48301854228064134,0.8750470212360151,0.00794921875,0.0001171875,-0.04705078125,0.4609375,-0.19140625,9.42578125
117,651000000,imu2_frame,-0.03099268811343059,-0.004900476525784767,-0.48417317615324396,0.8744093858754055,-0.00376953125,-0.0057421875,-0.08611328125,0.4609375,-0.19140625,9.42578125
117,671000000,imu2_frame,-0.03072630884129879,-0.004998509155725812,-0.48576190341294534,0.8735366518033698,0.01185546875,0.0118359375,-0.13689453125,0.4609375,-0.19140625,9.42578125
117,691000000,imu2_frame,-0.030226921366306215,-0.004967678798915443,-0.486857071454831,0.8729443552520927,0.02748046875,0.0333203125,-0.08025390625,0.4609375,-0.19140625,9.42578125
117,711000000,imu2_frame,-0.03007197354868785,-0.005285968043895315,-0.4874360804883995,0.8726246629489867,0.01576171875,-0.0155078125,-0.02361328125,0.4609375,-0.19140625,9.42578125
117,731000000,imu2_frame,-0.030025262815925817,-0.005274386285935564,-0.4879674669377309,0.8723293045934637,-0.00962890625,0.0079296875,-0.01775390625,0.4609375,-0.19140625,9.42578125
117,751000000,imu2_frame,-0.02995116690851319,-0.005467368666751341,-0.4888579357801819,0.8718319529045835,0.00208984375,-0.0076953125,-0.06072265625,0.4609375,-0.19140625,9.42578125
117,771000000,imu2_frame,-0.02994387492658103,-0.005479943145018523,-0.4901815384864503,0.8710886257462931,-0.01353515625,0.0059765625,-0.11150390625,0.4609375,-0.19140625,9.42578125
117,791000000,imu2_frame,-0.02985662248888448,-0.0054760981322825265,-0.49166149438053214,0.8702571857711396,-0.00767578125,0.0118359375,-0.13103515625,0.4609375,-0.19140625,9.42578125
117,811000000,imu2_frame,-0.029774273031110146,-0.005601537230697789,-0.4923470821598883,0.8698715227749246,0.00013671875,-0.0018359375,-0.04119140625,0.4609375,-0.19140625,9.42578125
117,831000000,imu2_frame,-0.029604612020613777,-0.0056853087133332935,-0.49297861923522096,0.8695190194520636,0.00599609375,0.0059765625,-0.03533203125,0.4609375,-0.19140625,9.42578125
117,851000000,imu2_frame,-0.02955340560636952,-0.00570675154340682,-0.4937559619404394,0.8690794435793305,-0.00767578125,0.0059765625,-0.05291015625,0.4609375,-0.19140625,9.42578125
117,871000000,imu2_frame,-0.029380303623649153,-0.005919003711402682,-0.4948572799428153,0.868457273354104,0.01185546875,-0.0037890625,-0.09197265625,0.4609375,-0.19140625,9.42578125
117,891000000,imu2_frame,-0.02917462425699812,-0.005942494440753579,-0.49575352444655274,0.86795274701916,0.00599609375,0.0137890625,-0.06853515625,0.4609375,-0.19140625,9.42578125
117,911000000,imu2_frame,-0.029163126404896555,-0.005988149379314257,-0.49658700782809184,0.8674762231794285,-0.00962890625,0.0020703125,-0.06267578125,0.4609375,-0.19140625,9.42578125
117,931000000,imu2_frame,-0.02927350460031584,-0.006681634200898683,-0.4975511300689412,0.8669148116510297,0.01185546875,-0.0604296875,-0.08220703125,0.4609375,-0.19140625,9.42578125
117,951000000,imu2_frame,-0.02897262893338849,-0.006735580770834013,-0.49780947753969745,0.8667761780275351,0.01771484375,0.0137890625,0.00177734375,0.4609375,-0.19140625,9.42578125
117,971000000,imu2_frame,-0.028852318501110672,-0.006919827190405819,-0.498395169549126,0.8664421011694108,0.00794921875,-0.0057421875,-0.03728515625,0.4609375,-0.19140625,9.42578125
117,991000000,imu2_frame,-0.02885195383591524,-0.00692493358960175,-0.4990624497333605,0.8660578972105543,-0.01158203125,0.0040234375,-0.04705078125,0.4609375,-0.19140625,9.42578125
118,11000000,imu2_frame,-0.02860891848525403,-0.007096523824105947,-0.49987262642434,0.8655972079924646,0.01771484375,0.0020703125,-0.06462890625,0.4609375,-0.19140625,9.42578125
118,31000000,imu2_frame,-0.028555720110623444,-0.007095587688201607,-0.5008288514334042,0.8650460594998511,-0.00767578125,0.0079296875,-0.08220703125,0.4609375,-0.19140625,9.42578125
118,51000000,imu2_frame,-0.028430495267653563,-0.007259798163742539,-0.5013861387186715,0.8647259347158721,0.00794921875,-0.0037890625,-0.03728515625,0.4609375,-0.19140625,9.42578125
118,71000000,imu2_frame,-0.028600520803451095,-0.007221878010162745,-0.5024570498984683,0.8640988182465626,-0.02916015625,0.0001171875,-0.09783203125,0.4609375,-0.19140625,9.42578125
118,91000000,imu2_frame,-0.02858378498938896,-0.007296173291036484,-0.5036645111909773,0.8633955022223253,-0.00767578125,0.0001171875,-0.11541015625,0.4609375,-0.19140625,9.42578125
118,111000000,imu2_frame,-0.02833585906265692,-0.0072822836679039635,-0.5049169762900894,0.8626719506798832,0.00794921875,0.0196484375,-0.12126953125,0.4609375,-0.19140625,9.42578125
118,131000000,imu2_frame,-0.028167480985405953,-0.007298084660374576,-0.5064233453735979,0.861793900092035,0.00208984375,0.0137890625,-0.15251953125,0.4609375,-0.19140625,9.42578125
118,151000000,imu2_frame,-0.028165360461624222,-0.007278051848401279,-0.5084956487910188,0.8605730170020204,-0.01548828125,0.0098828125,-0.22087890625,0.4609375,-0.19140625,9.42578125
118,171000000,imu2_frame,-0.02814890049148206,-0.0075330595188098926,-0.5096193750640596,0.8599063815176187,0.00208984375,-0.0155078125,-0.11345703125,0.4609375,-0.19140625,9.42578125
118,191000000,imu2_frame,-0.02837747561335945,-0.008152352362647792,-0.5105262709650028,0.8593550981307653,0.00013671875,-0.0604296875,-0.09197265625,0.4609375,-0.19140625,9.42578125
118,211000000,imu2_frame,-0.028433916809638745,-0.0078271117374283,-0.5112707896819442,0.8589135162021342,-0.03306640625,0.0294140625,-0.07048828125,0.4609375,-0.19140625,9.42578125
118,231000000,imu2_frame,-0.028490354883023813,-0.007502562002520249,-0.5120839904614877,0.8584299610073479,-0.03306640625,0.0294140625,-0.07048828125,0.4609375,-0.19140625,9.42578125
118,251000000,imu2_frame,-0.028268216509840925,-0.007611965932275274,-0.5126980701314356,0.8580697260674685,0.01380859375,0.0059765625,-0.04900390625,0.4609375,-0.19140625,9.42578125
118,271000000,imu2_frame,-0.027771247299448805,-0.007813706281914815,-0.5131445130149273,0.8578172372832376,0.04310546875,0.0118359375,-0.02947265625,0.4609375,-0.19140625,9.42578125
118,291000000,imu2_frame,-0.02791212708689515,-0.008183194875204948,-0.5146822917615277,0.8568874412839887,-0.00572265625,-0.0330859375,-0.16033203125,0.4609375,-0.19140625,9.42578125
118,311000000,imu2_frame,-0.027934171004956185,-0.008230415096369664,-0.515996510139637,0.8560955226382878,-0.01158203125,0.0001171875,-0.13494140625,0.4609375,-0.19140625,9.42578125
118,331000000,imu2_frame,-0.02743061505826766,-0.0083546713272257,-0.5168074220517268,0.8556213235636356,0.03919921875,0.0196484375,-0.07634765625,0.4609375,-0.19140625,9.42578125
118,351000000,imu2_frame,-0.02764639229640992,-0.008379871393357226,-0.5174052727097725,0.8552527337112403,-0.02720703125,-0.0096484375,-0.05291015625,0.4609375,-0.19140625,9.42578125
118,371000000,imu2_frame,-0.027436762089835497,-0.00845945456680581,-0.518926606754814,0.854336490217053,0.00990234375,0.0098828125,-0.16228515625,0.4609375,-0.19140625,9.42578125
118,391000000,imu2_frame,-0.02751261016295907,-0.008364462064368083,-0.5195084728827601,0.8539812870663018,-0.02134765625,0.0079296875,-0.05291015625,0.4609375,-0.19140625,9.42578125
118,411000000,imu2_frame,-0.02713332241156164,-0.008454950411946691,-0.5208960452427673,0.8531468845860524,0.02552734375,0.0176953125,-0.14861328125,0.4609375,-0.19140625,9.42578125
118,431000000,imu2_frame,-0.02729155720124065,-0.008726007914756419,-0.5217267306866347,0.8526313659363223,-0.00962890625,-0.0272265625,-0.08611328125,0.4609375,-0.19140625,9.42578125
118,451000000,imu2_frame,-0.027168716038045534,-0.00887080140878949,-0.5225542594474871,0.8521268776916372,0.00794921875,-0.0018359375,-0.08611328125,0.4609375,-0.19140625,9.42578125
118,471000000,imu2_frame,-0.026839742276080443,-0.009056067934616765,-0.5235903415882316,0.8514991309823142,0.02748046875,0.0059765625,-0.11150390625,0.4609375,-0.19140625,9.42578125
118,491000000,imu2_frame,-0.02663733697281724,-0.009144672795193582,-0.5238615396504269,0.8513377205983238,0.01380859375,0.0059765625,-0.02166015625,0.4609375,-0.19140625,9.42578125
118,511000000,imu2_frame,-0.02614818089184967,-0.009330528055911662,-0.5236730897867778,0.8514667984809591,0.04505859375,0.0118359375,0.03302734375,0.4609375,-0.19140625,9.42578125
118,531000000,imu2_frame,-0.02593919083414787,-0.009355546089562227,-0.5239202842523011,0.8513208372201538,0.01185546875,0.0118359375,-0.01775390625,0.4609375,-0.19140625,9.42578125
118,551000000,imu2_frame,-0.025899809836160984,-0.009324575350636195,-0.524248674779885,0.8511201907700905,-0.00572265625,0.0079296875,-0.02751953125,0.4609375,-0.19140625,9.42578125
118,571000000,imu2_frame,-0.025831559539475742,-0.009545647425538898,-0.5238907704514031,0.8513401622047566,0.01185546875,-0.0135546875,0.05255859375,0.4609375,-0.19140625,9.42578125
118,591000000,imu2_frame,-0.02578349543893685,-0.00955794856982813,-0.5239542847878276,0.8513023930628664,-0.0018164062499999999,0.0040234375,0.00373046875,0.4609375,-0.19140625,9.42578125
118,611000000,imu2_frame,-0.02589671898057685,-0.00972089042828606,-0.5240090522660441,0.85126340070425,-0.00767578125,-0.0174609375,0.00373046875,0.4609375,-0.19140625,9.42578125
118,631000000,imu2_frame,-0.025691032866310918,-0.009793159612637669,-0.5245142748349327,0.8509576019693627,0.01380859375,0.0079296875,-0.04900390625,0.4609375,-0.19140625,9.42578125
118,651000000,imu2_frame,-0.025880757835917832,-0.00980472535214201,-0.5250438405984332,0.8506250755675233,-0.02330078125,-0.0076953125,-0.05291015625,0.4609375,-0.19140625,9.42578125
118,671000000,imu2_frame,-0.02574173590944619,-0.009907016903562504,-0.5247123730454906,0.8508326155134222,0.01185546875,0.0001171875,0.04865234375,0.4609375,-0.19140625,9.42578125
118,691000000,imu2_frame,-0.025432745312450055,-0.010011443230487275,-0.524865857039156,0.8507460129703031,0.02552734375,0.0098828125,-0.00798828125,0.4609375,-0.19140625,9.42578125
118,711000000,imu2_frame,-0.02542343394283589,-0.01011060533275735,-0.5248839511134235,0.8507339551998151,0.00013671875,-0.0057421875,0.00763671875,0.4609375,-0.19140625,9.42578125
118,731000000,imu2_frame,-0.0252983589428754,-0.010154774207069272,-0.5253825181472229,0.8504293522808839,0.00599609375,0.0059765625,-0.04900390625,0.4609375,-0.19140625,9.42578125
118,751000000,imu2_frame,-0.025196886982964125,-0.010162698086778438,-0.5259110039606525,0.8501055536620518,0.00208984375,0.0079296875,-0.05291015625,0.4609375,-0.19140625,9.42578125
118,771000000,imu2_frame,-0.02512343299553047,-0.010175821647545739,-0.5264017312460981,0.8498037909479029,0.00013671875,0.0059765625,-0.04900390625,0.4609375,-0.19140625,9.42578125
118,791000000,imu2_frame,-0.025048012294378787,-0.010270486346438496,-0.5263921826589273,0.8498107931921546,0.00599609375,-0.0018359375,0.00958984375,0.4609375,-0.19140625,9.42578125
118,811000000,imu2_frame,-0.024976096821838236,-0.010357622457673871,-0.5266070896474645,0.8496786965539372,0.00599609375,-0.0018359375,0.00958984375,0.4609375,-0.19140625,9.42578125
118,831000000,imu2_frame,-0.02476003825058291,-0.01046446847323882,-0.5267725221831134,0.8495811587354346,0.01966796875,0.0040234375,0.01544921875,0.4609375,-0.19140625,9.42578125
118,851000000,imu2_frame,-0.024951622506308026,-0.010444684651768798,-0.527494048082406,0.8491279964377951,-0.02330078125,-0.0057421875,-0.05095703125,0.4609375,-0.19140625,9.42578125
118,871000000,imu2_frame,-0.025072403740099915,-0.010496869447477407,-0.527448476454094,0.8491521035649333,-0.01158203125,-0.0096484375,0.03888671875,0.4609375,-0.19140625,9.42578125
118,891000000,imu2_frame,-0.02488895801667129,-0.010645051695468397,-0.5273703053329697,0.8492042061225649,0.01966796875,-0.0018359375,0.04279296875,0.4609375,-0.19140625,9.42578125
118,911000000,imu2_frame,-0.024455479448912954,-0.01072467817797482,-0.5274817586861233,0.8491465745419322,0.03724609375,0.0176953125,0.02130859375,0.4609375,-0.19140625,9.42578125
118,931000000,imu2_frame,-0.02446419497760911,-0.010734403232863303,-0.527493389422604,0.8491389755904418,-0.00376953125,0.0001171875,0.03302734375,0.4609375,-0.19140625,9.42578125
118,951000000,imu2_frame,-0.024123734207759647,-0.010916159948879652,-0.5275374646986222,0.8491190177114123,0.03529296875,0.0040234375,0.02912109375,0.4609375,-0.19140625,9.42578125
118,971000000,imu2_frame,-0.024086179201228897,-0.010839190494310397,-0.5274566462272617,0.8491712749920381,-0.00376953125,0.0098828125,0.04474609375,0.4609375,-0.19140625,9.42578125
118,991000000,imu2_frame,-0.024352902636334776,-0.0107809897562776,-0.5274704713086449,0.8491558209719205,-0.02916015625,-0.0076953125,0.03302734375,0.4609375,-0.19140625,9.42578125
119,11000000,imu2_frame,-0.023946897799326006,-0.011005472648736152,-0.5275975788731188,0.8490855200889895,0.04310546875,0.0040234375,0.01935546875,0.4609375,-0.19140625,9.42578125
119,33000000,imu2_frame,-0.023907431758756287,-0.010906968395146674,-0.5281855157349407,0.8487222948143536,-0.00572265625,0.0118359375,-0.03142578125,0.4609375,-0.19140625,9.42578125
119,51000000,imu2_frame,-0.02380466578611797,-0.010923339331016748,-0.5280332542093461,0.8488197105356112,0.00794921875,0.0059765625,0.05841796875,0.4609375,-0.19140625,9.42578125
119,71000000,imu2_frame,-0.023617196502685886,-0.010950343739157892,-0.5283776604385577,0.8486102556243497,0.01380859375,0.0098828125,-0.00603515625,0.4609375,-0.19140625,9.42578125
119,91000000,imu2_frame,-0.02351901771673237,-0.011069815375264188,-0.5292411341835387,0.8480731907573305,0.00990234375,-0.0018359375,-0.06853515625,0.4609375,-0.19140625,9.42578125
119,111000000,imu2_frame,-0.023746585417410402,-0.01100371316403884,-0.5298669677305381,0.8476768337554484,-0.02720703125,-0.0037890625,-0.04119140625,0.4609375,-0.19140625,9.42578125
119,131000000,imu2_frame,-0.02343975130162087,-0.011244193001536219,-0.530285105496711,0.8474207060669477,0.03529296875,-0.0018359375,-0.01775390625,0.4609375,-0.19140625,9.42578125
119,151000000,imu2_frame,-0.02328735190667268,-0.011199542841080535,-0.5304132574633842,0.8473452931293166,0.00794921875,0.0137890625,0.01740234375,0.4609375,-0.19140625,9.42578125
119,171000000,imu2_frame,-0.02319991803828381,-0.011315271990904608,-0.5302407663166193,0.8474541038656627,0.01185546875,-0.0037890625,0.05255859375,0.4609375,-0.19140625,9.42578125
119,191000000,imu2_frame,-0.023397141934976363,-0.011333861471226362,-0.5307572393860018,0.8471250617074058,-0.01939453125,-0.0096484375,-0.02947265625,0.4609375,-0.19140625,9.42578125
119,211000000,imu2_frame,-0.023050661849925817,-0.011524775525207772,-0.5308914085700313,0.8470479082341814,0.03724609375,0.0040234375,0.01544921875,0.4609375,-0.19140625,9.42578125
119,231000000,imu2_frame,-0.023217362733203645,-0.0116259885491646,-0.5312020175620985,0.8468472158517885,-0.01158203125,-0.0155078125,-0.00603515625,0.4609375,-0.19140625,9.42578125
119,251000000,imu2_frame,-0.023020148655528736,-0.011656162421379433,-0.5314818297841777,0.8466766036939642,0.01576171875,0.0098828125,-0.00212890625,0.4609375,-0.19140625,9.42578125
119,271000000,imu2_frame,-0.022734404074694355,-0.011586187116588265,-0.5319299955668942,0.8464037966335406,0.01771484375,0.0235546875,-0.02166015625,0.4609375,-0.19140625,9.42578125
119,291000000,imu2_frame,-0.02269999558892603,-0.011855400231450463,-0.5319363641191093,0.8463969897237095,0.01576171875,-0.0194140625,0.02912109375,0.4609375,-0.19140625,9.42578125
119,311000000,imu2_frame,-0.022325266213296308,-0.012017130827759568,-0.5319823526768939,0.846375772039542,0.03919921875,0.0079296875,0.02521484375,0.4609375,-0.19140625,9.42578125
119,331000000,imu2_frame,-0.02262617834621722,-0.011870875399305127,-0.5321298983541367,0.8462770879849669,-0.03501953125,-0.0018359375,0.01349609375,0.4609375,-0.19140625,9.42578125
119,351000000,imu2_frame,-0.022770810562650495,-0.011697603972129956,-0.532964065395986,0.8457505313295489,-0.02525390625,0.0098828125,-0.06853515625,0.4609375,-0.19140625,9.42578125
119,371000000,imu2_frame,-0.022396362916857,-0.011844786956857999,-0.5333771927297819,0.8454980036793347,0.03724609375,0.0098828125,-0.01970703125,0.4609375,-0.19140625,9.42578125
119,391000000,imu2_frame,-0.022475897956270967,-0.01191520751392597,-0.5339487170044334,0.8451340896273674,-0.00572265625,-0.0076953125,-0.03923828125,0.4609375,-0.19140625,9.42578125
119,411000000,imu2_frame,-0.02233960908667113,-0.011873587484645667,-0.5347649442457981,0.8446220540525139,0.00599609375,0.0137890625,-0.06853515625,0.4609375,-0.19140625,9.42578125
119,431000000,imu2_frame,-0.02215678741795589,-0.011994594065186489,-0.5352594720226682,0.8443118523949202,0.01966796875,0.0020703125,-0.03142578125,0.4609375,-0.19140625,9.42578125
119,451000000,imu2_frame,-0.021975233192520656,-0.012115619064965623,-0.5357053871782089,0.8440320130475221,0.01966796875,0.0020703125,-0.03142578125,0.4609375,-0.19140625,9.42578125
119,471000000,imu2_frame,-0.021878533830715245,-0.0121494336705761,-0.5368840676663149,0.843284779244221,0.00599609375,0.0059765625,-0.11931640625,0.4609375,-0.19140625,9.42578125
119,491000000,imu2_frame,-0.021759636637527134,-0.012170632815349157,-0.5378070997006861,0.8426991856064732,0.00794921875,0.0079296875,-0.09001953125,0.4609375,-0.19140625,9.42578125
119,511000000,imu2_frame,-0.021564245663572772,-0.012236883590873925,-0.5384605322132465,0.8422858761949958,0.01771484375,0.0079296875,-0.05876953125,0.4609375,-0.19140625,9.42578125
119,531000000,imu2_frame,-0.021435795766510113,-0.01234679884217679,-0.5401485956991815,0.8412060138767492,0.01185546875,0.0020703125,-0.18376953125,0.4609375,-0.19140625,9.42578125
119,551000000,imu2_frame,-0.02140070352417113,-0.012350240274621718,-0.5403730935781459,0.8410626618692653,0.00208984375,0.0040234375,-0.00994140625,0.4609375,-0.19140625,9.42578125
119,571000000,imu2_frame,-0.021929744461348984,-0.012216750991097106,-0.5403153559672843,0.8410880770817218,-0.05259765625,-0.0155078125,0.02326171875,0.4609375,-0.19140625,9.42578125
119,591000000,imu2_frame,-0.021765597548318364,-0.012278045667713976,-0.5405163710185519,0.8409622827564154,0.01576171875,0.0059765625,-0.00798828125,0.4609375,-0.19140625,9.42578125
119,611000000,imu2_frame,-0.021603213817580617,-0.012338598743329317,-0.5407223339204659,0.8408331687876064,0.01576171875,0.0059765625,-0.00798828125,0.4609375,-0.19140625,9.42578125
119,631000000,imu2_frame,-0.021216989305125243,-0.012405937701244834,-0.5409472434588047,0.8406973366610007,0.03529296875,0.0176953125,-0.00994140625,0.4609375,-0.19140625,9.42578125
119,651000000,imu2_frame,-0.021444768532885416,-0.012223591398798708,-0.5415315652504878,0.8403179574144796,-0.03111328125,0.0059765625,-0.05291015625,0.4609375,-0.19140625,9.42578125
119,671000000,imu2_frame,-0.021323097396331873,-0.012103099560816824,-0.5419490593901208,0.8400536039590634,0.00208984375,0.0196484375,-0.03337890625,0.4609375,-0.19140625,9.42578125
119,691000000,imu2_frame,-0.02164911033536268,-0.012009462204271612,-0.5418372922078427,0.8401187044770068,-0.03306640625,-0.0076953125,0.02912109375,0.4609375,-0.19140625,9.42578125
119,711000000,imu2_frame,-0.021753828793000324,-0.011997473522401058,-0.5422761856863362,0.8398329417207939,-0.01158203125,-0.0018359375,-0.03728515625,0.4609375,-0.19140625,9.42578125
119,731000000,imu2_frame,-0.0216958654243711,-0.011885544222655331,-0.5428775749768966,0.8394474145824877,-0.00376953125,0.0157421875,-0.05681640625,0.4609375,-0.19140625,9.42578125
119,751000000,imu2_frame,-0.021541275028833844,-0.01190528402849484,-0.5433903862707313,0.8391192560005274,0.01185546875,0.0098828125,-0.04705078125,0.4609375,-0.19140625,9.42578125
119,771000000,imu2_frame,-0.021390816297452896,-0.011920227307997359,-0.544079731451262,0.8386760918155335,0.01185546875,0.0098828125,-0.04705078125,0.4609375,-0.19140625,9.42578125
119,791000000,imu2_frame,-0.02169641057616515,-0.01204834303904942,-0.5443473239288924,0.8384927513876177,-0.01939453125,-0.0252734375,0.00177734375,0.4609375,-0.19140625,9.42578125
119,811000000,imu2_frame,-0.021649381522741193,-0.012140020787975008,-0.5454888252301571,0.8377504793934609,0.00599609375,-0.0018359375,-0.10369140625,0.4609375,-0.19140625,9.42578125
119,831000000,imu2_frame,-0.021426932402058587,-0.012154438079211224,-0.546234160855498,0.8372702059176035,0.01771484375,0.0137890625,-0.05681640625,0.4609375,-0.19140625,9.42578125
119,851000000,imu2_frame,-0.021157370045875874,-0.012544461617234668,-0.5467839520703497,0.836912368132892,0.04310546875,-0.0155078125,-0.03533203125,0.4609375,-0.19140625,9.42578125
119,871000000,imu2_frame,-0.021177419147238825,-0.012490786071458962,-0.5474357888273959,0.836486434015822,-0.00572265625,0.0059765625,-0.04705078125,0.4609375,-0.19140625,9.42578125
119,891000000,imu2_frame,-0.020869003632837134,-0.012640717302812824,-0.5473182877134883,0.8365688189789399,0.03529296875,0.0059765625,0.04474609375,0.4609375,-0.19140625,9.42578125
119,911000000,imu2_frame,-0.021088958874275244,-0.012470113970103402,-0.5488417389880307,0.8355671712171119,-0.03111328125,0.0059765625,-0.15251953125,0.4609375,-0.19140625,9.42578125
119,931000000,imu2_frame,-0.021307818002460243,-0.012298903577582244,-0.5504327746955365,0.8345169107955429,-0.03111328125,0.0059765625,-0.15251953125,0.4609375,-0.19140625,9.42578125
119,951000000,imu2_frame,-0.02145919979078895,-0.012432089108833158,-0.5508498598872278,0.834235804654146,-0.00572265625,-0.0174609375,-0.01384765625,0.4609375,-0.19140625,9.42578125
119,971000000,imu2_frame,-0.02144418638106577,-0.012382662771470513,-0.5519615912057189,0.8335017806620411,-0.00376953125,0.0079296875,-0.09783203125,0.4609375,-0.19140625,9.42578125
119,991000000,imu2_frame,-0.021460244736029404,-0.012540007532943702,-0.5527320196198999,0.8329883075973216,0.00599609375,-0.0116015625,-0.05876953125,0.4609375,-0.19140625,9.42578125
120,11000000,imu2_frame,-0.02147535391978791,-0.012697266602439668,-0.5534360492303931,0.8325179445556116,0.00599609375,-0.0116015625,-0.05876953125,0.4609375,-0.19140625,9.42578125
120,31000000,imu2_frame,-0.021044249709348095,-0.01284908068470441,-0.5542178095365253,0.832006406388956,0.04310546875,0.0137890625,-0.06853515625,0.4609375,-0.19140625,9.42578125
120,51000000,imu2_frame,-0.021009751179139367,-0.013044520158098415,-0.5552777877119223,0.8312971847197542,0.01185546875,-0.0116015625,-0.10369140625,0.4609375,-0.19140625,9.42578125
120,71000000,imu2_frame,-0.02130950531093252,-0.01286355973981635,-0.5555293041030882,0.8311243144662308,-0.03501953125,0.0001171875,-0.00603515625,0.4609375,-0.19140625,9.42578125
120,91000000,imu2_frame,-0.02160810838153879,-0.012680976712489387,-0.5559047752344677,0.8308683189009586,-0.03501953125,0.0001171875,-0.00603515625,0.4609375,-0.19140625,9.42578125
120,111000000,imu2_frame,-0.021873301125590817,-0.012728179702091648,-0.5561704595662853,0.8306828348083085,-0.01939453125,-0.0174609375,0.00568359375,0.4609375,-0.19140625,9.42578125
120,131000000,imu2_frame,-0.021449121172785798,-0.012723428565596405,-0.5564732046088224,0.8304911932819269,0.03529296875,0.0255078125,0.00177734375,0.4609375,-0.19140625,9.42578125
120,151000000,imu2_frame,-0.021587842294736037,-0.01266197506369588,-0.5577357329351871,0.8296411824757699,-0.01744140625,0.0001171875,-0.11541015625,0.4609375,-0.19140625,9.42578125
120,171000000,imu2_frame,-0.02172391363930076,-0.012603078638205402,-0.5589059114416773,0.8288506597334525,-0.01744140625,0.0001171875,-0.11541015625,0.4609375,-0.19140625,9.42578125
120,191000000,imu2_frame,-0.02170993638616059,-0.01277441739796828,-0.5579396460991494,0.8294991526415246,0.01380859375,-0.0135546875,0.14240234375,0.4609375,-0.19140625,9.42578125
120,211000000,imu2_frame,-0.021916329381808687,-0.012659881971130117,-0.5572284576474763,0.8299734019128081,-0.02134765625,-0.0018359375,0.11310546875,0.4609375,-0.19140625,9.42578125
120,231000000,imu2_frame,-0.021646956798142342,-0.012698349478608097,-0.5563312841396366,0.8305815212665411,0.02748046875,0.0118359375,0.13654296875,0.4609375,-0.19140625,9.42578125
120,251000000,imu2_frame,-0.02138255346001642,-0.012732713254883149,-0.5555920871698129,0.8310824851330881,0.02748046875,0.0118359375,0.13654296875,0.4609375,-0.19140625,9.42578125
120,271000000,imu2_frame,-0.02115845776458099,-0.01308410066008721,-0.5559285716624622,0.8308577189773686,0.03919921875,-0.0155078125,0.00568359375,0.4609375,-0.19140625,9.42578125
120,291000000,imu2_frame,-0.021132245113468177,-0.013070869608112705,-0.5564154070018789,0.8305326456167065,0.00208984375,0.0040234375,-0.01189453125,0.4609375,-0.19140625,9.42578125
120,311000000,imu2_frame,-0.021112259330012813,-0.013081610191749325,-0.5572018415810883,0.8300055733062384,0.00208984375,0.0020703125,-0.04900390625,0.4609375,-0.19140625,9.42578125
120,331000000,imu2_frame,-0.021089364046556404,-0.01309728310711985,-0.5577823812197636,0.8296158840693288,0.00208984375,0.0020703125,-0.04900390625,0.4609375,-0.19140625,9.42578125
120,351000000,imu2_frame,-0.02129627518718367,-0.013075614492205562,-0.5584032086633572,0.8291931943300489,-0.01939453125,-0.0076953125,-0.05486328125,0.4609375,-0.19140625,9.42578125
120,371000000,imu2_frame,-0.021202269990691313,-0.01307278675770776,-0.5592750912057194,0.82860783145615,0.00599609375,0.0079296875,-0.08611328125,0.4609375,-0.19140625,9.42578125
120,391000000,imu2_frame,-0.02117231205123182,-0.013169013467819495,-0.5602466987472136,0.8279504495013809,0.00599609375,-0.0037890625,-0.09978515625,0.4609375,-0.19140625,9.42578125
120,411000000,imu2_frame,-0.02114640315049562,-0.013258316328183086,-0.5614409528876295,0.8271403164533627,0.00599609375,-0.0037890625,-0.09978515625,0.4609375,-0.19140625,9.42578125
120,431000000,imu2_frame,-0.021379767585709863,-0.01321992265586126,-0.562782360312039,0.8262228235195179,-0.02330078125,-0.0076953125,-0.11931640625,0.4609375,-0.19140625,9.42578125
120,451000000,imu2_frame,-0.020996136021103937,-0.013432612824063935,-0.563818256319045,0.8255226835322297,0.04310546875,0.0059765625,-0.08416015625,0.4609375,-0.19140625,9.42578125
120,471000000,imu2_frame,-0.021157760988707724,-0.0132746335410233,-0.564930955119252,0.8247600555327266,-0.02330078125,0.0059765625,-0.09392578125,0.4609375,-0.19140625,9.42578125
120,491000000,imu2_frame,-0.021316445549277124,-0.013120019489915792,-0.5659571573228308,0.8240545918279866,-0.02330078125,0.0059765625,-0.09392578125,0.4609375,-0.19140625,9.42578125
120,511000000,imu2_frame,-0.02141909054427566,-0.013156750550687137,-0.5661850444835852,0.8238947856846309,-0.00572265625,-0.0076953125,0.00177734375,0.4609375,-0.19140625,9.42578125
120,531000000,imu2_frame,-0.021438226802533916,-0.013091075575365728,-0.5667801566216166,0.8234860534531347,-0.00572265625,0.0059765625,-0.04314453125,0.4609375,-0.19140625,9.42578125
120,551000000,imu2_frame,-0.021485871368050906,-0.013242187903724277,-0.5674410833884991,0.8230271068889315,0.00404296875,-0.0135546875,-0.05291015625,0.4609375,-0.19140625,9.42578125
120,571000000,imu2_frame,-0.021533180925751527,-0.01339165673185262,-0.5680989763520214,0.8225694734896137,0.00404296875,-0.0135546875,-0.05291015625,0.4609375,-0.19140625,9.42578125
120,591000000,imu2_frame,-0.021324667363101787,-0.013430802598929455,-0.5685325269764611,0.8222746730096709,0.01966796875,0.0098828125,-0.02556640625,0.4609375,-0.19140625,9.42578125
120,611000000,imu2_frame,-0.02135839743088209,-0.013354496513393824,-0.5692348362534372,0.8217890103168701,-0.00767578125,0.0059765625,-0.05876953125,0.4609375,-0.19140625,9.42578125
120,631000000,imu2_frame,-0.02144347202766234,-0.013401885550058362,-0.5695276442492976,0.8215831238571953,-0.00376953125,-0.0076953125,-0.00994140625,0.4609375,-0.19140625,9.42578125
120,651000000,imu2_frame,-0.02157427803667975,-0.013326612482434417,-0.5701055400930339,0.821180019899516,-0.01548828125,0.0001171875,-0.04509765625,0.4609375,-0.19140625,9.42578125
120,671000000,imu2_frame,-0.021722384775098903,-0.013217454078864637,-0.5708043969175349,0.8206922549695257,-0.01939453125,0.0020703125,-0.06072265625,0.4609375,-0.19140625,9.42578125
120,691000000,imu2_frame,-0.02170967909489161,-0.013148759620514651,-0.5714482926858087,0.8202454807803047,-0.00376953125,0.0079296875,-0.05486328125,0.4609375,-0.19140625,9.42578125
120,711000000,imu2_frame,-0.021703059608471516,-0.013359105389716732,-0.5720604505985107,0.8198154379906776,0.01185546875,-0.0155078125,-0.05291015625,0.4609375,-0.19140625,9.42578125
120,731000000,imu2_frame,-0.021833567413258904,-0.013279795686249315,-0.5724503734735882,0.8195410375756003,-0.01548828125,0.0001171875,-0.02556640625,0.4609375,-0.19140625,9.42578125
120,751000000,imu2_frame,-0.02196806371878412,-0.013336839936614917,-0.5726878156374338,0.8193706113215052,-0.00767578125,-0.0116015625,-0.00798828125,0.4609375,-0.19140625,9.42578125
120,771000000,imu2_frame,-0.021824872358228817,-0.013395595095909239,-0.5727818150893687,0.8193077720133636,0.01576171875,0.0040234375,0.00958984375,0.4609375,-0.19140625,9.42578125
120,791000000,imu2_frame,-0.021922276186960906,-0.013357343706874502,-0.5728760764137978,0.8192398893172935,-0.00962890625,-0.0018359375,0.00958984375,0.4609375,-0.19140625,9.42578125
120,811000000,imu2_frame,-0.022019682656020723,-0.013317794783399024,-0.5730303928693348,0.8191299889308481,-0.00962890625,-0.0018359375,0.00958984375,0.4609375,-0.19140625,9.42578125
120,831000000,imu2_frame,-0.02201773205636137,-0.013350638289433716,-0.5733871509393731,0.8188798172320451,0.00208984375,-0.0018359375,-0.01580078125,0.4609375,-0.19140625,9.42578125
120,851000000,imu2_frame,-0.021790848213415714,-0.013543943077575324,-0.5739432213438586,0.8184930660753857,0.02943359375,-0.0018359375,-0.04119140625,0.4609375,-0.19140625,9.42578125
120,871000000,imu2_frame,-0.02165803415116534,-0.01364034320449126,-0.5740214421724376,0.8184401349642171,0.01771484375,0.0001171875,0.01740234375,0.4609375,-0.19140625,9.42578125
120,891000000,imu2_frame,-0.021526204579734105,-0.013736471524007301,-0.5740752716914559,0.8184042487052733,0.01771484375,0.0001171875,0.01740234375,0.4609375,-0.19140625,9.42578125
120,911000000,imu2_frame,-0.02140035436629146,-0.013818613690272138,-0.5750792318631472,0.8177010137136732,0.01380859375,0.0020703125,-0.09978515625,0.4609375,-0.19140625,9.42578125
120,931000000,imu2_frame,-0.021546780911079373,-0.01363501131547374,-0.5758415239829889,0.817163607826331,-0.02330078125,0.0079296875,-0.07048828125,0.4609375,-0.19140625,9.42578125
120,951000000,imu2_frame,-0.021509367681022566,-0.013779094681865297,-0.575527622412859,0.8173832879937738,0.01380859375,-0.0096484375,0.06037109375,0.4609375,-0.19140625,9.42578125
120,971000000,imu2_frame,-0.02147411254061548,-0.013919085880392753,-0.5753181691590609,0.817529281294752,0.01380859375,-0.0096484375,0.06037109375,0.4609375,-0.19140625,9.42578125
120,991000000,imu2_frame,-0.021469861653201895,-0.0139779007730003,-0.5759978578348676,0.8170496503274549,0.00404296875,-0.0037890625,-0.04900390625,0.4609375,-0.19140625,9.42578125
121,11000000,imu2_frame,-0.021219184637916298,-0.014020302750624585,-0.5766419093426207,0.8166010566389074,0.02357421875,0.0118359375,-0.04509765625,0.4609375,-0.19140625,9.42578125
121,34000000,imu2_frame,-0.021528878602505273,-0.013732175498361279,-0.5775586871568398,0.8159496906255119,-0.03697265625,0.0059765625,-0.06853515625,0.4609375,-0.19140625,9.42578125
121,51000000,imu2_frame,-0.021759308228569113,-0.013519378732426127,-0.5783311777396287,0.8153997840068375,-0.03697265625,0.0059765625,-0.06853515625,0.4609375,-0.19140625,9.42578125
121,71000000,imu2_frame,-0.021818675949056905,-0.013610740192910448,-0.5777496454567742,0.8158088258322552,0.00404296875,-0.0116015625,0.10724609375,0.4609375,-0.19140625,9.42578125
121,91000000,imu2_frame,-0.021856029133112923,-0.013517022020019354,-0.5781102276587818,0.8155539030515117,-0.00767578125,0.0059765625,-0.00798828125,0.4609375,-0.19140625,9.42578125
121,111000000,imu2_frame,-0.02195395582742924,-0.013475269508946681,-0.5784333734020164,0.8153228032319176,-0.00962890625,-0.0018359375,-0.00408203125,0.4609375,-0.19140625,9.42578125
121,131000000,imu2_frame,-0.022052459627016623,-0.013431268850209935,-0.5788492485373324,0.8150256667794198,-0.00962890625,-0.0018359375,-0.00408203125,0.4609375,-0.19140625,9.42578125
121,151000000,imu2_frame,-0.02213536195577446,-0.013377422053664474,-0.5794655554242467,0.8145862387784084,-0.00962890625,0.0001171875,-0.02947265625,0.4609375,-0.19140625,9.42578125
121,171000000,imu2_frame,-0.022107363952228388,-0.013328988625114332,-0.5799344334308321,0.8142540484655726,0.00013671875,0.0059765625,-0.01189453125,0.4609375,-0.19140625,9.42578125
121,191000000,imu2_frame,-0.022107054796076057,-0.013377515738776262,-0.5802221570229259,0.8140482594420096,0.00404296875,-0.0037890625,0.00958984375,0.4609375,-0.19140625,9.42578125
121,211000000,imu2_frame,-0.022108214009242278,-0.013423225239648773,-0.5805928886515607,0.8137831047304459,0.00404296875,-0.0037890625,0.00958984375,0.4609375,-0.19140625,9.42578125
121,231000000,imu2_frame,-0.022157564959618015,-0.013286458711661762,-0.580634584858054,0.8137542572525683,-0.00962890625,0.0079296875,0.05060546875,0.4609375,-0.19140625,9.42578125
121,251000000,imu2_frame,-0.022292425097417384,-0.013263620582259024,-0.5811751961478837,0.8133649337995799,-0.01158203125,-0.0057421875,-0.01189453125,0.4609375,-0.19140625,9.42578125
121,271000000,imu2_frame,-0.021726587586523814,-0.013527923958549142,-0.5817549012526845,0.8129613677990464,0.06263671875,0.0118359375,-0.01775390625,0.4609375,-0.19140625,9.42578125
121,291000000,imu2_frame,-0.02158202657821231,-0.013579814420543948,-0.5817994904922825,0.8129324434613258,0.01771484375,0.0040234375,0.04865234375,0.4609375,-0.19140625,9.42578125
121,311000000,imu2_frame,-0.021452360870511868,-0.013530503498661806,-0.5821153967338687,0.8127105183111172,0.00990234375,0.0118359375,0.01544921875,0.4609375,-0.19140625,9.42578125
121,331000000,imu2_frame,-0.02172270752642685,-0.013410891266751287,-0.5824902912427082,0.8124366637351724,-0.02720703125,-0.0057421875,0.00763671875,0.4609375,-0.19140625,9.42578125
121,351000000,imu2_frame,-0.021577214359653086,-0.013519361802196542,-0.582998148120224,0.8120743869654604,0.01966796875,0.0001171875,-0.00994140625,0.4609375,-0.19140625,9.42578125
121,371000000,imu2_frame,-0.02143225440919478,-0.01362853751101772,-0.5834387494200005,0.8117599073072507,0.01966796875,0.0001171875,-0.00994140625,0.4609375,-0.19140625,9.42578125
121,391000000,imu2_frame,-0.021501736568053532,-0.01360943949950252,-0.5840183658481835,0.8113414859558734,-0.00572265625,-0.0018359375,-0.02751953125,0.4609375,-0.19140625,9.42578125
121,411000000,imu2_frame,-0.021419092094393133,-0.01376855969667835,-0.5844143703199917,0.8110557890929689,0.01771484375,-0.0076953125,-0.00603515625,0.4609375,-0.19140625,9.42578125
121,431000000,imu2_frame,-0.02153480253270629,-0.01373570661679062,-0.5847784902877946,0.8107907867880237,-0.00962890625,-0.0037890625,-0.00212890625,0.4609375,-0.19140625,9.42578125
121,451000000,imu2_frame,-0.021361711662839,-0.013674079304758046,-0.5852678833826224,0.8104432130080591,0.01185546875,0.0157421875,-0.01775390625,0.4609375,-0.19140625,9.42578125
121,471000000,imu2_frame,-0.02147518136165172,-0.013740349416270092,-0.5856839621491416,0.8101384547499803,-0.00376953125,-0.0116015625,-0.00994140625,0.4609375,-0.19140625,9.42578125
121,491000000,imu2_frame,-0.021568075332245203,-0.013769597971877053,-0.5859073290462529,0.8099739613518706,-0.00376953125,-0.0076953125,0.01349609375,0.4609375,-0.19140625,9.42578125
121,511000000,imu2_frame,-0.021410710709699646,-0.013789875255981653,-0.5862558449707251,0.8097255739106869,0.01576171875,0.0079296875,-0.00212890625,0.4609375,-0.19140625,9.42578125
121,531000000,imu2_frame,-0.021273280222168286,-0.013794560045568763,-0.5864459317832096,0.8095914566969328,0.01380859375,0.0079296875,0.01740234375,0.4609375,-0.19140625,9.42578125
121,551000000,imu2_frame,-0.021278642700164774,-0.013790544490412275,-0.5865087923365029,0.809545845989882,0.00208984375,0.0001171875,0.03302734375,0.4609375,-0.19140625,9.42578125
121,571000000,imu2_frame,-0.021265594490674906,-0.013822444001969962,-0.5864760034663631,0.809569399057853,0.00599609375,-0.0018359375,0.04474609375,0.4609375,-0.19140625,9.42578125
121,591000000,imu2_frame,-0.021309917376269864,-0.013837305312856246,-0.5865059246643054,0.8095463030221086,0.00013671875,-0.0037890625,0.03693359375,0.4609375,-0.19140625,9.42578125
121,611000000,imu2_frame,-0.0214280272388992,-0.013801452877608254,-0.5867706834166138,0.8093519164306192,-0.00962890625,-0.0037890625,0.00763671875,0.4609375,-0.19140625,9.42578125
121,631000000,imu2_frame,-0.021405927651036452,-0.013770971373158936,-0.5870176484509285,0.8091739164209264,0.00208984375,0.0040234375,0.00958984375,0.4609375,-0.19140625,9.42578125
121,651000000,imu2_frame,-0.021293712926212974,-0.013762785649182414,-0.5875602880816363,0.8087830805539983,0.00990234375,0.0079296875,-0.02751953125,0.4609375,-0.19140625,9.42578125
121,671000000,imu2_frame,-0.021537288037366608,-0.013595343681932999,-0.5883029360145219,0.8082394245091359,-0.02916015625,0.0001171875,-0.05291015625,0.4609375,-0.19140625,9.42578125
121,691000000,imu2_frame,-0.02181289340614378,-0.013495829650109073,-0.5887524320588396,0.8079063274960215,-0.02720703125,-0.0076953125,-0.01775390625,0.4609375,-0.19140625,9.42578125
121,711000000,imu2_frame,-0.02163386109250127,-0.013705466464427905,-0.5893776661060217,0.8074516102768274,0.02748046875,-0.0057421875,-0.04119140625,0.4609375,-0.19140625,9.42578125
121,731000000,imu2_frame,-0.02151407017034429,-0.01374731030193161,-0.5897045968956344,0.8072153644748874,0.01380859375,0.0040234375,-0.00408203125,0.4609375,-0.19140625,9.42578125
121,751000000,imu2_frame,-0.021490870907029946,-0.013812450414277378,-0.5898552793823948,0.8071047689525367,0.00794921875,-0.0037890625,0.01740234375,0.4609375,-0.19140625,9.42578125
121,771000000,imu2_frame,-0.021468388256058638,-0.013876282768426049,-0.5900297772944618,0.8069767152700663,0.00794921875,-0.0037890625,0.01740234375,0.4609375,-0.19140625,9.42578125
121,791000000,imu2_frame,-0.021700530405169317,-0.013687871892631084,-0.5906603489904737,0.8065122945582646,-0.02916015625,0.0020703125,-0.03923828125,0.4609375,-0.19140625,9.42578125
121,811000000,imu2_frame,-0.021749696239863277,-0.013817779416878792,-0.5907598929663562,0.8064358427970818,0.00599609375,-0.0135546875,0.02521484375,0.4609375,-0.19140625,9.42578125
121,831000000,imu2_frame,-0.02164741424931257,-0.01382212243330279,-0.5911905249108589,0.8061228824710167,0.00990234375,0.0059765625,-0.01580078125,0.4609375,-0.19140625,9.42578125
121,851000000,imu2_frame,-0.021543373760094027,-0.013830840924107893,-0.5914542778833743,0.8059320244659727,0.00990234375,0.0059765625,-0.01580078125,0.4609375,-0.19140625,9.42578125
121,871000000,imu2_frame,-0.021515487791249874,-0.013807236825495284,-0.5916386051304406,0.8057978685226561,0.00208984375,0.0040234375,-0.00603515625,0.4609375,-0.19140625,9.42578125
121,891000000,imu2_frame,-0.02150180844527952,-0.013890710190207869,-0.5916150426403314,0.8058140987384579,0.00794921875,-0.0057421875,0.01935546875,0.4609375,-0.19140625,9.42578125
121,911000000,imu2_frame,-0.0215058532548821,-0.013938227524673712,-0.5917168291697054,0.8057384303647182,0.00404296875,-0.0037890625,0.00373046875,0.4609375,-0.19140625,9.42578125
121,931000000,imu2_frame,-0.02151787046634719,-0.013931643003860959,-0.5918344524763333,0.8056518301573239,0.00013671875,0.0001171875,0.00177734375,0.4609375,-0.19140625,9.42578125
121,951000000,imu2_frame,-0.021513650871909994,-0.013937399064096443,-0.5919817604229829,0.8055436096574758,0.00208984375,0.0001171875,-0.00212890625,0.4609375,-0.19140625,9.42578125
121,971000000,imu2_frame,-0.02150947569267538,-0.013943099520182732,-0.5921275661663914,0.8054364517558554,0.00208984375,0.0001171875,-0.00212890625,0.4609375,-0.19140625,9.42578125
121,991000000,imu2_frame,-0.021505344435137165,-0.013948744888222113,-0.5922718852161954,0.8053303462922675,0.00208984375,0.0001171875,-0.00212890625,0.4609375,-0.19140625,9.42578125
122,11000000,imu2_frame,-0.021490076466036942,-0.0139383427243858,-0.5923998519022009,0.8052368065866289,0.00208984375,0.0020703125,-0.00017578125,0.4609375,-0.19140625,9.42578125
122,31000000,imu2_frame,-0.02148668484181328,-0.013943202778673754,-0.5925105310721946,0.8051553763338648,0.00208984375,0.0001171875,0.00177734375,0.4609375,-0.19140625,9.42578125
122,51000000,imu2_frame,-0.021483059356166307,-0.013948431168538987,-0.5926356485074422,0.8050632941246294,0.00208984375,0.0001171875,-0.00017578125,0.4609375,-0.19140625,9.42578125
122,71000000,imu2_frame,-0.021490928860571894,-0.013969181139998782,-0.592758802825206,0.8049720514578232,0.00208984375,-0.0018359375,-0.00017578125,0.4609375,-0.19140625,9.42578125
122,91000000,imu2_frame,-0.02150309432400386,-0.013962281317037785,-0.592865751891553,0.8048930810169636,0.00013671875,0.0001171875,0.00177734375,0.4609375,-0.19140625,9.42578125
122,111000000,imu2_frame,-0.021541886712385563,-0.013959969965779242,-0.5929866071599688,0.8048030504939294,-0.0018164062499999999,-0.0018359375,-0.00017578125,0.4609375,-0.19140625,9.42578125
122,131000000,imu2_frame,-0.021537702804102776,-0.013965047288791532,-0.5931061142230584,0.8047150067467169,0.00208984375,0.0001171875,-0.00017578125,0.4609375,-0.19140625,9.42578125
122,151000000,imu2_frame,-0.021533562624913474,-0.01397007541911498,-0.5932244107432819,0.8046278277388554,0.00208984375,0.0001171875,-0.00017578125,0.4609375,-0.19140625,9.42578125
122,171000000,imu2_frame,-0.021537640012615513,-0.013920985525787466,-0.593343273676443,0.8045409223946283,-0.0018164062499999999,0.0040234375,-0.00017578125,0.4609375,-0.19140625,9.42578125
122,191000000,imu2_frame,-0.02153350328227134,-0.013926445804574925,-0.5934595576167564,0.8044551670646216,0.00208984375,0.0001171875,-0.00017578125,0.4609375,-0.19140625,9.42578125
122,211000000,imu2_frame,-0.021556434340429354,-0.013935938347467201,-0.5935741658143515,0.8043698275287924,0.00013671875,-0.0018359375,-0.00017578125,0.4609375,-0.19140625,9.42578125
122,231000000,imu2_frame,-0.021567388810353853,-0.013930196968713985,-0.5937035043531838,0.8042741735696012,0.00013671875,0.0001171875,-0.00212890625,0.4609375,-0.19140625,9.42578125
122,251000000,imu2_frame,-0.021594049067454817,-0.013912615522881581,-0.5938161008242,0.8041906332307834,-0.0018164062499999999,0.0001171875,-0.00017578125,0.4609375,-0.19140625,9.42578125
122,271000000,imu2_frame,-0.02160515784341024,-0.013906271644714153,-0.593911667715598,0.8041198689963965,0.00013671875,0.0001171875,0.00177734375,0.4609375,-0.19140625,9.42578125
122,291000000,imu2_frame,-0.0216158840248844,-0.013900408066203138,-0.5940217423929209,0.8040383708367991,0.00013671875,0.0001171875,-0.00017578125,0.4609375,-0.19140625,9.42578125
122,311000000,imu2_frame,-0.02162650048264194,-0.013894602511824483,-0.5941306308746742,0.8039577277160624,0.00013671875,0.0001171875,-0.00017578125,0.4609375,-0.19140625,9.42578125
122,331000000,imu2_frame,-0.02163295133805874,-0.013915893606526395,-0.5942374631035683,0.8038782250849766,0.00208984375,-0.0018359375,-0.00017578125,0.4609375,-0.19140625,9.42578125
122,351000000,imu2_frame,-0.021643392425023594,-0.013909937837244429,-0.5943438325191472,0.8037994065313513,0.00013671875,0.0001171875,-0.00017578125,0.4609375,-0.19140625,9.42578125
122,371000000,imu2_frame,-0.02164250617190524,-0.013888074653814196,-0.5944342079529755,0.8037329753869304,0.00013671875,0.0020703125,0.00177734375,0.4609375,-0.19140625,9.42578125
122,391000000,imu2_frame,-0.021610282135374328,-0.01388983135042825,-0.5945390245367764,0.8036562801309678,0.00404296875,0.0020703125,-0.00017578125,0.4609375,-0.19140625,9.42578125
122,411000000,imu2_frame,-0.021620953728151822,-0.013884122984300426,-0.5946428262941803,0.8035792895699287,0.00013671875,0.0001171875,-0.00017578125,0.4609375,-0.19140625,9.42578125
122,431000000,imu2_frame,-0.021604485757371436,-0.013874425373471415,-0.5947460014583678,0.8035035409162792,0.00208984375,0.0020703125,-0.00017578125,0.4609375,-0.19140625,9.42578125
122,451000000,imu2_frame,-0.021592221501413777,-0.013837779578056176,-0.5948492857973373,0.8034280422124813,0.00013671875,0.0040234375,-0.00017578125,0.4609375,-0.19140625,9.42578125
122,471000000,imu2_frame,-0.021576045971965503,-0.01382853390674395,-0.5949511068902481,0.8033532388061148,0.00208984375,0.0020703125,-0.00017578125,0.4609375,-0.19140625,9.42578125
122,491000000,imu2_frame,-0.0216063599157106,-0.013785283343249619,-0.5950682681335712,0.8032663863469276,-0.00376953125,0.0020703125,-0.00212890625,0.4609375,-0.19140625,9.42578125
122,511000000,imu2_frame,-0.02164410530404349,-0.01378462122917282,-0.5951671801094862,0.8031920969753612,-0.0018164062499999999,-0.0018359375,-0.00017578125,0.4609375,-0.19140625,9.42578125
122,531000000,imu2_frame,-0.02167022724539755,-0.0137680136116734,-0.5952498275290752,0.8031304289335126,-0.0018164062499999999,0.0001171875,0.00177734375,0.4609375,-0.19140625,9.42578125
122,551000000,imu2_frame,-0.021680288850462248,-0.013763498617828142,-0.5953468243798681,0.8030583352920035,0.00013671875,0.0001171875,-0.00017578125,0.4609375,-0.19140625,9.42578125
122,571000000,imu2_frame,-0.021690247732736312,-0.013759028724903234,-0.5954427639742746,0.8029870093049553,0.00013671875,0.0001171875,-0.00017578125,0.4609375,-0.19140625,9.42578125
122,591000000,imu2_frame,-0.021727139414819557,-0.013758622778960077,-0.5955371574620271,0.8029160141597154,-0.0018164062499999999,-0.0018359375,-0.00017578125,0.4609375,-0.19140625,9.42578125
122,611000000,imu2_frame,-0.02177935278791418,-0.013745439291189914,-0.595629615558681,0.802846239176749,-0.0018164062499999999,-0.0018359375,-0.00017578125,0.4609375,-0.23046875,9.4609375
122,631000000,imu2_frame,-0.021788210482887208,-0.013740313540390861,-0.5957364910291837,0.8027667848908553,0.00208984375,0.0001171875,-0.00212890625,0.4609375,-0.23046875,9.4609375
122,651000000,imu2_frame,-0.02179724363775036,-0.01373481800101322,-0.5958267075501884,0.8026996757905026,0.00208984375,0.0001171875,-0.00017578125,0.4609375,-0.23046875,9.4609375
122,671000000,imu2_frame,-0.0218217028859216,-0.013717856616014618,-0.5959161459984013,0.8026329052757764,0.00013671875,0.0001171875,-0.00017578125,0.4609375,-0.23046875,9.4609375
122,691000000,imu2_frame,-0.021830394743753527,-0.013712585543833658,-0.5960043603549025,0.8025672565592112,0.00208984375,0.0001171875,-0.00017578125,0.4609375,-0.23046875,9.4609375
122,711000000,imu2_frame,-0.021838997840254597,-0.013707367004481007,-0.5960916290294364,0.8025022966099042,0.00208984375,0.0001171875,-0.00017578125,0.4609375,-0.23046875,9.4609375
122,731000000,imu2_frame,-0.02184777838889152,-0.013701778619658232,-0.5961624476256819,0.8024495447584751,0.00208984375,0.0001171875,0.00177734375,0.4609375,-0.23046875,9.4609375
122,751000000,imu2_frame,-0.02189875561498239,-0.013689136279249087,-0.5962476972202981,0.8023850295275549,-0.0018164062499999999,-0.0018359375,-0.00017578125,0.4609375,-0.23046875,9.4609375
122,771000000,imu2_frame,-0.021922439149631857,-0.013672207279929858,-0.5963166066097998,0.8023334606578482,0.00013671875,0.0001171875,0.00177734375,0.4609375,-0.23046875,9.4609375
122,791000000,imu2_frame,-0.021992149942311676,-0.013621279975630804,-0.5964007744638532,0.8022698562775848,-0.00572265625,0.0001171875,-0.00017578125,0.4609375,-0.23046875,9.4609375
122,811000000,imu2_frame,-0.02199910686603703,-0.013616983430408174,-0.5964829929209791,0.8022086114068981,0.00208984375,0.0001171875,-0.00017578125,0.4609375,-0.23046875,9.4609375
122,831000000,imu2_frame,-0.022021501805480907,-0.01360119676405066,-0.5965645251384782,0.8021476349470332,0.00013671875,0.0001171875,-0.00017578125,0.4609375,-0.23046875,9.4609375
122,851000000,imu2_frame,-0.02203995532266886,-0.013612192720376145,-0.596628723492192,0.8020991926705796,0.00208984375,-0.0018359375,0.00177734375,0.4609375,-0.23046875,9.4609375
122,871000000,imu2_frame,-0.022062194978206606,-0.01359603225519644,-0.5966928495421837,0.8020511522121815,0.00013671875,0.0001171875,0.00177734375,0.4609375,-0.23046875,9.4609375
122,891000000,imu2_frame,-0.02209918707270718,-0.013569347721076,-0.5967874145286174,0.8019802245650439,-0.0018164062499999999,0.0001171875,-0.00212890625,0.4609375,-0.23046875,9.4609375
122,911000000,imu2_frame,-0.02213606369734751,-0.013542501368762973,-0.5968653294796508,0.8019216756054248,-0.0018164062499999999,0.0001171875,-0.00017578125,0.4609375,-0.23046875,9.4609375
122,931000000,imu2_frame,-0.022183839227119893,-0.013531861805524115,-0.5969570745273631,0.8018522414790358,-0.0018164062499999999,-0.0018359375,-0.00212890625,0.4609375,-0.23046875,9.4609375
122,951000000,imu2_frame,-0.02222433608989832,-0.013477482522818031,-0.597002516994316,0.801818203243517,-0.00376953125,0.0020703125,0.00373046875,0.4609375,-0.23046875,9.4609375
122,971000000,imu2_frame,-0.022244434086187728,-0.013463094271693017,-0.5970774500572358,0.8017620899481128,0.00013671875,0.0001171875,-0.00017578125,0.4609375,-0.23046875,9.4609375
122,991000000,imu2_frame,-0.022252263849006065,-0.013434199550082208,-0.5971832234562972,0.8016835763930735,0.00013671875,0.0020703125,-0.00408203125,0.4609375,-0.23046875,9.4609375
123,11000000,imu2_frame,-0.022302814833209488,-0.013397573035556252,-0.5972722561383518,0.8016164553791767,-0.00376953125,0.0001171875,-0.00212890625,0.4609375,-0.23046875,9.4609375
123,36000000,imu2_frame,-0.02230261522990156,-0.013397852058894063,-0.5973250231344944,0.8015771376801429,0.00208984375,0.0001171875,0.00177734375,0.4609375,-0.23046875,9.4609375
123,51000000,imu2_frame,-0.022310937082879973,-0.01339261097769436,-0.5973843847776439,0.8015327547153139,0.00208984375,0.0001171875,0.00177734375,0.4609375,-0.23046875,9.4609375
123,71000000,imu2_frame,-0.022330151565363828,-0.01337906228710353,-0.5974552125464396,0.8014796529073427,0.00013671875,0.0001171875,-0.00017578125,0.4609375,-0.23046875,9.4609375
123,91000000,imu2_frame,-0.022348911087106623,-0.013366080225898328,-0.5975407179304698,0.8014156003521232,0.00013671875,0.0001171875,-0.00212890625,0.4609375,-0.23046875,9.4609375
123,111000000,imu2_frame,-0.0224068506159476,-0.013371384530669413,-0.5975775504369735,0.801386430091597,-0.0018164062499999999,-0.0037890625,0.00373046875,0.4609375,-0.23046875,9.4609375
123,131000000,imu2_frame,-0.022398041222397466,-0.013354113267318753,-0.5976460358043253,0.8013358916806477,0.00208984375,0.0020703125,-0.00017578125,0.4609375,-0.23046875,9.4609375
123,151000000,imu2_frame,-0.02239958194675619,-0.013354674375911712,-0.5977908334963377,0.8012278270184316,0.00208984375,0.0001171875,-0.00994140625,0.4609375,-0.23046875,9.4609375
123,171000000,imu2_frame,-0.02240214063488638,-0.01335349924195975,-0.5978721767576937,0.8011670789616775,0.00208984375,0.0001171875,-0.00212890625,0.4609375,-0.23046875,9.4609375
123,191000000,imu2_frame,-0.022450882185470127,-0.013318090368253849,-0.5979687112777297,0.801094255809445,-0.00376953125,0.0001171875,-0.00408203125,0.4609375,-0.23046875,9.4609375
123,211000000,imu2_frame,-0.022479452450491634,-0.013322088225381584,-0.5980784379776122,0.8010114719584864,0.00013671875,-0.0018359375,-0.00603515625,0.4609375,-0.23046875,9.4609375
123,231000000,imu2_frame,-0.022463908869921053,-0.013335855731721885,-0.5982644521650773,0.8008727570755586,0.00404296875,0.0001171875,-0.01580078125,0.4609375,-0.23046875,9.4609375
123,251000000,imu2_frame,-0.022464780990526605,-0.013336617179695066,-0.598402357369038,0.8007696840867717,0.00208984375,0.0001171875,-0.00994140625,0.4609375,-0.23046875,9.4609375
123,271000000,imu2_frame,-0.022438595189579483,-0.013333450778017487,-0.5985393651270987,0.8006680691332196,0.00404296875,0.0020703125,-0.00994140625,0.4609375,-0.23046875,9.4609375
123,291000000,imu2_frame,-0.022416585653826704,-0.013303249957617412,-0.5986761921350795,0.8005668849002132,0.00208984375,0.0040234375,-0.00994140625,0.4609375,-0.23046875,9.4609375
123,311000000,imu2_frame,-0.022430547860403768,-0.013318066870465132,-0.5987481235692346,0.8005124509586572,0.00208984375,-0.0018359375,-0.00212890625,0.4609375,-0.23046875,9.4609375
123,331000000,imu2_frame,-0.02242147757564067,-0.01330133764842551,-0.5988049703045385,0.8004704612280632,0.00208984375,0.0020703125,-0.00017578125,0.4609375,-0.23046875,9.4609375
123,351000000,imu2_frame,-0.022427718279272854,-0.013273625883241746,-0.5988771500968645,0.8004167460770389,0.00013671875,0.0020703125,-0.00212890625,0.4609375,-0.23046875,9.4609375
123,371000000,imu2_frame,-0.022445728979322798,-0.013261235975951967,-0.5989325927906249,0.8003749609802123,0.00013671875,0.0001171875,-0.00017578125,0.4609375,-0.23046875,9.4609375
123,391000000,imu2_frame,-0.022463299716939084,-0.013249404121185516,-0.5990028512745015,0.8003220836771143,0.00013671875,0.0001171875,-0.00212890625,0.4609375,-0.23046875,9.4609375
123,411000000,imu2_frame,-0.022523472678752817,-0.013229576534325816,-0.5990564832094848,0.80028057667789,-0.00376953125,-0.0018359375,-0.00017578125,0.4609375,-0.23046875,9.4609375
123,431000000,imu2_frame,-0.022571452973847158,-0.013194472932748875,-0.5991097636648549,0.800239918072148,-0.00376953125,0.0001171875,-0.00017578125,0.4609375,-0.23046875,9.4609375
123,451000000,imu2_frame,-0.022603473635337525,-0.013171304343679914,-0.5991620849009928,0.8002002222810228,-0.0018164062499999999,0.0001171875,-0.00017578125,0.4609375,-0.23046875,9.4609375
123,471000000,imu2_frame,-0.022631279755891756,-0.013175431914032679,-0.5992128267412565,0.8001613721239249,0.00013671875,-0.0018359375,-0.00017578125,0.4609375,-0.23046875,9.4609375
123,491000000,imu2_frame,-0.02264696471235402,-0.013164483437781812,-0.599278878655942,0.8001116403115321,0.00013671875,0.0001171875,-0.00212890625,0.4609375,-0.23046875,9.4609375
123,511000000,imu2_frame,-0.022662744868092062,-0.013153207403937342,-0.5993287104391695,0.8000740528059607,0.00013671875,0.0001171875,-0.00017578125,0.4609375,-0.23046875,9.4609375
123,531000000,imu2_frame,-0.02270541782190076,-0.013145934475048143,-0.5993774251449697,0.8000364683155994,-0.0018164062499999999,-0.0018359375,-0.00017578125,0.4609375,-0.23046875,9.4609375
123,551000000,imu2_frame,-0.022762106105853972,-0.013128908266850262,-0.5994872645983178,0.7999528347832597,-0.00376953125,-0.0018359375,-0.00798828125,0.4609375,-0.23046875,9.4609375
123,571000000,imu2_frame,-0.022791417226865986,-0.013107735830589613,-0.5995805556886311,0.7998824262366931,-0.0018164062499999999,0.0001171875,-0.00603515625,0.4609375,-0.23046875,9.4609375
123,591000000,imu2_frame,-0.02283665581725267,-0.013073862730779236,-0.5996265358978127,0.7998472221065533,-0.00376953125,0.0001171875,-0.00017578125,0.4609375,-0.23046875,9.4609375
123,611000000,imu2_frame,-0.022850506879306846,-0.013063515871324555,-0.5996714764936648,0.7998133026952894,0.00013671875,0.0001171875,-0.00017578125,0.4609375,-0.23046875,9.4609375
123,631000000,imu2_frame,-0.02287993324040345,-0.013041237513289144,-0.5997006086370107,0.7997909819318019,-0.0018164062499999999,0.0001171875,0.00177734375,0.4609375,-0.23046875,9.4609375
123,651000000,imu2_frame,-0.02289334548274733,-0.013031219545250897,-0.5997445910750864,0.7997577805347994,0.00013671875,0.0001171875,-0.00017578125,0.4609375,-0.23046875,9.4609375
123,671000000,imu2_frame,-0.02290586500428794,-0.013022629681110722,-0.5998344464828291,0.7996901708019375,0.00013671875,0.0001171875,-0.00603515625,0.4609375,-0.23046875,9.4609375
123,691000000,imu2_frame,-0.022875236607410265,-0.01302273591577241,-0.5999546032134655,0.799600904190582,0.00404296875,0.0020703125,-0.00994140625,0.4609375,-0.23046875,9.4609375
123,711000000,imu2_frame,-0.022899536435481756,-0.013029687969603135,-0.6000418959355849,0.7995345906116155,0.00013671875,-0.0018359375,-0.00603515625,0.4609375,-0.23046875,9.4609375
123,731000000,imu2_frame,-0.02288107369724513,-0.013044312962165235,-0.6001283252906534,0.7994700091620962,0.00404296875,0.0001171875,-0.00603515625,0.4609375,-0.23046875,9.4609375
123,751000000,imu2_frame,-0.022862040860980672,-0.013060117790896508,-0.6002603254455293,0.7993711916919363,0.00404296875,0.0001171875,-0.01189453125,0.4609375,-0.23046875,9.4609375
123,771000000,imu2_frame,-0.022832103335981672,-0.013059416703838794,-0.6003608674935161,0.7992965503960614,0.00404296875,0.0020703125,-0.00798828125,0.4609375,-0.23046875,9.4609375
123,791000000,imu2_frame,-0.022829528805526668,-0.013062570787625788,-0.6004602012856067,0.7992219519826671,0.00208984375,0.0001171875,-0.00798828125,0.4609375,-0.23046875,9.4609375
123,811000000,imu2_frame,-0.02287358872866391,-0.013030425477010747,-0.6005436064542939,0.7991585472842233,-0.00376953125,0.0001171875,-0.00603515625,0.4609375,-0.23046875,9.4609375
123,831000000,imu2_frame,-0.022854894195088606,-0.013045930701073936,-0.600656136260111,0.7990742540443593,0.00404296875,0.0001171875,-0.00994140625,0.4609375,-0.23046875,9.4609375
123,851000000,imu2_frame,-0.022883241176794005,-0.013025558739417263,-0.6007372332862188,0.7990128088062105,-0.0018164062499999999,0.0001171875,-0.00603515625,0.4609375,-0.23046875,9.4609375
123,871000000,imu2_frame,-0.022896608749957664,-0.01301568004886972,-0.6007708450094321,0.7989873147724373,0.00013671875,0.0001171875,-0.00017578125,0.4609375,-0.23046875,9.4609375
123,891000000,imu2_frame,-0.022909840765427077,-0.013005901058945536,-0.6008040506547873,0.7989621257922978,0.00013671875,0.0001171875,-0.00017578125,0.4609375,-0.23046875,9.4609375
123,911000000,imu2_frame,-0.022921931877175162,-0.012997991829569974,-0.6008986379469227,0.7988907711076336,0.00013671875,0.0001171875,-0.00798828125,0.4609375,-0.23046875,9.4609375
123,931000000,imu2_frame,-0.0229182029656422,-0.013002223211172547,-0.601007464091545,0.7988089422825978,0.00208984375,0.0001171875,-0.00994140625,0.4609375,-0.23046875,9.4609375
123,951000000,imu2_frame,-0.022929955489354434,-0.0129947930484883,-0.6011153648563857,0.7987275321587817,0.00013671875,0.0001171875,-0.00994140625,0.4609375,-0.23046875,9.4609375
123,971000000,imu2_frame,-0.02294184001160883,-0.01298699530917894,-0.6012066583271131,0.7986586028541026,0.00013671875,0.0001171875,-0.00798828125,0.4609375,-0.23046875,9.4609375
123,991000000,imu2_frame,-0.02301280487786534,-0.012957640293799453,-0.601219565541681,0.7986473216505158,-0.00572265625,-0.0018359375,0.00177734375,0.4609375,-0.23046875,9.4609375
124,11000000,imu2_frame,-0.023013232876595784,-0.012933005295799294,-0.6012481331657117,0.7986262022068478,0.00013671875,0.0020703125,-0.00017578125,0.4609375,-0.23046875,9.4609375
124,31000000,imu2_frame,-0.023025530422330794,-0.012923615425454829,-0.6012604672906077,0.7986167138161996,0.00013671875,0.0001171875,0.00177734375,0.4609375,-0.23046875,9.4609375
124,51000000,imu2_frame,-0.023037203288273175,-0.012915210424626882,-0.6013034972219731,0.79858411506426,0.00013671875,0.0001171875,-0.00212890625,0.4609375,-0.23046875,9.4609375
124,71000000,imu2_frame,-0.023079887260654332,-0.012883195102408105,-0.6013309395309888,0.7985627359517642,-0.00376953125,0.0001171875,-0.00017578125,0.4609375,-0.23046875,9.4609375
124,91000000,imu2_frame,-0.023082954138516396,-0.012833124192095794,-0.6013900328018302,0.798518951934344,-0.0018164062499999999,0.0040234375,-0.00408203125,0.4609375,-0.23046875,9.4609375
124,111000000,imu2_frame,-0.023071299910029038,-0.012793830503861386,-0.6014024463464571,0.7985105700928428,0.00013671875,0.0040234375,0.00177734375,0.4609375,-0.23046875,9.4609375
124,131000000,imu2_frame,-0.023047302376990635,-0.012738413422895781,-0.6014156258187656,0.7985022227255436,0.00013671875,0.0040234375,0.00177734375,0.421875,-0.23046875,9.46484375
124,151000000,imu2_frame,-0.02305842864839708,-0.012729871848045004,-0.6014272814292857,0.7984932588216247,0.00013671875,-0.0018359375,0.00177734375,0.421875,-0.23046875,9.46484375
124,171000000,imu2_frame,-0.02307276167287999,-0.012695233814300266,-0.6014705271681017,0.7984608216157587,-0.0018164062499999999,0.0001171875,-0.00212890625,0.421875,-0.23046875,9.46484375
124,191000000,imu2_frame,-0.02307151389420373,-0.012672565608812853,-0.6015133044787454,0.798428992373511,0.00013671875,0.0001171875,-0.00212890625,0.421875,-0.23046875,9.46484375
124,211000000,imu2_frame,-0.023097835230204415,-0.012653042480740936,-0.6015244412427795,0.7984201507422147,-0.0018164062499999999,-0.0018359375,0.00177734375,0.421875,-0.23046875,9.46484375
124,231000000,imu2_frame,-0.023127454240104463,-0.01260708841023586,-0.601551654842826,0.7983995169951232,-0.00376953125,0.0001171875,-0.00017578125,0.421875,-0.23046875,9.46484375
124,251000000,imu2_frame,-0.023156042420345996,-0.012562932056330934,-0.6016249580716102,0.7983441490127604,-0.00376953125,0.0001171875,-0.00603515625,0.421875,-0.23046875,9.46484375
124,271000000,imu2_frame,-0.023139010701610792,-0.012552316398444749,-0.6016353395922963,0.7983369862974198,0.00208984375,0.0001171875,0.00177734375,0.421875,-0.23046875,9.46484375
124,291000000,imu2_frame,-0.023134623093692575,-0.01255829919957784,-0.6016454958585331,0.7983293653929227,0.00208984375,0.0001171875,0.00177734375,0.4609375,-0.23046875,9.4609375
124,311000000,imu2_frame,-0.023160663595220243,-0.012541853535816137,-0.601686748437155,0.7982977779793947,-0.0018164062499999999,0.0001171875,-0.00212890625,0.4609375,-0.23046875,9.4609375
124,331000000,imu2_frame,-0.02321399009130708,-0.012528490930703228,-0.6016960084220437,0.7982894594243494,-0.00376953125,-0.0018359375,0.00177734375,0.4609375,-0.23046875,9.4609375
124,351000000,imu2_frame,-0.023285042957689496,-0.012478359667346632,-0.6017674600511024,0.7982343148087008,-0.00767578125,0.0001171875,-0.00603515625,0.4609375,-0.23046875,9.4609375
124,371000000,imu2_frame,-0.023294126807733812,-0.012474372474546554,-0.6018062844818567,0.7982048419082499,0.00013671875,0.0001171875,-0.00212890625,0.4609375,-0.23046875,9.4609375
124,391000000,imu2_frame,-0.023303601077041016,-0.012469526211046482,-0.6018137841372307,0.7981989866664458,0.00013671875,0.0001171875,0.00177734375,0.4609375,-0.23046875,9.4609375
124,411000000,imu2_frame,-0.023297546887873482,-0.01247636469798296,-0.6018209767515946,0.7981936335092424,0.00208984375,0.0001171875,0.00177734375,0.4609375,-0.23046875,9.4609375
124,431000000,imu2_frame,-0.023318377671063078,-0.012487391688046506,-0.6018429802769415,0.7981762621144454,0.00013671875,-0.0018359375,-0.00017578125,0.4609375,-0.23046875,9.4609375
124,451000000,imu2_frame,-0.02332757273931767,-0.012482297530103846,-0.601864796075225,0.7981596230352608,0.00013671875,-0.0018359375,-0.00017578125,0.421875,-0.23046875,9.421875
124,471000000,imu2_frame,-0.0233976758272787,-0.012432066020303795,-0.6019332777132728,0.7981067107108577,-0.00767578125,-0.0018359375,-0.00603515625,0.421875,-0.23046875,9.421875
124,491000000,imu2_frame,-0.023467069401918072,-0.012382344276479731,-0.6020006919134554,0.7980545978437974,-0.00767578125,-0.0018359375,-0.00603515625,0.421875,-0.23046875,9.421875
124,511000000,imu2_frame,-0.02353600062428413,-0.012332673470006422,-0.6020516251149042,0.7980149137304383,-0.00767578125,-0.0018359375,-0.00408203125,0.421875,-0.23046875,9.421875
124,531000000,imu2_frame,-0.02363198942306126,-0.012287065055110047,-0.6021006962858345,0.7979757569252045,-0.00767578125,-0.0018359375,-0.00408203125,0.4609375,-0.26953125,9.46484375
124,551000000,imu2_frame,-0.023788242017696155,-0.012196281929763882,-0.6021800468282248,0.7979126277047848,-0.01548828125,-0.0018359375,-0.00798828125,0.4609375,-0.26953125,9.46484375
124,571000000,imu2_frame,-0.02396997930697467,-0.012110225647348392,-0.602256989051532,0.7978504256221065,-0.01744140625,-0.0037890625,-0.00798828125,0.4609375,-0.26953125,9.46484375
124,591000000,imu2_frame,-0.024195683478192054,-0.01199106173190384,-0.6023630903551349,0.7977653105502748,-0.02330078125,-0.0037890625,-0.01189453125,0.4609375,-0.26953125,9.46484375
124,611000000,imu2_frame,-0.024419102485715563,-0.01187313151954107,-0.6024665052511251,0.7976821711886307,-0.02330078125,-0.0037890625,-0.01189453125,0.4609375,-0.26953125,9.46484375
124,631000000,imu2_frame,-0.024628615103468886,-0.01174099200551554,-0.6025680197646857,0.7976010042506698,-0.02330078125,-0.0018359375,-0.01189453125,0.4609375,-0.26953125,9.46484375
124,651000000,imu2_frame,-0.024801849265374862,-0.011659636119771414,-0.6026351652926,0.7975460981732234,-0.01744140625,-0.0037890625,-0.00798828125,0.4609375,-0.26953125,9.46484375
124,671000000,imu2_frame,-0.02498852498357127,-0.011567962419526942,-0.6027158712781023,0.7974806169268843,-0.01939453125,-0.0037890625,-0.00994140625,0.4609375,-0.26953125,9.46484375
124,691000000,imu2_frame,-0.025154125222003137,-0.011515980164567617,-0.6027933192764315,0.7974176235956083,-0.01548828125,-0.0057421875,-0.00994140625,0.4609375,-0.26953125,9.46484375
124,711000000,imu2_frame,-0.025379625287576032,-0.011515595095484093,-0.6028964155841743,0.7973325390109284,-0.01744140625,-0.0135546875,-0.01384765625,0.4609375,-0.26953125,9.46484375
124,731000000,imu2_frame,-0.025614037993495948,-0.011531708753951308,-0.603025861628089,0.7972269130922405,-0.01744140625,-0.0155078125,-0.01775390625,0.4609375,-0.26953125,9.46484375
124,751000000,imu2_frame,-0.025799149845796718,-0.011584217963986787,-0.6031968729053149,0.7970907992685943,-0.01158203125,-0.0155078125,-0.02361328125,0.4609375,-0.26953125,9.46484375
124,771000000,imu2_frame,-0.02602190403050966,-0.01165681896282332,-0.6033621284500346,0.7969574148187211,-0.01158203125,-0.0155078125,-0.02361328125,0.53515625,-0.3046875,9.42578125
124,791000000,imu2_frame,-0.024998724933954674,-0.01169516129151516,-0.6055637857562316,0.7953180422539292,0.08021484375,0.0665234375,-0.27947265625,0.53515625,-0.3046875,9.42578125
124,811000000,imu2_frame,-0.02530901043714943,-0.011467172391175368,-0.6059686613902346,0.7950031065102643,-0.03697265625,0.0040234375,-0.05486328125,0.53515625,-0.3046875,9.42578125
124,831000000,imu2_frame,-0.025195864306116356,-0.011528266029368711,-0.6059188752106655,0.7950437624229661,0.01576171875,0.0059765625,0.00177734375,0.53515625,-0.3046875,9.42578125
124,851000000,imu2_frame,-0.025031902985852967,-0.01155196698461852,-0.605872082825132,0.7950842566324839,0.01576171875,0.0059765625,0.00177734375,0.421875,-0.26953125,9.4609375
124,871000000,imu2_frame,-0.025162679801589302,-0.01188019141213355,-0.6054882189973478,0.7953676616839747,0.01185546875,-0.0369921875,0.04279296875,0.421875,-0.26953125,9.4609375
124,891000000,imu2_frame,-0.025112837448450075,-0.011884115663908224,-0.6053185030580192,0.795498348864266,0.00599609375,0.0001171875,0.01740234375,0.421875,-0.26953125,9.4609375
124,911000000,imu2_frame,-0.02495590232256091,-0.011773640243900985,-0.6050646315711321,0.7956980432025482,0.00794921875,0.0157421875,0.02912109375,0.421875,-0.26953125,9.4609375
124,931000000,imu2_frame,-0.024699815908992378,-0.011766575571496995,-0.6048200519789021,0.7958920602177285,0.00794921875,0.0157421875,0.02912109375,0.4609375,0.0,9.46484375
124,951000000,imu2_frame,-0.024362812483744552,-0.012046992009214488,-0.6048492456623058,0.7958760665914961,0.03138671875,-0.0018359375,-0.00603515625,0.4609375,0.0,9.46484375
124,971000000,imu2_frame,-0.023857778265226087,-0.012242194675754178,-0.6051931664850887,0.7956269014591701,0.03919921875,0.0157421875,-0.04509765625,0.4609375,0.0,9.46484375
124,991000000,imu2_frame,-0.023813344128654407,-0.012469259124763196,-0.6050825211558709,0.7957088568125561,0.00599609375,-0.0155078125,0.01154296875,0.4609375,0.0,9.46484375
125,11000000,imu2_frame,-0.023894827960974422,-0.012623345626515212,-0.6049668024257401,0.7957919679820126,0.00599609375,-0.0155078125,0.01154296875,0.49609375,-0.26953125,9.421875
125,31000000,imu2_frame,-0.02453913212587701,-0.012549510232371807,-0.6052798724883418,0.7955354277138968,-0.05455078125,-0.0311328125,-0.04314453125,0.49609375,-0.26953125,9.421875
125,51000000,imu2_frame,-0.024580017395469254,-0.01257356372010653,-0.605973783385497,0.7950053472082321,-0.0018164062499999999,-0.0018359375,-0.09197265625,0.49609375,-0.26953125,9.421875
125,71000000,imu2_frame,-0.024679747610384686,-0.01257478505581706,-0.6065671465752633,0.7945496092342069,-0.00767578125,-0.0037890625,-0.08025390625,0.49609375,-0.26953125,9.421875
125,91000000,imu2_frame,-0.02478967719164176,-0.012591833019094447,-0.6071526605403272,0.7940985860992045,-0.00767578125,-0.0037890625,-0.08025390625,0.53515625,-0.26953125,9.46484375
125,111000000,imu2_frame,-0.02465629919921231,-0.012532917902915944,-0.6080904376517698,0.7933857904671072,0.00599609375,0.0176953125,-0.12517578125,0.53515625,-0.26953125,9.46484375
125,131000000,imu2_frame,-0.024731357342797362,-0.012642566564897342,-0.6082586583041611,0.7932527529562421,0.00208984375,-0.0096484375,-0.02947265625,0.53515625,-0.26953125,9.46484375
125,151000000,imu2_frame,-0.02451334280337958,-0.01285749602747424,-0.6086391809965788,0.7929641405362045,0.03138671875,0.0001171875,-0.05681640625,0.53515625,-0.26953125,9.46484375
125,171000000,imu2_frame,-0.024284967021403564,-0.013053893087695917,-0.6090167545728952,0.7926780108603507,0.03138671875,0.0001171875,-0.05681640625,0.49609375,-0.26953125,9.46484375
125,191000000,imu2_frame,-0.024320279270371403,-0.013104167537554385,-0.6098368085663568,0.7920453722653518,0.00013671875,-0.0037890625,-0.11345703125,0.49609375,-0.26953125,9.46484375
125,211000000,imu2_frame,-0.024445248484004718,-0.01320606543382671,-0.6106131690338992,0.7914414618054147,-0.00376953125,-0.0135546875,-0.10955078125,0.49609375,-0.26953125,9.46484375
125,231000000,imu2_frame,-0.024286465206937027,-0.013235159532121298,-0.6115695561288335,0.790707073559035,0.01380859375,0.0098828125,-0.13298828125,0.49609375,-0.26953125,9.46484375
125,251000000,imu2_frame,-0.02414399325163842,-0.013252541732189088,-0.6125164354361767,0.7899778819992755,0.01380859375,0.0098828125,-0.13298828125,0.49609375,-0.3046875,9.4609375
125,271000000,imu2_frame,-0.024514076443051484,-0.013425911616483962,-0.6128601398810342,0.7896969380074929,-0.01548828125,-0.0350390625,-0.05876953125,0.49609375,-0.3046875,9.4609375
125,291000000,imu2_frame,-0.02428552019901861,-0.013435532040764466,-0.6139122888082462,0.7888861778721095,0.01966796875,0.0157421875,-0.14861328125,0.49609375,-0.3046875,9.4609375
125,311000000,imu2_frame,-0.024276582123628765,-0.013235384098458874,-0.6140440244930072,0.7887873022257599,-0.00767578125,0.0176953125,-0.03142578125,0.49609375,-0.3046875,9.4609375
125,331000000,imu2_frame,-0.02419399097831773,-0.013072523038982395,-0.6141790026189616,0.7886874619796574,-0.00767578125,0.0176953125,-0.03142578125,0.4609375,-0.15234375,9.421875
125,351000000,imu2_frame,-0.024032584021072577,-0.013197541555221546,-0.6145195860523859,0.7884249730698366,0.01576171875,0.0001171875,-0.05876953125,0.4609375,-0.15234375,9.421875
125,371000000,imu2_frame,-0.024334517933966095,-0.013114642310921458,-0.6152080611166111,0.7878799901832247,-0.03501953125,-0.0116015625,-0.10369140625,0.4609375,-0.15234375,9.421875
125,391000000,imu2_frame,-0.024095505566998444,-0.01307814956393351,-0.6155277291737626,0.7876382311909734,0.01185546875,0.0176953125,-0.05681640625,0.4609375,-0.15234375,9.421875
125,411000000,imu2_frame,-0.023870387726144006,-0.01305650697120965,-0.6158467071520657,0.7873960664782828,0.01185546875,0.0176953125,-0.05681640625,0.49609375,-0.15234375,9.421875
125,431000000,imu2_frame,-0.02398393376401639,-0.013113121343628817,-0.6160198917126024,0.787256190819878,-0.00962890625,-0.0096484375,-0.03923828125,0.49609375,-0.15234375,9.421875
125,451000000,imu2_frame,-0.02407210559001193,-0.012997147220282486,-0.6165005569989522,0.7868790701985785,-0.01939453125,0.0059765625,-0.07830078125,0.49609375,-0.15234375,9.421875
125,471000000,imu2_frame,-0.024061947414876033,-0.013049377583982032,-0.6165455722606843,0.7868432459880557,0.00013671875,-0.0018359375,-0.02361328125,0.49609375,-0.15234375,9.421875
125,491000000,imu2_frame,-0.02405658398106315,-0.013073619178519878,-0.6165895724021135,0.7868085284576648,0.00013671875,-0.0018359375,-0.02361328125,0.4609375,-0.19140625,9.42578125
125,511000000,imu2_frame,-0.02393411044444777,-0.01316349083794857,-0.616556416280688,0.7868367469871416,0.01380859375,0.0001171875,-0.01384765625,0.4609375,-0.19140625,9.42578125
125,531000000,imu2_frame,-0.023915524309216986,-0.013175927272439214,-0.6167536594584829,0.7866825065946849,0.00013671875,0.0001171875,-0.04314453125,0.4609375,-0.19140625,9.42578125
125,551000000,imu2_frame,-0.023959984277193074,-0.013115716535402703,-0.6170266396352777,0.7864680687183663,-0.00962890625,0.0020703125,-0.05291015625,0.4609375,-0.19140625,9.42578125
125,571000000,imu2_frame,-0.024093759642212886,-0.013007855631025859,-0.6172933734634535,0.7862564324164828,-0.00962890625,0.0020703125,-0.05291015625,0.49609375,-0.3828125,9.46484375
125,591000000,imu2_frame,-0.023930541356869214,-0.012859923913101113,-0.61739565069089,0.7861835422185387,0.01185546875,0.0235546875,-0.03142578125,0.49609375,-0.3828125,9.46484375
125,611000000,imu2_frame,-0.023982303176721224,-0.01280991513535849,-0.6171280182814802,0.7863928816186841,0.00208984375,0.0020703125,0.01544921875,0.49609375,-0.3828125,9.46484375
125,631000000,imu2_frame,-0.02380784359910696,-0.0130143958823235,-0.6170401635809887,0.7864637617913017,0.03529296875,-0.0037890625,-0.00798828125,0.49609375,-0.3828125,9.46484375
125,651000000,imu2_frame,-0.023578625957669925,-0.013211375847223159,-0.6169554788623015,0.7865338168495745,0.03529296875,-0.0037890625,-0.00798828125,0.421875,-0.3046875,9.46484375
125,671000000,imu2_frame,-0.023532153642680898,-0.013288047494874387,-0.6167978135585802,0.7866575638281668,0.01380859375,-0.0057421875,0.00177734375,0.421875,-0.3046875,9.46484375
125,691000000,imu2_frame,-0.0236051461596843,-0.012707989200613995,-0.6167997102593696,0.7866634741166102,-0.03697265625,0.0391796875,-0.01580078125,0.421875,-0.3046875,9.46484375
125,711000000,imu2_frame,-0.023545888963296777,-0.012654207461530138,-0.6167742594840798,0.7866860714314915,0.00599609375,0.0059765625,-0.01384765625,0.421875,-0.3046875,9.46484375
125,731000000,imu2_frame,-0.02352751556226564,-0.012619005665044675,-0.616748785679719,0.7867071577595345,0.00599609375,0.0059765625,-0.01384765625,0.49609375,-0.34375,9.46484375
125,751000000,imu2_frame,-0.023650414720458812,-0.012606859501201075,-0.6173296887774381,0.7862479127673527,-0.00572265625,-0.0037890625,-0.09197265625,0.49609375,-0.34375,9.46484375
125,771000000,imu2_frame,-0.023631147533052073,-0.012609292756362498,-0.6180265105549364,0.7857008380126272,0.00599609375,0.0040234375,-0.10759765625,0.49609375,-0.34375,9.46484375
125,791000000,imu2_frame,-0.023832401779219508,-0.012509845744863104,-0.6185792453597477,0.7852612543574519,-0.01744140625,-0.0018359375,-0.09001953125,0.49609375,-0.34375,9.46484375
125,811000000,imu2_frame,-0.024061992036381395,-0.01241536446912613,-0.6191235036432962,0.7848267111285072,-0.01744140625,-0.0018359375,-0.09001953125,0.53515625,-0.3828125,9.421875
125,831000000,imu2_frame,-0.02397851950514222,-0.012557966522399207,-0.6191560751894433,0.7848013013719896,0.02357421875,-0.0018359375,-0.02556640625,0.53515625,-0.3828125,9.421875
125,851000000,imu2_frame,-0.02394951974404543,-0.012584529475589225,-0.6192822955084664,0.7847021655326768,0.01185546875,0.0040234375,-0.03728515625,0.53515625,-0.3828125,9.421875
125,871000000,imu2_frame,-0.023893200453974292,-0.012587359822278519,-0.619636306375857,0.7844243246901871,0.01185546875,0.0079296875,-0.06658203125,0.53515625,-0.3828125,9.421875
125,891000000,imu2_frame,-0.023700381453344646,-0.012647134645214234,-0.6199923573609096,0.7841478296330954,0.01185546875,0.0079296875,-0.06658203125,0.4609375,-0.11328125,9.46484375
125,911000000,imu2_frame,-0.02433119078065647,-0.01242086236724248,-0.620024201744472,0.7841069471598754,-0.07017578125,-0.0213671875,-0.02556640625,0.4609375,-0.11328125,9.46484375
125,931000000,imu2_frame,-0.023800957423152292,-0.012644223246760553,-0.6201904890377304,0.7839881347006268,0.04896484375,0.0157421875,-0.04314453125,0.4609375,-0.11328125,9.46484375
125,951000000,imu2_frame,-0.023540084546251536,-0.012708156301190203,-0.6205119664646016,0.7837405608090047,0.01771484375,0.0118359375,-0.06267578125,0.4609375,-0.11328125,9.46484375
125,971000000,imu2_frame,-0.023241733400889947,-0.01275049268802685,-0.620833918647685,0.7834937729307708,0.01771484375,0.0118359375,-0.06267578125,0.3828125,-0.078125,9.46484375
125,991000000,imu2_frame,-0.023018254953869697,-0.012840538189085567,-0.6215466800623384,0.7829335891513268,0.01380859375,0.0040234375,-0.11345703125,0.3828125,-0.078125,9.46484375
126,11000000,imu2_frame,-0.022859840081615727,-0.012819070420685695,-0.6215749303968847,0.7829161545447253,0.00404296875,0.0079296875,-0.02556640625,0.3828125,-0.078125,9.46484375
126,31000000,imu2_frame,-0.022743679387517514,-0.01237993979937033,-0.6221938788674849,0.7824348146895787,-0.02720703125,0.0391796875,-0.09978515625,0.3828125,-0.078125,9.46484375
126,51000000,imu2_frame,-0.022758410269291533,-0.01191687059352759,-0.6228064143355201,0.781954099177058,-0.02720703125,0.0391796875,-0.09978515625,0.49609375,-0.3046875,9.5
126,71000000,imu2_frame,-0.023114145634769857,-0.011874513573824663,-0.6231393531768054,0.7816790125885129,-0.02720703125,-0.0155078125,-0.06658203125,0.49609375,-0.3046875,9.5
126,91000000,imu2_frame,-0.022649134840033204,-0.011889578635062497,-0.6234162217596418,0.7814716047674489,0.04115234375,0.0313671875,-0.05876953125,0.49609375,-0.3046875,9.5
126,111000000,imu2_frame,-0.022624666738183977,-0.011908107869248376,-0.6240054597385689,0.7810016054006661,0.00599609375,0.0040234375,-0.09978515625,0.49609375,-0.3046875,9.5
126,131000000,imu2_frame,-0.02253559497671129,-0.012005948569757806,-0.6245909529188102,0.78053452562328,0.00599609375,0.0040234375,-0.09978515625,0.53515625,-0.11328125,9.46484375
126,151000000,imu2_frame,-0.022420892333437744,-0.011996123690817713,-0.6249328871903581,0.7802642392877492,0.00208984375,0.0137890625,-0.06853515625,0.53515625,-0.11328125,9.46484375
126,171000000,imu2_frame,-0.022299921190281253,-0.01208632948530006,-0.6249675562476592,0.7802385454412702,0.00990234375,0.0059765625,-0.02947265625,0.53515625,-0.11328125,9.46484375
126,191000000,imu2_frame,-0.02195123197245485,-0.012280817324912046,-0.624776137429729,0.7803986821100558,0.03529296875,0.0118359375,-0.00017578125,0.53515625,-0.11328125,9.46484375
126,211000000,imu2_frame,-0.02159312713912612,-0.012457058483240371,-0.624589267819416,0.7805554465117162,0.03529296875,0.0118359375,-0.00017578125,0.49609375,-0.11328125,9.46484375
126,231000000,imu2_frame,-0.021481767655208896,-0.0125151205902524,-0.6246787546040194,0.7804859761465227,0.00794921875,0.0059765625,-0.03533203125,0.49609375,-0.11328125,9.46484375
126,251000000,imu2_frame,-0.021454985858157753,-0.012971463223274665,-0.6244365431044522,0.7806730611206174,0.02748046875,-0.0311328125,0.00568359375,0.49609375,-0.11328125,9.46484375
126,271000000,imu2_frame,-0.021469736639522233,-0.012876361631717051,-0.6246336414913375,0.7805165364276597,-0.01158203125,0.0098828125,-0.04900390625,0.49609375,-0.11328125,9.46484375
126,291000000,imu2_frame,-0.02160616117126345,-0.012738885229065576,-0.6248250598874722,0.7803618001537357,-0.01158203125,0.0098828125,-0.04900390625,0.57421875,-0.34375,9.42578125
126,311000000,imu2_frame,-0.021618520479548483,-0.012724980440835396,-0.6249515154313937,0.7802604166591178,0.00599609375,0.0079296875,-0.04119140625,0.57421875,-0.34375,9.42578125
126,331000000,imu2_frame,-0.02151465091008956,-0.01273380006747942,-0.6253493046022223,0.7799443681222242,0.01576171875,0.0137890625,-0.07634765625,0.57421875,-0.34375,9.42578125
126,351000000,imu2_frame,-0.02176547823713555,-0.012780686738208221,-0.6257072954654463,0.7796494714965985,-0.00962890625,-0.0116015625,-0.07244140625,0.57421875,-0.34375,9.42578125
126,371000000,imu2_frame,-0.02182669817226311,-0.012819341314534438,-0.6260648582113519,0.7793600278741257,-0.00962890625,-0.0116015625,-0.07244140625,0.34375,-0.078125,9.50390625
126,391000000,imu2_frame,-0.022360095077417177,-0.014246499957440348,-0.626921326794707,0.778631307742667,0.03919921875,-0.1502734375,-0.14470703125,0.34375,-0.078125,9.50390625
126,411000000,imu2_frame,-0.0220423526590758,-0.012927458090597938,-0.6269374166098759,0.7786504293783595,-0.06431640625,0.1173046875,-0.02556640625,0.34375,-0.078125,9.50390625
126,431000000,imu2_frame,-0.022107246557953777,-0.012997914975053329,-0.6265233603264131,0.7789806177442585,-0.00572265625,-0.0155078125,0.02521484375,0.34375,-0.078125,9.50390625
126,451000000,imu2_frame,-0.02224218383309684,-0.013092503557314344,-0.6261094819576232,0.779307890510351,-0.00572265625,-0.0155078125,0.02521484375,0.4609375,-0.15234375,9.421875
126,471000000,imu2_frame,-0.0222747269962366,-0.013290213416096014,-0.6272176331003854,0.7784120036924842,0.00404296875,-0.0155078125,-0.17205078125,0.4609375,-0.15234375,9.421875
126,491000000,imu2_frame,-0.021989295643046202,-0.01331182830753804,-0.6277954104064727,0.7779538474593477,0.01966796875,0.0176953125,-0.10369140625,0.4609375,-0.15234375,9.421875
126,511000000,imu2_frame,-0.02204672245288348,-0.013504737911065037,-0.6282840251044244,0.7775543375749517,0.00404296875,-0.0174609375,-0.09392578125,0.4609375,-0.15234375,9.421875
126,531000000,imu2_frame,-0.022072002519359476,-0.013719802155297339,-0.6287664116249704,0.777159824840337,0.00404296875,-0.0174609375,-0.09392578125,0.4609375,-0.078125,9.46484375
126,551000000,imu2_frame,-0.022136550197271274,-0.01372303955288853,-0.6289926999040193,0.7769747967587146,-0.01158203125,-0.0037890625,-0.06072265625,0.4609375,-0.078125,9.46484375
126,571000000,imu2_frame,-0.022033458912126415,-0.013817626252280519,-0.6296360023780154,0.7764548308836463,0.00599609375,0.0001171875,-0.11541015625,0.4609375,-0.078125,9.46484375
126,591000000,imu2_frame,-0.022146091649052856,-0.013938294460985174,-0.6304189140505931,0.7758139386344264,-0.00962890625,-0.0155078125,-0.13494140625,0.4609375,-0.078125,9.46484375
126,611000000,imu2_frame,-0.022323730467362995,-0.013978497304945207,-0.631188664947301,0.7751819927688981,-0.00962890625,-0.0155078125,-0.13494140625,0.421875,-0.26953125,9.42578125
126,631000000,imu2_frame,-0.022056900116817775,-0.01321054349148654,-0.6322214160773995,0.774361062909922,-0.02720703125,0.0762890625,-0.16619140625,0.421875,-0.26953125,9.42578125
126,651000000,imu2_frame,-0.022100446636094236,-0.013208814253017292,-0.6322932314387245,0.7743012120365627,0.00013671875,-0.0037890625,-0.04509765625,0.421875,-0.26953125,9.42578125
126,671000000,imu2_frame,-0.022178887968376707,-0.013173749716523372,-0.6320497829589105,0.7744983028441617,-0.00376953125,-0.0037890625,-0.00408203125,0.421875,-0.26953125,9.42578125
126,691000000,imu2_frame,-0.02224253411229491,-0.013122796095188025,-0.6318085846968933,0.7746941165403389,-0.00376953125,-0.0037890625,-0.00408203125,0.3828125,-0.26953125,9.46484375
126,711000000,imu2_frame,-0.021999048102312752,-0.01327010425682584,-0.6314175176274426,0.7750173318376843,0.03333984375,0.0001171875,0.01544921875,0.3828125,-0.26953125,9.46484375
126,731000000,imu2_frame,-0.022342302097083044,-0.013339287543172953,-0.631055504352716,0.7753011256092581,-0.01744140625,-0.0311328125,0.01154296875,0.3828125,-0.26953125,9.46484375
126,751000000,imu2_frame,-0.022309878731682563,-0.013254733085524743,-0.6318881051353122,0.7746250731484966,-0.0018164062499999999,0.0059765625,-0.14275390625,0.3828125,-0.26953125,9.46484375
126,771000000,imu2_frame,-0.022241728509301343,-0.01312481878072547,-0.6327139331675592,0.7739548587744179,-0.0018164062499999999,0.0059765625,-0.14275390625,0.26953125,-0.26953125,9.38671875
126,791000000,imu2_frame,-0.021957693681590902,-0.013143669824400156,-0.6332316619011013,0.7735391173028692,0.02552734375,0.0079296875,-0.10369140625,0.26953125,-0.26953125,9.38671875
126,811000000,imu2_frame,-0.021739106935317234,-0.013325308271096343,-0.6330223058929993,0.773713517802969,0.03333984375,-0.0096484375,-0.00994140625,0.26953125,-0.26953125,9.38671875
126,831000000,imu2_frame,-0.021283586242539683,-0.013036927999058652,-0.6336133832522481,0.7732471325705926,0.01966796875,0.0430859375,-0.11150390625,0.26953125,-0.26953125,9.38671875
126,851000000,imu2_frame,-0.020961899059535917,-0.012849697398676883,-0.6342010325430172,0.7727771570032018,0.01966796875,0.0430859375,-0.11150390625,0.57421875,-0.34375,9.5
126,871000000,imu2_frame,-0.020794884780355027,-0.0129627651500598,-0.6346112198376056,0.7724429682137461,0.02748046875,0.0098828125,-0.09001953125,0.57421875,-0.34375,9.5
126,891000000,imu2_frame,-0.0211356731247678,-0.013084983215040888,-0.6350700794278547,0.7720544415721754,-0.01158203125,-0.0233203125,-0.09783203125,0.57421875,-0.34375,9.5
126,911000000,imu2_frame,-0.02125616726749894,-0.013057160766786586,-0.6353779893780991,0.7717982226719953,-0.00376953125,0.0020703125,-0.07830078125,0.57421875,-0.34375,9.5
126,931000000,imu2_frame,-0.021304660106627984,-0.013036418754526697,-0.6356840478911372,0.7715451733375929,-0.00376953125,0.0020703125,-0.07830078125,0.49609375,-0.23046875,9.4609375
126,951000000,imu2_frame,-0.02093712065756116,-0.013356175907718128,-0.6358471933364911,0.7714153202197891,0.05091796875,0.0020703125,-0.06072265625,0.49609375,-0.23046875,9.4609375
126,971000000,imu2_frame,-0.021195677251273536,-0.013208762540399986,-0.6359417585911192,0.7713328409565133,-0.02720703125,-0.0018359375,-0.05095703125,0.49609375,-0.23046875,9.4609375
126,991000000,imu2_frame,-0.02119644675354515,-0.013550853603721224,-0.636170527750327,0.7711382137032926,0.02357421875,-0.0233203125,-0.07048828125,0.49609375,-0.23046875,9.4609375
127,11000000,imu2_frame,-0.021110695167830415,-0.01391112360567643,-0.636397213633276,0.7709470835727709,0.02357421875,-0.0233203125,-0.07048828125,0.421875,-0.078125,9.42578125
127,31000000,imu2_frame,-0.021308613046691755,-0.01378123723182701,-0.6364378907020531,0.7709103915430819,-0.02916015625,-0.0037890625,-0.04509765625,0.421875,-0.078125,9.42578125
127,51000000,imu2_frame,-0.021333236752329596,-0.013696089473898334,-0.6366419915182391,0.7707426838955286,-0.01353515625,0.0040234375,-0.06658203125,0.421875,-0.078125,9.42578125
127,71000000,imu2_frame,-0.02128464201174131,-0.013763587630063696,-0.6361692541454461,0.771133067472799,0.00404296875,-0.0037890625,0.02130859375,0.421875,-0.078125,9.42578125
127,91000000,imu2_frame,-0.021317040845482763,-0.013866904959096487,-0.6356981490080924,0.7715187334498964,0.00404296875,-0.0037890625,0.02130859375,0.57421875,-0.15234375,9.4609375
127,111000000,imu2_frame,-0.021153479028189627,-0.013935438871976936,-0.6356672393880428,0.7715474675204591,0.01576171875,0.0118359375,-0.03533203125,0.57421875,-0.15234375,9.4609375
127,131000000,imu2_frame,-0.021245620982637808,-0.014598385451347643,-0.6358682376528912,0.7713670300677118,0.03333984375,-0.0506640625,-0.06853515625,0.57421875,-0.15234375,9.4609375
127,151000000,imu2_frame,-0.021074612411057132,-0.014441416178141056,-0.6359125896839707,0.7713381129517195,0.00208984375,0.0294140625,-0.04509765625,0.57421875,-0.15234375,9.4609375
127,171000000,imu2_frame,-0.0208268744850803,-0.014221968022945543,-0.6359624667926312,0.7713077970277291,0.00208984375,0.0294140625,-0.04509765625,0.3828125,-0.11328125,9.38671875
127,191000000,imu2_frame,-0.02071382094419204,-0.01366779536799697,-0.6358165924077295,0.7714411123415019,-0.02916015625,0.0469921875,-0.01775390625,0.3828125,-0.11328125,9.38671875
127,211000000,imu2_frame,-0.02043856884940026,-0.013460049882405336,-0.636146355866195,0.7711802032461103,0.00404296875,0.0313671875,-0.08025390625,0.3828125,-0.11328125,9.38671875
127,231000000,imu2_frame,-0.020823949785371856,-0.01326352584717709,-0.6364976791564101,0.7708833546172478,-0.04673828125,-0.0116015625,-0.08416015625,0.3828125,-0.11328125,9.38671875
127,251000000,imu2_frame,-0.021263881117051943,-0.01304446982510819,-0.6368403856087659,0.7705919882950382,-0.04673828125,-0.0116015625,-0.08416015625,0.421875,-0.23046875,9.50390625
127,271000000,imu2_frame,-0.02115511318996858,-0.012949205315297318,-0.6370014788680533,0.7704634288449616,0.00404296875,0.0137890625,-0.06072265625,0.421875,-0.23046875,9.50390625
127,291000000,imu2_frame,-0.021191117709411574,-0.012959418247250245,-0.636978500043252,0.7704812655033006,0.00013671875,-0.0037890625,-0.03728515625,0.421875,-0.23046875,9.50390625
127,311000000,imu2_frame,-0.02131230265581192,-0.012924983812018735,-0.6370299676635534,0.7704359485690802,-0.00962890625,-0.0057421875,-0.04705078125,0.421875,-0.23046875,9.50390625
127,331000000,imu2_frame,-0.021476593492463485,-0.012882380392512539,-0.6370782505929443,0.7703921746933934,-0.00962890625,-0.0057421875,-0.04705078125,0.4609375,-0.3046875,9.4609375
127,351000000,imu2_frame,-0.021644252997330107,-0.012832098676147463,-0.6368265619354472,0.7705963882404533,-0.00962890625,-0.0057421875,-0.00798828125,0.4609375,-0.3046875,9.4609375
127,371000000,imu2_frame,-0.02151278211811466,-0.013004730330023759,-0.6366923475886613,0.7707080716565912,0.02748046875,-0.0037890625,-0.02361328125,0.4609375,-0.3046875,9.4609375
127,391000000,imu2_frame,-0.021637474854888237,-0.01292864988465976,-0.6357432305785998,0.7714889593944617,-0.00572265625,-0.0018359375,0.08380859375,0.4609375,-0.3046875,9.4609375
127,411000000,imu2_frame,-0.021879414787050015,-0.012934635097021809,-0.6347977321949944,0.7722602059044449,-0.00572265625,-0.0018359375,0.08380859375,0.7265625,-0.3828125,9.50390625
127,431000000,imu2_frame,-0.022137866580502985,-0.012785417618440207,-0.6345804796474783,0.7724338565922407,-0.01939453125,0.0098828125,-0.00994140625,0.7265625,-0.3828125,9.50390625
127,451000000,imu2_frame,-0.022169582343982627,-0.01297118027341585,-0.6342962003204969,0.7726633085374173,0.01966796875,-0.0018359375,-0.00212890625,0.7265625,-0.3828125,9.50390625
127,471000000,imu2_frame,-0.02266368458519942,-0.013073791333485029,-0.6338886625773725,0.7729816277487201,-0.02134765625,-0.0252734375,0.01349609375,0.7265625,-0.3828125,9.50390625
127,491000000,imu2_frame,-0.022990949056085806,-0.013103372952197833,-0.6334842293664928,0.7733029477654387,-0.02134765625,-0.0252734375,0.01349609375,0.421875,-0.23046875,9.46484375
127,511000000,imu2_frame,-0.023405498355353462,-0.012760697281252011,-0.6331956248485077,0.7735325771577702,-0.05259765625,-0.0018359375,-0.00017578125,0.421875,-0.23046875,9.46484375
127,531000000,imu2_frame,-0.023022572087916107,-0.01315325329763521,-0.6333446887137976,0.7734154500526661,0.05482421875,-0.0076953125,-0.05876953125,0.421875,-0.23046875,9.46484375
127,551000000,imu2_frame,-0.02299839481203912,-0.012876016690308233,-0.6334955101891372,0.7732973041466428,-0.01548828125,0.0216015625,-0.05681640625,0.421875,-0.23046875,9.46484375
127,571000000,imu2_frame,-0.022961762496463117,-0.012585551179204749,-0.6336476625996528,0.7731785052926446,-0.01548828125,0.0216015625,-0.05681640625,0.3828125,-0.23046875,9.4609375
127,591000000,imu2_frame,-0.022486869871568275,-0.013175140885759202,-0.6333594004555256,0.7734187909539286,0.07630859375,-0.0194140625,-0.00212890625,0.3828125,-0.23046875,9.4609375
127,611000000,imu2_frame,-0.023017910747450163,-0.012367322815562484,-0.633300230017745,0.7734649596269177,-0.09166015625,0.0255078125,-0.02751953125,0.3828125,-0.23046875,9.4609375
127,631000000,imu2_frame,-0.022442458816237083,-0.012880351250004533,-0.6339036992910436,0.7729789988214999,0.07630859375,-0.0057421875,-0.11736328125,0.3828125,-0.23046875,9.4609375
127,651000000,imu2_frame,-0.021919642091013183,-0.013349969852942633,-0.6345011671054701,0.772495680594606,0.07630859375,-0.0057421875,-0.11736328125,0.3828125,-0.34375,9.421875
127,671000000,imu2_frame,-0.021804486508160473,-0.01334713440861934,-0.6360593835730838,0.7712164929122186,0.01185546875,0.0059765625,-0.24236328125,0.3828125,-0.34375,9.421875
127,691000000,imu2_frame,-0.021558178597152672,-0.013439726049586894,-0.63663074957621,0.7707502237387405,0.03138671875,0.0059765625,-0.11541015625,0.3828125,-0.34375,9.421875
127,711000000,imu2_frame,-0.021675496836582344,-0.0133227215116504,-0.6364094428920353,0.7709317083414456,-0.00767578125,-0.0018359375,-0.01189453125,0.3828125,-0.34375,9.421875
127,731000000,imu2_frame,-0.021812635585387836,-0.013294253113985816,-0.6361891620406029,0.7711101230466605,-0.00767578125,-0.0018359375,-0.01189453125,0.53515625,-0.26953125,9.421875
127,751000000,imu2_frame,-0.021943931782030225,-0.013319388569574708,-0.6359232300358297,0.7713252901641924,-0.00376953125,-0.0057421875,-0.00603515625,0.53515625,-0.26953125,9.421875
127,771000000,imu2_frame,-0.022097719760865307,-0.013352561741085437,-0.6358516027827729,0.7713793743126007,-0.00572265625,-0.0076953125,-0.03142578125,0.53515625,-0.26953125,9.421875
127,791000000,imu2_frame,-0.021991224769779452,-0.01345324958407468,-0.6361235549891087,0.7711564166216682,0.01771484375,0.0040234375,-0.07634765625,0.53515625,-0.26953125,9.421875
127,811000000,imu2_frame,-0.02185956278147913,-0.013522076814742814,-0.636394021891295,0.7709357702523868,0.01771484375,0.0040234375,-0.07634765625,0.4609375,-0.26953125,9.46484375
127,831000000,imu2_frame,-0.021771820736652157,-0.013602559604068122,-0.6364826255057359,0.7708636880949538,0.01576171875,0.0001171875,-0.05291015625,0.4609375,-0.26953125,9.46484375
127,851000000,imu2_frame,-0.02166524040236388,-0.013321840749894147,-0.6365382525352126,0.7708256605593512,-0.00572265625,0.0294140625,-0.04705078125,0.4609375,-0.26953125,9.46484375
127,871000000,imu2_frame,-0.021920265434795153,-0.013793020994420134,-0.6361188910686237,0.7711562818007386,0.01576171875,-0.0526171875,0.01154296875,0.4609375,-0.26953125,9.46484375
127,891000000,imu2_frame,-0.022143284404497768,-0.014257080579031807,-0.6356978128449752,0.7714886268463454,0.01576171875,-0.0526171875,0.01154296875,0.421875,-0.23046875,9.46484375
127,911000000,imu2_frame,-0.022120307060044312,-0.014172523076263996,-0.6357892912825308,0.7714154579055823,-0.0018164062499999999,0.0059765625,-0.05291015625,0.421875,-0.23046875,9.46484375
127,931000000,imu2_frame,-0.022188301835606158,-0.01418600087743469,-0.6356223833153916,0.7715507905959393,-0.0018164062499999999,-0.0076953125,-0.01970703125,0.421875,-0.23046875,9.46484375
127,951000000,imu2_frame,-0.022355811915747783,-0.014614868323482586,-0.6352314856947586,0.771859820744353,0.01771484375,-0.0467578125,0.00763671875,0.421875,-0.23046875,9.46484375
127,971000000,imu2_frame,-0.02251418734488714,-0.015096129247661079,-0.6348392103647355,0.7721686313451334,0.01771484375,-0.0467578125,0.00763671875,0.49609375,-0.15234375,9.46484375
127,991000000,imu2_frame,-0.022482343496201544,-0.015009716419507048,-0.6350650697029754,0.7719854984953279,-0.00572265625,0.0098828125,-0.07048828125,0.49609375,-0.15234375,9.46484375
128,11000000,imu2_frame,-0.02255459707458546,-0.014955580665595571,-0.6346446917827425,0.7723300693031094,-0.00962890625,0.0001171875,0.01349609375,0.49609375,-0.15234375,9.46484375
128,31000000,imu2_frame,-0.02239820027979795,-0.01513824592555226,-0.6341481536497247,0.7727388131556282,0.02357421875,-0.0037890625,0.02326171875,0.49609375,-0.15234375,9.46484375
128,51000000,imu2_frame,-0.02225925102205017,-0.01530595091618745,-0.6336560273641696,0.773143125556677,0.02357421875,-0.0037890625,0.02326171875,0.49609375,-0.19140625,9.4609375
128,71000000,imu2_frame,-0.022055233482772548,-0.015530297884333796,-0.633496885076342,0.7732749013916179,0.03138671875,-0.0037890625,-0.01970703125,0.49609375,-0.19140625,9.4609375
128,91000000,imu2_frame,-0.022072149982025883,-0.015426983191303397,-0.6336774078652826,0.7731285605550493,-0.00767578125,0.0079296875,-0.06267578125,0.49609375,-0.19140625,9.4609375
128,111000000,imu2_frame,-0.022021022785023804,-0.015478662644992095,-0.6337176397958466,0.7730960086365767,0.00794921875,0.0001171875,-0.04509765625,0.49609375,-0.19140625,9.4609375
128,131000000,imu2_frame,-0.021982339825887036,-0.015545071321344132,-0.6337571772095192,0.7730633659854901,0.00794921875,0.0001171875,-0.04509765625,0.53515625,-0.19140625,9.5
128,151000000,imu2_frame,-0.022110345620359833,-0.015230674853810537,-0.6343156460602397,0.7726078049846679,-0.03111328125,0.0196484375,-0.11150390625,0.53515625,-0.19140625,9.5
128,171000000,imu2_frame,-0.022043906667513838,-0.015250197563464211,-0.634621274600275,0.7723582947556347,0.00599609375,0.0059765625,-0.08025390625,0.53515625,-0.19140625,9.5
128,191000000,imu2_frame,-0.02221846409992522,-0.015299979417980364,-0.6351440948837895,0.7719224243517618,-0.01158203125,-0.0116015625,-0.10955078125,0.53515625,-0.19140625,9.5
128,211000000,imu2_frame,-0.022383285786507532,-0.015306785765759648,-0.6356593364895416,0.7714932914553413,-0.01158203125,-0.0116015625,-0.10955078125,0.4609375,-0.23046875,9.4609375
128,231000000,imu2_frame,-0.02247126347579291,-0.015286932576317873,-0.6350942984266823,0.771956335627948,-0.00376953125,-0.0057421875,0.03107421875,0.4609375,-0.23046875,9.4609375
128,251000000,imu2_frame,-0.022430439571495587,-0.01545747195906995,-0.6353057465429698,0.7717801178773291,0.01576171875,-0.0116015625,-0.07048828125,0.4609375,-0.23046875,9.4609375
128,271000000,imu2_frame,-0.02280188039980537,-0.015281854680276308,-0.6350724820114557,0.7719646894512555,-0.03697265625,-0.0116015625,-0.01189453125,0.4609375,-0.23046875,9.4609375
128,291000000,imu2_frame,-0.02324475959492448,-0.015072016478656806,-0.6348356776960704,0.7721503595769496,-0.03697265625,-0.0116015625,-0.01189453125,0.49609375,-0.3828125,9.421875
128,311000000,imu2_frame,-0.023647081471936435,-0.014842207380303583,-0.6344345516700881,0.7724722157237204,-0.03501953125,-0.0076953125,0.00958984375,0.49609375,-0.3828125,9.421875
128,331000000,imu2_frame,-0.023766025501948743,-0.014611732488969235,-0.6335151844572912,0.7732271234039555,-0.01158203125,0.0098828125,0.07794921875,0.49609375,-0.3828125,9.421875
128,351000000,imu2_frame,-0.023420888083362873,-0.014968642118161343,-0.632995011470043,0.7736567179366861,0.06068359375,-0.0057421875,0.02521484375,0.49609375,-0.3828125,9.421875
128,371000000,imu2_frame,-0.023048665286149916,-0.015319692527677,-0.6324818630525935,0.7740805894471874,0.06068359375,-0.0057421875,0.02521484375,0.4609375,-0.34375,9.50390625
128,391000000,imu2_frame,-0.022742133390987986,-0.015270962770273677,-0.6323027914873438,0.7742368971717948,0.02943359375,0.0216015625,-0.01580078125,0.4609375,-0.34375,9.50390625
128,411000000,imu2_frame,-0.02314349528554114,-0.015125707278962282,-0.6324524101593165,0.7741056391016352,-0.03306640625,-0.0155078125,-0.05876953125,0.4609375,-0.34375,9.50390625
128,431000000,imu2_frame,-0.02321234097026903,-0.014998696136019117,-0.6324363932176029,0.7741191348073041,-0.00572265625,0.0040234375,-0.03728515625,0.4609375,-0.34375,9.50390625
128,451000000,imu2_frame,-0.023223665925946515,-0.014895560529949744,-0.6324229066422601,0.7741318045214355,-0.00572265625,0.0040234375,-0.03728515625,0.421875,-0.23046875,9.421875
128,471000000,imu2_frame,-0.02324226756821339,-0.014816054082623247,-0.6326639503663808,0.7739357902607388,-0.00572265625,0.0020703125,-0.07048828125,0.421875,-0.23046875,9.421875
128,491000000,imu2_frame,-0.023200275925930783,-0.014833010266606545,-0.6326458780104853,0.773951498506033,0.00599609375,-0.0018359375,-0.03728515625,0.421875,-0.23046875,9.421875
128,511000000,imu2_frame,-0.023004301705703223,-0.014899480583676196,-0.6325239835793349,0.7740556942354334,0.02162109375,0.0040234375,-0.02361328125,0.421875,-0.23046875,9.421875
128,531000000,imu2_frame,-0.02277436715423565,-0.015019705758218597,-0.6324063352521047,0.7741562915669312,0.02162109375,0.0040234375,-0.02361328125,0.4609375,-0.11328125,9.46484375
128,551000000,imu2_frame,-0.022752520335391147,-0.015019181059484486,-0.6322028601931315,0.7743231176855783,-0.0018164062499999999,0.0001171875,-0.01189453125,0.4609375,-0.11328125,9.46484375
128,571000000,imu2_frame,-0.022715924759848627,-0.015030855999970142,-0.6320014114796996,0.7744883963093835,0.00013671875,0.0001171875,-0.01189453125,0.4609375,-0.11328125,9.46484375
128,591000000,imu2_frame,-0.022653379751456777,-0.015038285215484268,-0.6317578009857181,0.7746888118833936,0.00208984375,0.0020703125,-0.00603515625,0.4609375,-0.11328125,9.46484375
128,611000000,imu2_frame,-0.022626367888528964,-0.01499056148476464,-0.631515903793042,0.7748877298028416,0.00208984375,0.0020703125,-0.00603515625,0.421875,-0.23046875,9.46484375
128,631000000,imu2_frame,-0.022628319309450147,-0.014943882934428474,-0.6312016302435606,0.7751445939345402,0.00013671875,0.0001171875,0.00373046875,0.421875,-0.23046875,9.46484375
128,651000000,imu2_frame,-0.02260619572440612,-0.014867226666133384,-0.6308771446019495,0.775410829112554,0.00013671875,0.0040234375,0.00568359375,0.421875,-0.23046875,9.46484375
128,671000000,imu2_frame,-0.022695335631492553,-0.014776231835782496,-0.6305856195628808,0.7756470596307362,-0.00962890625,-0.0018359375,0.00177734375,0.421875,-0.23046875,9.46484375
128,691000000,imu2_frame,-0.022813775682671202,-0.014689676165572107,-0.6302954984532327,0.7758810022695763,-0.00962890625,-0.0018359375,0.00177734375,0.4609375,-0.26953125,9.421875
128,711000000,imu2_frame,-0.0229020210115194,-0.014601061426606922,-0.630008604996947,0.7761130485107212,-0.00962890625,-0.0018359375,0.00177734375,0.421875,-0.23046875,9.421875
128,731000000,imu2_frame,-0.022944413314080467,-0.014549927648509382,-0.6297235672089261,0.7763440489916575,-0.00376953125,-0.0018359375,0.00177734375,0.421875,-0.23046875,9.421875
128,751000000,imu2_frame,-0.02294394122730006,-0.01450909617965705,-0.6294565275383301,0.7765613572850474,0.00013671875,0.0001171875,-0.00017578125,0.421875,-0.23046875,9.421875
128,771000000,imu2_frame,-0.022971369519915495,-0.014471269755592297,-0.6291913839484842,0.7767760944435865,0.00013671875,0.0001171875,-0.00017578125,0.4609375,-0.26953125,9.46484375
128,791000000,imu2_frame,-0.022985730330143887,-0.014417862974767824,-0.6289292792280078,0.7769888951318219,0.00013671875,0.0001171875,-0.00017578125,0.421875,-0.26953125,9.4609375
128,811000000,imu2_frame,-0.02314534416554236,-0.014296502727999224,-0.6286251184087298,0.7772325028965382,-0.01548828125,-0.0037890625,0.00568359375,0.421875,-0.26953125,9.4609375
128,831000000,imu2_frame,-0.023217238106005348,-0.014220398203109365,-0.6282626094556731,0.7775248122662213,-0.00572265625,-0.0018359375,0.01349609375,0.421875,-0.26953125,9.4609375
128,851000000,imu2_frame,-0.02328846066683919,-0.014145108616014097,-0.6279033807045558,0.7778141860378994,-0.00572265625,-0.0018359375,0.01349609375,0.421875,-0.26953125,9.4609375
128,871000000,imu2_frame,-0.023359017390381702,-0.014070624674283863,-0.6275474043608003,0.7781006548691844,-0.00572265625,-0.0018359375,0.01349609375,0.421875,-0.26953125,9.4609375
128,891000000,imu2_frame,-0.023415695946514672,-0.013983685402958494,-0.6272555643081097,0.778335800776507,-0.00572265625,0.0001171875,0.00568359375,0.421875,-0.26953125,9.4609375
128,911000000,imu2_frame,-0.02348800369183578,-0.013883718989059664,-0.6269065875733588,0.7786165208154344,-0.00767578125,0.0001171875,0.01349609375,0.421875,-0.26953125,9.4609375
128,931000000,imu2_frame,-0.02357242457667414,-0.01380081524678381,-0.6265605068873623,0.7788939655095247,-0.00767578125,0.0001171875,0.01349609375,0.4609375,-0.26953125,9.46484375
128,951000000,imu2_frame,-0.023644213531700285,-0.01370309351497304,-0.6262178866925584,0.779169002707945,-0.00767578125,0.0001171875,0.01349609375,0.421875,-0.26953125,9.42578125
128,971000000,imu2_frame,-0.023719865855221796,-0.013598625302411755,-0.6256223206629364,0.7796468157069693,-0.00767578125,0.0001171875,0.04669921875,0.421875,-0.26953125,9.42578125
128,991000000,imu2_frame,-0.023932620317456594,-0.013448700104160254,-0.6243975988327551,0.7806241097494611,-0.01939453125,-0.0057421875,0.12873046875,0.421875,-0.26953125,9.42578125
129,11000000,imu2_frame,-0.024225453757501868,-0.013209499081010826,-0.6231791416225465,0.7815922171892822,-0.01939453125,-0.0057421875,0.12873046875,0.3828125,-0.49609375,9.38671875
129,31000000,imu2_frame,-0.024131497650134698,-0.013130796050557413,-0.6205614605827996,0.7836764170597342,0.02552734375,0.0040234375,0.31037109375,0.3828125,-0.49609375,9.38671875
129,52000000,imu2_frame,-0.02469889172922957,-0.012797633488967357,-0.6186243433894348,0.7851943116773201,-0.04283203125,-0.0155078125,0.21466796875,0.3828125,-0.49609375,9.38671875
129,71000000,imu2_frame,-0.02460696782308712,-0.012601319453014508,-0.617364139003922,0.7861915948129584,0.01380859375,0.0157421875,0.14826171875,0.3828125,-0.49609375,9.38671875
129,91000000,imu2_frame,-0.024414495205397253,-0.012549173427745045,-0.6160640875772,0.7872175624741983,0.01380859375,0.0157421875,0.14826171875,0.49609375,-0.19140625,9.4609375
129,111000000,imu2_frame,-0.024166228564666933,-0.012520218121983655,-0.614780263960056,0.7882286879962833,0.01380859375,0.0157421875,0.14826171875,0.4609375,-0.078125,9.421875
129,131000000,imu2_frame,-0.024185198286084227,-0.012534752079117924,-0.6150917970550586,0.7879847951386859,-0.00962890625,-0.0018359375,-0.05486328125,0.4609375,-0.078125,9.421875
129,151000000,imu2_frame,-0.024054959813702755,-0.012679109392661682,-0.6161442263166834,0.7871638275924433,0.00794921875,-0.0018359375,-0.15056640625,0.4609375,-0.078125,9.421875
129,171000000,imu2_frame,-0.024067665169584238,-0.012709305018428065,-0.6171797945900298,0.7863512715123199,0.00794921875,-0.0018359375,-0.15056640625,0.4609375,-0.421875,9.4609375
129,191000000,imu2_frame,-0.024139642106898354,-0.01273603204865593,-0.6178833669067716,0.7857959124776346,0.00404296875,-0.0057421875,-0.10955078125,0.4609375,-0.421875,9.4609375
129,211000000,imu2_frame,-0.024088904770715826,-0.012657346743087173,-0.6183409068672723,0.7854387558141832,0.00794921875,0.0098828125,-0.07830078125,0.4609375,-0.421875,9.4609375
129,231000000,imu2_frame,-0.024066134534816798,-0.01258118678534032,-0.6187938876523222,0.7850838550828504,0.00794921875,0.0098828125,-0.07830078125,0.49609375,-0.4609375,9.46484375
129,251000000,imu2_frame,-0.02400477824400619,-0.012487931826639227,-0.6192443769897217,0.7847319438806865,0.00794921875,0.0098828125,-0.07830078125,0.421875,-0.421875,9.421875
129,271000000,imu2_frame,-0.023933319096515426,-0.0124512047618305,-0.6196921577155192,0.7843811531410526,0.00794921875,0.0098828125,-0.07830078125,0.49609375,-0.34375,9.50390625
129,291000000,imu2_frame,-0.02445178543720249,-0.012403219452532328,-0.6193225162503787,0.7846578179062798,-0.03697265625,-0.0272265625,0.02521484375,0.49609375,-0.34375,9.50390625
129,311000000,imu2_frame,-0.024927135593833347,-0.012338850522567156,-0.6189520363031059,0.784936155005684,-0.03697265625,-0.0272265625,0.02521484375,0.421875,-0.3046875,9.421875
129,331000000,imu2_frame,-0.02537857720260925,-0.012315586910483666,-0.6185808897485952,0.785214580211077,-0.03697265625,-0.0272265625,0.02521484375,0.4609375,-0.23046875,9.4609375
129,351000000,imu2_frame,-0.025812617541063145,-0.0122766768483367,-0.6182085956156753,0.785494191123101,-0.03697265625,-0.0272265625,0.02521484375,0.421875,-0.23046875,9.46484375
129,371000000,imu2_frame,-0.026013910337425644,-0.012134825396821116,-0.6184206150530895,0.7853228414855279,-0.02720703125,-0.0037890625,-0.04900390625,0.421875,-0.23046875,9.46484375
129,391000000,imu2_frame,-0.02620987794230937,-0.012023502261697343,-0.6186295035461037,0.7851534977530913,-0.02720703125,-0.0037890625,-0.04900390625,0.4609375,-0.19140625,9.4609375
129,411000000,imu2_frame,-0.026405819755908836,-0.011914493583088152,-0.6188347843597279,0.7849868070178797,-0.02720703125,-0.0037890625,-0.04900390625,0.4609375,-0.19140625,9.3828125
129,431000000,imu2_frame,-0.026614995650662387,-0.011793307678850482,-0.6190359013639378,0.7848229817755367,-0.02720703125,-0.0037890625,-0.04900390625,0.4609375,-0.23046875,9.42578125
129,451000000,imu2_frame,-0.026648747467762787,-0.011839435208000033,-0.6194432573298713,0.7844996641050357,-0.00376953125,-0.0057421875,-0.07634765625,0.4609375,-0.23046875,9.42578125
129,471000000,imu2_frame,-0.026648801610359058,-0.01191021743734571,-0.6198469405573043,0.7841796722531621,-0.00376953125,-0.0057421875,-0.07634765625,0.4609375,-0.15234375,9.46484375
129,491000000,imu2_frame,-0.026665889480748186,-0.01196804980180035,-0.620245093634196,0.7838633298891139,-0.00376953125,-0.0057421875,-0.07634765625,0.4609375,-0.19140625,9.42578125
129,511000000,imu2_frame,-0.026666639409382912,-0.012038237242528085,-0.6206390666001071,0.7835503303530988,-0.00376953125,-0.0057421875,-0.07634765625,0.4609375,-0.15234375,9.421875
129,531000000,imu2_frame,-0.02664042147796074,-0.012042102804326665,-0.6204399700552957,0.7837088230084631,-0.00376953125,0.0001171875,-0.00017578125,0.4609375,-0.15234375,9.421875
129,551000000,imu2_frame,-0.026663106586799427,-0.012007378940439234,-0.6202410854295227,0.7838659946338592,-0.00376953125,0.0001171875,-0.00017578125,0.4609375,-0.26953125,9.421875
129,571000000,imu2_frame,-0.026669269924531995,-0.011985801267639188,-0.6200448727738065,0.7840213302943865,-0.00376953125,0.0001171875,-0.00017578125,0.4609375,-0.23046875,9.42578125
129,591000000,imu2_frame,-0.026690510449461424,-0.011951187177093075,-0.6198500708430053,0.7841751561053989,-0.00376953125,0.0001171875,-0.00017578125,0.4609375,-0.26953125,9.46484375
129,611000000,imu2_frame,-0.027064199186218916,-0.011754876306291238,-0.619352864921857,0.7845580798886214,-0.04087890625,-0.0096484375,0.03888671875,0.4609375,-0.26953125,9.46484375
129,631000000,imu2_frame,-0.027569990859214726,-0.011475948250191641,-0.6188519216817246,0.7849398048555177,-0.04087890625,-0.0096484375,0.03888671875,0.49609375,-0.57421875,9.5
129,651000000,imu2_frame,-0.027949614485279207,-0.011273515955450038,-0.6183570673056159,0.7853192116593892,-0.04087890625,-0.0096484375,0.03888671875,0.4609375,-0.3046875,9.4609375
129,671000000,imu2_frame,-0.028299155290342784,-0.01106897430733829,-0.6178650602020678,0.7856967627521013,-0.04087890625,-0.0096484375,0.03888671875,0.421875,-0.26953125,9.42578125
129,691000000,imu2_frame,-0.028805265116060755,-0.011108544035794464,-0.6163279217968107,0.7868842035297332,-0.03501953125,-0.0408984375,0.17169921875,0.421875,-0.26953125,9.42578125
129,711000000,imu2_frame,-0.029272635981021866,-0.011173113353727575,-0.6147990736414242,0.7880611482431766,-0.03501953125,-0.0408984375,0.17169921875,0.421875,-0.19140625,9.46484375
129,731000000,imu2_frame,-0.029710678232195573,-0.011205209757770083,-0.6132779542464152,0.7892286548957781,-0.03501953125,-0.0408984375,0.17169921875,0.34375,-0.19140625,9.42578125
129,751000000,imu2_frame,-0.03025024653435359,-0.01130789431921483,-0.6117608391994126,0.7903832802714811,-0.03501953125,-0.0408984375,0.17169921875,0.57421875,-0.26953125,9.4609375
129,771000000,imu2_frame,-0.030449592766119644,-0.011085468243172244,-0.6121826088894889,0.7900521426257042,-0.03501953125,0.0098828125,-0.07244140625,0.57421875,-0.26953125,9.4609375
129,791000000,imu2_frame,-0.030561619382612815,-0.010856033244406217,-0.6126026654010385,0.7897253372574873,-0.03501953125,0.0098828125,-0.07244140625,0.4609375,-0.15234375,9.46484375
129,811000000,imu2_frame,-0.03056254487899904,-0.01071593074842195,-0.6130239418456486,0.7894002447445384,-0.03501953125,0.0098828125,-0.07244140625,0.4609375,0.11328125,9.421875
129,831000000,imu2_frame,-0.0306312736161994,-0.010600219703497928,-0.6134394513977262,0.7890762953528282,-0.03501953125,0.0098828125,-0.07244140625,0.57421875,0.0390625,9.42578125
129,851000000,imu2_frame,-0.030546451339464264,-0.01074085224756188,-0.6134777121630457,0.7890479358586251,-0.00572265625,-0.0018359375,-0.02556640625,0.57421875,0.0390625,9.42578125
129,871000000,imu2_frame,-0.030524538936494452,-0.010728372858002357,-0.6135116011164204,0.789022604133811,-0.00572265625,-0.0018359375,-0.02556640625,0.421875,-0.23046875,9.46484375
129,891000000,imu2_frame,-0.03052012865826044,-0.010703713952314526,-0.6135447215902132,0.7889973554221194,-0.00572265625,-0.0018359375,-0.02556640625,0.421875,-0.26953125,9.42578125
129,911000000,imu2_frame,-0.030515775828486934,-0.010679289682399364,-0.6135777636611529,0.788972159292103,-0.00572265625,-0.0018359375,-0.02556640625,0.421875,-0.26953125,9.42578125
129,931000000,imu2_frame,-0.030513965127748007,-0.010648002838420965,-0.613427708871084,0.7890893257147179,-0.00572265625,-0.0018359375,-0.00212890625,0.421875,-0.26953125,9.42578125
129,951000000,imu2_frame,-0.030554623844422504,-0.010608904134625044,-0.6132777032199945,0.7892048687432158,-0.00572265625,-0.0018359375,-0.00212890625,0.4609375,-0.34375,9.46484375
129,971000000,imu2_frame,-0.030579793855428507,-0.010583237336701948,-0.6131297530761599,0.789319185873498,-0.00572265625,-0.0018359375,-0.00212890625,0.4609375,-0.3046875,9.42578125
129,991000000,imu2_frame,-0.030632533546056464,-0.010559895544067279,-0.6129821286273583,0.7894321037797494,-0.00572265625,-0.0018359375,-0.00212890625,0.49609375,-0.34375,9.421875
130,11000000,imu2_frame,-0.030687515828890375,-0.010561113870372821,-0.61376618982076,0.788820514108866,-0.00767578125,-0.0018359375,-0.12126953125,0.49609375,-0.34375,9.421875
130,31000000,imu2_frame,-0.030785667690440815,-0.010552886370877437,-0.6145392030004114,0.7882147215256236,-0.00767578125,-0.0018359375,-0.12126953125,0.53515625,-0.421875,9.4609375
130,51000000,imu2_frame,-0.030738567519612348,-0.010556697988683228,-0.6153084506714614,0.7876161546887568,-0.00767578125,-0.0018359375,-0.12126953125,0.3828125,-0.19140625,9.42578125
130,71000000,imu2_frame,-0.030750723585021542,-0.010539412544339688,-0.6160673299663365,0.7870224639299485,-0.00767578125,-0.0018359375,-0.12126953125,0.421875,-0.3046875,9.46484375
130,91000000,imu2_frame,-0.030643766224057848,-0.01064442016639693,-0.6161154773509829,0.7869875313367405,0.01185546875,-0.0057421875,-0.03142578125,0.421875,-0.3046875,9.46484375
130,111000000,imu2_frame,-0.030499750390805144,-0.010829360783809368,-0.6161657485340546,0.7869512440453862,0.01185546875,-0.0057421875,-0.03142578125,0.49609375,-0.15234375,9.421875
130,131000000,imu2_frame,-0.030340809435293284,-0.011025137561237486,-0.6162164019997296,0.7869150065484041,0.01185546875,-0.0057421875,-0.03142578125,0.49609375,-0.11328125,9.421875
130,151000000,imu2_frame,-0.030124005122054962,-0.01124037310399952,-0.6162692862974734,0.7868788757453666,0.01185546875,-0.0057421875,-0.03142578125,0.4609375,0.0,9.46484375
130,171000000,imu2_frame,-0.02991096120889196,-0.011346724961553445,-0.6160675965520821,0.7870433931561512,0.00599609375,0.0020703125,0.00177734375,0.4609375,0.0,9.46484375
130,191000000,imu2_frame,-0.029811861654332084,-0.011364223682275697,-0.6158644155705901,0.787205899977063,0.00599609375,0.0020703125,0.00177734375,0.4609375,-0.26953125,9.46484375
130,211000000,imu2_frame,-0.029682293735979394,-0.01140737749821482,-0.6156657206094309,0.7873655781424881,0.00599609375,0.0020703125,0.00177734375,0.4609375,-0.19140625,9.42578125
130,231000000,imu2_frame,-0.029570299733894464,-0.01143725417285133,-0.6154694270152096,0.787522806654006,0.00599609375,0.0020703125,0.00177734375,0.4609375,-0.23046875,9.42578125
130,251000000,imu2_frame,-0.029471101219307377,-0.011482552941824486,-0.6152905385203324,0.7876656386933603,0.00599609375,0.0001171875,-0.00017578125,0.4609375,-0.23046875,9.42578125
130,271000000,imu2_frame,-0.02938808837251051,-0.011514162232708154,-0.615113526663257,0.7878065204387298,0.00599609375,0.0001171875,-0.00017578125,0.4609375,-0.26953125,9.46484375
130,291000000,imu2_frame,-0.0293172768387161,-0.011559999200225286,-0.6149386581661401,0.7879449919823591,0.00599609375,0.0001171875,-0.00017578125,0.49609375,-0.26953125,9.46484375
130,311000000,imu2_frame,-0.02923579169299326,-0.011590718834141048,-0.6147663174683341,0.7880820380058254,0.00599609375,0.0001171875,-0.00017578125,0.4609375,-0.26953125,9.46484375
130,331000000,imu2_frame,-0.029227734119058477,-0.011589363386656396,-0.614611370838566,0.7882032028928178,-0.0018164062499999999,-0.0018359375,-0.00212890625,0.4609375,-0.26953125,9.46484375
130,351000000,imu2_frame,-0.029231125072251708,-0.011602628821152075,-0.6144577420458841,0.7883226519460942,-0.0018164062499999999,-0.0018359375,-0.00212890625,0.49609375,-0.26953125,9.46484375
130,371000000,imu2_frame,-0.029207899946554445,-0.011614296998706832,-0.6143065238900169,0.788441184484995,-0.0018164062499999999,-0.0018359375,-0.00212890625,0.4609375,-0.23046875,9.42578125
130,391000000,imu2_frame,-0.02920131346613635,-0.011613165065698832,-0.6141562576317008,0.7885585006204887,-0.0018164062499999999,-0.0018359375,-0.00212890625,0.4609375,-0.26953125,9.421875
130,411000000,imu2_frame,-0.029182253164258362,-0.01159847405759898,-0.6140541513209592,0.7886389356006265,-0.0018164062499999999,0.0001171875,-0.00798828125,0.4609375,-0.26953125,9.421875
130,431000000,imu2_frame,-0.02916220610297659,-0.011583432707797171,-0.6139534610634061,0.7887182877746504,-0.0018164062499999999,0.0001171875,-0.00798828125,0.4609375,-0.26953125,9.46484375
130,451000000,imu2_frame,-0.02914237229123249,-0.011568519984185892,-0.6138541445061729,0.7887965395177704,-0.0018164062499999999,0.0001171875,-0.00798828125,0.4609375,-0.26953125,9.46484375
130,471000000,imu2_frame,-0.029123939159196813,-0.011554211532502386,-0.6137561416057117,0.7888736876110036,-0.0018164062499999999,0.0001171875,-0.00798828125,0.4609375,-0.26953125,9.421875
130,491000000,imu2_frame,-0.029072022108069667,-0.011590312603037379,-0.6136429476640687,0.788963126493542,0.00404296875,-0.0018359375,-0.00603515625,0.4609375,-0.26953125,9.421875
130,511000000,imu2_frame,-0.029003285208436157,-0.011638236668221544,-0.6135319611169419,0.7890512616949369,0.00404296875,-0.0018359375,-0.00603515625,0.4609375,-0.23046875,9.4609375
130,531000000,imu2_frame,-0.028936136770460974,-0.01168607641513402,-0.6134224612873366,0.7891381498793522,0.00404296875,-0.0018359375,-0.00603515625,0.4609375,-0.23046875,9.42578125
130,551000000,imu2_frame,-0.02888487942504238,-0.01172027036120461,-0.6133137611816226,0.7892240045440285,0.00404296875,-0.0018359375,-0.00603515625,0.4609375,-0.26953125,9.46484375
130,571000000,imu2_frame,-0.028883321208197938,-0.011691405936537341,-0.6132078799706213,0.789306759584097,-0.00376953125,0.0001171875,-0.00603515625,0.4609375,-0.26953125,9.46484375
130,591000000,imu2_frame,-0.0288665597539368,-0.011675942327128519,-0.6131040069681782,0.7893882889543714,-0.00376953125,0.0001171875,-0.00603515625,0.4609375,-0.23046875,9.42578125
130,611000000,imu2_frame,-0.028849065111284475,-0.01166017688229667,-0.6130015353873952,0.7894687386654233,-0.00376953125,0.0001171875,-0.00603515625,0.4609375,-0.23046875,9.4609375
130,631000000,imu2_frame,-0.028847908574499204,-0.011631869467380864,-0.612899712759,0.7895482505100664,-0.00376953125,0.0001171875,-0.00603515625,0.4609375,-0.26953125,9.46484375
130,651000000,imu2_frame,-0.02885884850052457,-0.011618555735706353,-0.6127830696034515,0.7896385791190877,-0.00376953125,-0.0018359375,-0.00408203125,0.4609375,-0.26953125,9.46484375
130,671000000,imu2_frame,-0.028853530178181607,-0.011618055439666054,-0.6126682954714627,0.7897278355915726,-0.00376953125,-0.0018359375,-0.00408203125,0.4609375,-0.23046875,9.4609375
130,691000000,imu2_frame,-0.02887575275080267,-0.011619524649780525,-0.6125536853771409,0.7898159026512889,-0.00376953125,-0.0018359375,-0.00408203125,0.49609375,-0.26953125,9.46484375
130,711000000,imu2_frame,-0.028871176995178778,-0.011619462785355195,-0.6124409699251451,0.7899034761163167,-0.00376953125,-0.0018359375,-0.00408203125,0.4609375,-0.23046875,9.42578125
130,731000000,imu2_frame,-0.028824489427098615,-0.011627225554430947,-0.6123147098636624,0.7900029446272668,0.00013671875,0.0001171875,-0.00212890625,0.4609375,-0.23046875,9.42578125
130,751000000,imu2_frame,-0.028777361957641037,-0.011634437032578281,-0.6121902304329164,0.790101022070081,0.00013671875,0.0001171875,-0.00212890625,0.4609375,-0.23046875,9.4609375
130,771000000,imu2_frame,-0.028730711598122998,-0.011641541356105914,-0.6120674914129959,0.790197701009894,0.00013671875,0.0001171875,-0.00212890625,0.4609375,-0.23046875,9.4609375
130,791000000,imu2_frame,-0.028684533551538587,-0.011648540182947833,-0.6119464707010381,0.7902930001227901,0.00013671875,0.0001171875,-0.00212890625,0.4609375,-0.23046875,9.4609375
130,811000000,imu2_frame,-0.02859207559066418,-0.011693138021789059,-0.6118878246326338,0.7903410996544242,0.00599609375,0.0001171875,-0.00994140625,0.4609375,-0.23046875,9.4609375
130,831000000,imu2_frame,-0.028517895064426545,-0.011725053234151659,-0.6118297237637279,0.790388285532466,0.00599609375,0.0001171875,-0.00994140625,0.4609375,-0.26953125,9.421875
130,851000000,imu2_frame,-0.02842709686917534,-0.011768779681113326,-0.6117735630865656,0.7904343764644702,0.00599609375,0.0001171875,-0.00994140625,0.4609375,-0.23046875,9.4609375
130,871000000,imu2_frame,-0.028354561842903955,-0.011799836565286926,-0.6117179124802844,0.7904795874850234,0.00599609375,0.0001171875,-0.00994140625,0.4609375,-0.26953125,9.421875
130,891000000,imu2_frame,-0.02829780798584329,-0.011819263364355653,-0.6116788415648229,0.7905115646583779,0.00404296875,0.0001171875,-0.01189453125,0.4609375,-0.26953125,9.421875
130,911000000,imu2_frame,-0.02822517472057102,-0.011851073051765072,-0.6116413843737394,0.7905426670970332,0.00404296875,0.0001171875,-0.01189453125,0.4609375,-0.23046875,9.42578125
130,931000000,imu2_frame,-0.028153266406078677,-0.011882519694323189,-0.6116048880569919,0.7905729948721857,0.00404296875,0.0001171875,-0.01189453125,0.4609375,-0.23046875,9.42578125
130,951000000,imu2_frame,-0.02808207591404916,-0.011913607602536251,-0.6115693371624134,0.7906025605884267,0.00404296875,0.0001171875,-0.01189453125,0.4609375,-0.23046875,9.42578125
130,971000000,imu2_frame,-0.028055373772244718,-0.011932737383103896,-0.6114424965631633,0.7907013210926433,0.00013671875,-0.0018359375,-0.00017578125,0.4609375,-0.23046875,9.42578125
130,991000000,imu2_frame,-0.02804420133624314,-0.011938574032235832,-0.6113164058412976,0.7907991180892698,0.00013671875,-0.0018359375,-0.00017578125,0.4609375,-0.26953125,9.46484375
131,11000000,imu2_frame,-0.028033140960461448,-0.01194434561833224,-0.6111916581231746,0.7908958418504204,0.00013671875,-0.0018359375,-0.00017578125,0.4609375,-0.26953125,9.46484375
131,31000000,imu2_frame,-0.02800601020539369,-0.011962695505877804,-0.6110689416714431,0.7909913437156892,0.00013671875,-0.0018359375,-0.00017578125,0.4609375,-0.23046875,9.4609375
131,53000000,imu2_frame,-0.027966650033745814,-0.011966730214215517,-0.6109822134121565,0.791059668260146,0.00013671875,0.0001171875,-0.00408203125,0.4609375,-0.23046875,9.4609375
131,71000000,imu2_frame,-0.027944326349389977,-0.011957850294121698,-0.6108896822533653,0.7911320500128943,0.00013671875,0.0001171875,-0.00408203125,0.4609375,-0.26953125,9.46484375
131,91000000,imu2_frame,-0.0279220081487339,-0.011949144126710892,-0.6108016175952764,0.791200962688099,0.00013671875,0.0001171875,-0.00408203125,0.4609375,-0.26953125,9.46484375
131,111000000,imu2_frame,-0.027884645919582892,-0.011953582296666992,-0.6107154405866022,0.791268733756951,0.00013671875,0.0001171875,-0.00408203125,0.4609375,-0.23046875,9.42578125
131,131000000,imu2_frame,-0.027877801086114543,-0.011935423285612702,-0.6106614255108769,0.7913109358972744,-0.00376953125,0.0001171875,-0.00798828125,0.4609375,-0.23046875,9.42578125
131,151000000,imu2_frame,-0.027840200569338548,-0.011941580433594976,-0.6106231847007824,0.7913416760128846,0.00013671875,0.0001171875,-0.00994140625,0.4609375,-0.23046875,9.42578125
131,171000000,imu2_frame,-0.027802069132664437,-0.011947210438124654,-0.6105857505887543,0.7913718154525451,0.00013671875,0.0001171875,-0.00994140625,0.4609375,-0.23046875,9.4609375
131,191000000,imu2_frame,-0.02778170145872217,-0.011940608500967885,-0.6105483535145245,0.7914014827844262,0.00013671875,0.0001171875,-0.00994140625,0.4609375,-0.26953125,9.421875
131,211000000,imu2_frame,-0.02773421067425839,-0.011931080529804327,-0.610527586008178,0.7914193133849425,0.00208984375,0.0020703125,-0.01189453125,0.4609375,-0.26953125,9.421875
131,231000000,imu2_frame,-0.027687207362439167,-0.0119216117173465,-0.6105076665801715,0.7914364679299054,0.00208984375,0.0020703125,-0.01189453125,0.4609375,-0.26953125,9.421875
131,251000000,imu2_frame,-0.0276242190717004,-0.011924791955391256,-0.6104892849242227,0.7914528001404825,0.00208984375,0.0020703125,-0.01189453125,0.4609375,-0.23046875,9.42578125
131,271000000,imu2_frame,-0.02757833838051085,-0.011915308033303222,-0.6104710957993483,0.7914685728948335,0.00208984375,0.0020703125,-0.01189453125,0.4609375,-0.26953125,9.421875
131,291000000,imu2_frame,-0.027545880517392755,-0.011918531377613036,-0.6103763997560734,0.7915426859602308,0.00208984375,0.0001171875,-0.00212890625,0.4609375,-0.26953125,9.421875
131,311000000,imu2_frame,-0.02749637031173743,-0.011933845523987852,-0.6102837408205231,0.7916156192501497,0.00208984375,0.0001171875,-0.00212890625,0.4609375,-0.23046875,9.4609375
131,331000000,imu2_frame,-0.027463554312320258,-0.011936352555300362,-0.6101917696320256,0.7916876157586065,0.00208984375,0.0001171875,-0.00212890625,0.4609375,-0.26953125,9.46484375
131,351000000,imu2_frame,-0.027415785668623478,-0.011951876895538473,-0.6101017424291901,0.7917584172079968,0.00208984375,0.0001171875,-0.00212890625,0.4609375,-0.23046875,9.42578125
131,371000000,imu2_frame,-0.027383807401234035,-0.011955426186711306,-0.6100131967103084,0.7918276925671247,0.00013671875,0.0001171875,-0.00212890625,0.4609375,-0.23046875,9.42578125
131,391000000,imu2_frame,-0.027367443012645515,-0.011945858802953182,-0.6099252266209678,0.7918961658271687,0.00013671875,0.0001171875,-0.00212890625,0.4609375,-0.26953125,9.46484375
131,411000000,imu2_frame,-0.027351249504050382,-0.011936373198608513,-0.609838412585752,0.7919637256088947,0.00013671875,0.0001171875,-0.00212890625,0.4609375,-0.26953125,9.46484375
131,431000000,imu2_frame,-0.027319932972794468,-0.011940026083151725,-0.6097533965062445,0.7920302093282772,0.00013671875,0.0001171875,-0.00212890625,0.4609375,-0.23046875,9.42578125
131,451000000,imu2_frame,-0.027258535374225002,-0.011966664647755759,-0.6096539532655765,0.792108470131531,0.00404296875,0.0001171875,-0.00017578125,0.4609375,-0.23046875,9.42578125
131,471000000,imu2_frame,-0.02719684221764909,-0.011992562231429313,-0.6095560286696521,0.7921855578947372,0.00404296875,0.0001171875,-0.00017578125,0.4609375,-0.23046875,9.4609375
131,491000000,imu2_frame,-0.02715197556628964,-0.012005558631335456,-0.609458900212797,0.7922616270754285,0.00404296875,0.0001171875,-0.00017578125,0.4609375,-0.26953125,9.46484375
131,511000000,imu2_frame,-0.02709226248240434,-0.012031449380044306,-0.6093638111561265,0.7923364179391736,0.00404296875,0.0001171875,-0.00017578125,0.4609375,-0.23046875,9.42578125
131,531000000,imu2_frame,-0.027063789637903332,-0.0120334942414063,-0.609270458364966,0.7924091461300291,0.00013671875,0.0001171875,-0.00017578125,0.4609375,-0.23046875,9.42578125
131,551000000,imu2_frame,-0.02705209521551266,-0.012022938416688804,-0.6091776635871715,0.7924810453775878,0.00013671875,0.0001171875,-0.00017578125,0.4609375,-0.26953125,9.421875
131,571000000,imu2_frame,-0.02704052418711104,-0.012012477453548713,-0.6090860262473536,0.7925520317728812,0.00013671875,0.0001171875,-0.00017578125,0.4609375,-0.26953125,9.421875
131,591000000,imu2_frame,-0.02702788834060822,-0.012001626664187406,-0.6089955749043298,0.7926221318864407,0.00013671875,0.0001171875,-0.00017578125,0.4609375,-0.26953125,9.46484375
131,611000000,imu2_frame,-0.026984965464121446,-0.012013892251715232,-0.608890641738221,0.7927040207009687,0.00404296875,0.0001171875,0.00177734375,0.4609375,-0.26953125,9.46484375
131,631000000,imu2_frame,-0.02694247557373292,-0.012026011727894746,-0.6087871563440421,0.7927847603999552,0.00404296875,0.0001171875,0.00177734375,0.4609375,-0.26953125,9.46484375
131,651000000,imu2_frame,-0.02688419391864172,-0.012050580545491895,-0.6086857803372677,0.7928642030266426,0.00404296875,0.0001171875,0.00177734375,0.4609375,-0.23046875,9.4609375
131,671000000,imu2_frame,-0.026827407582705607,-0.012075317871658034,-0.6085858571966097,0.7929424514559412,0.00404296875,0.0001171875,0.00177734375,0.4609375,-0.23046875,9.42578125
131,691000000,imu2_frame,-0.026756391438816,-0.012091187394452446,-0.6086874500929671,0.7928666261130474,0.00404296875,0.0020703125,-0.02361328125,0.4609375,-0.23046875,9.42578125
131,711000000,imu2_frame,-0.026701399810845475,-0.01209382076705364,-0.608788053989153,0.7927911957555379,0.00404296875,0.0020703125,-0.02361328125,0.4609375,-0.26953125,9.46484375
131,731000000,imu2_frame,-0.026646965620533484,-0.01209639476484945,-0.6088882509467476,0.7927160363685862,0.00404296875,0.0020703125,-0.02361328125,0.4609375,-0.26953125,9.46484375
131,751000000,imu2_frame,-0.026576867273102146,-0.012111509937067586,-0.6089887127694198,0.7926409837829718,0.00404296875,0.0020703125,-0.02361328125,0.4609375,-0.23046875,9.4609375
131,771000000,imu2_frame,-0.0265821924537786,-0.012091087733336099,-0.6089814159332627,0.7926467231306098,-0.00376953125,0.0001171875,-0.00994140625,0.4609375,-0.23046875,9.4609375
131,791000000,imu2_frame,-0.02658838105814823,-0.012071309809587406,-0.6089742725941291,0.7926523051064944,-0.00376953125,0.0001171875,-0.00994140625,0.4609375,-0.23046875,9.42578125
131,811000000,imu2_frame,-0.026605825519686287,-0.01206648264978564,-0.6089669477038715,0.7926574207367951,-0.00376953125,0.0001171875,-0.00994140625,0.49609375,-0.23046875,9.42578125
131,831000000,imu2_frame,-0.026628275104464923,-0.012034400155068355,-0.6089591999864015,0.792663106830254,-0.00376953125,0.0001171875,-0.00994140625,0.4609375,-0.26953125,9.421875
131,851000000,imu2_frame,-0.026616528622882746,-0.012052776575340618,-0.6089349709026876,0.7926818354123142,0.00208984375,-0.0018359375,-0.00798828125,0.4609375,-0.26953125,9.421875
131,871000000,imu2_frame,-0.02660370868269785,-0.012070483307264023,-0.608911008224583,0.7927004037970318,0.00208984375,-0.0018359375,-0.00798828125,0.4609375,-0.26953125,9.46484375
131,891000000,imu2_frame,-0.02659101327882389,-0.012088010236231631,-0.6088872854137587,0.7927187847419777,0.00208984375,-0.0018359375,-0.00798828125,0.4609375,-0.26953125,9.46484375
131,911000000,imu2_frame,-0.02656313369345539,-0.012118399085996724,-0.6088644416098771,0.7927368012619755,0.00208984375,-0.0018359375,-0.00798828125,0.4609375,-0.23046875,9.42578125
131,931000000,imu2_frame,-0.026539792236517094,-0.012119826281473215,-0.608796856979492,0.7927894652244324,0.00013671875,0.0001171875,-0.00212890625,0.4609375,-0.23046875,9.42578125
131,951000000,imu2_frame,-0.026515777921597167,-0.012120782488246624,-0.6087302431100199,0.7928414036087552,0.00013671875,0.0001171875,-0.00212890625,0.4609375,-0.23046875,9.4609375
131,971000000,imu2_frame,-0.02649291839423626,-0.012122157931200495,-0.608664538169083,0.7928925895337051,0.00013671875,0.0001171875,-0.00212890625,0.4609375,-0.23046875,9.42578125
131,991000000,imu2_frame,-0.026470291450291915,-0.012123506261981769,-0.6085997479833696,0.7929430566068609,0.00013671875,0.0001171875,-0.00212890625,0.4609375,-0.23046875,9.42578125
132,11000000,imu2_frame,-0.026447894726371244,-0.012124827944459855,-0.6085358609049317,0.7929928142199989,0.00013671875,0.0001171875,-0.00212890625,0.4609375,-0.23046875,9.42578125
132,31000000,imu2_frame,-0.02644222653082763,-0.012113575818667734,-0.6084721844744455,0.7930420358706555,0.00013671875,0.0001171875,-0.00212890625,0.4609375,-0.26953125,9.421875
132,51000000,imu2_frame,-0.026419208302480315,-0.012114532531579465,-0.6084100231733824,0.7930904785939469,0.00013671875,0.0001171875,-0.00212890625,0.4609375,-0.23046875,9.4609375
132,71000000,imu2_frame,-0.026396424386539077,-0.0121154663409215,-0.6083487465787152,0.7931382267871434,0.00013671875,0.0001171875,-0.00212890625,0.4609375,-0.23046875,9.4609375
132,91000000,imu2_frame,-0.02638539531598706,-0.01213223476829124,-0.6083028950512888,0.7931735041375039,0.00013671875,-0.0018359375,-0.00408203125,0.4609375,-0.23046875,9.4609375
132,111000000,imu2_frame,-0.02639070107680877,-0.012136249165370603,-0.6082568200203781,0.7932086000867413,0.00013671875,-0.0018359375,-0.00408203125,0.4609375,-0.26953125,9.46484375
132,131000000,imu2_frame,-0.026379723334790238,-0.012152811277236907,-0.6082117821785056,0.7932432460437883,0.00013671875,-0.0018359375,-0.00408203125,0.4609375,-0.23046875,9.4609375
132,151000000,imu2_frame,-0.026368852241914834,-0.012169206039699641,-0.6081671837353259,0.793277549589833,0.00013671875,-0.0018359375,-0.00408203125,0.4609375,-0.23046875,9.4609375
132,171000000,imu2_frame,-0.02634656840652628,-0.012169575934406731,-0.6081084654315377,0.7933232972913863,0.00013671875,0.0001171875,-0.00212890625,0.4609375,-0.23046875,9.4609375
132,191000000,imu2_frame,-0.02634074267568171,-0.012157348918944336,-0.608049924671873,0.7933685481849441,0.00013671875,0.0001171875,-0.00212890625,0.4609375,-0.26953125,9.46484375
132,211000000,imu2_frame,-0.02633498045328653,-0.01214523723014539,-0.6079921451977408,0.7934132047016851,0.00013671875,0.0001171875,-0.00212890625,0.4609375,-0.26953125,9.46484375
132,231000000,imu2_frame,-0.026330467258196807,-0.01213372529482277,-0.6079350756215751,0.7934572597395683,0.00013671875,0.0001171875,-0.00212890625,0.4609375,-0.26953125,9.421875
132,251000000,imu2_frame,-0.026337048300734776,-0.012139202541340184,-0.6079239686624947,0.7934654674112209,0.00013671875,-0.0018359375,-0.00798828125,0.4609375,-0.26953125,9.421875
132,271000000,imu2_frame,-0.026343560704643956,-0.012144630333435595,-0.6079128498048251,0.7934736869018665,0.00013671875,-0.0018359375,-0.00798828125,0.4609375,-0.26953125,9.421875
132,291000000,imu2_frame,-0.026350005183358432,-0.012150009113477548,-0.6079017203953339,0.7934819171510923,0.00013671875,-0.0018359375,-0.00798828125,0.4609375,-0.26953125,9.421875
132,311000000,imu2_frame,-0.026356382442944366,-0.012155339319890051,-0.6078905817550708,0.79349015711855,0.00013671875,-0.0018359375,-0.00798828125,0.4609375,-0.26953125,9.421875
132,331000000,imu2_frame,-0.026378977656262872,-0.01214683234906497,-0.6078182302710687,0.7935449596285269,-0.0018164062499999999,-0.0018359375,-0.00017578125,0.4609375,-0.26953125,9.421875
132,351000000,imu2_frame,-0.026401345865479566,-0.01213842075840496,-0.6077464136040027,0.7935993475485319,-0.0018164062499999999,-0.0018359375,-0.00017578125,0.4609375,-0.26953125,9.421875
132,371000000,imu2_frame,-0.026423489338850477,-0.012130103467007238,-0.6076751282728762,0.7936533237375012,-0.0018164062499999999,-0.0018359375,-0.00017578125,0.4609375,-0.26953125,9.421875
132,391000000,imu2_frame,-0.026427986268119368,-0.012133964739905245,-0.6076050841047304,0.7937067406867516,-0.0018164062499999999,-0.0018359375,-0.00017578125,0.4609375,-0.23046875,9.4609375
132,411000000,imu2_frame,-0.02643533604840606,-0.012112223591853011,-0.6075826288968095,0.7937240175971184,-0.00376953125,0.0001171875,-0.00603515625,0.4609375,-0.23046875,9.4609375
132,431000000,imu2_frame,-0.02642750498139126,-0.012101930313485075,-0.6075450008606827,0.7937532375948705,-0.0018164062499999999,0.0001171875,-0.00408203125,0.4609375,-0.23046875,9.4609375
132,451000000,imu2_frame,-0.026435996552368005,-0.012079163173892193,-0.607507260564235,0.7937821869159326,-0.0018164062499999999,0.0001171875,-0.00408203125,0.4609375,-0.26953125,9.46484375
132,471000000,imu2_frame,-0.026444408860473372,-0.012056621902253054,-0.6074699965414277,0.7938107673811714,-0.0018164062499999999,0.0001171875,-0.00408203125,0.4609375,-0.26953125,9.46484375
132,491000000,imu2_frame,-0.026398797211430246,-0.012026558513644528,-0.6074191147363341,0.7938516766052937,0.00208984375,0.0040234375,-0.00212890625,0.4609375,-0.26953125,9.46484375
132,511000000,imu2_frame,-0.026353658958102644,-0.011996761552081799,-0.6073695352218578,0.7938915606404738,0.00208984375,0.0040234375,-0.00212890625,0.4609375,-0.26953125,9.46484375
132,531000000,imu2_frame,-0.026296607832562838,-0.01195090619847446,-0.6073216187930691,0.7939308002616485,0.00208984375,0.0040234375,-0.00212890625,0.421875,-0.26953125,9.4609375
132,551000000,imu2_frame,-0.02625253105327934,-0.011921788235685217,-0.6072748630059572,0.7939684605446592,0.00208984375,0.0040234375,-0.00212890625,0.4609375,-0.26953125,9.46484375
132,571000000,imu2_frame,-0.026243660382691596,-0.01194003063141139,-0.6072577018676381,0.7939816052533419,0.00208984375,-0.0018359375,-0.00603515625,0.4609375,-0.26953125,9.46484375
132,591000000,imu2_frame,-0.026218630849790377,-0.011970654901095999,-0.6072413260842393,0.7939944953921632,0.00208984375,-0.0018359375,-0.00603515625,0.4609375,-0.23046875,9.4609375
132,611000000,imu2_frame,-0.026210091461086972,-0.011988404337919962,-0.6072244778155221,0.794007394681371,0.00208984375,-0.0018359375,-0.00603515625,0.4609375,-0.26953125,9.46484375
132,631000000,imu2_frame,-0.026201633933458715,-0.01200597665040993,-0.6072077461481525,0.7940202037237892,0.00208984375,-0.0018359375,-0.00603515625,0.4609375,-0.26953125,9.46484375
132,651000000,imu2_frame,-0.026182451920660692,-0.012005983597920166,-0.6071305073087775,0.7940798969022294,0.00208984375,0.0001171875,0.00177734375,0.4609375,-0.26953125,9.46484375
132,671000000,imu2_frame,-0.026164651087632503,-0.012006466715811709,-0.6070542254729634,0.7941387933641608,0.00208984375,0.0001171875,0.00177734375,0.4609375,-0.26953125,9.421875
132,691000000,imu2_frame,-0.026145845874818725,-0.012006448434357971,-0.6069789545078507,0.7941969458037723,0.00208984375,0.0001171875,0.00177734375,0.4609375,-0.26953125,9.46484375
132,711000000,imu2_frame,-0.026110982928941814,-0.012018977110737787,-0.6069053226413227,0.7942541722328742,0.00208984375,0.0001171875,0.00177734375,0.4609375,-0.23046875,9.4609375
132,731000000,imu2_frame,-0.026072611483990323,-0.012058969392461873,-0.6068471519159819,0.794299272566114,0.00404296875,-0.0018359375,-0.00017578125,0.4609375,-0.23046875,9.4609375
132,751000000,imu2_frame,-0.026052056458244304,-0.012086485207848535,-0.6067889623078213,0.7943439824477896,0.00404296875,-0.0018359375,-0.00017578125,0.4609375,-0.26953125,9.421875
132,771000000,imu2_frame,-0.026031703239089904,-0.012113722659703447,-0.6067313592694228,0.7943882336923642,0.00404296875,-0.0018359375,-0.00017578125,0.4609375,-0.26953125,9.421875
132,791000000,imu2_frame,-0.02599411127229346,-0.0121527494013456,-0.6066750413174438,0.7944318794608068,0.00404296875,-0.0018359375,-0.00017578125,0.4609375,-0.23046875,9.4609375
132,811000000,imu2_frame,-0.025943519997652494,-0.012179527167881489,-0.6067276693515348,0.7943929305648136,0.00404296875,0.0001171875,-0.01384765625,0.4609375,-0.23046875,9.4609375
132,831000000,imu2_frame,-0.025910872925697284,-0.012193951139049756,-0.6067794176050272,0.7943542488026051,0.00404296875,0.0001171875,-0.01384765625,0.4609375,-0.26953125,9.421875
132,851000000,imu2_frame,-0.025877368168758567,-0.012207730642749652,-0.6068309381764975,0.7943157719704705,0.00404296875,0.0001171875,-0.01384765625,0.4609375,-0.26953125,9.46484375
132,871000000,imu2_frame,-0.025844200193622765,-0.012221358649303952,-0.606882207016052,0.7942774719935364,0.00404296875,0.0001171875,-0.01384765625,0.4609375,-0.26953125,9.46484375
132,891000000,imu2_frame,-0.02584279133856097,-0.012209875675885854,-0.6068874762828703,0.7942736683302675,0.00013671875,0.0001171875,-0.00798828125,0.4609375,-0.26953125,9.46484375
132,911000000,imu2_frame,-0.025841399967349344,-0.012198503573478143,-0.6068928076941943,0.7942698146897899,0.00013671875,0.0001171875,-0.00798828125,0.4609375,-0.26953125,9.46484375
132,931000000,imu2_frame,-0.025840025867744993,-0.012187241273983022,-0.6068981994685969,0.7942659124594605,0.00013671875,0.0001171875,-0.00798828125,0.4609375,-0.26953125,9.46484375
132,951000000,imu2_frame,-0.025839854436879764,-0.01217657477807739,-0.6069036079621425,0.7942619489764627,0.00013671875,0.0001171875,-0.00798828125,0.4609375,-0.26953125,9.421875
132,971000000,imu2_frame,-0.025881660569778912,-0.012158915894061541,-0.6069393061307623,0.7942335796753628,-0.00376953125,-0.0018359375,-0.01189453125,0.4609375,-0.26953125,9.421875
132,991000000,imu2_frame,-0.025923045760271275,-0.012141450648324247,-0.6069743058170705,0.7942057497604451,-0.00376953125,-0.0018359375,-0.01189453125,0.4609375,-0.26953125,9.421875
133,11000000,imu2_frame,-0.025964014279576748,-0.012124177032158855,-0.6070086172452501,0.7941784515357946,-0.00376953125,-0.0018359375,-0.01189453125,0.4609375,-0.26953125,9.421875
133,31000000,imu2_frame,-0.025988046724999898,-0.01211961085936313,-0.6070429226210036,0.7941515136016472,-0.00376953125,-0.0018359375,-0.01189453125,0.4609375,-0.23046875,9.42578125
133,54000000,imu2_frame,-0.02601718154410649,-0.01211548731085251,-0.6071259072351635,0.7940871828682298,-0.00376953125,-0.0018359375,-0.01580078125,0.4609375,-0.23046875,9.42578125
133,71000000,imu2_frame,-0.026050911729515784,-0.012100139340724453,-0.607169942712142,0.7940526413865331,-0.00376953125,-0.0018359375,-0.01580078125,0.4609375,-0.26953125,9.421875
133,91000000,imu2_frame,-0.026090117611097734,-0.012084338585322945,-0.6072318312988244,0.7940042679869362,-0.00376953125,-0.0018359375,-0.01580078125,0.4609375,-0.26953125,9.421875
133,111000000,imu2_frame,-0.02611628607281294,-0.012052240109959159,-0.6072931614308581,0.7939569882489911,-0.00376953125,-0.0018359375,-0.01580078125,0.421875,-0.26953125,9.42578125
133,131000000,imu2_frame,-0.02611032460626187,-0.012046471507727158,-0.607430265383818,0.7938523831096772,0.00013671875,-0.0018359375,-0.02556640625,0.421875,-0.26953125,9.42578125
133,151000000,imu2_frame,-0.026103499685906372,-0.012040418565714956,-0.6075661182868936,0.7937487307295091,0.00013671875,-0.0018359375,-0.02556640625,0.421875,-0.26953125,9.4609375
133,171000000,imu2_frame,-0.0261091331743869,-0.012050737359052252,-0.6077003282349316,0.7936456413016717,0.00013671875,-0.0018359375,-0.02556640625,0.4609375,-0.26953125,9.46484375
133,191000000,imu2_frame,-0.02610231292416525,-0.012044643951231022,-0.6078333950499692,0.7935440502417778,0.00013671875,-0.0018359375,-0.02556640625,0.421875,-0.26953125,9.4609375
133,211000000,imu2_frame,-0.02611090597545888,-0.012026856654762282,-0.6079653863344017,0.7934429181279574,-0.0018164062499999999,-0.0018359375,-0.02556640625,0.421875,-0.26953125,9.4609375
133,231000000,imu2_frame,-0.02613181235141408,-0.012025557533062399,-0.6080956946996117,0.7933423853778684,-0.0018164062499999999,-0.0018359375,-0.02556640625,0.4609375,-0.26953125,9.46484375
133,251000000,imu2_frame,-0.026153691085660315,-0.012024767719446905,-0.6082243948129179,0.7932430112886901,-0.0018164062499999999,-0.0018359375,-0.02556640625,0.4609375,-0.26953125,9.421875
133,271000000,imu2_frame,-0.026161756949129845,-0.012007206257399101,-0.6083519558257587,0.7931451867812104,-0.0018164062499999999,-0.0018359375,-0.02556640625,0.421875,-0.26953125,9.4609375
133,291000000,imu2_frame,-0.02614498030124225,-0.011981170870739473,-0.6083255704644663,0.7931663708634495,0.00013671875,0.0001171875,-0.00603515625,0.421875,-0.26953125,9.4609375
133,311000000,imu2_frame,-0.02614197043146656,-0.01197217134343705,-0.608299444656912,0.7931866426796257,0.00013671875,0.0001171875,-0.00603515625,0.4609375,-0.26953125,9.421875
133,331000000,imu2_frame,-0.026137807731616124,-0.011962772521182708,-0.6082737365381432,0.7932066367085673,0.00013671875,0.0001171875,-0.00603515625,0.4609375,-0.26953125,9.46484375
133,351000000,imu2_frame,-0.026133690495688536,-0.011953462626465777,-0.6082484169668313,0.793226328489957,0.00013671875,0.0001171875,-0.00603515625,0.4609375,-0.26953125,9.46484375
133,371000000,imu2_frame,-0.02608429973567436,-0.01197799580016321,-0.608177016692561,0.793282328865863,0.00599609375,0.0001171875,-0.00017578125,0.4609375,-0.26953125,9.46484375
133,391000000,imu2_frame,-0.026023007050453354,-0.011985952032543,-0.6081070814068046,0.7933378332090456,0.00599609375,0.0001171875,-0.00017578125,0.421875,-0.26953125,9.4609375
133,411000000,imu2_frame,-0.02596326022368517,-0.01199413289715384,-0.6080384616384348,0.7933922605262597,0.00599609375,0.0001171875,-0.00017578125,0.421875,-0.26953125,9.42578125
133,431000000,imu2_frame,-0.025904119172849037,-0.012002200986538281,-0.6079711568201537,0.7934456479533564,0.00599609375,0.0001171875,-0.00017578125,0.421875,-0.26953125,9.42578125
133,451000000,imu2_frame,-0.02590358623177031,-0.011989753232729553,-0.6078894961781848,0.7935084186535037,0.00013671875,-0.0018359375,0.00177734375,0.421875,-0.26953125,9.42578125
133,471000000,imu2_frame,-0.02590213848055829,-0.011977089353399513,-0.6078088000874801,0.7935704701467743,0.00013671875,-0.0018359375,0.00177734375,0.421875,-0.26953125,9.4609375
133,491000000,imu2_frame,-0.02590163364129701,-0.011964884278850466,-0.6077290061280195,0.7936317798762569,0.00013671875,-0.0018359375,0.00177734375,0.421875,-0.26953125,9.42578125
133,511000000,imu2_frame,-0.02590021362836818,-0.011952460553036897,-0.6076501558205899,0.7936923873591996,0.00013671875,-0.0018359375,0.00177734375,0.421875,-0.26953125,9.4609375
133,531000000,imu2_frame,-0.025854752139585567,-0.011951798959980156,-0.6076800944262886,0.7936709577220763,0.00404296875,0.0001171875,-0.01189453125,0.421875,-0.26953125,9.4609375
133,551000000,imu2_frame,-0.025809753171513506,-0.011951119244509385,-0.6077102655915457,0.7936493309293987,0.00404296875,0.0001171875,-0.01189453125,0.421875,-0.26953125,9.4609375
133,571000000,imu2_frame,-0.025766136204645036,-0.0119507585925585,-0.6077406289823234,0.793627502974989,0.00404296875,0.0001171875,-0.01189453125,0.421875,-0.26953125,9.42578125
133,591000000,imu2_frame,-0.025722962899852046,-0.011950378003689265,-0.6077711963361985,0.793605500579027,0.00404296875,0.0001171875,-0.01189453125,0.421875,-0.26953125,9.42578125
133,611000000,imu2_frame,-0.02571207717845349,-0.011923993853030751,-0.6077255557982506,0.7936412012285335,0.00013671875,0.0001171875,-0.00212890625,0.421875,-0.26953125,9.42578125
133,631000000,imu2_frame,-0.025700385748778344,-0.011897523514130233,-0.6076807607195358,0.7936762766757748,0.00013671875,0.0001171875,-0.00212890625,0.421875,-0.26953125,9.4609375
133,651000000,imu2_frame,-0.025688820923156705,-0.011871304193390327,-0.6076367802634111,0.7937107154923897,0.00013671875,0.0001171875,-0.00212890625,0.421875,-0.26953125,9.4609375
133,671000000,imu2_frame,-0.025661990194116868,-0.01185828763555585,-0.6075942270578056,0.7937443533781247,0.00013671875,0.0001171875,-0.00212890625,0.421875,-0.23046875,9.421875
133,691000000,imu2_frame,-0.025634287691141983,-0.011847867071296063,-0.6076292492808233,0.7937185941874185,0.00013671875,0.0001171875,-0.01189453125,0.421875,-0.23046875,9.421875
133,711000000,imu2_frame,-0.025607558171690498,-0.011836044726956334,-0.607618296743074,0.7937280179461671,0.00013671875,0.0001171875,-0.00603515625,0.421875,-0.23046875,9.421875
133,731000000,imu2_frame,-0.02559741895000246,-0.01181170580733984,-0.6076072124415909,0.7937371927394975,0.00013671875,0.0001171875,-0.00603515625,0.421875,-0.26953125,9.42578125
133,751000000,imu2_frame,-0.025570019101336324,-0.011799746772561582,-0.6075972590113864,0.793745873023042,0.00013671875,0.0001171875,-0.00603515625,0.421875,-0.23046875,9.46484375
133,771000000,imu2_frame,-0.025522349332858373,-0.01183020127293077,-0.6076941689384255,0.7936727619495393,0.00404296875,-0.0018359375,-0.01970703125,0.421875,-0.23046875,9.46484375
133,791000000,imu2_frame,-0.0255039892606773,-0.011864161064362283,-0.6077893416946026,0.793599964929732,0.00404296875,-0.0018359375,-0.01970703125,0.4609375,-0.26953125,9.46484375
133,811000000,imu2_frame,-0.025486991701433554,-0.011898266552252883,-0.6078834227261265,0.7935279383120876,0.00404296875,-0.0018359375,-0.01970703125,0.4609375,-0.26953125,9.421875
133,831000000,imu2_frame,-0.025470156442779276,-0.011932031386052963,-0.6079764477212902,0.7934567012597373,0.00404296875,-0.0018359375,-0.01970703125,0.4609375,-0.26953125,9.421875
133,851000000,imu2_frame,-0.025458691089988224,-0.011934908162690381,-0.6079619764756115,0.7934681141514137,0.00208984375,0.0001171875,-0.00603515625,0.4609375,-0.26953125,9.421875
133,871000000,imu2_frame,-0.025458634688555262,-0.011952527752803543,-0.6079474074358848,0.7934790134541047,0.00208984375,0.0001171875,-0.00603515625,0.49609375,-0.26953125,9.421875
133,891000000,imu2_frame,-0.025429861187697148,-0.011967291330776121,-0.6079338768038879,0.7934900802986602,0.00208984375,0.0001171875,-0.00603515625,0.4609375,-0.23046875,9.4609375
133,911000000,imu2_frame,-0.025402286251982653,-0.011982340116936331,-0.6079206578306104,0.7935008639953031,0.00208984375,0.0001171875,-0.00603515625,0.4609375,-0.23046875,9.42578125
133,931000000,imu2_frame,-0.025344765673409694,-0.012019747354416127,-0.6078767726931225,0.7935357570687599,0.00599609375,0.0001171875,-0.00212890625,0.4609375,-0.23046875,9.42578125
133,951000000,imu2_frame,-0.025286910192365546,-0.012056316724798753,-0.6078337037640775,0.7935700384770069,0.00599609375,0.0001171875,-0.00212890625,0.4609375,-0.23046875,9.4609375
133,971000000,imu2_frame,-0.025229633385747813,-0.012092500374094576,-0.6077914222000755,0.7936036946322346,0.00599609375,0.0001171875,-0.00212890625,0.4609375,-0.23046875,9.4609375
133,991000000,imu2_frame,-0.025200404712103656,-0.012130441604108587,-0.6077489171403329,0.7936365954916573,0.00599609375,0.0001171875,-0.00212890625,0.49609375,-0.26953125,9.46484375
134,11000000,imu2_frame,-0.025231906026915173,-0.012122955218703078,-0.6077688496831634,0.7936204446899151,-0.0018164062499999999,0.0001171875,-0.00994140625,0.49609375,-0.26953125,9.46484375
134,31000000,imu2_frame,-0.025235613427045257,-0.012113420219213508,-0.607789279185394,0.7936048267071293,-0.0018164062499999999,0.0001171875,-0.00994140625,0.4609375,-0.23046875,9.4609375
134,51000000,imu2_frame,-0.02523928560563251,-0.01210397988242599,-0.6078095409307248,0.7935893359204778,-0.0018164062499999999,0.0001171875,-0.00994140625,0.4609375,-0.23046875,9.4609375
134,71000000,imu2_frame,-0.025260344694250193,-0.012082543312317241,-0.607828948665219,0.7935741277899426,-0.0018164062499999999,0.0001171875,-0.00994140625,0.4609375,-0.26953125,9.421875
134,91000000,imu2_frame,-0.025251442967060257,-0.012082871545009068,-0.607786421371467,0.7936069775649491,0.00208984375,0.0001171875,-0.00212890625,0.4609375,-0.26953125,9.421875
134,111000000,imu2_frame,-0.02524263192977918,-0.012083191920075913,-0.6077444223794225,0.7936394162798258,0.00208984375,0.0001171875,-0.00212890625,0.4609375,-0.26953125,9.421875
134,131000000,imu2_frame,-0.025216486921537076,-0.012095591762669155,-0.6077036324288588,0.7936712925260793,0.00208984375,0.0001171875,-0.00212890625,0.4609375,-0.23046875,9.4609375
134,151000000,imu2_frame,-0.025191514503861978,-0.012108301759661308,-0.6076634173263491,0.7937026822864856,0.00208984375,0.0001171875,-0.00212890625,0.4609375,-0.23046875,9.42578125
134,171000000,imu2_frame,-0.02518213956497212,-0.012109129145381876,-0.6076239432804995,0.7937331871545544,0.00013671875,0.0001171875,-0.00212890625,0.4609375,-0.23046875,9.42578125
134,191000000,imu2_frame,-0.025172859981159843,-0.012109943649867363,-0.6075849678716814,0.7937633042674207,0.00013671875,0.0001171875,-0.00212890625,0.4609375,-0.23046875,9.42578125
134,211000000,imu2_frame,-0.025179005263821608,-0.012097731268514735,-0.6075458722446391,0.7937932197433913,0.00013671875,0.0001171875,-0.00212890625,0.4609375,-0.26953125,9.46484375
134,231000000,imu2_frame,-0.025168850690574972,-0.012098209771380541,-0.6075078483243933,0.7938226354164443,0.00013671875,0.0001171875,-0.00212890625,0.4609375,-0.23046875,9.4609375
134,251000000,imu2_frame,-0.025158097291395974,-0.012100139034240232,-0.6075163601643959,0.7938164327529587,0.00013671875,0.0001171875,-0.00798828125,0.4609375,-0.23046875,9.4609375
134,271000000,imu2_frame,-0.02514745275626581,-0.012102044105415393,-0.6075248940913037,0.7938102098157294,0.00013671875,0.0001171875,-0.00798828125,0.4609375,-0.23046875,9.4609375
134,291000000,imu2_frame,-0.025136915984017783,-0.012103925277479815,-0.6075334488225997,0.7938039676200965,0.00013671875,0.0001171875,-0.00798828125,0.4609375,-0.23046875,9.4609375
134,311000000,imu2_frame,-0.025126485884605025,-0.012105782839507567,-0.6075420230991699,0.7937977071631671,0.00013671875,0.0001171875,-0.00798828125,0.4609375,-0.23046875,9.4609375
134,331000000,imu2_frame,-0.02511616137898866,-0.012107617077115688,-0.6075506156849615,0.793791429424079,0.00013671875,0.0001171875,-0.00798828125,0.4609375,-0.23046875,9.4609375
134,351000000,imu2_frame,-0.025106851094976904,-0.012109872612839825,-0.6075591937844174,0.7937851239859716,0.00013671875,0.0001171875,-0.00798828125,0.4609375,-0.23046875,9.42578125
134,371000000,imu2_frame,-0.025096725201638324,-0.01211165719021868,-0.6075678053134961,0.7937788256755164,0.00013671875,0.0001171875,-0.00798828125,0.4609375,-0.23046875,9.4609375
134,391000000,imu2_frame,-0.025102941594494495,-0.012100848882532173,-0.6075757890033039,0.793772683075349,0.00013671875,0.0001171875,-0.00798828125,0.4609375,-0.26953125,9.46484375
134,411000000,imu2_frame,-0.025123507952106175,-0.01208034531979708,-0.6076452483764123,0.7937191737199645,-0.0018164062499999999,0.0001171875,-0.01580078125,0.4609375,-0.26953125,9.46484375
134,431000000,imu2_frame,-0.025127632417008636,-0.012072624892988769,-0.6077145827936848,0.7936660756749067,-0.0018164062499999999,0.0001171875,-0.01580078125,0.4609375,-0.23046875,9.4609375
134,451000000,imu2_frame,-0.025149139012915236,-0.012052892697389676,-0.6077825462342072,0.7936136497550922,-0.0018164062499999999,0.0001171875,-0.01580078125,0.4609375,-0.26953125,9.421875
134,471000000,imu2_frame,-0.02515391986037436,-0.012045897837503204,-0.6078503926354566,0.7935616402232833,-0.0018164062499999999,0.0001171875,-0.01580078125,0.4609375,-0.23046875,9.42578125
134,491000000,imu2_frame,-0.025115751171372023,-0.01204809229666602,-0.6079486808968771,0.7934875196944536,0.00208984375,0.0020703125,-0.01970703125,0.4609375,-0.23046875,9.42578125
134,511000000,imu2_frame,-0.02507705930646015,-0.012049801898451758,-0.6080464222554238,0.7934138212516387,0.00208984375,0.0020703125,-0.01970703125,0.4609375,-0.23046875,9.4609375
134,531000000,imu2_frame,-0.025039669722727035,-0.012051918510912595,-0.608143569461695,0.7933405101989761,0.00208984375,0.0020703125,-0.01970703125,0.4609375,-0.23046875,9.42578125
134,551000000,imu2_frame,-0.024990197457923913,-0.012037624792713787,-0.6082405339328452,0.79326794874207,0.00208984375,0.0020703125,-0.01970703125,0.421875,-0.23046875,9.421875
134,571000000,imu2_frame,-0.02498273069213578,-0.012017212171802488,-0.6083980983267762,0.793147655692901,-0.0018164062499999999,0.0001171875,-0.02751953125,0.421875,-0.23046875,9.421875
134,591000000,imu2_frame,-0.024974287904348257,-0.01199652642781945,-0.6085543469537574,0.7930283570598362,-0.0018164062499999999,0.0001171875,-0.02751953125,0.421875,-0.23046875,9.46484375
134,611000000,imu2_frame,-0.024966990941546804,-0.011976504426314299,-0.6087092336547811,0.7929100084930573,-0.0018164062499999999,0.0001171875,-0.02751953125,0.421875,-0.23046875,9.421875
134,631000000,imu2_frame,-0.024971336136142785,-0.0119725907494773,-0.6088624299687547,0.7927922999215272,-0.0018164062499999999,0.0001171875,-0.02751953125,0.4609375,-0.23046875,9.4609375
134,651000000,imu2_frame,-0.025020928670795476,-0.011934858370751799,-0.6090604731305024,0.7926391690764277,-0.00767578125,0.0001171875,-0.03337890625,0.4609375,-0.23046875,9.4609375
134,671000000,imu2_frame,-0.025057396663649534,-0.011881140617947834,-0.6092566210916797,0.7924880661726122,-0.00767578125,0.0001171875,-0.03337890625,0.421875,-0.23046875,9.46484375
134,691000000,imu2_frame,-0.025109924618054735,-0.01181544096219489,-0.6094501369490579,0.7923385751137699,-0.00767578125,0.0001171875,-0.03337890625,0.421875,-0.26953125,9.4609375
134,711000000,imu2_frame,-0.025162860450219565,-0.011750743140384956,-0.6096415782130788,0.7921905683631167,-0.00767578125,0.0001171875,-0.03337890625,0.421875,-0.26953125,9.42578125
134,731000000,imu2_frame,-0.0251989296226919,-0.011720246244578306,-0.609661485760341,0.7921745530843127,-0.00376953125,-0.0018359375,-0.01189453125,0.421875,-0.26953125,9.42578125
134,751000000,imu2_frame,-0.02523371617148701,-0.011689731572956528,-0.6096810642825884,0.7921588285181069,-0.00376953125,-0.0018359375,-0.01189453125,0.421875,-0.26953125,9.4609375
134,771000000,imu2_frame,-0.025251744705021822,-0.011672062087193258,-0.6097009504701989,0.7921432088654938,-0.00376953125,-0.0018359375,-0.01189453125,0.421875,-0.23046875,9.46484375
134,791000000,imu2_frame,-0.025269595209861547,-0.011654574523248048,-0.6097205764326744,0.7921277909057473,-0.00376953125,-0.0018359375,-0.01189453125,0.421875,-0.23046875,9.46484375
134,811000000,imu2_frame,-0.025203112559886696,-0.01165228959851701,-0.6096949326564602,0.7921496805259979,0.00404296875,0.0020703125,-0.00603515625,0.421875,-0.23046875,9.46484375
134,831000000,imu2_frame,-0.025153720957725424,-0.01163746167476382,-0.609669689228987,0.7921708968670711,0.00404296875,0.0020703125,-0.00603515625,0.421875,-0.26953125,9.4609375
134,851000000,imu2_frame,-0.02510483636973361,-0.011622750727939299,-0.6096454012055297,0.7921913554472265,0.00404296875,0.0020703125,-0.00603515625,0.421875,-0.26953125,9.4609375
134,871000000,imu2_frame,-0.0250688820301444,-0.011624443404598717,-0.6096216681170346,0.7922107328429073,0.00404296875,0.0020703125,-0.00603515625,0.4609375,-0.26953125,9.46484375
134,891000000,imu2_frame,-0.025029306967210153,-0.011654180729154712,-0.6096283027925299,0.792206441717418,0.00599609375,0.0001171875,-0.00994140625,0.4609375,-0.26953125,9.46484375
134,911000000,imu2_frame,-0.02499012527310643,-0.011683607206274841,-0.6096350725618029,0.792202035634881,0.00599609375,0.0001171875,-0.00994140625,0.4609375,-0.26953125,9.46484375
134,931000000,imu2_frame,-0.02495133305904236,-0.011712726101222117,-0.6096419741233627,0.7921975172978163,0.00599609375,0.0001171875,-0.00994140625,0.4609375,-0.26953125,9.46484375
134,951000000,imu2_frame,-0.024896719486271264,-0.011754153687780978,-0.6096496403261986,0.7921927223094406,0.00599609375,0.0001171875,-0.00994140625,0.4609375,-0.23046875,9.4609375
134,971000000,imu2_frame,-0.02490152145119513,-0.011772715176397835,-0.6095806271626274,0.7922454016242751,0.00013671875,-0.0018359375,-0.00017578125,0.4609375,-0.23046875,9.4609375
134,991000000,imu2_frame,-0.024906269246552454,-0.0117910985229749,-0.6095120911233031,0.7922977082652316,0.00013671875,-0.0018359375,-0.00017578125,0.4609375,-0.23046875,9.4609375
135,11000000,imu2_frame,-0.02491096349119561,-0.011809305427956392,-0.6094440295903812,0.7923496444120413,0.00013671875,-0.0018359375,-0.00017578125,0.4609375,-0.23046875,9.4609375
135,31000000,imu2_frame,-0.024916515519972475,-0.011827779830505722,-0.6093764086101666,0.7924012011020676,0.00013671875,-0.0018359375,-0.00017578125,0.4609375,-0.23046875,9.42578125
135,55000000,imu2_frame,-0.024905615334487746,-0.011863268142673028,-0.6093091927314891,0.7924526994380716,0.00208984375,-0.0018359375,-0.00017578125,0.4609375,-0.23046875,9.42578125
135,71000000,imu2_frame,-0.02489604358234204,-0.01188713958628927,-0.6092423000478578,0.7925040711307408,0.00208984375,-0.0018359375,-0.00017578125,0.4609375,-0.23046875,9.4609375
135,91000000,imu2_frame,-0.024901707225594583,-0.011903581821891713,-0.6091754486232702,0.7925550343740793,0.00208984375,-0.0018359375,-0.00017578125,0.4609375,-0.26953125,9.46484375
135,111000000,imu2_frame,-0.02489109302470528,-0.011932468837609359,-0.6091096975373368,0.7926054668253615,0.00208984375,-0.0018359375,-0.00017578125,0.4609375,-0.23046875,9.4609375
135,131000000,imu2_frame,-0.02486058703513468,-0.011903289287392949,-0.609046890177563,0.7926551258154133,0.00013671875,0.0040234375,-0.00017578125,0.4609375,-0.23046875,9.4609375
135,151000000,imu2_frame,-0.024846617734618395,-0.011861778169117359,-0.6089846804603288,0.7927039818055965,0.00013671875,0.0040234375,-0.00017578125,0.4609375,-0.26953125,9.46484375
135,171000000,imu2_frame,-0.024833989569265053,-0.01182114756782083,-0.6089235728040145,0.7927519258354706,0.00013671875,0.0040234375,-0.00017578125,0.4609375,-0.26953125,9.421875
135,191000000,imu2_frame,-0.024821501631897086,-0.01178090558903091,-0.6088635745697877,0.792798997780863,0.00013671875,0.0040234375,-0.00017578125,0.4609375,-0.26953125,9.421875
135,211000000,imu2_frame,-0.02484445549099626,-0.011787065352523317,-0.6088024162480394,0.7928451526573648,0.00013671875,-0.0018359375,-0.00017578125,0.4609375,-0.26953125,9.421875
135,231000000,imu2_frame,-0.024865987576697286,-0.01179269259797862,-0.6087415932062142,0.7928910945166967,0.00013671875,-0.0018359375,-0.00017578125,0.4609375,-0.26953125,9.46484375
135,251000000,imu2_frame,-0.024871076868821233,-0.01181086931448693,-0.6086817182772076,0.7929366297104249,0.00013671875,-0.0018359375,-0.00017578125,0.4609375,-0.23046875,9.4609375
