timestamp_sec,timestamp_nsec,frame_id,orientation_x,orientation_y,orientation_z,orientation_w,angular_velocity_x,angular_velocity_y,angular_velocity_z,linear_acceleration_x,linear_acceleration_y,linear_acceleration_z
937,324000000,imu2_frame,-0.0042724609375,-0.02801513671875,0.0760498046875,0.9967041015625,0.001953125,0.0,0.0,0.61328125,-0.11328125,9.421875
937,344000000,imu2_frame,-0.0042724609375,-0.02801513671875,0.0760498046875,0.9967041015625,0.0,0.0,0.0,0.61328125,-0.11328125,9.421875
937,364000000,imu2_frame,-0.0042724609375,-0.02801513671875,0.0760498046875,0.9967041015625,0.0,0.0,0.0,0.61328125,-0.078125,9.46484375
937,384000000,imu2_frame,-0.0042724609375,-0.02801513671875,0.0760498046875,0.9967041015625,0.0,0.0,0.0,0.61328125,-0.11328125,9.46484375
937,404000000,imu2_frame,-0.0042724609375,-0.02801513671875,0.0760498046875,0.9967041015625,-0.00390625,0.0,0.0,0.61328125,-0.11328125,9.46484375
937,424000000,imu2_frame,-0.0042724609375,-0.02801513671875,0.0760498046875,0.9967041015625,-0.00390625,0.0,0.0,0.61328125,-0.11328125,9.46484375
937,444000000,imu2_frame,-0.0042724609375,-0.02801513671875,0.0760498046875,0.9967041015625,-0.00390625,0.0,0.0,0.61328125,-0.078125,9.421875
937,464000000,imu2_frame,-0.0042724609375,-0.02801513671875,0.0760498046875,0.9967041015625,-0.00390625,0.0,0.0,0.61328125,-0.078125,9.421875
937,484000000,imu2_frame,-0.0042724609375,-0.02801513671875,0.0760498046875,0.9967041015625,0.0,0.0,0.0,0.61328125,-0.078125,9.421875
937,504000000,imu2_frame,-0.0042724609375,-0.02801513671875,0.0760498046875,0.9967041015625,0.0,0.0,0.0,0.61328125,-0.078125,9.46484375
937,524000000,imu2_frame,-0.0042724609375,-0.02801513671875,0.0760498046875,0.9967041015625,0.0,0.0,0.0,0.61328125,-0.078125,9.46484375
937,544000000,imu2_frame,-0.0042724609375,-0.02801513671875,0.0760498046875,0.9967041015625,0.0,0.0,0.0,0.61328125,-0.078125,9.421875
937,564000000,imu2_frame,-0.0042724609375,-0.02801513671875,0.0760498046875,0.9967041015625,-0.001953125,0.0,-0.001953125,0.61328125,-0.078125,9.421875
937,584000000,imu2_frame,-0.0042724609375,-0.02801513671875,0.0760498046875,0.9967041015625,-0.001953125,0.0,-0.001953125,0.61328125,-0.078125,9.46484375
937,604000000,imu2_frame,-0.0042724609375,-0.02801513671875,0.0760498046875,0.9967041015625,-0.001953125,0.0,-0.001953125,0.61328125,-0.078125,9.46484375
937,624000000,imu2_frame,-0.0042724609375,-0.02801513671875,0.0760498046875,0.9967041015625,-0.001953125,0.0,-0.001953125,0.61328125,-0.078125,9.46484375
937,644000000,imu2_frame,-0.0042724609375,-0.02801513671875,0.0760498046875,0.9967041015625,0.0,0.0,0.0,0.61328125,-0.078125,9.46484375
937,664000000,imu2_frame,-0.0042724609375,-0.02801513671875,0.0760498046875,0.9967041015625,0.0,0.0,0.0,0.61328125,-0.11328125,9.46484375
937,684000000,imu2_frame,-0.0042724609375,-0.02801513671875,0.0760498046875,0.9967041015625,0.0,0.0,0.0,0.61328125,-0.078125,9.421875
937,704000000,imu2_frame,-0.0042724609375,-0.02801513671875,0.0760498046875,0.9967041015625,0.0,0.0,0.0,0.61328125,-0.078125,9.46484375
937,724000000,imu2_frame,-0.0042724609375,-0.02801513671875,0.0760498046875,0.9967041015625,-0.00390625,0.0,-0.001953125,0.61328125,-0.078125,9.46484375
937,744000000,imu2_frame,-0.0042724609375,-0.02801513671875,0.0760498046875,0.9967041015625,0.0,0.0,-0.001953125,0.61328125,-0.078125,9.46484375
937,764000000,imu2_frame,-0.0042724609375,-0.02801513671875,0.0760498046875,0.9967041015625,0.0,0.0,-0.001953125,0.61328125,-0.078125,9.46484375
937,784000000,imu2_frame,-0.0042724609375,-0.02801513671875,0.0760498046875,0.9967041015625,0.0,0.0,-0.001953125,0.61328125,-0.078125,9.46484375
937,804000000,imu2_frame,-0.0042724609375,-0.02801513671875,0.0760498046875,0.9967041015625,-0.001953125,0.0,0.0,0.61328125,-0.078125,9.46484375
937,824000000,imu2_frame,-0.0042724609375,-0.02801513671875,0.0760498046875,0.9967041015625,-0.001953125,0.0,0.0,0.61328125,-0.078125,9.46484375
937,844000000,imu2_frame,-0.0042724609375,-0.02801513671875,0.0760498046875,0.9967041015625,-0.001953125,0.0,0.0,0.61328125,-0.078125,9.46484375
937,864000000,imu2_frame,-0.0042724609375,-0.02801513671875,0.0760498046875,0.9967041015625,-0.001953125,0.0,0.0,0.61328125,-0.11328125,9.421875
937,884000000,imu2_frame,-0.0042724609375,-0.02801513671875,0.0760498046875,0.9967041015625,0.001953125,0.0,0.0,0.61328125,-0.11328125,9.421875
937,904000000,imu2_frame,-0.0042724609375,-0.02801513671875,0.0760498046875,0.9967041015625,0.001953125,0.0,0.0,0.61328125,-0.11328125,9.46484375
937,924000000,imu2_frame,-0.0042724609375,-0.02801513671875,0.0760498046875,0.9967041015625,0.001953125,0.0,0.0,0.61328125,-0.078125,9.46484375
937,944000000,imu2_frame,-0.0042724609375,-0.02801513671875,0.0760498046875,0.9967041015625,0.001953125,0.0,0.0,0.61328125,-0.11328125,9.46484375
937,964000000,imu2_frame,-0.0042724609375,-0.02801513671875,0.0760498046875,0.9967041015625,0.00390625,0.0,0.0,0.61328125,-0.11328125,9.46484375
937,984000000,imu2_frame,-0.0042724609375,-0.02801513671875,0.0760498046875,0.9967041015625,0.00390625,0.0,0.0,0.61328125,-0.078125,9.46484375
938,4000000,imu2_frame,-0.0042724609375,-0.02801513671875,0.0760498046875,0.9967041015625,0.00390625,0.0,0.0,0.57421875,-0.078125,9.4609375
938,24000000,imu2_frame,-0.0042724609375,-0.02801513671875,0.0760498046875,0.9967041015625,0.00390625,0.0,0.0,0.61328125,-0.11328125,9.421875
938,44000000,imu2_frame,-0.0042724609375,-0.02801513671875,0.0760498046875,0.9967041015625,0.0,0.0,0.0,0.61328125,-0.11328125,9.421875
938,64000000,imu2_frame,-0.0042724609375,-0.02801513671875,0.0760498046875,0.9967041015625,0.0,0.0,0.0,0.61328125,-0.11328125,9.421875
938,84000000,imu2_frame,-0.0042724609375,-0.02801513671875,0.0760498046875,0.9967041015625,0.0,0.0,0.0,0.61328125,-0.11328125,9.46484375
938,104000000,imu2_frame,-0.0042724609375,-0.02801513671875,0.0760498046875,0.9967041015625,0.0,0.0,0.0,0.61328125,-0.078125,9.46484375
938,124000000,imu2_frame,-0.0042724609375,-0.02801513671875,0.0760498046875,0.9967041015625,0.0,0.0,-0.001953125,0.61328125,-0.078125,9.46484375
938,144000000,imu2_frame,-0.0042724609375,-0.02801513671875,0.0760498046875,0.9967041015625,0.0,0.0,-0.001953125,0.61328125,-0.078125,9.46484375
938,164000000,imu2_frame,-0.0042724609375,-0.02801513671875,0.0760498046875,0.9967041015625,0.0,0.0,-0.001953125,0.61328125,-0.11328125,9.46484375
938,184000000,imu2_frame,-0.0042724609375,-0.02801513671875,0.0760498046875,0.9967041015625,0.0,0.0,-0.001953125,0.61328125,-0.11328125,9.46484375
938,204000000,imu2_frame,-0.0042724609375,-0.02801513671875,0.0760498046875,0.9967041015625,0.0,0.0,0.0,0.61328125,-0.11328125,9.46484375
938,224000000,imu2_frame,-0.0042724609375,-0.02801513671875,0.0760498046875,0.9967041015625,0.0,0.0,0.0,0.61328125,-0.11328125,9.46484375
938,244000000,imu2_frame,-0.0042724609375,-0.02801513671875,0.0760498046875,0.9967041015625,0.0,0.0,0.0,0.61328125,-0.11328125,9.46484375
938,264000000,imu2_frame,-0.0042724609375,-0.02801513671875,0.0760498046875,0.9967041015625,0.0,0.0,0.0,0.61328125,-0.078125,9.46484375
938,284000000,imu2_frame,-0.0042724609375,-0.02801513671875,0.0760498046875,0.9967041015625,0.0,-0.001953125,-0.0078125,0.61328125,-0.078125,9.46484375
938,304000000,imu2_frame,-0.0042724609375,-0.02801513671875,0.0760498046875,0.9967041015625,0.0,-0.001953125,-0.0078125,0.61328125,-0.11328125,9.421875
938,324000000,imu2_frame,-0.0042724609375,-0.02801513671875,0.0760498046875,0.9967041015625,0.0,-0.001953125,-0.0078125,0.61328125,-0.078125,9.46484375
938,344000000,imu2_frame,-0.0042724609375,-0.02801513671875,0.0760498046875,0.9967041015625,0.0,-0.001953125,-0.0078125,0.61328125,-0.078125,9.46484375
938,364000000,imu2_frame,-0.0042724609375,-0.02801513671875,0.0760498046875,0.9967041015625,-0.001953125,0.001953125,0.0,0.61328125,-0.078125,9.46484375
938,384000000,imu2_frame,-0.0042724609375,-0.02801513671875,0.0760498046875,0.9967041015625,-0.001953125,0.001953125,0.0,0.65234375,-0.11328125,9.46484375
938,404000000,imu2_frame,-0.0042724609375,-0.02801513671875,0.0760498046875,0.9967041015625,-0.001953125,0.001953125,0.0,0.65234375,-0.3046875,9.4609375
938,424000000,imu2_frame,-0.0042724609375,-0.02801513671875,0.0760498046875,0.9967041015625,-0.001953125,0.001953125,0.0,0.84375,-0.61328125,9.46484375
938,444000000,imu2_frame,-0.0042724609375,-0.02801513671875,0.0760498046875,0.9967041015625,-0.0234375,0.009765625,-0.056640625,0.84375,-0.61328125,9.46484375
938,464000000,imu2_frame,-0.0042724609375,-0.02801513671875,0.0760498046875,0.9967041015625,-0.0234375,0.009765625,-0.056640625,0.69140625,-0.23046875,9.421875
938,484000000,imu2_frame,-0.0042724609375,-0.02801513671875,0.0760498046875,0.9967041015625,-0.0234375,0.009765625,-0.056640625,0.7265625,-0.26953125,9.46484375
938,504000000,imu2_frame,-0.0042724609375,-0.02801513671875,0.0760498046875,0.9967041015625,-0.0234375,0.009765625,-0.056640625,0.4609375,0.0390625,9.46484375
938,524000000,imu2_frame,-0.0042724609375,-0.02801513671875,0.0760498046875,0.9967041015625,-0.001953125,0.00390625,-0.04296875,0.4609375,0.0390625,9.46484375
938,544000000,imu2_frame,-0.0042724609375,-0.02801513671875,0.0760498046875,0.9967041015625,-0.001953125,0.00390625,-0.04296875,0.53515625,-0.15234375,9.46484375
938,564000000,imu2_frame,-0.0042724609375,-0.02801513671875,0.0760498046875,0.9967041015625,-0.001953125,0.00390625,-0.04296875,0.61328125,-0.15234375,9.421875
938,584000000,imu2_frame,-0.0042724609375,-0.02801513671875,0.0760498046875,0.9967041015625,-0.001953125,0.00390625,-0.04296875,0.53515625,-0.26953125,9.46484375
938,604000000,imu2_frame,-0.0042724609375,-0.02801513671875,0.0760498046875,0.9967041015625,0.02734375,-0.029296875,-0.03125,0.53515625,-0.26953125,9.46484375
938,624000000,imu2_frame,-0.0042724609375,-0.02801513671875,0.0760498046875,0.9967041015625,0.02734375,-0.029296875,-0.03125,0.61328125,-0.078125,9.46484375
938,644000000,imu2_frame,-0.0042724609375,-0.02801513671875,0.0760498046875,0.9967041015625,0.02734375,-0.029296875,-0.03125,0.4609375,0.0,9.46484375
938,664000000,imu2_frame,-0.0042724609375,-0.02801513671875,0.0760498046875,0.9967041015625,0.02734375,-0.029296875,-0.03125,0.57421875,-0.26953125,9.4609375
938,684000000,imu2_frame,-0.0042724609375,-0.02801513671875,0.0760498046875,0.9967041015625,0.013671875,-0.00390625,-0.033203125,0.57421875,-0.26953125,9.4609375
938,704000000,imu2_frame,-0.0042724609375,-0.02801513671875,0.0760498046875,0.9967041015625,0.013671875,-0.00390625,-0.033203125,0.65234375,-0.26953125,9.421875
938,724000000,imu2_frame,-0.0042724609375,-0.02801513671875,0.0760498046875,0.9967041015625,0.013671875,-0.00390625,-0.033203125,0.53515625,0.11328125,9.50390625
938,744000000,imu2_frame,-0.0042724609375,-0.02801513671875,0.0760498046875,0.9967041015625,0.013671875,-0.00390625,-0.033203125,0.57421875,0.0390625,9.4609375
938,764000000,imu2_frame,-0.0042724609375,-0.02801513671875,0.0760498046875,0.9967041015625,0.03515625,-0.013671875,-0.060546875,0.57421875,0.0390625,9.4609375
938,784000000,imu2_frame,-0.0042724609375,-0.02801513671875,0.0760498046875,0.9967041015625,0.03515625,-0.013671875,-0.060546875,0.53515625,-0.11328125,9.421875
938,804000000,imu2_frame,-0.0042724609375,-0.02801513671875,0.0760498046875,0.9967041015625,0.03515625,-0.013671875,-0.060546875,0.65234375,-0.3828125,9.421875
938,824000000,imu2_frame,-0.0042724609375,-0.02801513671875,0.0760498046875,0.9967041015625,0.03515625,-0.013671875,-0.060546875,0.4609375,0.078125,9.46484375
938,844000000,imu2_frame,-0.0042724609375,-0.02801513671875,0.0760498046875,0.9967041015625,-0.04296875,0.0234375,-0.033203125,0.4609375,0.078125,9.46484375
938,864000000,imu2_frame,-0.0042724609375,-0.02801513671875,0.0760498046875,0.9967041015625,-0.04296875,0.0234375,-0.033203125,0.49609375,-0.11328125,9.50390625
938,884000000,imu2_frame,-0.0042724609375,-0.02801513671875,0.0760498046875,0.9967041015625,-0.04296875,0.0234375,-0.033203125,0.61328125,-0.11328125,9.46484375
938,904000000,imu2_frame,-0.0042724609375,-0.02801513671875,0.0760498046875,0.9967041015625,-0.04296875,0.0234375,-0.033203125,0.65234375,-0.3828125,9.421875
938,924000000,imu2_frame,-0.0042724609375,-0.02801513671875,0.0760498046875,0.9967041015625,-0.0078125,-0.0078125,0.037109375,0.65234375,-0.3828125,9.421875
938,944000000,imu2_frame,-0.0042724609375,-0.02801513671875,0.0760498046875,0.9967041015625,-0.0078125,-0.0078125,0.037109375,0.49609375,0.11328125,9.46484375
938,964000000,imu2_frame,-0.0042724609375,-0.02801513671875,0.0760498046875,0.9967041015625,-0.0078125,-0.0078125,0.037109375,0.61328125,-0.421875,9.4609375
938,984000000,imu2_frame,-0.0042724609375,-0.02801513671875,0.0760498046875,0.9967041015625,-0.0078125,-0.0078125,0.037109375,0.57421875,0.11328125,9.4609375
939,4000000,imu2_frame,-0.0042724609375,-0.02801513671875,0.0760498046875,0.9967041015625,-0.02734375,0.005859375,-0.080078125,0.57421875,0.11328125,9.4609375
939,24000000,imu2_frame,-0.0042724609375,-0.02801513671875,0.0760498046875,0.9967041015625,-0.02734375,0.005859375,-0.080078125,0.57421875,0.11328125,9.4609375
939,44000000,imu2_frame,-0.0042724609375,-0.02801513671875,0.0760498046875,0.9967041015625,-0.02734375,0.005859375,-0.080078125,0.57421875,-0.23046875,9.46484375
939,64000000,imu2_frame,-0.0042724609375,-0.02801513671875,0.0760498046875,0.9967041015625,-0.02734375,0.005859375,-0.080078125,0.7265625,-0.19140625,9.4609375
939,87000000,imu2_frame,-0.0042724609375,-0.02801513671875,0.0760498046875,0.9967041015625,-0.029296875,0.005859375,-0.07421875,0.7265625,-0.19140625,9.4609375
939,104000000,imu2_frame,-0.0042724609375,-0.02801513671875,0.0760498046875,0.9967041015625,-0.029296875,0.005859375,-0.07421875,0.57421875,-0.11328125,9.4609375
939,124000000,imu2_frame,-0.0042724609375,-0.02801513671875,0.0760498046875,0.9967041015625,-0.029296875,0.005859375,-0.07421875,0.57421875,-0.078125,9.4609375
939,144000000,imu2_frame,-0.0042724609375,-0.02801513671875,0.0760498046875,0.9967041015625,-0.029296875,0.005859375,-0.07421875,0.61328125,-0.23046875,9.5
939,164000000,imu2_frame,-0.0042724609375,-0.02801513671875,0.0760498046875,0.9967041015625,-0.029296875,0.013671875,-0.115234375,0.61328125,-0.23046875,9.5
939,184000000,imu2_frame,-0.0042724609375,-0.02801513671875,0.0760498046875,0.9967041015625,-0.029296875,0.013671875,-0.115234375,0.69140625,-0.11328125,9.42578125
939,204000000,imu2_frame,-0.0042724609375,-0.02801513671875,0.0760498046875,0.9967041015625,-0.029296875,0.013671875,-0.115234375,0.65234375,0.0,9.50390625
939,224000000,imu2_frame,-0.0042724609375,-0.02801513671875,0.0760498046875,0.9967041015625,-0.029296875,0.013671875,-0.115234375,0.57421875,0.0390625,9.4609375
939,244000000,imu2_frame,-0.0042724609375,-0.02801513671875,0.0760498046875,0.9967041015625,0.0078125,-0.0078125,-0.07421875,0.57421875,0.0390625,9.4609375
939,264000000,imu2_frame,-0.0042724609375,-0.02801513671875,0.0760498046875,0.9967041015625,0.0078125,-0.0078125,-0.07421875,0.69140625,0.0390625,9.5
939,284000000,imu2_frame,-0.0042724609375,-0.02801513671875,0.0760498046875,0.9967041015625,0.0078125,-0.0078125,-0.07421875,0.61328125,0.0390625,9.46484375
939,304000000,imu2_frame,-0.0042724609375,-0.02801513671875,0.0760498046875,0.9967041015625,0.0078125,-0.0078125,-0.07421875,0.7265625,-0.15234375,9.50390625
939,324000000,imu2_frame,-0.0042724609375,-0.02801513671875,0.0760498046875,0.9967041015625,-0.029296875,0.021484375,-0.044921875,0.7265625,-0.15234375,9.50390625
939,344000000,imu2_frame,-0.0042724609375,-0.02801513671875,0.0760498046875,0.9967041015625,-0.029296875,0.021484375,-0.044921875,0.69140625,-0.19140625,9.421875
939,364000000,imu2_frame,-0.0042724609375,-0.02801513671875,0.0760498046875,0.9967041015625,-0.029296875,0.021484375,-0.044921875,0.57421875,-0.078125,9.4609375
939,384000000,imu2_frame,-0.0042724609375,-0.02801513671875,0.0760498046875,0.9967041015625,-0.029296875,0.021484375,-0.044921875,0.65234375,-0.19140625,9.4609375
939,404000000,imu2_frame,-0.0042724609375,-0.02801513671875,0.0760498046875,0.9967041015625,0.0078125,0.005859375,-0.06640625,0.65234375,-0.19140625,9.4609375
939,424000000,imu2_frame,-0.0042724609375,-0.02801513671875,0.0760498046875,0.9967041015625,0.0078125,0.005859375,-0.06640625,0.61328125,-0.15234375,9.50390625
939,444000000,imu2_frame,-0.0042724609375,-0.02801513671875,0.0760498046875,0.9967041015625,0.0078125,0.005859375,-0.06640625,0.69140625,0.26953125,9.4609375
939,464000000,imu2_frame,-0.0042724609375,-0.02801513671875,0.0760498046875,0.9967041015625,0.0078125,0.005859375,-0.06640625,0.69140625,-0.3046875,9.421875
939,484000000,imu2_frame,-0.0042724609375,-0.02801513671875,0.0760498046875,0.9967041015625,-0.005859375,0.00390625,-0.0703125,0.69140625,-0.3046875,9.421875
939,504000000,imu2_frame,-0.0042724609375,-0.02801513671875,0.0760498046875,0.9967041015625,-0.005859375,0.00390625,-0.0703125,0.65234375,-0.15234375,9.46484375
939,524000000,imu2_frame,-0.0042724609375,-0.02801513671875,0.0760498046875,0.9967041015625,-0.005859375,0.00390625,-0.0703125,0.65234375,0.0,9.46484375
939,544000000,imu2_frame,-0.0042724609375,-0.02801513671875,0.0760498046875,0.9967041015625,-0.005859375,0.00390625,-0.0703125,0.65234375,0.0,9.46484375
939,564000000,imu2_frame,-0.0042724609375,-0.02801513671875,0.0760498046875,0.9967041015625,0.001953125,0.001953125,-0.05078125,0.65234375,0.0,9.46484375
939,584000000,imu2_frame,-0.0042724609375,-0.02801513671875,0.0760498046875,0.9967041015625,0.001953125,0.001953125,-0.05078125,0.65234375,-0.078125,9.46484375
939,604000000,imu2_frame,-0.0042724609375,-0.02801513671875,0.0760498046875,0.9967041015625,0.001953125,0.001953125,-0.05078125,0.65234375,-0.11328125,9.46484375
939,624000000,imu2_frame,-0.0042724609375,-0.02801513671875,0.0760498046875,0.9967041015625,0.001953125,0.001953125,-0.05078125,0.65234375,-0.078125,9.46484375
939,644000000,imu2_frame,-0.0042724609375,-0.02801513671875,0.0760498046875,0.9967041015625,0.0,0.001953125,0.0078125,0.65234375,-0.078125,9.46484375
939,664000000,imu2_frame,-0.0042724609375,-0.02801513671875,0.0760498046875,0.9967041015625,0.0,0.001953125,0.0078125,0.57421875,-0.23046875,9.46484375
939,684000000,imu2_frame,-0.0042724609375,-0.02801513671875,0.0760498046875,0.9967041015625,0.0,0.001953125,0.0078125,0.61328125,-0.61328125,9.46484375
939,704000000,imu2_frame,-0.0042724609375,-0.02801513671875,0.0760498046875,0.9967041015625,0.0,0.001953125,0.0078125,0.69140625,-0.57421875,9.46484375
939,724000000,imu2_frame,-0.0042724609375,-0.02801513671875,0.0760498046875,0.9967041015625,0.001953125,0.005859375,-0.17578125,0.69140625,-0.57421875,9.46484375
939,744000000,imu2_frame,-0.0042724609375,-0.02801513671875,0.0760498046875,0.9967041015625,0.001953125,0.005859375,-0.17578125,0.61328125,-0.34375,9.421875
939,764000000,imu2_frame,-0.0042724609375,-0.02801513671875,0.0760498046875,0.9967041015625,0.001953125,0.005859375,-0.17578125,0.57421875,-0.26953125,9.42578125
939,784000000,imu2_frame,-0.0042724609375,-0.02801513671875,0.0760498046875,0.9967041015625,0.001953125,0.005859375,-0.17578125,0.61328125,-0.15234375,9.50390625
939,804000000,imu2_frame,-0.0042724609375,-0.02801513671875,0.0760498046875,0.9967041015625,0.0,0.01953125,-0.1015625,0.61328125,-0.15234375,9.50390625
939,824000000,imu2_frame,-0.0042724609375,-0.02801513671875,0.0760498046875,0.9967041015625,0.0,0.01953125,-0.1015625,0.53515625,-0.421875,9.42578125
939,844000000,imu2_frame,-0.0042724609375,-0.02801513671875,0.0760498046875,0.9967041015625,0.0,0.01953125,-0.1015625,0.57421875,-0.19140625,9.46484375
939,864000000,imu2_frame,-0.0042724609375,-0.02801513671875,0.0760498046875,0.9967041015625,0.0,0.01953125,-0.1015625,0.57421875,-0.078125,9.42578125
939,884000000,imu2_frame,-0.0042724609375,-0.02801513671875,0.0760498046875,0.9967041015625,0.037109375,-0.046875,-0.0859375,0.57421875,-0.078125,9.42578125
939,904000000,imu2_frame,-0.0042724609375,-0.02801513671875,0.0760498046875,0.9967041015625,0.037109375,-0.046875,-0.0859375,0.53515625,0.078125,9.421875
939,924000000,imu2_frame,-0.0042724609375,-0.02801513671875,0.0760498046875,0.9967041015625,0.037109375,-0.046875,-0.0859375,0.65234375,0.0390625,9.50390625
939,944000000,imu2_frame,-0.0042724609375,-0.02801513671875,0.0760498046875,0.9967041015625,0.037109375,-0.046875,-0.0859375,0.61328125,-0.23046875,9.42578125
939,964000000,imu2_frame,-0.0042724609375,-0.02801513671875,0.0760498046875,0.9967041015625,-0.02734375,-0.0390625,-0.017578125,0.61328125,-0.23046875,9.42578125
939,984000000,imu2_frame,-0.0042724609375,-0.02801513671875,0.0760498046875,0.9967041015625,-0.02734375,-0.0390625,-0.017578125,0.53515625,0.49609375,9.46484375
940,4000000,imu2_frame,-0.0042724609375,-0.02801513671875,0.0760498046875,0.9967041015625,-0.02734375,-0.0390625,-0.017578125,0.65234375,-0.11328125,9.46484375
940,24000000,imu2_frame,-0.0042724609375,-0.02801513671875,0.0760498046875,0.9967041015625,-0.02734375,-0.0390625,-0.017578125,0.53515625,0.0,9.46484375
940,44000000,imu2_frame,-0.0042724609375,-0.02801513671875,0.0760498046875,0.9967041015625,-0.02734375,-0.0390625,-0.017578125,0.57421875,-0.078125,9.4609375
940,64000000,imu2_frame,-0.0042724609375,-0.02801513671875,0.0760498046875,0.9967041015625,-0.02734375,-0.0390625,-0.017578125,0.69140625,-0.15234375,9.4609375
940,84000000,imu2_frame,-0.0042724609375,-0.02801513671875,0.0760498046875,0.9967041015625,-0.02734375,-0.0390625,-0.017578125,0.69140625,-0.3046875,9.46484375
940,104000000,imu2_frame,-0.0042724609375,-0.02801513671875,0.0760498046875,0.9967041015625,-0.02734375,-0.0390625,-0.017578125,0.4609375,0.53515625,9.46484375
940,124000000,imu2_frame,-0.0042724609375,-0.02801513671875,0.0760498046875,0.9967041015625,-0.017578125,-0.025390625,-0.224609375,0.4609375,0.53515625,9.46484375
940,144000000,imu2_frame,-0.0042724609375,-0.02801513671875,0.0760498046875,0.9967041015625,-0.017578125,-0.025390625,-0.224609375,0.61328125,0.0,9.421875
940,164000000,imu2_frame,-0.0042724609375,-0.02801513671875,0.0760498046875,0.9967041015625,-0.017578125,-0.025390625,-0.224609375,0.49609375,-0.11328125,9.46484375
940,184000000,imu2_frame,-0.0042724609375,-0.02801513671875,0.0760498046875,0.9967041015625,-0.017578125,-0.025390625,-0.224609375,0.57421875,-0.3046875,9.46484375
940,204000000,imu2_frame,-0.0042724609375,-0.02801513671875,0.0760498046875,0.9967041015625,-0.001953125,0.02734375,-0.26953125,0.57421875,-0.3046875,9.46484375
940,224000000,imu2_frame,-0.0042724609375,-0.02801513671875,0.0760498046875,0.9967041015625,-0.001953125,0.02734375,-0.26953125,0.4609375,0.3046875,9.4609375
940,244000000,imu2_frame,-0.0042724609375,-0.02801513671875,0.0760498046875,0.9967041015625,-0.001953125,0.02734375,-0.26953125,0.53515625,-0.53515625,9.50390625
940,264000000,imu2_frame,-0.0042724609375,-0.02801513671875,0.0760498046875,0.9967041015625,-0.001953125,0.02734375,-0.26953125,0.69140625,-0.34375,9.4609375
940,284000000,imu2_frame,-0.0042724609375,-0.02801513671875,0.0760498046875,0.9967041015625,-0.05859375,0.052734375,-0.212890625,0.69140625,-0.34375,9.4609375
940,304000000,imu2_frame,-0.0042724609375,-0.02801513671875,0.0760498046875,0.9967041015625,-0.05859375,0.052734375,-0.212890625,0.61328125,-0.26953125,9.46484375
940,324000000,imu2_frame,-0.0042724609375,-0.02801513671875,0.0760498046875,0.9967041015625,-0.05859375,0.052734375,-0.212890625,0.53515625,-0.078125,9.421875
940,344000000,imu2_frame,-0.0042724609375,-0.02801513671875,0.0760498046875,0.9967041015625,-0.05859375,0.052734375,-0.212890625,0.65234375,-0.19140625,9.4609375
940,364000000,imu2_frame,-0.0042724609375,-0.02801513671875,0.0760498046875,0.9967041015625,0.017578125,0.0,-0.11328125,0.65234375,-0.19140625,9.4609375
940,384000000,imu2_frame,-0.0042724609375,-0.02801513671875,0.0760498046875,0.9967041015625,0.017578125,0.0,-0.11328125,0.61328125,-0.0390625,9.421875
940,404000000,imu2_frame,-0.0042724609375,-0.02801513671875,0.0760498046875,0.9967041015625,0.017578125,0.0,-0.11328125,0.49609375,0.3828125,9.50390625
940,424000000,imu2_frame,-0.0042724609375,-0.02801513671875,0.0760498046875,0.9967041015625,0.017578125,0.0,-0.11328125,0.7265625,0.11328125,9.46484375
940,444000000,imu2_frame,-0.0042724609375,-0.02801513671875,0.0760498046875,0.9967041015625,0.02734375,0.013671875,-0.1953125,0.7265625,0.11328125,9.46484375
940,464000000,imu2_frame,-0.0042724609375,-0.02801513671875,0.0760498046875,0.9967041015625,0.02734375,0.013671875,-0.1953125,0.49609375,0.23046875,9.4609375
940,484000000,imu2_frame,-0.0042724609375,-0.02801513671875,0.0760498046875,0.9967041015625,0.02734375,0.013671875,-0.1953125,0.61328125,0.15234375,9.46484375
940,504000000,imu2_frame,-0.0042724609375,-0.02801513671875,0.0760498046875,0.9967041015625,0.02734375,0.013671875,-0.1953125,0.65234375,0.19140625,9.4609375
940,524000000,imu2_frame,-0.0042724609375,-0.02801513671875,0.0760498046875,0.9967041015625,-0.01953125,0.005859375,-0.056640625,0.65234375,0.19140625,9.4609375
940,544000000,imu2_frame,-0.0042724609375,-0.02801513671875,0.0760498046875,0.9967041015625,-0.01953125,0.005859375,-0.056640625,0.61328125,0.0390625,9.46484375
940,564000000,imu2_frame,-0.0042724609375,-0.02801513671875,0.0760498046875,0.9967041015625,-0.01953125,0.005859375,-0.056640625,0.61328125,-0.15234375,9.46484375
940,584000000,imu2_frame,-0.0042724609375,-0.02801513671875,0.0760498046875,0.9967041015625,-0.01953125,0.005859375,-0.056640625,0.65234375,-0.19140625,9.4609375
940,604000000,imu2_frame,-0.0042724609375,-0.02801513671875,0.0760498046875,0.9967041015625,-0.00390625,0.017578125,-0.134765625,0.65234375,-0.19140625,9.4609375
940,624000000,imu2_frame,-0.0042724609375,-0.02801513671875,0.0760498046875,0.9967041015625,-0.00390625,0.017578125,-0.134765625,0.53515625,-0.15234375,9.46484375
940,644000000,imu2_frame,-0.0042724609375,-0.02801513671875,0.0760498046875,0.9967041015625,-0.00390625,0.017578125,-0.134765625,0.53515625,-0.0390625,9.46484375
940,664000000,imu2_frame,-0.0042724609375,-0.02801513671875,0.0760498046875,0.9967041015625,-0.00390625,0.017578125,-0.134765625,0.61328125,-0.34375,9.46484375
940,684000000,imu2_frame,-0.0042724609375,-0.02801513671875,0.0760498046875,0.9967041015625,0.0,0.0,-0.1484375,0.61328125,-0.34375,9.46484375
940,704000000,imu2_frame,-0.0042724609375,-0.02801513671875,0.0760498046875,0.9967041015625,0.0,0.0,-0.1484375,0.7265625,-0.23046875,9.4609375
940,724000000,imu2_frame,-0.0042724609375,-0.02801513671875,0.0760498046875,0.9967041015625,0.0,0.0,-0.1484375,0.65234375,-0.26953125,9.46484375
940,744000000,imu2_frame,-0.0042724609375,-0.02801513671875,0.0760498046875,0.9967041015625,0.0,0.0,-0.1484375,0.61328125,-0.19140625,9.4609375
940,764000000,imu2_frame,-0.0042724609375,-0.02801513671875,0.0760498046875,0.9967041015625,-0.013671875,0.009765625,-0.1015625,0.61328125,-0.19140625,9.4609375
940,784000000,imu2_frame,-0.0042724609375,-0.02801513671875,0.0760498046875,0.9967041015625,0.015625,-0.033203125,-0.18359375,0.61328125,-0.19140625,9.4609375
940,804000000,imu2_frame,-0.0042724609375,-0.02801513671875,0.0760498046875,0.9967041015625,0.015625,-0.033203125,-0.18359375,0.61328125,-0.11328125,9.421875
940,824000000,imu2_frame,-0.0042724609375,-0.02801513671875,0.0760498046875,0.9967041015625,0.015625,-0.033203125,-0.18359375,0.65234375,-0.15234375,9.46484375
940,844000000,imu2_frame,-0.0042724609375,-0.02801513671875,0.0760498046875,0.9967041015625,0.00390625,-0.013671875,-0.068359375,0.65234375,-0.15234375,9.46484375
940,864000000,imu2_frame,-0.0042724609375,-0.02801513671875,0.0760498046875,0.9967041015625,0.00390625,-0.013671875,-0.068359375,0.61328125,0.11328125,9.50390625
940,884000000,imu2_frame,-0.0042724609375,-0.02801513671875,0.0760498046875,0.9967041015625,0.00390625,-0.013671875,-0.068359375,0.7265625,-0.11328125,9.46484375
940,904000000,imu2_frame,-0.0042724609375,-0.02801513671875,0.0760498046875,0.9967041015625,0.00390625,-0.013671875,-0.068359375,0.65234375,-0.421875,9.42578125
940,924000000,imu2_frame,-0.0042724609375,-0.02801513671875,0.0760498046875,0.9967041015625,-0.005859375,-0.01171875,-0.0390625,0.65234375,-0.421875,9.42578125
940,944000000,imu2_frame,-0.0042724609375,-0.02801513671875,0.0760498046875,0.9967041015625,-0.005859375,-0.01171875,-0.0390625,0.49609375,0.23046875,9.5
940,964000000,imu2_frame,-0.0042724609375,-0.02801513671875,0.0760498046875,0.9967041015625,-0.005859375,-0.01171875,-0.0390625,0.69140625,-0.19140625,9.421875
940,984000000,imu2_frame,-0.0042724609375,-0.02801513671875,0.0760498046875,0.9967041015625,-0.005859375,-0.01171875,-0.0390625,0.53515625,-0.15234375,9.421875
941,4000000,imu2_frame,-0.0042724609375,-0.02801513671875,0.0760498046875,0.9967041015625,0.01953125,-0.00390625,-0.140625,0.53515625,-0.15234375,9.421875
941,24000000,imu2_frame,-0.0042724609375,-0.02801513671875,0.0760498046875,0.9967041015625,0.01953125,-0.00390625,-0.140625,0.57421875,-0.26953125,9.4609375
941,44000000,imu2_frame,-0.0042724609375,-0.02801513671875,0.0760498046875,0.9967041015625,0.01953125,-0.00390625,-0.140625,0.57421875,0.19140625,9.50390625
941,64000000,imu2_frame,-0.0042724609375,-0.02801513671875,0.0760498046875,0.9967041015625,0.01953125,-0.00390625,-0.140625,0.65234375,-0.4609375,9.46484375
941,88000000,imu2_frame,-0.0042724609375,-0.02801513671875,0.0760498046875,0.9967041015625,0.01171875,0.03515625,-0.171875,0.65234375,-0.4609375,9.46484375
941,104000000,imu2_frame,-0.0042724609375,-0.02801513671875,0.0760498046875,0.9967041015625,0.01171875,0.03515625,-0.171875,0.53515625,-0.078125,9.421875
941,124000000,imu2_frame,-0.0042724609375,-0.02801513671875,0.0760498046875,0.9967041015625,0.01171875,0.03515625,-0.171875,0.65234375,-0.23046875,9.42578125
941,144000000,imu2_frame,-0.0042724609375,-0.02801513671875,0.0760498046875,0.9967041015625,0.01171875,0.03515625,-0.171875,0.57421875,-0.3046875,9.421875
941,164000000,imu2_frame,-0.0042724609375,-0.02801513671875,0.0760498046875,0.9967041015625,-0.015625,0.03515625,-0.2265625,0.57421875,-0.3046875,9.421875
941,184000000,imu2_frame,-0.0042724609375,-0.02801513671875,0.0760498046875,0.9967041015625,-0.015625,0.03515625,-0.2265625,0.53515625,-0.078125,9.421875
941,204000000,imu2_frame,-0.0042724609375,-0.02801513671875,0.0760498046875,0.9967041015625,-0.015625,0.03515625,-0.2265625,0.57421875,0.078125,9.4609375
941,224000000,imu2_frame,-0.0042724609375,-0.02801513671875,0.0760498046875,0.9967041015625,-0.015625,0.03515625,-0.2265625,0.53515625,-0.078125,9.46484375
941,244000000,imu2_frame,-0.0042724609375,-0.02801513671875,0.0760498046875,0.9967041015625,0.01171875,0.0,-0.091796875,0.53515625,-0.078125,9.46484375
941,264000000,imu2_frame,-0.0042724609375,-0.02801513671875,0.0760498046875,0.9967041015625,0.01171875,0.0,-0.091796875,0.57421875,0.0,9.42578125
941,284000000,imu2_frame,-0.0042724609375,-0.02801513671875,0.0760498046875,0.9967041015625,0.01171875,0.0,-0.091796875,0.65234375,-0.421875,9.5
941,304000000,imu2_frame,-0.0042724609375,-0.02801513671875,0.0760498046875,0.9967041015625,0.01171875,0.0,-0.091796875,0.49609375,0.26953125,9.46484375
941,324000000,imu2_frame,-0.0042724609375,-0.02801513671875,0.0760498046875,0.9967041015625,0.021484375,0.005859375,-0.001953125,0.49609375,0.26953125,9.46484375
941,344000000,imu2_frame,-0.0042724609375,-0.02801513671875,0.0760498046875,0.9967041015625,0.021484375,0.005859375,-0.001953125,0.57421875,0.0,9.42578125
941,364000000,imu2_frame,-0.0042724609375,-0.02801513671875,0.0760498046875,0.9967041015625,0.021484375,0.005859375,-0.001953125,0.53515625,0.15234375,9.46484375
941,384000000,imu2_frame,-0.0042724609375,-0.02801513671875,0.0760498046875,0.9967041015625,0.021484375,0.005859375,-0.001953125,0.61328125,-0.3046875,9.5
941,404000000,imu2_frame,-0.0042724609375,-0.02801513671875,0.0760498046875,0.9967041015625,-0.0234375,0.017578125,-0.0703125,0.61328125,-0.3046875,9.5
941,424000000,imu2_frame,-0.0042724609375,-0.02801513671875,0.0760498046875,0.9967041015625,-0.0234375,0.017578125,-0.0703125,0.65234375,-0.19140625,9.4609375
941,444000000,imu2_frame,-0.0042724609375,-0.02801513671875,0.0760498046875,0.9967041015625,-0.0234375,0.017578125,-0.0703125,0.65234375,-0.26953125,9.46484375
941,464000000,imu2_frame,-0.0042724609375,-0.02801513671875,0.0760498046875,0.9967041015625,-0.0234375,0.017578125,-0.0703125,0.421875,0.19140625,9.50390625
941,484000000,imu2_frame,-0.0042724609375,-0.02801513671875,0.0760498046875,0.9967041015625,-0.017578125,0.00390625,-0.07421875,0.421875,0.19140625,9.50390625
941,504000000,imu2_frame,-0.0042724609375,-0.02801513671875,0.0760498046875,0.9967041015625,-0.017578125,0.00390625,-0.07421875,0.49609375,0.19140625,9.4609375
941,524000000,imu2_frame,-0.0042724609375,-0.02801513671875,0.0760498046875,0.9967041015625,-0.017578125,0.00390625,-0.07421875,0.69140625,-0.57421875,9.46484375
941,544000000,imu2_frame,-0.0042724609375,-0.02801513671875,0.0760498046875,0.9967041015625,-0.017578125,0.00390625,-0.07421875,0.4609375,0.0,9.46484375
941,564000000,imu2_frame,-0.0042724609375,-0.02801513671875,0.0760498046875,0.9967041015625,0.0234375,-0.02734375,-0.06640625,0.4609375,0.0,9.46484375
941,584000000,imu2_frame,-0.0042724609375,-0.02801513671875,0.0760498046875,0.9967041015625,0.0234375,-0.02734375,-0.06640625,0.421875,0.23046875,9.46484375
941,604000000,imu2_frame,-0.0042724609375,-0.02801513671875,0.0760498046875,0.9967041015625,0.0234375,-0.02734375,-0.06640625,0.65234375,-0.4609375,9.46484375
941,624000000,imu2_frame,-0.0042724609375,-0.02801513671875,0.0760498046875,0.9967041015625,0.0234375,-0.02734375,-0.06640625,0.3828125,0.3828125,9.46484375
941,644000000,imu2_frame,-0.0042724609375,-0.02801513671875,0.0760498046875,0.9967041015625,-0.017578125,0.0078125,-0.060546875,0.3828125,0.3828125,9.46484375
941,664000000,imu2_frame,-0.0042724609375,-0.02801513671875,0.0760498046875,0.9967041015625,-0.017578125,0.0078125,-0.060546875,0.57421875,-0.11328125,9.42578125
941,684000000,imu2_frame,-0.0042724609375,-0.02801513671875,0.0760498046875,0.9967041015625,-0.017578125,0.0078125,-0.060546875,0.49609375,0.078125,9.46484375
941,704000000,imu2_frame,-0.0042724609375,-0.02801513671875,0.0760498046875,0.9967041015625,-0.017578125,0.0078125,-0.060546875,0.65234375,-0.53515625,9.46484375
941,724000000,imu2_frame,-0.0042724609375,-0.02801513671875,0.0760498046875,0.9967041015625,-0.001953125,0.0,0.048828125,0.65234375,-0.53515625,9.46484375
941,744000000,imu2_frame,-0.0042724609375,-0.02801513671875,0.0760498046875,0.9967041015625,-0.001953125,0.0,0.048828125,0.57421875,0.11328125,9.4609375
941,764000000,imu2_frame,-0.0042724609375,-0.02801513671875,0.0760498046875,0.9967041015625,-0.001953125,0.0,0.048828125,0.53515625,-0.19140625,9.4609375
941,784000000,imu2_frame,-0.0042724609375,-0.02801513671875,0.0760498046875,0.9967041015625,-0.001953125,0.0,0.048828125,0.7265625,-0.49609375,9.421875
941,804000000,imu2_frame,-0.0042724609375,-0.02801513671875,0.0760498046875,0.9967041015625,0.01171875,0.005859375,-0.06640625,0.7265625,-0.49609375,9.421875
941,824000000,imu2_frame,-0.0042724609375,-0.02801513671875,0.0760498046875,0.9967041015625,0.01171875,0.005859375,-0.06640625,0.765625,-0.53515625,9.42578125
941,844000000,imu2_frame,-0.0042724609375,-0.02801513671875,0.0760498046875,0.9967041015625,0.01171875,0.005859375,-0.06640625,0.3828125,0.19140625,9.4609375
941,864000000,imu2_frame,-0.0042724609375,-0.02801513671875,0.0760498046875,0.9967041015625,0.01171875,0.005859375,-0.06640625,0.61328125,0.0,9.50390625
941,884000000,imu2_frame,-0.0042724609375,-0.02801513671875,0.0760498046875,0.9967041015625,-0.0078125,-0.0078125,-0.03515625,0.61328125,0.0,9.50390625
941,904000000,imu2_frame,-0.0042724609375,-0.02801513671875,0.0760498046875,0.9967041015625,-0.0078125,-0.0078125,-0.03515625,0.61328125,0.0,9.421875
941,924000000,imu2_frame,-0.0042724609375,-0.02801513671875,0.0760498046875,0.9967041015625,-0.0078125,-0.0078125,-0.03515625,0.57421875,0.11328125,9.42578125
941,944000000,imu2_frame,-0.0042724609375,-0.02801513671875,0.0760498046875,0.9967041015625,-0.0078125,-0.0078125,-0.03515625,0.69140625,-0.34375,9.4609375
941,964000000,imu2_frame,-0.0042724609375,-0.02801513671875,0.0760498046875,0.9967041015625,-0.01953125,0.025390625,-0.13671875,0.69140625,-0.34375,9.4609375
941,984000000,imu2_frame,-0.0042724609375,-0.02801513671875,0.0760498046875,0.9967041015625,-0.01953125,0.025390625,-0.13671875,0.65234375,-0.26953125,9.421875
942,4000000,imu2_frame,-0.0042724609375,-0.02801513671875,0.0760498046875,0.9967041015625,-0.01953125,0.025390625,-0.13671875,0.69140625,-0.421875,9.50390625
942,24000000,imu2_frame,-0.0042724609375,-0.02801513671875,0.0760498046875,0.9967041015625,-0.01953125,0.025390625,-0.13671875,0.3828125,0.23046875,9.42578125
942,44000000,imu2_frame,-0.0042724609375,-0.02801513671875,0.0760498046875,0.9967041015625,0.013671875,0.0078125,-0.109375,0.3828125,0.23046875,9.42578125
942,64000000,imu2_frame,-0.0042724609375,-0.02801513671875,0.0760498046875,0.9967041015625,0.013671875,0.0078125,-0.109375,0.4609375,0.3828125,9.46484375
942,84000000,imu2_frame,-0.0042724609375,-0.02801513671875,0.0760498046875,0.9967041015625,0.013671875,0.0078125,-0.109375,0.49609375,-0.078125,9.46484375
942,104000000,imu2_frame,-0.0042724609375,-0.02801513671875,0.0760498046875,0.9967041015625,0.013671875,0.0078125,-0.109375,0.57421875,-0.26953125,9.5
942,124000000,imu2_frame,-0.0042724609375,-0.02801513671875,0.0760498046875,0.9967041015625,0.041015625,-0.01953125,-0.068359375,0.57421875,-0.26953125,9.5
942,144000000,imu2_frame,-0.0042724609375,-0.02801513671875,0.0760498046875,0.9967041015625,0.041015625,-0.01953125,-0.068359375,0.61328125,0.0,9.421875
942,164000000,imu2_frame,-0.0042724609375,-0.02801513671875,0.0760498046875,0.9967041015625,0.041015625,-0.01953125,-0.068359375,0.53515625,0.0390625,9.46484375
942,184000000,imu2_frame,-0.0042724609375,-0.02801513671875,0.0760498046875,0.9967041015625,0.041015625,-0.01953125,-0.068359375,0.61328125,-0.0390625,9.46484375
942,204000000,imu2_frame,-0.0042724609375,-0.02801513671875,0.0760498046875,0.9967041015625,0.001953125,0.01953125,-0.046875,0.61328125,-0.0390625,9.46484375
942,224000000,imu2_frame,-0.0042724609375,-0.02801513671875,0.0760498046875,0.9967041015625,0.001953125,0.01953125,-0.046875,0.53515625,-0.26953125,9.46484375
942,244000000,imu2_frame,-0.0042724609375,-0.02801513671875,0.0760498046875,0.9967041015625,0.001953125,0.01953125,-0.046875,0.53515625,0.0390625,9.46484375
942,264000000,imu2_frame,-0.0042724609375,-0.02801513671875,0.0760498046875,0.9967041015625,0.001953125,0.01953125,-0.046875,0.65234375,-0.421875,9.42578125
942,284000000,imu2_frame,-0.0042724609375,-0.02801513671875,0.0760498046875,0.9967041015625,-0.041015625,0.017578125,-0.05078125,0.65234375,-0.421875,9.42578125
942,304000000,imu2_frame,-0.0042724609375,-0.02801513671875,0.0760498046875,0.9967041015625,-0.041015625,0.017578125,-0.05078125,0.53515625,0.15234375,9.46484375
942,324000000,imu2_frame,-0.0042724609375,-0.02801513671875,0.0760498046875,0.9967041015625,-0.041015625,0.017578125,-0.05078125,0.53515625,0.23046875,9.42578125
942,344000000,imu2_frame,-0.0042724609375,-0.02801513671875,0.0760498046875,0.9967041015625,-0.041015625,0.017578125,-0.05078125,0.61328125,-0.15234375,9.46484375
942,364000000,imu2_frame,-0.0042724609375,-0.02801513671875,0.0760498046875,0.9967041015625,-0.00390625,0.033203125,-0.1171875,0.61328125,-0.15234375,9.46484375
942,384000000,imu2_frame,-0.0042724609375,-0.02801513671875,0.0760498046875,0.9967041015625,-0.00390625,0.033203125,-0.1171875,0.57421875,-0.26953125,9.4609375
942,404000000,imu2_frame,-0.0042724609375,-0.02801513671875,0.0760498046875,0.9967041015625,-0.00390625,0.033203125,-0.1171875,0.53515625,0.15234375,9.46484375
942,424000000,imu2_frame,-0.0042724609375,-0.02801513671875,0.0760498046875,0.9967041015625,-0.00390625,0.033203125,-0.1171875,0.61328125,-0.421875,9.4609375
942,444000000,imu2_frame,-0.0042724609375,-0.02801513671875,0.0760498046875,0.9967041015625,-0.005859375,-0.015625,-0.025390625,0.61328125,-0.421875,9.4609375
942,464000000,imu2_frame,-0.0042724609375,-0.02801513671875,0.0760498046875,0.9967041015625,-0.005859375,-0.015625,-0.025390625,0.57421875,-0.23046875,9.421875
942,484000000,imu2_frame,-0.0042724609375,-0.02801513671875,0.0760498046875,0.9967041015625,-0.005859375,-0.015625,-0.025390625,0.49609375,-0.11328125,9.46484375
942,504000000,imu2_frame,-0.0042724609375,-0.02801513671875,0.0760498046875,0.9967041015625,-0.005859375,-0.015625,-0.025390625,0.57421875,-0.19140625,9.46484375
942,524000000,imu2_frame,-0.0042724609375,-0.02801513671875,0.0760498046875,0.9967041015625,0.041015625,0.013671875,0.109375,0.57421875,-0.19140625,9.46484375
942,544000000,imu2_frame,-0.0042724609375,-0.02801513671875,0.0760498046875,0.9967041015625,0.041015625,0.013671875,0.109375,0.7265625,0.078125,9.421875
942,564000000,imu2_frame,-0.0042724609375,-0.02801513671875,0.0760498046875,0.9967041015625,0.041015625,0.013671875,0.109375,0.57421875,-0.15234375,9.42578125
942,584000000,imu2_frame,-0.0042724609375,-0.02801513671875,0.0760498046875,0.9967041015625,0.041015625,0.013671875,0.109375,0.4609375,0.3046875,9.5
942,604000000,imu2_frame,-0.0042724609375,-0.02801513671875,0.0760498046875,0.9967041015625,-0.025390625,0.005859375,-0.0390625,0.4609375,0.3046875,9.5
942,624000000,imu2_frame,-0.0042724609375,-0.02801513671875,0.0760498046875,0.9967041015625,-0.025390625,0.005859375,-0.0390625,0.4609375,-0.15234375,9.50390625
942,644000000,imu2_frame,-0.0042724609375,-0.02801513671875,0.0760498046875,0.9967041015625,-0.025390625,0.005859375,-0.0390625,0.65234375,-0.4609375,9.46484375
942,664000000,imu2_frame,-0.0042724609375,-0.02801513671875,0.0760498046875,0.9967041015625,-0.025390625,0.005859375,-0.0390625,0.3828125,0.15234375,9.421875
942,684000000,imu2_frame,-0.0042724609375,-0.02801513671875,0.0760498046875,0.9967041015625,0.005859375,0.0,-0.0625,0.3828125,0.15234375,9.421875
942,704000000,imu2_frame,-0.0042724609375,-0.02801513671875,0.0760498046875,0.9967041015625,0.005859375,0.0,-0.0625,0.65234375,0.078125,9.46484375
942,724000000,imu2_frame,-0.0042724609375,-0.02801513671875,0.0760498046875,0.9967041015625,0.005859375,0.0,-0.0625,0.57421875,-0.0390625,9.4609375
942,744000000,imu2_frame,-0.0042724609375,-0.02801513671875,0.0760498046875,0.9967041015625,0.005859375,0.0,-0.0625,0.65234375,0.0390625,9.46484375
942,764000000,imu2_frame,-0.0042724609375,-0.02801513671875,0.0760498046875,0.9967041015625,-0.01171875,-0.0078125,-0.115234375,0.65234375,0.0390625,9.46484375
942,784000000,imu2_frame,-0.0042724609375,-0.02801513671875,0.0760498046875,0.9967041015625,-0.01171875,-0.0078125,-0.115234375,0.49609375,-0.15234375,9.50390625
942,804000000,imu2_frame,-0.0042724609375,-0.02801513671875,0.0760498046875,0.9967041015625,-0.01171875,-0.0078125,-0.115234375,0.53515625,-0.26953125,9.46484375
942,824000000,imu2_frame,-0.0042724609375,-0.02801513671875,0.0760498046875,0.9967041015625,-0.01171875,-0.0078125,-0.115234375,0.53515625,0.0,9.46484375
942,844000000,imu2_frame,-0.0042724609375,-0.02801513671875,0.0760498046875,0.9967041015625,-0.013671875,0.0078125,-0.0390625,0.53515625,0.0,9.46484375
942,864000000,imu2_frame,-0.0042724609375,-0.02801513671875,0.0760498046875,0.9967041015625,-0.013671875,0.0078125,-0.0390625,0.57421875,0.078125,9.4609375
942,884000000,imu2_frame,-0.0042724609375,-0.02801513671875,0.0760498046875,0.9967041015625,-0.013671875,0.0078125,-0.0390625,0.65234375,-0.19140625,9.5
942,904000000,imu2_frame,-0.0042724609375,-0.02801513671875,0.0760498046875,0.9967041015625,-0.013671875,0.0078125,-0.0390625,0.57421875,0.0390625,9.4609375
942,924000000,imu2_frame,-0.0042724609375,-0.02801513671875,0.0760498046875,0.9967041015625,-0.01171875,-0.00390625,-0.05859375,0.57421875,0.0390625,9.4609375
942,944000000,imu2_frame,-0.0042724609375,-0.02801513671875,0.0760498046875,0.9967041015625,-0.01171875,-0.00390625,-0.05859375,0.49609375,0.15234375,9.421875
942,964000000,imu2_frame,-0.0042724609375,-0.02801513671875,0.0760498046875,0.9967041015625,-0.01171875,-0.00390625,-0.05859375,0.7265625,-0.3046875,9.42578125
942,984000000,imu2_frame,-0.0042724609375,-0.02801513671875,0.0760498046875,0.9967041015625,-0.01171875,-0.00390625,-0.05859375,0.53515625,0.15234375,9.46484375
943,4000000,imu2_frame,-0.0042724609375,-0.02801513671875,0.0760498046875,0.9967041015625,0.005859375,-0.01171875,-0.11328125,0.53515625,0.15234375,9.46484375
943,24000000,imu2_frame,-0.0042724609375,-0.02801513671875,0.0760498046875,0.9967041015625,0.005859375,-0.01171875,-0.11328125,0.57421875,0.0,9.42578125
943,44000000,imu2_frame,-0.0042724609375,-0.02801513671875,0.0760498046875,0.9967041015625,0.005859375,-0.01171875,-0.11328125,0.57421875,-0.0390625,9.4609375
943,64000000,imu2_frame,-0.0042724609375,-0.02801513671875,0.0760498046875,0.9967041015625,0.005859375,-0.01171875,-0.11328125,0.7265625,-0.23046875,9.4609375
943,84000000,imu2_frame,-0.0042724609375,-0.02801513671875,0.0760498046875,0.9967041015625,-0.009765625,0.009765625,-0.08203125,0.7265625,-0.23046875,9.4609375
943,104000000,imu2_frame,-0.0042724609375,-0.02801513671875,0.0760498046875,0.9967041015625,-0.009765625,0.009765625,-0.08203125,0.53515625,0.078125,9.46484375
943,124000000,imu2_frame,-0.0042724609375,-0.02801513671875,0.0760498046875,0.9967041015625,-0.009765625,0.009765625,-0.08203125,0.65234375,-0.34375,9.46484375
943,144000000,imu2_frame,-0.0042724609375,-0.02801513671875,0.0760498046875,0.9967041015625,-0.009765625,0.009765625,-0.08203125,0.421875,0.11328125,9.4609375
943,164000000,imu2_frame,-0.0042724609375,-0.02801513671875,0.0760498046875,0.9967041015625,-0.009765625,0.009765625,-0.08203125,0.61328125,-0.26953125,9.421875
943,184000000,imu2_frame,-0.0042724609375,-0.02801513671875,0.0760498046875,0.9967041015625,-0.009765625,0.009765625,-0.08203125,0.53515625,0.0,9.46484375
943,204000000,imu2_frame,-0.0042724609375,-0.02801513671875,0.0760498046875,0.9967041015625,-0.009765625,0.009765625,-0.08203125,0.57421875,-0.19140625,9.46484375
943,224000000,imu2_frame,-0.0042724609375,-0.02801513671875,0.0760498046875,0.9967041015625,-0.009765625,0.009765625,-0.08203125,0.57421875,-0.078125,9.42578125
943,244000000,imu2_frame,-0.0042724609375,-0.02801513671875,0.0760498046875,0.9967041015625,-0.0078125,-0.01171875,-0.060546875,0.57421875,-0.078125,9.42578125
943,264000000,imu2_frame,-0.0042724609375,-0.02801513671875,0.0760498046875,0.9967041015625,-0.0078125,-0.01171875,-0.060546875,0.49609375,-0.26953125,9.46484375
943,284000000,imu2_frame,-0.0042724609375,-0.02801513671875,0.0760498046875,0.9967041015625,-0.0078125,-0.01171875,-0.060546875,0.4609375,0.078125,9.46484375
943,304000000,imu2_frame,-0.0042724609375,-0.02801513671875,0.0760498046875,0.9967041015625,-0.0078125,-0.01171875,-0.060546875,0.69140625,-0.23046875,9.46484375
943,324000000,imu2_frame,-0.0042724609375,-0.02801513671875,0.0760498046875,0.9967041015625,0.013671875,0.0,-0.1171875,0.69140625,-0.23046875,9.46484375
943,344000000,imu2_frame,-0.0042724609375,-0.02801513671875,0.0760498046875,0.9967041015625,0.013671875,0.0,-0.1171875,0.3828125,0.15234375,9.46484375
943,364000000,imu2_frame,-0.0042724609375,-0.02801513671875,0.0760498046875,0.9967041015625,0.013671875,0.0,-0.1171875,0.49609375,-0.15234375,9.46484375
943,384000000,imu2_frame,-0.0042724609375,-0.02801513671875,0.0760498046875,0.9967041015625,0.013671875,0.0,-0.1171875,0.61328125,-0.3046875,9.4609375
943,404000000,imu2_frame,-0.0042724609375,-0.02801513671875,0.0760498046875,0.9967041015625,-0.0078125,-0.001953125,-0.056640625,0.61328125,-0.3046875,9.4609375
943,424000000,imu2_frame,-0.0042724609375,-0.02801513671875,0.0760498046875,0.9967041015625,-0.0078125,-0.001953125,-0.056640625,0.57421875,-0.15234375,9.5
943,444000000,imu2_frame,-0.0042724609375,-0.02801513671875,0.0760498046875,0.9967041015625,-0.0078125,-0.001953125,-0.056640625,0.57421875,-0.19140625,9.421875
943,464000000,imu2_frame,-0.0042724609375,-0.02801513671875,0.0760498046875,0.9967041015625,-0.0078125,-0.001953125,-0.056640625,0.61328125,-0.23046875,9.4609375
943,484000000,imu2_frame,-0.0042724609375,-0.02801513671875,0.0760498046875,0.9967041015625,0.0,0.0078125,-0.078125,0.61328125,-0.23046875,9.4609375
943,504000000,imu2_frame,-0.0042724609375,-0.02801513671875,0.0760498046875,0.9967041015625,0.0,0.0078125,-0.078125,0.57421875,0.11328125,9.4609375
943,524000000,imu2_frame,-0.0042724609375,-0.02801513671875,0.0760498046875,0.9967041015625,0.0,0.0078125,-0.078125,0.69140625,-0.11328125,9.4609375
943,544000000,imu2_frame,-0.0042724609375,-0.02801513671875,0.0760498046875,0.9967041015625,0.0,0.0078125,-0.078125,0.53515625,0.0,9.46484375
943,564000000,imu2_frame,-0.0042724609375,-0.02801513671875,0.0760498046875,0.9967041015625,0.005859375,0.025390625,-0.130859375,0.53515625,0.0,9.46484375
943,584000000,imu2_frame,-0.0042724609375,-0.02801513671875,0.0760498046875,0.9967041015625,0.005859375,0.025390625,-0.130859375,0.65234375,-0.23046875,9.42578125
943,604000000,imu2_frame,-0.0042724609375,-0.02801513671875,0.0760498046875,0.9967041015625,0.005859375,0.025390625,-0.130859375,0.57421875,-0.078125,9.4609375
943,624000000,imu2_frame,-0.0042724609375,-0.02801513671875,0.0760498046875,0.9967041015625,0.005859375,0.025390625,-0.130859375,0.49609375,-0.15234375,9.46484375
943,644000000,imu2_frame,-0.0042724609375,-0.02801513671875,0.0760498046875,0.9967041015625,0.03515625,-0.0234375,-0.1015625,0.49609375,-0.15234375,9.46484375
943,664000000,imu2_frame,-0.0042724609375,-0.02801513671875,0.0760498046875,0.9967041015625,0.03515625,-0.0234375,-0.1015625,0.53515625,-0.15234375,9.46484375
943,684000000,imu2_frame,-0.0042724609375,-0.02801513671875,0.0760498046875,0.9967041015625,0.03515625,-0.0234375,-0.1015625,0.57421875,-0.15234375,9.5
943,704000000,imu2_frame,-0.0042724609375,-0.02801513671875,0.0760498046875,0.9967041015625,0.03515625,-0.0234375,-0.1015625,0.7265625,-0.19140625,9.42578125
943,724000000,imu2_frame,-0.0042724609375,-0.02801513671875,0.0760498046875,0.9967041015625,0.021484375,-0.01171875,-0.11328125,0.7265625,-0.19140625,9.42578125
943,744000000,imu2_frame,-0.0042724609375,-0.02801513671875,0.0760498046875,0.9967041015625,0.021484375,-0.01171875,-0.11328125,0.65234375,-0.0390625,9.421875
943,764000000,imu2_frame,-0.0042724609375,-0.02801513671875,0.0760498046875,0.9967041015625,0.021484375,-0.01171875,-0.11328125,0.53515625,0.11328125,9.46484375
943,784000000,imu2_frame,-0.0042724609375,-0.02801513671875,0.0760498046875,0.9967041015625,0.021484375,-0.01171875,-0.11328125,0.57421875,-0.15234375,9.42578125
943,804000000,imu2_frame,-0.0042724609375,-0.02801513671875,0.0760498046875,0.9967041015625,-0.015625,-0.00390625,-0.0390625,0.57421875,-0.15234375,9.42578125
943,824000000,imu2_frame,-0.0042724609375,-0.02801513671875,0.0760498046875,0.9967041015625,-0.015625,-0.00390625,-0.0390625,0.65234375,-0.26953125,9.421875
943,844000000,imu2_frame,-0.0042724609375,-0.02801513671875,0.0760498046875,0.9967041015625,-0.015625,-0.00390625,-0.0390625,0.53515625,-0.0390625,9.46484375
943,864000000,imu2_frame,-0.0042724609375,-0.02801513671875,0.0760498046875,0.9967041015625,-0.015625,-0.00390625,-0.0390625,0.4609375,0.15234375,9.46484375
943,884000000,imu2_frame,-0.0042724609375,-0.02801513671875,0.0760498046875,0.9967041015625,0.0390625,-0.009765625,-0.015625,0.4609375,0.15234375,9.46484375
943,904000000,imu2_frame,-0.0042724609375,-0.02801513671875,0.0760498046875,0.9967041015625,0.0390625,-0.009765625,-0.015625,0.65234375,0.0390625,9.50390625
943,924000000,imu2_frame,-0.0042724609375,-0.02801513671875,0.0760498046875,0.9967041015625,0.0390625,-0.009765625,-0.015625,0.65234375,-0.23046875,9.4609375
943,944000000,imu2_frame,-0.0042724609375,-0.02801513671875,0.0760498046875,0.9967041015625,0.0390625,-0.009765625,-0.015625,0.53515625,0.11328125,9.421875
943,964000000,imu2_frame,-0.0042724609375,-0.02801513671875,0.0760498046875,0.9967041015625,0.00390625,-0.0078125,-0.021484375,0.53515625,0.11328125,9.421875
943,984000000,imu2_frame,-0.0042724609375,-0.02801513671875,0.0760498046875,0.9967041015625,0.00390625,-0.0078125,-0.021484375,0.61328125,-0.15234375,9.421875
944,4000000,imu2_frame,-0.0042724609375,-0.02801513671875,0.0760498046875,0.9967041015625,0.00390625,-0.0078125,-0.021484375,0.69140625,-0.34375,9.42578125
944,24000000,imu2_frame,-0.0042724609375,-0.02801513671875,0.0760498046875,0.9967041015625,0.00390625,-0.0078125,-0.021484375,0.4609375,-0.23046875,9.4609375
944,44000000,imu2_frame,-0.0042724609375,-0.02801513671875,0.0760498046875,0.9967041015625,-0.037109375,0.015625,-0.09375,0.4609375,-0.23046875,9.4609375
944,64000000,imu2_frame,-0.0042724609375,-0.02801513671875,0.0760498046875,0.9967041015625,-0.037109375,0.015625,-0.09375,0.49609375,0.0,9.50390625
944,84000000,imu2_frame,-0.0042724609375,-0.02801513671875,0.0760498046875,0.9967041015625,-0.037109375,0.015625,-0.09375,0.53515625,-0.26953125,9.46484375
944,104000000,imu2_frame,-0.0042724609375,-0.02801513671875,0.0760498046875,0.9967041015625,-0.037109375,0.015625,-0.09375,0.4609375,0.078125,9.46484375
944,124000000,imu2_frame,-0.0042724609375,-0.02801513671875,0.0760498046875,0.9967041015625,0.0078125,-0.00390625,-0.208984375,0.4609375,0.078125,9.46484375
944,144000000,imu2_frame,-0.0042724609375,-0.02801513671875,0.0760498046875,0.9967041015625,0.0078125,-0.00390625,-0.208984375,0.61328125,-0.421875,9.4609375
944,164000000,imu2_frame,-0.0042724609375,-0.02801513671875,0.0760498046875,0.9967041015625,0.0078125,-0.00390625,-0.208984375,0.69140625,-0.15234375,9.4609375
944,184000000,imu2_frame,-0.0042724609375,-0.02801513671875,0.0760498046875,0.9967041015625,0.0078125,-0.00390625,-0.208984375,0.4609375,0.0390625,9.46484375
944,204000000,imu2_frame,-0.0042724609375,-0.02801513671875,0.0760498046875,0.9967041015625,0.0078125,-0.00390625,-0.208984375,0.61328125,-0.34375,9.46484375
944,224000000,imu2_frame,-0.0042724609375,-0.02801513671875,0.0760498046875,0.9967041015625,0.0078125,-0.00390625,-0.208984375,0.61328125,-0.26953125,9.50390625
944,244000000,imu2_frame,-0.0042724609375,-0.02801513671875,0.0760498046875,0.9967041015625,0.0078125,-0.00390625,-0.208984375,0.49609375,0.15234375,9.46484375
944,264000000,imu2_frame,-0.0042724609375,-0.02801513671875,0.0760498046875,0.9967041015625,0.0078125,-0.00390625,-0.208984375,0.61328125,-0.3046875,9.42578125
944,284000000,imu2_frame,-0.0042724609375,-0.02801513671875,0.0760498046875,0.9967041015625,0.0078125,-0.00390625,-0.208984375,0.53515625,0.078125,9.421875
944,304000000,imu2_frame,-0.0042724609375,-0.02801513671875,0.0760498046875,0.9967041015625,0.0078125,-0.00390625,-0.208984375,0.57421875,0.0,9.42578125
944,324000000,imu2_frame,-0.0042724609375,-0.02801513671875,0.0760498046875,0.9967041015625,0.0078125,-0.00390625,-0.208984375,0.57421875,0.0,9.42578125
944,344000000,imu2_frame,-0.0042724609375,-0.02801513671875,0.0760498046875,0.9967041015625,0.0078125,-0.00390625,-0.208984375,0.421875,-0.078125,9.4609375
944,364000000,imu2_frame,-0.0042724609375,-0.02801513671875,0.0760498046875,0.9967041015625,0.017578125,0.013671875,-0.154296875,0.421875,-0.078125,9.4609375
944,384000000,imu2_frame,-0.0042724609375,-0.02801513671875,0.0760498046875,0.9967041015625,0.017578125,0.013671875,-0.154296875,0.57421875,-0.19140625,9.46484375
944,404000000,imu2_frame,-0.0042724609375,-0.02801513671875,0.0760498046875,0.9967041015625,0.017578125,0.013671875,-0.154296875,0.57421875,0.23046875,9.46484375
944,424000000,imu2_frame,-0.0042724609375,-0.02801513671875,0.0760498046875,0.9967041015625,0.017578125,0.013671875,-0.154296875,0.53515625,-0.26953125,9.421875
944,444000000,imu2_frame,-0.0042724609375,-0.02801513671875,0.0760498046875,0.9967041015625,0.015625,-0.001953125,-0.025390625,0.53515625,-0.26953125,9.421875
944,464000000,imu2_frame,-0.0042724609375,-0.02801513671875,0.0760498046875,0.9967041015625,0.015625,-0.001953125,-0.025390625,0.57421875,-0.3828125,9.4609375
944,484000000,imu2_frame,-0.0042724609375,-0.02801513671875,0.0760498046875,0.9967041015625,0.015625,-0.001953125,-0.025390625,0.3828125,0.078125,9.46484375
944,504000000,imu2_frame,-0.0042724609375,-0.02801513671875,0.0760498046875,0.9967041015625,0.015625,-0.001953125,-0.025390625,0.69140625,-0.078125,9.42578125
944,524000000,imu2_frame,-0.0042724609375,-0.02801513671875,0.0760498046875,0.9967041015625,0.015625,-0.001953125,-0.025390625,0.61328125,-0.0390625,9.46484375
944,544000000,imu2_frame,-0.0042724609375,-0.02801513671875,0.0760498046875,0.9967041015625,0.015625,-0.001953125,-0.025390625,0.69140625,-0.53515625,9.42578125
944,564000000,imu2_frame,-0.0042724609375,-0.02801513671875,0.0760498046875,0.9967041015625,0.015625,-0.001953125,-0.025390625,0.69140625,-0.15234375,9.4609375
944,584000000,imu2_frame,-0.0042724609375,-0.02801513671875,0.0760498046875,0.9967041015625,0.015625,-0.001953125,-0.025390625,0.65234375,-0.19140625,9.5
944,604000000,imu2_frame,-0.0042724609375,-0.02801513671875,0.0760498046875,0.9967041015625,0.015625,-0.001953125,-0.025390625,0.49609375,-0.0390625,9.46484375
944,624000000,imu2_frame,-0.0042724609375,-0.02801513671875,0.0760498046875,0.9967041015625,0.015625,-0.001953125,-0.025390625,0.53515625,0.0390625,9.421875
944,644000000,imu2_frame,-0.0042724609375,-0.02801513671875,0.0760498046875,0.9967041015625,0.015625,-0.001953125,-0.025390625,0.53515625,0.11328125,9.421875
944,664000000,imu2_frame,-0.0042724609375,-0.02801513671875,0.0760498046875,0.9967041015625,0.015625,-0.001953125,-0.025390625,0.61328125,-0.3828125,9.50390625
944,684000000,imu2_frame,-0.0042724609375,-0.02801513671875,0.0760498046875,0.9967041015625,0.015625,-0.001953125,-0.025390625,0.4609375,-0.11328125,9.421875
944,704000000,imu2_frame,-0.0042724609375,-0.02801513671875,0.0760498046875,0.9967041015625,0.015625,-0.001953125,-0.025390625,0.4609375,-0.11328125,9.421875
944,724000000,imu2_frame,-0.0042724609375,-0.02801513671875,0.0760498046875,0.9967041015625,0.015625,-0.001953125,-0.025390625,0.61328125,-0.23046875,9.5
944,744000000,imu2_frame,-0.0042724609375,-0.02801513671875,0.0760498046875,0.9967041015625,0.015625,-0.001953125,-0.025390625,0.53515625,-0.11328125,9.46484375
944,764000000,imu2_frame,-0.0042724609375,-0.02801513671875,0.0760498046875,0.9967041015625,0.015625,-0.001953125,-0.025390625,0.53515625,-0.11328125,9.46484375
944,784000000,imu2_frame,-0.0042724609375,-0.02801513671875,0.0760498046875,0.9967041015625,0.015625,-0.001953125,-0.025390625,0.53515625,-0.11328125,9.46484375
944,804000000,imu2_frame,-0.0042724609375,-0.02801513671875,0.0760498046875,0.9967041015625,0.015625,-0.001953125,-0.025390625,0.57421875,0.0390625,9.4609375
944,824000000,imu2_frame,-0.0042724609375,-0.02801513671875,0.0760498046875,0.9967041015625,0.015625,-0.001953125,-0.025390625,0.4609375,0.0390625,9.46484375
944,844000000,imu2_frame,-0.0042724609375,-0.02801513671875,0.0760498046875,0.9967041015625,0.015625,-0.001953125,-0.025390625,0.4609375,0.0390625,9.46484375
944,864000000,imu2_frame,-0.0042724609375,-0.02801513671875,0.0760498046875,0.9967041015625,0.015625,-0.001953125,-0.025390625,0.4609375,0.0390625,9.46484375
944,884000000,imu2_frame,-0.0042724609375,-0.02801513671875,0.0760498046875,0.9967041015625,0.015625,-0.001953125,-0.025390625,0.53515625,-0.078125,9.46484375
944,904000000,imu2_frame,-0.0042724609375,-0.02801513671875,0.0760498046875,0.9967041015625,0.015625,-0.001953125,-0.025390625,0.61328125,-0.15234375,9.46484375
944,924000000,imu2_frame,-0.0042724609375,-0.02801513671875,0.0760498046875,0.9967041015625,0.015625,-0.001953125,-0.025390625,0.61328125,-0.15234375,9.46484375
944,944000000,imu2_frame,-0.0042724609375,-0.02801513671875,0.0760498046875,0.9967041015625,0.015625,-0.001953125,-0.025390625,0.61328125,-0.0390625,9.46484375
944,964000000,imu2_frame,-0.0042724609375,-0.02801513671875,0.0760498046875,0.9967041015625,0.015625,-0.001953125,-0.025390625,0.65234375,-0.23046875,9.4609375
944,984000000,imu2_frame,-0.0042724609375,-0.02801513671875,0.0760498046875,0.9967041015625,0.015625,-0.001953125,-0.025390625,0.65234375,-0.23046875,9.4609375
945,4000000,imu2_frame,-0.0042724609375,-0.02801513671875,0.0760498046875,0.9967041015625,0.015625,-0.001953125,-0.025390625,0.65234375,-0.23046875,9.4609375
945,24000000,imu2_frame,-0.0042724609375,-0.02801513671875,0.0760498046875,0.9967041015625,0.015625,-0.001953125,-0.025390625,0.61328125,0.15234375,9.46484375
945,44000000,imu2_frame,-0.0042724609375,-0.02801513671875,0.0760498046875,0.9967041015625,0.015625,-0.001953125,-0.025390625,0.65234375,-0.26953125,9.46484375
945,64000000,imu2_frame,-0.0042724609375,-0.02801513671875,0.0760498046875,0.9967041015625,0.015625,-0.001953125,-0.025390625,0.61328125,-0.078125,9.50390625
945,84000000,imu2_frame,-0.0042724609375,-0.02801513671875,0.0760498046875,0.9967041015625,0.015625,-0.001953125,-0.025390625,0.7265625,-0.3046875,9.42578125
945,104000000,imu2_frame,-0.0042724609375,-0.02801513671875,0.0760498046875,0.9967041015625,0.015625,-0.001953125,-0.025390625,0.57421875,0.0,9.4609375
945,124000000,imu2_frame,-0.0042724609375,-0.02801513671875,0.0760498046875,0.9967041015625,0.015625,-0.001953125,-0.025390625,0.65234375,-0.26953125,9.421875
945,144000000,imu2_frame,-0.0042724609375,-0.02801513671875,0.0760498046875,0.9967041015625,0.015625,-0.001953125,-0.025390625,0.61328125,-0.15234375,9.46484375
945,164000000,imu2_frame,-0.0042724609375,-0.02801513671875,0.0760498046875,0.9967041015625,0.015625,-0.001953125,-0.025390625,0.65234375,-0.078125,9.50390625
945,184000000,imu2_frame,-0.0042724609375,-0.02801513671875,0.0760498046875,0.9967041015625,0.015625,-0.001953125,-0.025390625,0.61328125,-0.11328125,9.46484375
945,204000000,imu2_frame,-0.0042724609375,-0.02801513671875,0.0760498046875,0.9967041015625,0.015625,-0.001953125,-0.025390625,0.69140625,-0.11328125,9.4609375
945,224000000,imu2_frame,-0.0042724609375,-0.02801513671875,0.0760498046875,0.9967041015625,0.015625,-0.001953125,-0.025390625,0.69140625,-0.26953125,9.4609375
945,244000000,imu2_frame,-0.0042724609375,-0.02801513671875,0.0760498046875,0.9967041015625,0.015625,-0.001953125,-0.025390625,0.57421875,-0.078125,9.42578125
945,264000000,imu2_frame,-0.0042724609375,-0.02801513671875,0.0760498046875,0.9967041015625,0.015625,-0.001953125,-0.025390625,0.65234375,-0.19140625,9.4609375
945,284000000,imu2_frame,-0.0042724609375,-0.02801513671875,0.0760498046875,0.9967041015625,0.015625,-0.001953125,-0.025390625,0.57421875,0.0,9.4609375
945,304000000,imu2_frame,-0.0042724609375,-0.02801513671875,0.0760498046875,0.9967041015625,0.015625,-0.001953125,-0.025390625,0.57421875,0.0,9.4609375
945,324000000,imu2_frame,-0.0042724609375,-0.02801513671875,0.0760498046875,0.9967041015625,0.015625,-0.001953125,-0.025390625,0.7265625,-0.19140625,9.4609375
945,344000000,imu2_frame,-0.0042724609375,-0.02801513671875,0.0760498046875,0.9967041015625,0.015625,-0.001953125,-0.025390625,0.53515625,-0.11328125,9.46484375
945,364000000,imu2_frame,-0.0042724609375,-0.02801513671875,0.0760498046875,0.9967041015625,0.015625,-0.001953125,-0.025390625,0.69140625,-0.26953125,9.4609375
945,384000000,imu2_frame,-0.0042724609375,-0.02801513671875,0.0760498046875,0.9967041015625,0.015625,-0.001953125,-0.025390625,0.421875,0.3046875,9.46484375
945,404000000,imu2_frame,-0.0042724609375,-0.02801513671875,0.0760498046875,0.9967041015625,0.015625,-0.001953125,-0.025390625,0.61328125,-0.11328125,9.50390625
945,424000000,imu2_frame,-0.0042724609375,-0.02801513671875,0.0760498046875,0.9967041015625,0.015625,-0.001953125,-0.025390625,0.61328125,-0.11328125,9.50390625
945,444000000,imu2_frame,-0.0042724609375,-0.02801513671875,0.0760498046875,0.9967041015625,0.015625,-0.001953125,-0.025390625,0.61328125,-0.11328125,9.50390625
945,464000000,imu2_frame,-0.0042724609375,-0.02801513671875,0.0760498046875,0.9967041015625,0.015625,-0.001953125,-0.025390625,0.4609375,0.19140625,9.42578125
945,484000000,imu2_frame,-0.0042724609375,-0.02801513671875,0.0760498046875,0.9967041015625,0.015625,-0.001953125,-0.025390625,0.69140625,-0.19140625,9.46484375
945,504000000,imu2_frame,-0.0042724609375,-0.02801513671875,0.0760498046875,0.9967041015625,0.015625,-0.001953125,-0.025390625,0.69140625,-0.19140625,9.46484375
945,524000000,imu2_frame,-0.0042724609375,-0.02801513671875,0.0760498046875,0.9967041015625,0.015625,-0.001953125,-0.025390625,0.69140625,-0.19140625,9.46484375
945,544000000,imu2_frame,-0.0042724609375,-0.02801513671875,0.0760498046875,0.9967041015625,0.015625,-0.001953125,-0.025390625,0.61328125,-0.23046875,9.42578125
945,564000000,imu2_frame,-0.0042724609375,-0.02801513671875,0.0760498046875,0.9967041015625,0.015625,-0.001953125,-0.025390625,0.53515625,0.078125,9.50390625
945,584000000,imu2_frame,-0.0042724609375,-0.02801513671875,0.0760498046875,0.9967041015625,0.015625,-0.001953125,-0.025390625,0.53515625,0.078125,9.50390625
945,604000000,imu2_frame,-0.0042724609375,-0.02801513671875,0.0760498046875,0.9967041015625,0.015625,-0.001953125,-0.025390625,0.53515625,0.078125,9.50390625
945,624000000,imu2_frame,-0.0042724609375,-0.02801513671875,0.0760498046875,0.9967041015625,0.015625,-0.001953125,-0.025390625,0.61328125,-0.11328125,9.46484375
945,644000000,imu2_frame,-0.0042724609375,-0.02801513671875,0.0760498046875,0.9967041015625,0.015625,-0.001953125,-0.025390625,0.61328125,-0.11328125,9.46484375
945,664000000,imu2_frame,-0.0042724609375,-0.02801513671875,0.0760498046875,0.9967041015625,0.015625,-0.001953125,-0.025390625,0.61328125,-0.11328125,9.46484375
945,684000000,imu2_frame,-0.0042724609375,-0.02801513671875,0.0760498046875,0.9967041015625,0.015625,-0.001953125,-0.025390625,0.61328125,-0.11328125,9.46484375
945,704000000,imu2_frame,-0.0042724609375,-0.02801513671875,0.0760498046875,0.9967041015625,0.015625,-0.001953125,-0.025390625,0.53515625,-0.078125,9.46484375
945,724000000,imu2_frame,-0.0042724609375,-0.02801513671875,0.0760498046875,0.9967041015625,0.015625,-0.001953125,-0.025390625,0.53515625,-0.078125,9.46484375
945,744000000,imu2_frame,-0.0042724609375,-0.02801513671875,0.0760498046875,0.9967041015625,0.015625,-0.001953125,-0.025390625,0.53515625,-0.078125,9.46484375
945,764000000,imu2_frame,-0.0042724609375,-0.02801513671875,0.0760498046875,0.9967041015625,0.015625,-0.001953125,-0.025390625,0.57421875,-0.0390625,9.42578125
945,784000000,imu2_frame,-0.0042724609375,-0.02801513671875,0.0760498046875,0.9967041015625,0.015625,-0.001953125,-0.025390625,0.57421875,-0.15234375,9.5
945,804000000,imu2_frame,-0.0042724609375,-0.02801513671875,0.0760498046875,0.9967041015625,0.015625,-0.001953125,-0.025390625,0.57421875,-0.15234375,9.5
945,824000000,imu2_frame,-0.0042724609375,-0.02801513671875,0.0760498046875,0.9967041015625,0.015625,-0.001953125,-0.025390625,0.57421875,-0.15234375,9.5
945,844000000,imu2_frame,-0.0042724609375,-0.02801513671875,0.0760498046875,0.9967041015625,0.015625,-0.001953125,-0.025390625,0.65234375,-0.3046875,9.4609375
945,864000000,imu2_frame,-0.0042724609375,-0.02801513671875,0.0760498046875,0.9967041015625,0.015625,-0.001953125,-0.025390625,0.57421875,-0.34375,9.42578125
945,884000000,imu2_frame,-0.0042724609375,-0.02801513671875,0.0760498046875,0.9967041015625,0.015625,-0.001953125,-0.025390625,0.57421875,-0.34375,9.42578125
945,904000000,imu2_frame,-0.0042724609375,-0.02801513671875,0.0760498046875,0.9967041015625,0.015625,-0.001953125,-0.025390625,0.57421875,-0.34375,9.42578125
945,924000000,imu2_frame,-0.0042724609375,-0.02801513671875,0.0760498046875,0.9967041015625,0.015625,-0.001953125,-0.025390625,0.57421875,-0.34375,9.42578125
945,944000000,imu2_frame,-0.0042724609375,-0.02801513671875,0.0760498046875,0.9967041015625,0.015625,-0.001953125,-0.025390625,0.61328125,-0.11328125,9.46484375
945,964000000,imu2_frame,-0.0042724609375,-0.02801513671875,0.0760498046875,0.9967041015625,0.015625,-0.001953125,-0.025390625,0.61328125,-0.11328125,9.46484375
945,984000000,imu2_frame,-0.0042724609375,-0.02801513671875,0.0760498046875,0.9967041015625,0.015625,-0.001953125,-0.025390625,0.61328125,-0.11328125,9.46484375
946,4000000,imu2_frame,-0.0042724609375,-0.02801513671875,0.0760498046875,0.9967041015625,0.015625,-0.001953125,-0.025390625,0.61328125,-0.3046875,9.4609375
946,24000000,imu2_frame,-0.0042724609375,-0.02801513671875,0.0760498046875,0.9967041015625,0.015625,-0.001953125,-0.025390625,0.61328125,-0.3046875,9.4609375
946,44000000,imu2_frame,-0.0042724609375,-0.02801513671875,0.0760498046875,0.9967041015625,0.015625,-0.001953125,-0.025390625,0.61328125,-0.3046875,9.4609375
946,64000000,imu2_frame,-0.0042724609375,-0.02801513671875,0.0760498046875,0.9967041015625,0.015625,-0.001953125,-0.025390625,0.61328125,-0.3046875,9.4609375
946,84000000,imu2_frame,-0.0042724609375,-0.02801513671875,0.0760498046875,0.9967041015625,0.015625,-0.001953125,-0.025390625,0.57421875,-0.34375,9.42578125
946,104000000,imu2_frame,-0.0042724609375,-0.02801513671875,0.0760498046875,0.9967041015625,0.015625,-0.001953125,-0.025390625,0.57421875,-0.34375,9.42578125
946,124000000,imu2_frame,-0.0042724609375,-0.02801513671875,0.0760498046875,0.9967041015625,0.015625,-0.001953125,-0.025390625,0.57421875,-0.34375,9.42578125
946,144000000,imu2_frame,-0.0042724609375,-0.02801513671875,0.0760498046875,0.9967041015625,0.015625,-0.001953125,-0.025390625,0.57421875,-0.34375,9.42578125
946,164000000,imu2_frame,-0.0042724609375,-0.02801513671875,0.0760498046875,0.9967041015625,0.015625,-0.001953125,-0.025390625,0.53515625,-0.078125,9.46484375
946,184000000,imu2_frame,-0.0042724609375,-0.02801513671875,0.0760498046875,0.9967041015625,0.015625,-0.001953125,-0.025390625,0.53515625,-0.078125,9.46484375
946,204000000,imu2_frame,-0.0042724609375,-0.02801513671875,0.0760498046875,0.9967041015625,0.015625,-0.001953125,-0.025390625,0.53515625,-0.078125,9.46484375
946,224000000,imu2_frame,-0.0042724609375,-0.02801513671875,0.0760498046875,0.9967041015625,0.015625,-0.001953125,-0.025390625,0.53515625,-0.078125,9.46484375
946,244000000,imu2_frame,-0.0042724609375,-0.02801513671875,0.0760498046875,0.9967041015625,0.015625,-0.001953125,-0.025390625,0.53515625,-0.078125,9.46484375
946,264000000,imu2_frame,-0.0042724609375,-0.02801513671875,0.0760498046875,0.9967041015625,0.015625,-0.001953125,-0.025390625,0.53515625,-0.078125,9.46484375
946,284000000,imu2_frame,-0.0042724609375,-0.02801513671875,0.0760498046875,0.9967041015625,0.015625,-0.001953125,-0.025390625,0.53515625,-0.078125,9.46484375
946,304000000,imu2_frame,-0.0042724609375,-0.02801513671875,0.0760498046875,0.9967041015625,0.015625,-0.001953125,-0.025390625,0.53515625,-0.078125,9.46484375
946,324000000,imu2_frame,-0.0042724609375,-0.02801513671875,0.0760498046875,0.9967041015625,0.015625,-0.001953125,-0.025390625,0.53515625,-0.078125,9.46484375
946,344000000,imu2_frame,-0.0042724609375,-0.02801513671875,0.0760498046875,0.9967041015625,0.015625,-0.001953125,-0.025390625,0.53515625,-0.078125,9.46484375
946,364000000,imu2_frame,-0.0042724609375,-0.02801513671875,0.0760498046875,0.9967041015625,0.015625,-0.001953125,-0.025390625,0.53515625,-0.078125,9.46484375
946,384000000,imu2_frame,-0.0042724609375,-0.02801513671875,0.0760498046875,0.9967041015625,0.015625,-0.001953125,-0.025390625,0.53515625,-0.078125,9.46484375
946,404000000,imu2_frame,-0.0042724609375,-0.02801513671875,0.0760498046875,0.9967041015625,0.015625,-0.001953125,-0.025390625,0.53515625,-0.078125,9.46484375
946,424000000,imu2_frame,-0.0042724609375,-0.02801513671875,0.0760498046875,0.9967041015625,0.015625,-0.001953125,-0.025390625,0.53515625,-0.078125,9.46484375
946,444000000,imu2_frame,-0.0042724609375,-0.02801513671875,0.0760498046875,0.9967041015625,0.015625,-0.001953125,-0.025390625,0.53515625,-0.078125,9.46484375
946,464000000,imu2_frame,-0.0042724609375,-0.02801513671875,0.0760498046875,0.9967041015625,0.015625,-0.001953125,-0.025390625,0.53515625,-0.078125,9.46484375
946,484000000,imu2_frame,-0.0042724609375,-0.02801513671875,0.0760498046875,0.9967041015625,0.015625,-0.001953125,-0.025390625,0.53515625,-0.078125,9.46484375
946,504000000,imu2_frame,-0.0042724609375,-0.02801513671875,0.0760498046875,0.9967041015625,0.015625,-0.001953125,-0.025390625,0.53515625,-0.078125,9.46484375
946,524000000,imu2_frame,-0.0042724609375,-0.02801513671875,0.0760498046875,0.9967041015625,0.015625,-0.001953125,-0.025390625,0.53515625,-0.078125,9.46484375
946,544000000,imu2_frame,-0.0042724609375,-0.02801513671875,0.0760498046875,0.9967041015625,0.015625,-0.001953125,-0.025390625,0.53515625,-0.078125,9.46484375
946,564000000,imu2_frame,-0.0042724609375,-0.02801513671875,0.0760498046875,0.9967041015625,0.015625,-0.001953125,-0.025390625,0.53515625,-0.078125,9.46484375
946,584000000,imu2_frame,-0.0042724609375,-0.02801513671875,0.0760498046875,0.9967041015625,0.015625,-0.001953125,-0.025390625,0.53515625,-0.078125,9.46484375
946,604000000,imu2_frame,-0.0042724609375,-0.02801513671875,0.0760498046875,0.9967041015625,0.015625,-0.001953125,-0.025390625,0.53515625,-0.078125,9.46484375
946,624000000,imu2_frame,-0.0042724609375,-0.02801513671875,0.0760498046875,0.9967041015625,0.015625,-0.001953125,-0.025390625,0.53515625,-0.078125,9.46484375
946,644000000,imu2_frame,-0.0042724609375,-0.02801513671875,0.0760498046875,0.9967041015625,0.015625,-0.001953125,-0.025390625,0.53515625,-0.078125,9.46484375
946,664000000,imu2_frame,-0.0042724609375,-0.02801513671875,0.0760498046875,0.9967041015625,0.015625,-0.001953125,-0.025390625,0.53515625,-0.078125,9.46484375
946,684000000,imu2_frame,-0.0042724609375,-0.02801513671875,0.0760498046875,0.9967041015625,0.015625,-0.001953125,-0.025390625,0.53515625,-0.078125,9.46484375
946,704000000,imu2_frame,-0.0042724609375,-0.02801513671875,0.0760498046875,0.9967041015625,0.015625,-0.001953125,-0.025390625,0.53515625,-0.078125,9.46484375
946,724000000,imu2_frame,-0.0042724609375,-0.02801513671875,0.0760498046875,0.9967041015625,0.015625,-0.001953125,-0.025390625,0.53515625,-0.078125,9.46484375
946,744000000,imu2_frame,-0.0042724609375,-0.02801513671875,0.0760498046875,0.9967041015625,0.015625,-0.001953125,-0.025390625,0.53515625,-0.078125,9.46484375
946,764000000,imu2_frame,-0.0042724609375,-0.02801513671875,0.0760498046875,0.9967041015625,0.015625,-0.001953125,-0.025390625,0.53515625,-0.078125,9.46484375
946,784000000,imu2_frame,-0.0042724609375,-0.02801513671875,0.0760498046875,0.9967041015625,0.015625,-0.001953125,-0.025390625,0.53515625,-0.078125,9.46484375
946,804000000,imu2_frame,-0.0042724609375,-0.02801513671875,0.0760498046875,0.9967041015625,0.015625,-0.001953125,-0.025390625,0.53515625,-0.078125,9.46484375
946,824000000,imu2_frame,-0.0042724609375,-0.02801513671875,0.0760498046875,0.9967041015625,0.015625,-0.001953125,-0.025390625,0.53515625,-0.078125,9.46484375
946,844000000,imu2_frame,-0.0042724609375,-0.02801513671875,0.0760498046875,0.9967041015625,0.015625,-0.001953125,-0.025390625,0.53515625,-0.078125,9.46484375
946,864000000,imu2_frame,-0.0042724609375,-0.02801513671875,0.0760498046875,0.9967041015625,0.015625,-0.001953125,-0.025390625,0.53515625,-0.078125,9.46484375
946,884000000,imu2_frame,-0.0042724609375,-0.02801513671875,0.0760498046875,0.9967041015625,0.015625,-0.001953125,-0.025390625,0.53515625,-0.078125,9.46484375
946,904000000,imu2_frame,-0.0042724609375,-0.02801513671875,0.0760498046875,0.9967041015625,0.015625,-0.001953125,-0.025390625,0.53515625,-0.078125,9.46484375
946,924000000,imu2_frame,-0.0042724609375,-0.02801513671875,0.0760498046875,0.9967041015625,0.015625,-0.001953125,-0.025390625,0.53515625,-0.078125,9.46484375
946,944000000,imu2_frame,-0.0042724609375,-0.02801513671875,0.0760498046875,0.9967041015625,0.015625,-0.001953125,-0.025390625,0.53515625,-0.078125,9.46484375
946,964000000,imu2_frame,-0.0042724609375,-0.02801513671875,0.0760498046875,0.9967041015625,0.015625,-0.001953125,-0.025390625,0.53515625,-0.078125,9.46484375
946,984000000,imu2_frame,-0.0042724609375,-0.02801513671875,0.0760498046875,0.9967041015625,0.015625,-0.001953125,-0.025390625,0.53515625,-0.078125,9.46484375
947,4000000,imu2_frame,-0.0042724609375,-0.02801513671875,0.0760498046875,0.9967041015625,0.015625,-0.001953125,-0.025390625,0.53515625,-0.078125,9.46484375
947,24000000,imu2_frame,-0.0042724609375,-0.02801513671875,0.0760498046875,0.9967041015625,0.015625,-0.001953125,-0.025390625,0.53515625,-0.078125,9.46484375
947,44000000,imu2_frame,-0.0042724609375,-0.02801513671875,0.0760498046875,0.9967041015625,0.015625,-0.001953125,-0.025390625,0.53515625,-0.078125,9.46484375
947,64000000,imu2_frame,-0.0042724609375,-0.02801513671875,0.0760498046875,0.9967041015625,0.015625,-0.001953125,-0.025390625,0.53515625,-0.078125,9.46484375
947,84000000,imu2_frame,-0.0020751953125,-0.0302734375,0.0113525390625,0.99945068359375,0.015625,-0.001953125,-0.025390625,0.53515625,-0.078125,9.46484375
947,104000000,imu2_frame,-0.0020751953125,-0.0302734375,0.0113525390625,0.99945068359375,0.015625,-0.001953125,-0.025390625,0.53515625,-0.078125,9.46484375
947,124000000,imu2_frame,-0.0020751953125,-0.0302734375,0.0113525390625,0.99945068359375,0.015625,-0.001953125,-0.025390625,0.53515625,-0.078125,9.46484375
947,144000000,imu2_frame,-0.0020751953125,-0.0302734375,0.0113525390625,0.99945068359375,0.015625,-0.001953125,-0.025390625,0.53515625,-0.078125,9.46484375
947,164000000,imu2_frame,-0.0020751953125,-0.0302734375,0.0113525390625,0.99945068359375,0.0,0.0,-0.001953125,0.53515625,-0.078125,9.46484375
947,184000000,imu2_frame,-0.0020751953125,-0.0302734375,0.0113525390625,0.99945068359375,-0.001953125,0.0,0.001953125,0.53515625,-0.078125,9.46484375
947,204000000,imu2_frame,-0.0020751953125,-0.0302734375,0.0113525390625,0.99945068359375,-0.001953125,0.0,0.001953125,0.53515625,-0.078125,9.46484375
947,224000000,imu2_frame,-0.0020751953125,-0.0302734375,0.0113525390625,0.99945068359375,-0.001953125,0.0,0.001953125,0.53515625,-0.078125,9.46484375
947,244000000,imu2_frame,-0.00250244140625,-0.0303955078125,0.0113525390625,0.99945068359375,-0.001953125,0.0,0.001953125,0.53515625,-0.078125,9.46484375
947,264000000,imu2_frame,-0.00250244140625,-0.0303955078125,0.0113525390625,0.99945068359375,0.001953125,0.0,0.0,0.53515625,-0.078125,9.46484375
947,284000000,imu2_frame,-0.00250244140625,-0.0303955078125,0.0113525390625,0.99945068359375,0.001953125,0.0,0.0,0.53515625,-0.078125,9.46484375
947,304000000,imu2_frame,-0.00250244140625,-0.0303955078125,0.0113525390625,0.99945068359375,0.001953125,0.0,0.0,0.53515625,-0.078125,9.46484375
947,324000000,imu2_frame,-0.00274658203125,-0.030517578125,0.0113525390625,0.99945068359375,0.001953125,0.0,0.0,0.53515625,-0.078125,9.46484375
947,344000000,imu2_frame,-0.0028076171875,-0.030517578125,0.0113525390625,0.99945068359375,0.001953125,0.0,0.0,0.53515625,-0.078125,9.46484375
947,364000000,imu2_frame,-0.0028076171875,-0.030517578125,0.0113525390625,0.99945068359375,0.001953125,0.0,0.0,0.53515625,-0.078125,9.46484375
947,384000000,imu2_frame,-0.0028076171875,-0.030517578125,0.0113525390625,0.99945068359375,0.001953125,0.0,0.0,0.53515625,-0.078125,9.46484375
947,404000000,imu2_frame,-0.00299072265625,-0.03057861328125,0.0113525390625,0.99945068359375,0.001953125,0.0,0.0,0.53515625,-0.078125,9.46484375
947,424000000,imu2_frame,-0.00299072265625,-0.03057861328125,0.0113525390625,0.99945068359375,0.0,0.0,0.0,0.53515625,-0.078125,9.46484375
947,444000000,imu2_frame,-0.00299072265625,-0.03057861328125,0.0113525390625,0.99945068359375,0.0,0.0,0.0,0.53515625,-0.078125,9.46484375
947,464000000,imu2_frame,-0.00299072265625,-0.03057861328125,0.0113525390625,0.99945068359375,0.0,0.0,0.0,0.53515625,-0.078125,9.46484375
947,484000000,imu2_frame,-0.00323486328125,-0.0306396484375,0.0113525390625,0.99945068359375,0.0,0.0,0.0,0.53515625,-0.078125,9.46484375
947,504000000,imu2_frame,-0.00323486328125,-0.0306396484375,0.0113525390625,0.99945068359375,0.001953125,0.0,0.001953125,0.53515625,-0.078125,9.46484375
947,524000000,imu2_frame,-0.00323486328125,-0.0306396484375,0.0113525390625,0.99945068359375,0.001953125,0.0,0.001953125,0.53515625,-0.078125,9.46484375
947,544000000,imu2_frame,-0.00323486328125,-0.0306396484375,0.0113525390625,0.99945068359375,0.001953125,0.0,0.001953125,0.53515625,-0.078125,9.46484375
947,564000000,imu2_frame,-0.00347900390625,-0.03076171875,0.0113525390625,0.99945068359375,0.001953125,0.0,0.001953125,0.53515625,-0.078125,9.46484375
947,584000000,imu2_frame,-0.00347900390625,-0.03076171875,0.0113525390625,0.99945068359375,0.001953125,0.0,0.001953125,0.53515625,-0.078125,9.46484375
947,604000000,imu2_frame,-0.00347900390625,-0.03076171875,0.0113525390625,0.99945068359375,0.001953125,0.0,0.001953125,0.53515625,-0.078125,9.46484375
947,624000000,imu2_frame,-0.00360107421875,-0.03076171875,0.01141357421875,0.99945068359375,0.001953125,0.0,0.001953125,0.53515625,-0.078125,9.46484375
947,644000000,imu2_frame,-0.00360107421875,-0.03076171875,0.01141357421875,0.99945068359375,0.0,0.0,0.0,0.53515625,-0.078125,9.46484375
947,664000000,imu2_frame,-0.00372314453125,-0.03082275390625,0.01141357421875,0.99945068359375,0.0,0.0,0.0,0.53515625,-0.078125,9.46484375
947,684000000,imu2_frame,-0.00372314453125,-0.03082275390625,0.01141357421875,0.99945068359375,0.0,0.0,0.0,0.53515625,-0.078125,9.46484375
947,704000000,imu2_frame,-0.00372314453125,-0.03082275390625,0.01141357421875,0.99945068359375,0.0,-0.001953125,0.0,0.53515625,-0.078125,9.46484375
947,724000000,imu2_frame,-0.00372314453125,-0.03082275390625,0.01141357421875,0.99945068359375,-0.001953125,0.0,0.0,0.53515625,-0.078125,9.46484375
947,744000000,imu2_frame,-0.00372314453125,-0.03082275390625,0.01141357421875,0.99945068359375,-0.001953125,0.0,0.0,0.53515625,-0.078125,9.46484375
947,764000000,imu2_frame,-0.00372314453125,-0.03082275390625,0.01141357421875,0.99945068359375,-0.001953125,0.0,0.0,0.53515625,-0.078125,9.46484375
947,784000000,imu2_frame,-0.00372314453125,-0.03082275390625,0.01141357421875,0.99945068359375,0.001953125,0.0,0.0,0.53515625,-0.078125,9.46484375
947,804000000,imu2_frame,-0.00372314453125,-0.03082275390625,0.01141357421875,0.99945068359375,-0.001953125,0.0,-0.001953125,0.53515625,-0.078125,9.46484375
947,824000000,imu2_frame,-0.00372314453125,-0.03082275390625,0.01141357421875,0.99945068359375,0.0,0.0,0.0,0.53515625,-0.078125,9.46484375
947,844000000,imu2_frame,-0.00372314453125,-0.03082275390625,0.01141357421875,0.99945068359375,0.001953125,-0.001953125,0.0,0.53515625,-0.078125,9.46484375
947,864000000,imu2_frame,-0.00372314453125,-0.03082275390625,0.01141357421875,0.99945068359375,0.00390625,0.0,0.001953125,0.53515625,-0.078125,9.46484375
947,884000000,imu2_frame,-0.00372314453125,-0.03082275390625,0.01141357421875,0.99945068359375,0.001953125,0.0,0.0,0.53515625,-0.078125,9.46484375
947,904000000,imu2_frame,-0.00372314453125,-0.03082275390625,0.01141357421875,0.99945068359375,0.0,0.0,0.0,0.53515625,-0.078125,9.46484375
947,924000000,imu2_frame,-0.00372314453125,-0.03082275390625,0.01141357421875,0.99945068359375,0.0,0.0,0.001953125,0.53515625,-0.078125,9.46484375
947,944000000,imu2_frame,-0.00372314453125,-0.03082275390625,0.01141357421875,0.99945068359375,-0.001953125,0.0,-0.001953125,0.53515625,-0.078125,9.46484375
947,964000000,imu2_frame,-0.00372314453125,-0.03082275390625,0.01141357421875,0.99945068359375,0.0,0.001953125,-0.001953125,0.53515625,-0.078125,9.46484375
947,984000000,imu2_frame,-0.00372314453125,-0.03082275390625,0.01141357421875,0.99945068359375,0.001953125,0.0,-0.001953125,0.53515625,-0.078125,9.46484375
948,4000000,imu2_frame,-0.00372314453125,-0.03082275390625,0.01141357421875,0.99945068359375,0.001953125,0.0,0.0,0.53515625,-0.078125,9.46484375
948,24000000,imu2_frame,-0.00372314453125,-0.03082275390625,0.01141357421875,0.99945068359375,0.0,0.0,0.0,0.53515625,-0.078125,9.46484375
948,44000000,imu2_frame,-0.00372314453125,-0.03082275390625,0.01141357421875,0.99945068359375,0.0,0.0,0.0,0.53515625,-0.078125,9.46484375
948,64000000,imu2_frame,-0.00372314453125,-0.03082275390625,0.01141357421875,0.99945068359375,-0.001953125,0.0,-0.001953125,0.53515625,-0.078125,9.46484375
948,84000000,imu2_frame,-0.00372314453125,-0.03082275390625,0.01141357421875,0.99945068359375,0.0,0.0,-0.0078125,0.53515625,-0.078125,9.46484375
948,104000000,imu2_frame,-0.00372314453125,-0.03082275390625,0.01141357421875,0.99945068359375,0.001953125,-0.001953125,-0.01171875,0.53515625,-0.078125,9.46484375
948,124000000,imu2_frame,-0.00372314453125,-0.03082275390625,0.01141357421875,0.99945068359375,0.0,0.0,-0.0078125,0.53515625,-0.078125,9.46484375
948,144000000,imu2_frame,-0.00372314453125,-0.03082275390625,0.01141357421875,0.99945068359375,0.001953125,-0.001953125,-0.0078125,0.53515625,-0.078125,9.46484375
948,164000000,imu2_frame,-0.00372314453125,-0.03082275390625,0.01141357421875,0.99945068359375,0.0,0.0,-0.005859375,0.53515625,-0.078125,9.46484375
948,184000000,imu2_frame,-0.00372314453125,-0.03082275390625,0.01141357421875,0.99945068359375,-0.00390625,0.0,0.0,0.53515625,-0.078125,9.46484375
948,204000000,imu2_frame,-0.00372314453125,-0.03082275390625,0.01141357421875,0.99945068359375,0.0,0.0,0.0,0.53515625,-0.078125,9.46484375
948,224000000,imu2_frame,-0.00372314453125,-0.03082275390625,0.01141357421875,0.99945068359375,0.0,0.0,-0.001953125,0.53515625,-0.078125,9.46484375
948,244000000,imu2_frame,-0.00372314453125,-0.03082275390625,0.01141357421875,0.99945068359375,0.0,0.0,-0.001953125,0.53515625,-0.078125,9.46484375
948,264000000,imu2_frame,-0.00372314453125,-0.03082275390625,0.01141357421875,0.99945068359375,0.001953125,0.0,-0.001953125,0.53515625,-0.078125,9.46484375
948,284000000,imu2_frame,-0.00372314453125,-0.03082275390625,0.01141357421875,0.99945068359375,-0.00390625,0.001953125,-0.005859375,0.53515625,-0.078125,9.46484375
948,304000000,imu2_frame,-0.00372314453125,-0.03082275390625,0.01141357421875,0.99945068359375,0.0,0.0,-0.00390625,0.53515625,-0.078125,9.46484375
948,324000000,imu2_frame,-0.00372314453125,-0.03082275390625,0.01141357421875,0.99945068359375,0.0,-0.001953125,-0.005859375,0.53515625,-0.078125,9.46484375
948,344000000,imu2_frame,-0.00372314453125,-0.03082275390625,0.01141357421875,0.99945068359375,-0.001953125,0.0,-0.001953125,0.53515625,-0.078125,9.46484375
948,364000000,imu2_frame,-0.00372314453125,-0.03082275390625,0.01141357421875,0.99945068359375,0.0,0.0,-0.001953125,0.53515625,-0.078125,9.46484375
948,384000000,imu2_frame,-0.00372314453125,-0.03082275390625,0.01141357421875,0.99945068359375,-0.00390625,-0.001953125,-0.005859375,0.53515625,-0.078125,9.46484375
948,404000000,imu2_frame,-0.00372314453125,-0.03082275390625,0.01141357421875,0.99945068359375,0.001953125,-0.001953125,-0.00390625,0.53515625,-0.078125,9.46484375
948,424000000,imu2_frame,-0.00372314453125,-0.03082275390625,0.01141357421875,0.99945068359375,0.0,0.001953125,-0.001953125,0.53515625,-0.078125,9.46484375
948,444000000,imu2_frame,-0.00372314453125,-0.03082275390625,0.01141357421875,0.99945068359375,0.0,0.0,0.0,0.53515625,-0.078125,9.46484375
948,464000000,imu2_frame,-0.00372314453125,-0.03082275390625,0.01141357421875,0.99945068359375,0.0,0.0,-0.001953125,0.53515625,-0.078125,9.46484375
948,484000000,imu2_frame,-0.00372314453125,-0.03082275390625,0.01141357421875,0.99945068359375,-0.00390625,0.0,0.0,0.53515625,-0.078125,9.46484375
948,504000000,imu2_frame,-0.00372314453125,-0.03082275390625,0.01141357421875,0.99945068359375,0.0,0.0,0.0,0.53515625,-0.078125,9.46484375
948,524000000,imu2_frame,-0.00372314453125,-0.03082275390625,0.01141357421875,0.99945068359375,-0.00390625,0.0,0.0,0.53515625,-0.078125,9.46484375
948,544000000,imu2_frame,-0.00372314453125,-0.03082275390625,0.01141357421875,0.99945068359375,0.001953125,0.0,0.0,0.53515625,-0.078125,9.46484375
948,564000000,imu2_frame,-0.00372314453125,-0.03082275390625,0.01141357421875,0.99945068359375,0.001953125,0.0,0.0,0.53515625,-0.078125,9.46484375
948,584000000,imu2_frame,-0.00372314453125,-0.03082275390625,0.01141357421875,0.99945068359375,0.001953125,0.0,0.0,0.53515625,-0.078125,9.46484375
948,604000000,imu2_frame,-0.00372314453125,-0.03082275390625,0.01141357421875,0.99945068359375,0.001953125,-0.001953125,-0.001953125,0.53515625,-0.078125,9.46484375
948,624000000,imu2_frame,-0.00372314453125,-0.03082275390625,0.01141357421875,0.99945068359375,0.0,0.0,-0.0078125,0.53515625,-0.078125,9.46484375
948,644000000,imu2_frame,-0.00372314453125,-0.03082275390625,0.01141357421875,0.99945068359375,0.00390625,0.0,-0.001953125,0.53515625,-0.078125,9.46484375
948,664000000,imu2_frame,-0.00372314453125,-0.03082275390625,0.01141357421875,0.99945068359375,-0.00390625,0.0,-0.005859375,0.53515625,-0.078125,9.46484375
948,684000000,imu2_frame,-0.00372314453125,-0.03082275390625,0.01141357421875,0.99945068359375,0.001953125,-0.001953125,0.0,0.53515625,-0.078125,9.46484375
948,704000000,imu2_frame,-0.00372314453125,-0.03082275390625,0.01141357421875,0.99945068359375,0.001953125,0.0,0.0,0.53515625,-0.078125,9.46484375
948,724000000,imu2_frame,-0.00372314453125,-0.03082275390625,0.01141357421875,0.99945068359375,0.001953125,-0.001953125,0.0,0.53515625,-0.078125,9.46484375
948,744000000,imu2_frame,-0.00372314453125,-0.03082275390625,0.01141357421875,0.99945068359375,0.001953125,0.0,0.0,0.53515625,-0.078125,9.46484375
948,764000000,imu2_frame,-0.00372314453125,-0.03082275390625,0.01141357421875,0.99945068359375,0.0,0.0,-0.00390625,0.53515625,-0.078125,9.46484375
948,784000000,imu2_frame,-0.00372314453125,-0.03082275390625,0.01141357421875,0.99945068359375,-0.001953125,0.0,-0.001953125,0.53515625,-0.078125,9.46484375
948,804000000,imu2_frame,-0.00372314453125,-0.03082275390625,0.01141357421875,0.99945068359375,0.001953125,0.0,-0.001953125,0.53515625,-0.078125,9.46484375
948,824000000,imu2_frame,-0.00372314453125,-0.03082275390625,0.01141357421875,0.99945068359375,0.0,0.0,0.0,0.53515625,-0.078125,9.46484375
948,844000000,imu2_frame,-0.00372314453125,-0.03082275390625,0.01141357421875,0.99945068359375,0.0,0.0,0.0,0.53515625,-0.078125,9.46484375
948,864000000,imu2_frame,-0.00372314453125,-0.03082275390625,0.01141357421875,0.99945068359375,0.0,0.0,-0.001953125,0.53515625,-0.078125,9.46484375
948,884000000,imu2_frame,-0.00372314453125,-0.03082275390625,0.01141357421875,0.99945068359375,-0.001953125,-0.001953125,0.001953125,0.53515625,-0.078125,9.46484375
948,904000000,imu2_frame,-0.00372314453125,-0.03082275390625,0.01141357421875,0.99945068359375,-0.001953125,0.001953125,0.0,0.53515625,-0.078125,9.46484375
948,924000000,imu2_frame,-0.00372314453125,-0.03082275390625,0.01141357421875,0.99945068359375,0.0,0.001953125,-0.001953125,0.53515625,-0.078125,9.46484375
948,944000000,imu2_frame,-0.00372314453125,-0.03082275390625,0.01141357421875,0.99945068359375,0.001953125,0.0,0.0,0.53515625,-0.078125,9.46484375
948,964000000,imu2_frame,-0.00372314453125,-0.03082275390625,0.01141357421875,0.99945068359375,0.001953125,-0.001953125,0.0,0.53515625,-0.078125,9.46484375
948,984000000,imu2_frame,-0.00372314453125,-0.03082275390625,0.01141357421875,0.99945068359375,-0.00390625,0.0,-0.001953125,0.53515625,-0.078125,9.46484375
949,4000000,imu2_frame,-0.00372314453125,-0.03082275390625,0.01141357421875,0.99945068359375,0.001953125,-0.001953125,-0.013671875,0.53515625,-0.078125,9.46484375
949,24000000,imu2_frame,-0.00372314453125,-0.03082275390625,0.01141357421875,0.99945068359375,0.0,0.0,-0.005859375,0.53515625,-0.078125,9.46484375
949,44000000,imu2_frame,-0.00372314453125,-0.03082275390625,0.01141357421875,0.99945068359375,0.0,0.0,-0.001953125,0.53515625,-0.078125,9.46484375
949,64000000,imu2_frame,-0.00372314453125,-0.03082275390625,0.01141357421875,0.99945068359375,-0.00390625,-0.001953125,0.001953125,0.53515625,-0.078125,9.46484375
949,84000000,imu2_frame,-0.00372314453125,-0.03082275390625,0.01141357421875,0.99945068359375,-0.00390625,0.0,-0.001953125,0.53515625,-0.078125,9.46484375
949,105000000,imu2_frame,-0.00372314453125,-0.03082275390625,0.01141357421875,0.99945068359375,0.001953125,0.0,0.001953125,0.53515625,-0.078125,9.46484375
949,124000000,imu2_frame,-0.00543212890625,-0.0308837890625,0.01007080078125,0.99945068359375,0.001953125,0.0,0.001953125,0.53515625,-0.078125,9.46484375
949,144000000,imu2_frame,-0.00543212890625,-0.03082275390625,0.01007080078125,0.99945068359375,0.001953125,0.0,0.001953125,0.53515625,-0.078125,9.46484375
949,164000000,imu2_frame,-0.00543212890625,-0.03082275390625,0.01007080078125,0.99945068359375,0.0,-0.001953125,-0.001953125,0.53515625,-0.078125,9.46484375
949,184000000,imu2_frame,-0.00543212890625,-0.03082275390625,0.01007080078125,0.99945068359375,0.001953125,0.0,0.0,0.53515625,-0.078125,9.46484375
949,204000000,imu2_frame,-0.00543212890625,-0.03082275390625,0.01007080078125,0.99945068359375,-0.00390625,0.0,0.0,0.53515625,-0.078125,9.46484375
949,224000000,imu2_frame,-0.00543212890625,-0.03082275390625,0.01007080078125,0.99945068359375,0.0,-0.001953125,0.0,0.53515625,-0.078125,9.46484375
949,244000000,imu2_frame,-0.00543212890625,-0.03082275390625,0.01007080078125,0.99945068359375,0.00390625,0.0,0.0,0.53515625,-0.078125,9.46484375
949,264000000,imu2_frame,-0.00543212890625,-0.03082275390625,0.01007080078125,0.99945068359375,-0.001953125,0.0,0.0,0.53515625,-0.078125,9.46484375
949,284000000,imu2_frame,-0.00543212890625,-0.03082275390625,0.01007080078125,0.99945068359375,-0.001953125,0.0,-0.001953125,0.53515625,-0.078125,9.46484375
949,304000000,imu2_frame,-0.00543212890625,-0.03082275390625,0.01007080078125,0.99945068359375,-0.001953125,0.0,-0.001953125,0.53515625,-0.078125,9.46484375
949,324000000,imu2_frame,-0.00543212890625,-0.03082275390625,0.01007080078125,0.99945068359375,0.0,0.0,0.0,0.53515625,-0.078125,9.46484375
949,344000000,imu2_frame,-0.00543212890625,-0.03082275390625,0.01007080078125,0.99945068359375,0.0,0.001953125,0.0,0.53515625,-0.078125,9.46484375
949,364000000,imu2_frame,-0.00543212890625,-0.03082275390625,0.01007080078125,0.99945068359375,0.0,0.0,0.001953125,0.53515625,-0.078125,9.46484375
949,384000000,imu2_frame,-0.00543212890625,-0.03082275390625,0.01007080078125,0.99945068359375,0.0,-0.001953125,0.001953125,0.53515625,-0.078125,9.46484375
949,404000000,imu2_frame,-0.00543212890625,-0.03082275390625,0.01007080078125,0.99945068359375,0.0,-0.001953125,0.0,0.53515625,-0.078125,9.46484375
949,424000000,imu2_frame,-0.00543212890625,-0.03082275390625,0.01007080078125,0.99945068359375,0.00390625,0.0,0.001953125,0.53515625,-0.078125,9.46484375
949,444000000,imu2_frame,-0.00543212890625,-0.03082275390625,0.01007080078125,0.99945068359375,0.0,-0.001953125,-0.001953125,0.53515625,-0.078125,9.46484375
949,464000000,imu2_frame,-0.00543212890625,-0.03082275390625,0.01007080078125,0.99945068359375,0.00390625,0.0,0.0,0.53515625,-0.078125,9.46484375
949,484000000,imu2_frame,-0.00543212890625,-0.03082275390625,0.01007080078125,0.99945068359375,0.0,0.001953125,0.0,0.53515625,-0.078125,9.46484375
949,504000000,imu2_frame,-0.00543212890625,-0.03082275390625,0.01007080078125,0.99945068359375,0.001953125,0.0,-0.001953125,0.53515625,-0.078125,9.46484375
949,524000000,imu2_frame,-0.00543212890625,-0.03082275390625,0.01007080078125,0.99945068359375,0.0,0.0,0.001953125,0.53515625,-0.078125,9.46484375
949,544000000,imu2_frame,-0.00543212890625,-0.03082275390625,0.01007080078125,0.99945068359375,-0.00390625,-0.001953125,-0.001953125,0.53515625,-0.078125,9.46484375
949,564000000,imu2_frame,-0.00543212890625,-0.03082275390625,0.01007080078125,0.99945068359375,0.0,0.0,0.001953125,0.53515625,-0.078125,9.46484375
949,584000000,imu2_frame,-0.00543212890625,-0.03082275390625,0.01007080078125,0.99945068359375,-0.001953125,0.0,0.001953125,0.53515625,-0.078125,9.46484375
949,604000000,imu2_frame,-0.00543212890625,-0.03082275390625,0.01007080078125,0.99945068359375,0.001953125,0.0,0.001953125,0.53515625,-0.078125,9.46484375
949,624000000,imu2_frame,-0.00543212890625,-0.03082275390625,0.01007080078125,0.99945068359375,0.00390625,0.0,0.0,0.53515625,-0.078125,9.46484375
949,644000000,imu2_frame,-0.00543212890625,-0.03082275390625,0.01007080078125,0.99945068359375,0.001953125,-0.00390625,0.001953125,0.53515625,-0.078125,9.46484375
949,664000000,imu2_frame,-0.00543212890625,-0.03082275390625,0.01007080078125,0.99945068359375,0.0,0.0,-0.001953125,0.53515625,-0.078125,9.46484375
949,684000000,imu2_frame,-0.00543212890625,-0.03082275390625,0.01007080078125,0.99945068359375,0.0,-0.001953125,0.001953125,0.53515625,-0.078125,9.46484375
949,704000000,imu2_frame,-0.00543212890625,-0.03082275390625,0.01007080078125,0.99945068359375,0.0,0.0,-0.001953125,0.53515625,-0.078125,9.46484375
949,724000000,imu2_frame,-0.00543212890625,-0.03082275390625,0.01007080078125,0.99945068359375,0.001953125,-0.001953125,0.001953125,0.53515625,-0.078125,9.46484375
949,744000000,imu2_frame,-0.00543212890625,-0.03082275390625,0.01007080078125,0.99945068359375,-0.001953125,0.0,-0.001953125,0.53515625,-0.078125,9.46484375
949,764000000,imu2_frame,-0.00543212890625,-0.03082275390625,0.01007080078125,0.99945068359375,0.001953125,0.0,0.0,0.53515625,-0.078125,9.46484375
949,784000000,imu2_frame,-0.00543212890625,-0.03082275390625,0.01007080078125,0.99945068359375,0.0,-0.001953125,0.0,0.53515625,-0.078125,9.46484375
949,804000000,imu2_frame,-0.00543212890625,-0.03082275390625,0.01007080078125,0.99945068359375,0.0,0.0,0.0,0.53515625,-0.078125,9.46484375
949,824000000,imu2_frame,-0.00543212890625,-0.03082275390625,0.01007080078125,0.99945068359375,0.001953125,-0.001953125,0.001953125,0.53515625,-0.078125,9.46484375
949,844000000,imu2_frame,-0.00543212890625,-0.03082275390625,0.01007080078125,0.99945068359375,0.0,0.0,0.0,0.53515625,-0.078125,9.46484375
949,864000000,imu2_frame,-0.00543212890625,-0.03082275390625,0.01007080078125,0.99945068359375,0.001953125,0.001953125,-0.001953125,0.53515625,-0.078125,9.46484375
949,884000000,imu2_frame,-0.00543212890625,-0.03082275390625,0.01007080078125,0.99945068359375,0.0,0.0,0.001953125,0.53515625,-0.078125,9.46484375
949,904000000,imu2_frame,-0.00543212890625,-0.03082275390625,0.01007080078125,0.99945068359375,-0.001953125,0.0,0.0,0.53515625,-0.078125,9.46484375
949,924000000,imu2_frame,-0.00543212890625,-0.03082275390625,0.01007080078125,0.99945068359375,-0.001953125,0.0,-0.001953125,0.53515625,-0.078125,9.46484375
949,944000000,imu2_frame,-0.00543212890625,-0.03082275390625,0.01007080078125,0.99945068359375,-0.001953125,-0.001953125,0.001953125,0.53515625,-0.078125,9.46484375
949,964000000,imu2_frame,-0.00543212890625,-0.03082275390625,0.01007080078125,0.99945068359375,0.0,0.0,0.0,0.53515625,-0.078125,9.46484375
949,984000000,imu2_frame,-0.00543212890625,-0.03082275390625,0.01007080078125,0.99945068359375,0.001953125,0.0,0.00390625,0.53515625,-0.078125,9.46484375
950,4000000,imu2_frame,-0.00543212890625,-0.03082275390625,0.01007080078125,0.99945068359375,0.0,-0.001953125,0.0,0.53515625,-0.078125,9.46484375
950,24000000,imu2_frame,-0.00543212890625,-0.03082275390625,0.01007080078125,0.99945068359375,0.0,0.0,0.0,0.53515625,-0.078125,9.46484375
950,44000000,imu2_frame,-0.00543212890625,-0.03082275390625,0.01007080078125,0.99945068359375,0.0,0.0,0.0,0.53515625,-0.078125,9.46484375
950,64000000,imu2_frame,-0.00543212890625,-0.03082275390625,0.01007080078125,0.99945068359375,-0.001953125,0.0,0.0,0.53515625,-0.078125,9.46484375
950,84000000,imu2_frame,-0.00543212890625,-0.03082275390625,0.01007080078125,0.99945068359375,-0.001953125,0.0,0.0,0.53515625,-0.078125,9.46484375
950,104000000,imu2_frame,-0.00543212890625,-0.03082275390625,0.01007080078125,0.99945068359375,0.00390625,0.0,0.0,0.53515625,-0.078125,9.46484375
950,124000000,imu2_frame,-0.00543212890625,-0.03082275390625,0.01007080078125,0.99945068359375,0.001953125,-0.001953125,0.0,0.53515625,-0.078125,9.46484375
950,144000000,imu2_frame,-0.00543212890625,-0.03082275390625,0.01007080078125,0.99945068359375,0.0,0.0,-0.001953125,0.53515625,-0.078125,9.46484375
950,164000000,imu2_frame,-0.00543212890625,-0.03082275390625,0.01007080078125,0.99945068359375,-0.001953125,-0.001953125,-0.001953125,0.53515625,-0.078125,9.46484375
950,184000000,imu2_frame,-0.00543212890625,-0.03082275390625,0.01007080078125,0.99945068359375,-0.00390625,0.0,-0.001953125,0.53515625,-0.078125,9.46484375
950,204000000,imu2_frame,-0.00543212890625,-0.03082275390625,0.01007080078125,0.99945068359375,0.001953125,-0.001953125,-0.001953125,0.53515625,-0.078125,9.46484375
950,224000000,imu2_frame,-0.00543212890625,-0.03082275390625,0.01007080078125,0.99945068359375,0.0,-0.00390625,-0.03515625,0.53515625,-0.078125,9.46484375
950,244000000,imu2_frame,-0.00543212890625,-0.03082275390625,0.01007080078125,0.99945068359375,-0.033203125,0.0,-0.462890625,0.53515625,-0.078125,9.46484375
950,264000000,imu2_frame,-0.00543212890625,-0.03082275390625,0.01007080078125,0.99945068359375,-0.033203125,0.0,-0.462890625,0.53515625,-0.078125,9.46484375
950,284000000,imu2_frame,-0.00543212890625,-0.03082275390625,0.01007080078125,0.99945068359375,0.001953125,0.015625,-0.126953125,0.53515625,-0.078125,9.46484375
950,304000000,imu2_frame,-0.00543212890625,-0.03082275390625,0.01007080078125,0.99945068359375,0.001953125,0.001953125,-0.107421875,0.53515625,-0.078125,9.46484375
950,324000000,imu2_frame,-0.00543212890625,-0.03082275390625,0.01007080078125,0.99945068359375,-0.029296875,0.005859375,-0.138671875,0.53515625,-0.078125,9.46484375
950,344000000,imu2_frame,-0.00543212890625,-0.03082275390625,0.01007080078125,0.99945068359375,-0.029296875,0.005859375,-0.138671875,0.53515625,-0.078125,9.46484375
950,364000000,imu2_frame,-0.00543212890625,-0.03082275390625,0.01007080078125,0.99945068359375,0.00390625,0.015625,-0.18359375,0.53515625,-0.078125,9.46484375
950,384000000,imu2_frame,-0.00543212890625,-0.03082275390625,0.01007080078125,0.99945068359375,0.005859375,-0.0078125,0.0,0.53515625,-0.078125,9.46484375
950,404000000,imu2_frame,-0.00543212890625,-0.03082275390625,0.01007080078125,0.99945068359375,0.015625,0.01953125,-0.171875,0.53515625,-0.078125,9.46484375
950,424000000,imu2_frame,-0.00543212890625,-0.03082275390625,0.01007080078125,0.99945068359375,0.015625,0.01953125,-0.171875,0.53515625,-0.078125,9.46484375
950,444000000,imu2_frame,-0.00543212890625,-0.03082275390625,0.01007080078125,0.99945068359375,-0.0078125,0.009765625,-0.005859375,0.53515625,-0.078125,9.46484375
950,464000000,imu2_frame,-0.00543212890625,-0.03082275390625,0.01007080078125,0.99945068359375,-0.0078125,0.009765625,-0.005859375,0.53515625,-0.078125,9.46484375
950,484000000,imu2_frame,-0.00543212890625,-0.03082275390625,0.01007080078125,0.99945068359375,-0.009765625,0.0,0.23828125,0.53515625,-0.078125,9.46484375
950,504000000,imu2_frame,-0.00543212890625,-0.03082275390625,0.01007080078125,0.99945068359375,-0.009765625,0.0,0.23828125,0.53515625,-0.078125,9.46484375
950,524000000,imu2_frame,-0.00543212890625,-0.03082275390625,0.01007080078125,0.99945068359375,-0.017578125,0.005859375,-0.158203125,0.53515625,-0.078125,9.46484375
950,544000000,imu2_frame,-0.00543212890625,-0.03082275390625,0.01007080078125,0.99945068359375,0.021484375,-0.013671875,-0.0390625,0.53515625,-0.078125,9.46484375
950,564000000,imu2_frame,-0.00543212890625,-0.03082275390625,0.01007080078125,0.99945068359375,0.01171875,-0.001953125,-0.10546875,0.53515625,-0.078125,9.46484375
950,584000000,imu2_frame,-0.00543212890625,-0.03082275390625,0.01007080078125,0.99945068359375,0.01171875,-0.001953125,-0.10546875,0.53515625,-0.078125,9.46484375
950,604000000,imu2_frame,-0.00543212890625,-0.03082275390625,0.01007080078125,0.99945068359375,0.009765625,-0.00390625,0.05078125,0.53515625,-0.078125,9.46484375
950,624000000,imu2_frame,-0.00543212890625,-0.03082275390625,0.01007080078125,0.99945068359375,0.015625,0.009765625,-0.177734375,0.53515625,-0.078125,9.46484375
950,644000000,imu2_frame,-0.00543212890625,-0.03082275390625,0.01007080078125,0.99945068359375,0.00390625,-0.001953125,-0.04296875,0.53515625,-0.078125,9.46484375
950,664000000,imu2_frame,-0.00543212890625,-0.03082275390625,0.01007080078125,0.99945068359375,0.00390625,-0.001953125,-0.04296875,0.53515625,-0.078125,9.46484375
950,684000000,imu2_frame,-0.00543212890625,-0.03082275390625,0.01007080078125,0.99945068359375,-0.017578125,0.005859375,-0.1171875,0.53515625,-0.078125,9.46484375
950,704000000,imu2_frame,-0.00543212890625,-0.03082275390625,0.01007080078125,0.99945068359375,0.0,-0.01171875,-0.056640625,0.53515625,-0.078125,9.46484375
950,724000000,imu2_frame,-0.00543212890625,-0.03082275390625,0.01007080078125,0.99945068359375,-0.005859375,-0.001953125,-0.16796875,0.53515625,-0.078125,9.46484375
950,744000000,imu2_frame,-0.00543212890625,-0.03082275390625,0.01007080078125,0.99945068359375,-0.005859375,-0.001953125,-0.16796875,0.53515625,-0.078125,9.46484375
950,764000000,imu2_frame,-0.00543212890625,-0.03082275390625,0.01007080078125,0.99945068359375,0.00390625,0.001953125,-0.05859375,0.53515625,-0.078125,9.46484375
950,784000000,imu2_frame,-0.00543212890625,-0.03082275390625,0.01007080078125,0.99945068359375,-0.03125,0.009765625,-0.201171875,0.53515625,-0.078125,9.46484375
950,804000000,imu2_frame,-0.00543212890625,-0.03082275390625,0.01007080078125,0.99945068359375,-0.0234375,0.001953125,-0.060546875,0.53515625,-0.078125,9.46484375
950,824000000,imu2_frame,-0.00543212890625,-0.03082275390625,0.01007080078125,0.99945068359375,-0.0234375,0.001953125,-0.060546875,0.53515625,-0.078125,9.46484375
950,844000000,imu2_frame,-0.00543212890625,-0.03082275390625,0.01007080078125,0.99945068359375,0.005859375,-0.021484375,-0.0546875,0.53515625,-0.078125,9.46484375
950,864000000,imu2_frame,-0.00543212890625,-0.03082275390625,0.01007080078125,0.99945068359375,0.01953125,0.009765625,-0.15625,0.53515625,-0.078125,9.46484375
950,884000000,imu2_frame,-0.00543212890625,-0.03082275390625,0.01007080078125,0.99945068359375,-0.02734375,0.025390625,-0.064453125,0.53515625,-0.078125,9.46484375
950,904000000,imu2_frame,-0.00543212890625,-0.03082275390625,0.01007080078125,0.99945068359375,-0.02734375,0.025390625,-0.064453125,0.53515625,-0.078125,9.46484375
950,924000000,imu2_frame,-0.00543212890625,-0.03082275390625,0.01007080078125,0.99945068359375,0.01953125,-0.005859375,-0.080078125,0.53515625,-0.078125,9.46484375
950,944000000,imu2_frame,-0.00543212890625,-0.03082275390625,0.01007080078125,0.99945068359375,0.033203125,-0.001953125,0.005859375,0.53515625,-0.078125,9.46484375
950,964000000,imu2_frame,-0.00543212890625,-0.03082275390625,0.01007080078125,0.99945068359375,-0.009765625,-0.00390625,-0.05078125,0.53515625,-0.078125,9.46484375
950,984000000,imu2_frame,-0.00543212890625,-0.03082275390625,0.01007080078125,0.99945068359375,-0.009765625,-0.00390625,-0.05078125,0.53515625,-0.078125,9.46484375
951,4000000,imu2_frame,-0.00543212890625,-0.03082275390625,0.01007080078125,0.99945068359375,-0.025390625,-0.00390625,0.013671875,0.53515625,-0.078125,9.46484375
951,24000000,imu2_frame,-0.00543212890625,-0.03082275390625,0.01007080078125,0.99945068359375,0.01171875,0.0,-0.0546875,0.53515625,-0.078125,9.46484375
951,44000000,imu2_frame,-0.00543212890625,-0.03082275390625,0.01007080078125,0.99945068359375,0.0078125,0.015625,-0.04296875,0.53515625,-0.078125,9.46484375
951,64000000,imu2_frame,-0.00543212890625,-0.03082275390625,0.01007080078125,0.99945068359375,0.0078125,0.015625,-0.04296875,0.53515625,-0.078125,9.46484375
951,84000000,imu2_frame,-0.00543212890625,-0.03082275390625,0.01007080078125,0.99945068359375,-0.00390625,-0.02734375,-0.0546875,0.53515625,-0.078125,9.46484375
951,106000000,imu2_frame,-0.00543212890625,-0.03082275390625,0.01007080078125,0.99945068359375,-0.013671875,0.005859375,-0.0703125,0.53515625,-0.078125,9.46484375
951,124000000,imu2_frame,-0.00543212890625,-0.03082275390625,0.01007080078125,0.99945068359375,0.001953125,0.005859375,-0.08203125,0.53515625,-0.078125,9.46484375
951,144000000,imu2_frame,-0.00543212890625,-0.03082275390625,0.01007080078125,0.99945068359375,-0.00390625,0.0078125,-0.09765625,0.53515625,-0.078125,9.46484375
951,164000000,imu2_frame,-0.00543212890625,-0.03082275390625,0.01007080078125,0.99945068359375,0.015625,-0.017578125,-0.224609375,0.53515625,-0.078125,9.46484375
951,184000000,imu2_frame,-0.00543212890625,-0.03082275390625,0.01007080078125,0.99945068359375,0.033203125,0.015625,-0.078125,0.53515625,-0.078125,9.46484375
951,204000000,imu2_frame,-0.00543212890625,-0.03082275390625,0.01007080078125,0.99945068359375,0.005859375,-0.00390625,-0.03125,0.53515625,-0.078125,9.46484375
951,224000000,imu2_frame,-0.00543212890625,-0.03082275390625,0.01007080078125,0.99945068359375,0.005859375,-0.00390625,-0.03125,0.53515625,-0.078125,9.46484375
951,244000000,imu2_frame,-0.00543212890625,-0.03082275390625,0.01007080078125,0.99945068359375,0.001953125,-0.00390625,-0.138671875,0.53515625,-0.078125,9.46484375
951,264000000,imu2_frame,-0.00543212890625,-0.03082275390625,0.01007080078125,0.99945068359375,0.0234375,0.009765625,-0.203125,0.53515625,-0.078125,9.46484375
951,284000000,imu2_frame,-0.00543212890625,-0.03082275390625,0.01007080078125,0.99945068359375,-0.001953125,0.0078125,-0.115234375,0.53515625,-0.078125,9.46484375
951,304000000,imu2_frame,-0.00543212890625,-0.03082275390625,0.01007080078125,0.99945068359375,-0.001953125,0.0078125,-0.115234375,0.53515625,-0.078125,9.46484375
951,324000000,imu2_frame,-0.00543212890625,-0.03082275390625,0.01007080078125,0.99945068359375,-0.005859375,0.009765625,-0.126953125,0.53515625,-0.078125,9.46484375
951,344000000,imu2_frame,-0.00543212890625,-0.03082275390625,0.01007080078125,0.99945068359375,-0.01953125,-0.021484375,-0.107421875,0.53515625,-0.078125,9.46484375
951,364000000,imu2_frame,-0.00543212890625,-0.03082275390625,0.01007080078125,0.99945068359375,0.025390625,-0.025390625,-0.091796875,0.53515625,-0.078125,9.46484375
951,384000000,imu2_frame,-0.00543212890625,-0.03082275390625,0.01007080078125,0.99945068359375,0.025390625,-0.025390625,-0.091796875,0.53515625,-0.078125,9.46484375
951,404000000,imu2_frame,-0.00543212890625,-0.03082275390625,0.01007080078125,0.99945068359375,0.00390625,-0.00390625,-0.064453125,0.53515625,-0.078125,9.46484375
951,424000000,imu2_frame,-0.00543212890625,-0.03082275390625,0.01007080078125,0.99945068359375,-0.01953125,-0.0078125,-0.046875,0.53515625,-0.078125,9.46484375
951,444000000,imu2_frame,-0.00543212890625,-0.03082275390625,0.01007080078125,0.99945068359375,-0.009765625,0.0078125,0.0078125,0.53515625,-0.078125,9.46484375
951,464000000,imu2_frame,-0.00543212890625,-0.03082275390625,0.01007080078125,0.99945068359375,0.009765625,-0.01171875,-0.107421875,0.53515625,-0.078125,9.46484375
951,484000000,imu2_frame,-0.00543212890625,-0.03082275390625,0.01007080078125,0.99945068359375,-0.021484375,0.0,-0.072265625,0.53515625,-0.078125,9.46484375
951,504000000,imu2_frame,-0.00543212890625,-0.03082275390625,0.01007080078125,0.99945068359375,-0.005859375,-0.005859375,-0.041015625,0.53515625,-0.078125,9.46484375
951,524000000,imu2_frame,-0.00543212890625,-0.03082275390625,0.01007080078125,0.99945068359375,0.013671875,0.00390625,-0.134765625,0.53515625,-0.078125,9.46484375
951,544000000,imu2_frame,-0.00543212890625,-0.03082275390625,0.01007080078125,0.99945068359375,-0.01953125,0.01171875,-0.046875,0.53515625,-0.078125,9.46484375
951,564000000,imu2_frame,-0.00543212890625,-0.03082275390625,0.01007080078125,0.99945068359375,0.013671875,-0.005859375,-0.16796875,0.53515625,-0.078125,9.46484375
951,584000000,imu2_frame,-0.00543212890625,-0.03082275390625,0.01007080078125,0.99945068359375,-0.01953125,0.005859375,-0.080078125,0.53515625,-0.078125,9.46484375
951,604000000,imu2_frame,-0.00543212890625,-0.03082275390625,0.01007080078125,0.99945068359375,0.0078125,-0.00390625,-0.150390625,0.53515625,-0.078125,9.46484375
951,624000000,imu2_frame,-0.00543212890625,-0.03082275390625,0.01007080078125,0.99945068359375,0.0234375,-0.0078125,-0.162109375,0.53515625,-0.078125,9.46484375
951,644000000,imu2_frame,-0.00543212890625,-0.03082275390625,0.01007080078125,0.99945068359375,0.005859375,0.0,-0.162109375,0.53515625,-0.078125,9.46484375
951,664000000,imu2_frame,-0.00543212890625,-0.03082275390625,0.01007080078125,0.99945068359375,-0.015625,-0.001953125,-0.08984375,0.53515625,-0.078125,9.46484375
951,684000000,imu2_frame,-0.00543212890625,-0.03082275390625,0.01007080078125,0.99945068359375,0.0,0.01953125,-0.0859375,0.53515625,-0.078125,9.46484375
951,704000000,imu2_frame,-0.00543212890625,-0.03082275390625,0.01007080078125,0.99945068359375,-0.01171875,0.025390625,-0.130859375,0.53515625,-0.078125,9.46484375
951,724000000,imu2_frame,-0.00543212890625,-0.03082275390625,0.01007080078125,0.99945068359375,0.005859375,-0.001953125,-0.15625,0.53515625,-0.078125,9.46484375
951,744000000,imu2_frame,-0.00543212890625,-0.03082275390625,0.01007080078125,0.99945068359375,0.01171875,0.01171875,-0.125,0.53515625,-0.078125,9.46484375
951,764000000,imu2_frame,-0.00543212890625,-0.03082275390625,0.01007080078125,0.99945068359375,-0.001953125,-0.01171875,-0.04296875,0.53515625,-0.078125,9.46484375
951,784000000,imu2_frame,-0.00543212890625,-0.03082275390625,0.01007080078125,0.99945068359375,0.00390625,0.005859375,-0.07421875,0.53515625,-0.078125,9.46484375
951,804000000,imu2_frame,-0.00543212890625,-0.03082275390625,0.01007080078125,0.99945068359375,-0.009765625,0.001953125,-0.11328125,0.53515625,-0.078125,9.46484375
951,824000000,imu2_frame,-0.00543212890625,-0.03082275390625,0.01007080078125,0.99945068359375,-0.009765625,0.0,-0.1328125,0.53515625,-0.078125,9.46484375
951,844000000,imu2_frame,-0.00543212890625,-0.03082275390625,0.01007080078125,0.99945068359375,0.01953125,-0.015625,-0.056640625,0.53515625,-0.078125,9.46484375
951,864000000,imu2_frame,-0.00543212890625,-0.03082275390625,0.01007080078125,0.99945068359375,0.015625,-0.013671875,-0.115234375,0.53515625,-0.078125,9.46484375
951,884000000,imu2_frame,-0.00543212890625,-0.03082275390625,0.01007080078125,0.99945068359375,0.009765625,0.00390625,-0.080078125,0.53515625,-0.078125,9.46484375
951,904000000,imu2_frame,-0.00543212890625,-0.03082275390625,0.01007080078125,0.99945068359375,-0.00390625,-0.0078125,-0.18359375,0.53515625,-0.078125,9.46484375
951,924000000,imu2_frame,-0.00543212890625,-0.03082275390625,0.01007080078125,0.99945068359375,0.015625,0.001953125,-0.0859375,0.53515625,-0.078125,9.46484375
951,944000000,imu2_frame,-0.00543212890625,-0.03082275390625,0.01007080078125,0.99945068359375,-0.015625,-0.001953125,-0.08203125,0.53515625,-0.078125,9.46484375
951,964000000,imu2_frame,-0.00543212890625,-0.03082275390625,0.01007080078125,0.99945068359375,0.015625,0.0078125,-0.09765625,0.53515625,-0.078125,9.46484375
951,984000000,imu2_frame,-0.00543212890625,-0.03082275390625,0.01007080078125,0.99945068359375,-0.009765625,0.009765625,-0.1171875,0.53515625,-0.078125,9.46484375
952,4000000,imu2_frame,-0.00543212890625,-0.03082275390625,0.01007080078125,0.99945068359375,0.013671875,-0.001953125,-0.12109375,0.53515625,-0.078125,9.46484375
952,24000000,imu2_frame,-0.00543212890625,-0.03082275390625,0.01007080078125,0.99945068359375,0.00390625,-0.013671875,-0.1328125,0.53515625,-0.078125,9.46484375
952,44000000,imu2_frame,-0.00543212890625,-0.03082275390625,0.01007080078125,0.99945068359375,-0.02734375,0.029296875,-0.125,0.53515625,-0.078125,9.46484375
952,64000000,imu2_frame,-0.00543212890625,-0.03082275390625,0.01007080078125,0.99945068359375,0.001953125,-0.01171875,-0.068359375,0.53515625,-0.078125,9.46484375
952,84000000,imu2_frame,-0.00543212890625,-0.03082275390625,0.01007080078125,0.99945068359375,0.00390625,-0.0078125,-0.154296875,0.53515625,-0.078125,9.46484375
952,104000000,imu2_frame,-0.00543212890625,-0.03082275390625,0.01007080078125,0.99945068359375,-0.013671875,0.021484375,-0.126953125,0.53515625,-0.078125,9.46484375
952,124000000,imu2_frame,-0.00543212890625,-0.03082275390625,0.01007080078125,0.99945068359375,0.02734375,-0.0078125,-0.115234375,0.53515625,-0.078125,9.46484375
952,144000000,imu2_frame,-0.00543212890625,-0.03082275390625,0.01007080078125,0.99945068359375,-0.03125,0.01171875,-0.171875,0.53515625,-0.078125,9.46484375
952,164000000,imu2_frame,-0.00543212890625,-0.03082275390625,0.01007080078125,0.99945068359375,-0.015625,0.0390625,-0.125,0.53515625,-0.078125,9.46484375
952,184000000,imu2_frame,-0.00543212890625,-0.03082275390625,0.01007080078125,0.99945068359375,-0.025390625,0.009765625,-0.146484375,0.53515625,-0.078125,9.46484375
952,204000000,imu2_frame,-0.00543212890625,-0.03082275390625,0.01007080078125,0.99945068359375,0.041015625,-0.00390625,-0.060546875,0.53515625,-0.078125,9.46484375
952,224000000,imu2_frame,-0.00543212890625,-0.03082275390625,0.01007080078125,0.99945068359375,-0.0078125,-0.001953125,-0.01171875,0.53515625,-0.078125,9.46484375
952,244000000,imu2_frame,-0.00543212890625,-0.03082275390625,0.01007080078125,0.99945068359375,0.01953125,0.01171875,-0.130859375,0.53515625,-0.078125,9.46484375
952,264000000,imu2_frame,-0.00543212890625,-0.03082275390625,0.01007080078125,0.99945068359375,0.009765625,-0.005859375,0.0390625,0.53515625,-0.078125,9.46484375
952,284000000,imu2_frame,-0.00543212890625,-0.03082275390625,0.01007080078125,0.99945068359375,0.05078125,-0.025390625,-0.033203125,0.53515625,-0.078125,9.46484375
952,304000000,imu2_frame,-0.00543212890625,-0.03082275390625,0.01007080078125,0.99945068359375,-0.01953125,0.01171875,-0.09375,0.53515625,-0.078125,9.46484375
952,324000000,imu2_frame,-0.00543212890625,-0.03082275390625,0.01007080078125,0.99945068359375,-0.001953125,-0.01953125,-0.037109375,0.53515625,-0.078125,9.46484375
952,344000000,imu2_frame,-0.00543212890625,-0.03082275390625,0.01007080078125,0.99945068359375,-0.0078125,-0.0078125,-0.033203125,0.53515625,-0.078125,9.46484375
952,364000000,imu2_frame,-0.00543212890625,-0.03082275390625,0.01007080078125,0.99945068359375,0.009765625,0.01171875,-0.046875,0.53515625,-0.078125,9.46484375
952,384000000,imu2_frame,-0.00543212890625,-0.03082275390625,0.01007080078125,0.99945068359375,0.0,0.021484375,-0.05859375,0.53515625,-0.078125,9.46484375
952,404000000,imu2_frame,-0.00543212890625,-0.03082275390625,0.01007080078125,0.99945068359375,-0.0078125,-0.005859375,0.029296875,0.53515625,-0.078125,9.46484375
952,424000000,imu2_frame,-0.00543212890625,-0.03082275390625,0.01007080078125,0.99945068359375,-0.013671875,0.017578125,0.00390625,0.53515625,-0.078125,9.46484375
952,444000000,imu2_frame,-0.00543212890625,-0.03082275390625,0.01007080078125,0.99945068359375,-0.013671875,0.017578125,0.00390625,0.57421875,-0.15234375,9.5
952,464000000,imu2_frame,-0.00543212890625,-0.03082275390625,0.01007080078125,0.99945068359375,-0.005859375,-0.00390625,0.076171875,0.57421875,-0.15234375,9.5
952,484000000,imu2_frame,-0.00543212890625,-0.03082275390625,0.01007080078125,0.99945068359375,0.017578125,-0.00390625,-0.021484375,0.57421875,-0.15234375,9.5
952,504000000,imu2_frame,-0.00543212890625,-0.03082275390625,0.01007080078125,0.99945068359375,0.03515625,0.0078125,-0.037109375,0.57421875,-0.15234375,9.5
952,524000000,imu2_frame,-0.00543212890625,-0.03082275390625,0.01007080078125,0.99945068359375,0.03515625,0.0078125,-0.037109375,0.53515625,0.0,9.421875
952,544000000,imu2_frame,-0.00543212890625,-0.03082275390625,0.01007080078125,0.99945068359375,-0.01171875,0.0,-0.060546875,0.53515625,0.0,9.421875
952,564000000,imu2_frame,-0.00543212890625,-0.03082275390625,0.01007080078125,0.99945068359375,0.0,0.0078125,-0.06640625,0.53515625,0.0,9.421875
952,584000000,imu2_frame,-0.00543212890625,-0.03082275390625,0.01007080078125,0.99945068359375,-0.0078125,0.00390625,-0.08984375,0.53515625,0.0,9.421875
952,604000000,imu2_frame,-0.00543212890625,-0.03082275390625,0.01007080078125,0.99945068359375,-0.0078125,0.00390625,-0.08984375,0.53515625,-0.0390625,9.421875
952,624000000,imu2_frame,-0.00543212890625,-0.03082275390625,0.01007080078125,0.99945068359375,0.001953125,0.015625,-0.033203125,0.53515625,-0.0390625,9.421875
952,644000000,imu2_frame,-0.00543212890625,-0.03082275390625,0.01007080078125,0.99945068359375,0.0078125,-0.001953125,-0.013671875,0.53515625,-0.0390625,9.421875
952,664000000,imu2_frame,-0.00543212890625,-0.03082275390625,0.01007080078125,0.99945068359375,-0.021484375,0.001953125,0.0,0.53515625,-0.0390625,9.421875
952,684000000,imu2_frame,-0.00543212890625,-0.03082275390625,0.01007080078125,0.99945068359375,-0.021484375,0.001953125,0.0,0.57421875,-0.11328125,9.4609375
952,704000000,imu2_frame,-0.00543212890625,-0.03082275390625,0.01007080078125,0.99945068359375,-0.009765625,-0.01171875,-0.01953125,0.57421875,-0.11328125,9.4609375
952,724000000,imu2_frame,-0.00543212890625,-0.03082275390625,0.01007080078125,0.99945068359375,-0.001953125,-0.009765625,-0.03125,0.57421875,-0.11328125,9.4609375
952,744000000,imu2_frame,-0.00543212890625,-0.03082275390625,0.01007080078125,0.99945068359375,-0.0078125,0.0078125,-0.037109375,0.57421875,-0.11328125,9.4609375
952,764000000,imu2_frame,-0.00543212890625,-0.03082275390625,0.01007080078125,0.99945068359375,-0.0078125,0.0078125,-0.037109375,0.61328125,-0.19140625,9.42578125
952,784000000,imu2_frame,-0.00543212890625,-0.03082275390625,0.01007080078125,0.99945068359375,0.001953125,-0.0078125,-0.0390625,0.61328125,-0.19140625,9.42578125
952,804000000,imu2_frame,-0.00543212890625,-0.03082275390625,0.01007080078125,0.99945068359375,-0.015625,0.009765625,-0.05859375,0.61328125,-0.19140625,9.42578125
952,824000000,imu2_frame,-0.00543212890625,-0.03082275390625,0.01007080078125,0.99945068359375,-0.013671875,-0.001953125,-0.0625,0.61328125,-0.19140625,9.42578125
952,844000000,imu2_frame,-0.00543212890625,-0.03082275390625,0.01007080078125,0.99945068359375,-0.013671875,-0.001953125,-0.0625,0.57421875,-0.19140625,9.50390625
952,864000000,imu2_frame,-0.00543212890625,-0.03082275390625,0.01007080078125,0.99945068359375,-0.01171875,0.0078125,-0.02734375,0.57421875,-0.19140625,9.50390625
952,884000000,imu2_frame,-0.00543212890625,-0.03082275390625,0.01007080078125,0.99945068359375,0.01953125,0.0,-0.046875,0.57421875,-0.19140625,9.50390625
952,904000000,imu2_frame,-0.00543212890625,-0.03082275390625,0.01007080078125,0.99945068359375,-0.0234375,-0.00390625,-0.009765625,0.57421875,-0.19140625,9.50390625
952,924000000,imu2_frame,-0.00543212890625,-0.03082275390625,0.01007080078125,0.99945068359375,-0.0234375,-0.00390625,-0.009765625,0.61328125,-0.19140625,9.4609375
952,944000000,imu2_frame,-0.00543212890625,-0.03082275390625,0.01007080078125,0.99945068359375,0.009765625,0.00390625,-0.01171875,0.61328125,-0.19140625,9.4609375
952,964000000,imu2_frame,-0.00543212890625,-0.03082275390625,0.01007080078125,0.99945068359375,-0.005859375,0.015625,-0.03515625,0.61328125,-0.19140625,9.4609375
952,984000000,imu2_frame,-0.00543212890625,-0.03082275390625,0.01007080078125,0.99945068359375,-0.005859375,0.0,-0.005859375,0.61328125,-0.19140625,9.4609375
953,4000000,imu2_frame,-0.00543212890625,-0.03082275390625,0.01007080078125,0.99945068359375,-0.005859375,0.0,-0.005859375,0.57421875,-0.19140625,9.421875
953,24000000,imu2_frame,-0.00543212890625,-0.03082275390625,0.01007080078125,0.99945068359375,-0.009765625,0.001953125,-0.017578125,0.57421875,-0.19140625,9.421875
953,44000000,imu2_frame,-0.00543212890625,-0.03082275390625,0.01007080078125,0.99945068359375,0.03515625,0.0,-0.033203125,0.57421875,-0.19140625,9.421875
953,64000000,imu2_frame,-0.00543212890625,-0.03082275390625,0.01007080078125,0.99945068359375,-0.021484375,-0.00390625,-0.03515625,0.57421875,-0.19140625,9.421875
953,84000000,imu2_frame,-0.00543212890625,-0.03082275390625,0.01007080078125,0.99945068359375,-0.001953125,-0.00390625,-0.001953125,0.57421875,-0.19140625,9.421875
953,107000000,imu2_frame,-0.00543212890625,-0.03082275390625,0.01007080078125,0.99945068359375,0.005859375,-0.013671875,-0.0078125,0.57421875,-0.19140625,9.421875
953,124000000,imu2_frame,-0.00543212890625,-0.03082275390625,0.01007080078125,0.99945068359375,0.005859375,0.01171875,-0.08984375,0.57421875,-0.19140625,9.421875
953,144000000,imu2_frame,-0.00543212890625,-0.03082275390625,0.01007080078125,0.99945068359375,0.013671875,-0.01171875,0.015625,0.57421875,-0.19140625,9.421875
953,164000000,imu2_frame,-0.00543212890625,-0.03082275390625,0.01007080078125,0.99945068359375,0.013671875,-0.01171875,0.015625,0.53515625,-0.11328125,9.46484375
953,184000000,imu2_frame,-0.00543212890625,-0.03082275390625,0.01007080078125,0.99945068359375,0.0078125,0.017578125,-0.056640625,0.53515625,-0.11328125,9.46484375
953,204000000,imu2_frame,-0.00543212890625,-0.03082275390625,0.01007080078125,0.99945068359375,0.0,-0.0078125,-0.083984375,0.53515625,-0.11328125,9.46484375
953,224000000,imu2_frame,-0.00543212890625,-0.03082275390625,0.01007080078125,0.99945068359375,0.013671875,0.00390625,-0.12109375,0.53515625,-0.11328125,9.46484375
953,244000000,imu2_frame,-0.00543212890625,-0.03082275390625,0.01007080078125,0.99945068359375,0.013671875,0.00390625,-0.12109375,0.4609375,-0.078125,9.46484375
953,264000000,imu2_frame,-0.00543212890625,-0.03082275390625,0.01007080078125,0.99945068359375,0.0078125,0.005859375,-0.13671875,0.4609375,-0.078125,9.46484375
953,284000000,imu2_frame,-0.00543212890625,-0.03082275390625,0.01007080078125,0.99945068359375,-0.001953125,-0.01953125,-0.17578125,0.4609375,-0.078125,9.46484375
953,304000000,imu2_frame,-0.00543212890625,-0.03082275390625,0.01007080078125,0.99945068359375,0.005859375,0.01953125,-0.14453125,0.4609375,-0.078125,9.46484375
953,324000000,imu2_frame,-0.00543212890625,-0.03082275390625,0.01007080078125,0.99945068359375,0.005859375,0.01953125,-0.14453125,0.421875,-0.23046875,9.50390625
953,344000000,imu2_frame,-0.00543212890625,-0.03082275390625,0.01007080078125,0.99945068359375,-0.021484375,0.009765625,-0.15625,0.421875,-0.23046875,9.50390625
953,364000000,imu2_frame,-0.00543212890625,-0.03082275390625,0.01007080078125,0.99945068359375,-0.021484375,-0.00390625,-0.0859375,0.421875,-0.23046875,9.50390625
953,384000000,imu2_frame,-0.00543212890625,-0.03082275390625,0.01007080078125,0.99945068359375,0.03125,-0.015625,-0.08984375,0.421875,-0.23046875,9.50390625
953,404000000,imu2_frame,-0.00543212890625,-0.03082275390625,0.01007080078125,0.99945068359375,0.03125,-0.015625,-0.08984375,0.49609375,0.0,9.46484375
953,424000000,imu2_frame,-0.00543212890625,-0.03082275390625,0.01007080078125,0.99945068359375,0.03515625,0.01953125,-0.05078125,0.49609375,0.0,9.46484375
953,444000000,imu2_frame,-0.00543212890625,-0.03082275390625,0.01007080078125,0.99945068359375,-0.005859375,-0.001953125,-0.01953125,0.49609375,0.0,9.46484375
953,464000000,imu2_frame,-0.00543212890625,-0.03082275390625,0.01007080078125,0.99945068359375,-0.01171875,0.0,-0.04296875,0.49609375,0.0,9.46484375
953,484000000,imu2_frame,-0.00543212890625,-0.03082275390625,0.01007080078125,0.99945068359375,-0.01171875,0.0,-0.04296875,0.53515625,-0.0390625,9.50390625
953,504000000,imu2_frame,-0.00543212890625,-0.03082275390625,0.01007080078125,0.99945068359375,-0.009765625,0.001953125,0.044921875,0.53515625,-0.0390625,9.50390625
953,524000000,imu2_frame,-0.00543212890625,-0.03082275390625,0.01007080078125,0.99945068359375,-0.005859375,-0.00390625,0.080078125,0.53515625,-0.0390625,9.50390625
953,544000000,imu2_frame,-0.00543212890625,-0.03082275390625,0.01007080078125,0.99945068359375,0.0078125,0.0,-0.00390625,0.53515625,-0.0390625,9.50390625
953,564000000,imu2_frame,-0.00543212890625,-0.03082275390625,0.01007080078125,0.99945068359375,0.0078125,0.0,-0.00390625,0.53515625,0.0,9.46484375
953,584000000,imu2_frame,-0.00543212890625,-0.03082275390625,0.01007080078125,0.99945068359375,0.0234375,-0.015625,0.087890625,0.53515625,0.0,9.46484375
953,604000000,imu2_frame,-0.00543212890625,-0.03082275390625,0.01007080078125,0.99945068359375,0.00390625,-0.01171875,0.01171875,0.53515625,0.0,9.46484375
953,624000000,imu2_frame,-0.00543212890625,-0.03082275390625,0.01007080078125,0.99945068359375,0.0,0.017578125,-0.02734375,0.53515625,0.0,9.46484375
953,644000000,imu2_frame,-0.00543212890625,-0.03082275390625,0.01007080078125,0.99945068359375,0.0,0.017578125,-0.02734375,0.53515625,-0.078125,9.46484375
953,664000000,imu2_frame,-0.00543212890625,-0.03082275390625,0.01007080078125,0.99945068359375,0.00390625,0.0,-0.013671875,0.53515625,-0.078125,9.46484375
953,684000000,imu2_frame,-0.00543212890625,-0.03082275390625,0.01007080078125,0.99945068359375,-0.009765625,-0.0078125,0.0,0.53515625,-0.078125,9.46484375
953,704000000,imu2_frame,-0.00543212890625,-0.03082275390625,0.01007080078125,0.99945068359375,0.0234375,-0.0078125,-0.08984375,0.53515625,-0.078125,9.46484375
953,724000000,imu2_frame,-0.00543212890625,-0.03082275390625,0.01007080078125,0.99945068359375,0.0234375,-0.0078125,-0.08984375,0.57421875,-0.078125,9.4609375
953,744000000,imu2_frame,-0.00543212890625,-0.03082275390625,0.01007080078125,0.99945068359375,0.01171875,0.005859375,-0.056640625,0.57421875,-0.078125,9.4609375
953,764000000,imu2_frame,-0.00543212890625,-0.03082275390625,0.01007080078125,0.99945068359375,0.01171875,-0.00390625,-0.03515625,0.57421875,-0.078125,9.4609375
953,784000000,imu2_frame,-0.00543212890625,-0.03082275390625,0.01007080078125,0.99945068359375,-0.015625,0.005859375,-0.03515625,0.57421875,-0.078125,9.4609375
953,804000000,imu2_frame,-0.00543212890625,-0.03082275390625,0.01007080078125,0.99945068359375,-0.015625,0.005859375,-0.03515625,0.57421875,-0.26953125,9.4609375
953,824000000,imu2_frame,-0.00543212890625,-0.03082275390625,0.01007080078125,0.99945068359375,-0.01171875,-0.009765625,0.0078125,0.57421875,-0.26953125,9.4609375
953,844000000,imu2_frame,-0.00543212890625,-0.03082275390625,0.01007080078125,0.99945068359375,-0.00390625,0.01171875,-0.10546875,0.57421875,-0.26953125,9.4609375
953,864000000,imu2_frame,-0.00543212890625,-0.03082275390625,0.01007080078125,0.99945068359375,-0.052734375,-0.001953125,0.0234375,0.57421875,-0.26953125,9.4609375
953,884000000,imu2_frame,-0.00543212890625,-0.03082275390625,0.01007080078125,0.99945068359375,0.015625,0.0,-0.078125,0.57421875,-0.26953125,9.4609375
953,904000000,imu2_frame,-0.00543212890625,-0.03082275390625,0.01007080078125,0.99945068359375,0.021484375,-0.005859375,0.005859375,0.57421875,-0.26953125,9.4609375
953,924000000,imu2_frame,-0.00543212890625,-0.03082275390625,0.01007080078125,0.99945068359375,0.001953125,0.0,-0.06640625,0.57421875,-0.26953125,9.4609375
953,944000000,imu2_frame,-0.00543212890625,-0.03082275390625,0.01007080078125,0.99945068359375,-0.04296875,-0.005859375,0.048828125,0.57421875,-0.26953125,9.4609375
953,964000000,imu2_frame,-0.00543212890625,-0.03082275390625,0.01007080078125,0.99945068359375,-0.04296875,-0.005859375,0.048828125,0.61328125,-0.19140625,9.4609375
953,984000000,imu2_frame,-0.00543212890625,-0.03082275390625,0.01007080078125,0.99945068359375,-0.0078125,0.005859375,0.021484375,0.61328125,-0.19140625,9.4609375
954,4000000,imu2_frame,-0.00543212890625,-0.03082275390625,0.01007080078125,0.99945068359375,-0.005859375,-0.005859375,0.015625,0.61328125,-0.19140625,9.4609375
954,24000000,imu2_frame,-0.00543212890625,-0.03082275390625,0.01007080078125,0.99945068359375,0.0234375,0.0,-0.01953125,0.61328125,-0.19140625,9.4609375
954,44000000,imu2_frame,-0.00543212890625,-0.03082275390625,0.01007080078125,0.99945068359375,0.0234375,0.0,-0.01953125,0.57421875,0.0390625,9.4609375
954,64000000,imu2_frame,-0.00543212890625,-0.03082275390625,0.01007080078125,0.99945068359375,-0.005859375,-0.00390625,0.0234375,0.57421875,0.0390625,9.4609375
954,84000000,imu2_frame,-0.00543212890625,-0.03082275390625,0.01007080078125,0.99945068359375,0.017578125,0.001953125,0.015625,0.57421875,0.0390625,9.4609375
954,104000000,imu2_frame,-0.00543212890625,-0.03082275390625,0.01007080078125,0.99945068359375,0.001953125,0.0,0.017578125,0.57421875,0.0390625,9.4609375
954,124000000,imu2_frame,-0.00543212890625,-0.03082275390625,0.01007080078125,0.99945068359375,0.001953125,0.0,0.017578125,0.69140625,-0.15234375,9.4609375
954,144000000,imu2_frame,-0.00543212890625,-0.03082275390625,0.01007080078125,0.99945068359375,0.001953125,-0.0078125,-0.005859375,0.69140625,-0.15234375,9.4609375
954,164000000,imu2_frame,-0.00543212890625,-0.03082275390625,0.01007080078125,0.99945068359375,0.00390625,0.01171875,-0.009765625,0.69140625,-0.15234375,9.4609375
954,184000000,imu2_frame,-0.00543212890625,-0.03082275390625,0.01007080078125,0.99945068359375,-0.0078125,0.00390625,0.041015625,0.69140625,-0.15234375,9.4609375
954,204000000,imu2_frame,-0.00543212890625,-0.03082275390625,0.01007080078125,0.99945068359375,-0.0078125,0.00390625,0.041015625,0.57421875,-0.15234375,9.4609375
954,224000000,imu2_frame,-0.00543212890625,-0.03082275390625,0.01007080078125,0.99945068359375,-0.005859375,0.005859375,-0.01953125,0.57421875,-0.15234375,9.4609375
954,244000000,imu2_frame,-0.00543212890625,-0.03082275390625,0.01007080078125,0.99945068359375,0.013671875,0.00390625,-0.0234375,0.57421875,-0.15234375,9.4609375
954,264000000,imu2_frame,-0.00543212890625,-0.03082275390625,0.01007080078125,0.99945068359375,0.005859375,-0.017578125,-0.037109375,0.57421875,-0.15234375,9.4609375
954,284000000,imu2_frame,-0.00543212890625,-0.03082275390625,0.01007080078125,0.99945068359375,0.005859375,-0.017578125,-0.037109375,0.53515625,-0.0390625,9.46484375
954,304000000,imu2_frame,-0.00543212890625,-0.03082275390625,0.01007080078125,0.99945068359375,0.0,-0.01171875,-0.037109375,0.53515625,-0.0390625,9.46484375
954,324000000,imu2_frame,-0.00543212890625,-0.03082275390625,0.01007080078125,0.99945068359375,0.0,0.013671875,-0.0390625,0.53515625,-0.0390625,9.46484375
954,344000000,imu2_frame,-0.00543212890625,-0.03082275390625,0.01007080078125,0.99945068359375,-0.0078125,0.0,-0.017578125,0.53515625,-0.0390625,9.46484375
954,364000000,imu2_frame,-0.00543212890625,-0.03082275390625,0.01007080078125,0.99945068359375,-0.0078125,0.0,-0.017578125,0.57421875,-0.11328125,9.4609375
954,384000000,imu2_frame,-0.00543212890625,-0.03082275390625,0.01007080078125,0.99945068359375,-0.015625,0.009765625,-0.025390625,0.57421875,-0.11328125,9.4609375
954,404000000,imu2_frame,-0.00543212890625,-0.03082275390625,0.01007080078125,0.99945068359375,0.001953125,0.00390625,-0.03515625,0.57421875,-0.11328125,9.4609375
954,424000000,imu2_frame,-0.00543212890625,-0.03082275390625,0.01007080078125,0.99945068359375,-0.013671875,0.0078125,-0.017578125,0.57421875,-0.11328125,9.4609375
954,444000000,imu2_frame,-0.00543212890625,-0.03082275390625,0.01007080078125,0.99945068359375,-0.013671875,0.0078125,-0.017578125,0.57421875,-0.11328125,9.4609375
954,464000000,imu2_frame,-0.00543212890625,-0.03082275390625,0.01007080078125,0.99945068359375,0.005859375,0.01171875,-0.015625,0.57421875,-0.11328125,9.4609375
954,484000000,imu2_frame,-0.00543212890625,-0.03082275390625,0.01007080078125,0.99945068359375,-0.00390625,-0.001953125,-0.048828125,0.57421875,-0.11328125,9.4609375
954,504000000,imu2_frame,-0.00543212890625,-0.03082275390625,0.01007080078125,0.99945068359375,0.01171875,0.015625,-0.078125,0.57421875,-0.11328125,9.4609375
954,524000000,imu2_frame,-0.00543212890625,-0.03082275390625,0.01007080078125,0.99945068359375,0.01171875,0.015625,-0.078125,0.53515625,-0.19140625,9.4609375
954,544000000,imu2_frame,-0.00543212890625,-0.03082275390625,0.01007080078125,0.99945068359375,0.01953125,0.005859375,-0.05859375,0.53515625,-0.19140625,9.4609375
954,564000000,imu2_frame,-0.00543212890625,-0.03082275390625,0.01007080078125,0.99945068359375,-0.01953125,-0.005859375,-0.0234375,0.53515625,-0.19140625,9.4609375
954,584000000,imu2_frame,-0.00543212890625,-0.03082275390625,0.01007080078125,0.99945068359375,0.005859375,0.0,-0.017578125,0.53515625,-0.19140625,9.4609375
954,604000000,imu2_frame,-0.00543212890625,-0.03082275390625,0.01007080078125,0.99945068359375,0.005859375,0.0,-0.017578125,0.53515625,0.0,9.46484375
954,624000000,imu2_frame,-0.00543212890625,-0.03082275390625,0.01007080078125,0.99945068359375,0.013671875,-0.0078125,-0.01171875,0.53515625,0.0,9.46484375
954,644000000,imu2_frame,-0.00543212890625,-0.03082275390625,0.01007080078125,0.99945068359375,-0.02734375,0.0,0.0,0.53515625,0.0,9.46484375
954,664000000,imu2_frame,-0.00543212890625,-0.03082275390625,0.01007080078125,0.99945068359375,-0.00390625,0.0,-0.01171875,0.53515625,0.0,9.46484375
954,684000000,imu2_frame,-0.00543212890625,-0.03082275390625,0.01007080078125,0.99945068359375,-0.00390625,0.0,-0.01171875,0.61328125,-0.11328125,9.46484375
954,704000000,imu2_frame,-0.00543212890625,-0.03082275390625,0.01007080078125,0.99945068359375,0.0,0.0,-0.005859375,0.61328125,-0.11328125,9.46484375
954,724000000,imu2_frame,-0.00543212890625,-0.03082275390625,0.01007080078125,0.99945068359375,0.0,-0.001953125,-0.005859375,0.61328125,-0.11328125,9.46484375
954,744000000,imu2_frame,-0.00543212890625,-0.03082275390625,0.01007080078125,0.99945068359375,0.0,0.0,-0.001953125,0.61328125,-0.11328125,9.46484375
954,764000000,imu2_frame,-0.00543212890625,-0.03082275390625,0.01007080078125,0.99945068359375,0.0,0.0,-0.001953125,0.61328125,-0.11328125,9.46484375
954,784000000,imu2_frame,-0.00543212890625,-0.03082275390625,0.01007080078125,0.99945068359375,0.0,0.001953125,-0.005859375,0.61328125,-0.11328125,9.46484375
954,804000000,imu2_frame,-0.00543212890625,-0.03082275390625,0.01007080078125,0.99945068359375,-0.00390625,0.0,-0.009765625,0.61328125,-0.11328125,9.46484375
954,824000000,imu2_frame,-0.00543212890625,-0.03082275390625,0.01007080078125,0.99945068359375,0.01953125,-0.00390625,-0.046875,0.61328125,-0.11328125,9.46484375
954,844000000,imu2_frame,-0.00543212890625,-0.03082275390625,0.01007080078125,0.99945068359375,0.01953125,-0.00390625,-0.046875,0.57421875,-0.23046875,9.46484375
954,864000000,imu2_frame,-0.00543212890625,-0.03082275390625,0.01007080078125,0.99945068359375,-0.0078125,-0.009765625,-0.013671875,0.57421875,-0.23046875,9.46484375
954,884000000,imu2_frame,-0.00543212890625,-0.03082275390625,0.01007080078125,0.99945068359375,0.037109375,0.009765625,-0.2109375,0.57421875,-0.23046875,9.46484375
954,904000000,imu2_frame,-0.00543212890625,-0.03082275390625,0.01007080078125,0.99945068359375,-0.01171875,0.00390625,-0.10546875,0.57421875,-0.23046875,9.46484375
954,924000000,imu2_frame,-0.00543212890625,-0.03082275390625,0.01007080078125,0.99945068359375,-0.01171875,0.00390625,-0.10546875,0.69140625,-0.11328125,9.4609375
954,944000000,imu2_frame,-0.00543212890625,-0.03082275390625,0.01007080078125,0.99945068359375,-0.00390625,0.0,-0.033203125,0.69140625,-0.11328125,9.4609375
954,964000000,imu2_frame,-0.00543212890625,-0.03082275390625,0.01007080078125,0.99945068359375,0.00390625,0.00390625,-0.025390625,0.69140625,-0.11328125,9.4609375
954,984000000,imu2_frame,-0.00543212890625,-0.03082275390625,0.01007080078125,0.99945068359375,-0.00390625,0.0,0.00390625,0.69140625,-0.11328125,9.4609375
955,4000000,imu2_frame,-0.00543212890625,-0.03082275390625,0.01007080078125,0.99945068359375,-0.00390625,0.0,0.00390625,0.65234375,-0.11328125,9.46484375
955,24000000,imu2_frame,-0.00543212890625,-0.03082275390625,0.01007080078125,0.99945068359375,-0.001953125,0.0,-0.001953125,0.65234375,-0.11328125,9.46484375
955,44000000,imu2_frame,-0.00543212890625,-0.03082275390625,0.01007080078125,0.99945068359375,0.0,0.0,0.001953125,0.65234375,-0.11328125,9.46484375
955,64000000,imu2_frame,-0.00543212890625,-0.03082275390625,0.01007080078125,0.99945068359375,0.0,-0.001953125,0.0,0.65234375,-0.11328125,9.46484375
955,84000000,imu2_frame,-0.00543212890625,-0.03082275390625,0.01007080078125,0.99945068359375,0.0,-0.001953125,0.0,0.65234375,-0.11328125,9.46484375
955,108000000,imu2_frame,-0.00543212890625,-0.03082275390625,0.01007080078125,0.99945068359375,-0.001953125,0.0,0.0,0.65234375,-0.11328125,9.46484375
955,124000000,imu2_frame,-0.00543212890625,-0.03082275390625,0.01007080078125,0.99945068359375,-0.001953125,0.0,0.001953125,0.65234375,-0.11328125,9.46484375
955,144000000,imu2_frame,-0.00543212890625,-0.03082275390625,0.01007080078125,0.99945068359375,0.0,0.0,0.001953125,0.65234375,-0.11328125,9.46484375
955,164000000,imu2_frame,-0.00543212890625,-0.03082275390625,0.01007080078125,0.99945068359375,0.0,0.0,0.001953125,0.65234375,-0.11328125,9.46484375
955,184000000,imu2_frame,-0.00543212890625,-0.03082275390625,0.01007080078125,0.99945068359375,0.0,-0.001953125,0.0,0.65234375,-0.11328125,9.46484375
955,204000000,imu2_frame,-0.00543212890625,-0.03082275390625,0.01007080078125,0.99945068359375,0.00390625,0.0,0.0,0.65234375,-0.11328125,9.46484375
955,224000000,imu2_frame,-0.00543212890625,-0.03082275390625,0.01007080078125,0.99945068359375,0.001953125,0.0,-0.001953125,0.65234375,-0.11328125,9.46484375
955,244000000,imu2_frame,-0.00543212890625,-0.03082275390625,0.01007080078125,0.99945068359375,0.001953125,0.0,-0.001953125,0.65234375,-0.11328125,9.46484375
955,264000000,imu2_frame,-0.00543212890625,-0.03082275390625,0.01007080078125,0.99945068359375,0.001953125,0.0,0.0,0.65234375,-0.11328125,9.46484375
955,284000000,imu2_frame,-0.00543212890625,-0.03082275390625,0.01007080078125,0.99945068359375,-0.001953125,0.0,-0.001953125,0.65234375,-0.11328125,9.46484375
955,304000000,imu2_frame,-0.00543212890625,-0.03082275390625,0.01007080078125,0.99945068359375,-0.001953125,0.0,-0.001953125,0.65234375,-0.11328125,9.46484375
955,324000000,imu2_frame,-0.00543212890625,-0.03082275390625,0.01007080078125,0.99945068359375,-0.001953125,0.0,-0.001953125,0.65234375,-0.11328125,9.46484375
955,344000000,imu2_frame,-0.00543212890625,-0.03082275390625,0.01007080078125,0.99945068359375,0.0,-0.001953125,-0.001953125,0.65234375,-0.11328125,9.46484375
955,364000000,imu2_frame,-0.00543212890625,-0.03082275390625,0.01007080078125,0.99945068359375,0.001953125,-0.001953125,0.0,0.65234375,-0.11328125,9.46484375
955,384000000,imu2_frame,-0.00543212890625,-0.03082275390625,0.01007080078125,0.99945068359375,0.0,0.0,0.0,0.65234375,-0.11328125,9.46484375
955,404000000,imu2_frame,-0.00543212890625,-0.03082275390625,0.01007080078125,0.99945068359375,0.0,0.0,0.0,0.65234375,-0.11328125,9.46484375
955,424000000,imu2_frame,-0.00543212890625,-0.03082275390625,0.01007080078125,0.99945068359375,0.0,-0.001953125,0.0,0.65234375,-0.11328125,9.46484375
955,444000000,imu2_frame,-0.00543212890625,-0.03082275390625,0.01007080078125,0.99945068359375,0.0,0.0,0.001953125,0.65234375,-0.11328125,9.46484375
955,464000000,imu2_frame,-0.00543212890625,-0.03082275390625,0.01007080078125,0.99945068359375,0.001953125,0.0,0.001953125,0.65234375,-0.11328125,9.46484375
955,484000000,imu2_frame,-0.00543212890625,-0.03082275390625,0.01007080078125,0.99945068359375,0.001953125,0.0,0.001953125,0.61328125,-0.11328125,9.46484375
955,504000000,imu2_frame,-0.00543212890625,-0.03082275390625,0.01007080078125,0.99945068359375,0.0,0.0,0.0,0.61328125,-0.11328125,9.46484375
955,524000000,imu2_frame,-0.00543212890625,-0.03082275390625,0.01007080078125,0.99945068359375,0.001953125,0.0,0.001953125,0.61328125,-0.11328125,9.46484375
955,544000000,imu2_frame,-0.00543212890625,-0.03082275390625,0.01007080078125,0.99945068359375,0.00390625,0.0,0.0,0.61328125,-0.11328125,9.46484375
955,564000000,imu2_frame,-0.00543212890625,-0.03082275390625,0.01007080078125,0.99945068359375,0.00390625,0.0,0.0,0.65234375,-0.11328125,9.46484375
955,584000000,imu2_frame,-0.00543212890625,-0.03082275390625,0.01007080078125,0.99945068359375,0.0,0.0,0.0,0.65234375,-0.11328125,9.46484375
955,604000000,imu2_frame,-0.00543212890625,-0.03082275390625,0.01007080078125,0.99945068359375,-0.001953125,0.0,0.0,0.65234375,-0.11328125,9.46484375
955,624000000,imu2_frame,-0.00543212890625,-0.03082275390625,0.01007080078125,0.99945068359375,0.0,0.001953125,0.001953125,0.65234375,-0.11328125,9.46484375
955,644000000,imu2_frame,-0.00543212890625,-0.03082275390625,0.01007080078125,0.99945068359375,0.0,0.001953125,0.001953125,0.65234375,-0.11328125,9.46484375
955,664000000,imu2_frame,-0.00543212890625,-0.03082275390625,0.01007080078125,0.99945068359375,-0.001953125,0.0,-0.001953125,0.65234375,-0.11328125,9.46484375
955,684000000,imu2_frame,-0.00543212890625,-0.03082275390625,0.01007080078125,0.99945068359375,0.001953125,0.0,0.0,0.65234375,-0.11328125,9.46484375
955,704000000,imu2_frame,-0.00543212890625,-0.03082275390625,0.01007080078125,0.99945068359375,-0.00390625,0.0,0.0,0.65234375,-0.11328125,9.46484375
955,724000000,imu2_frame,-0.00543212890625,-0.03082275390625,0.01007080078125,0.99945068359375,-0.00390625,0.0,0.0,0.65234375,-0.11328125,9.46484375
955,744000000,imu2_frame,-0.00543212890625,-0.03082275390625,0.01007080078125,0.99945068359375,0.001953125,0.001953125,0.0,0.65234375,-0.11328125,9.46484375
955,764000000,imu2_frame,-0.00543212890625,-0.03082275390625,0.01007080078125,0.99945068359375,0.0,0.0,-0.001953125,0.65234375,-0.11328125,9.46484375
955,784000000,imu2_frame,-0.00543212890625,-0.03082275390625,0.01007080078125,0.99945068359375,0.0,0.0,0.0,0.65234375,-0.11328125,9.46484375
955,804000000,imu2_frame,-0.00543212890625,-0.03082275390625,0.01007080078125,0.99945068359375,0.0,0.0,0.0,0.65234375,-0.11328125,9.46484375
955,824000000,imu2_frame,-0.00543212890625,-0.03082275390625,0.01007080078125,0.99945068359375,0.0,-0.001953125,0.0,0.65234375,-0.11328125,9.46484375
955,844000000,imu2_frame,-0.00543212890625,-0.03082275390625,0.01007080078125,0.99945068359375,-0.00390625,-0.001953125,0.0,0.65234375,-0.11328125,9.46484375
955,864000000,imu2_frame,-0.00543212890625,-0.03082275390625,0.01007080078125,0.99945068359375,-0.00390625,0.0,0.0,0.65234375,-0.11328125,9.46484375
955,884000000,imu2_frame,-0.00543212890625,-0.03082275390625,0.01007080078125,0.99945068359375,-0.00390625,0.0,0.0,0.65234375,-0.11328125,9.46484375
955,904000000,imu2_frame,-0.00543212890625,-0.03082275390625,0.01007080078125,0.99945068359375,-0.00390625,0.0,-0.001953125,0.65234375,-0.11328125,9.46484375
955,924000000,imu2_frame,-0.00543212890625,-0.03082275390625,0.01007080078125,0.99945068359375,0.0,0.001953125,-0.001953125,0.65234375,-0.11328125,9.46484375
955,944000000,imu2_frame,-0.00543212890625,-0.03082275390625,0.01007080078125,0.99945068359375,0.0,0.0,0.0,0.65234375,-0.11328125,9.46484375
955,964000000,imu2_frame,-0.00543212890625,-0.03082275390625,0.01007080078125,0.99945068359375,0.0,0.0,0.0,0.65234375,-0.15234375,9.46484375
955,984000000,imu2_frame,-0.00543212890625,-0.03082275390625,0.01007080078125,0.99945068359375,0.001953125,0.0,0.001953125,0.65234375,-0.15234375,9.46484375
956,4000000,imu2_frame,-0.00543212890625,-0.03082275390625,0.01007080078125,0.99945068359375,-0.001953125,0.0,-0.001953125,0.65234375,-0.15234375,9.46484375
956,24000000,imu2_frame,-0.00543212890625,-0.03082275390625,0.01007080078125,0.99945068359375,0.001953125,0.0,0.0,0.65234375,-0.15234375,9.46484375
956,44000000,imu2_frame,-0.00543212890625,-0.03082275390625,0.01007080078125,0.99945068359375,0.001953125,0.0,0.0,0.65234375,-0.11328125,9.46484375
956,64000000,imu2_frame,-0.00543212890625,-0.03082275390625,0.01007080078125,0.99945068359375,0.00390625,0.0,0.001953125,0.65234375,-0.11328125,9.46484375
956,84000000,imu2_frame,-0.00543212890625,-0.03082275390625,0.01007080078125,0.99945068359375,0.0,0.0,0.0,0.65234375,-0.11328125,9.46484375
956,104000000,imu2_frame,-0.00543212890625,-0.03082275390625,0.01007080078125,0.99945068359375,-0.001953125,-0.001953125,0.0,0.65234375,-0.11328125,9.46484375
956,124000000,imu2_frame,-0.00543212890625,-0.03082275390625,0.01007080078125,0.99945068359375,-0.001953125,-0.001953125,0.0,0.65234375,-0.11328125,9.46484375
956,144000000,imu2_frame,-0.00543212890625,-0.03082275390625,0.01007080078125,0.99945068359375,0.001953125,-0.001953125,0.0,0.65234375,-0.11328125,9.46484375
956,164000000,imu2_frame,-0.00543212890625,-0.03082275390625,0.01007080078125,0.99945068359375,0.0,0.0,0.0,0.65234375,-0.11328125,9.46484375
956,184000000,imu2_frame,-0.00543212890625,-0.03082275390625,0.01007080078125,0.99945068359375,0.001953125,0.0,0.0,0.65234375,-0.11328125,9.46484375
956,204000000,imu2_frame,-0.00543212890625,-0.03082275390625,0.01007080078125,0.99945068359375,0.001953125,0.0,0.0,0.65234375,-0.11328125,9.46484375
956,224000000,imu2_frame,-0.00543212890625,-0.03082275390625,0.01007080078125,0.99945068359375,0.0,0.0,0.0,0.65234375,-0.11328125,9.46484375
956,244000000,imu2_frame,-0.00543212890625,-0.03082275390625,0.01007080078125,0.99945068359375,-0.001953125,-0.001953125,0.0,0.65234375,-0.11328125,9.46484375
956,264000000,imu2_frame,-0.00543212890625,-0.03082275390625,0.01007080078125,0.99945068359375,0.0,0.0,-0.001953125,0.65234375,-0.11328125,9.46484375
956,284000000,imu2_frame,-0.00543212890625,-0.03082275390625,0.01007080078125,0.99945068359375,0.0,0.0,-0.001953125,0.65234375,-0.11328125,9.46484375
956,304000000,imu2_frame,-0.00543212890625,-0.03082275390625,0.01007080078125,0.99945068359375,0.001953125,0.0,0.0,0.65234375,-0.11328125,9.46484375
956,324000000,imu2_frame,-0.00543212890625,-0.03082275390625,0.01007080078125,0.99945068359375,0.0,-0.001953125,0.0,0.65234375,-0.11328125,9.46484375
956,344000000,imu2_frame,-0.00543212890625,-0.03082275390625,0.01007080078125,0.99945068359375,0.001953125,0.0,0.0,0.65234375,-0.11328125,9.46484375
956,364000000,imu2_frame,-0.00543212890625,-0.03082275390625,0.01007080078125,0.99945068359375,0.001953125,0.0,0.0,0.65234375,-0.11328125,9.46484375
956,384000000,imu2_frame,-0.00543212890625,-0.03082275390625,0.01007080078125,0.99945068359375,-0.00390625,0.0,0.0,0.65234375,-0.11328125,9.46484375
956,404000000,imu2_frame,-0.00543212890625,-0.03082275390625,0.01007080078125,0.99945068359375,0.00390625,0.0,0.001953125,0.65234375,-0.11328125,9.46484375
956,424000000,imu2_frame,-0.00543212890625,-0.03082275390625,0.01007080078125,0.99945068359375,-0.00390625,0.0,0.0,0.65234375,-0.11328125,9.46484375
956,444000000,imu2_frame,-0.00543212890625,-0.03082275390625,0.01007080078125,0.99945068359375,-0.00390625,0.0,0.0,0.65234375,-0.11328125,9.46484375
956,464000000,imu2_frame,-0.00543212890625,-0.03082275390625,0.01007080078125,0.99945068359375,0.0,0.0,0.0,0.65234375,-0.11328125,9.46484375
956,484000000,imu2_frame,-0.00543212890625,-0.03082275390625,0.01007080078125,0.99945068359375,0.0,0.001953125,-0.001953125,0.65234375,-0.11328125,9.46484375
956,504000000,imu2_frame,-0.00543212890625,-0.03082275390625,0.01007080078125,0.99945068359375,-0.001953125,-0.001953125,-0.001953125,0.65234375,-0.11328125,9.46484375
956,524000000,imu2_frame,-0.00543212890625,-0.03082275390625,0.01007080078125,0.99945068359375,-0.001953125,-0.001953125,-0.001953125,0.65234375,-0.11328125,9.46484375
956,544000000,imu2_frame,-0.00543212890625,-0.03082275390625,0.01007080078125,0.99945068359375,0.001953125,0.0,-0.001953125,0.65234375,-0.11328125,9.46484375
956,564000000,imu2_frame,-0.00543212890625,-0.03082275390625,0.01007080078125,0.99945068359375,0.0,0.0,-0.001953125,0.65234375,-0.11328125,9.46484375
956,584000000,imu2_frame,-0.00543212890625,-0.03082275390625,0.01007080078125,0.99945068359375,0.0,0.0,0.0,0.65234375,-0.11328125,9.46484375
956,604000000,imu2_frame,-0.00543212890625,-0.03082275390625,0.01007080078125,0.99945068359375,0.0,0.0,0.0,0.65234375,-0.11328125,9.46484375
956,624000000,imu2_frame,-0.00543212890625,-0.03082275390625,0.01007080078125,0.99945068359375,0.0,0.0,0.0,0.65234375,-0.11328125,9.46484375
956,644000000,imu2_frame,-0.00543212890625,-0.03082275390625,0.01007080078125,0.99945068359375,0.001953125,0.0,0.001953125,0.65234375,-0.11328125,9.46484375
956,664000000,imu2_frame,-0.00543212890625,-0.03082275390625,0.01007080078125,0.99945068359375,0.0,-0.001953125,0.0,0.65234375,-0.11328125,9.46484375
956,684000000,imu2_frame,-0.00543212890625,-0.03082275390625,0.01007080078125,0.99945068359375,0.0,-0.001953125,0.0,0.65234375,-0.11328125,9.46484375
956,704000000,imu2_frame,-0.00543212890625,-0.03082275390625,0.01007080078125,0.99945068359375,0.0,0.0,-0.001953125,0.65234375,-0.11328125,9.46484375
956,724000000,imu2_frame,-0.00543212890625,-0.03082275390625,0.01007080078125,0.99945068359375,-0.001953125,-0.001953125,0.0,0.65234375,-0.11328125,9.46484375
956,744000000,imu2_frame,-0.00543212890625,-0.03082275390625,0.01007080078125,0.99945068359375,0.00390625,0.001953125,-0.001953125,0.65234375,-0.11328125,9.46484375
956,764000000,imu2_frame,-0.00543212890625,-0.03082275390625,0.01007080078125,0.99945068359375,0.00390625,0.001953125,-0.001953125,0.65234375,-0.11328125,9.46484375
956,784000000,imu2_frame,-0.00543212890625,-0.03082275390625,0.01007080078125,0.99945068359375,0.0,0.0,0.0,0.65234375,-0.11328125,9.46484375
956,804000000,imu2_frame,-0.00543212890625,-0.03082275390625,0.01007080078125,0.99945068359375,0.0,0.0,0.0,0.65234375,-0.11328125,9.46484375
956,824000000,imu2_frame,-0.00543212890625,-0.03082275390625,0.01007080078125,0.99945068359375,0.0,0.0,0.0,0.65234375,-0.11328125,9.46484375
956,844000000,imu2_frame,-0.00543212890625,-0.03082275390625,0.01007080078125,0.99945068359375,0.0,0.0,0.0,0.65234375,-0.11328125,9.46484375
956,864000000,imu2_frame,-0.00543212890625,-0.03082275390625,0.01007080078125,0.99945068359375,0.0,0.0,0.0,0.65234375,-0.11328125,9.46484375
956,884000000,imu2_frame,-0.00543212890625,-0.03082275390625,0.01007080078125,0.99945068359375,0.0,0.0,0.0,0.65234375,-0.11328125,9.46484375
956,904000000,imu2_frame,-0.00543212890625,-0.03082275390625,0.01007080078125,0.99945068359375,0.0,0.0,0.0,0.65234375,-0.11328125,9.46484375
956,924000000,imu2_frame,-0.00543212890625,-0.03082275390625,0.01007080078125,0.99945068359375,0.0,0.0,0.0,0.65234375,-0.11328125,9.46484375
956,944000000,imu2_frame,-0.00543212890625,-0.03082275390625,0.01007080078125,0.99945068359375,0.0,0.0,0.0,0.65234375,-0.11328125,9.46484375
956,964000000,imu2_frame,-0.00543212890625,-0.03082275390625,0.01007080078125,0.99945068359375,0.0,0.0,0.0,0.65234375,-0.11328125,9.46484375
956,984000000,imu2_frame,-0.00543212890625,-0.03082275390625,0.01007080078125,0.99945068359375,0.0,0.0,0.0,0.65234375,-0.11328125,9.46484375
957,4000000,imu2_frame,-0.00543212890625,-0.03082275390625,0.01007080078125,0.99945068359375,0.0,0.0,0.0,0.65234375,-0.11328125,9.46484375
957,24000000,imu2_frame,-0.00543212890625,-0.03082275390625,0.01007080078125,0.99945068359375,0.0,0.0,0.0,0.65234375,-0.11328125,9.46484375
957,44000000,imu2_frame,-0.00543212890625,-0.03082275390625,0.01007080078125,0.99945068359375,0.0,0.0,0.0,0.65234375,-0.11328125,9.46484375
957,64000000,imu2_frame,-0.00543212890625,-0.03082275390625,0.01007080078125,0.99945068359375,0.0,0.0,0.0,0.65234375,-0.11328125,9.46484375
957,84000000,imu2_frame,-0.00543212890625,-0.03082275390625,0.01007080078125,0.99945068359375,0.0,0.0,0.0,0.65234375,-0.11328125,9.46484375
957,104000000,imu2_frame,-0.00543212890625,-0.03082275390625,0.01007080078125,0.99945068359375,0.0,0.0,0.0,0.65234375,-0.11328125,9.46484375
957,124000000,imu2_frame,-0.00543212890625,-0.03082275390625,0.01007080078125,0.99945068359375,0.0,0.0,0.0,0.65234375,-0.11328125,9.46484375
957,144000000,imu2_frame,-0.00543212890625,-0.03082275390625,0.01007080078125,0.99945068359375,0.0,0.0,0.0,0.65234375,-0.11328125,9.46484375
957,164000000,imu2_frame,-0.00543212890625,-0.03082275390625,0.01007080078125,0.99945068359375,0.0,0.0,0.0,0.65234375,-0.15234375,9.421875
957,184000000,imu2_frame,-0.00543212890625,-0.03082275390625,0.01007080078125,0.99945068359375,0.0,0.0,0.0,0.65234375,-0.15234375,9.421875
957,204000000,imu2_frame,-0.00543212890625,-0.03082275390625,0.01007080078125,0.99945068359375,0.0,0.0,0.0,0.65234375,-0.15234375,9.421875
957,224000000,imu2_frame,-0.00543212890625,-0.03082275390625,0.01007080078125,0.99945068359375,0.0,0.0,0.0,0.65234375,-0.15234375,9.421875
957,244000000,imu2_frame,-0.00543212890625,-0.03082275390625,0.01007080078125,0.99945068359375,0.0,0.0,0.0,0.65234375,-0.15234375,9.46484375
957,264000000,imu2_frame,-0.00543212890625,-0.03082275390625,0.01007080078125,0.99945068359375,0.0,0.0,0.0,0.65234375,-0.15234375,9.46484375
957,284000000,imu2_frame,-0.00543212890625,-0.03082275390625,0.01007080078125,0.99945068359375,0.0,0.0,0.0,0.65234375,-0.15234375,9.46484375
957,304000000,imu2_frame,-0.00543212890625,-0.03082275390625,0.01007080078125,0.99945068359375,0.0,0.0,0.0,0.65234375,-0.15234375,9.46484375
957,324000000,imu2_frame,-0.00543212890625,-0.03082275390625,0.01007080078125,0.99945068359375,0.0,0.0,0.0,0.65234375,-0.11328125,9.46484375
957,344000000,imu2_frame,-0.00543212890625,-0.03082275390625,0.01007080078125,0.99945068359375,0.0,0.0,0.0,0.65234375,-0.11328125,9.46484375
957,364000000,imu2_frame,-0.00543212890625,-0.03082275390625,0.01007080078125,0.99945068359375,0.0,0.0,0.0,0.65234375,-0.11328125,9.46484375
957,384000000,imu2_frame,-0.00543212890625,-0.03082275390625,0.01007080078125,0.99945068359375,0.0,0.0,0.0,0.65234375,-0.11328125,9.46484375
957,404000000,imu2_frame,-0.00543212890625,-0.03082275390625,0.01007080078125,0.99945068359375,0.0,0.0,0.0,0.65234375,-0.11328125,9.46484375
957,424000000,imu2_frame,-0.00543212890625,-0.03082275390625,0.01007080078125,0.99945068359375,0.0,0.0,0.0,0.65234375,-0.11328125,9.46484375
957,444000000,imu2_frame,-0.00543212890625,-0.03082275390625,0.01007080078125,0.99945068359375,0.0,0.0,0.0,0.65234375,-0.11328125,9.46484375
957,464000000,imu2_frame,-0.00543212890625,-0.03082275390625,0.01007080078125,0.99945068359375,0.0,0.0,0.0,0.65234375,-0.11328125,9.46484375
957,484000000,imu2_frame,-0.00543212890625,-0.03082275390625,0.01007080078125,0.99945068359375,0.0,0.0,0.0,0.65234375,-0.11328125,9.46484375
957,504000000,imu2_frame,-0.00543212890625,-0.03082275390625,0.01007080078125,0.99945068359375,0.0,0.0,0.0,0.65234375,-0.11328125,9.46484375
957,524000000,imu2_frame,-0.00543212890625,-0.03082275390625,0.01007080078125,0.99945068359375,0.0,0.0,0.0,0.65234375,-0.11328125,9.46484375
957,544000000,imu2_frame,-0.00543212890625,-0.03082275390625,0.01007080078125,0.99945068359375,0.0,0.0,0.0,0.65234375,-0.11328125,9.46484375
957,564000000,imu2_frame,-0.00543212890625,-0.03082275390625,0.01007080078125,0.99945068359375,0.0,0.0,0.0,0.65234375,-0.11328125,9.46484375
957,584000000,imu2_frame,-0.00543212890625,-0.03082275390625,0.01007080078125,0.99945068359375,0.0,0.0,0.0,0.65234375,-0.11328125,9.46484375
957,604000000,imu2_frame,-0.00543212890625,-0.03082275390625,0.01007080078125,0.99945068359375,-0.001953125,0.0,-0.009765625,0.65234375,-0.11328125,9.46484375
957,624000000,imu2_frame,-0.00543212890625,-0.03082275390625,0.01007080078125,0.99945068359375,-0.001953125,0.0,-0.0078125,0.65234375,-0.11328125,9.46484375
957,644000000,imu2_frame,-0.00543212890625,-0.03082275390625,0.01007080078125,0.99945068359375,-0.001953125,0.0,-0.0078125,0.65234375,-0.11328125,9.46484375
957,664000000,imu2_frame,-0.00543212890625,-0.03082275390625,0.01007080078125,0.99945068359375,0.0,-0.001953125,-0.001953125,0.65234375,-0.11328125,9.46484375
957,684000000,imu2_frame,-0.00543212890625,-0.03082275390625,0.01007080078125,0.99945068359375,0.001953125,0.0,-0.001953125,0.65234375,-0.11328125,9.46484375
957,704000000,imu2_frame,-0.00543212890625,-0.03082275390625,0.01007080078125,0.99945068359375,0.001953125,0.0,-0.001953125,0.65234375,-0.11328125,9.46484375
957,724000000,imu2_frame,-0.00543212890625,-0.03082275390625,0.01007080078125,0.99945068359375,0.001953125,0.0,-0.001953125,0.69140625,-0.19140625,9.46484375
957,744000000,imu2_frame,-0.00543212890625,-0.03082275390625,0.01007080078125,0.99945068359375,-0.00390625,0.001953125,-0.109375,0.69140625,-0.19140625,9.46484375
957,764000000,imu2_frame,-0.00543212890625,-0.03082275390625,0.01007080078125,0.99945068359375,0.0234375,-0.009765625,0.0,0.69140625,-0.19140625,9.46484375
957,784000000,imu2_frame,-0.00543212890625,-0.03082275390625,0.01007080078125,0.99945068359375,-0.005859375,-0.005859375,-0.0234375,0.69140625,-0.19140625,9.46484375
957,804000000,imu2_frame,-0.00543212890625,-0.03082275390625,0.01007080078125,0.99945068359375,-0.005859375,-0.005859375,-0.0234375,0.57421875,-0.078125,9.5
957,824000000,imu2_frame,-0.00543212890625,-0.03082275390625,0.01007080078125,0.99945068359375,0.0078125,0.00390625,-0.01953125,0.57421875,-0.078125,9.5
957,844000000,imu2_frame,-0.00543212890625,-0.03082275390625,0.01007080078125,0.99945068359375,-0.005859375,0.0,0.025390625,0.57421875,-0.078125,9.5
957,864000000,imu2_frame,-0.00543212890625,-0.03082275390625,0.01007080078125,0.99945068359375,-0.00390625,-0.001953125,0.013671875,0.57421875,-0.078125,9.5
957,884000000,imu2_frame,-0.00543212890625,-0.03082275390625,0.01007080078125,0.99945068359375,-0.00390625,-0.001953125,0.013671875,0.7265625,-0.15234375,9.46484375
957,904000000,imu2_frame,-0.00543212890625,-0.03082275390625,0.01007080078125,0.99945068359375,-0.005859375,0.0,0.005859375,0.7265625,-0.15234375,9.46484375
957,924000000,imu2_frame,-0.00543212890625,-0.03082275390625,0.01007080078125,0.99945068359375,-0.005859375,0.0,0.0078125,0.7265625,-0.15234375,9.46484375
957,944000000,imu2_frame,-0.00543212890625,-0.03082275390625,0.01007080078125,0.99945068359375,-0.005859375,0.00390625,-0.005859375,0.7265625,-0.15234375,9.46484375
957,964000000,imu2_frame,-0.00543212890625,-0.03082275390625,0.01007080078125,0.99945068359375,-0.005859375,0.00390625,-0.005859375,0.69140625,-0.19140625,9.46484375
957,984000000,imu2_frame,-0.00543212890625,-0.03082275390625,0.01007080078125,0.99945068359375,0.00390625,0.00390625,-0.001953125,0.69140625,-0.19140625,9.46484375
958,4000000,imu2_frame,-0.00543212890625,-0.03082275390625,0.01007080078125,0.99945068359375,-0.005859375,-0.001953125,0.013671875,0.69140625,-0.19140625,9.46484375
958,24000000,imu2_frame,-0.00543212890625,-0.03082275390625,0.01007080078125,0.99945068359375,0.00390625,-0.001953125,-0.013671875,0.69140625,-0.19140625,9.46484375
958,44000000,imu2_frame,-0.00543212890625,-0.03082275390625,0.01007080078125,0.99945068359375,0.00390625,-0.001953125,-0.013671875,0.61328125,-0.11328125,9.50390625
958,64000000,imu2_frame,-0.00543212890625,-0.03082275390625,0.01007080078125,0.99945068359375,0.001953125,0.0,0.001953125,0.61328125,-0.11328125,9.50390625
958,84000000,imu2_frame,-0.00543212890625,-0.03082275390625,0.01007080078125,0.99945068359375,-0.00390625,-0.001953125,-0.005859375,0.61328125,-0.11328125,9.50390625
958,104000000,imu2_frame,-0.00543212890625,-0.03082275390625,0.01007080078125,0.99945068359375,0.0,0.0,-0.001953125,0.61328125,-0.11328125,9.50390625
958,124000000,imu2_frame,-0.00543212890625,-0.03082275390625,0.01007080078125,0.99945068359375,0.0,0.0,-0.001953125,0.49609375,-0.15234375,9.421875
958,144000000,imu2_frame,-0.00543212890625,-0.03082275390625,0.01007080078125,0.99945068359375,0.0,0.0,-0.001953125,0.4609375,-0.15234375,9.46484375
958,164000000,imu2_frame,-0.00543212890625,-0.03082275390625,0.01007080078125,0.99945068359375,-0.005859375,-0.001953125,-0.001953125,0.4609375,-0.15234375,9.46484375
958,184000000,imu2_frame,-0.00543212890625,-0.03082275390625,0.01007080078125,0.99945068359375,0.0,-0.001953125,0.0,0.4609375,-0.15234375,9.46484375
958,204000000,imu2_frame,-0.00543212890625,-0.03082275390625,0.01007080078125,0.99945068359375,0.0,-0.001953125,0.0,0.49609375,-0.15234375,9.46484375
958,224000000,imu2_frame,-0.00543212890625,-0.03082275390625,0.01007080078125,0.99945068359375,0.0,0.0,-0.001953125,0.49609375,-0.15234375,9.46484375
958,244000000,imu2_frame,-0.00543212890625,-0.03082275390625,0.01007080078125,0.99945068359375,0.0,-0.001953125,0.001953125,0.49609375,-0.15234375,9.46484375
958,264000000,imu2_frame,-0.00543212890625,-0.03082275390625,0.01007080078125,0.99945068359375,0.01171875,0.00390625,0.013671875,0.49609375,-0.15234375,9.46484375
958,284000000,imu2_frame,-0.00543212890625,-0.03082275390625,0.01007080078125,0.99945068359375,0.01171875,0.00390625,0.013671875,0.49609375,-0.421875,9.4609375
958,304000000,imu2_frame,-0.00543212890625,-0.03082275390625,0.01007080078125,0.99945068359375,0.001953125,0.017578125,-0.048828125,0.49609375,-0.421875,9.4609375
958,324000000,imu2_frame,-0.00543212890625,-0.03082275390625,0.01007080078125,0.99945068359375,0.00390625,-0.015625,0.0,0.49609375,-0.421875,9.4609375
958,344000000,imu2_frame,-0.00543212890625,-0.03082275390625,0.01007080078125,0.99945068359375,0.0,0.013671875,0.005859375,0.49609375,-0.421875,9.4609375
958,364000000,imu2_frame,-0.00543212890625,-0.03082275390625,0.01007080078125,0.99945068359375,0.0,0.013671875,0.005859375,0.61328125,-0.23046875,9.4609375
958,384000000,imu2_frame,-0.00543212890625,-0.03082275390625,0.01007080078125,0.99945068359375,-0.048828125,-0.00390625,-0.013671875,0.61328125,-0.23046875,9.4609375
958,404000000,imu2_frame,-0.00543212890625,-0.03082275390625,0.01007080078125,0.99945068359375,0.04296875,-0.0234375,-0.01171875,0.61328125,-0.23046875,9.4609375
958,424000000,imu2_frame,-0.00543212890625,-0.03082275390625,0.01007080078125,0.99945068359375,0.025390625,-0.01171875,-0.025390625,0.61328125,-0.23046875,9.4609375
958,444000000,imu2_frame,-0.00543212890625,-0.03082275390625,0.01007080078125,0.99945068359375,0.025390625,-0.01171875,-0.025390625,0.61328125,-0.15234375,9.46484375
958,464000000,imu2_frame,-0.00543212890625,-0.03082275390625,0.01007080078125,0.99945068359375,0.02734375,0.0078125,-0.048828125,0.61328125,-0.15234375,9.46484375
958,484000000,imu2_frame,-0.00543212890625,-0.03082275390625,0.01007080078125,0.99945068359375,-0.017578125,0.01953125,-0.0625,0.61328125,-0.15234375,9.46484375
958,504000000,imu2_frame,-0.00543212890625,-0.03082275390625,0.01007080078125,0.99945068359375,-0.04296875,-0.001953125,-0.0546875,0.61328125,-0.15234375,9.46484375
958,524000000,imu2_frame,-0.00543212890625,-0.03082275390625,0.01007080078125,0.99945068359375,-0.04296875,-0.001953125,-0.0546875,0.53515625,0.15234375,9.46484375
958,544000000,imu2_frame,-0.00543212890625,-0.03082275390625,0.01007080078125,0.99945068359375,0.005859375,-0.005859375,-0.0078125,0.53515625,0.15234375,9.46484375
958,564000000,imu2_frame,-0.00543212890625,-0.03082275390625,0.01007080078125,0.99945068359375,-0.009765625,-0.001953125,-0.046875,0.53515625,0.15234375,9.46484375
958,584000000,imu2_frame,-0.00543212890625,-0.03082275390625,0.01007080078125,0.99945068359375,-0.00390625,-0.001953125,-0.037109375,0.53515625,0.15234375,9.46484375
958,604000000,imu2_frame,-0.00543212890625,-0.03082275390625,0.01007080078125,0.99945068359375,-0.00390625,-0.001953125,-0.037109375,0.49609375,-0.078125,9.46484375
958,624000000,imu2_frame,-0.00543212890625,-0.03082275390625,0.01007080078125,0.99945068359375,0.021484375,0.001953125,0.009765625,0.49609375,-0.078125,9.46484375
958,644000000,imu2_frame,-0.00543212890625,-0.03082275390625,0.01007080078125,0.99945068359375,-0.013671875,0.013671875,-0.033203125,0.49609375,-0.078125,9.46484375
958,664000000,imu2_frame,-0.00543212890625,-0.03082275390625,0.01007080078125,0.99945068359375,-0.005859375,-0.001953125,0.029296875,0.49609375,-0.078125,9.46484375
958,684000000,imu2_frame,-0.00543212890625,-0.03082275390625,0.01007080078125,0.99945068359375,-0.005859375,-0.001953125,0.029296875,0.53515625,0.0,9.46484375
958,704000000,imu2_frame,-0.00543212890625,-0.03082275390625,0.01007080078125,0.99945068359375,0.060546875,-0.021484375,-0.05078125,0.53515625,0.0,9.46484375
958,724000000,imu2_frame,-0.00543212890625,-0.03082275390625,0.01007080078125,0.99945068359375,0.001953125,-0.001953125,-0.017578125,0.53515625,0.0,9.46484375
958,744000000,imu2_frame,-0.00543212890625,-0.03082275390625,0.01007080078125,0.99945068359375,-0.005859375,0.01171875,-0.095703125,0.53515625,0.0,9.46484375
958,764000000,imu2_frame,-0.00543212890625,-0.03082275390625,0.01007080078125,0.99945068359375,-0.005859375,0.01171875,-0.095703125,0.61328125,-0.078125,9.46484375
958,784000000,imu2_frame,-0.00543212890625,-0.03082275390625,0.01007080078125,0.99945068359375,0.02734375,-0.0234375,-0.029296875,0.61328125,-0.078125,9.46484375
958,804000000,imu2_frame,-0.00543212890625,-0.03082275390625,0.01007080078125,0.99945068359375,-0.037109375,0.0078125,-0.080078125,0.61328125,-0.078125,9.46484375
958,824000000,imu2_frame,-0.00543212890625,-0.03082275390625,0.01007080078125,0.99945068359375,0.03515625,0.00390625,-0.078125,0.61328125,-0.078125,9.46484375
958,844000000,imu2_frame,-0.00543212890625,-0.03082275390625,0.01007080078125,0.99945068359375,0.03515625,0.00390625,-0.078125,0.53515625,0.078125,9.50390625
958,864000000,imu2_frame,-0.00543212890625,-0.03082275390625,0.01007080078125,0.99945068359375,0.005859375,-0.025390625,-0.02734375,0.53515625,0.078125,9.50390625
958,884000000,imu2_frame,-0.00543212890625,-0.03082275390625,0.01007080078125,0.99945068359375,-0.03515625,-0.021484375,0.0078125,0.53515625,0.078125,9.50390625
958,904000000,imu2_frame,-0.00543212890625,-0.03082275390625,0.01007080078125,0.99945068359375,0.0,-0.001953125,-0.01171875,0.53515625,0.078125,9.50390625
958,924000000,imu2_frame,-0.00543212890625,-0.03082275390625,0.01007080078125,0.99945068359375,0.0,-0.001953125,-0.01171875,0.65234375,-0.078125,9.50390625
958,944000000,imu2_frame,-0.00543212890625,-0.03082275390625,0.01007080078125,0.99945068359375,0.0,-0.001953125,-0.01171875,0.49609375,0.15234375,9.46484375
958,964000000,imu2_frame,-0.00543212890625,-0.03082275390625,0.01007080078125,0.99945068359375,-0.009765625,0.021484375,-0.048828125,0.49609375,0.15234375,9.46484375
958,984000000,imu2_frame,-0.00543212890625,-0.03082275390625,0.01007080078125,0.99945068359375,0.0234375,-0.01953125,-0.0546875,0.49609375,0.15234375,9.46484375
959,4000000,imu2_frame,-0.00543212890625,-0.03082275390625,0.01007080078125,0.99945068359375,0.0234375,-0.01953125,-0.0546875,0.49609375,0.0390625,9.50390625
959,24000000,imu2_frame,-0.00543212890625,-0.03082275390625,0.01007080078125,0.99945068359375,0.0234375,-0.01953125,-0.0546875,0.61328125,0.0,9.46484375
959,44000000,imu2_frame,-0.00543212890625,-0.03082275390625,0.01007080078125,0.99945068359375,-0.005859375,-0.015625,0.048828125,0.61328125,0.0,9.46484375
959,64000000,imu2_frame,-0.00543212890625,-0.03082275390625,0.01007080078125,0.99945068359375,0.001953125,0.01953125,-0.099609375,0.61328125,0.0,9.46484375
959,84000000,imu2_frame,-0.00543212890625,-0.03082275390625,0.01007080078125,0.99945068359375,0.001953125,0.01953125,-0.099609375,0.53515625,0.0,9.46484375
959,104000000,imu2_frame,-0.00543212890625,-0.03082275390625,0.01007080078125,0.99945068359375,0.001953125,0.01953125,-0.099609375,0.53515625,-0.23046875,9.4609375
959,124000000,imu2_frame,-0.00543212890625,-0.03082275390625,0.01007080078125,0.99945068359375,0.001953125,0.005859375,-0.041015625,0.53515625,-0.23046875,9.4609375
959,144000000,imu2_frame,-0.00543212890625,-0.03082275390625,0.01007080078125,0.99945068359375,0.0,0.00390625,-0.009765625,0.53515625,-0.23046875,9.4609375
959,164000000,imu2_frame,-0.00543212890625,-0.03082275390625,0.01007080078125,0.99945068359375,0.0,0.00390625,-0.009765625,0.57421875,-0.23046875,9.46484375
959,184000000,imu2_frame,-0.00543212890625,-0.03082275390625,0.01007080078125,0.99945068359375,0.0,0.00390625,-0.009765625,0.53515625,-0.34375,9.46484375
959,204000000,imu2_frame,-0.00543212890625,-0.03082275390625,0.01007080078125,0.99945068359375,0.017578125,0.0078125,-0.056640625,0.53515625,-0.34375,9.46484375
959,224000000,imu2_frame,-0.00543212890625,-0.03082275390625,0.01007080078125,0.99945068359375,0.015625,0.0,-0.01953125,0.53515625,-0.34375,9.46484375
959,244000000,imu2_frame,-0.00543212890625,-0.03082275390625,0.01007080078125,0.99945068359375,0.015625,0.0,-0.01953125,0.53515625,-0.34375,9.421875
959,264000000,imu2_frame,-0.00543212890625,-0.03082275390625,0.01007080078125,0.99945068359375,0.015625,0.0,-0.01953125,0.57421875,-0.11328125,9.5
959,284000000,imu2_frame,-0.00543212890625,-0.03082275390625,0.01007080078125,0.99945068359375,0.005859375,-0.017578125,0.046875,0.57421875,-0.11328125,9.5
959,304000000,imu2_frame,-0.00543212890625,-0.03082275390625,0.01007080078125,0.99945068359375,0.0078125,0.00390625,-0.068359375,0.57421875,-0.11328125,9.5
959,324000000,imu2_frame,-0.00543212890625,-0.03082275390625,0.01007080078125,0.99945068359375,0.0078125,0.00390625,-0.068359375,0.57421875,-0.11328125,9.4609375
959,344000000,imu2_frame,-0.00543212890625,-0.03082275390625,0.01007080078125,0.99945068359375,0.0078125,0.00390625,-0.068359375,0.53515625,-0.15234375,9.46484375
959,364000000,imu2_frame,-0.00543212890625,-0.03082275390625,0.01007080078125,0.99945068359375,-0.009765625,0.005859375,-0.09765625,0.53515625,-0.15234375,9.46484375
959,384000000,imu2_frame,-0.00543212890625,-0.03082275390625,0.01007080078125,0.99945068359375,-0.009765625,0.005859375,-0.044921875,0.53515625,-0.15234375,9.46484375
959,404000000,imu2_frame,-0.00543212890625,-0.03082275390625,0.01007080078125,0.99945068359375,-0.009765625,0.005859375,-0.044921875,0.61328125,0.0,9.46484375
959,424000000,imu2_frame,-0.00543212890625,-0.03082275390625,0.01007080078125,0.99945068359375,-0.009765625,0.005859375,-0.044921875,0.65234375,-0.19140625,9.4609375
959,444000000,imu2_frame,-0.00543212890625,-0.03082275390625,0.01007080078125,0.99945068359375,-0.01171875,0.005859375,-0.037109375,0.65234375,-0.19140625,9.4609375
959,464000000,imu2_frame,-0.00543212890625,-0.03082275390625,0.01007080078125,0.99945068359375,-0.0234375,-0.001953125,-0.017578125,0.65234375,-0.19140625,9.4609375
959,484000000,imu2_frame,-0.00543212890625,-0.03082275390625,0.01007080078125,0.99945068359375,-0.0234375,-0.001953125,-0.017578125,0.65234375,-0.23046875,9.5
959,504000000,imu2_frame,-0.00543212890625,-0.03082275390625,0.01007080078125,0.99945068359375,-0.0234375,-0.001953125,-0.017578125,0.49609375,-0.078125,9.46484375
959,524000000,imu2_frame,-0.00543212890625,-0.03082275390625,0.01007080078125,0.99945068359375,-0.0078125,0.0078125,-0.03515625,0.49609375,-0.078125,9.46484375
959,544000000,imu2_frame,-0.00543212890625,-0.03082275390625,0.01007080078125,0.99945068359375,-0.009765625,-0.01953125,0.056640625,0.49609375,-0.078125,9.46484375
959,564000000,imu2_frame,-0.00543212890625,-0.03082275390625,0.01007080078125,0.99945068359375,-0.009765625,-0.01953125,0.056640625,0.61328125,-0.23046875,9.4609375
959,584000000,imu2_frame,-0.00543212890625,-0.03082275390625,0.01007080078125,0.99945068359375,-0.009765625,-0.01953125,0.056640625,0.53515625,0.0390625,9.46484375
959,604000000,imu2_frame,-0.00543212890625,-0.03082275390625,0.01007080078125,0.99945068359375,0.04296875,-0.001953125,-0.041015625,0.53515625,0.0390625,9.46484375
959,624000000,imu2_frame,-0.00543212890625,-0.03082275390625,0.01007080078125,0.99945068359375,-0.017578125,-0.00390625,-0.001953125,0.53515625,0.0390625,9.46484375
959,644000000,imu2_frame,-0.00543212890625,-0.03082275390625,0.01007080078125,0.99945068359375,-0.017578125,-0.00390625,-0.001953125,0.61328125,-0.078125,9.46484375
959,664000000,imu2_frame,-0.00543212890625,-0.03082275390625,0.01007080078125,0.99945068359375,-0.017578125,-0.00390625,-0.001953125,0.69140625,-0.15234375,9.4609375
959,684000000,imu2_frame,-0.00543212890625,-0.03082275390625,0.01007080078125,0.99945068359375,0.017578125,-0.009765625,0.0078125,0.69140625,-0.15234375,9.4609375
959,704000000,imu2_frame,-0.00543212890625,-0.03082275390625,0.01007080078125,0.99945068359375,0.0078125,0.009765625,-0.03515625,0.69140625,-0.15234375,9.4609375
959,724000000,imu2_frame,-0.00543212890625,-0.03082275390625,0.01007080078125,0.99945068359375,0.0078125,0.009765625,-0.03515625,0.57421875,-0.15234375,9.4609375
959,744000000,imu2_frame,-0.00543212890625,-0.03082275390625,0.01007080078125,0.99945068359375,0.0078125,0.009765625,-0.03515625,0.61328125,-0.15234375,9.46484375
959,764000000,imu2_frame,-0.00543212890625,-0.03082275390625,0.01007080078125,0.99945068359375,-0.01953125,0.0,-0.03515625,0.61328125,-0.15234375,9.46484375
959,784000000,imu2_frame,-0.00543212890625,-0.03082275390625,0.01007080078125,0.99945068359375,0.0,0.005859375,-0.04296875,0.61328125,-0.15234375,9.46484375
959,804000000,imu2_frame,-0.00543212890625,-0.03082275390625,0.01007080078125,0.99945068359375,0.0,0.005859375,-0.04296875,0.65234375,-0.19140625,9.4609375
959,824000000,imu2_frame,-0.00543212890625,-0.03082275390625,0.01007080078125,0.99945068359375,0.0,0.005859375,-0.04296875,0.53515625,-0.15234375,9.46484375
959,844000000,imu2_frame,-0.00543212890625,-0.03082275390625,0.01007080078125,0.99945068359375,0.0234375,-0.005859375,0.015625,0.53515625,-0.15234375,9.46484375
959,864000000,imu2_frame,-0.00543212890625,-0.03082275390625,0.01007080078125,0.99945068359375,0.00390625,0.0,-0.029296875,0.53515625,-0.15234375,9.46484375
959,884000000,imu2_frame,-0.00543212890625,-0.03082275390625,0.01007080078125,0.99945068359375,0.00390625,0.0,-0.029296875,0.57421875,-0.26953125,9.4609375
959,904000000,imu2_frame,-0.00543212890625,-0.03082275390625,0.01007080078125,0.99945068359375,0.00390625,0.0,-0.029296875,0.49609375,-0.0390625,9.50390625
959,924000000,imu2_frame,-0.00543212890625,-0.03082275390625,0.01007080078125,0.99945068359375,-0.0390625,-0.01171875,-0.01171875,0.49609375,-0.0390625,9.50390625
959,944000000,imu2_frame,-0.00543212890625,-0.03082275390625,0.01007080078125,0.99945068359375,0.0078125,0.0078125,-0.056640625,0.49609375,-0.0390625,9.50390625
959,964000000,imu2_frame,-0.00543212890625,-0.03082275390625,0.01007080078125,0.99945068359375,0.0078125,0.0078125,-0.056640625,0.49609375,-0.0390625,9.46484375
959,984000000,imu2_frame,-0.00543212890625,-0.03082275390625,0.01007080078125,0.99945068359375,0.0078125,0.0078125,-0.056640625,0.49609375,-0.23046875,9.4609375
960,4000000,imu2_frame,-0.00543212890625,-0.03082275390625,0.01007080078125,0.99945068359375,-0.00390625,-0.005859375,-0.046875,0.49609375,-0.23046875,9.4609375
960,24000000,imu2_frame,-0.00543212890625,-0.03082275390625,0.01007080078125,0.99945068359375,0.029296875,0.005859375,-0.046875,0.49609375,-0.23046875,9.4609375
960,44000000,imu2_frame,-0.00543212890625,-0.03082275390625,0.01007080078125,0.99945068359375,0.029296875,0.005859375,-0.046875,0.57421875,0.0,9.4609375
960,64000000,imu2_frame,-0.00543212890625,-0.03082275390625,0.01007080078125,0.99945068359375,0.029296875,0.005859375,-0.046875,0.4609375,0.0390625,9.46484375
960,84000000,imu2_frame,-0.00543212890625,-0.03082275390625,0.01007080078125,0.99945068359375,-0.01953125,0.00390625,-0.130859375,0.4609375,0.0390625,9.46484375
960,104000000,imu2_frame,-0.00543212890625,-0.03082275390625,0.01007080078125,0.99945068359375,-0.03125,-0.013671875,-0.03125,0.4609375,0.0390625,9.46484375
960,124000000,imu2_frame,-0.00543212890625,-0.03082275390625,0.01007080078125,0.99945068359375,-0.03125,-0.013671875,-0.03125,0.49609375,0.0,9.46484375
960,144000000,imu2_frame,-0.00543212890625,-0.03082275390625,0.01007080078125,0.99945068359375,-0.03125,-0.013671875,-0.03125,0.61328125,-0.23046875,9.4609375
960,164000000,imu2_frame,-0.00543212890625,-0.03082275390625,0.01007080078125,0.99945068359375,0.00390625,0.009765625,-0.0703125,0.61328125,-0.23046875,9.4609375
960,184000000,imu2_frame,-0.00543212890625,-0.03082275390625,0.01007080078125,0.99945068359375,-0.0234375,-0.001953125,-0.083984375,0.61328125,-0.23046875,9.4609375
960,204000000,imu2_frame,-0.00543212890625,-0.03082275390625,0.01007080078125,0.99945068359375,-0.0234375,-0.001953125,-0.083984375,0.49609375,-0.0390625,9.46484375
960,224000000,imu2_frame,-0.00543212890625,-0.03082275390625,0.01007080078125,0.99945068359375,-0.0234375,-0.001953125,-0.083984375,0.53515625,-0.078125,9.46484375
960,244000000,imu2_frame,-0.00543212890625,-0.03082275390625,0.01007080078125,0.99945068359375,0.04296875,0.021484375,-0.08203125,0.53515625,-0.078125,9.46484375
960,264000000,imu2_frame,-0.00543212890625,-0.03082275390625,0.01007080078125,0.99945068359375,-0.046875,-0.009765625,0.001953125,0.53515625,-0.078125,9.46484375
960,284000000,imu2_frame,-0.00543212890625,-0.03082275390625,0.01007080078125,0.99945068359375,-0.046875,-0.009765625,0.001953125,0.49609375,-0.26953125,9.46484375
960,304000000,imu2_frame,-0.00543212890625,-0.03082275390625,0.01007080078125,0.99945068359375,-0.046875,-0.009765625,0.001953125,0.53515625,-0.11328125,9.421875
960,324000000,imu2_frame,-0.00543212890625,-0.03082275390625,0.01007080078125,0.99945068359375,0.029296875,0.013671875,0.00390625,0.53515625,-0.11328125,9.421875
960,344000000,imu2_frame,-0.00543212890625,-0.03082275390625,0.01007080078125,0.99945068359375,0.005859375,-0.017578125,0.078125,0.53515625,-0.11328125,9.421875
960,364000000,imu2_frame,-0.00543212890625,-0.03082275390625,0.01007080078125,0.99945068359375,0.005859375,-0.017578125,0.078125,0.53515625,-0.0390625,9.46484375
960,384000000,imu2_frame,-0.00543212890625,-0.03082275390625,0.01007080078125,0.99945068359375,0.005859375,-0.017578125,0.078125,0.53515625,0.0,9.46484375
960,404000000,imu2_frame,-0.00543212890625,-0.03082275390625,0.01007080078125,0.99945068359375,-0.01171875,-0.009765625,0.029296875,0.53515625,0.0,9.46484375
960,424000000,imu2_frame,-0.00543212890625,-0.03082275390625,0.01007080078125,0.99945068359375,0.01171875,-0.0078125,-0.021484375,0.53515625,0.0,9.46484375
960,444000000,imu2_frame,-0.00543212890625,-0.03082275390625,0.01007080078125,0.99945068359375,0.01171875,-0.0078125,-0.021484375,0.57421875,0.0,9.4609375
960,464000000,imu2_frame,-0.00543212890625,-0.03082275390625,0.01007080078125,0.99945068359375,0.01171875,-0.0078125,-0.021484375,0.53515625,-0.23046875,9.4609375
960,484000000,imu2_frame,-0.00543212890625,-0.03082275390625,0.01007080078125,0.99945068359375,-0.021484375,0.0078125,-0.0390625,0.53515625,-0.23046875,9.4609375
960,504000000,imu2_frame,-0.00543212890625,-0.03082275390625,0.01007080078125,0.99945068359375,0.005859375,-0.01171875,0.001953125,0.53515625,-0.23046875,9.4609375
960,524000000,imu2_frame,-0.00543212890625,-0.03082275390625,0.01007080078125,0.99945068359375,0.005859375,-0.01171875,0.001953125,0.57421875,-0.15234375,9.4609375
960,544000000,imu2_frame,-0.00543212890625,-0.03082275390625,0.01007080078125,0.99945068359375,0.005859375,-0.01171875,0.001953125,0.57421875,-0.11328125,9.4609375
960,564000000,imu2_frame,-0.00543212890625,-0.03082275390625,0.01007080078125,0.99945068359375,-0.005859375,0.0,0.044921875,0.57421875,-0.11328125,9.4609375
960,584000000,imu2_frame,-0.00543212890625,-0.03082275390625,0.01007080078125,0.99945068359375,-0.03515625,-0.00390625,-0.029296875,0.57421875,-0.11328125,9.4609375
960,604000000,imu2_frame,-0.00543212890625,-0.03082275390625,0.01007080078125,0.99945068359375,-0.03515625,-0.00390625,-0.029296875,0.57421875,-0.3046875,9.46484375
960,624000000,imu2_frame,-0.00543212890625,-0.03082275390625,0.01007080078125,0.99945068359375,-0.03515625,-0.00390625,-0.029296875,0.65234375,-0.19140625,9.4609375
960,644000000,imu2_frame,-0.00543212890625,-0.03082275390625,0.01007080078125,0.99945068359375,-0.00390625,-0.00390625,-0.033203125,0.65234375,-0.19140625,9.4609375
960,664000000,imu2_frame,-0.00543212890625,-0.03082275390625,0.01007080078125,0.99945068359375,-0.00390625,-0.00390625,-0.033203125,0.57421875,-0.11328125,9.4609375
960,684000000,imu2_frame,-0.00543212890625,-0.03082275390625,0.01007080078125,0.99945068359375,-0.00390625,-0.00390625,-0.033203125,0.57421875,-0.26953125,9.4609375
960,704000000,imu2_frame,-0.00543212890625,-0.03082275390625,0.01007080078125,0.99945068359375,-0.00390625,-0.00390625,-0.033203125,0.49609375,-0.19140625,9.4609375
960,724000000,imu2_frame,-0.00543212890625,-0.03082275390625,0.01007080078125,0.99945068359375,-0.009765625,0.01171875,-0.072265625,0.49609375,-0.19140625,9.4609375
960,744000000,imu2_frame,-0.00543212890625,-0.03082275390625,0.01007080078125,0.99945068359375,-0.009765625,0.01171875,-0.072265625,0.57421875,-0.11328125,9.5
960,764000000,imu2_frame,-0.00543212890625,-0.03082275390625,0.01007080078125,0.99945068359375,-0.009765625,0.01171875,-0.072265625,0.65234375,0.0,9.46484375
960,784000000,imu2_frame,-0.00543212890625,-0.03082275390625,0.01007080078125,0.99945068359375,-0.009765625,0.01171875,-0.072265625,0.65234375,-0.0390625,9.46484375
960,804000000,imu2_frame,-0.00543212890625,-0.03082275390625,0.01007080078125,0.99945068359375,-0.025390625,-0.005859375,0.005859375,0.65234375,-0.0390625,9.46484375
960,824000000,imu2_frame,-0.00543212890625,-0.03082275390625,0.01007080078125,0.99945068359375,-0.025390625,-0.005859375,0.005859375,0.49609375,-0.11328125,9.46484375
960,844000000,imu2_frame,-0.00543212890625,-0.03082275390625,0.01007080078125,0.99945068359375,-0.025390625,-0.005859375,0.005859375,0.61328125,-0.15234375,9.46484375
960,864000000,imu2_frame,-0.00543212890625,-0.03082275390625,0.01007080078125,0.99945068359375,-0.025390625,-0.005859375,0.005859375,0.57421875,0.0390625,9.5
960,884000000,imu2_frame,-0.00543212890625,-0.03082275390625,0.01007080078125,0.99945068359375,0.0078125,-0.00390625,-0.0546875,0.57421875,0.0390625,9.5
960,904000000,imu2_frame,-0.00543212890625,-0.03082275390625,0.01007080078125,0.99945068359375,0.0078125,-0.00390625,-0.0546875,0.65234375,-0.15234375,9.46484375
960,924000000,imu2_frame,-0.00543212890625,-0.03082275390625,0.01007080078125,0.99945068359375,0.0078125,-0.00390625,-0.0546875,0.57421875,0.078125,9.4609375
960,944000000,imu2_frame,-0.00543212890625,-0.03082275390625,0.01007080078125,0.99945068359375,0.0078125,-0.00390625,-0.0546875,0.7265625,-0.23046875,9.42578125
960,964000000,imu2_frame,-0.00543212890625,-0.03082275390625,0.01007080078125,0.99945068359375,0.03515625,-0.005859375,0.005859375,0.7265625,-0.23046875,9.42578125
960,984000000,imu2_frame,-0.00543212890625,-0.03082275390625,0.01007080078125,0.99945068359375,0.03515625,-0.005859375,0.005859375,0.57421875,-0.26953125,9.4609375
961,4000000,imu2_frame,-0.00543212890625,-0.03082275390625,0.01007080078125,0.99945068359375,0.03515625,-0.005859375,0.005859375,0.49609375,-0.26953125,9.46484375
961,24000000,imu2_frame,-0.00543212890625,-0.03082275390625,0.01007080078125,0.99945068359375,0.03515625,-0.005859375,0.005859375,0.57421875,-0.0390625,9.4609375
961,44000000,imu2_frame,-0.00543212890625,-0.03082275390625,0.01007080078125,0.99945068359375,0.00390625,-0.01171875,-0.0234375,0.57421875,-0.0390625,9.4609375
961,64000000,imu2_frame,-0.00543212890625,-0.03082275390625,0.01007080078125,0.99945068359375,0.00390625,-0.01171875,-0.0234375,0.61328125,-0.23046875,9.4609375
961,84000000,imu2_frame,-0.00543212890625,-0.03082275390625,0.01007080078125,0.99945068359375,0.00390625,-0.01171875,-0.0234375,0.61328125,-0.19140625,9.4609375
961,104000000,imu2_frame,-0.00543212890625,-0.03082275390625,0.01007080078125,0.99945068359375,0.00390625,-0.01171875,-0.0234375,0.53515625,-0.26953125,9.46484375
961,124000000,imu2_frame,-0.00543212890625,-0.03082275390625,0.01007080078125,0.99945068359375,-0.005859375,0.01953125,-0.0234375,0.53515625,-0.26953125,9.46484375
961,144000000,imu2_frame,-0.00543212890625,-0.03082275390625,0.01007080078125,0.99945068359375,-0.005859375,0.01953125,-0.0234375,0.49609375,-0.078125,9.46484375
961,164000000,imu2_frame,-0.00543212890625,-0.03082275390625,0.01007080078125,0.99945068359375,-0.005859375,0.01953125,-0.0234375,0.57421875,-0.078125,9.4609375
961,184000000,imu2_frame,-0.00543212890625,-0.03082275390625,0.01007080078125,0.99945068359375,-0.005859375,0.01953125,-0.0234375,0.57421875,-0.0390625,9.4609375
961,204000000,imu2_frame,-0.00543212890625,-0.03082275390625,0.01007080078125,0.99945068359375,0.013671875,-0.0078125,-0.060546875,0.57421875,-0.0390625,9.4609375
961,224000000,imu2_frame,-0.00543212890625,-0.03082275390625,0.01007080078125,0.99945068359375,0.013671875,-0.0078125,-0.060546875,0.49609375,-0.15234375,9.46484375
961,244000000,imu2_frame,-0.00543212890625,-0.03082275390625,0.01007080078125,0.99945068359375,0.013671875,-0.0078125,-0.060546875,0.53515625,-0.11328125,9.46484375
961,264000000,imu2_frame,-0.00543212890625,-0.03082275390625,0.01007080078125,0.99945068359375,0.013671875,-0.0078125,-0.060546875,0.61328125,-0.15234375,9.46484375
961,284000000,imu2_frame,-0.00543212890625,-0.03082275390625,0.01007080078125,0.99945068359375,-0.0234375,0.029296875,-0.091796875,0.61328125,-0.15234375,9.46484375
961,304000000,imu2_frame,-0.00543212890625,-0.03082275390625,0.01007080078125,0.99945068359375,-0.0234375,0.029296875,-0.091796875,0.49609375,-0.0390625,9.46484375
961,324000000,imu2_frame,-0.00543212890625,-0.03082275390625,0.01007080078125,0.99945068359375,-0.0234375,0.029296875,-0.091796875,0.4609375,-0.15234375,9.46484375
961,344000000,imu2_frame,-0.00543212890625,-0.03082275390625,0.01007080078125,0.99945068359375,-0.0234375,0.029296875,-0.091796875,0.61328125,0.0,9.46484375
961,364000000,imu2_frame,-0.00543212890625,-0.03082275390625,0.01007080078125,0.99945068359375,-0.009765625,-0.00390625,0.0,0.61328125,0.0,9.46484375
961,384000000,imu2_frame,-0.00543212890625,-0.03082275390625,0.01007080078125,0.99945068359375,-0.009765625,-0.00390625,0.0,0.57421875,-0.19140625,9.46484375
961,404000000,imu2_frame,-0.00543212890625,-0.03082275390625,0.01007080078125,0.99945068359375,-0.009765625,-0.00390625,0.0,0.61328125,-0.11328125,9.46484375
961,424000000,imu2_frame,-0.00543212890625,-0.03082275390625,0.01007080078125,0.99945068359375,-0.009765625,-0.00390625,0.0,0.4609375,-0.11328125,9.46484375
961,444000000,imu2_frame,-0.00543212890625,-0.03082275390625,0.01007080078125,0.99945068359375,0.041015625,0.017578125,-0.072265625,0.4609375,-0.11328125,9.46484375
961,464000000,imu2_frame,-0.00543212890625,-0.03082275390625,0.01007080078125,0.99945068359375,0.041015625,0.017578125,-0.072265625,0.49609375,-0.11328125,9.46484375
961,484000000,imu2_frame,-0.00543212890625,-0.03082275390625,0.01007080078125,0.99945068359375,0.041015625,0.017578125,-0.072265625,0.53515625,-0.078125,9.50390625
961,504000000,imu2_frame,-0.00543212890625,-0.03082275390625,0.01007080078125,0.99945068359375,0.041015625,0.017578125,-0.072265625,0.49609375,-0.0390625,9.421875
961,524000000,imu2_frame,-0.00543212890625,-0.03082275390625,0.01007080078125,0.99945068359375,0.0078125,-0.005859375,-0.044921875,0.49609375,-0.0390625,9.421875
961,544000000,imu2_frame,-0.00543212890625,-0.03082275390625,0.01007080078125,0.99945068359375,-0.0078125,0.0078125,-0.013671875,0.49609375,-0.0390625,9.421875
961,564000000,imu2_frame,-0.00543212890625,-0.03082275390625,0.01007080078125,0.99945068359375,-0.0078125,0.0078125,-0.013671875,0.61328125,-0.23046875,9.4609375
961,584000000,imu2_frame,-0.00543212890625,-0.03082275390625,0.01007080078125,0.99945068359375,-0.0078125,0.0078125,-0.013671875,0.53515625,-0.23046875,9.4609375
961,604000000,imu2_frame,-0.00543212890625,-0.03082275390625,0.01007080078125,0.99945068359375,0.005859375,0.005859375,-0.001953125,0.53515625,-0.23046875,9.4609375
961,624000000,imu2_frame,-0.00543212890625,-0.03082275390625,0.01007080078125,0.99945068359375,0.005859375,0.005859375,-0.001953125,0.421875,-0.15234375,9.4609375
961,644000000,imu2_frame,-0.00543212890625,-0.03082275390625,0.01007080078125,0.99945068359375,0.005859375,0.005859375,-0.001953125,0.49609375,-0.11328125,9.46484375
961,664000000,imu2_frame,-0.00543212890625,-0.03082275390625,0.01007080078125,0.99945068359375,0.005859375,0.005859375,-0.001953125,0.57421875,-0.15234375,9.4609375
961,684000000,imu2_frame,-0.00543212890625,-0.03082275390625,0.01007080078125,0.99945068359375,0.001953125,-0.00390625,0.01953125,0.57421875,-0.15234375,9.4609375
961,704000000,imu2_frame,-0.00543212890625,-0.03082275390625,0.01007080078125,0.99945068359375,0.001953125,-0.00390625,0.01953125,0.65234375,-0.26953125,9.46484375
961,724000000,imu2_frame,-0.00543212890625,-0.03082275390625,0.01007080078125,0.99945068359375,0.001953125,-0.00390625,0.01953125,0.57421875,-0.15234375,9.4609375
961,744000000,imu2_frame,-0.00543212890625,-0.03082275390625,0.01007080078125,0.99945068359375,0.001953125,-0.00390625,0.01953125,0.57421875,-0.0390625,9.4609375
961,764000000,imu2_frame,-0.00543212890625,-0.03082275390625,0.01007080078125,0.99945068359375,0.00390625,0.0,-0.037109375,0.57421875,-0.0390625,9.4609375
961,784000000,imu2_frame,-0.00543212890625,-0.03082275390625,0.01007080078125,0.99945068359375,0.00390625,0.0,-0.037109375,0.69140625,-0.4609375,9.4609375
961,804000000,imu2_frame,-0.00543212890625,-0.03082275390625,0.01007080078125,0.99945068359375,0.00390625,0.0,-0.037109375,0.53515625,-0.078125,9.46484375
961,824000000,imu2_frame,-0.00543212890625,-0.03082275390625,0.01007080078125,0.99945068359375,0.00390625,0.0,-0.037109375,0.61328125,-0.11328125,9.46484375
961,844000000,imu2_frame,-0.00543212890625,-0.03082275390625,0.01007080078125,0.99945068359375,0.021484375,-0.001953125,-0.07421875,0.61328125,-0.11328125,9.46484375
961,864000000,imu2_frame,-0.00543212890625,-0.03082275390625,0.01007080078125,0.99945068359375,0.021484375,-0.001953125,-0.07421875,0.53515625,-0.0390625,9.46484375
961,884000000,imu2_frame,-0.00543212890625,-0.03082275390625,0.01007080078125,0.99945068359375,0.021484375,-0.001953125,-0.07421875,0.57421875,-0.26953125,9.4609375
961,904000000,imu2_frame,-0.00543212890625,-0.03082275390625,0.01007080078125,0.99945068359375,0.021484375,-0.001953125,-0.07421875,0.57421875,-0.15234375,9.4609375
961,924000000,imu2_frame,-0.00543212890625,-0.03082275390625,0.01007080078125,0.99945068359375,0.00390625,0.015625,-0.05078125,0.57421875,-0.15234375,9.4609375
961,944000000,imu2_frame,-0.00543212890625,-0.03082275390625,0.01007080078125,0.99945068359375,0.00390625,0.015625,-0.05078125,0.69140625,-0.23046875,9.46484375
961,964000000,imu2_frame,-0.00543212890625,-0.03082275390625,0.01007080078125,0.99945068359375,0.00390625,0.015625,-0.05078125,0.57421875,0.0,9.4609375
961,984000000,imu2_frame,-0.00543212890625,-0.03082275390625,0.01007080078125,0.99945068359375,0.00390625,0.015625,-0.05078125,0.65234375,-0.11328125,9.46484375
962,4000000,imu2_frame,-0.00543212890625,-0.03082275390625,0.01007080078125,0.99945068359375,0.00390625,0.0,-0.03515625,0.65234375,-0.11328125,9.46484375
962,24000000,imu2_frame,-0.00543212890625,-0.03082275390625,0.01007080078125,0.99945068359375,0.00390625,0.0,-0.03515625,0.53515625,0.0,9.46484375
962,44000000,imu2_frame,-0.00543212890625,-0.03082275390625,0.01007080078125,0.99945068359375,0.00390625,0.0,-0.03515625,0.53515625,-0.15234375,9.46484375
962,64000000,imu2_frame,-0.00543212890625,-0.03082275390625,0.01007080078125,0.99945068359375,0.00390625,0.0,-0.03515625,0.53515625,-0.078125,9.46484375
962,84000000,imu2_frame,-0.00543212890625,-0.03082275390625,0.01007080078125,0.99945068359375,0.0,-0.001953125,-0.037109375,0.53515625,-0.078125,9.46484375
962,104000000,imu2_frame,-0.00543212890625,-0.03082275390625,0.01007080078125,0.99945068359375,0.0,-0.001953125,-0.037109375,0.53515625,-0.0390625,9.46484375
962,124000000,imu2_frame,-0.00543212890625,-0.03082275390625,0.01007080078125,0.99945068359375,0.0,-0.001953125,-0.037109375,0.57421875,-0.15234375,9.4609375
962,144000000,imu2_frame,-0.00543212890625,-0.03082275390625,0.01007080078125,0.99945068359375,0.0,-0.001953125,-0.037109375,0.53515625,-0.23046875,9.4609375
962,164000000,imu2_frame,-0.00543212890625,-0.03082275390625,0.01007080078125,0.99945068359375,0.00390625,-0.00390625,-0.03515625,0.53515625,-0.23046875,9.4609375
962,184000000,imu2_frame,-0.00543212890625,-0.03082275390625,0.01007080078125,0.99945068359375,0.00390625,-0.00390625,-0.03515625,0.65234375,-0.3046875,9.42578125
962,204000000,imu2_frame,-0.00543212890625,-0.03082275390625,0.01007080078125,0.99945068359375,0.00390625,-0.00390625,-0.03515625,0.49609375,-0.15234375,9.46484375
962,224000000,imu2_frame,-0.00543212890625,-0.03082275390625,0.01007080078125,0.99945068359375,0.00390625,-0.00390625,-0.03515625,0.49609375,-0.23046875,9.4609375
962,244000000,imu2_frame,-0.00543212890625,-0.03082275390625,0.01007080078125,0.99945068359375,-0.01171875,0.00390625,-0.033203125,0.49609375,-0.23046875,9.4609375
962,264000000,imu2_frame,-0.00543212890625,-0.03082275390625,0.01007080078125,0.99945068359375,-0.01171875,0.00390625,-0.033203125,0.53515625,-0.15234375,9.46484375
962,284000000,imu2_frame,-0.00543212890625,-0.03082275390625,0.01007080078125,0.99945068359375,-0.01171875,0.00390625,-0.033203125,0.57421875,-0.19140625,9.46484375
962,304000000,imu2_frame,-0.00543212890625,-0.03082275390625,0.01007080078125,0.99945068359375,-0.01171875,0.00390625,-0.033203125,0.53515625,-0.26953125,9.50390625
962,324000000,imu2_frame,-0.00543212890625,-0.03082275390625,0.01007080078125,0.99945068359375,-0.0234375,-0.00390625,-0.052734375,0.53515625,-0.26953125,9.50390625
962,344000000,imu2_frame,-0.00543212890625,-0.03082275390625,0.01007080078125,0.99945068359375,-0.0234375,-0.00390625,-0.052734375,0.4609375,0.0,9.46484375
962,364000000,imu2_frame,-0.00543212890625,-0.03082275390625,0.01007080078125,0.99945068359375,-0.0234375,-0.00390625,-0.052734375,0.69140625,-0.078125,9.42578125
962,384000000,imu2_frame,-0.00543212890625,-0.03082275390625,0.01007080078125,0.99945068359375,-0.0234375,-0.00390625,-0.052734375,0.61328125,-0.078125,9.46484375
962,404000000,imu2_frame,-0.00543212890625,-0.03082275390625,0.01007080078125,0.99945068359375,-0.033203125,-0.005859375,-0.0078125,0.61328125,-0.078125,9.46484375
962,424000000,imu2_frame,-0.00543212890625,-0.03082275390625,0.01007080078125,0.99945068359375,-0.033203125,-0.005859375,-0.0078125,0.69140625,-0.078125,9.4609375
962,444000000,imu2_frame,-0.00543212890625,-0.03082275390625,0.01007080078125,0.99945068359375,-0.033203125,-0.005859375,-0.0078125,0.69140625,-0.11328125,9.4609375
962,464000000,imu2_frame,-0.00543212890625,-0.03082275390625,0.01007080078125,0.99945068359375,-0.033203125,-0.005859375,-0.0078125,0.61328125,-0.0390625,9.46484375
962,484000000,imu2_frame,-0.00543212890625,-0.03082275390625,0.01007080078125,0.99945068359375,-0.005859375,0.009765625,-0.021484375,0.61328125,-0.0390625,9.46484375
962,504000000,imu2_frame,-0.00543212890625,-0.03082275390625,0.01007080078125,0.99945068359375,-0.005859375,0.009765625,-0.021484375,0.65234375,-0.078125,9.46484375
962,524000000,imu2_frame,-0.00543212890625,-0.03082275390625,0.01007080078125,0.99945068359375,-0.005859375,0.009765625,-0.021484375,0.69140625,-0.3046875,9.421875
962,544000000,imu2_frame,-0.00543212890625,-0.03082275390625,0.01007080078125,0.99945068359375,-0.005859375,0.009765625,-0.021484375,0.61328125,-0.19140625,9.4609375
962,564000000,imu2_frame,-0.00543212890625,-0.03082275390625,0.01007080078125,0.99945068359375,0.0,0.009765625,0.009765625,0.61328125,-0.19140625,9.4609375
962,584000000,imu2_frame,-0.00543212890625,-0.03082275390625,0.01007080078125,0.99945068359375,0.0,0.009765625,0.009765625,0.53515625,-0.11328125,9.46484375
962,604000000,imu2_frame,-0.00543212890625,-0.03082275390625,0.01007080078125,0.99945068359375,0.0,0.009765625,0.009765625,0.61328125,-0.078125,9.46484375
962,624000000,imu2_frame,-0.00543212890625,-0.03082275390625,0.01007080078125,0.99945068359375,0.0,0.009765625,0.009765625,0.61328125,-0.19140625,9.4609375
962,644000000,imu2_frame,-0.00543212890625,-0.03082275390625,0.01007080078125,0.99945068359375,0.0078125,0.0,-0.068359375,0.61328125,-0.19140625,9.4609375
962,664000000,imu2_frame,-0.00543212890625,-0.03082275390625,0.01007080078125,0.99945068359375,0.0078125,0.0,-0.068359375,0.65234375,-0.23046875,9.4609375
962,684000000,imu2_frame,-0.00543212890625,-0.03082275390625,0.01007080078125,0.99945068359375,0.0078125,0.0,-0.068359375,0.61328125,-0.11328125,9.46484375
962,704000000,imu2_frame,-0.00543212890625,-0.03082275390625,0.01007080078125,0.99945068359375,0.0078125,0.0,-0.068359375,0.53515625,0.0390625,9.46484375
962,724000000,imu2_frame,-0.00543212890625,-0.03082275390625,0.01007080078125,0.99945068359375,0.013671875,0.005859375,-0.072265625,0.53515625,0.0390625,9.46484375
962,744000000,imu2_frame,-0.00543212890625,-0.03082275390625,0.01007080078125,0.99945068359375,0.013671875,0.005859375,-0.072265625,0.57421875,-0.15234375,9.4609375
962,764000000,imu2_frame,-0.00543212890625,-0.03082275390625,0.01007080078125,0.99945068359375,0.013671875,0.005859375,-0.072265625,0.53515625,-0.19140625,9.4609375
962,784000000,imu2_frame,-0.00543212890625,-0.03082275390625,0.01007080078125,0.99945068359375,0.013671875,0.005859375,-0.072265625,0.65234375,0.0,9.46484375
962,804000000,imu2_frame,-0.00543212890625,-0.03082275390625,0.01007080078125,0.99945068359375,-0.021484375,-0.001953125,0.0,0.65234375,0.0,9.46484375
962,824000000,imu2_frame,-0.00543212890625,-0.03082275390625,0.01007080078125,0.99945068359375,-0.021484375,-0.001953125,0.0,0.61328125,-0.078125,9.46484375
962,844000000,imu2_frame,-0.00543212890625,-0.03082275390625,0.01007080078125,0.99945068359375,-0.021484375,-0.001953125,0.0,0.57421875,-0.3046875,9.46484375
962,864000000,imu2_frame,-0.00543212890625,-0.03082275390625,0.01007080078125,0.99945068359375,-0.021484375,-0.001953125,0.0,0.57421875,-0.0390625,9.4609375
962,884000000,imu2_frame,-0.00543212890625,-0.03082275390625,0.01007080078125,0.99945068359375,-0.00390625,0.015625,-0.0703125,0.57421875,-0.0390625,9.4609375
962,904000000,imu2_frame,-0.00543212890625,-0.03082275390625,0.01007080078125,0.99945068359375,-0.00390625,0.015625,-0.0703125,0.61328125,0.0,9.50390625
962,924000000,imu2_frame,-0.00543212890625,-0.03082275390625,0.01007080078125,0.99945068359375,-0.00390625,0.015625,-0.0703125,0.69140625,-0.3046875,9.46484375
962,944000000,imu2_frame,-0.00543212890625,-0.03082275390625,0.01007080078125,0.99945068359375,-0.00390625,0.015625,-0.0703125,0.61328125,-0.23046875,9.4609375
962,964000000,imu2_frame,-0.00543212890625,-0.03082275390625,0.01007080078125,0.99945068359375,-0.01953125,0.001953125,-0.013671875,0.61328125,-0.23046875,9.4609375
962,984000000,imu2_frame,-0.00543212890625,-0.03082275390625,0.01007080078125,0.99945068359375,-0.01953125,0.001953125,-0.013671875,0.69140625,-0.11328125,9.4609375
963,4000000,imu2_frame,-0.00543212890625,-0.03082275390625,0.01007080078125,0.99945068359375,-0.01953125,0.001953125,-0.013671875,0.57421875,-0.15234375,9.4609375
963,24000000,imu2_frame,-0.00543212890625,-0.03082275390625,0.01007080078125,0.99945068359375,-0.01953125,0.001953125,-0.013671875,0.53515625,-0.15234375,9.46484375
963,44000000,imu2_frame,-0.00543212890625,-0.03082275390625,0.01007080078125,0.99945068359375,-0.009765625,0.005859375,-0.068359375,0.53515625,-0.15234375,9.46484375
963,64000000,imu2_frame,-0.00543212890625,-0.03082275390625,0.01007080078125,0.99945068359375,-0.009765625,0.005859375,-0.068359375,0.7265625,-0.3828125,9.46484375
963,84000000,imu2_frame,-0.00543212890625,-0.03082275390625,0.01007080078125,0.99945068359375,-0.009765625,0.005859375,-0.068359375,0.69140625,-0.15234375,9.4609375
963,104000000,imu2_frame,-0.00543212890625,-0.03082275390625,0.01007080078125,0.99945068359375,-0.009765625,0.005859375,-0.068359375,0.65234375,0.0390625,9.46484375
963,124000000,imu2_frame,-0.00543212890625,-0.03082275390625,0.01007080078125,0.99945068359375,0.0078125,0.015625,-0.095703125,0.65234375,0.0390625,9.46484375
963,144000000,imu2_frame,-0.00543212890625,-0.03082275390625,0.01007080078125,0.99945068359375,0.0078125,0.015625,-0.095703125,0.65234375,-0.15234375,9.46484375
963,164000000,imu2_frame,-0.00543212890625,-0.03082275390625,0.01007080078125,0.99945068359375,0.0078125,0.015625,-0.095703125,0.61328125,-0.078125,9.46484375
963,184000000,imu2_frame,-0.00543212890625,-0.03082275390625,0.01007080078125,0.99945068359375,0.0078125,0.015625,-0.095703125,0.61328125,0.0390625,9.46484375
963,204000000,imu2_frame,-0.00543212890625,-0.03082275390625,0.01007080078125,0.99945068359375,-0.0078125,-0.005859375,0.001953125,0.61328125,0.0390625,9.46484375
963,224000000,imu2_frame,-0.00543212890625,-0.03082275390625,0.01007080078125,0.99945068359375,-0.0078125,-0.005859375,0.001953125,0.61328125,-0.11328125,9.46484375
963,244000000,imu2_frame,-0.00543212890625,-0.03082275390625,0.01007080078125,0.99945068359375,-0.0078125,-0.005859375,0.001953125,0.61328125,-0.0390625,9.46484375
963,264000000,imu2_frame,-0.00543212890625,-0.03082275390625,0.01007080078125,0.99945068359375,-0.0078125,-0.005859375,0.001953125,0.61328125,-0.0390625,9.46484375
963,284000000,imu2_frame,-0.00543212890625,-0.03082275390625,0.01007080078125,0.99945068359375,0.001953125,-0.001953125,0.0,0.61328125,-0.0390625,9.46484375
963,304000000,imu2_frame,-0.00543212890625,-0.03082275390625,0.01007080078125,0.99945068359375,0.001953125,-0.001953125,0.0,0.61328125,-0.11328125,9.46484375
963,324000000,imu2_frame,-0.00543212890625,-0.03082275390625,0.01007080078125,0.99945068359375,0.001953125,-0.001953125,0.0,0.61328125,-0.11328125,9.46484375
963,344000000,imu2_frame,-0.00543212890625,-0.03082275390625,0.01007080078125,0.99945068359375,0.001953125,-0.001953125,0.0,0.61328125,-0.11328125,9.46484375
963,364000000,imu2_frame,-0.00543212890625,-0.03082275390625,0.01007080078125,0.99945068359375,-0.001953125,0.0,0.001953125,0.61328125,-0.11328125,9.46484375
963,384000000,imu2_frame,-0.00543212890625,-0.03082275390625,0.01007080078125,0.99945068359375,-0.001953125,0.0,0.001953125,0.61328125,-0.11328125,9.46484375
963,404000000,imu2_frame,-0.00543212890625,-0.03082275390625,0.01007080078125,0.99945068359375,-0.001953125,0.0,0.001953125,0.57421875,-0.11328125,9.4609375
963,424000000,imu2_frame,-0.00543212890625,-0.03082275390625,0.01007080078125,0.99945068359375,-0.001953125,0.0,0.001953125,0.61328125,-0.11328125,9.46484375
963,444000000,imu2_frame,-0.00543212890625,-0.03082275390625,0.01007080078125,0.99945068359375,0.00390625,0.0,0.0,0.61328125,-0.11328125,9.46484375
963,464000000,imu2_frame,-0.00543212890625,-0.03082275390625,0.01007080078125,0.99945068359375,0.00390625,0.0,0.0,0.61328125,-0.15234375,9.46484375
963,484000000,imu2_frame,-0.00543212890625,-0.03082275390625,0.01007080078125,0.99945068359375,0.00390625,0.0,0.0,0.61328125,-0.15234375,9.46484375
963,504000000,imu2_frame,-0.00543212890625,-0.03082275390625,0.01007080078125,0.99945068359375,0.00390625,0.0,0.0,0.61328125,-0.15234375,9.46484375
963,524000000,imu2_frame,-0.00543212890625,-0.03082275390625,0.01007080078125,0.99945068359375,0.001953125,0.0,0.001953125,0.61328125,-0.15234375,9.46484375
963,544000000,imu2_frame,-0.00543212890625,-0.03082275390625,0.01007080078125,0.99945068359375,0.001953125,0.0,0.001953125,0.57421875,-0.15234375,9.4609375
963,564000000,imu2_frame,-0.00543212890625,-0.03082275390625,0.01007080078125,0.99945068359375,0.001953125,0.0,0.001953125,0.61328125,-0.15234375,9.46484375
963,584000000,imu2_frame,-0.00543212890625,-0.03082275390625,0.01007080078125,0.99945068359375,0.001953125,0.0,0.001953125,0.61328125,-0.15234375,9.46484375
963,604000000,imu2_frame,-0.00543212890625,-0.03082275390625,0.01007080078125,0.99945068359375,0.0,0.0,0.0,0.61328125,-0.15234375,9.46484375
963,624000000,imu2_frame,-0.00543212890625,-0.03082275390625,0.01007080078125,0.99945068359375,0.0,0.0,0.0,0.61328125,-0.11328125,9.46484375
963,644000000,imu2_frame,-0.00543212890625,-0.03082275390625,0.01007080078125,0.99945068359375,0.0,0.0,0.0,0.61328125,-0.15234375,9.46484375
963,664000000,imu2_frame,-0.00543212890625,-0.03082275390625,0.01007080078125,0.99945068359375,0.0,0.0,0.0,0.61328125,-0.15234375,9.46484375
963,684000000,imu2_frame,-0.00543212890625,-0.03082275390625,0.01007080078125,0.99945068359375,0.0,0.0,-0.001953125,0.61328125,-0.15234375,9.46484375
963,704000000,imu2_frame,-0.00543212890625,-0.03082275390625,0.01007080078125,0.99945068359375,0.0,0.0,-0.001953125,0.61328125,-0.15234375,9.46484375
963,724000000,imu2_frame,-0.00543212890625,-0.03082275390625,0.01007080078125,0.99945068359375,0.0,0.0,-0.001953125,0.57421875,-0.11328125,9.4609375
963,744000000,imu2_frame,-0.00543212890625,-0.03082275390625,0.01007080078125,0.99945068359375,0.0,0.0,-0.001953125,0.61328125,-0.11328125,9.46484375
963,764000000,imu2_frame,-0.00543212890625,-0.03082275390625,0.01007080078125,0.99945068359375,-0.00390625,0.0,0.0,0.61328125,-0.11328125,9.46484375
963,784000000,imu2_frame,-0.00543212890625,-0.03082275390625,0.01007080078125,0.99945068359375,-0.00390625,0.0,0.0,0.57421875,-0.15234375,9.42578125
963,804000000,imu2_frame,-0.00543212890625,-0.03082275390625,0.01007080078125,0.99945068359375,-0.00390625,0.0,0.0,0.57421875,-0.15234375,9.4609375
963,824000000,imu2_frame,-0.00543212890625,-0.03082275390625,0.01007080078125,0.99945068359375,-0.00390625,0.0,0.0,0.61328125,-0.11328125,9.46484375
963,844000000,imu2_frame,-0.00543212890625,-0.03082275390625,0.01007080078125,0.99945068359375,0.0,0.0,-0.001953125,0.61328125,-0.11328125,9.46484375
963,864000000,imu2_frame,-0.00543212890625,-0.03082275390625,0.01007080078125,0.99945068359375,0.0,0.0,-0.001953125,0.57421875,-0.15234375,9.4609375
963,884000000,imu2_frame,-0.00543212890625,-0.03082275390625,0.01007080078125,0.99945068359375,0.0,0.0,-0.001953125,0.57421875,-0.15234375,9.4609375
963,904000000,imu2_frame,-0.00543212890625,-0.03082275390625,0.01007080078125,0.99945068359375,0.0,0.0,-0.001953125,0.61328125,-0.11328125,9.46484375
963,924000000,imu2_frame,-0.00543212890625,-0.03082275390625,0.01007080078125,0.99945068359375,0.001953125,0.0,0.0,0.61328125,-0.11328125,9.46484375
963,944000000,imu2_frame,-0.00543212890625,-0.03082275390625,0.01007080078125,0.99945068359375,0.001953125,0.0,0.0,0.57421875,-0.11328125,9.4609375
963,964000000,imu2_frame,-0.00543212890625,-0.03082275390625,0.01007080078125,0.99945068359375,0.001953125,0.0,0.0,0.57421875,-0.15234375,9.4609375
963,984000000,imu2_frame,-0.00543212890625,-0.03082275390625,0.01007080078125,0.99945068359375,0.001953125,0.0,0.0,0.61328125,-0.11328125,9.46484375
964,4000000,imu2_frame,-0.00543212890625,-0.03082275390625,0.01007080078125,0.99945068359375,0.001953125,0.0,-0.001953125,0.61328125,-0.11328125,9.46484375
964,24000000,imu2_frame,-0.00543212890625,-0.03082275390625,0.01007080078125,0.99945068359375,0.001953125,0.0,-0.001953125,0.61328125,-0.11328125,9.46484375
964,44000000,imu2_frame,-0.00543212890625,-0.03082275390625,0.01007080078125,0.99945068359375,0.001953125,0.0,-0.001953125,0.57421875,-0.15234375,9.4609375
964,64000000,imu2_frame,-0.00543212890625,-0.03082275390625,0.01007080078125,0.99945068359375,0.001953125,0.0,-0.001953125,0.57421875,-0.15234375,9.4609375
964,84000000,imu2_frame,-0.00543212890625,-0.03082275390625,0.01007080078125,0.99945068359375,-0.00390625,0.0,0.0,0.57421875,-0.15234375,9.4609375
964,104000000,imu2_frame,-0.00543212890625,-0.03082275390625,0.01007080078125,0.99945068359375,-0.00390625,0.0,0.0,0.57421875,-0.15234375,9.4609375
964,124000000,imu2_frame,-0.00543212890625,-0.03082275390625,0.01007080078125,0.99945068359375,-0.00390625,0.0,0.0,0.61328125,-0.11328125,9.46484375
964,144000000,imu2_frame,-0.00543212890625,-0.03082275390625,0.01007080078125,0.99945068359375,-0.00390625,0.0,0.0,0.57421875,-0.11328125,9.4609375
964,164000000,imu2_frame,-0.00543212890625,-0.03082275390625,0.01007080078125,0.99945068359375,0.0,-0.001953125,0.0,0.57421875,-0.11328125,9.4609375
964,184000000,imu2_frame,-0.00543212890625,-0.03082275390625,0.01007080078125,0.99945068359375,0.0,-0.001953125,0.0,0.57421875,-0.15234375,9.4609375
964,204000000,imu2_frame,-0.00543212890625,-0.03082275390625,0.01007080078125,0.99945068359375,0.0,-0.001953125,0.0,0.57421875,-0.11328125,9.4609375
964,224000000,imu2_frame,-0.00543212890625,-0.03082275390625,0.01007080078125,0.99945068359375,0.0,-0.001953125,0.0,0.61328125,-0.11328125,9.46484375
964,244000000,imu2_frame,-0.00543212890625,-0.03082275390625,0.01007080078125,0.99945068359375,0.0,-0.001953125,0.001953125,0.61328125,-0.11328125,9.46484375
964,264000000,imu2_frame,-0.00543212890625,-0.03082275390625,0.01007080078125,0.99945068359375,0.0,-0.001953125,0.001953125,0.61328125,-0.11328125,9.46484375
964,284000000,imu2_frame,-0.00543212890625,-0.03082275390625,0.01007080078125,0.99945068359375,0.0,-0.001953125,0.001953125,0.61328125,-0.15234375,9.46484375
964,304000000,imu2_frame,-0.00543212890625,-0.03082275390625,0.01007080078125,0.99945068359375,0.0,-0.001953125,0.001953125,0.57421875,-0.15234375,9.4609375
964,324000000,imu2_frame,-0.00543212890625,-0.03082275390625,0.01007080078125,0.99945068359375,-0.00390625,0.001953125,0.0,0.57421875,-0.15234375,9.4609375
964,344000000,imu2_frame,-0.00543212890625,-0.03082275390625,0.01007080078125,0.99945068359375,-0.00390625,0.001953125,0.0,0.61328125,-0.15234375,9.46484375
964,364000000,imu2_frame,-0.00543212890625,-0.03082275390625,0.01007080078125,0.99945068359375,-0.00390625,0.001953125,0.0,0.61328125,-0.11328125,9.46484375
964,384000000,imu2_frame,-0.00543212890625,-0.03082275390625,0.01007080078125,0.99945068359375,-0.00390625,0.001953125,0.0,0.57421875,-0.15234375,9.4609375
964,404000000,imu2_frame,-0.00543212890625,-0.03082275390625,0.01007080078125,0.99945068359375,0.0,0.0,0.0,0.57421875,-0.15234375,9.4609375
964,424000000,imu2_frame,-0.00543212890625,-0.03082275390625,0.01007080078125,0.99945068359375,0.0,0.0,0.0,0.57421875,-0.15234375,9.4609375
964,444000000,imu2_frame,-0.00543212890625,-0.03082275390625,0.01007080078125,0.99945068359375,0.0,0.0,0.0,0.61328125,-0.11328125,9.46484375
964,464000000,imu2_frame,-0.00543212890625,-0.03082275390625,0.01007080078125,0.99945068359375,0.0,0.0,0.0,0.61328125,-0.15234375,9.46484375
964,484000000,imu2_frame,-0.00543212890625,-0.03082275390625,0.01007080078125,0.99945068359375,0.0,0.0,0.0,0.61328125,-0.15234375,9.46484375
964,504000000,imu2_frame,-0.00543212890625,-0.03082275390625,0.01007080078125,0.99945068359375,0.0,0.0,0.0,0.57421875,-0.15234375,9.4609375
964,524000000,imu2_frame,-0.00543212890625,-0.03082275390625,0.01007080078125,0.99945068359375,0.0,0.0,0.0,0.61328125,-0.15234375,9.46484375
964,544000000,imu2_frame,-0.00543212890625,-0.03082275390625,0.01007080078125,0.99945068359375,0.0,0.0,0.0,0.57421875,-0.15234375,9.4609375
964,564000000,imu2_frame,-0.00543212890625,-0.03082275390625,0.01007080078125,0.99945068359375,0.0,0.0,-0.001953125,0.57421875,-0.15234375,9.4609375
964,584000000,imu2_frame,-0.00543212890625,-0.03082275390625,0.01007080078125,0.99945068359375,0.0,0.0,-0.001953125,0.61328125,-0.11328125,9.46484375
964,604000000,imu2_frame,-0.00543212890625,-0.03082275390625,0.01007080078125,0.99945068359375,0.0,0.0,-0.001953125,0.57421875,-0.15234375,9.4609375
964,624000000,imu2_frame,-0.00543212890625,-0.03082275390625,0.01007080078125,0.99945068359375,0.0,0.0,-0.001953125,0.57421875,-0.11328125,9.4609375
964,644000000,imu2_frame,-0.00543212890625,-0.03082275390625,0.01007080078125,0.99945068359375,0.001953125,0.0,0.0,0.57421875,-0.11328125,9.4609375
964,664000000,imu2_frame,-0.00543212890625,-0.03082275390625,0.01007080078125,0.99945068359375,0.001953125,0.0,0.0,0.57421875,-0.15234375,9.4609375
964,684000000,imu2_frame,-0.00543212890625,-0.03082275390625,0.01007080078125,0.99945068359375,0.001953125,0.0,0.0,0.61328125,-0.11328125,9.46484375
964,704000000,imu2_frame,-0.00543212890625,-0.03082275390625,0.01007080078125,0.99945068359375,0.001953125,0.0,0.0,0.61328125,-0.15234375,9.46484375
964,724000000,imu2_frame,-0.00543212890625,-0.03082275390625,0.01007080078125,0.99945068359375,0.0,0.0,0.0,0.61328125,-0.15234375,9.46484375
964,744000000,imu2_frame,-0.00543212890625,-0.03082275390625,0.01007080078125,0.99945068359375,0.0,0.0,0.0,0.57421875,-0.11328125,9.4609375
964,764000000,imu2_frame,-0.00543212890625,-0.03082275390625,0.01007080078125,0.99945068359375,0.0,0.0,0.0,0.61328125,-0.11328125,9.46484375
964,784000000,imu2_frame,-0.00543212890625,-0.03082275390625,0.01007080078125,0.99945068359375,0.0,0.0,0.0,0.57421875,-0.11328125,9.4609375
964,804000000,imu2_frame,-0.00543212890625,-0.03082275390625,0.01007080078125,0.99945068359375,0.0,0.0,0.0,0.57421875,-0.11328125,9.4609375
964,824000000,imu2_frame,-0.00543212890625,-0.03082275390625,0.01007080078125,0.99945068359375,0.0,0.0,0.0,0.61328125,-0.15234375,9.46484375
964,844000000,imu2_frame,-0.00543212890625,-0.03082275390625,0.01007080078125,0.99945068359375,0.0,0.0,0.0,0.57421875,-0.11328125,9.4609375
964,864000000,imu2_frame,-0.00543212890625,-0.03082275390625,0.01007080078125,0.99945068359375,0.0,0.0,0.0,0.61328125,-0.15234375,9.46484375
964,884000000,imu2_frame,-0.00543212890625,-0.03082275390625,0.01007080078125,0.99945068359375,0.001953125,0.0,0.0,0.61328125,-0.15234375,9.46484375
964,904000000,imu2_frame,-0.00543212890625,-0.03082275390625,0.01007080078125,0.99945068359375,0.001953125,0.0,0.0,0.57421875,-0.11328125,9.4609375
964,924000000,imu2_frame,-0.00543212890625,-0.03082275390625,0.01007080078125,0.99945068359375,0.001953125,0.0,0.0,0.57421875,-0.11328125,9.4609375
964,944000000,imu2_frame,-0.00543212890625,-0.03082275390625,0.01007080078125,0.99945068359375,0.001953125,0.0,0.0,0.61328125,-0.15234375,9.46484375
964,964000000,imu2_frame,-0.00543212890625,-0.03082275390625,0.01007080078125,0.99945068359375,0.0,0.0,0.00390625,0.61328125,-0.15234375,9.46484375
964,984000000,imu2_frame,-0.00543212890625,-0.03082275390625,0.01007080078125,0.99945068359375,0.0,0.0,0.00390625,0.57421875,-0.11328125,9.4609375
965,4000000,imu2_frame,-0.00543212890625,-0.03082275390625,0.01007080078125,0.99945068359375,0.0,0.0,0.00390625,0.57421875,-0.15234375,9.4609375
965,24000000,imu2_frame,-0.00543212890625,-0.03082275390625,0.01007080078125,0.99945068359375,0.0,0.0,0.00390625,0.61328125,-0.11328125,9.46484375
965,44000000,imu2_frame,-0.00543212890625,-0.03082275390625,0.01007080078125,0.99945068359375,0.0,-0.001953125,-0.001953125,0.61328125,-0.11328125,9.46484375
965,64000000,imu2_frame,-0.00543212890625,-0.03082275390625,0.01007080078125,0.99945068359375,0.0,-0.001953125,-0.001953125,0.57421875,-0.15234375,9.4609375
965,84000000,imu2_frame,-0.00543212890625,-0.03082275390625,0.01007080078125,0.99945068359375,0.0,-0.001953125,-0.001953125,0.57421875,-0.11328125,9.4609375
965,104000000,imu2_frame,-0.00543212890625,-0.03082275390625,0.01007080078125,0.99945068359375,0.0,-0.001953125,-0.001953125,0.61328125,-0.15234375,9.46484375
965,125000000,imu2_frame,-0.00543212890625,-0.03082275390625,0.01007080078125,0.99945068359375,0.0,0.0,-0.001953125,0.61328125,-0.15234375,9.46484375
965,144000000,imu2_frame,-0.00543212890625,-0.03082275390625,0.01007080078125,0.99945068359375,0.0,0.0,-0.001953125,0.61328125,-0.15234375,9.46484375
965,164000000,imu2_frame,-0.00543212890625,-0.03082275390625,0.01007080078125,0.99945068359375,0.0,0.0,-0.001953125,0.61328125,-0.11328125,9.46484375
965,184000000,imu2_frame,-0.00543212890625,-0.03082275390625,0.01007080078125,0.99945068359375,0.0,0.0,-0.001953125,0.61328125,-0.15234375,9.46484375
965,204000000,imu2_frame,-0.00543212890625,-0.03082275390625,0.01007080078125,0.99945068359375,0.0,0.0,0.0,0.61328125,-0.15234375,9.46484375
965,224000000,imu2_frame,-0.00543212890625,-0.03082275390625,0.01007080078125,0.99945068359375,0.0,0.0,0.0,0.57421875,-0.11328125,9.4609375
965,244000000,imu2_frame,-0.00543212890625,-0.03082275390625,0.01007080078125,0.99945068359375,0.0,0.0,0.0,0.61328125,-0.11328125,9.46484375
965,264000000,imu2_frame,-0.00543212890625,-0.03082275390625,0.01007080078125,0.99945068359375,0.0,0.0,0.0,0.61328125,-0.15234375,9.46484375
965,284000000,imu2_frame,-0.00543212890625,-0.03082275390625,0.01007080078125,0.99945068359375,0.0,0.0,0.0,0.61328125,-0.15234375,9.46484375
965,304000000,imu2_frame,-0.00543212890625,-0.03082275390625,0.01007080078125,0.99945068359375,0.0,0.0,0.0,0.57421875,-0.15234375,9.4609375
965,324000000,imu2_frame,-0.00543212890625,-0.03082275390625,0.01007080078125,0.99945068359375,0.0,0.0,0.0,0.57421875,-0.11328125,9.4609375
965,344000000,imu2_frame,-0.00543212890625,-0.03082275390625,0.01007080078125,0.99945068359375,0.0,0.0,0.0,0.61328125,-0.11328125,9.46484375
965,364000000,imu2_frame,-0.00543212890625,-0.03082275390625,0.01007080078125,0.99945068359375,0.0,0.0,0.001953125,0.61328125,-0.11328125,9.46484375
965,384000000,imu2_frame,-0.00543212890625,-0.03082275390625,0.01007080078125,0.99945068359375,0.0,0.0,0.001953125,0.61328125,-0.15234375,9.50390625
965,404000000,imu2_frame,-0.00543212890625,-0.03082275390625,0.01007080078125,0.99945068359375,0.0,0.0,0.001953125,0.57421875,-0.15234375,9.4609375
965,424000000,imu2_frame,-0.00543212890625,-0.03082275390625,0.01007080078125,0.99945068359375,0.0,0.0,0.001953125,0.57421875,-0.11328125,9.5
965,444000000,imu2_frame,-0.00543212890625,-0.03082275390625,0.01007080078125,0.99945068359375,0.0,0.0,0.0,0.57421875,-0.11328125,9.5
965,464000000,imu2_frame,-0.00543212890625,-0.03082275390625,0.01007080078125,0.99945068359375,0.0,0.0,0.0,0.61328125,-0.15234375,9.46484375
965,484000000,imu2_frame,-0.00543212890625,-0.03082275390625,0.01007080078125,0.99945068359375,0.0,0.0,0.0,0.61328125,-0.11328125,9.46484375
965,504000000,imu2_frame,-0.00543212890625,-0.03082275390625,0.01007080078125,0.99945068359375,0.0,0.0,0.0,0.61328125,-0.11328125,9.46484375
965,524000000,imu2_frame,-0.00543212890625,-0.03082275390625,0.01007080078125,0.99945068359375,0.001953125,-0.001953125,0.001953125,0.61328125,-0.11328125,9.46484375
965,544000000,imu2_frame,-0.00543212890625,-0.03082275390625,0.01007080078125,0.99945068359375,0.001953125,-0.001953125,0.001953125,0.57421875,-0.11328125,9.4609375
965,564000000,imu2_frame,-0.00543212890625,-0.03082275390625,0.01007080078125,0.99945068359375,0.001953125,-0.001953125,0.001953125,0.61328125,-0.15234375,9.421875
965,584000000,imu2_frame,-0.00543212890625,-0.03082275390625,0.01007080078125,0.99945068359375,0.001953125,-0.001953125,0.001953125,0.57421875,-0.11328125,9.42578125
965,604000000,imu2_frame,-0.00543212890625,-0.03082275390625,0.01007080078125,0.99945068359375,0.001953125,0.0,0.0,0.57421875,-0.11328125,9.42578125
965,624000000,imu2_frame,-0.00543212890625,-0.03082275390625,0.01007080078125,0.99945068359375,0.001953125,0.0,0.0,0.61328125,-0.15234375,9.46484375
965,644000000,imu2_frame,-0.00543212890625,-0.03082275390625,0.01007080078125,0.99945068359375,0.001953125,0.0,0.0,0.61328125,-0.15234375,9.46484375
965,664000000,imu2_frame,-0.00543212890625,-0.03082275390625,0.01007080078125,0.99945068359375,0.001953125,0.0,0.0,0.61328125,-0.15234375,9.46484375
965,684000000,imu2_frame,-0.00543212890625,-0.03082275390625,0.01007080078125,0.99945068359375,0.0,0.0,0.0,0.61328125,-0.15234375,9.46484375
965,704000000,imu2_frame,-0.00543212890625,-0.03082275390625,0.01007080078125,0.99945068359375,0.0,0.0,0.0,0.57421875,-0.15234375,9.4609375
965,724000000,imu2_frame,-0.00543212890625,-0.03082275390625,0.01007080078125,0.99945068359375,0.0,0.0,0.0,0.61328125,-0.15234375,9.46484375
965,744000000,imu2_frame,-0.00543212890625,-0.03082275390625,0.01007080078125,0.99945068359375,0.0,0.0,0.0,0.61328125,-0.15234375,9.46484375
965,764000000,imu2_frame,-0.00543212890625,-0.03082275390625,0.01007080078125,0.99945068359375,0.0,0.0,0.0,0.61328125,-0.15234375,9.46484375
965,784000000,imu2_frame,-0.00543212890625,-0.03082275390625,0.01007080078125,0.99945068359375,0.0,0.0,0.0,0.57421875,-0.15234375,9.4609375
965,804000000,imu2_frame,-0.00543212890625,-0.03082275390625,0.01007080078125,0.99945068359375,0.0,0.0,0.0,0.61328125,-0.11328125,9.46484375
965,824000000,imu2_frame,-0.00543212890625,-0.03082275390625,0.01007080078125,0.99945068359375,0.0,0.0,0.0,0.57421875,-0.15234375,9.42578125
965,844000000,imu2_frame,-0.00543212890625,-0.03082275390625,0.01007080078125,0.99945068359375,0.0,0.0,0.0,0.57421875,-0.15234375,9.42578125
965,864000000,imu2_frame,-0.00543212890625,-0.03082275390625,0.01007080078125,0.99945068359375,0.0,0.0,0.0,0.61328125,-0.15234375,9.46484375
965,884000000,imu2_frame,-0.00543212890625,-0.03082275390625,0.01007080078125,0.99945068359375,0.0,0.0,0.0,0.61328125,-0.11328125,9.46484375
965,904000000,imu2_frame,-0.00543212890625,-0.03082275390625,0.01007080078125,0.99945068359375,0.0,0.0,0.0,0.57421875,-0.19140625,9.46484375
965,924000000,imu2_frame,-0.00543212890625,-0.03082275390625,0.01007080078125,0.99945068359375,0.0,0.0,0.0,0.57421875,-0.19140625,9.46484375
965,944000000,imu2_frame,-0.00543212890625,-0.03082275390625,0.01007080078125,0.99945068359375,0.0,0.0,0.0,0.61328125,-0.11328125,9.46484375
965,964000000,imu2_frame,-0.00543212890625,-0.03082275390625,0.01007080078125,0.99945068359375,0.0,0.0,0.0,0.61328125,-0.11328125,9.46484375
965,984000000,imu2_frame,-0.00543212890625,-0.03082275390625,0.01007080078125,0.99945068359375,0.0,0.0,0.0,0.65234375,-0.11328125,9.46484375
966,4000000,imu2_frame,-0.00543212890625,-0.03082275390625,0.01007080078125,0.99945068359375,0.0,0.0,0.0,0.65234375,-0.11328125,9.46484375
966,24000000,imu2_frame,-0.00543212890625,-0.03082275390625,0.01007080078125,0.99945068359375,0.0,0.0,0.0,0.61328125,-0.15234375,9.46484375
966,44000000,imu2_frame,-0.00543212890625,-0.03082275390625,0.01007080078125,0.99945068359375,0.0,0.0,0.0,0.61328125,-0.15234375,9.46484375
966,64000000,imu2_frame,-0.00543212890625,-0.03082275390625,0.01007080078125,0.99945068359375,0.0,0.0,0.0,0.61328125,-0.19140625,9.4609375
966,84000000,imu2_frame,-0.00543212890625,-0.03082275390625,0.01007080078125,0.99945068359375,-0.033203125,0.0,-0.1171875,0.61328125,-0.19140625,9.4609375
966,104000000,imu2_frame,-0.00543212890625,-0.03082275390625,0.01007080078125,0.99945068359375,-0.033203125,0.0,-0.1171875,0.53515625,0.0,9.421875
966,124000000,imu2_frame,-0.00543212890625,-0.03082275390625,0.01007080078125,0.99945068359375,-0.033203125,0.0,-0.1171875,0.61328125,-0.23046875,9.4609375
966,144000000,imu2_frame,-0.00543212890625,-0.03082275390625,0.01007080078125,0.99945068359375,-0.033203125,0.0,-0.1171875,0.49609375,-0.11328125,9.421875
966,164000000,imu2_frame,-0.00543212890625,-0.03082275390625,0.01007080078125,0.99945068359375,0.025390625,0.013671875,-0.119140625,0.49609375,-0.11328125,9.421875
966,184000000,imu2_frame,-0.00543212890625,-0.03082275390625,0.01007080078125,0.99945068359375,0.025390625,0.013671875,-0.119140625,0.53515625,-0.19140625,9.4609375
966,204000000,imu2_frame,-0.00543212890625,-0.03082275390625,0.01007080078125,0.99945068359375,0.025390625,0.013671875,-0.119140625,0.53515625,-0.11328125,9.46484375
966,224000000,imu2_frame,-0.00543212890625,-0.03082275390625,0.01007080078125,0.99945068359375,0.025390625,0.013671875,-0.119140625,0.61328125,-0.0390625,9.46484375
966,244000000,imu2_frame,-0.00543212890625,-0.03082275390625,0.01007080078125,0.99945068359375,-0.017578125,0.001953125,-0.08984375,0.61328125,-0.0390625,9.46484375
966,264000000,imu2_frame,-0.00543212890625,-0.03082275390625,0.01007080078125,0.99945068359375,-0.017578125,0.001953125,-0.08984375,0.57421875,-0.11328125,9.4609375
966,284000000,imu2_frame,-0.00543212890625,-0.03082275390625,0.01007080078125,0.99945068359375,-0.017578125,0.001953125,-0.08984375,0.57421875,-0.0390625,9.4609375
966,304000000,imu2_frame,-0.00543212890625,-0.03082275390625,0.01007080078125,0.99945068359375,-0.017578125,0.001953125,-0.08984375,0.53515625,-0.26953125,9.46484375
966,324000000,imu2_frame,-0.00543212890625,-0.03082275390625,0.01007080078125,0.99945068359375,0.005859375,-0.015625,-0.0078125,0.53515625,-0.26953125,9.46484375
966,344000000,imu2_frame,-0.00543212890625,-0.03082275390625,0.01007080078125,0.99945068359375,0.005859375,-0.015625,-0.0078125,0.61328125,-0.19140625,9.4609375
966,364000000,imu2_frame,-0.00543212890625,-0.03082275390625,0.01007080078125,0.99945068359375,0.005859375,-0.015625,-0.0078125,0.57421875,-0.3046875,9.46484375
966,384000000,imu2_frame,-0.00543212890625,-0.03082275390625,0.01007080078125,0.99945068359375,0.005859375,-0.015625,-0.0078125,0.49609375,-0.11328125,9.46484375
966,404000000,imu2_frame,-0.00543212890625,-0.03082275390625,0.01007080078125,0.99945068359375,0.017578125,0.0,-0.009765625,0.49609375,-0.11328125,9.46484375
966,424000000,imu2_frame,-0.00543212890625,-0.03082275390625,0.01007080078125,0.99945068359375,0.017578125,0.0,-0.009765625,0.421875,-0.421875,9.46484375
966,444000000,imu2_frame,-0.00543212890625,-0.03082275390625,0.01007080078125,0.99945068359375,0.017578125,0.0,-0.009765625,0.4609375,-0.11328125,9.46484375
966,464000000,imu2_frame,-0.00543212890625,-0.03082275390625,0.01007080078125,0.99945068359375,0.017578125,0.0,-0.009765625,0.3828125,-0.078125,9.46484375
966,484000000,imu2_frame,-0.00543212890625,-0.03082275390625,0.01007080078125,0.99945068359375,0.00390625,-0.00390625,-0.02734375,0.3828125,-0.078125,9.46484375
966,504000000,imu2_frame,-0.00543212890625,-0.03082275390625,0.01007080078125,0.99945068359375,0.00390625,-0.00390625,-0.02734375,0.57421875,-0.15234375,9.4609375
966,524000000,imu2_frame,-0.00543212890625,-0.03082275390625,0.01007080078125,0.99945068359375,0.00390625,-0.00390625,-0.02734375,0.61328125,-0.23046875,9.4609375
966,544000000,imu2_frame,-0.00543212890625,-0.03082275390625,0.01007080078125,0.99945068359375,0.00390625,-0.00390625,-0.02734375,0.49609375,-0.11328125,9.46484375
966,564000000,imu2_frame,-0.00543212890625,-0.03082275390625,0.01007080078125,0.99945068359375,0.01171875,-0.00390625,-0.044921875,0.49609375,-0.11328125,9.46484375
966,584000000,imu2_frame,-0.00543212890625,-0.03082275390625,0.01007080078125,0.99945068359375,0.01171875,-0.00390625,-0.044921875,0.4609375,-0.11328125,9.421875
966,604000000,imu2_frame,-0.00543212890625,-0.03082275390625,0.01007080078125,0.99945068359375,0.01171875,-0.00390625,-0.044921875,0.421875,-0.11328125,9.4609375
966,624000000,imu2_frame,-0.00543212890625,-0.03082275390625,0.01007080078125,0.99945068359375,0.01171875,-0.00390625,-0.044921875,0.49609375,-0.23046875,9.4609375
966,644000000,imu2_frame,-0.00543212890625,-0.03082275390625,0.01007080078125,0.99945068359375,-0.03125,0.0078125,-0.099609375,0.49609375,-0.23046875,9.4609375
966,664000000,imu2_frame,-0.00543212890625,-0.03082275390625,0.01007080078125,0.99945068359375,-0.03125,0.0078125,-0.099609375,0.49609375,-0.078125,9.50390625
966,684000000,imu2_frame,-0.00543212890625,-0.03082275390625,0.01007080078125,0.99945068359375,-0.03125,0.0078125,-0.099609375,0.49609375,-0.15234375,9.46484375
966,704000000,imu2_frame,-0.00543212890625,-0.03082275390625,0.01007080078125,0.99945068359375,-0.03125,0.0078125,-0.099609375,0.49609375,-0.11328125,9.46484375
966,724000000,imu2_frame,-0.00543212890625,-0.03082275390625,0.01007080078125,0.99945068359375,-0.0078125,-0.001953125,-0.05859375,0.49609375,-0.11328125,9.46484375
966,744000000,imu2_frame,-0.00543212890625,-0.03082275390625,0.01007080078125,0.99945068359375,-0.0078125,-0.001953125,-0.05859375,0.57421875,-0.34375,9.4609375
966,764000000,imu2_frame,-0.00543212890625,-0.03082275390625,0.01007080078125,0.99945068359375,-0.0078125,-0.001953125,-0.05859375,0.49609375,-0.26953125,9.46484375
966,784000000,imu2_frame,-0.00543212890625,-0.03082275390625,0.01007080078125,0.99945068359375,-0.0078125,-0.001953125,-0.05859375,0.49609375,-0.26953125,9.421875
966,804000000,imu2_frame,-0.00543212890625,-0.03082275390625,0.01007080078125,0.99945068359375,-0.005859375,-0.00390625,-0.06640625,0.49609375,-0.26953125,9.421875
966,824000000,imu2_frame,-0.00543212890625,-0.03082275390625,0.01007080078125,0.99945068359375,-0.005859375,-0.00390625,-0.06640625,0.4609375,-0.19140625,9.4609375
966,844000000,imu2_frame,-0.00543212890625,-0.03082275390625,0.01007080078125,0.99945068359375,-0.005859375,-0.00390625,-0.06640625,0.53515625,-0.19140625,9.4609375
966,864000000,imu2_frame,-0.00543212890625,-0.03082275390625,0.01007080078125,0.99945068359375,-0.005859375,-0.00390625,-0.06640625,0.4609375,0.0,9.46484375
966,884000000,imu2_frame,-0.00543212890625,-0.03082275390625,0.01007080078125,0.99945068359375,0.01953125,-0.005859375,-0.072265625,0.4609375,0.0,9.46484375
966,904000000,imu2_frame,-0.00543212890625,-0.03082275390625,0.01007080078125,0.99945068359375,0.01953125,-0.005859375,-0.072265625,0.49609375,-0.19140625,9.4609375
966,924000000,imu2_frame,-0.00543212890625,-0.03082275390625,0.01007080078125,0.99945068359375,0.01953125,-0.005859375,-0.072265625,0.57421875,-0.15234375,9.4609375
966,944000000,imu2_frame,-0.00543212890625,-0.03082275390625,0.01007080078125,0.99945068359375,0.01953125,-0.005859375,-0.072265625,0.49609375,-0.23046875,9.4609375
966,964000000,imu2_frame,-0.00543212890625,-0.03082275390625,0.01007080078125,0.99945068359375,-0.02734375,0.033203125,-0.0703125,0.49609375,-0.23046875,9.4609375
966,984000000,imu2_frame,-0.00543212890625,-0.03082275390625,0.01007080078125,0.99945068359375,-0.02734375,0.033203125,-0.0703125,0.61328125,0.0,9.46484375
967,4000000,imu2_frame,-0.00543212890625,-0.03082275390625,0.01007080078125,0.99945068359375,-0.02734375,0.033203125,-0.0703125,0.421875,-0.15234375,9.4609375
967,24000000,imu2_frame,-0.00543212890625,-0.03082275390625,0.01007080078125,0.99945068359375,-0.02734375,0.033203125,-0.0703125,0.53515625,-0.23046875,9.4609375
967,44000000,imu2_frame,-0.00543212890625,-0.03082275390625,0.01007080078125,0.99945068359375,-0.03515625,-0.001953125,-0.068359375,0.53515625,-0.23046875,9.4609375
967,64000000,imu2_frame,-0.00543212890625,-0.03082275390625,0.01007080078125,0.99945068359375,-0.03515625,-0.001953125,-0.068359375,0.65234375,0.0,9.50390625
967,84000000,imu2_frame,-0.00543212890625,-0.03082275390625,0.01007080078125,0.99945068359375,-0.03515625,-0.001953125,-0.068359375,0.53515625,-0.15234375,9.46484375
967,104000000,imu2_frame,-0.00543212890625,-0.03082275390625,0.01007080078125,0.99945068359375,-0.03515625,-0.001953125,-0.068359375,0.421875,-0.34375,9.4609375
967,126000000,imu2_frame,-0.00543212890625,-0.03082275390625,0.01007080078125,0.99945068359375,0.0,-0.01171875,-0.001953125,0.421875,-0.34375,9.4609375
967,144000000,imu2_frame,-0.00543212890625,-0.03082275390625,0.01007080078125,0.99945068359375,0.0,-0.01171875,-0.001953125,0.57421875,-0.15234375,9.42578125
967,164000000,imu2_frame,-0.00543212890625,-0.03082275390625,0.01007080078125,0.99945068359375,0.0,-0.01171875,-0.001953125,0.57421875,0.0,9.4609375
967,184000000,imu2_frame,-0.00543212890625,-0.03082275390625,0.01007080078125,0.99945068359375,0.0,-0.01171875,-0.001953125,0.53515625,-0.34375,9.46484375
967,204000000,imu2_frame,-0.00543212890625,-0.03082275390625,0.01007080078125,0.99945068359375,-0.005859375,0.0078125,-0.041015625,0.53515625,-0.34375,9.46484375
967,224000000,imu2_frame,-0.00543212890625,-0.03082275390625,0.01007080078125,0.99945068359375,-0.005859375,0.0078125,-0.041015625,0.61328125,0.0,9.421875
967,244000000,imu2_frame,-0.00543212890625,-0.03082275390625,0.01007080078125,0.99945068359375,-0.005859375,0.0078125,-0.041015625,0.4609375,-0.23046875,9.4609375
967,264000000,imu2_frame,-0.00543212890625,-0.03082275390625,0.01007080078125,0.99945068359375,-0.005859375,0.0078125,-0.041015625,0.53515625,-0.078125,9.46484375
967,284000000,imu2_frame,-0.00543212890625,-0.03082275390625,0.01007080078125,0.99945068359375,0.013671875,-0.01171875,-0.0625,0.53515625,-0.078125,9.46484375
967,304000000,imu2_frame,-0.00543212890625,-0.03082275390625,0.01007080078125,0.99945068359375,0.013671875,-0.01171875,-0.0625,0.61328125,-0.078125,9.46484375
967,324000000,imu2_frame,-0.00543212890625,-0.03082275390625,0.01007080078125,0.99945068359375,0.013671875,-0.01171875,-0.0625,0.57421875,-0.0390625,9.4609375
967,344000000,imu2_frame,-0.00543212890625,-0.03082275390625,0.01007080078125,0.99945068359375,0.013671875,-0.01171875,-0.0625,0.53515625,-0.19140625,9.4609375
967,364000000,imu2_frame,-0.00543212890625,-0.03082275390625,0.01007080078125,0.99945068359375,-0.064453125,0.0,0.0,0.53515625,-0.19140625,9.4609375
967,384000000,imu2_frame,-0.00543212890625,-0.03082275390625,0.01007080078125,0.99945068359375,-0.064453125,0.0,0.0,0.49609375,-0.078125,9.46484375
967,404000000,imu2_frame,-0.00543212890625,-0.03082275390625,0.01007080078125,0.99945068359375,-0.064453125,0.0,0.0,0.4609375,0.15234375,9.421875
967,424000000,imu2_frame,-0.00543212890625,-0.03082275390625,0.01007080078125,0.99945068359375,-0.064453125,0.0,0.0,0.53515625,-0.3046875,9.4609375
967,444000000,imu2_frame,-0.00543212890625,-0.03082275390625,0.01007080078125,0.99945068359375,0.03515625,0.01171875,-0.115234375,0.53515625,-0.3046875,9.4609375
967,464000000,imu2_frame,-0.00543212890625,-0.03082275390625,0.01007080078125,0.99945068359375,0.03515625,0.01171875,-0.115234375,0.57421875,-0.15234375,9.42578125
967,484000000,imu2_frame,-0.00543212890625,-0.03082275390625,0.01007080078125,0.99945068359375,0.03515625,0.01171875,-0.115234375,0.421875,-0.15234375,9.4609375
967,504000000,imu2_frame,-0.00543212890625,-0.03082275390625,0.01007080078125,0.99945068359375,0.03515625,0.01171875,-0.115234375,0.57421875,-0.0390625,9.4609375
967,524000000,imu2_frame,-0.00543212890625,-0.03082275390625,0.01007080078125,0.99945068359375,0.01953125,0.00390625,-0.0234375,0.57421875,-0.0390625,9.4609375
967,544000000,imu2_frame,-0.00543212890625,-0.03082275390625,0.01007080078125,0.99945068359375,0.01953125,0.00390625,-0.0234375,0.61328125,-0.15234375,9.46484375
967,564000000,imu2_frame,-0.00543212890625,-0.03082275390625,0.01007080078125,0.99945068359375,0.01953125,0.00390625,-0.0234375,0.53515625,-0.26953125,9.50390625
967,584000000,imu2_frame,-0.00543212890625,-0.03082275390625,0.01007080078125,0.99945068359375,0.01953125,0.00390625,-0.0234375,0.57421875,0.0390625,9.4609375
967,604000000,imu2_frame,-0.00543212890625,-0.03082275390625,0.01007080078125,0.99945068359375,-0.029296875,0.01953125,-0.265625,0.57421875,0.0390625,9.4609375
967,624000000,imu2_frame,-0.00543212890625,-0.03082275390625,0.01007080078125,0.99945068359375,-0.029296875,0.01953125,-0.265625,0.49609375,-0.15234375,9.46484375
967,644000000,imu2_frame,-0.00543212890625,-0.03082275390625,0.01007080078125,0.99945068359375,-0.029296875,0.01953125,-0.265625,0.49609375,-0.19140625,9.42578125
967,664000000,imu2_frame,-0.00543212890625,-0.03082275390625,0.01007080078125,0.99945068359375,-0.029296875,0.01953125,-0.265625,0.53515625,-0.0390625,9.46484375
967,684000000,imu2_frame,-0.00543212890625,-0.03082275390625,0.01007080078125,0.99945068359375,-0.029296875,0.009765625,-0.244140625,0.53515625,-0.0390625,9.46484375
967,704000000,imu2_frame,-0.00543212890625,-0.03082275390625,0.01007080078125,0.99945068359375,-0.029296875,0.009765625,-0.244140625,0.53515625,-0.15234375,9.46484375
967,724000000,imu2_frame,-0.00543212890625,-0.03082275390625,0.01007080078125,0.99945068359375,-0.029296875,0.009765625,-0.244140625,0.57421875,-0.19140625,9.46484375
967,744000000,imu2_frame,-0.00543212890625,-0.03082275390625,0.01007080078125,0.99945068359375,-0.029296875,0.009765625,-0.244140625,0.49609375,-0.078125,9.50390625
967,764000000,imu2_frame,-0.00543212890625,-0.03082275390625,0.01007080078125,0.99945068359375,0.00390625,-0.001953125,-0.189453125,0.49609375,-0.078125,9.50390625
967,784000000,imu2_frame,-0.00543212890625,-0.03082275390625,0.01007080078125,0.99945068359375,0.00390625,-0.001953125,-0.189453125,0.61328125,0.11328125,9.50390625
967,804000000,imu2_frame,-0.00543212890625,-0.03082275390625,0.01007080078125,0.99945068359375,0.00390625,-0.001953125,-0.189453125,0.49609375,-0.23046875,9.4609375
967,824000000,imu2_frame,-0.00543212890625,-0.03082275390625,0.01007080078125,0.99945068359375,0.00390625,-0.001953125,-0.189453125,0.53515625,-0.26953125,9.46484375
967,844000000,imu2_frame,-0.00543212890625,-0.03082275390625,0.01007080078125,0.99945068359375,0.005859375,-0.005859375,-0.1015625,0.53515625,-0.26953125,9.46484375
967,864000000,imu2_frame,-0.00543212890625,-0.03082275390625,0.01007080078125,0.99945068359375,0.005859375,-0.005859375,-0.1015625,0.53515625,-0.23046875,9.42578125
967,884000000,imu2_frame,-0.00543212890625,-0.03082275390625,0.01007080078125,0.99945068359375,0.005859375,-0.005859375,-0.1015625,0.49609375,0.15234375,9.46484375
967,904000000,imu2_frame,-0.00543212890625,-0.03082275390625,0.01007080078125,0.99945068359375,0.005859375,-0.005859375,-0.1015625,0.57421875,-0.26953125,9.4609375
967,924000000,imu2_frame,-0.00543212890625,-0.03082275390625,0.01007080078125,0.99945068359375,-0.01171875,-0.0078125,-0.021484375,0.57421875,-0.26953125,9.4609375
967,944000000,imu2_frame,-0.00543212890625,-0.03082275390625,0.01007080078125,0.99945068359375,-0.01171875,-0.0078125,-0.021484375,0.53515625,-0.15234375,9.46484375
967,964000000,imu2_frame,-0.00543212890625,-0.03082275390625,0.01007080078125,0.99945068359375,-0.01171875,-0.0078125,-0.021484375,0.65234375,-0.23046875,9.4609375
967,984000000,imu2_frame,-0.00543212890625,-0.03082275390625,0.01007080078125,0.99945068359375,-0.01171875,-0.0078125,-0.021484375,0.53515625,-0.19140625,9.4609375
968,4000000,imu2_frame,-0.00543212890625,-0.03082275390625,0.01007080078125,0.99945068359375,0.01171875,-0.001953125,-0.01953125,0.53515625,-0.19140625,9.4609375
968,24000000,imu2_frame,-0.00543212890625,-0.03082275390625,0.01007080078125,0.99945068359375,0.01171875,-0.001953125,-0.01953125,0.53515625,-0.26953125,9.46484375
968,44000000,imu2_frame,-0.00543212890625,-0.03082275390625,0.01007080078125,0.99945068359375,0.01171875,-0.001953125,-0.01953125,0.3828125,-0.078125,9.50390625
968,64000000,imu2_frame,-0.00543212890625,-0.03082275390625,0.01007080078125,0.99945068359375,0.01171875,-0.001953125,-0.01953125,0.49609375,-0.23046875,9.4609375
968,84000000,imu2_frame,-0.00543212890625,-0.03082275390625,0.01007080078125,0.99945068359375,-0.041015625,-0.00390625,-0.033203125,0.49609375,-0.23046875,9.4609375
968,104000000,imu2_frame,-0.00543212890625,-0.03082275390625,0.01007080078125,0.99945068359375,-0.041015625,-0.00390625,-0.033203125,0.57421875,-0.0390625,9.4609375
968,124000000,imu2_frame,-0.00543212890625,-0.03082275390625,0.01007080078125,0.99945068359375,-0.041015625,-0.00390625,-0.033203125,0.49609375,-0.19140625,9.4609375
968,144000000,imu2_frame,-0.00543212890625,-0.03082275390625,0.01007080078125,0.99945068359375,-0.041015625,-0.00390625,-0.033203125,0.61328125,-0.26953125,9.50390625
968,164000000,imu2_frame,-0.00543212890625,-0.03082275390625,0.01007080078125,0.99945068359375,-0.0390625,0.0078125,-0.06640625,0.61328125,-0.26953125,9.50390625
968,184000000,imu2_frame,-0.00543212890625,-0.03082275390625,0.01007080078125,0.99945068359375,-0.0390625,0.0078125,-0.06640625,0.49609375,-0.26953125,9.46484375
968,204000000,imu2_frame,-0.00543212890625,-0.03082275390625,0.01007080078125,0.99945068359375,-0.0390625,0.0078125,-0.06640625,0.57421875,-0.23046875,9.50390625
968,224000000,imu2_frame,-0.00543212890625,-0.03082275390625,0.01007080078125,0.99945068359375,-0.0390625,0.0078125,-0.06640625,0.49609375,-0.0390625,9.46484375
968,244000000,imu2_frame,-0.00543212890625,-0.03082275390625,0.01007080078125,0.99945068359375,-0.009765625,-0.0078125,-0.1015625,0.49609375,-0.0390625,9.46484375
968,264000000,imu2_frame,-0.00543212890625,-0.03082275390625,0.01007080078125,0.99945068359375,-0.009765625,-0.0078125,-0.1015625,0.421875,0.11328125,9.5
968,284000000,imu2_frame,-0.00543212890625,-0.03082275390625,0.01007080078125,0.99945068359375,-0.009765625,-0.0078125,-0.1015625,0.65234375,-0.23046875,9.42578125
968,304000000,imu2_frame,-0.00543212890625,-0.03082275390625,0.01007080078125,0.99945068359375,-0.009765625,-0.0078125,-0.1015625,0.53515625,0.0,9.421875
968,324000000,imu2_frame,-0.00543212890625,-0.03082275390625,0.01007080078125,0.99945068359375,0.009765625,-0.0078125,-0.119140625,0.53515625,0.0,9.421875
968,344000000,imu2_frame,-0.00543212890625,-0.03082275390625,0.01007080078125,0.99945068359375,0.009765625,-0.0078125,-0.119140625,0.57421875,-0.0390625,9.4609375
968,364000000,imu2_frame,-0.00543212890625,-0.03082275390625,0.01007080078125,0.99945068359375,0.009765625,-0.0078125,-0.119140625,0.61328125,-0.0390625,9.50390625
968,384000000,imu2_frame,-0.00543212890625,-0.03082275390625,0.01007080078125,0.99945068359375,0.009765625,-0.0078125,-0.119140625,0.61328125,-0.11328125,9.421875
968,404000000,imu2_frame,-0.00543212890625,-0.03082275390625,0.01007080078125,0.99945068359375,0.015625,0.001953125,-0.173828125,0.61328125,-0.11328125,9.421875
968,424000000,imu2_frame,-0.00543212890625,-0.03082275390625,0.01007080078125,0.99945068359375,0.015625,0.001953125,-0.173828125,0.53515625,-0.078125,9.421875
968,444000000,imu2_frame,-0.00543212890625,-0.03082275390625,0.01007080078125,0.99945068359375,0.015625,0.001953125,-0.173828125,0.57421875,-0.19140625,9.46484375
968,464000000,imu2_frame,-0.00543212890625,-0.03082275390625,0.01007080078125,0.99945068359375,0.015625,0.001953125,-0.173828125,0.65234375,-0.15234375,9.46484375
968,484000000,imu2_frame,-0.00543212890625,-0.03082275390625,0.01007080078125,0.99945068359375,0.009765625,0.00390625,-0.09765625,0.65234375,-0.15234375,9.46484375
968,504000000,imu2_frame,-0.00543212890625,-0.03082275390625,0.01007080078125,0.99945068359375,0.009765625,0.00390625,-0.09765625,0.57421875,-0.078125,9.4609375
968,524000000,imu2_frame,-0.00543212890625,-0.03082275390625,0.01007080078125,0.99945068359375,0.009765625,0.00390625,-0.09765625,0.421875,0.0390625,9.4609375
968,544000000,imu2_frame,-0.00543212890625,-0.03082275390625,0.01007080078125,0.99945068359375,0.009765625,0.00390625,-0.09765625,0.53515625,-0.11328125,9.46484375
968,564000000,imu2_frame,-0.00543212890625,-0.03082275390625,0.01007080078125,0.99945068359375,-0.02734375,0.00390625,-0.0859375,0.53515625,-0.11328125,9.46484375
968,584000000,imu2_frame,-0.00543212890625,-0.03082275390625,0.01007080078125,0.99945068359375,-0.02734375,0.00390625,-0.0859375,0.57421875,-0.34375,9.42578125
968,604000000,imu2_frame,-0.00543212890625,-0.03082275390625,0.01007080078125,0.99945068359375,-0.02734375,0.00390625,-0.0859375,0.61328125,0.0,9.46484375
968,624000000,imu2_frame,-0.00543212890625,-0.03082275390625,0.01007080078125,0.99945068359375,-0.02734375,0.00390625,-0.0859375,0.65234375,-0.15234375,9.46484375
968,644000000,imu2_frame,-0.00543212890625,-0.03082275390625,0.01007080078125,0.99945068359375,-0.00390625,-0.001953125,-0.0546875,0.65234375,-0.15234375,9.46484375
968,664000000,imu2_frame,-0.00543212890625,-0.03082275390625,0.01007080078125,0.99945068359375,-0.00390625,-0.001953125,-0.0546875,0.4609375,0.0390625,9.46484375
968,684000000,imu2_frame,-0.00543212890625,-0.03082275390625,0.01007080078125,0.99945068359375,-0.00390625,-0.001953125,-0.0546875,0.65234375,-0.3828125,9.46484375
968,704000000,imu2_frame,-0.00543212890625,-0.03082275390625,0.01007080078125,0.99945068359375,-0.00390625,-0.001953125,-0.0546875,0.53515625,0.19140625,9.4609375
968,724000000,imu2_frame,-0.00543212890625,-0.03082275390625,0.01007080078125,0.99945068359375,-0.00390625,-0.001953125,-0.0546875,0.53515625,-0.34375,9.50390625
968,744000000,imu2_frame,-0.00543212890625,-0.03082275390625,0.01007080078125,0.99945068359375,-0.00390625,-0.001953125,-0.0546875,0.4609375,0.078125,9.46484375
968,764000000,imu2_frame,-0.00543212890625,-0.03082275390625,0.01007080078125,0.99945068359375,-0.00390625,-0.001953125,-0.0546875,0.49609375,-0.34375,9.46484375
968,784000000,imu2_frame,-0.00543212890625,-0.03082275390625,0.01007080078125,0.99945068359375,-0.00390625,-0.001953125,-0.0546875,0.57421875,0.078125,9.4609375
968,804000000,imu2_frame,-0.00543212890625,-0.03082275390625,0.01007080078125,0.99945068359375,-0.00390625,-0.001953125,-0.0546875,0.61328125,-0.421875,9.4609375
968,824000000,imu2_frame,-0.00543212890625,-0.03082275390625,0.01007080078125,0.99945068359375,-0.00390625,-0.001953125,-0.0546875,0.4609375,-0.078125,9.46484375
968,844000000,imu2_frame,-0.00543212890625,-0.03082275390625,0.01007080078125,0.99945068359375,-0.00390625,-0.001953125,-0.0546875,0.57421875,-0.53515625,9.4609375
968,864000000,imu2_frame,-0.00543212890625,-0.03082275390625,0.01007080078125,0.99945068359375,-0.00390625,-0.001953125,-0.0546875,0.49609375,0.0,9.46484375
968,884000000,imu2_frame,-0.00543212890625,-0.03082275390625,0.01007080078125,0.99945068359375,-0.00390625,-0.001953125,-0.0546875,0.49609375,-0.23046875,9.5
968,904000000,imu2_frame,-0.00543212890625,-0.03082275390625,0.01007080078125,0.99945068359375,-0.00390625,-0.001953125,-0.0546875,0.61328125,-0.078125,9.46484375
968,924000000,imu2_frame,-0.00543212890625,-0.03082275390625,0.01007080078125,0.99945068359375,-0.00390625,-0.001953125,-0.0546875,0.49609375,-0.078125,9.46484375
968,944000000,imu2_frame,-0.00543212890625,-0.03082275390625,0.01007080078125,0.99945068359375,-0.00390625,-0.001953125,-0.0546875,0.61328125,-0.23046875,9.5
968,964000000,imu2_frame,-0.00543212890625,-0.03082275390625,0.01007080078125,0.99945068359375,-0.00390625,-0.001953125,-0.0546875,0.57421875,-0.15234375,9.4609375
968,984000000,imu2_frame,-0.00543212890625,-0.03082275390625,0.01007080078125,0.99945068359375,-0.00390625,-0.001953125,-0.0546875,0.57421875,-0.34375,9.4609375
969,4000000,imu2_frame,-0.00543212890625,-0.03082275390625,0.01007080078125,0.99945068359375,-0.00390625,-0.001953125,-0.0546875,0.49609375,0.0390625,9.50390625
969,24000000,imu2_frame,-0.00543212890625,-0.03082275390625,0.01007080078125,0.99945068359375,-0.00390625,-0.001953125,-0.0546875,0.61328125,-0.26953125,9.421875
969,44000000,imu2_frame,-0.00543212890625,-0.03082275390625,0.01007080078125,0.99945068359375,-0.00390625,-0.001953125,-0.0546875,0.57421875,-0.4609375,9.4609375
969,64000000,imu2_frame,-0.00543212890625,-0.03082275390625,0.01007080078125,0.99945068359375,-0.00390625,-0.001953125,-0.0546875,0.49609375,0.15234375,9.46484375
969,84000000,imu2_frame,-0.00543212890625,-0.03082275390625,0.01007080078125,0.99945068359375,-0.00390625,-0.001953125,-0.0546875,0.65234375,-0.34375,9.46484375
969,104000000,imu2_frame,-0.00543212890625,-0.03082275390625,0.01007080078125,0.99945068359375,-0.00390625,-0.001953125,-0.0546875,0.65234375,-0.19140625,9.4609375
969,127000000,imu2_frame,-0.00543212890625,-0.03082275390625,0.01007080078125,0.99945068359375,-0.00390625,-0.001953125,-0.0546875,0.57421875,-0.15234375,9.4609375
969,144000000,imu2_frame,-0.00543212890625,-0.03082275390625,0.01007080078125,0.99945068359375,-0.00390625,-0.001953125,-0.0546875,0.421875,-0.19140625,9.46484375
969,164000000,imu2_frame,-0.00543212890625,-0.03082275390625,0.01007080078125,0.99945068359375,-0.00390625,-0.001953125,-0.0546875,0.4609375,-0.34375,9.421875
969,184000000,imu2_frame,-0.00543212890625,-0.03082275390625,0.01007080078125,0.99945068359375,-0.00390625,-0.001953125,-0.0546875,0.61328125,-0.19140625,9.5
969,204000000,imu2_frame,-0.00543212890625,-0.03082275390625,0.01007080078125,0.99945068359375,-0.00390625,-0.001953125,-0.0546875,0.57421875,-0.15234375,9.4609375
969,224000000,imu2_frame,-0.00543212890625,-0.03082275390625,0.01007080078125,0.99945068359375,-0.00390625,-0.001953125,-0.0546875,0.49609375,-0.15234375,9.421875
969,244000000,imu2_frame,-0.00543212890625,-0.03082275390625,0.01007080078125,0.99945068359375,-0.00390625,-0.001953125,-0.0546875,0.53515625,-0.078125,9.46484375
969,264000000,imu2_frame,-0.00543212890625,-0.03082275390625,0.01007080078125,0.99945068359375,-0.00390625,-0.001953125,-0.0546875,0.61328125,-0.26953125,9.421875
969,284000000,imu2_frame,-0.00543212890625,-0.03082275390625,0.01007080078125,0.99945068359375,-0.00390625,-0.001953125,-0.0546875,0.57421875,-0.3828125,9.42578125
969,304000000,imu2_frame,-0.00543212890625,-0.03082275390625,0.01007080078125,0.99945068359375,-0.00390625,-0.001953125,-0.0546875,0.49609375,0.0,9.46484375
969,324000000,imu2_frame,-0.00543212890625,-0.03082275390625,0.01007080078125,0.99945068359375,-0.00390625,-0.001953125,-0.0546875,0.57421875,-0.078125,9.4609375
969,344000000,imu2_frame,-0.00543212890625,-0.03082275390625,0.01007080078125,0.99945068359375,-0.00390625,-0.001953125,-0.0546875,0.61328125,-0.23046875,9.42578125
969,364000000,imu2_frame,-0.00543212890625,-0.03082275390625,0.01007080078125,0.99945068359375,-0.00390625,-0.001953125,-0.0546875,0.49609375,-0.15234375,9.421875
969,384000000,imu2_frame,-0.00543212890625,-0.03082275390625,0.01007080078125,0.99945068359375,-0.00390625,-0.001953125,-0.0546875,0.49609375,-0.19140625,9.4609375
969,404000000,imu2_frame,-0.00543212890625,-0.03082275390625,0.01007080078125,0.99945068359375,-0.00390625,-0.001953125,-0.0546875,0.53515625,-0.34375,9.46484375
969,424000000,imu2_frame,-0.00543212890625,-0.03082275390625,0.01007080078125,0.99945068359375,-0.00390625,-0.001953125,-0.0546875,0.57421875,-0.23046875,9.46484375
969,444000000,imu2_frame,-0.00543212890625,-0.03082275390625,0.01007080078125,0.99945068359375,-0.00390625,-0.001953125,-0.0546875,0.57421875,-0.15234375,9.4609375
969,464000000,imu2_frame,-0.00543212890625,-0.03082275390625,0.01007080078125,0.99945068359375,-0.00390625,-0.001953125,-0.0546875,0.4609375,-0.26953125,9.46484375
969,484000000,imu2_frame,-0.00543212890625,-0.03082275390625,0.01007080078125,0.99945068359375,-0.00390625,-0.001953125,-0.0546875,0.49609375,-0.19140625,9.4609375
969,504000000,imu2_frame,-0.00543212890625,-0.03082275390625,0.01007080078125,0.99945068359375,-0.00390625,-0.001953125,-0.0546875,0.61328125,-0.23046875,9.4609375
969,524000000,imu2_frame,-0.00543212890625,-0.03082275390625,0.01007080078125,0.99945068359375,-0.00390625,-0.001953125,-0.0546875,0.4609375,-0.19140625,9.42578125
969,544000000,imu2_frame,-0.00543212890625,-0.03082275390625,0.01007080078125,0.99945068359375,-0.00390625,-0.001953125,-0.0546875,0.49609375,-0.26953125,9.46484375
969,564000000,imu2_frame,-0.00543212890625,-0.03082275390625,0.01007080078125,0.99945068359375,-0.00390625,-0.001953125,-0.0546875,0.53515625,-0.19140625,9.4609375
969,584000000,imu2_frame,-0.00543212890625,-0.03082275390625,0.01007080078125,0.99945068359375,-0.00390625,-0.001953125,-0.0546875,0.57421875,-0.26953125,9.4609375
969,604000000,imu2_frame,-0.00543212890625,-0.03082275390625,0.01007080078125,0.99945068359375,-0.00390625,-0.001953125,-0.0546875,0.53515625,-0.3046875,9.42578125
969,624000000,imu2_frame,-0.00543212890625,-0.03082275390625,0.01007080078125,0.99945068359375,-0.00390625,-0.001953125,-0.0546875,0.4609375,0.0390625,9.46484375
969,644000000,imu2_frame,-0.00543212890625,-0.03082275390625,0.01007080078125,0.99945068359375,-0.00390625,-0.001953125,-0.0546875,0.53515625,-0.19140625,9.4609375
969,664000000,imu2_frame,-0.00543212890625,-0.03082275390625,0.01007080078125,0.99945068359375,-0.00390625,-0.001953125,-0.0546875,0.53515625,-0.23046875,9.4609375
969,684000000,imu2_frame,-0.00543212890625,-0.03082275390625,0.01007080078125,0.99945068359375,-0.00390625,-0.001953125,-0.0546875,0.53515625,-0.3046875,9.4609375
969,704000000,imu2_frame,-0.00543212890625,-0.03082275390625,0.01007080078125,0.99945068359375,-0.00390625,-0.001953125,-0.0546875,0.49609375,0.11328125,9.46484375
969,724000000,imu2_frame,-0.00543212890625,-0.03082275390625,0.01007080078125,0.99945068359375,-0.00390625,-0.001953125,-0.0546875,0.53515625,-0.0390625,9.46484375
969,744000000,imu2_frame,-0.00543212890625,-0.03082275390625,0.01007080078125,0.99945068359375,-0.00390625,-0.001953125,-0.0546875,0.61328125,-0.23046875,9.4609375
969,764000000,imu2_frame,-0.00543212890625,-0.03082275390625,0.01007080078125,0.99945068359375,-0.00390625,-0.001953125,-0.0546875,0.61328125,-0.15234375,9.46484375
969,784000000,imu2_frame,-0.00543212890625,-0.03082275390625,0.01007080078125,0.99945068359375,-0.00390625,-0.001953125,-0.0546875,0.4609375,-0.11328125,9.46484375
969,804000000,imu2_frame,-0.00543212890625,-0.03082275390625,0.01007080078125,0.99945068359375,-0.00390625,-0.001953125,-0.0546875,0.53515625,-0.078125,9.46484375
969,824000000,imu2_frame,-0.00543212890625,-0.03082275390625,0.01007080078125,0.99945068359375,-0.00390625,-0.001953125,-0.0546875,0.53515625,-0.19140625,9.4609375
969,844000000,imu2_frame,-0.00543212890625,-0.03082275390625,0.01007080078125,0.99945068359375,-0.00390625,-0.001953125,-0.0546875,0.57421875,-0.26953125,9.4609375
969,864000000,imu2_frame,-0.00543212890625,-0.03082275390625,0.01007080078125,0.99945068359375,-0.00390625,-0.001953125,-0.0546875,0.53515625,-0.19140625,9.4609375
969,884000000,imu2_frame,-0.00543212890625,-0.03082275390625,0.01007080078125,0.99945068359375,-0.00390625,-0.001953125,-0.0546875,0.53515625,-0.3046875,9.4609375
969,904000000,imu2_frame,-0.00543212890625,-0.03082275390625,0.01007080078125,0.99945068359375,-0.00390625,-0.001953125,-0.0546875,0.49609375,-0.11328125,9.46484375
969,924000000,imu2_frame,-0.00543212890625,-0.03082275390625,0.01007080078125,0.99945068359375,-0.00390625,-0.001953125,-0.0546875,0.57421875,-0.23046875,9.46484375
969,944000000,imu2_frame,-0.00543212890625,-0.03082275390625,0.01007080078125,0.99945068359375,-0.00390625,-0.001953125,-0.0546875,0.53515625,-0.3046875,9.4609375
969,964000000,imu2_frame,-0.00543212890625,-0.03082275390625,0.01007080078125,0.99945068359375,-0.00390625,-0.001953125,-0.0546875,0.49609375,-0.15234375,9.46484375
969,984000000,imu2_frame,-0.00543212890625,-0.03082275390625,0.01007080078125,0.99945068359375,-0.00390625,-0.001953125,-0.0546875,0.65234375,-0.19140625,9.42578125
970,4000000,imu2_frame,-0.00543212890625,-0.03082275390625,0.01007080078125,0.99945068359375,-0.00390625,-0.001953125,-0.0546875,0.57421875,-0.11328125,9.5
970,24000000,imu2_frame,-0.00543212890625,-0.03082275390625,0.01007080078125,0.99945068359375,-0.00390625,-0.001953125,-0.0546875,0.69140625,-0.11328125,9.4609375
970,44000000,imu2_frame,-0.00543212890625,-0.03082275390625,0.01007080078125,0.99945068359375,-0.00390625,-0.001953125,-0.0546875,0.61328125,-0.15234375,9.46484375
970,64000000,imu2_frame,-0.00543212890625,-0.03082275390625,0.01007080078125,0.99945068359375,-0.00390625,-0.001953125,-0.0546875,0.65234375,-0.11328125,9.46484375
970,84000000,imu2_frame,-0.00543212890625,-0.03082275390625,0.01007080078125,0.99945068359375,-0.00390625,-0.001953125,-0.0546875,0.61328125,-0.11328125,9.421875
970,104000000,imu2_frame,-0.00543212890625,-0.03082275390625,0.01007080078125,0.99945068359375,-0.00390625,-0.001953125,-0.0546875,0.53515625,-0.15234375,9.46484375
970,124000000,imu2_frame,-0.00543212890625,-0.03082275390625,0.01007080078125,0.99945068359375,-0.00390625,-0.001953125,-0.0546875,0.53515625,-0.15234375,9.46484375
970,144000000,imu2_frame,-0.00543212890625,-0.03082275390625,0.01007080078125,0.99945068359375,-0.00390625,-0.001953125,-0.0546875,0.53515625,-0.15234375,9.46484375
970,164000000,imu2_frame,-0.00543212890625,-0.03082275390625,0.01007080078125,0.99945068359375,-0.00390625,-0.001953125,-0.0546875,0.65234375,-0.15234375,9.46484375
970,184000000,imu2_frame,-0.00543212890625,-0.03082275390625,0.01007080078125,0.99945068359375,-0.00390625,-0.001953125,-0.0546875,0.57421875,-0.19140625,9.46484375
970,204000000,imu2_frame,-0.00543212890625,-0.03082275390625,0.01007080078125,0.99945068359375,-0.00390625,-0.001953125,-0.0546875,0.53515625,-0.11328125,9.46484375
970,224000000,imu2_frame,-0.00543212890625,-0.03082275390625,0.01007080078125,0.99945068359375,-0.00390625,-0.001953125,-0.0546875,0.53515625,-0.11328125,9.46484375
970,244000000,imu2_frame,-0.00543212890625,-0.03082275390625,0.01007080078125,0.99945068359375,-0.00390625,-0.001953125,-0.0546875,0.53515625,-0.19140625,9.4609375
970,264000000,imu2_frame,-0.00543212890625,-0.03082275390625,0.01007080078125,0.99945068359375,-0.00390625,-0.001953125,-0.0546875,0.4609375,-0.26953125,9.46484375
970,284000000,imu2_frame,-0.00543212890625,-0.03082275390625,0.01007080078125,0.99945068359375,-0.00390625,-0.001953125,-0.0546875,0.4609375,-0.26953125,9.46484375
970,304000000,imu2_frame,-0.00543212890625,-0.03082275390625,0.01007080078125,0.99945068359375,-0.00390625,-0.001953125,-0.0546875,0.4609375,-0.26953125,9.46484375
970,324000000,imu2_frame,-0.00543212890625,-0.03082275390625,0.01007080078125,0.99945068359375,-0.00390625,-0.001953125,-0.0546875,0.53515625,-0.11328125,9.46484375
970,344000000,imu2_frame,-0.00543212890625,-0.03082275390625,0.01007080078125,0.99945068359375,-0.00390625,-0.001953125,-0.0546875,0.53515625,-0.078125,9.46484375
970,364000000,imu2_frame,-0.00543212890625,-0.03082275390625,0.01007080078125,0.99945068359375,-0.00390625,-0.001953125,-0.0546875,0.53515625,-0.078125,9.46484375
970,384000000,imu2_frame,-0.00543212890625,-0.03082275390625,0.01007080078125,0.99945068359375,-0.00390625,-0.001953125,-0.0546875,0.53515625,-0.078125,9.46484375
970,404000000,imu2_frame,-0.00543212890625,-0.03082275390625,0.01007080078125,0.99945068359375,0.0,-0.001953125,-0.03125,0.53515625,-0.078125,9.46484375
970,424000000,imu2_frame,-0.00543212890625,-0.03082275390625,0.01007080078125,0.99945068359375,0.0,-0.001953125,-0.03125,0.61328125,-0.0390625,9.46484375
970,444000000,imu2_frame,-0.00543212890625,-0.03082275390625,0.01007080078125,0.99945068359375,0.0,-0.001953125,-0.03125,0.61328125,-0.0390625,9.46484375
970,464000000,imu2_frame,-0.00543212890625,-0.03082275390625,0.01007080078125,0.99945068359375,0.0,-0.001953125,-0.03125,0.61328125,-0.15234375,9.46484375
970,484000000,imu2_frame,-0.00543212890625,-0.03082275390625,0.01007080078125,0.99945068359375,0.0,-0.001953125,-0.03125,0.61328125,-0.19140625,9.4609375
970,504000000,imu2_frame,-0.00543212890625,-0.03082275390625,0.01007080078125,0.99945068359375,0.0,-0.001953125,-0.03125,0.61328125,-0.19140625,9.4609375
970,524000000,imu2_frame,-0.00543212890625,-0.03082275390625,0.01007080078125,0.99945068359375,0.0,-0.001953125,-0.03125,0.61328125,-0.19140625,9.4609375
970,544000000,imu2_frame,-0.00543212890625,-0.03082275390625,0.01007080078125,0.99945068359375,0.0,-0.001953125,-0.03125,0.61328125,-0.19140625,9.42578125
970,564000000,imu2_frame,-0.00543212890625,-0.03082275390625,0.01007080078125,0.99945068359375,0.0,-0.001953125,-0.03125,0.57421875,-0.19140625,9.46484375
970,584000000,imu2_frame,-0.00543212890625,-0.03082275390625,0.01007080078125,0.99945068359375,0.0,-0.001953125,-0.03125,0.57421875,-0.19140625,9.46484375
970,604000000,imu2_frame,-0.00543212890625,-0.03082275390625,0.01007080078125,0.99945068359375,0.0,-0.001953125,-0.03125,0.57421875,-0.19140625,9.46484375
970,624000000,imu2_frame,-0.00543212890625,-0.03082275390625,0.01007080078125,0.99945068359375,0.0,-0.001953125,-0.03125,0.57421875,-0.19140625,9.46484375
970,644000000,imu2_frame,-0.00543212890625,-0.03082275390625,0.01007080078125,0.99945068359375,0.0,-0.001953125,-0.03125,0.57421875,-0.19140625,9.46484375
970,664000000,imu2_frame,-0.00543212890625,-0.03082275390625,0.01007080078125,0.99945068359375,0.0,-0.001953125,-0.03125,0.57421875,-0.19140625,9.46484375
970,684000000,imu2_frame,-0.00543212890625,-0.03082275390625,0.01007080078125,0.99945068359375,0.0,-0.001953125,-0.03125,0.57421875,-0.19140625,9.46484375
970,704000000,imu2_frame,-0.00543212890625,-0.03082275390625,0.01007080078125,0.99945068359375,0.0,-0.001953125,-0.03125,0.57421875,-0.19140625,9.46484375
970,724000000,imu2_frame,-0.00543212890625,-0.03082275390625,0.01007080078125,0.99945068359375,0.0,-0.001953125,-0.03125,0.57421875,-0.19140625,9.46484375
970,744000000,imu2_frame,-0.00543212890625,-0.03082275390625,0.01007080078125,0.99945068359375,0.0,-0.001953125,-0.03125,0.57421875,-0.19140625,9.46484375
970,764000000,imu2_frame,-0.00543212890625,-0.03082275390625,0.01007080078125,0.99945068359375,0.0,-0.001953125,-0.03125,0.57421875,-0.19140625,9.46484375
970,784000000,imu2_frame,-0.00543212890625,-0.03082275390625,0.01007080078125,0.99945068359375,0.0,-0.001953125,-0.03125,0.57421875,-0.19140625,9.46484375
970,804000000,imu2_frame,-0.00543212890625,-0.03082275390625,0.01007080078125,0.99945068359375,0.0,-0.001953125,-0.03125,0.57421875,-0.19140625,9.46484375
970,824000000,imu2_frame,-0.00543212890625,-0.03082275390625,0.01007080078125,0.99945068359375,0.0,-0.001953125,-0.03125,0.57421875,-0.19140625,9.46484375
970,844000000,imu2_frame,-0.00543212890625,-0.03082275390625,0.01007080078125,0.99945068359375,0.0,-0.001953125,-0.03125,0.57421875,-0.19140625,9.46484375
970,864000000,imu2_frame,-0.00543212890625,-0.03082275390625,0.01007080078125,0.99945068359375,0.0,-0.001953125,-0.03125,0.57421875,-0.19140625,9.46484375
970,884000000,imu2_frame,-0.00543212890625,-0.03082275390625,0.01007080078125,0.99945068359375,0.0,-0.001953125,-0.03125,0.57421875,-0.19140625,9.46484375
970,904000000,imu2_frame,-0.00543212890625,-0.03082275390625,0.01007080078125,0.99945068359375,0.0,-0.001953125,-0.03125,0.57421875,-0.19140625,9.46484375
970,924000000,imu2_frame,-0.00543212890625,-0.03082275390625,0.01007080078125,0.99945068359375,0.0,-0.001953125,-0.03125,0.57421875,-0.19140625,9.46484375
970,944000000,imu2_frame,-0.00543212890625,-0.03082275390625,0.01007080078125,0.99945068359375,0.0,-0.001953125,-0.03125,0.57421875,-0.19140625,9.46484375
970,964000000,imu2_frame,-0.00543212890625,-0.03082275390625,0.01007080078125,0.99945068359375,0.0,-0.001953125,-0.03125,0.57421875,-0.19140625,9.46484375
970,984000000,imu2_frame,-0.00543212890625,-0.03082275390625,0.01007080078125,0.99945068359375,0.0,-0.001953125,-0.03125,0.57421875,-0.19140625,9.46484375
971,4000000,imu2_frame,-0.00543212890625,-0.03082275390625,0.01007080078125,0.99945068359375,0.0,-0.001953125,-0.03125,0.57421875,-0.19140625,9.46484375
971,24000000,imu2_frame,-0.00543212890625,-0.03082275390625,0.01007080078125,0.99945068359375,0.0,-0.001953125,-0.03125,0.57421875,-0.19140625,9.46484375
971,44000000,imu2_frame,-0.00543212890625,-0.03082275390625,0.01007080078125,0.99945068359375,0.0,-0.001953125,-0.03125,0.57421875,-0.19140625,9.46484375
971,64000000,imu2_frame,-0.00543212890625,-0.03082275390625,0.01007080078125,0.99945068359375,0.0,-0.001953125,-0.03125,0.53515625,-0.19140625,9.4609375
971,84000000,imu2_frame,-0.00543212890625,-0.03082275390625,0.01007080078125,0.99945068359375,0.0,-0.001953125,-0.03125,0.57421875,-0.19140625,9.46484375
971,104000000,imu2_frame,-0.00543212890625,-0.03082275390625,0.01007080078125,0.99945068359375,0.0,-0.001953125,-0.03125,0.57421875,-0.19140625,9.46484375
971,128000000,imu2_frame,-0.00543212890625,-0.03082275390625,0.01007080078125,0.99945068359375,0.0,-0.001953125,-0.03125,0.57421875,-0.19140625,9.46484375
971,144000000,imu2_frame,-0.00543212890625,-0.03082275390625,0.01007080078125,0.99945068359375,0.0,-0.001953125,-0.03125,0.57421875,-0.19140625,9.46484375
971,164000000,imu2_frame,-0.00543212890625,-0.03082275390625,0.01007080078125,0.99945068359375,0.0,-0.001953125,-0.03125,0.57421875,-0.19140625,9.46484375
971,184000000,imu2_frame,-0.00543212890625,-0.03082275390625,0.01007080078125,0.99945068359375,0.0,-0.001953125,-0.03125,0.57421875,-0.19140625,9.46484375
971,204000000,imu2_frame,-0.0191650390625,-0.02447509765625,-0.37847900390625,0.92510986328125,0.0,-0.001953125,-0.03125,0.57421875,-0.19140625,9.46484375
971,224000000,imu2_frame,-0.0191650390625,-0.02447509765625,-0.37847900390625,0.92510986328125,0.0,-0.001953125,-0.03125,0.57421875,-0.19140625,9.46484375
971,244000000,imu2_frame,-0.0191650390625,-0.02447509765625,-0.37847900390625,0.92510986328125,0.0,-0.001953125,-0.03125,0.57421875,-0.19140625,9.46484375
971,264000000,imu2_frame,-0.0191650390625,-0.02447509765625,-0.37847900390625,0.92510986328125,0.0,-0.001953125,-0.03125,0.57421875,-0.19140625,9.46484375
971,284000000,imu2_frame,-0.0191650390625,-0.02447509765625,-0.37847900390625,0.92510986328125,0.0,-0.001953125,-0.03125,0.57421875,-0.19140625,9.46484375
971,304000000,imu2_frame,-0.0191650390625,-0.02447509765625,-0.37847900390625,0.92510986328125,0.0,-0.001953125,-0.03125,0.57421875,-0.19140625,9.46484375
971,324000000,imu2_frame,-0.0191650390625,-0.02447509765625,-0.37847900390625,0.92510986328125,0.0,-0.001953125,-0.03125,0.57421875,-0.19140625,9.46484375
971,344000000,imu2_frame,-0.0191650390625,-0.02447509765625,-0.37847900390625,0.92510986328125,0.0,-0.001953125,-0.03125,0.57421875,-0.19140625,9.46484375
971,364000000,imu2_frame,-0.0191650390625,-0.02447509765625,-0.37847900390625,0.92510986328125,0.0,-0.001953125,-0.03125,0.57421875,-0.19140625,9.46484375
971,384000000,imu2_frame,-0.0191650390625,-0.02447509765625,-0.37847900390625,0.92510986328125,0.0,-0.001953125,-0.03125,0.57421875,-0.19140625,9.46484375
971,404000000,imu2_frame,-0.0191650390625,-0.02447509765625,-0.37847900390625,0.92510986328125,0.0,-0.001953125,-0.03125,0.57421875,-0.19140625,9.46484375
971,424000000,imu2_frame,-0.0191650390625,-0.02447509765625,-0.37847900390625,0.92510986328125,0.0,-0.001953125,-0.03125,0.57421875,-0.19140625,9.46484375
971,444000000,imu2_frame,-0.0191650390625,-0.02447509765625,-0.37847900390625,0.92510986328125,0.0,-0.001953125,-0.03125,0.57421875,-0.19140625,9.46484375
971,464000000,imu2_frame,-0.0191650390625,-0.02447509765625,-0.37847900390625,0.92510986328125,0.0,-0.001953125,-0.03125,0.57421875,-0.19140625,9.46484375
971,484000000,imu2_frame,-0.0191650390625,-0.02447509765625,-0.37847900390625,0.92510986328125,0.0,-0.001953125,-0.03125,0.57421875,-0.19140625,9.46484375
971,504000000,imu2_frame,-0.0191650390625,-0.02447509765625,-0.37847900390625,0.92510986328125,0.0,-0.001953125,-0.03125,0.57421875,-0.19140625,9.46484375
971,524000000,imu2_frame,-0.0191650390625,-0.02447509765625,-0.37847900390625,0.92510986328125,0.0,-0.001953125,-0.03125,0.57421875,-0.19140625,9.46484375
971,544000000,imu2_frame,-0.0191650390625,-0.02447509765625,-0.37847900390625,0.92510986328125,0.0,-0.001953125,-0.03125,0.57421875,-0.19140625,9.46484375
971,564000000,imu2_frame,-0.0191650390625,-0.02447509765625,-0.37847900390625,0.92510986328125,0.0,-0.001953125,-0.03125,0.57421875,-0.19140625,9.46484375
971,584000000,imu2_frame,-0.0191650390625,-0.02447509765625,-0.37847900390625,0.92510986328125,0.0,-0.001953125,-0.03125,0.57421875,-0.19140625,9.46484375
971,604000000,imu2_frame,-0.0191650390625,-0.02447509765625,-0.37847900390625,0.92510986328125,0.0,-0.001953125,-0.03125,0.57421875,-0.19140625,9.46484375
971,624000000,imu2_frame,-0.0191650390625,-0.02447509765625,-0.37847900390625,0.92510986328125,0.0,-0.001953125,-0.03125,0.57421875,-0.19140625,9.46484375
971,644000000,imu2_frame,-0.0191650390625,-0.02447509765625,-0.37847900390625,0.92510986328125,0.0,-0.001953125,-0.03125,0.57421875,-0.19140625,9.46484375
971,664000000,imu2_frame,-0.0191650390625,-0.02447509765625,-0.37847900390625,0.92510986328125,0.0,-0.001953125,-0.03125,0.57421875,-0.19140625,9.46484375
971,684000000,imu2_frame,-0.0191650390625,-0.02447509765625,-0.37847900390625,0.92510986328125,0.0,-0.001953125,-0.03125,0.57421875,-0.19140625,9.46484375
971,704000000,imu2_frame,-0.0191650390625,-0.02447509765625,-0.37847900390625,0.92510986328125,0.0,-0.001953125,-0.03125,0.57421875,-0.19140625,9.46484375
971,724000000,imu2_frame,-0.0191650390625,-0.02447509765625,-0.37847900390625,0.92510986328125,0.0,-0.001953125,-0.03125,0.57421875,-0.19140625,9.46484375
971,744000000,imu2_frame,-0.0191650390625,-0.02447509765625,-0.37847900390625,0.92510986328125,0.0,-0.001953125,-0.03125,0.57421875,-0.19140625,9.46484375
971,764000000,imu2_frame,-0.0191650390625,-0.02447509765625,-0.37847900390625,0.92510986328125,0.0,-0.001953125,-0.03125,0.57421875,-0.19140625,9.46484375
971,784000000,imu2_frame,-0.0191650390625,-0.02447509765625,-0.37847900390625,0.92510986328125,0.0,-0.001953125,-0.03125,0.57421875,-0.19140625,9.46484375
971,804000000,imu2_frame,-0.0191650390625,-0.02447509765625,-0.37847900390625,0.92510986328125,0.0,-0.001953125,-0.03125,0.57421875,-0.19140625,9.46484375
971,824000000,imu2_frame,-0.0191650390625,-0.02447509765625,-0.37847900390625,0.92510986328125,0.0,-0.001953125,-0.03125,0.57421875,-0.19140625,9.46484375
971,844000000,imu2_frame,-0.0191650390625,-0.02447509765625,-0.37847900390625,0.92510986328125,0.0,-0.001953125,-0.03125,0.57421875,-0.19140625,9.46484375
971,864000000,imu2_frame,-0.0191650390625,-0.02447509765625,-0.37847900390625,0.92510986328125,0.0,-0.001953125,-0.03125,0.57421875,-0.19140625,9.46484375
971,884000000,imu2_frame,-0.0191650390625,-0.02447509765625,-0.37847900390625,0.92510986328125,0.0,-0.001953125,-0.03125,0.57421875,-0.19140625,9.46484375
971,904000000,imu2_frame,-0.0191650390625,-0.02447509765625,-0.37847900390625,0.92510986328125,0.0,-0.001953125,-0.03125,0.57421875,-0.19140625,9.46484375
971,924000000,imu2_frame,-0.0191650390625,-0.02447509765625,-0.37847900390625,0.92510986328125,0.0,-0.001953125,-0.03125,0.57421875,-0.19140625,9.46484375
971,944000000,imu2_frame,-0.0191650390625,-0.02447509765625,-0.37847900390625,0.92510986328125,0.0,-0.001953125,-0.03125,0.57421875,-0.19140625,9.46484375
971,964000000,imu2_frame,-0.0191650390625,-0.02447509765625,-0.37847900390625,0.92510986328125,0.0,-0.001953125,-0.03125,0.57421875,-0.19140625,9.46484375
971,984000000,imu2_frame,-0.0191650390625,-0.02447509765625,-0.37847900390625,0.92510986328125,0.0,-0.001953125,-0.03125,0.57421875,-0.19140625,9.46484375
972,4000000,imu2_frame,-0.0191650390625,-0.02447509765625,-0.37847900390625,0.92510986328125,0.0,-0.001953125,-0.03125,0.57421875,-0.19140625,9.46484375
972,24000000,imu2_frame,-0.0191650390625,-0.02447509765625,-0.37847900390625,0.92510986328125,0.0,-0.001953125,-0.03125,0.57421875,-0.19140625,9.46484375
972,44000000,imu2_frame,-0.0191650390625,-0.02447509765625,-0.37847900390625,0.92510986328125,0.0,-0.001953125,-0.03125,0.57421875,-0.19140625,9.46484375
972,64000000,imu2_frame,-0.0191650390625,-0.02447509765625,-0.37847900390625,0.92510986328125,0.0,-0.001953125,-0.03125,0.57421875,-0.19140625,9.46484375
972,84000000,imu2_frame,-0.0191650390625,-0.02447509765625,-0.37847900390625,0.92510986328125,0.0,-0.001953125,-0.03125,0.57421875,-0.19140625,9.46484375
972,104000000,imu2_frame,-0.0191650390625,-0.02447509765625,-0.37847900390625,0.92510986328125,0.0,-0.001953125,-0.03125,0.57421875,-0.19140625,9.46484375
972,124000000,imu2_frame,-0.0191650390625,-0.02447509765625,-0.37847900390625,0.92510986328125,0.0,-0.001953125,-0.03125,0.57421875,-0.19140625,9.46484375
972,144000000,imu2_frame,-0.0191650390625,-0.02447509765625,-0.37847900390625,0.92510986328125,0.0,-0.001953125,-0.03125,0.57421875,-0.19140625,9.46484375
972,164000000,imu2_frame,-0.0191650390625,-0.02447509765625,-0.37847900390625,0.92510986328125,0.0,-0.001953125,-0.03125,0.57421875,-0.19140625,9.46484375
972,184000000,imu2_frame,-0.0191650390625,-0.02447509765625,-0.37847900390625,0.92510986328125,0.0,-0.001953125,-0.03125,0.57421875,-0.19140625,9.46484375
972,204000000,imu2_frame,-0.0191650390625,-0.02447509765625,-0.37847900390625,0.92510986328125,0.0,-0.001953125,-0.03125,0.57421875,-0.19140625,9.46484375
972,224000000,imu2_frame,-0.0191650390625,-0.02447509765625,-0.37847900390625,0.92510986328125,0.0,-0.001953125,-0.03125,0.57421875,-0.19140625,9.46484375
972,244000000,imu2_frame,-0.0191650390625,-0.02447509765625,-0.37847900390625,0.92510986328125,0.0,0.0,0.00390625,0.57421875,-0.19140625,9.46484375
972,264000000,imu2_frame,-0.0191650390625,-0.02447509765625,-0.37847900390625,0.92510986328125,0.0,0.0,-0.005859375,0.57421875,-0.19140625,9.46484375
972,284000000,imu2_frame,-0.0191650390625,-0.02447509765625,-0.37847900390625,0.92510986328125,0.0,0.0,-0.005859375,0.57421875,-0.19140625,9.46484375
972,304000000,imu2_frame,-0.0191650390625,-0.02447509765625,-0.37847900390625,0.92510986328125,0.0,0.0,-0.005859375,0.57421875,-0.19140625,9.46484375
972,324000000,imu2_frame,-0.0191650390625,-0.02447509765625,-0.37847900390625,0.92510986328125,0.0,0.0,-0.005859375,0.57421875,-0.19140625,9.46484375
972,344000000,imu2_frame,-0.0191650390625,-0.02447509765625,-0.37847900390625,0.92510986328125,0.0,0.0,-0.005859375,0.57421875,-0.19140625,9.46484375
972,364000000,imu2_frame,-0.0191650390625,-0.02447509765625,-0.37847900390625,0.92510986328125,0.0,0.0,-0.005859375,0.57421875,-0.19140625,9.46484375
972,384000000,imu2_frame,-0.0191650390625,-0.02447509765625,-0.37847900390625,0.92510986328125,0.0,0.0,-0.005859375,0.57421875,-0.19140625,9.46484375
972,404000000,imu2_frame,-0.0191650390625,-0.02447509765625,-0.37847900390625,0.92510986328125,0.0,0.0,-0.005859375,0.57421875,-0.19140625,9.46484375
972,424000000,imu2_frame,-0.0191650390625,-0.02447509765625,-0.37847900390625,0.92510986328125,0.0,0.0,-0.005859375,0.57421875,-0.19140625,9.46484375
972,444000000,imu2_frame,-0.0191650390625,-0.02447509765625,-0.37847900390625,0.92510986328125,0.0,0.0,-0.005859375,0.57421875,-0.19140625,9.46484375
972,464000000,imu2_frame,-0.0191650390625,-0.02447509765625,-0.37847900390625,0.92510986328125,0.0,0.0,-0.005859375,0.57421875,-0.19140625,9.46484375
972,484000000,imu2_frame,-0.0191650390625,-0.02447509765625,-0.37847900390625,0.92510986328125,0.0,0.0,-0.005859375,0.57421875,-0.19140625,9.46484375
972,504000000,imu2_frame,-0.0191650390625,-0.02447509765625,-0.37847900390625,0.92510986328125,0.0,0.0,-0.005859375,0.57421875,-0.19140625,9.46484375
972,524000000,imu2_frame,-0.0191650390625,-0.02447509765625,-0.37847900390625,0.92510986328125,0.0,0.0,-0.005859375,0.57421875,-0.19140625,9.46484375
972,544000000,imu2_frame,-0.0191650390625,-0.02447509765625,-0.37847900390625,0.92510986328125,0.0,0.0,-0.005859375,0.57421875,-0.19140625,9.46484375
972,564000000,imu2_frame,-0.0205078125,-0.0234375,-0.37933349609375,0.92474365234375,0.0,0.0,-0.005859375,0.57421875,-0.19140625,9.46484375
972,584000000,imu2_frame,-0.0205078125,-0.0234375,-0.37933349609375,0.92474365234375,0.0,0.0,0.001953125,0.57421875,-0.19140625,9.46484375
972,604000000,imu2_frame,-0.0205078125,-0.0234375,-0.37933349609375,0.92474365234375,0.0,0.0,0.001953125,0.57421875,-0.19140625,9.46484375
972,624000000,imu2_frame,-0.0205078125,-0.0234375,-0.37933349609375,0.92474365234375,0.0,0.0,0.001953125,0.57421875,-0.19140625,9.46484375
972,644000000,imu2_frame,-0.0205078125,-0.0233154296875,-0.3792724609375,0.92474365234375,0.0,0.0,0.001953125,0.57421875,-0.19140625,9.46484375
972,664000000,imu2_frame,-0.0205078125,-0.0233154296875,-0.3792724609375,0.92474365234375,0.0,-0.001953125,0.001953125,0.57421875,-0.19140625,9.46484375
972,684000000,imu2_frame,-0.0205078125,-0.0233154296875,-0.3792724609375,0.92474365234375,-0.00390625,0.0,-0.00390625,0.57421875,-0.19140625,9.46484375
972,704000000,imu2_frame,-0.0205078125,-0.0233154296875,-0.3792724609375,0.92474365234375,-0.00390625,0.0,-0.00390625,0.57421875,-0.19140625,9.46484375
972,724000000,imu2_frame,-0.0205078125,-0.0233154296875,-0.3792724609375,0.92474365234375,0.0,0.0,-0.001953125,0.57421875,-0.19140625,9.46484375
972,744000000,imu2_frame,-0.0205078125,-0.0233154296875,-0.3792724609375,0.92474365234375,0.001953125,-0.001953125,0.0,0.57421875,-0.19140625,9.46484375
972,764000000,imu2_frame,-0.0205078125,-0.0233154296875,-0.3792724609375,0.92474365234375,0.0,0.0,0.0,0.57421875,-0.19140625,9.46484375
972,784000000,imu2_frame,-0.0205078125,-0.0233154296875,-0.3792724609375,0.92474365234375,0.0,0.0,0.0,0.57421875,-0.19140625,9.46484375
972,804000000,imu2_frame,-0.0205078125,-0.0233154296875,-0.3792724609375,0.92474365234375,0.0,0.0,0.0,0.57421875,-0.19140625,9.46484375
972,824000000,imu2_frame,-0.0205078125,-0.0233154296875,-0.3792724609375,0.92474365234375,0.001953125,0.0,0.00390625,0.57421875,-0.19140625,9.46484375
972,844000000,imu2_frame,-0.0205078125,-0.0233154296875,-0.3792724609375,0.92474365234375,-0.00390625,0.0,-0.001953125,0.57421875,-0.19140625,9.46484375
972,864000000,imu2_frame,-0.0205078125,-0.0233154296875,-0.3792724609375,0.92474365234375,-0.001953125,0.0,0.001953125,0.57421875,-0.19140625,9.46484375
972,884000000,imu2_frame,-0.0205078125,-0.0233154296875,-0.3792724609375,0.92474365234375,0.001953125,0.0,0.001953125,0.57421875,-0.19140625,9.46484375
972,904000000,imu2_frame,-0.0205078125,-0.0233154296875,-0.3792724609375,0.92474365234375,0.001953125,-0.001953125,-0.001953125,0.57421875,-0.19140625,9.46484375
972,924000000,imu2_frame,-0.0205078125,-0.0233154296875,-0.3792724609375,0.92474365234375,0.00390625,0.0,-0.001953125,0.57421875,-0.19140625,9.46484375
972,944000000,imu2_frame,-0.0205078125,-0.0233154296875,-0.3792724609375,0.92474365234375,0.00390625,0.0,-0.001953125,0.57421875,-0.19140625,9.46484375
972,964000000,imu2_frame,-0.0205078125,-0.0233154296875,-0.3792724609375,0.92474365234375,0.00390625,0.0,-0.001953125,0.57421875,-0.19140625,9.46484375
972,984000000,imu2_frame,-0.0205078125,-0.0233154296875,-0.3792724609375,0.92474365234375,-0.00390625,0.001953125,0.001953125,0.57421875,-0.19140625,9.46484375
973,4000000,imu2_frame,-0.0205078125,-0.0233154296875,-0.3792724609375,0.92474365234375,-0.001953125,-0.001953125,0.001953125,0.57421875,-0.19140625,9.46484375
973,24000000,imu2_frame,-0.0205078125,-0.0233154296875,-0.3792724609375,0.92474365234375,0.0,-0.001953125,0.0,0.57421875,-0.19140625,9.46484375
973,44000000,imu2_frame,-0.0205078125,-0.0233154296875,-0.3792724609375,0.92474365234375,0.001953125,0.0,0.0,0.57421875,-0.19140625,9.46484375
973,64000000,imu2_frame,-0.0205078125,-0.0233154296875,-0.3792724609375,0.92474365234375,0.005859375,0.0,0.001953125,0.57421875,-0.19140625,9.46484375
973,84000000,imu2_frame,-0.0205078125,-0.0233154296875,-0.3792724609375,0.92474365234375,0.001953125,0.0,0.001953125,0.57421875,-0.19140625,9.46484375
973,104000000,imu2_frame,-0.0205078125,-0.0233154296875,-0.3792724609375,0.92474365234375,0.001953125,0.0,0.0,0.57421875,-0.19140625,9.46484375
973,124000000,imu2_frame,-0.0205078125,-0.0233154296875,-0.3792724609375,0.92474365234375,0.001953125,0.0,0.0,0.57421875,-0.19140625,9.46484375
973,144000000,imu2_frame,-0.0205078125,-0.0233154296875,-0.3792724609375,0.92474365234375,-0.001953125,0.0,0.0,0.57421875,-0.19140625,9.46484375
973,164000000,imu2_frame,-0.0205078125,-0.0233154296875,-0.3792724609375,0.92474365234375,-0.001953125,-0.001953125,0.0,0.57421875,-0.19140625,9.46484375
973,184000000,imu2_frame,-0.0205078125,-0.0233154296875,-0.3792724609375,0.92474365234375,-0.001953125,-0.001953125,0.0,0.57421875,-0.19140625,9.46484375
973,204000000,imu2_frame,-0.0205078125,-0.0233154296875,-0.3792724609375,0.92474365234375,-0.001953125,-0.001953125,0.0,0.57421875,-0.19140625,9.46484375
973,224000000,imu2_frame,-0.0205078125,-0.0233154296875,-0.3792724609375,0.92474365234375,-0.001953125,-0.001953125,0.0,0.57421875,-0.19140625,9.46484375
973,244000000,imu2_frame,-0.0205078125,-0.0233154296875,-0.3792724609375,0.92474365234375,0.0,-0.001953125,-0.001953125,0.57421875,-0.19140625,9.46484375
973,264000000,imu2_frame,-0.0205078125,-0.0233154296875,-0.3792724609375,0.92474365234375,0.0,0.0,0.0,0.57421875,-0.19140625,9.46484375
973,284000000,imu2_frame,-0.0205078125,-0.0233154296875,-0.3792724609375,0.92474365234375,0.0,0.0,0.0,0.57421875,-0.19140625,9.46484375
973,304000000,imu2_frame,-0.0205078125,-0.0233154296875,-0.3792724609375,0.92474365234375,0.0,0.0,0.0,0.57421875,-0.19140625,9.46484375
973,324000000,imu2_frame,-0.0206298828125,-0.022705078125,-0.37933349609375,0.92474365234375,0.0,0.0,0.0,0.57421875,-0.19140625,9.46484375
973,344000000,imu2_frame,-0.0206298828125,-0.022705078125,-0.37933349609375,0.92474365234375,0.0,0.0,0.0,0.57421875,-0.19140625,9.46484375
973,364000000,imu2_frame,-0.0206298828125,-0.022705078125,-0.37933349609375,0.92474365234375,-0.015625,0.001953125,-0.00390625,0.57421875,-0.19140625,9.46484375
973,384000000,imu2_frame,-0.0206298828125,-0.022705078125,-0.37933349609375,0.92474365234375,-0.009765625,0.00390625,0.0,0.57421875,-0.19140625,9.46484375
973,404000000,imu2_frame,-0.0206298828125,-0.022705078125,-0.37933349609375,0.92474365234375,-0.01171875,0.0,-0.005859375,0.57421875,-0.19140625,9.46484375
973,424000000,imu2_frame,-0.0206298828125,-0.022705078125,-0.37933349609375,0.92474365234375,-0.01171875,0.0,-0.005859375,0.57421875,-0.19140625,9.46484375
973,444000000,imu2_frame,-0.0206298828125,-0.022705078125,-0.37933349609375,0.92474365234375,0.099609375,-0.005859375,-0.28125,0.57421875,-0.19140625,9.46484375
973,464000000,imu2_frame,-0.0206298828125,-0.022705078125,-0.37933349609375,0.92474365234375,-0.033203125,0.009765625,-0.1875,0.57421875,-0.19140625,9.46484375
973,484000000,imu2_frame,-0.0206298828125,-0.022705078125,-0.37933349609375,0.92474365234375,0.025390625,0.00390625,-0.1015625,0.57421875,-0.19140625,9.46484375
973,504000000,imu2_frame,-0.0206298828125,-0.022705078125,-0.37933349609375,0.92474365234375,0.025390625,0.00390625,-0.1015625,0.57421875,-0.19140625,9.46484375
973,524000000,imu2_frame,-0.0206298828125,-0.022705078125,-0.37933349609375,0.92474365234375,-0.03125,-0.001953125,-0.1015625,0.57421875,-0.19140625,9.46484375
973,544000000,imu2_frame,-0.0206298828125,-0.022705078125,-0.37933349609375,0.92474365234375,-0.001953125,0.00390625,-0.10546875,0.57421875,-0.19140625,9.46484375
973,564000000,imu2_frame,-0.0206298828125,-0.022705078125,-0.37933349609375,0.92474365234375,0.029296875,-0.009765625,-0.109375,0.57421875,-0.19140625,9.46484375
973,584000000,imu2_frame,-0.0206298828125,-0.022705078125,-0.37933349609375,0.92474365234375,0.01171875,-0.015625,-0.12109375,0.57421875,-0.19140625,9.46484375
973,604000000,imu2_frame,-0.0206298828125,-0.022705078125,-0.37933349609375,0.92474365234375,-0.01171875,-0.021484375,-0.14453125,0.57421875,-0.19140625,9.46484375
973,624000000,imu2_frame,-0.0206298828125,-0.022705078125,-0.37933349609375,0.92474365234375,0.001953125,0.001953125,-0.123046875,0.57421875,-0.19140625,9.46484375
973,644000000,imu2_frame,-0.02032470703125,-0.0228271484375,-0.3919677734375,0.91949462890625,0.001953125,0.001953125,-0.123046875,0.57421875,-0.19140625,9.46484375
973,664000000,imu2_frame,-0.02032470703125,-0.0228271484375,-0.3919677734375,0.91949462890625,-0.033203125,-0.005859375,-0.13671875,0.57421875,-0.19140625,9.46484375
973,684000000,imu2_frame,-0.02032470703125,-0.0228271484375,-0.3919677734375,0.91949462890625,0.015625,-0.005859375,-0.138671875,0.57421875,-0.19140625,9.46484375
973,704000000,imu2_frame,-0.02032470703125,-0.0228271484375,-0.3919677734375,0.91949462890625,0.013671875,0.0078125,-0.14453125,0.57421875,-0.19140625,9.46484375
973,724000000,imu2_frame,-0.02032470703125,-0.0228271484375,-0.3919677734375,0.91949462890625,0.001953125,-0.00390625,-0.064453125,0.57421875,-0.19140625,9.46484375
973,744000000,imu2_frame,-0.02032470703125,-0.0228271484375,-0.3919677734375,0.91949462890625,0.017578125,-0.005859375,-0.033203125,0.57421875,-0.19140625,9.46484375
973,764000000,imu2_frame,-0.02032470703125,-0.0228271484375,-0.3919677734375,0.91949462890625,-0.01171875,-0.00390625,-0.08203125,0.57421875,-0.19140625,9.46484375
973,784000000,imu2_frame,-0.02032470703125,-0.0228271484375,-0.3919677734375,0.91949462890625,0.001953125,0.00390625,-0.1015625,0.57421875,-0.19140625,9.46484375
973,804000000,imu2_frame,-0.0201416015625,-0.02288818359375,-0.39923095703125,0.91632080078125,0.001953125,0.00390625,-0.1015625,0.57421875,-0.19140625,9.46484375
973,824000000,imu2_frame,-0.0201416015625,-0.02288818359375,-0.39923095703125,0.91632080078125,-0.029296875,0.01171875,-0.083984375,0.57421875,-0.19140625,9.46484375
973,844000000,imu2_frame,-0.0201416015625,-0.02288818359375,-0.39923095703125,0.91632080078125,0.0078125,-0.0078125,-0.078125,0.57421875,-0.19140625,9.46484375
973,864000000,imu2_frame,-0.0201416015625,-0.02288818359375,-0.39923095703125,0.91632080078125,-0.005859375,-0.00390625,-0.046875,0.57421875,-0.19140625,9.46484375
973,884000000,imu2_frame,-0.0201416015625,-0.02288818359375,-0.39923095703125,0.91632080078125,-0.041015625,0.01171875,-0.095703125,0.57421875,-0.19140625,9.46484375
973,904000000,imu2_frame,-0.0201416015625,-0.02288818359375,-0.39923095703125,0.91632080078125,0.0234375,-0.001953125,-0.046875,0.57421875,-0.19140625,9.46484375
973,924000000,imu2_frame,-0.0201416015625,-0.02288818359375,-0.39923095703125,0.91632080078125,-0.017578125,0.00390625,0.017578125,0.57421875,-0.19140625,9.46484375
973,944000000,imu2_frame,-0.0201416015625,-0.02288818359375,-0.39923095703125,0.91632080078125,0.0,-0.00390625,0.044921875,0.57421875,-0.19140625,9.46484375
973,964000000,imu2_frame,-0.0201416015625,-0.02288818359375,-0.39923095703125,0.91632080078125,-0.00390625,0.0078125,0.095703125,0.57421875,-0.19140625,9.46484375
973,984000000,imu2_frame,-0.0201416015625,-0.02288818359375,-0.39923095703125,0.91632080078125,-0.005859375,0.005859375,0.11328125,0.57421875,-0.19140625,9.46484375
974,4000000,imu2_frame,-0.0201416015625,-0.02288818359375,-0.39923095703125,0.91632080078125,-0.015625,-0.005859375,0.142578125,0.57421875,-0.19140625,9.46484375
974,24000000,imu2_frame,-0.0201416015625,-0.02288818359375,-0.39923095703125,0.91632080078125,-0.02734375,0.001953125,0.029296875,0.57421875,-0.19140625,9.46484375
974,44000000,imu2_frame,-0.0201416015625,-0.02288818359375,-0.39923095703125,0.91632080078125,-0.021484375,-0.005859375,0.07421875,0.57421875,-0.19140625,9.46484375
974,64000000,imu2_frame,-0.0201416015625,-0.02288818359375,-0.39923095703125,0.91632080078125,0.017578125,-0.0078125,0.037109375,0.57421875,-0.19140625,9.46484375
974,84000000,imu2_frame,-0.0201416015625,-0.02288818359375,-0.39923095703125,0.91632080078125,-0.01171875,0.0,0.02734375,0.57421875,-0.19140625,9.46484375
974,104000000,imu2_frame,-0.0201416015625,-0.02288818359375,-0.39923095703125,0.91632080078125,0.01171875,0.0078125,-0.04296875,0.57421875,-0.19140625,9.46484375
974,124000000,imu2_frame,-0.0201416015625,-0.0225830078125,-0.39874267578125,0.91656494140625,0.01171875,0.0078125,-0.04296875,0.57421875,-0.19140625,9.46484375
974,144000000,imu2_frame,-0.0201416015625,-0.0225830078125,-0.39874267578125,0.91656494140625,0.01171875,0.0,-0.080078125,0.57421875,-0.19140625,9.46484375
974,164000000,imu2_frame,-0.0201416015625,-0.0225830078125,-0.39874267578125,0.91656494140625,0.001953125,-0.00390625,-0.06640625,0.57421875,-0.19140625,9.46484375
974,184000000,imu2_frame,-0.0201416015625,-0.0225830078125,-0.39874267578125,0.91656494140625,0.0,-0.00390625,-0.04296875,0.57421875,-0.19140625,9.46484375
974,204000000,imu2_frame,-0.0201416015625,-0.0225830078125,-0.39874267578125,0.91656494140625,0.013671875,-0.005859375,-0.09765625,0.57421875,-0.19140625,9.46484375
974,224000000,imu2_frame,-0.0201416015625,-0.0225830078125,-0.39874267578125,0.91656494140625,-0.056640625,-0.013671875,-0.0625,0.57421875,-0.19140625,9.46484375
974,244000000,imu2_frame,-0.0201416015625,-0.0225830078125,-0.39874267578125,0.91656494140625,0.0234375,0.009765625,-0.146484375,0.57421875,-0.19140625,9.46484375
974,264000000,imu2_frame,-0.0201416015625,-0.0225830078125,-0.39874267578125,0.91656494140625,-0.01171875,0.0,-0.142578125,0.57421875,-0.19140625,9.46484375
974,284000000,imu2_frame,-0.0201416015625,-0.0225830078125,-0.39874267578125,0.91656494140625,0.052734375,-0.01953125,-0.1875,0.57421875,-0.19140625,9.46484375
974,304000000,imu2_frame,-0.0201416015625,-0.0225830078125,-0.39874267578125,0.91656494140625,0.001953125,0.009765625,-0.2265625,0.57421875,-0.19140625,9.46484375
974,324000000,imu2_frame,-0.0201416015625,-0.0225830078125,-0.39874267578125,0.91656494140625,0.015625,0.01171875,-0.251953125,0.57421875,-0.19140625,9.46484375
974,344000000,imu2_frame,-0.0201416015625,-0.0225830078125,-0.39874267578125,0.91656494140625,-0.017578125,0.0,-0.1875,0.57421875,-0.19140625,9.46484375
974,364000000,imu2_frame,-0.0201416015625,-0.0225830078125,-0.39874267578125,0.91656494140625,-0.00390625,0.00390625,-0.1640625,0.57421875,-0.19140625,9.46484375
974,384000000,imu2_frame,-0.0201416015625,-0.0225830078125,-0.39874267578125,0.91656494140625,-0.021484375,0.013671875,-0.189453125,0.57421875,-0.19140625,9.46484375
974,404000000,imu2_frame,-0.0201416015625,-0.0225830078125,-0.39874267578125,0.91656494140625,-0.041015625,0.017578125,-0.15625,0.57421875,-0.19140625,9.46484375
974,424000000,imu2_frame,-0.0201416015625,-0.0225830078125,-0.39874267578125,0.91656494140625,0.0,-0.001953125,-0.166015625,0.57421875,-0.19140625,9.46484375
974,444000000,imu2_frame,-0.0201416015625,-0.0225830078125,-0.39874267578125,0.91656494140625,-0.017578125,0.0078125,-0.1328125,0.57421875,-0.19140625,9.46484375
974,464000000,imu2_frame,-0.0201416015625,-0.0225830078125,-0.39874267578125,0.91656494140625,0.005859375,-0.021484375,-0.060546875,0.57421875,-0.19140625,9.46484375
974,484000000,imu2_frame,-0.0201416015625,-0.0225830078125,-0.39874267578125,0.91656494140625,-0.02734375,0.0078125,-0.1015625,0.57421875,-0.19140625,9.46484375
974,504000000,imu2_frame,-0.0201416015625,-0.0225830078125,-0.39874267578125,0.91656494140625,-0.00390625,0.0,-0.083984375,0.57421875,-0.19140625,9.46484375
974,524000000,imu2_frame,-0.0201416015625,-0.0225830078125,-0.39874267578125,0.91656494140625,-0.00390625,0.0078125,0.001953125,0.57421875,-0.19140625,9.46484375
974,544000000,imu2_frame,-0.0201416015625,-0.0225830078125,-0.39874267578125,0.91656494140625,-0.0390625,0.01171875,-0.029296875,0.57421875,-0.19140625,9.46484375
974,564000000,imu2_frame,-0.0201416015625,-0.0225830078125,-0.39874267578125,0.91656494140625,-0.021484375,-0.00390625,0.056640625,0.57421875,-0.19140625,9.46484375
974,584000000,imu2_frame,-0.0201416015625,-0.0225830078125,-0.39874267578125,0.91656494140625,-0.009765625,0.021484375,-0.01171875,0.57421875,-0.19140625,9.46484375
974,604000000,imu2_frame,-0.0201416015625,-0.0225830078125,-0.39874267578125,0.91656494140625,0.0390625,-0.015625,-0.052734375,0.57421875,-0.19140625,9.46484375
974,624000000,imu2_frame,-0.0201416015625,-0.0225830078125,-0.39874267578125,0.91656494140625,0.0390625,-0.015625,-0.052734375,0.57421875,-0.19140625,9.46484375
974,644000000,imu2_frame,-0.0201416015625,-0.0225830078125,-0.39874267578125,0.91656494140625,-0.001953125,0.009765625,-0.048828125,0.57421875,-0.19140625,9.46484375
974,664000000,imu2_frame,-0.0201416015625,-0.0225830078125,-0.39874267578125,0.91656494140625,0.009765625,-0.029296875,0.052734375,0.57421875,-0.19140625,9.46484375
974,684000000,imu2_frame,-0.0201416015625,-0.0225830078125,-0.39874267578125,0.91656494140625,0.029296875,0.013671875,0.005859375,0.57421875,-0.19140625,9.46484375
974,704000000,imu2_frame,-0.0201416015625,-0.0225830078125,-0.39874267578125,0.91656494140625,-0.029296875,-0.00390625,0.046875,0.57421875,-0.19140625,9.46484375
974,724000000,imu2_frame,-0.0201416015625,-0.0225830078125,-0.39874267578125,0.91656494140625,0.01171875,-0.025390625,0.025390625,0.57421875,-0.19140625,9.46484375
974,744000000,imu2_frame,-0.0201416015625,-0.0225830078125,-0.39874267578125,0.91656494140625,-0.005859375,0.009765625,-0.01171875,0.57421875,-0.19140625,9.46484375
974,764000000,imu2_frame,-0.0201416015625,-0.0225830078125,-0.39874267578125,0.91656494140625,0.00390625,0.00390625,-0.029296875,0.57421875,-0.19140625,9.46484375
974,784000000,imu2_frame,-0.0201416015625,-0.0225830078125,-0.39874267578125,0.91656494140625,0.00390625,0.00390625,-0.029296875,0.57421875,-0.19140625,9.46484375
974,804000000,imu2_frame,-0.0201416015625,-0.0225830078125,-0.39874267578125,0.91656494140625,0.0390625,-0.01953125,-0.052734375,0.57421875,-0.19140625,9.46484375
974,824000000,imu2_frame,-0.0201416015625,-0.0225830078125,-0.39874267578125,0.91656494140625,0.013671875,0.00390625,-0.107421875,0.57421875,-0.19140625,9.46484375
974,844000000,imu2_frame,-0.0201416015625,-0.0225830078125,-0.39874267578125,0.91656494140625,-0.0078125,-0.001953125,-0.080078125,0.57421875,-0.19140625,9.46484375
974,864000000,imu2_frame,-0.0201416015625,-0.0225830078125,-0.39874267578125,0.91656494140625,0.005859375,0.009765625,-0.1328125,0.57421875,-0.19140625,9.46484375
974,884000000,imu2_frame,-0.0201416015625,-0.0225830078125,-0.39874267578125,0.91656494140625,0.013671875,-0.005859375,-0.046875,0.57421875,-0.19140625,9.46484375
974,904000000,imu2_frame,-0.0201416015625,-0.0225830078125,-0.39874267578125,0.91656494140625,-0.02734375,-0.0078125,-0.16015625,0.57421875,-0.19140625,9.46484375
974,924000000,imu2_frame,-0.0201416015625,-0.0225830078125,-0.39874267578125,0.91656494140625,0.00390625,-0.013671875,-0.09375,0.57421875,-0.19140625,9.46484375
974,944000000,imu2_frame,-0.0201416015625,-0.0225830078125,-0.39874267578125,0.91656494140625,0.00390625,-0.013671875,-0.09375,0.57421875,-0.19140625,9.46484375
974,964000000,imu2_frame,-0.0201416015625,-0.0225830078125,-0.39874267578125,0.91656494140625,-0.0078125,-0.015625,-0.0859375,0.57421875,-0.19140625,9.46484375
974,984000000,imu2_frame,-0.0201416015625,-0.0225830078125,-0.39874267578125,0.91656494140625,-0.0078125,-0.015625,-0.0859375,0.57421875,-0.19140625,9.46484375
975,4000000,imu2_frame,-0.0201416015625,-0.0225830078125,-0.39874267578125,0.91656494140625,-0.017578125,0.009765625,-0.05078125,0.57421875,-0.19140625,9.46484375
975,24000000,imu2_frame,-0.0201416015625,-0.0225830078125,-0.39874267578125,0.91656494140625,-0.017578125,0.009765625,-0.05078125,0.57421875,-0.19140625,9.46484375
975,44000000,imu2_frame,-0.0201416015625,-0.0225830078125,-0.39874267578125,0.91656494140625,0.005859375,-0.01171875,-0.064453125,0.57421875,-0.19140625,9.46484375
975,64000000,imu2_frame,-0.0201416015625,-0.0225830078125,-0.39874267578125,0.91656494140625,0.0,0.01953125,-0.0859375,0.57421875,-0.19140625,9.46484375
975,84000000,imu2_frame,-0.0201416015625,-0.0225830078125,-0.39874267578125,0.91656494140625,0.0,-0.0078125,-0.068359375,0.57421875,-0.19140625,9.46484375
975,104000000,imu2_frame,-0.0201416015625,-0.0225830078125,-0.39874267578125,0.91656494140625,0.0,-0.0078125,-0.068359375,0.57421875,-0.19140625,9.46484375
975,124000000,imu2_frame,-0.0201416015625,-0.0225830078125,-0.39874267578125,0.91656494140625,0.013671875,0.00390625,-0.091796875,0.57421875,-0.19140625,9.46484375
975,144000000,imu2_frame,-0.0201416015625,-0.0225830078125,-0.39874267578125,0.91656494140625,0.021484375,0.0078125,-0.091796875,0.57421875,-0.19140625,9.46484375
975,164000000,imu2_frame,-0.0201416015625,-0.0225830078125,-0.39874267578125,0.91656494140625,0.01171875,-0.0078125,-0.052734375,0.57421875,-0.19140625,9.46484375
975,184000000,imu2_frame,-0.0201416015625,-0.0225830078125,-0.39874267578125,0.91656494140625,0.01171875,-0.0078125,-0.052734375,0.57421875,-0.19140625,9.46484375
975,204000000,imu2_frame,-0.0201416015625,-0.0225830078125,-0.39874267578125,0.91656494140625,0.01171875,-0.00390625,-0.0390625,0.57421875,-0.19140625,9.46484375
975,224000000,imu2_frame,-0.0201416015625,-0.0225830078125,-0.39874267578125,0.91656494140625,-0.03515625,0.00390625,-0.025390625,0.57421875,-0.19140625,9.46484375
975,244000000,imu2_frame,-0.0201416015625,-0.0225830078125,-0.39874267578125,0.91656494140625,0.015625,0.009765625,-0.046875,0.57421875,-0.19140625,9.46484375
975,264000000,imu2_frame,-0.0201416015625,-0.0225830078125,-0.39874267578125,0.91656494140625,0.015625,0.009765625,-0.046875,0.57421875,-0.19140625,9.46484375
975,284000000,imu2_frame,-0.0201416015625,-0.0225830078125,-0.39874267578125,0.91656494140625,0.005859375,0.00390625,-0.0625,0.57421875,-0.19140625,9.46484375
975,304000000,imu2_frame,-0.0201416015625,-0.0225830078125,-0.39874267578125,0.91656494140625,0.013671875,-0.015625,-0.037109375,0.57421875,-0.19140625,9.46484375
975,324000000,imu2_frame,-0.0201416015625,-0.0225830078125,-0.39874267578125,0.91656494140625,0.02734375,0.00390625,0.0,0.57421875,-0.19140625,9.46484375
975,344000000,imu2_frame,-0.0201416015625,-0.0225830078125,-0.39874267578125,0.91656494140625,0.02734375,0.00390625,0.0,0.57421875,-0.19140625,9.46484375
975,364000000,imu2_frame,-0.0201416015625,-0.0225830078125,-0.39874267578125,0.91656494140625,0.005859375,0.0078125,-0.041015625,0.57421875,-0.19140625,9.46484375
975,384000000,imu2_frame,-0.0201416015625,-0.0225830078125,-0.39874267578125,0.91656494140625,-0.00390625,0.005859375,-0.080078125,0.57421875,-0.19140625,9.46484375
975,404000000,imu2_frame,-0.0201416015625,-0.0225830078125,-0.39874267578125,0.91656494140625,0.017578125,-0.009765625,-0.0546875,0.57421875,-0.19140625,9.46484375
975,424000000,imu2_frame,-0.0201416015625,-0.0225830078125,-0.39874267578125,0.91656494140625,0.017578125,-0.009765625,-0.0546875,0.57421875,-0.19140625,9.46484375
975,444000000,imu2_frame,-0.0201416015625,-0.0225830078125,-0.39874267578125,0.91656494140625,-0.0078125,0.00390625,-0.044921875,0.57421875,-0.19140625,9.46484375
975,464000000,imu2_frame,-0.0201416015625,-0.0225830078125,-0.39874267578125,0.91656494140625,0.005859375,0.017578125,-0.08203125,0.57421875,-0.19140625,9.46484375
975,484000000,imu2_frame,-0.0201416015625,-0.0225830078125,-0.39874267578125,0.91656494140625,-0.009765625,-0.013671875,-0.0078125,0.57421875,-0.19140625,9.46484375
975,504000000,imu2_frame,-0.0201416015625,-0.0225830078125,-0.39874267578125,0.91656494140625,-0.009765625,-0.013671875,-0.0078125,0.57421875,-0.19140625,9.46484375
975,524000000,imu2_frame,-0.0201416015625,-0.0225830078125,-0.39874267578125,0.91656494140625,-0.021484375,0.0,-0.048828125,0.57421875,-0.19140625,9.46484375
975,544000000,imu2_frame,-0.0201416015625,-0.0225830078125,-0.39874267578125,0.91656494140625,0.08203125,-0.015625,-0.06640625,0.57421875,-0.19140625,9.46484375
975,564000000,imu2_frame,-0.0201416015625,-0.0225830078125,-0.39874267578125,0.91656494140625,-0.015625,0.009765625,-0.080078125,0.57421875,-0.19140625,9.46484375
975,584000000,imu2_frame,-0.0201416015625,-0.0225830078125,-0.39874267578125,0.91656494140625,-0.015625,0.009765625,-0.080078125,0.57421875,-0.19140625,9.46484375
975,604000000,imu2_frame,-0.0201416015625,-0.0225830078125,-0.39874267578125,0.91656494140625,-0.021484375,0.015625,0.00390625,0.57421875,-0.19140625,9.46484375
975,624000000,imu2_frame,-0.0201416015625,-0.0225830078125,-0.39874267578125,0.91656494140625,-0.0078125,-0.017578125,-0.02734375,0.57421875,-0.19140625,9.46484375
975,644000000,imu2_frame,-0.0201416015625,-0.0225830078125,-0.39874267578125,0.91656494140625,0.0,0.0,-0.048828125,0.57421875,-0.19140625,9.46484375
975,664000000,imu2_frame,-0.0201416015625,-0.0225830078125,-0.39874267578125,0.91656494140625,0.0,0.0,-0.048828125,0.57421875,-0.19140625,9.46484375
975,684000000,imu2_frame,-0.0201416015625,-0.0225830078125,-0.39874267578125,0.91656494140625,0.05078125,-0.013671875,-0.04296875,0.57421875,-0.19140625,9.46484375
975,704000000,imu2_frame,-0.0201416015625,-0.0225830078125,-0.39874267578125,0.91656494140625,-0.03125,0.015625,-0.044921875,0.57421875,-0.19140625,9.46484375
975,724000000,imu2_frame,-0.0201416015625,-0.0225830078125,-0.39874267578125,0.91656494140625,0.009765625,-0.013671875,-0.0078125,0.57421875,-0.19140625,9.46484375
975,744000000,imu2_frame,-0.0201416015625,-0.0225830078125,-0.39874267578125,0.91656494140625,0.009765625,-0.013671875,-0.0078125,0.57421875,-0.19140625,9.46484375
975,764000000,imu2_frame,-0.0201416015625,-0.0225830078125,-0.39874267578125,0.91656494140625,-0.017578125,-0.001953125,-0.0703125,0.57421875,-0.19140625,9.46484375
975,784000000,imu2_frame,-0.0201416015625,-0.0225830078125,-0.39874267578125,0.91656494140625,-0.00390625,-0.001953125,-0.05859375,0.57421875,-0.19140625,9.46484375
975,804000000,imu2_frame,-0.0201416015625,-0.0225830078125,-0.39874267578125,0.91656494140625,-0.025390625,-0.005859375,-0.00390625,0.57421875,-0.19140625,9.46484375
975,824000000,imu2_frame,-0.0201416015625,-0.0225830078125,-0.39874267578125,0.91656494140625,-0.025390625,-0.005859375,-0.00390625,0.57421875,-0.19140625,9.46484375
975,844000000,imu2_frame,-0.0201416015625,-0.0225830078125,-0.39874267578125,0.91656494140625,0.01171875,0.0,-0.0546875,0.57421875,-0.19140625,9.46484375
975,864000000,imu2_frame,-0.0201416015625,-0.0225830078125,-0.39874267578125,0.91656494140625,-0.017578125,-0.0234375,-0.009765625,0.57421875,-0.19140625,9.46484375
975,884000000,imu2_frame,-0.0201416015625,-0.0225830078125,-0.39874267578125,0.91656494140625,-0.00390625,0.01953125,-0.046875,0.57421875,-0.19140625,9.46484375
975,904000000,imu2_frame,-0.0201416015625,-0.0225830078125,-0.39874267578125,0.91656494140625,-0.00390625,0.01953125,-0.046875,0.57421875,-0.19140625,9.46484375
975,924000000,imu2_frame,-0.0201416015625,-0.0225830078125,-0.39874267578125,0.91656494140625,0.00390625,-0.00390625,0.009765625,0.57421875,-0.19140625,9.46484375
975,944000000,imu2_frame,-0.0201416015625,-0.0225830078125,-0.39874267578125,0.91656494140625,-0.005859375,0.01171875,-0.05859375,0.57421875,-0.19140625,9.46484375
975,964000000,imu2_frame,-0.0201416015625,-0.0225830078125,-0.39874267578125,0.91656494140625,0.009765625,-0.013671875,-0.033203125,0.57421875,-0.19140625,9.46484375
975,984000000,imu2_frame,-0.0201416015625,-0.0225830078125,-0.39874267578125,0.91656494140625,0.009765625,-0.013671875,-0.033203125,0.57421875,-0.19140625,9.46484375
976,4000000,imu2_frame,-0.0201416015625,-0.0225830078125,-0.39874267578125,0.91656494140625,-0.021484375,-0.013671875,-0.048828125,0.57421875,-0.19140625,9.46484375
976,24000000,imu2_frame,-0.0201416015625,-0.0225830078125,-0.39874267578125,0.91656494140625,0.00390625,0.015625,-0.0703125,0.57421875,-0.19140625,9.46484375
976,44000000,imu2_frame,-0.0201416015625,-0.0225830078125,-0.39874267578125,0.91656494140625,0.041015625,-0.013671875,-0.119140625,0.57421875,-0.19140625,9.46484375
976,64000000,imu2_frame,-0.0201416015625,-0.0225830078125,-0.39874267578125,0.91656494140625,0.041015625,-0.013671875,-0.119140625,0.57421875,-0.19140625,9.46484375
976,84000000,imu2_frame,-0.0201416015625,-0.0225830078125,-0.39874267578125,0.91656494140625,-0.0234375,-0.00390625,-0.044921875,0.57421875,-0.19140625,9.46484375
976,104000000,imu2_frame,-0.0201416015625,-0.0225830078125,-0.39874267578125,0.91656494140625,-0.033203125,-0.001953125,-0.0390625,0.57421875,-0.19140625,9.46484375
976,124000000,imu2_frame,-0.0201416015625,-0.0225830078125,-0.39874267578125,0.91656494140625,0.017578125,-0.03515625,0.00390625,0.57421875,-0.19140625,9.46484375
976,144000000,imu2_frame,-0.0201416015625,-0.0225830078125,-0.39874267578125,0.91656494140625,0.017578125,-0.03515625,0.00390625,0.57421875,-0.19140625,9.46484375
976,164000000,imu2_frame,-0.0201416015625,-0.0225830078125,-0.39874267578125,0.91656494140625,0.01171875,-0.0234375,-0.072265625,0.57421875,-0.19140625,9.46484375
976,184000000,imu2_frame,-0.0201416015625,-0.0225830078125,-0.39874267578125,0.91656494140625,0.0078125,0.0078125,-0.037109375,0.57421875,-0.19140625,9.46484375
976,204000000,imu2_frame,-0.0201416015625,-0.0225830078125,-0.39874267578125,0.91656494140625,0.015625,0.005859375,-0.083984375,0.57421875,-0.19140625,9.46484375
976,224000000,imu2_frame,-0.0201416015625,-0.0225830078125,-0.39874267578125,0.91656494140625,-0.013671875,0.0,-0.0390625,0.57421875,-0.19140625,9.46484375
976,244000000,imu2_frame,-0.0201416015625,-0.0225830078125,-0.39874267578125,0.91656494140625,-0.041015625,0.001953125,-0.068359375,0.57421875,-0.19140625,9.46484375
976,264000000,imu2_frame,-0.0201416015625,-0.0225830078125,-0.39874267578125,0.91656494140625,0.025390625,0.0078125,-0.087890625,0.57421875,-0.19140625,9.46484375
976,284000000,imu2_frame,-0.0201416015625,-0.0225830078125,-0.39874267578125,0.91656494140625,-0.056640625,-0.009765625,0.033203125,0.57421875,-0.19140625,9.46484375
976,304000000,imu2_frame,-0.0201416015625,-0.0225830078125,-0.39874267578125,0.91656494140625,0.0,-0.017578125,-0.0703125,0.57421875,-0.19140625,9.46484375
976,324000000,imu2_frame,-0.0201416015625,-0.0225830078125,-0.39874267578125,0.91656494140625,0.00390625,-0.00390625,0.001953125,0.57421875,-0.19140625,9.46484375
976,344000000,imu2_frame,-0.0201416015625,-0.0225830078125,-0.39874267578125,0.91656494140625,-0.01171875,-0.005859375,-0.013671875,0.57421875,-0.19140625,9.46484375
976,364000000,imu2_frame,-0.0201416015625,-0.0225830078125,-0.39874267578125,0.91656494140625,0.0078125,0.0078125,-0.0625,0.57421875,-0.19140625,9.46484375
976,384000000,imu2_frame,-0.0201416015625,-0.0225830078125,-0.39874267578125,0.91656494140625,-0.001953125,-0.001953125,-0.017578125,0.57421875,-0.19140625,9.46484375
976,404000000,imu2_frame,-0.0201416015625,-0.0225830078125,-0.39874267578125,0.91656494140625,-0.03515625,0.00390625,0.00390625,0.57421875,-0.19140625,9.46484375
976,424000000,imu2_frame,-0.0201416015625,-0.0225830078125,-0.39874267578125,0.91656494140625,0.02734375,-0.005859375,0.0390625,0.57421875,-0.19140625,9.46484375
976,444000000,imu2_frame,-0.0201416015625,-0.0225830078125,-0.39874267578125,0.91656494140625,-0.009765625,0.0,0.005859375,0.57421875,-0.19140625,9.46484375
976,464000000,imu2_frame,-0.0201416015625,-0.0225830078125,-0.39874267578125,0.91656494140625,0.02734375,-0.001953125,-0.021484375,0.57421875,-0.19140625,9.46484375
976,484000000,imu2_frame,-0.0201416015625,-0.0225830078125,-0.39874267578125,0.91656494140625,-0.0234375,-0.00390625,0.0,0.57421875,-0.19140625,9.46484375
976,504000000,imu2_frame,-0.0201416015625,-0.0225830078125,-0.39874267578125,0.91656494140625,0.00390625,0.009765625,-0.046875,0.57421875,-0.19140625,9.46484375
976,524000000,imu2_frame,-0.0201416015625,-0.0225830078125,-0.39874267578125,0.91656494140625,0.01953125,0.001953125,-0.03515625,0.57421875,-0.19140625,9.46484375
976,544000000,imu2_frame,-0.0201416015625,-0.0225830078125,-0.39874267578125,0.91656494140625,0.001953125,-0.01171875,-0.0078125,0.57421875,-0.19140625,9.46484375
976,564000000,imu2_frame,-0.0201416015625,-0.0225830078125,-0.39874267578125,0.91656494140625,0.015625,-0.009765625,-0.064453125,0.57421875,-0.19140625,9.46484375
976,584000000,imu2_frame,-0.0201416015625,-0.0225830078125,-0.39874267578125,0.91656494140625,-0.021484375,0.013671875,-0.0625,0.57421875,-0.19140625,9.46484375
976,604000000,imu2_frame,-0.0201416015625,-0.0225830078125,-0.39874267578125,0.91656494140625,0.0078125,-0.005859375,-0.0078125,0.57421875,-0.19140625,9.46484375
976,624000000,imu2_frame,-0.0201416015625,-0.0225830078125,-0.39874267578125,0.91656494140625,0.001953125,0.0,-0.046875,0.57421875,-0.19140625,9.46484375
976,644000000,imu2_frame,-0.0201416015625,-0.0225830078125,-0.39874267578125,0.91656494140625,0.009765625,-0.0078125,-0.0078125,0.57421875,-0.19140625,9.46484375
976,664000000,imu2_frame,-0.0201416015625,-0.0225830078125,-0.39874267578125,0.91656494140625,-0.009765625,0.005859375,-0.060546875,0.57421875,-0.19140625,9.46484375
976,684000000,imu2_frame,-0.0201416015625,-0.0225830078125,-0.39874267578125,0.91656494140625,0.037109375,0.0,-0.037109375,0.57421875,-0.19140625,9.46484375
976,704000000,imu2_frame,-0.0201416015625,-0.0225830078125,-0.39874267578125,0.91656494140625,-0.04296875,0.0,-0.009765625,0.57421875,-0.19140625,9.46484375
976,724000000,imu2_frame,-0.0201416015625,-0.0225830078125,-0.39874267578125,0.91656494140625,0.060546875,-0.001953125,-0.068359375,0.57421875,-0.19140625,9.46484375
976,744000000,imu2_frame,-0.0201416015625,-0.0225830078125,-0.39874267578125,0.91656494140625,-0.021484375,-0.00390625,0.017578125,0.57421875,-0.19140625,9.46484375
976,764000000,imu2_frame,-0.0201416015625,-0.0225830078125,-0.39874267578125,0.91656494140625,0.0078125,0.0,-0.037109375,0.57421875,-0.19140625,9.46484375
976,784000000,imu2_frame,-0.0201416015625,-0.0225830078125,-0.39874267578125,0.91656494140625,-0.00390625,0.001953125,-0.001953125,0.57421875,-0.19140625,9.46484375
976,804000000,imu2_frame,-0.0201416015625,-0.0225830078125,-0.39874267578125,0.91656494140625,0.001953125,-0.001953125,0.0,0.57421875,-0.19140625,9.46484375
976,824000000,imu2_frame,-0.0201416015625,-0.0225830078125,-0.39874267578125,0.91656494140625,0.001953125,0.00390625,-0.001953125,0.57421875,-0.19140625,9.46484375
976,844000000,imu2_frame,-0.0201416015625,-0.0225830078125,-0.39874267578125,0.91656494140625,-0.00390625,-0.001953125,0.0,0.57421875,-0.19140625,9.46484375
976,864000000,imu2_frame,-0.0201416015625,-0.0225830078125,-0.39874267578125,0.91656494140625,-0.0078125,0.001953125,0.001953125,0.57421875,-0.19140625,9.46484375
976,884000000,imu2_frame,-0.0201416015625,-0.0225830078125,-0.39874267578125,0.91656494140625,-0.009765625,0.001953125,0.0,0.57421875,-0.19140625,9.46484375
976,904000000,imu2_frame,-0.0201416015625,-0.0225830078125,-0.39874267578125,0.91656494140625,-0.009765625,0.00390625,0.001953125,0.57421875,-0.19140625,9.46484375
976,924000000,imu2_frame,-0.0201416015625,-0.0225830078125,-0.39874267578125,0.91656494140625,-0.01171875,0.00390625,0.001953125,0.57421875,-0.19140625,9.46484375
976,944000000,imu2_frame,-0.0201416015625,-0.0225830078125,-0.39874267578125,0.91656494140625,-0.00390625,0.00390625,0.001953125,0.57421875,-0.19140625,9.46484375
976,964000000,imu2_frame,-0.0201416015625,-0.0225830078125,-0.39874267578125,0.91656494140625,-0.00390625,-0.001953125,0.0,0.57421875,-0.19140625,9.46484375
976,984000000,imu2_frame,-0.0201416015625,-0.0225830078125,-0.39874267578125,0.91656494140625,0.0,0.001953125,0.001953125,0.57421875,-0.19140625,9.46484375
977,4000000,imu2_frame,-0.0201416015625,-0.0225830078125,-0.39874267578125,0.91656494140625,-0.001953125,0.0,-0.001953125,0.57421875,-0.19140625,9.46484375
977,24000000,imu2_frame,-0.0201416015625,-0.0225830078125,-0.39874267578125,0.91656494140625,-0.00390625,0.0,-0.001953125,0.57421875,-0.19140625,9.46484375
977,44000000,imu2_frame,-0.0201416015625,-0.0225830078125,-0.39874267578125,0.91656494140625,-0.00390625,0.0,-0.009765625,0.57421875,-0.19140625,9.46484375
977,64000000,imu2_frame,-0.0201416015625,-0.0225830078125,-0.39874267578125,0.91656494140625,0.064453125,-0.015625,-0.091796875,0.57421875,-0.19140625,9.46484375
977,84000000,imu2_frame,-0.0201416015625,-0.0225830078125,-0.39874267578125,0.91656494140625,0.013671875,-0.00390625,-0.083984375,0.57421875,-0.19140625,9.46484375
977,104000000,imu2_frame,-0.0201416015625,-0.0225830078125,-0.39874267578125,0.91656494140625,0.037109375,-0.005859375,-0.05078125,0.57421875,-0.19140625,9.46484375
977,124000000,imu2_frame,-0.0201416015625,-0.0225830078125,-0.39874267578125,0.91656494140625,-0.021484375,-0.013671875,-0.068359375,0.57421875,-0.19140625,9.46484375
977,144000000,imu2_frame,-0.0201416015625,-0.0225830078125,-0.39874267578125,0.91656494140625,-0.021484375,-0.013671875,-0.068359375,0.57421875,-0.19140625,9.46484375
977,164000000,imu2_frame,-0.0201416015625,-0.0225830078125,-0.39874267578125,0.91656494140625,-0.013671875,-0.0234375,-0.025390625,0.57421875,-0.19140625,9.46484375
977,184000000,imu2_frame,-0.0201416015625,-0.0225830078125,-0.39874267578125,0.91656494140625,0.0234375,0.01171875,-0.078125,0.57421875,-0.19140625,9.46484375
977,204000000,imu2_frame,-0.0201416015625,-0.0225830078125,-0.39874267578125,0.91656494140625,0.0,0.0,-0.013671875,0.57421875,-0.19140625,9.46484375
977,224000000,imu2_frame,-0.0201416015625,-0.0225830078125,-0.39874267578125,0.91656494140625,0.01953125,-0.01171875,-0.03515625,0.57421875,-0.19140625,9.46484375
977,244000000,imu2_frame,-0.0201416015625,-0.0225830078125,-0.39874267578125,0.91656494140625,-0.05859375,-0.005859375,-0.02734375,0.57421875,-0.19140625,9.46484375
977,264000000,imu2_frame,-0.0201416015625,-0.0225830078125,-0.39874267578125,0.91656494140625,0.0625,-0.005859375,-0.06640625,0.57421875,-0.19140625,9.46484375
977,284000000,imu2_frame,-0.0201416015625,-0.0225830078125,-0.39874267578125,0.91656494140625,0.009765625,-0.009765625,0.009765625,0.57421875,-0.19140625,9.46484375
977,304000000,imu2_frame,-0.0201416015625,-0.0225830078125,-0.39874267578125,0.91656494140625,-0.009765625,0.0078125,-0.05078125,0.57421875,-0.19140625,9.46484375
977,324000000,imu2_frame,-0.0201416015625,-0.0225830078125,-0.39874267578125,0.91656494140625,0.015625,-0.001953125,-0.021484375,0.57421875,-0.19140625,9.46484375
977,344000000,imu2_frame,-0.0201416015625,-0.0225830078125,-0.39874267578125,0.91656494140625,-0.005859375,0.009765625,-0.029296875,0.57421875,-0.19140625,9.46484375
977,364000000,imu2_frame,-0.0201416015625,-0.0225830078125,-0.39874267578125,0.91656494140625,-0.0234375,-0.001953125,0.001953125,0.57421875,-0.19140625,9.46484375
977,384000000,imu2_frame,-0.0201416015625,-0.0225830078125,-0.39874267578125,0.91656494140625,-0.01953125,-0.001953125,-0.04296875,0.57421875,-0.19140625,9.46484375
977,404000000,imu2_frame,-0.0201416015625,-0.0225830078125,-0.39874267578125,0.91656494140625,0.03125,-0.005859375,-0.03515625,0.57421875,-0.19140625,9.46484375
977,424000000,imu2_frame,-0.0201416015625,-0.0225830078125,-0.39874267578125,0.91656494140625,0.0078125,0.0,-0.033203125,0.57421875,-0.19140625,9.46484375
977,444000000,imu2_frame,-0.0201416015625,-0.0225830078125,-0.39874267578125,0.91656494140625,-0.005859375,0.0,-0.029296875,0.57421875,-0.19140625,9.46484375
977,464000000,imu2_frame,-0.0201416015625,-0.0225830078125,-0.39874267578125,0.91656494140625,-0.046875,0.001953125,-0.041015625,0.57421875,-0.19140625,9.46484375
977,484000000,imu2_frame,-0.0201416015625,-0.0225830078125,-0.39874267578125,0.91656494140625,0.0234375,0.0,-0.03515625,0.57421875,-0.19140625,9.46484375
977,504000000,imu2_frame,-0.0201416015625,-0.0225830078125,-0.39874267578125,0.91656494140625,-0.033203125,0.017578125,-0.060546875,0.57421875,-0.19140625,9.46484375
977,524000000,imu2_frame,-0.0201416015625,-0.0225830078125,-0.39874267578125,0.91656494140625,0.064453125,0.00390625,-0.060546875,0.57421875,-0.19140625,9.46484375
977,544000000,imu2_frame,-0.0201416015625,-0.0225830078125,-0.39874267578125,0.91656494140625,-0.013671875,-0.01171875,-0.013671875,0.57421875,-0.19140625,9.46484375
977,564000000,imu2_frame,-0.0201416015625,-0.0225830078125,-0.39874267578125,0.91656494140625,0.041015625,-0.00390625,-0.029296875,0.57421875,-0.19140625,9.46484375
977,584000000,imu2_frame,-0.0201416015625,-0.0225830078125,-0.39874267578125,0.91656494140625,0.048828125,-0.01171875,-0.0234375,0.57421875,-0.19140625,9.46484375
977,604000000,imu2_frame,-0.0201416015625,-0.0225830078125,-0.39874267578125,0.91656494140625,0.0,-0.01171875,0.001953125,0.57421875,-0.19140625,9.46484375
977,624000000,imu2_frame,-0.0201416015625,-0.0225830078125,-0.39874267578125,0.91656494140625,-0.0234375,0.0078125,-0.05078125,0.57421875,-0.19140625,9.46484375
977,644000000,imu2_frame,-0.0201416015625,-0.0225830078125,-0.39874267578125,0.91656494140625,-0.00390625,-0.001953125,-0.021484375,0.57421875,-0.19140625,9.46484375
977,664000000,imu2_frame,-0.0201416015625,-0.0225830078125,-0.39874267578125,0.91656494140625,0.0,-0.001953125,0.0,0.57421875,-0.19140625,9.46484375
977,684000000,imu2_frame,-0.0201416015625,-0.0225830078125,-0.39874267578125,0.91656494140625,0.0,-0.001953125,0.0,0.53515625,-0.23046875,9.4609375
977,704000000,imu2_frame,-0.0201416015625,-0.0225830078125,-0.39874267578125,0.91656494140625,0.00390625,0.0,0.0,0.53515625,-0.23046875,9.4609375
977,724000000,imu2_frame,-0.0201416015625,-0.0225830078125,-0.39874267578125,0.91656494140625,0.00390625,-0.001953125,0.0,0.53515625,-0.23046875,9.4609375
977,744000000,imu2_frame,-0.0201416015625,-0.0225830078125,-0.39874267578125,0.91656494140625,0.001953125,0.0,0.001953125,0.53515625,-0.23046875,9.4609375
977,764000000,imu2_frame,-0.0201416015625,-0.0225830078125,-0.39874267578125,0.91656494140625,0.001953125,0.0,0.001953125,0.57421875,-0.23046875,9.46484375
977,784000000,imu2_frame,-0.0201416015625,-0.0225830078125,-0.39874267578125,0.91656494140625,0.0,0.0,0.001953125,0.57421875,-0.23046875,9.46484375
977,804000000,imu2_frame,-0.0201416015625,-0.0225830078125,-0.39874267578125,0.91656494140625,-0.001953125,0.0,0.0,0.57421875,-0.23046875,9.46484375
977,824000000,imu2_frame,-0.0201416015625,-0.0225830078125,-0.39874267578125,0.91656494140625,0.0,0.0,0.001953125,0.57421875,-0.23046875,9.46484375
977,844000000,imu2_frame,-0.0201416015625,-0.0225830078125,-0.39874267578125,0.91656494140625,0.0,0.0,0.001953125,0.57421875,-0.23046875,9.46484375
977,864000000,imu2_frame,-0.0201416015625,-0.0225830078125,-0.39874267578125,0.91656494140625,0.0,0.0,0.0,0.57421875,-0.23046875,9.46484375
977,884000000,imu2_frame,-0.0201416015625,-0.0225830078125,-0.39874267578125,0.91656494140625,0.0,0.0,-0.001953125,0.57421875,-0.23046875,9.46484375
977,904000000,imu2_frame,-0.0201416015625,-0.0225830078125,-0.39874267578125,0.91656494140625,0.001953125,0.0,0.0,0.57421875,-0.23046875,9.46484375
977,924000000,imu2_frame,-0.0201416015625,-0.0225830078125,-0.39874267578125,0.91656494140625,0.001953125,0.0,0.0,0.57421875,-0.23046875,9.46484375
977,944000000,imu2_frame,-0.0201416015625,-0.0225830078125,-0.39874267578125,0.91656494140625,-0.001953125,0.0,0.0,0.57421875,-0.23046875,9.46484375
977,964000000,imu2_frame,-0.0201416015625,-0.0225830078125,-0.39874267578125,0.91656494140625,0.001953125,0.0,0.0,0.57421875,-0.23046875,9.46484375
977,984000000,imu2_frame,-0.0201416015625,-0.0225830078125,-0.39874267578125,0.91656494140625,-0.00390625,0.0,-0.001953125,0.57421875,-0.23046875,9.46484375
978,4000000,imu2_frame,-0.0201416015625,-0.0225830078125,-0.39874267578125,0.91656494140625,0.0,0.0,0.0,0.57421875,-0.23046875,9.46484375
978,24000000,imu2_frame,-0.0201416015625,-0.0225830078125,-0.39874267578125,0.91656494140625,0.001953125,0.0,0.0,0.57421875,-0.23046875,9.46484375
978,44000000,imu2_frame,-0.0201416015625,-0.0225830078125,-0.39874267578125,0.91656494140625,0.005859375,-0.001953125,-0.01171875,0.57421875,-0.23046875,9.46484375
978,64000000,imu2_frame,-0.0201416015625,-0.0225830078125,-0.39874267578125,0.91656494140625,0.001953125,-0.001953125,-0.005859375,0.57421875,-0.23046875,9.46484375
978,84000000,imu2_frame,-0.0201416015625,-0.0225830078125,-0.39874267578125,0.91656494140625,0.001953125,-0.001953125,-0.005859375,0.57421875,-0.23046875,9.46484375
978,104000000,imu2_frame,-0.0201416015625,-0.0225830078125,-0.39874267578125,0.91656494140625,0.0,0.0,0.001953125,0.57421875,-0.23046875,9.46484375
978,124000000,imu2_frame,-0.0201416015625,-0.0225830078125,-0.39874267578125,0.91656494140625,-0.00390625,-0.001953125,-0.00390625,0.57421875,-0.23046875,9.46484375
978,144000000,imu2_frame,-0.0201416015625,-0.0225830078125,-0.39874267578125,0.91656494140625,-0.00390625,0.0,-0.001953125,0.57421875,-0.23046875,9.46484375
978,164000000,imu2_frame,-0.0201416015625,-0.0225830078125,-0.39874267578125,0.91656494140625,0.0,0.0,-0.001953125,0.57421875,-0.23046875,9.46484375
978,184000000,imu2_frame,-0.0201416015625,-0.0225830078125,-0.39874267578125,0.91656494140625,0.001953125,-0.001953125,0.001953125,0.57421875,-0.23046875,9.46484375
978,204000000,imu2_frame,-0.0201416015625,-0.0225830078125,-0.39874267578125,0.91656494140625,0.001953125,0.0,-0.001953125,0.57421875,-0.23046875,9.46484375
978,224000000,imu2_frame,-0.0201416015625,-0.0225830078125,-0.39874267578125,0.91656494140625,0.00390625,-0.001953125,0.001953125,0.57421875,-0.23046875,9.46484375
978,244000000,imu2_frame,-0.0201416015625,-0.0225830078125,-0.39874267578125,0.91656494140625,0.00390625,-0.001953125,0.001953125,0.57421875,-0.23046875,9.46484375
978,264000000,imu2_frame,-0.0201416015625,-0.0225830078125,-0.39874267578125,0.91656494140625,0.001953125,0.0,-0.005859375,0.57421875,-0.23046875,9.46484375
978,284000000,imu2_frame,-0.0201416015625,-0.0225830078125,-0.39874267578125,0.91656494140625,-0.001953125,0.0,-0.001953125,0.57421875,-0.23046875,9.46484375
978,304000000,imu2_frame,-0.0201416015625,-0.0225830078125,-0.39874267578125,0.91656494140625,0.001953125,0.0,0.0,0.57421875,-0.23046875,9.46484375
978,324000000,imu2_frame,-0.0201416015625,-0.0225830078125,-0.39874267578125,0.91656494140625,0.001953125,0.0,0.0,0.57421875,-0.23046875,9.46484375
978,344000000,imu2_frame,-0.0201416015625,-0.0225830078125,-0.39874267578125,0.91656494140625,-0.001953125,0.0,0.0,0.57421875,-0.23046875,9.46484375
978,364000000,imu2_frame,-0.0201416015625,-0.0225830078125,-0.39874267578125,0.91656494140625,0.0,0.0,-0.00390625,0.57421875,-0.23046875,9.46484375
978,384000000,imu2_frame,-0.0201416015625,-0.0225830078125,-0.39874267578125,0.91656494140625,-0.001953125,-0.001953125,-0.001953125,0.57421875,-0.23046875,9.46484375
978,404000000,imu2_frame,-0.0201416015625,-0.0225830078125,-0.39874267578125,0.91656494140625,-0.001953125,-0.001953125,-0.001953125,0.57421875,-0.23046875,9.46484375
978,424000000,imu2_frame,-0.0201416015625,-0.0225830078125,-0.39874267578125,0.91656494140625,0.001953125,0.0,-0.001953125,0.57421875,-0.23046875,9.46484375
978,444000000,imu2_frame,-0.0201416015625,-0.0225830078125,-0.39874267578125,0.91656494140625,0.001953125,0.001953125,0.0,0.57421875,-0.23046875,9.46484375
978,464000000,imu2_frame,-0.0201416015625,-0.0225830078125,-0.39874267578125,0.91656494140625,0.001953125,0.0,0.0,0.57421875,-0.23046875,9.46484375
978,484000000,imu2_frame,-0.0201416015625,-0.0225830078125,-0.39874267578125,0.91656494140625,0.001953125,0.0,0.0,0.57421875,-0.23046875,9.46484375
978,504000000,imu2_frame,-0.0201416015625,-0.0225830078125,-0.39874267578125,0.91656494140625,0.0,-0.001953125,0.0,0.57421875,-0.23046875,9.46484375
978,524000000,imu2_frame,-0.0201416015625,-0.0225830078125,-0.39874267578125,0.91656494140625,0.001953125,0.0,0.0,0.57421875,-0.23046875,9.46484375
978,544000000,imu2_frame,-0.0201416015625,-0.0225830078125,-0.39874267578125,0.91656494140625,0.0,0.0,0.0,0.57421875,-0.23046875,9.46484375
978,564000000,imu2_frame,-0.0201416015625,-0.0225830078125,-0.39874267578125,0.91656494140625,0.0,0.0,0.0,0.57421875,-0.23046875,9.46484375
978,584000000,imu2_frame,-0.0201416015625,-0.0225830078125,-0.39874267578125,0.91656494140625,-0.00390625,-0.001953125,-0.001953125,0.57421875,-0.23046875,9.46484375
978,604000000,imu2_frame,-0.0201416015625,-0.0225830078125,-0.39874267578125,0.91656494140625,-0.001953125,0.0,0.0,0.57421875,-0.23046875,9.46484375
978,624000000,imu2_frame,-0.0201416015625,-0.0225830078125,-0.39874267578125,0.91656494140625,0.00390625,0.0,0.001953125,0.57421875,-0.23046875,9.46484375
978,644000000,imu2_frame,-0.0201416015625,-0.0225830078125,-0.39874267578125,0.91656494140625,0.00390625,0.0,0.001953125,0.57421875,-0.23046875,9.46484375
978,664000000,imu2_frame,-0.0201416015625,-0.0225830078125,-0.39874267578125,0.91656494140625,0.001953125,0.0,-0.001953125,0.57421875,-0.23046875,9.46484375
978,684000000,imu2_frame,-0.0201416015625,-0.0225830078125,-0.39874267578125,0.91656494140625,-0.001953125,0.0,-0.001953125,0.57421875,-0.23046875,9.46484375
978,704000000,imu2_frame,-0.0201416015625,-0.0225830078125,-0.39874267578125,0.91656494140625,0.00390625,0.0,0.0,0.57421875,-0.23046875,9.46484375
978,724000000,imu2_frame,-0.0201416015625,-0.0225830078125,-0.39874267578125,0.91656494140625,0.00390625,0.0,0.0,0.57421875,-0.23046875,9.46484375
978,744000000,imu2_frame,-0.0201416015625,-0.0225830078125,-0.39874267578125,0.91656494140625,0.001953125,-0.001953125,-0.001953125,0.57421875,-0.23046875,9.46484375
978,764000000,imu2_frame,-0.0201416015625,-0.0225830078125,-0.39874267578125,0.91656494140625,0.0,-0.001953125,0.001953125,0.57421875,-0.23046875,9.46484375
978,784000000,imu2_frame,-0.0201416015625,-0.0225830078125,-0.39874267578125,0.91656494140625,0.001953125,-0.001953125,0.0,0.57421875,-0.23046875,9.46484375
978,804000000,imu2_frame,-0.0201416015625,-0.0225830078125,-0.39874267578125,0.91656494140625,0.001953125,-0.001953125,0.0,0.57421875,-0.23046875,9.46484375
978,824000000,imu2_frame,-0.0201416015625,-0.0225830078125,-0.39874267578125,0.91656494140625,0.001953125,0.001953125,0.0,0.57421875,-0.23046875,9.46484375
978,844000000,imu2_frame,-0.0201416015625,-0.0225830078125,-0.39874267578125,0.91656494140625,-0.001953125,0.0,0.0,0.57421875,-0.23046875,9.46484375
978,864000000,imu2_frame,-0.0201416015625,-0.0225830078125,-0.39874267578125,0.91656494140625,0.0,-0.001953125,0.0,0.57421875,-0.23046875,9.46484375
978,884000000,imu2_frame,-0.0201416015625,-0.0225830078125,-0.39874267578125,0.91656494140625,0.0,-0.001953125,0.0,0.57421875,-0.23046875,9.46484375
978,904000000,imu2_frame,-0.0201416015625,-0.0225830078125,-0.39874267578125,0.91656494140625,0.00390625,0.0,0.0,0.57421875,-0.23046875,9.46484375
978,924000000,imu2_frame,-0.0201416015625,-0.0225830078125,-0.39874267578125,0.91656494140625,0.0,-0.001953125,0.0,0.57421875,-0.23046875,9.46484375
978,944000000,imu2_frame,-0.0201416015625,-0.0225830078125,-0.39874267578125,0.91656494140625,0.0,-0.001953125,0.0,0.57421875,-0.23046875,9.46484375
978,964000000,imu2_frame,-0.0201416015625,-0.0225830078125,-0.39874267578125,0.91656494140625,0.0,-0.001953125,0.0,0.57421875,-0.23046875,9.46484375
978,984000000,imu2_frame,-0.0201416015625,-0.0225830078125,-0.39874267578125,0.91656494140625,0.0,0.0,0.0,0.57421875,-0.23046875,9.46484375
979,4000000,imu2_frame,-0.0201416015625,-0.0225830078125,-0.39874267578125,0.91656494140625,0.0,-0.001953125,-0.001953125,0.57421875,-0.23046875,9.46484375
979,24000000,imu2_frame,-0.0201416015625,-0.0225830078125,-0.39874267578125,0.91656494140625,0.001953125,0.0,0.0,0.57421875,-0.23046875,9.46484375
979,44000000,imu2_frame,-0.0201416015625,-0.0225830078125,-0.39874267578125,0.91656494140625,0.001953125,0.0,0.0,0.57421875,-0.23046875,9.46484375
979,64000000,imu2_frame,-0.0201416015625,-0.0225830078125,-0.39874267578125,0.91656494140625,-0.00390625,-0.00390625,0.0,0.57421875,-0.23046875,9.46484375
979,84000000,imu2_frame,-0.0201416015625,-0.0225830078125,-0.39874267578125,0.91656494140625,0.001953125,0.0,-0.001953125,0.57421875,-0.23046875,9.46484375
979,104000000,imu2_frame,-0.0201416015625,-0.0225830078125,-0.39874267578125,0.91656494140625,0.001953125,0.0,-0.001953125,0.57421875,-0.23046875,9.46484375
979,124000000,imu2_frame,-0.0201416015625,-0.0225830078125,-0.39874267578125,0.91656494140625,0.001953125,0.0,-0.001953125,0.57421875,-0.23046875,9.46484375
979,144000000,imu2_frame,-0.0201416015625,-0.0225830078125,-0.39874267578125,0.91656494140625,0.0,0.0,0.0,0.57421875,-0.23046875,9.46484375
979,164000000,imu2_frame,-0.0201416015625,-0.0225830078125,-0.39874267578125,0.91656494140625,0.0,0.0,-0.001953125,0.57421875,-0.23046875,9.46484375
979,184000000,imu2_frame,-0.0201416015625,-0.0225830078125,-0.39874267578125,0.91656494140625,0.0,0.0,0.0,0.57421875,-0.23046875,9.46484375
979,204000000,imu2_frame,-0.0201416015625,-0.0225830078125,-0.39874267578125,0.91656494140625,0.0,0.0,0.0,0.57421875,-0.23046875,9.46484375
979,224000000,imu2_frame,-0.0201416015625,-0.0225830078125,-0.39874267578125,0.91656494140625,0.0,-0.001953125,0.0,0.57421875,-0.23046875,9.46484375
979,244000000,imu2_frame,-0.0201416015625,-0.0225830078125,-0.39874267578125,0.91656494140625,0.0,0.00390625,0.0,0.57421875,-0.23046875,9.46484375
979,264000000,imu2_frame,-0.0201416015625,-0.0225830078125,-0.39874267578125,0.91656494140625,0.00390625,-0.001953125,0.001953125,0.57421875,-0.23046875,9.46484375
979,284000000,imu2_frame,-0.0201416015625,-0.0225830078125,-0.39874267578125,0.91656494140625,0.00390625,-0.001953125,0.001953125,0.57421875,-0.23046875,9.46484375
979,304000000,imu2_frame,-0.0201416015625,-0.0225830078125,-0.39874267578125,0.91656494140625,0.001953125,0.001953125,0.0,0.57421875,-0.23046875,9.46484375
979,324000000,imu2_frame,-0.0201416015625,-0.0225830078125,-0.39874267578125,0.91656494140625,0.0,0.0,0.0,0.57421875,-0.23046875,9.46484375
979,344000000,imu2_frame,-0.0201416015625,-0.0225830078125,-0.39874267578125,0.91656494140625,0.00390625,0.0,0.001953125,0.57421875,-0.23046875,9.46484375
979,364000000,imu2_frame,-0.0201416015625,-0.0225830078125,-0.39874267578125,0.91656494140625,0.00390625,0.0,0.001953125,0.57421875,-0.23046875,9.46484375
979,384000000,imu2_frame,-0.0201416015625,-0.0225830078125,-0.39874267578125,0.91656494140625,0.001953125,0.0,0.0,0.57421875,-0.23046875,9.46484375
979,404000000,imu2_frame,-0.0201416015625,-0.0225830078125,-0.39874267578125,0.91656494140625,0.001953125,0.001953125,0.001953125,0.57421875,-0.23046875,9.46484375
979,424000000,imu2_frame,-0.0201416015625,-0.0225830078125,-0.39874267578125,0.91656494140625,0.0,0.0,0.0,0.57421875,-0.23046875,9.46484375
979,444000000,imu2_frame,-0.0201416015625,-0.0225830078125,-0.39874267578125,0.91656494140625,0.0,0.0,0.0,0.57421875,-0.23046875,9.421875
979,464000000,imu2_frame,-0.0201416015625,-0.0225830078125,-0.39874267578125,0.91656494140625,0.0,0.0,0.0,0.57421875,-0.23046875,9.421875
979,484000000,imu2_frame,-0.0201416015625,-0.0225830078125,-0.39874267578125,0.91656494140625,0.0,0.0,0.0,0.57421875,-0.23046875,9.421875
979,504000000,imu2_frame,-0.0201416015625,-0.0225830078125,-0.39874267578125,0.91656494140625,0.0,0.0,0.0,0.57421875,-0.23046875,9.421875
979,524000000,imu2_frame,-0.0201416015625,-0.0225830078125,-0.39874267578125,0.91656494140625,0.0,0.0,0.0,0.57421875,-0.23046875,9.46484375
979,544000000,imu2_frame,-0.0201416015625,-0.0225830078125,-0.39874267578125,0.91656494140625,0.0,0.0,0.0,0.57421875,-0.23046875,9.46484375
979,564000000,imu2_frame,-0.0201416015625,-0.0225830078125,-0.39874267578125,0.91656494140625,0.0,0.0,0.0,0.57421875,-0.23046875,9.46484375
979,584000000,imu2_frame,-0.0201416015625,-0.0225830078125,-0.39874267578125,0.91656494140625,0.0,0.0,0.0,0.57421875,-0.23046875,9.46484375
979,604000000,imu2_frame,-0.0201416015625,-0.0225830078125,-0.39874267578125,0.91656494140625,0.0,0.0,0.0,0.53515625,-0.23046875,9.4609375
979,624000000,imu2_frame,-0.0201416015625,-0.0225830078125,-0.39874267578125,0.91656494140625,0.0,0.0,0.0,0.53515625,-0.23046875,9.4609375
979,644000000,imu2_frame,-0.0201416015625,-0.0225830078125,-0.39874267578125,0.91656494140625,0.0,0.0,0.0,0.53515625,-0.23046875,9.4609375
979,664000000,imu2_frame,-0.0201416015625,-0.0225830078125,-0.39874267578125,0.91656494140625,0.0,0.0,0.0,0.53515625,-0.23046875,9.4609375
979,684000000,imu2_frame,-0.0201416015625,-0.0225830078125,-0.39874267578125,0.91656494140625,0.0,0.0,0.0,0.53515625,-0.23046875,9.4609375
979,704000000,imu2_frame,-0.0201416015625,-0.0225830078125,-0.39874267578125,0.91656494140625,0.001953125,0.001953125,-0.0078125,0.53515625,-0.23046875,9.4609375
979,724000000,imu2_frame,-0.0201416015625,-0.0225830078125,-0.39874267578125,0.91656494140625,-0.00390625,-0.001953125,-0.005859375,0.53515625,-0.23046875,9.4609375
979,744000000,imu2_frame,-0.0201416015625,-0.0225830078125,-0.39874267578125,0.91656494140625,0.001953125,-0.001953125,0.0,0.53515625,-0.23046875,9.4609375
979,764000000,imu2_frame,-0.0201416015625,-0.0225830078125,-0.39874267578125,0.91656494140625,0.001953125,-0.001953125,0.0,0.57421875,-0.26953125,9.4609375
979,784000000,imu2_frame,-0.0201416015625,-0.0225830078125,-0.39874267578125,0.91656494140625,0.001953125,0.0,0.001953125,0.57421875,-0.26953125,9.4609375
979,804000000,imu2_frame,-0.0201416015625,-0.0225830078125,-0.39874267578125,0.91656494140625,-0.001953125,0.0,0.0,0.57421875,-0.26953125,9.4609375
979,824000000,imu2_frame,-0.0201416015625,-0.0225830078125,-0.39874267578125,0.91656494140625,0.0,-0.001953125,0.001953125,0.57421875,-0.26953125,9.4609375
979,844000000,imu2_frame,-0.0201416015625,-0.0225830078125,-0.39874267578125,0.91656494140625,0.0,-0.001953125,0.001953125,0.57421875,-0.23046875,9.46484375
979,864000000,imu2_frame,-0.0201416015625,-0.0225830078125,-0.39874267578125,0.91656494140625,0.001953125,0.0,0.0,0.57421875,-0.23046875,9.46484375
979,884000000,imu2_frame,-0.0201416015625,-0.0225830078125,-0.39874267578125,0.91656494140625,-0.001953125,0.0,0.0,0.57421875,-0.23046875,9.46484375
979,904000000,imu2_frame,-0.0201416015625,-0.0225830078125,-0.39874267578125,0.91656494140625,0.001953125,0.0,-0.001953125,0.57421875,-0.23046875,9.46484375
979,924000000,imu2_frame,-0.0201416015625,-0.0225830078125,-0.39874267578125,0.91656494140625,0.001953125,0.0,-0.001953125,0.57421875,-0.23046875,9.46484375
979,944000000,imu2_frame,-0.0201416015625,-0.0225830078125,-0.39874267578125,0.91656494140625,0.001953125,0.0,0.001953125,0.57421875,-0.23046875,9.46484375
979,964000000,imu2_frame,-0.0201416015625,-0.0225830078125,-0.39874267578125,0.91656494140625,0.0,0.0,0.0,0.57421875,-0.23046875,9.46484375
979,984000000,imu2_frame,-0.0201416015625,-0.0225830078125,-0.39874267578125,0.91656494140625,0.0,-0.001953125,0.0,0.57421875,-0.23046875,9.46484375
980,4000000,imu2_frame,-0.0201416015625,-0.0225830078125,-0.39874267578125,0.91656494140625,0.0,-0.001953125,0.0,0.57421875,-0.23046875,9.46484375
980,24000000,imu2_frame,-0.0201416015625,-0.0225830078125,-0.39874267578125,0.91656494140625,-0.001953125,-0.001953125,-0.009765625,0.57421875,-0.23046875,9.46484375
980,44000000,imu2_frame,-0.0201416015625,-0.0225830078125,-0.39874267578125,0.91656494140625,0.0,0.001953125,-0.005859375,0.57421875,-0.23046875,9.46484375
980,64000000,imu2_frame,-0.0201416015625,-0.0225830078125,-0.39874267578125,0.91656494140625,-0.00390625,0.0,-0.001953125,0.57421875,-0.23046875,9.46484375
980,84000000,imu2_frame,-0.0201416015625,-0.0225830078125,-0.39874267578125,0.91656494140625,-0.00390625,0.0,-0.001953125,0.57421875,-0.23046875,9.46484375
980,104000000,imu2_frame,-0.0201416015625,-0.0225830078125,-0.39874267578125,0.91656494140625,0.0,-0.001953125,0.0,0.57421875,-0.23046875,9.46484375
980,124000000,imu2_frame,-0.0201416015625,-0.0225830078125,-0.39874267578125,0.91656494140625,0.0,0.0,0.0,0.57421875,-0.23046875,9.46484375
980,144000000,imu2_frame,-0.0201416015625,-0.0225830078125,-0.39874267578125,0.91656494140625,0.001953125,0.0,-0.001953125,0.57421875,-0.23046875,9.46484375
980,164000000,imu2_frame,-0.0201416015625,-0.0225830078125,-0.39874267578125,0.91656494140625,0.001953125,0.0,-0.001953125,0.57421875,-0.23046875,9.46484375
980,184000000,imu2_frame,-0.0201416015625,-0.0225830078125,-0.39874267578125,0.91656494140625,0.0,0.0,-0.001953125,0.57421875,-0.23046875,9.46484375
980,204000000,imu2_frame,-0.0201416015625,-0.0225830078125,-0.39874267578125,0.91656494140625,0.001953125,0.0,0.0,0.57421875,-0.23046875,9.46484375
980,224000000,imu2_frame,-0.0201416015625,-0.0225830078125,-0.39874267578125,0.91656494140625,0.0,0.0,0.0,0.57421875,-0.23046875,9.46484375
980,244000000,imu2_frame,-0.0201416015625,-0.0225830078125,-0.39874267578125,0.91656494140625,0.0,0.0,0.0,0.57421875,-0.23046875,9.46484375
980,264000000,imu2_frame,-0.0201416015625,-0.0225830078125,-0.39874267578125,0.91656494140625,0.0,0.001953125,-0.00390625,0.57421875,-0.23046875,9.46484375
980,284000000,imu2_frame,-0.0201416015625,-0.0225830078125,-0.39874267578125,0.91656494140625,0.001953125,0.0,-0.001953125,0.57421875,-0.23046875,9.46484375
980,304000000,imu2_frame,-0.0201416015625,-0.0225830078125,-0.39874267578125,0.91656494140625,0.0,-0.001953125,-0.001953125,0.57421875,-0.23046875,9.46484375
980,324000000,imu2_frame,-0.0201416015625,-0.0225830078125,-0.39874267578125,0.91656494140625,0.0,-0.001953125,-0.001953125,0.57421875,-0.23046875,9.46484375
980,344000000,imu2_frame,-0.0201416015625,-0.0225830078125,-0.39874267578125,0.91656494140625,-0.001953125,0.0,0.0,0.57421875,-0.23046875,9.46484375
980,364000000,imu2_frame,-0.0201416015625,-0.0225830078125,-0.39874267578125,0.91656494140625,0.0,0.0,0.0,0.57421875,-0.23046875,9.46484375
980,384000000,imu2_frame,-0.0201416015625,-0.0225830078125,-0.39874267578125,0.91656494140625,0.0,-0.001953125,-0.001953125,0.57421875,-0.23046875,9.46484375
980,404000000,imu2_frame,-0.0201416015625,-0.0225830078125,-0.39874267578125,0.91656494140625,0.0,-0.001953125,-0.001953125,0.57421875,-0.23046875,9.46484375
980,424000000,imu2_frame,-0.0201416015625,-0.0225830078125,-0.39874267578125,0.91656494140625,-0.001953125,0.0,-0.009765625,0.57421875,-0.23046875,9.46484375
980,444000000,imu2_frame,-0.0201416015625,-0.0225830078125,-0.39874267578125,0.91656494140625,-0.005859375,-0.001953125,-0.01953125,0.57421875,-0.23046875,9.46484375
980,464000000,imu2_frame,-0.0201416015625,-0.0225830078125,-0.39874267578125,0.91656494140625,0.001953125,-0.001953125,-0.01953125,0.57421875,-0.23046875,9.46484375
980,484000000,imu2_frame,-0.0201416015625,-0.0225830078125,-0.39874267578125,0.91656494140625,0.001953125,-0.001953125,-0.01953125,0.57421875,-0.23046875,9.46484375
980,504000000,imu2_frame,-0.0201416015625,-0.0225830078125,-0.39874267578125,0.91656494140625,0.001953125,-0.001953125,-0.017578125,0.57421875,-0.23046875,9.46484375
980,524000000,imu2_frame,-0.0201416015625,-0.0225830078125,-0.39874267578125,0.91656494140625,0.0,0.0,-0.013671875,0.57421875,-0.23046875,9.46484375
980,544000000,imu2_frame,-0.0201416015625,-0.0225830078125,-0.39874267578125,0.91656494140625,0.0,-0.001953125,-0.013671875,0.57421875,-0.23046875,9.46484375
980,564000000,imu2_frame,-0.0201416015625,-0.0225830078125,-0.39874267578125,0.91656494140625,0.0,-0.001953125,-0.013671875,0.57421875,-0.23046875,9.421875
980,584000000,imu2_frame,-0.0201416015625,-0.0225830078125,-0.39874267578125,0.91656494140625,0.013671875,-0.0078125,-0.4296875,0.57421875,-0.23046875,9.421875
980,604000000,imu2_frame,-0.0201416015625,-0.0225830078125,-0.39874267578125,0.91656494140625,0.001953125,-0.001953125,-0.072265625,0.57421875,-0.23046875,9.421875
980,624000000,imu2_frame,-0.0201416015625,-0.0225830078125,-0.39874267578125,0.91656494140625,0.001953125,0.001953125,-0.021484375,0.57421875,-0.23046875,9.421875
980,644000000,imu2_frame,-0.0201416015625,-0.0225830078125,-0.39874267578125,0.91656494140625,0.001953125,0.001953125,-0.021484375,0.53515625,-0.23046875,9.4609375
980,664000000,imu2_frame,-0.0201416015625,-0.0225830078125,-0.39874267578125,0.91656494140625,0.00390625,0.0,0.0,0.53515625,-0.23046875,9.4609375
980,684000000,imu2_frame,-0.0201416015625,-0.0225830078125,-0.39874267578125,0.91656494140625,0.0,0.0,0.0,0.53515625,-0.23046875,9.4609375
980,704000000,imu2_frame,-0.0201416015625,-0.0225830078125,-0.39874267578125,0.91656494140625,0.0,0.0,0.0,0.53515625,-0.23046875,9.4609375
980,724000000,imu2_frame,-0.0201416015625,-0.0225830078125,-0.39874267578125,0.91656494140625,0.0,0.0,0.0,0.53515625,-0.26953125,9.46484375
980,744000000,imu2_frame,-0.0201416015625,-0.0225830078125,-0.39874267578125,0.91656494140625,0.001953125,0.0,0.001953125,0.53515625,-0.26953125,9.46484375
980,764000000,imu2_frame,-0.0201416015625,-0.0225830078125,-0.39874267578125,0.91656494140625,0.001953125,0.0,0.001953125,0.53515625,-0.26953125,9.46484375
980,784000000,imu2_frame,-0.0201416015625,-0.0225830078125,-0.39874267578125,0.91656494140625,-0.00390625,0.0,-0.001953125,0.53515625,-0.26953125,9.46484375
980,804000000,imu2_frame,-0.0201416015625,-0.0225830078125,-0.39874267578125,0.91656494140625,-0.00390625,0.0,-0.001953125,0.53515625,-0.23046875,9.4609375
980,824000000,imu2_frame,-0.0201416015625,-0.0225830078125,-0.39874267578125,0.91656494140625,0.0,0.001953125,-0.001953125,0.53515625,-0.23046875,9.4609375
980,844000000,imu2_frame,-0.0201416015625,-0.0225830078125,-0.39874267578125,0.91656494140625,0.001953125,-0.001953125,0.0,0.53515625,-0.23046875,9.4609375
980,864000000,imu2_frame,-0.0201416015625,-0.0225830078125,-0.39874267578125,0.91656494140625,0.001953125,0.0,-0.001953125,0.53515625,-0.23046875,9.4609375
980,884000000,imu2_frame,-0.0201416015625,-0.0225830078125,-0.39874267578125,0.91656494140625,0.001953125,0.0,-0.001953125,0.53515625,-0.23046875,9.4609375
980,904000000,imu2_frame,-0.0201416015625,-0.0225830078125,-0.39874267578125,0.91656494140625,-0.001953125,0.0,-0.005859375,0.53515625,-0.23046875,9.4609375
980,924000000,imu2_frame,-0.0201416015625,-0.0225830078125,-0.39874267578125,0.91656494140625,0.001953125,0.0,-0.001953125,0.53515625,-0.23046875,9.4609375
980,944000000,imu2_frame,-0.0201416015625,-0.0225830078125,-0.39874267578125,0.91656494140625,-0.001953125,-0.001953125,-0.00390625,0.53515625,-0.23046875,9.4609375
980,964000000,imu2_frame,-0.0201416015625,-0.0225830078125,-0.39874267578125,0.91656494140625,-0.001953125,-0.001953125,-0.00390625,0.53515625,-0.26953125,9.46484375
980,984000000,imu2_frame,-0.0201416015625,-0.0225830078125,-0.39874267578125,0.91656494140625,0.001953125,0.0,-0.001953125,0.53515625,-0.26953125,9.46484375
981,4000000,imu2_frame,-0.0201416015625,-0.0225830078125,-0.39874267578125,0.91656494140625,-0.001953125,0.0,0.001953125,0.53515625,-0.26953125,9.46484375
981,24000000,imu2_frame,-0.0201416015625,-0.0225830078125,-0.39874267578125,0.91656494140625,0.0,-0.001953125,-0.001953125,0.53515625,-0.26953125,9.46484375
981,44000000,imu2_frame,-0.0201416015625,-0.0225830078125,-0.39874267578125,0.91656494140625,0.0,-0.001953125,-0.001953125,0.53515625,-0.23046875,9.4609375
981,64000000,imu2_frame,-0.0201416015625,-0.0225830078125,-0.39874267578125,0.91656494140625,0.0,0.0,0.0,0.53515625,-0.23046875,9.4609375
981,84000000,imu2_frame,-0.0201416015625,-0.0225830078125,-0.39874267578125,0.91656494140625,0.001953125,-0.001953125,-0.00390625,0.53515625,-0.23046875,9.4609375
981,104000000,imu2_frame,-0.0201416015625,-0.0225830078125,-0.39874267578125,0.91656494140625,0.0,0.0,-0.001953125,0.53515625,-0.23046875,9.4609375
981,124000000,imu2_frame,-0.0201416015625,-0.0225830078125,-0.39874267578125,0.91656494140625,0.0,0.0,-0.001953125,0.53515625,-0.23046875,9.4609375
981,145000000,imu2_frame,-0.0201416015625,-0.0225830078125,-0.39874267578125,0.91656494140625,0.0,0.0,0.0,0.53515625,-0.23046875,9.4609375
981,164000000,imu2_frame,-0.0201416015625,-0.0225830078125,-0.39874267578125,0.91656494140625,0.0,0.0,-0.001953125,0.53515625,-0.23046875,9.4609375
981,184000000,imu2_frame,-0.0201416015625,-0.0225830078125,-0.39874267578125,0.91656494140625,0.001953125,0.0,0.001953125,0.53515625,-0.23046875,9.4609375
981,204000000,imu2_frame,-0.0201416015625,-0.0225830078125,-0.39874267578125,0.91656494140625,0.001953125,0.0,0.001953125,0.53515625,-0.23046875,9.4609375
981,224000000,imu2_frame,-0.0201416015625,-0.0225830078125,-0.39874267578125,0.91656494140625,0.0,0.0,0.0,0.53515625,-0.23046875,9.4609375
981,244000000,imu2_frame,-0.0201416015625,-0.0225830078125,-0.39874267578125,0.91656494140625,0.001953125,0.0,0.0,0.53515625,-0.23046875,9.4609375
981,264000000,imu2_frame,-0.0201416015625,-0.0225830078125,-0.39874267578125,0.91656494140625,-0.00390625,0.0,-0.00390625,0.53515625,-0.23046875,9.4609375
981,284000000,imu2_frame,-0.0201416015625,-0.0225830078125,-0.39874267578125,0.91656494140625,-0.00390625,0.0,-0.00390625,0.53515625,-0.23046875,9.4609375
981,304000000,imu2_frame,-0.0201416015625,-0.0225830078125,-0.39874267578125,0.91656494140625,0.001953125,-0.001953125,-0.001953125,0.53515625,-0.23046875,9.4609375
981,324000000,imu2_frame,-0.0201416015625,-0.0225830078125,-0.39874267578125,0.91656494140625,0.001953125,0.0,-0.001953125,0.53515625,-0.23046875,9.4609375
981,344000000,imu2_frame,-0.0201416015625,-0.0225830078125,-0.39874267578125,0.91656494140625,-0.00390625,0.0,-0.001953125,0.53515625,-0.23046875,9.4609375
981,364000000,imu2_frame,-0.0201416015625,-0.0225830078125,-0.39874267578125,0.91656494140625,-0.00390625,0.0,-0.001953125,0.53515625,-0.23046875,9.4609375
981,384000000,imu2_frame,-0.0201416015625,-0.0225830078125,-0.39874267578125,0.91656494140625,0.0,-0.001953125,0.0,0.53515625,-0.23046875,9.4609375
981,404000000,imu2_frame,-0.0201416015625,-0.0225830078125,-0.39874267578125,0.91656494140625,-0.00390625,0.0,-0.001953125,0.53515625,-0.23046875,9.4609375
981,424000000,imu2_frame,-0.0201416015625,-0.0225830078125,-0.39874267578125,0.91656494140625,0.001953125,0.0,0.0,0.53515625,-0.23046875,9.4609375
981,444000000,imu2_frame,-0.0201416015625,-0.0225830078125,-0.39874267578125,0.91656494140625,0.001953125,0.0,0.0,0.53515625,-0.23046875,9.4609375
981,464000000,imu2_frame,-0.0201416015625,-0.0225830078125,-0.39874267578125,0.91656494140625,0.00390625,-0.001953125,0.0,0.53515625,-0.23046875,9.4609375
981,484000000,imu2_frame,-0.0201416015625,-0.0225830078125,-0.39874267578125,0.91656494140625,0.00390625,0.0,0.00390625,0.53515625,-0.23046875,9.4609375
981,504000000,imu2_frame,-0.0201416015625,-0.0225830078125,-0.39874267578125,0.91656494140625,0.001953125,0.0,0.001953125,0.53515625,-0.23046875,9.4609375
981,524000000,imu2_frame,-0.0201416015625,-0.0225830078125,-0.39874267578125,0.91656494140625,0.001953125,0.0,0.001953125,0.49609375,-0.23046875,9.4609375
981,544000000,imu2_frame,-0.0201416015625,-0.0225830078125,-0.39874267578125,0.91656494140625,0.00390625,0.001953125,0.005859375,0.49609375,-0.23046875,9.4609375
981,564000000,imu2_frame,-0.0201416015625,-0.0225830078125,-0.39874267578125,0.91656494140625,0.00390625,0.0,0.009765625,0.49609375,-0.23046875,9.4609375
981,584000000,imu2_frame,-0.0201416015625,-0.0225830078125,-0.39874267578125,0.91656494140625,0.00390625,-0.001953125,0.009765625,0.49609375,-0.23046875,9.4609375
